n,i,h,w,h_minus_w
100,0,1.200000000000000e-01,3.100247203895434e-02,8.899752796104565e-02
100,1,-8.000000000000000e-02,-1.615276136886683e-02,-6.384723863113317e-02
100,2,5.500000000000000e-02,1.510908831279449e-02,3.989091168720552e-02
100,3,4.000000000000000e-02,9.742812714321432e-03,3.025718728567857e-02
100,4,-3.000000000000000e-02,-4.059223326270205e-03,-2.594077667372979e-02
100,5,2.500000000000000e-02,4.244085719679025e-03,2.075591428032098e-02
100,6,2.000000000000000e-02,5.837550938570511e-03,1.416244906142949e-02
100,7,-1.800000000000000e-02,-3.160374944700461e-03,-1.483962505529954e-02
100,8,1.500000000000000e-02,2.741315467351371e-03,1.225868453264863e-02
100,9,1.200000000000000e-02,2.520175450710749e-03,9.479824549289251e-03
100,10,-1.000000000000000e-02,-2.706252362756722e-03,-7.293747637243278e-03
100,11,8.999999999999999e-03,7.397956962625567e-04,8.260204303737443e-03
100,12,8.000000000000000e-03,3.508473987109730e-03,4.491526012890270e-03
100,13,-7.000000000000000e-03,-5.765363398151829e-03,-1.234636601848171e-03
100,14,6.000000000000000e-03,1.961904720929179e-03,4.038095279070820e-03
100,15,5.000000000000000e-03,3.700210798359498e-03,1.299789201640502e-03
100,16,-4.000000000000000e-03,-5.782653103446518e-03,1.782653103446518e-03
100,17,3.500000000000000e-03,3.215242831178261e-03,2.847571688217388e-04
100,18,3.000000000000000e-03,-1.762604232609471e-03,4.762604232609471e-03
100,19,-2.500000000000000e-03,-4.805844178654380e-03,2.305844178654380e-03
100,20,2.000000000000000e-03,1.354584677634413e-03,6.454153223655868e-04
100,21,1.800000000000000e-03,-3.358743368057679e-03,5.158743368057679e-03
100,22,-1.500000000000000e-03,6.320373974692713e-04,-2.132037397469271e-03
100,23,1.200000000000000e-03,-2.612498657620414e-03,3.812498657620414e-03
100,24,1.000000000000000e-03,8.435971498194658e-04,1.564028501805342e-04
100,25,-8.000000000000000e-04,-2.610870824511921e-03,1.810870824511921e-03
100,26,5.999999999999999e-04,-5.864923544068403e-04,1.186492354406840e-03
100,27,5.000000000000000e-04,-2.531482451508779e-03,3.031482451508779e-03
100,28,-4.000000000000000e-04,-1.551800854755619e-03,1.151800854755619e-03
100,29,3.000000000000000e-04,-2.159284581651676e-04,5.159284581651676e-04
200,0,1.200000000000000e-01,5.839678980753650e-02,6.160321019246350e-02
200,1,-8.000000000000000e-02,-4.044574386542794e-02,-3.955425613457206e-02
200,2,5.500000000000000e-02,2.585902981779365e-02,2.914097018220635e-02
200,3,4.000000000000000e-02,1.898192305388320e-02,2.101807694611680e-02
200,4,-3.000000000000000e-02,-1.701734504876538e-02,-1.298265495123462e-02
200,5,2.500000000000000e-02,1.137092635643640e-02,1.362907364356360e-02
200,6,2.000000000000000e-02,9.191271014855909e-03,1.080872898514409e-02
200,7,-1.800000000000000e-02,-1.032321806637980e-02,-7.676781933620201e-03
200,8,1.500000000000000e-02,8.486391548102051e-03,6.513608451897948e-03
200,9,1.200000000000000e-02,7.175179956437132e-03,4.824820043562868e-03
200,10,-1.000000000000000e-02,-9.292869723186398e-03,-7.071302768136018e-04
200,11,8.999999999999999e-03,3.195950671788489e-03,5.804049328211510e-03
200,12,8.000000000000000e-03,6.533570556331028e-03,1.466429443668972e-03
200,13,-7.000000000000000e-03,-7.262168085478859e-03,2.621680854788585e-04
200,14,6.000000000000000e-03,3.018624201277069e-03,2.981375798722931e-03
200,15,5.000000000000000e-03,3.666200114485313e-03,1.333799885514687e-03
200,16,-4.000000000000000e-03,-4.038092605416039e-03,3.809260541603847e-05
200,17,3.500000000000000e-03,2.101446079802509e-03,1.398553920197491e-03
200,18,3.000000000000000e-03,-5.125863778233451e-04,3.512586377823345e-03
200,19,-2.500000000000000e-03,-5.966554597902579e-03,3.466554597902579e-03
200,20,2.000000000000000e-03,-2.362668276778594e-04,2.236266827677860e-03
200,21,1.800000000000000e-03,2.317618354027958e-03,-5.176183540279581e-04
200,22,-1.500000000000000e-03,-3.033962997452732e-03,1.533962997452732e-03
200,23,1.200000000000000e-03,-4.007654248118169e-03,5.207654248118168e-03
200,24,1.000000000000000e-03,4.327788526545938e-03,-3.327788526545938e-03
200,25,-8.000000000000000e-04,-3.279259515844932e-03,2.479259515844932e-03
200,26,5.999999999999999e-04,-3.696963935927655e-03,4.296963935927655e-03
200,27,5.000000000000000e-04,2.756819520978573e-03,-2.256819520978573e-03
200,28,-4.000000000000000e-04,-3.943964267495753e-03,3.543964267495753e-03
200,29,3.000000000000000e-04,-4.299639181393404e-04,7.299639181393403e-04
300,0,1.200000000000000e-01,7.464568754709215e-02,4.535431245290784e-02
300,1,-8.000000000000000e-02,-5.188151982550093e-02,-2.811848017449908e-02
300,2,5.500000000000000e-02,3.282076050203050e-02,2.217923949796950e-02
300,3,4.000000000000000e-02,2.263503688620108e-02,1.736496311379892e-02
300,4,-3.000000000000000e-02,-2.139234594605582e-02,-8.607654053944175e-03
300,5,2.500000000000000e-02,1.507673819497456e-02,9.923261805025441e-03
300,6,2.000000000000000e-02,1.234757485876590e-02,7.652425141234103e-03
300,7,-1.800000000000000e-02,-1.233290378616356e-02,-5.667096213836443e-03
300,8,1.500000000000000e-02,8.223685355453002e-03,6.776314644546998e-03
300,9,1.200000000000000e-02,8.734693089068549e-03,3.265306910931451e-03
300,10,-1.000000000000000e-02,-1.141704971301336e-02,1.417049713013360e-03
300,11,8.999999999999999e-03,5.780578930550538e-03,3.219421069449461e-03
300,12,8.000000000000000e-03,6.285015170902129e-03,1.714984829097871e-03
300,13,-7.000000000000000e-03,-5.218189531361292e-03,-1.781810468638709e-03
300,14,6.000000000000000e-03,2.907319860082923e-04,5.709268013991708e-03
300,15,5.000000000000000e-03,5.635517825846797e-03,-6.355178258467967e-04
300,16,-4.000000000000000e-03,-6.408067518585726e-03,2.408067518585725e-03
300,17,3.500000000000000e-03,2.373517913791920e-03,1.126482086208080e-03
300,18,3.000000000000000e-03,-7.089731310796675e-04,3.708973131079667e-03
300,19,-2.500000000000000e-03,-3.073754253446475e-03,5.737542534464748e-04
300,20,2.000000000000000e-03,-2.280935183013633e-03,4.280935183013633e-03
300,21,1.800000000000000e-03,3.907716120188630e-03,-2.107716120188630e-03
300,22,-1.500000000000000e-03,-3.760248286687934e-03,2.260248286687934e-03
300,23,1.200000000000000e-03,-2.282643053937196e-03,3.482643053937196e-03
300,24,1.000000000000000e-03,4.154948030400658e-03,-3.154948030400658e-03
300,25,-8.000000000000000e-04,-4.745488443740778e-03,3.945488443740777e-03
300,26,5.999999999999999e-04,-1.380224598504044e-03,1.980224598504044e-03
300,27,5.000000000000000e-04,1.730438798509368e-03,-1.230438798509368e-03
300,28,-4.000000000000000e-04,-2.391274353795220e-03,1.991274353795220e-03
300,29,3.000000000000000e-04,-7.429469951274507e-04,1.042946995127451e-03
400,0,1.200000000000000e-01,8.663333929681888e-02,3.336666070318112e-02
400,1,-8.000000000000000e-02,-5.983107373196300e-02,-2.016892626803700e-02
400,2,5.500000000000000e-02,3.799452467216585e-02,1.700547532783415e-02
400,3,4.000000000000000e-02,2.728365515156310e-02,1.271634484843691e-02
400,4,-3.000000000000000e-02,-2.534842140929692e-02,-4.651578590703080e-03
400,5,2.500000000000000e-02,1.708359830304737e-02,7.916401696952631e-03
400,6,2.000000000000000e-02,1.534529629279563e-02,4.654703707204375e-03
400,7,-1.800000000000000e-02,-1.755449465498619e-02,-4.455053450138045e-04
400,8,1.500000000000000e-02,1.059330897946109e-02,4.406691020538905e-03
400,9,1.200000000000000e-02,1.005851197340981e-02,1.941488026590192e-03
400,10,-1.000000000000000e-02,-1.464784126547136e-02,4.647841265471363e-03
400,11,8.999999999999999e-03,7.930569711657853e-03,1.069430288342147e-03
400,12,8.000000000000000e-03,4.399442142208560e-03,3.600557857791440e-03
400,13,-7.000000000000000e-03,-6.172135251779112e-03,-8.278647482208882e-04
400,14,6.000000000000000e-03,3.373919387615041e-04,5.662608061238496e-03
400,15,5.000000000000000e-03,4.776035102011006e-03,2.239648979889940e-04
400,16,-4.000000000000000e-03,-6.188927886851672e-03,2.188927886851672e-03
400,17,3.500000000000000e-03,1.445725789199212e-03,2.054274210800788e-03
400,18,3.000000000000000e-03,-9.847109981207676e-04,3.984710998120767e-03
400,19,-2.500000000000000e-03,-2.045198093971670e-03,-4.548019060283300e-04
400,20,2.000000000000000e-03,-7.034099236383087e-04,2.703409923638309e-03
400,21,1.800000000000000e-03,1.647689386964402e-03,1.523106130355977e-04
400,22,-1.500000000000000e-03,-9.175833455214276e-04,-5.824166544785725e-04
400,23,1.200000000000000e-03,-4.212326935880215e-03,5.412326935880215e-03
400,24,1.000000000000000e-03,6.050253449634628e-03,-5.050253449634627e-03
400,25,-8.000000000000000e-04,-4.826164620776311e-03,4.026164620776310e-03
400,26,5.999999999999999e-04,-1.835815346254584e-03,2.435815346254584e-03
400,27,5.000000000000000e-04,1.844907149517434e-03,-1.344907149517434e-03
400,28,-4.000000000000000e-04,-2.142183459169917e-03,1.742183459169917e-03
400,29,3.000000000000000e-04,-1.222992042540190e-03,1.522992042540190e-03
500,0,1.200000000000000e-01,9.783479349053543e-02,2.216520650946456e-02
500,1,-8.000000000000000e-02,-6.788077696977941e-02,-1.211922303022059e-02
500,2,5.500000000000000e-02,4.336479632243562e-02,1.163520367756438e-02
500,3,4.000000000000000e-02,3.080336256927587e-02,9.196637430724131e-03
500,4,-3.000000000000000e-02,-2.721588373697107e-02,-2.784116263028932e-03
500,5,2.500000000000000e-02,1.968684278328630e-02,5.313157216713705e-03
500,6,2.000000000000000e-02,1.412295502912562e-02,5.877044970874384e-03
500,7,-1.800000000000000e-02,-1.638399434362154e-02,-1.616005656378462e-03
500,8,1.500000000000000e-02,1.132743700748198e-02,3.672562992518022e-03
500,9,1.200000000000000e-02,8.867749655425975e-03,3.132250344574025e-03
500,10,-1.000000000000000e-02,-1.343043355466969e-02,3.430433554669689e-03
500,11,8.999999999999999e-03,8.217724324787720e-03,7.822756752122791e-04
500,12,8.000000000000000e-03,4.278138038895343e-03,3.721861961104657e-03
500,13,-7.000000000000000e-03,-7.376723524192973e-03,3.767235241929727e-04
500,14,6.000000000000000e-03,1.570532751373970e-03,4.429467248626031e-03
500,15,5.000000000000000e-03,4.833307531800141e-03,1.666924681998586e-04
500,16,-4.000000000000000e-03,-6.790164286745267e-03,2.790164286745267e-03
500,17,3.500000000000000e-03,1.639300201651378e-03,1.860699798348622e-03
500,18,3.000000000000000e-03,1.323906067108865e-03,1.676093932891135e-03
500,19,-2.500000000000000e-03,-4.044924499745263e-03,1.544924499745263e-03
500,20,2.000000000000000e-03,3.969373876464163e-04,1.603062612353584e-03
500,21,1.800000000000000e-03,8.462876735275394e-04,9.537123264724605e-04
500,22,-1.500000000000000e-03,-1.148564999042717e-03,-3.514350009572835e-04
500,23,1.200000000000000e-03,-2.739696273768533e-03,3.939696273768533e-03
500,24,1.000000000000000e-03,3.078501684695402e-03,-2.078501684695402e-03
500,25,-8.000000000000000e-04,-3.880782321913320e-03,3.080782321913320e-03
500,26,5.999999999999999e-04,-1.908255416595885e-03,2.508255416595885e-03
500,27,5.000000000000000e-04,1.825339276946335e-03,-1.325339276946335e-03
500,28,-4.000000000000000e-04,-1.613230307867916e-03,1.213230307867916e-03
500,29,3.000000000000000e-04,-2.093347073682552e-03,2.393347073682552e-03
600,0,1.200000000000000e-01,1.043561142982125e-01,1.564388570178746e-02
600,1,-8.000000000000000e-02,-7.092173168127613e-02,-9.078268318723867e-03
600,2,5.500000000000000e-02,4.702825640921118e-02,7.971743590788817e-03
600,3,4.000000000000000e-02,3.348422934373279e-02,6.515770656267211e-03
600,4,-3.000000000000000e-02,-2.787412194469206e-02,-2.125878055307943e-03
600,5,2.500000000000000e-02,2.165054545356821e-02,3.349454546431790e-03
600,6,2.000000000000000e-02,1.628420034845031e-02,3.715799651549695e-03
600,7,-1.800000000000000e-02,-1.711548901293096e-02,-8.845109870690426e-04
600,8,1.500000000000000e-02,1.422951487796671e-02,7.704851220332910e-04
600,9,1.200000000000000e-02,8.215871902284014e-03,3.784128097715986e-03
600,10,-1.000000000000000e-02,-1.256277997684263e-02,2.562779976842627e-03
600,11,8.999999999999999e-03,8.979642276654667e-03,2.035772334533191e-05
600,12,8.000000000000000e-03,4.599887945488642e-03,3.400112054511358e-03
600,13,-7.000000000000000e-03,-8.775463791972466e-03,1.775463791972466e-03
600,14,6.000000000000000e-03,3.772198604764808e-03,2.227801395235192e-03
600,15,5.000000000000000e-03,3.626505485712837e-03,1.373494514287163e-03
600,16,-4.000000000000000e-03,-6.981209202785308e-03,2.981209202785308e-03
600,17,3.500000000000000e-03,2.566765668709167e-03,9.332343312908327e-04
600,18,3.000000000000000e-03,4.551482897196030e-04,2.544851710280397e-03
600,19,-2.500000000000000e-03,-4.355167853913768e-03,1.855167853913768e-03
600,20,2.000000000000000e-03,3.471246322928231e-04,1.652875367707177e-03
600,21,1.800000000000000e-03,6.404276245623624e-04,1.159572375437638e-03
600,22,-1.500000000000000e-03,-1.688122472807625e-03,1.881224728076249e-04
600,23,1.200000000000000e-03,-1.679219036672490e-03,2.879219036672490e-03
600,24,1.000000000000000e-03,1.512961416690420e-03,-5.129614166904195e-04
600,25,-8.000000000000000e-04,-2.810672755250264e-03,2.010672755250264e-03
600,26,5.999999999999999e-04,-1.830494170760020e-03,2.430494170760020e-03
600,27,5.000000000000000e-04,9.355302470407342e-04,-4.355302470407342e-04
600,28,-4.000000000000000e-04,-2.019499652312466e-03,1.619499652312466e-03
600,29,3.000000000000000e-04,-1.343580004638236e-03,1.643580004638236e-03
700,0,1.200000000000000e-01,1.088622719005973e-01,1.113772809940269e-02
700,1,-8.000000000000000e-02,-7.317824936885284e-02,-6.821750631147164e-03
700,2,5.500000000000000e-02,4.964164112501274e-02,5.358358874987264e-03
700,3,4.000000000000000e-02,3.508176158739464e-02,4.918238412605358e-03
700,4,-3.000000000000000e-02,-2.765395134117608e-02,-2.346048658823915e-03
700,5,2.500000000000000e-02,2.282208782058187e-02,2.177912179418134e-03
700,6,2.000000000000000e-02,1.691593303456989e-02,3.084066965430114e-03
700,7,-1.800000000000000e-02,-1.699801178863272e-02,-1.001988211367277e-03
700,8,1.500000000000000e-02,1.437860688518659e-02,6.213931148134101e-04
700,9,1.200000000000000e-02,9.806496748528081e-03,2.193503251471919e-03
700,10,-1.000000000000000e-02,-1.220721887880062e-02,2.207218878800621e-03
700,11,8.999999999999999e-03,9.596109413392957e-03,-5.961094133929579e-04
700,12,8.000000000000000e-03,5.439700511009412e-03,2.560299488990588e-03
700,13,-7.000000000000000e-03,-9.398270140977152e-03,2.398270140977152e-03
700,14,6.000000000000000e-03,5.374576369994141e-03,6.254236300058591e-04
700,15,5.000000000000000e-03,3.144199374427145e-03,1.855800625572856e-03
700,16,-4.000000000000000e-03,-6.316121296155885e-03,2.316121296155885e-03
700,17,3.500000000000000e-03,2.631756658819333e-03,8.682433411806669e-04
700,18,3.000000000000000e-03,5.636405635403707e-04,2.436359436459629e-03
700,19,-2.500000000000000e-03,-4.225754696669875e-03,1.725754696669874e-03
700,20,2.000000000000000e-03,8.722324751962925e-04,1.127767524803707e-03
700,21,1.800000000000000e-03,8.945824639231029e-04,9.054175360768970e-04
700,22,-1.500000000000000e-03,-2.167271478903179e-03,6.672714789031789e-04
700,23,1.200000000000000e-03,-4.897949596724126e-04,1.689794959672412e-03
700,24,1.000000000000000e-03,1.542058057978158e-03,-5.420580579781583e-04
700,25,-8.000000000000000e-04,-2.290652510318158e-03,1.490652510318158e-03
700,26,5.999999999999999e-04,1.016009854557008e-04,4.983990145442992e-04
700,27,5.000000000000000e-04,1.521682063326975e-04,3.478317936673025e-04
700,28,-4.000000000000000e-04,-1.102430254139755e-03,7.024302541397548e-04
700,29,3.000000000000000e-04,-1.064432193203243e-03,1.364432193203243e-03
800,0,1.200000000000000e-01,1.116820854471811e-01,8.317914552818939e-03
800,1,-8.000000000000000e-02,-7.501315213181334e-02,-4.986847868186664e-03
800,2,5.500000000000000e-02,5.093874060394822e-02,4.061259396051779e-03
800,3,4.000000000000000e-02,3.714227513701553e-02,2.857724862984475e-03
800,4,-3.000000000000000e-02,-2.852841818304689e-02,-1.471581816953109e-03
800,5,2.500000000000000e-02,2.398894753724525e-02,1.011052462754753e-03
800,6,2.000000000000000e-02,1.806228957875413e-02,1.937710421245870e-03
800,7,-1.800000000000000e-02,-1.729497220126968e-02,-7.050277987303184e-04
800,8,1.500000000000000e-02,1.477691789120543e-02,2.230821087945735e-04
800,9,1.200000000000000e-02,1.116076093450744e-02,8.392390654925596e-04
800,10,-1.000000000000000e-02,-1.179532237262865e-02,1.795322372628650e-03
800,11,8.999999999999999e-03,9.982164462188388e-03,-9.821644621883889e-04
800,12,8.000000000000000e-03,6.297175574068594e-03,1.702824425931406e-03
800,13,-7.000000000000000e-03,-8.665959202443591e-03,1.665959202443590e-03
800,14,6.000000000000000e-03,6.425564743599257e-03,-4.255647435992566e-04
800,15,5.000000000000000e-03,3.431575943625494e-03,1.568424056374506e-03
800,16,-4.000000000000000e-03,-4.799306019941913e-03,7.993060199419132e-04
800,17,3.500000000000000e-03,2.822130854402494e-03,6.778691455975056e-04
800,18,3.000000000000000e-03,8.686522948405553e-04,2.131347705159445e-03
800,19,-2.500000000000000e-03,-2.839504076212354e-03,3.395040762123542e-04
800,20,2.000000000000000e-03,1.390052222702435e-03,6.099477772975655e-04
800,21,1.800000000000000e-03,1.281013553967717e-03,5.189864460322829e-04
800,22,-1.500000000000000e-03,-1.875501382121150e-03,3.755013821211501e-04
800,23,1.200000000000000e-03,-1.093599891752965e-04,1.309359989175296e-03
800,24,1.000000000000000e-03,2.208381853049262e-03,-1.208381853049262e-03
800,25,-8.000000000000000e-04,-2.200096908737684e-03,1.400096908737684e-03
800,26,5.999999999999999e-04,8.597354053749791e-05,5.140264594625020e-04
800,27,5.000000000000000e-04,3.185648510018242e-04,1.814351489981758e-04
800,28,-4.000000000000000e-04,-1.464493714788917e-03,1.064493714788917e-03
800,29,3.000000000000000e-04,-1.308912789323434e-03,1.608912789323434e-03
900,0,1.200000000000000e-01,1.137976112092323e-01,6.202388790767677e-03
900,1,-8.000000000000000e-02,-7.604085459489003e-02,-3.959145405109971e-03
900,2,5.500000000000000e-02,5.196614218609080e-02,3.033857813909205e-03
900,3,4.000000000000000e-02,3.788033074759346e-02,2.119669252406538e-03
900,4,-3.000000000000000e-02,-2.838418056418997e-02,-1.615819435810031e-03
900,5,2.500000000000000e-02,2.440364648734783e-02,5.963535126521750e-04
900,6,2.000000000000000e-02,1.890787444422500e-02,1.092125555775002e-03
900,7,-1.800000000000000e-02,-1.724829095303608e-02,-7.517090469639186e-04
900,8,1.500000000000000e-02,1.522238252788498e-02,-2.223825278849789e-04
900,9,1.200000000000000e-02,1.155499801396432e-02,4.450019860356806e-04
900,10,-1.000000000000000e-02,-1.119037653605930e-02,1.190376536059305e-03
900,11,8.999999999999999e-03,1.005135239667471e-02,-1.051352396674707e-03
900,12,8.000000000000000e-03,6.906081305034554e-03,1.093918694965446e-03
900,13,-7.000000000000000e-03,-8.384189769320212e-03,1.384189769320212e-03
900,14,6.000000000000000e-03,7.071203206396474e-03,-1.071203206396473e-03
900,15,5.000000000000000e-03,3.831518771510416e-03,1.168481228489584e-03
900,16,-4.000000000000000e-03,-4.312175746234833e-03,3.121757462348331e-04
900,17,3.500000000000000e-03,3.229166348830539e-03,2.708336511694611e-04
900,18,3.000000000000000e-03,1.683488057159202e-03,1.316511942840799e-03
900,19,-2.500000000000000e-03,-2.569115877321933e-03,6.911587732193322e-05
900,20,2.000000000000000e-03,1.736461461722413e-03,2.635385382775866e-04
900,21,1.800000000000000e-03,1.372005972078815e-03,4.279940279211846e-04
900,22,-1.500000000000000e-03,-1.182409677491100e-03,-3.175903225089000e-04
900,23,1.200000000000000e-03,6.108865466214930e-05,1.138911345337851e-03
900,24,1.000000000000000e-03,2.229251292318029e-03,-1.229251292318029e-03
900,25,-8.000000000000000e-04,-1.618748989762529e-03,8.187489897625288e-04
900,26,5.999999999999999e-04,2.761120067750972e-04,3.238879932249027e-04
900,27,5.000000000000000e-04,2.708545769203360e-04,2.291454230796640e-04
900,28,-4.000000000000000e-04,-9.653834300688428e-04,5.653834300688428e-04
900,29,3.000000000000000e-04,-9.255612584664370e-04,1.225561258466437e-03
1000,0,1.200000000000000e-01,1.156088575449301e-01,4.391142455069871e-03
1000,1,-8.000000000000000e-02,-7.709933346979418e-02,-2.900666530205820e-03
1000,2,5.500000000000000e-02,5.270074971682032e-02,2.299250283179684e-03
1000,3,4.000000000000000e-02,3.847101025824316e-02,1.528989741756845e-03
1000,4,-3.000000000000000e-02,-2.884439192555964e-02,-1.155608074440356e-03
1000,5,2.500000000000000e-02,2.443437566643036e-02,5.656243335696448e-04
1000,6,2.000000000000000e-02,1.912131086153382e-02,8.786891384661780e-04
1000,7,-1.800000000000000e-02,-1.747302762517594e-02,-5.269723748240543e-04
1000,8,1.500000000000000e-02,1.490327097943203e-02,9.672902056797120e-05
1000,9,1.200000000000000e-02,1.182653785502051e-02,1.734621449794860e-04
1000,10,-1.000000000000000e-02,-1.131815497169803e-02,1.318154971698035e-03
1000,11,8.999999999999999e-03,9.817115833932811e-03,-8.171158339328119e-04
1000,12,8.000000000000000e-03,6.949193803067373e-03,1.050806196932627e-03
1000,13,-7.000000000000000e-03,-8.099244840765176e-03,1.099244840765176e-03
1000,14,6.000000000000000e-03,6.905102279359750e-03,-9.051022793597503e-04
1000,15,5.000000000000000e-03,4.044278779664481e-03,9.557212203355194e-04
1000,16,-4.000000000000000e-03,-4.423968437507517e-03,4.239684375075166e-04
1000,17,3.500000000000000e-03,3.357693884487423e-03,1.423061155125774e-04
1000,18,3.000000000000000e-03,1.875868926647371e-03,1.124131073352629e-03
1000,19,-2.500000000000000e-03,-2.633198806113709e-03,1.331988061137085e-04
1000,20,2.000000000000000e-03,1.919917923290492e-03,8.008207670950852e-05
1000,21,1.800000000000000e-03,1.214474019507167e-03,5.855259804928329e-04
1000,22,-1.500000000000000e-03,-9.144883397934632e-04,-5.855116602065368e-04
1000,23,1.200000000000000e-03,6.157043205667898e-05,1.138429567943321e-03
1000,24,1.000000000000000e-03,1.975275539266534e-03,-9.752755392665336e-04
1000,25,-8.000000000000000e-04,-1.384362195840897e-03,5.843621958408965e-04
1000,26,5.999999999999999e-04,4.414326198773524e-05,5.558567380122647e-04
1000,27,5.000000000000000e-04,4.441942198347220e-04,5.580578016527805e-05
1000,28,-4.000000000000000e-04,-7.553276035842724e-04,3.553276035842724e-04
1000,29,3.000000000000000e-04,-7.304441192307269e-04,1.030444119230727e-03
1100,0,1.200000000000000e-01,1.170604304294672e-01,2.939569570532805e-03
1100,1,-8.000000000000000e-02,-7.807478242890004e-02,-1.925217571099966e-03
1100,2,5.500000000000000e-02,5.350131277643123e-02,1.498687223568766e-03
1100,3,4.000000000000000e-02,3.890532706336643e-02,1.094672936633574e-03
1100,4,-3.000000000000000e-02,-2.919451095864143e-02,-8.054890413585689e-04
1100,5,2.500000000000000e-02,2.455702368162119e-02,4.429763183788071e-04
1100,6,2.000000000000000e-02,1.933384928899497e-02,6.661507110050299e-04
1100,7,-1.800000000000000e-02,-1.769733554342941e-02,-3.026644565705880e-04
1100,8,1.500000000000000e-02,1.485384736245479e-02,1.461526375452060e-04
1100,9,1.200000000000000e-02,1.179190467139619e-02,2.080953286038075e-04
1100,10,-1.000000000000000e-02,-1.109557283396029e-02,1.095572833960287e-03
1100,11,8.999999999999999e-03,9.696474992220988e-03,-6.964749922209884e-04
1100,12,8.000000000000000e-03,7.194850297773361e-03,8.051497022266395e-04
1100,13,-7.000000000000000e-03,-7.833608150781851e-03,8.336081507818510e-04
1100,14,6.000000000000000e-03,6.666832332891800e-03,-6.668323328918001e-04
1100,15,5.000000000000000e-03,4.415204382862265e-03,5.847956171377349e-04
1100,16,-4.000000000000000e-03,-4.293684363820354e-03,2.936843638203538e-04
1100,17,3.500000000000000e-03,3.287043552119162e-03,2.129564478808381e-04
1100,18,3.000000000000000e-03,2.418227639160975e-03,5.817723608390248e-04
1100,19,-2.500000000000000e-03,-2.696962690333682e-03,1.969626903336819e-04
1100,20,2.000000000000000e-03,1.819004917560938e-03,1.809950824390621e-04
1100,21,1.800000000000000e-03,1.521283387329509e-03,2.787166126704910e-04
1100,22,-1.500000000000000e-03,-1.302359117202459e-03,-1.976408827975406e-04
1100,23,1.200000000000000e-03,5.065721915505988e-04,6.934278084494011e-04
1100,24,1.000000000000000e-03,1.680812486857586e-03,-6.808124868575855e-04
1100,25,-8.000000000000000e-04,-1.259183166527171e-03,4.591831665271710e-04
1100,26,5.999999999999999e-04,2.471652491345612e-04,3.528347508654388e-04
1100,27,5.000000000000000e-04,4.898982820944443e-04,1.010171790555574e-05
1100,28,-4.000000000000000e-04,-6.831606609010359e-04,2.831606609010358e-04
1100,29,3.000000000000000e-04,-4.595158567398881e-04,7.595158567398881e-04
1200,0,1.200000000000000e-01,1.178701651625817e-01,2.129834837418271e-03
1200,1,-8.000000000000000e-02,-7.858075747563345e-02,-1.419242524366551e-03
1200,2,5.500000000000000e-02,5.401660075246095e-02,9.833992475390546e-04
1200,3,4.000000000000000e-02,3.887894306994698e-02,1.121056930053016e-03
1200,4,-3.000000000000000e-02,-2.924708263626136e-02,-7.529173637386422e-04
1200,5,2.500000000000000e-02,2.452380966369544e-02,4.761903363045585e-04
1200,6,2.000000000000000e-02,1.937858561356521e-02,6.214143864347911e-04
1200,7,-1.800000000000000e-02,-1.785184189592115e-02,-1.481581040788521e-04
1200,8,1.500000000000000e-02,1.495652716343288e-02,4.347283656712039e-05
1200,9,1.200000000000000e-02,1.170090129022814e-02,2.990987097718570e-04
1200,10,-1.000000000000000e-02,-1.081648901112160e-02,8.164890111216003e-04
1200,11,8.999999999999999e-03,9.567720805129493e-03,-5.677208051294933e-04
1200,12,8.000000000000000e-03,7.259898016396066e-03,7.401019836039344e-04
1200,13,-7.000000000000000e-03,-7.727062948141146e-03,7.270629481411460e-04
1200,14,6.000000000000000e-03,6.528983588394891e-03,-5.289835883948912e-04
1200,15,5.000000000000000e-03,4.363125105197296e-03,6.368748948027041e-04
1200,16,-4.000000000000000e-03,-4.255480700522153e-03,2.554807005221531e-04
1200,17,3.500000000000000e-03,3.273029423451311e-03,2.269705765486889e-04
1200,18,3.000000000000000e-03,2.560976784803384e-03,4.390232151966159e-04
1200,19,-2.500000000000000e-03,-2.596516385086710e-03,9.651638508670997e-05
1200,20,2.000000000000000e-03,1.577388568039603e-03,4.226114319603974e-04
1200,21,1.800000000000000e-03,1.774125351642923e-03,2.587464835707674e-05
1200,22,-1.500000000000000e-03,-1.576440311839114e-03,7.644031183911388e-05
1200,23,1.200000000000000e-03,6.379080514410553e-04,5.620919485589446e-04
1200,24,1.000000000000000e-03,1.431115540191513e-03,-4.311155401915132e-04
1200,25,-8.000000000000000e-04,-1.164231341921881e-03,3.642313419218807e-04
1200,26,5.999999999999999e-04,9.133134253540953e-05,5.086686574645905e-04
1200,27,5.000000000000000e-04,8.118526059370079e-04,-3.118526059370079e-04
1200,28,-4.000000000000000e-04,-9.308760596121812e-04,5.308760596121811e-04
1200,29,3.000000000000000e-04,4.419445814586721e-05,2.558055418541328e-04
1300,0,1.200000000000000e-01,1.183641565562398e-01,1.635843443760152e-03
1300,1,-8.000000000000000e-02,-7.890216016860259e-02,-1.097839831397412e-03
1300,2,5.500000000000000e-02,5.437888635697029e-02,6.211136430297054e-04
1300,3,4.000000000000000e-02,3.899514114133821e-02,1.004858858661792e-03
1300,4,-3.000000000000000e-02,-2.932598912842069e-02,-6.740108715793079e-04
1300,5,2.500000000000000e-02,2.469143442929419e-02,3.085655707058162e-04
1300,6,2.000000000000000e-02,1.947390408941733e-02,5.260959105826725e-04
1300,7,-1.800000000000000e-02,-1.781302279578508e-02,-1.869772042149206e-04
1300,8,1.500000000000000e-02,1.495990708324371e-02,4.009291675629439e-05
1300,9,1.200000000000000e-02,1.170143132319090e-02,2.985686768091043e-04
1300,10,-1.000000000000000e-02,-1.048607793447265e-02,4.860779344726517e-04
1300,11,8.999999999999999e-03,9.477001442959061e-03,-4.770014429590613e-04
1300,12,8.000000000000000e-03,7.416619233250975e-03,5.833807667490250e-04
1300,13,-7.000000000000000e-03,-7.440811764143615e-03,4.408117641436149e-04
1300,14,6.000000000000000e-03,6.319071735267426e-03,-3.190717352674257e-04
1300,15,5.000000000000000e-03,4.599289009847208e-03,4.007109901527925e-04
1300,16,-4.000000000000000e-03,-4.203714571184272e-03,2.037145711842716e-04
1300,17,3.500000000000000e-03,3.376683221890174e-03,1.233167781098262e-04
1300,18,3.000000000000000e-03,2.776802761949470e-03,2.231972380505299e-04
1300,19,-2.500000000000000e-03,-2.537406997608370e-03,3.740699760837029e-05
1300,20,2.000000000000000e-03,1.583184739363902e-03,4.168152606360981e-04
1300,21,1.800000000000000e-03,1.942772818685366e-03,-1.427728186853656e-04
1300,22,-1.500000000000000e-03,-1.635117291031102e-03,1.351172910311021e-04
1300,23,1.200000000000000e-03,8.820430498369054e-04,3.179569501630945e-04
1300,24,1.000000000000000e-03,1.322769708626513e-03,-3.227697086265135e-04
1300,25,-8.000000000000000e-04,-1.249554805648796e-03,4.495548056487961e-04
1300,26,5.999999999999999e-04,3.299391534243320e-04,2.700608465756680e-04
1300,27,5.000000000000000e-04,6.659168399059399e-04,-1.659168399059399e-04
1300,28,-4.000000000000000e-04,-8.654434355119762e-04,4.654434355119762e-04
1300,29,3.000000000000000e-04,2.713113136780753e-04,2.868868632192466e-05
1400,0,1.200000000000000e-01,1.188670906396038e-01,1.132909360396214e-03
1400,1,-8.000000000000000e-02,-7.916997074385355e-02,-8.300292561464473e-04
1400,2,5.500000000000000e-02,5.450135186999729e-02,4.986481300027074e-04
1400,3,4.000000000000000e-02,3.925051694539566e-02,7.494830546043371e-04
1400,4,-3.000000000000000e-02,-2.944838347166075e-02,-5.516165283392487e-04
1400,5,2.500000000000000e-02,2.476470019972628e-02,2.352998002737236e-04
1400,6,2.000000000000000e-02,1.966918305032693e-02,3.308169496730705e-04
1400,7,-1.800000000000000e-02,-1.792196533966463e-02,-7.803466033536738e-05
1400,8,1.500000000000000e-02,1.505302559349596e-02,-5.302559349596413e-05
1400,9,1.200000000000000e-02,1.176650106998879e-02,2.334989300112056e-04
1400,10,-1.000000000000000e-02,-1.037617681057651e-02,3.761768105765076e-04
1400,11,8.999999999999999e-03,9.396811652697991e-03,-3.968116526979915e-04
1400,12,8.000000000000000e-03,7.545065757322278e-03,4.549342426777223e-04
1400,13,-7.000000000000000e-03,-7.421272838893281e-03,4.212728388932807e-04
1400,14,6.000000000000000e-03,6.293010636497471e-03,-2.930106364974708e-04
1400,15,5.000000000000000e-03,4.701069852195825e-03,2.989301478041754e-04
1400,16,-4.000000000000000e-03,-4.177404664956873e-03,1.774046649568725e-04
1400,17,3.500000000000000e-03,3.466119897036463e-03,3.388010296353746e-05
1400,18,3.000000000000000e-03,2.808860056292578e-03,1.911399437074224e-04
1400,19,-2.500000000000000e-03,-2.474527140469481e-03,-2.547285953051915e-05
1400,20,2.000000000000000e-03,1.727448219048609e-03,2.725517809513914e-04
1400,21,1.800000000000000e-03,1.857241602953449e-03,-5.724160295344951e-05
1400,22,-1.500000000000000e-03,-1.496173888596990e-03,-3.826111403010474e-06
1400,23,1.200000000000000e-03,8.558143654158691e-04,3.441856345841308e-04
1400,24,1.000000000000000e-03,1.246043815635787e-03,-2.460438156357875e-04
1400,25,-8.000000000000000e-04,-1.076882421723861e-03,2.768824217238608e-04
1400,26,5.999999999999999e-04,3.839772193428169e-04,2.160227806571830e-04
1400,27,5.000000000000000e-04,5.686532484809731e-04,-6.865324848097311e-05
1400,28,-4.000000000000000e-04,-7.019045094733078e-04,3.019045094733078e-04
1400,29,3.000000000000000e-04,2.678310820899785e-04,3.216891791002144e-05
1500,0,1.200000000000000e-01,1.191798345290927e-01,8.201654709072970e-04
1500,1,-8.000000000000000e-02,-7.940235262353482e-02,-5.976473764651852e-04
1500,2,5.500000000000000e-02,5.461444245587229e-02,3.855575441277098e-04
1500,3,4.000000000000000e-02,3.940465682363658e-02,5.953431763634220e-04
1500,4,-3.000000000000000e-02,-2.960397467347525e-02,-3.960253265247460e-04
1500,5,2.500000000000000e-02,2.485675405209639e-02,1.432459479036065e-04
1500,6,2.000000000000000e-02,1.964437947605514e-02,3.556205239448607e-04
1500,7,-1.800000000000000e-02,-1.791135226810400e-02,-8.864773189600286e-05
1500,8,1.500000000000000e-02,1.502954858286840e-02,-2.954858286839668e-05
1500,9,1.200000000000000e-02,1.175790248221273e-02,2.420975177872681e-04
1500,10,-1.000000000000000e-02,-1.029846636269997e-02,2.984663626999680e-04
1500,11,8.999999999999999e-03,9.269046353201835e-03,-2.690463532018360e-04
1500,12,8.000000000000000e-03,7.639951163021654e-03,3.600488369783460e-04
1500,13,-7.000000000000000e-03,-7.334030629774146e-03,3.340306297741459e-04
1500,14,6.000000000000000e-03,6.174663597521932e-03,-1.746635975219315e-04
1500,15,5.000000000000000e-03,4.777612697621615e-03,2.223873023783855e-04
1500,16,-4.000000000000000e-03,-4.174339637266096e-03,1.743396372660957e-04
1500,17,3.500000000000000e-03,3.394333059080141e-03,1.056669409198593e-04
1500,18,3.000000000000000e-03,2.885978789966585e-03,1.140212100334149e-04
1500,19,-2.500000000000000e-03,-2.504773481712701e-03,4.773481712700561e-06
1500,20,2.000000000000000e-03,1.709457291425028e-03,2.905427085749717e-04
1500,21,1.800000000000000e-03,1.861282619308298e-03,-6.128261930829840e-05
1500,22,-1.500000000000000e-03,-1.523067350436336e-03,2.306735043633608e-05
1500,23,1.200000000000000e-03,9.174969227370562e-04,2.825030772629437e-04
1500,24,1.000000000000000e-03,1.173092826571668e-03,-1.730928265716678e-04
1500,25,-8.000000000000000e-04,-1.019483755881099e-03,2.194837558810991e-04
1500,26,5.999999999999999e-04,4.505709809776131e-04,1.494290190223868e-04
1500,27,5.000000000000000e-04,4.923520686426906e-04,7.647931357309366e-06
1500,28,-4.000000000000000e-04,-5.014477820454991e-04,1.014477820454991e-04
1500,29,3.000000000000000e-04,1.360817935036354e-04,1.639182064963646e-04
1600,0,1.200000000000000e-01,1.194203070642546e-01,5.796929357453906e-04
1600,1,-8.000000000000000e-02,-7.953110800986724e-02,-4.688919901327665e-04
1600,2,5.500000000000000e-02,5.469582971987825e-02,3.041702801217516e-04
1600,3,4.000000000000000e-02,3.957676943885105e-02,4.232305611489504e-04
1600,4,-3.000000000000000e-02,-2.971471738837852e-02,-2.852826116214770e-04
1600,5,2.500000000000000e-02,2.490052003230297e-02,9.947996769702969e-05
1600,6,2.000000000000000e-02,1.974532353219398e-02,2.546764678060219e-04
1600,7,-1.800000000000000e-02,-1.794441543206598e-02,-5.558456793402361e-05
1600,8,1.500000000000000e-02,1.504470813973548e-02,-4.470813973548454e-05
1600,9,1.200000000000000e-02,1.182656842195567e-02,1.734315780443346e-04
1600,10,-1.000000000000000e-02,-1.023284541052461e-02,2.328454105246115e-04
1600,11,8.999999999999999e-03,9.250826851705798e-03,-2.508268517057988e-04
1600,12,8.000000000000000e-03,7.767460449830985e-03,2.325395501690149e-04
1600,13,-7.000000000000000e-03,-7.293982786107169e-03,2.939827861071689e-04
1600,14,6.000000000000000e-03,6.162855824271414e-03,-1.628558242714141e-04
1600,15,5.000000000000000e-03,4.871543365351770e-03,1.284566346482306e-04
1600,16,-4.000000000000000e-03,-4.165817223354639e-03,1.658172233546390e-04
1600,17,3.500000000000000e-03,3.449936343669841e-03,5.006365633015899e-05
1600,18,3.000000000000000e-03,2.937161688025028e-03,6.283831197497229e-05
1600,19,-2.500000000000000e-03,-2.517703115154619e-03,1.770311515461847e-05
1600,20,2.000000000000000e-03,1.776804656725454e-03,2.231953432745464e-04
1600,21,1.800000000000000e-03,1.884077617141821e-03,-8.407761714182083e-05
1600,22,-1.500000000000000e-03,-1.523710582509449e-03,2.371058250944880e-05
1600,23,1.200000000000000e-03,9.628835289076546e-04,2.371164710923453e-04
1600,24,1.000000000000000e-03,1.175352841815869e-03,-1.753528418158687e-04
1600,25,-8.000000000000000e-04,-9.931762598480848e-04,1.931762598480848e-04
1600,26,5.999999999999999e-04,4.891180351914510e-04,1.108819648085490e-04
1600,27,5.000000000000000e-04,4.973729785112789e-04,2.627021488721122e-06
1600,28,-4.000000000000000e-04,-4.448618016585737e-04,4.486180165857366e-05
1600,29,3.000000000000000e-04,1.574771783682083e-04,1.425228216317916e-04
1700,0,1.200000000000000e-01,1.195914808019776e-01,4.085191980224140e-04
1700,1,-8.000000000000000e-02,-7.964168150040615e-02,-3.583184995938488e-04
1700,2,5.500000000000000e-02,5.479027562881463e-02,2.097243711853686e-04
1700,3,4.000000000000000e-02,3.966311303024741e-02,3.368869697525922e-04
1700,4,-3.000000000000000e-02,-2.977630750359406e-02,-2.236924964059347e-04
1700,5,2.500000000000000e-02,2.491827209573229e-02,8.172790426770951e-05
1700,6,2.000000000000000e-02,1.980689907797048e-02,1.931009220295238e-04
1700,7,-1.800000000000000e-02,-1.796924273475173e-02,-3.075726524826711e-05
1700,8,1.500000000000000e-02,1.502748533062636e-02,-2.748533062635686e-05
1700,9,1.200000000000000e-02,1.186769317026245e-02,1.323068297375482e-04
1700,10,-1.000000000000000e-02,-1.021104219390583e-02,2.110421939058322e-04
1700,11,8.999999999999999e-03,9.204057262834839e-03,-2.040572628348395e-04
1700,12,8.000000000000000e-03,7.793531259158835e-03,2.064687408411649e-04
1700,13,-7.000000000000000e-03,-7.263369410682924e-03,2.633694106829237e-04
1700,14,6.000000000000000e-03,6.155938011546441e-03,-1.559380115464404e-04
1700,15,5.000000000000000e-03,4.881035121812051e-03,1.189648781879486e-04
1700,16,-4.000000000000000e-03,-4.167356224954043e-03,1.673562249540428e-04
1700,17,3.500000000000000e-03,3.447615844752290e-03,5.238415524770959e-05
1700,18,3.000000000000000e-03,2.973727155628006e-03,2.627284437199413e-05
1700,19,-2.500000000000000e-03,-2.570192306400917e-03,7.019230640091740e-05
1700,20,2.000000000000000e-03,1.842994091288129e-03,1.570059087118707e-04
1700,21,1.800000000000000e-03,1.840482320330656e-03,-4.048232033065599e-05
1700,22,-1.500000000000000e-03,-1.532776873918006e-03,3.277687391800566e-05
1700,23,1.200000000000000e-03,9.959793936843494e-04,2.040206063156505e-04
1700,24,1.000000000000000e-03,1.131368817549736e-03,-1.313688175497358e-04
1700,25,-8.000000000000000e-04,-9.118634225075349e-04,1.118634225075348e-04
1700,26,5.999999999999999e-04,4.600996382302731e-04,1.399003617697268e-04
1700,27,5.000000000000000e-04,5.199650370716875e-04,-1.996503707168745e-05
1700,28,-4.000000000000000e-04,-4.226153162297632e-04,2.261531622976321e-05
1700,29,3.000000000000000e-04,1.946187252192438e-04,1.053812747807561e-04
1800,0,1.200000000000000e-01,1.196928364179830e-01,3.071635820170310e-04
1800,1,-8.000000000000000e-02,-7.975410905649007e-02,-2.458909435099355e-04
1800,2,5.500000000000000e-02,5.482666050476728e-02,1.733394952327244e-04
1800,3,4.000000000000000e-02,3.978249965538803e-02,2.175003446119733e-04
1800,4,-3.000000000000000e-02,-2.983989998221706e-02,-1.601000177829381e-04
1800,5,2.500000000000000e-02,2.491673015345883e-02,8.326984654117436e-05
1800,6,2.000000000000000e-02,1.988790631449415e-02,1.120936855058471e-04
1800,7,-1.800000000000000e-02,-1.797008658922006e-02,-2.991341077993731e-05
1800,8,1.500000000000000e-02,1.499515104639327e-02,4.848953606731779e-06
1800,9,1.200000000000000e-02,1.193447209605771e-02,6.552790394229353e-05
1800,10,-1.000000000000000e-02,-1.016040268978783e-02,1.604026897878280e-04
1800,11,8.999999999999999e-03,9.141996651129563e-03,-1.419966511295636e-04
1800,12,8.000000000000000e-03,7.860201173048580e-03,1.397988269514205e-04
1800,13,-7.000000000000000e-03,-7.183883278781525e-03,1.838832787815249e-04
1800,14,6.000000000000000e-03,6.116279688274122e-03,-1.162796882741221e-04
1800,15,5.000000000000000e-03,4.901013223782608e-03,9.898677621739214e-05
1800,16,-4.000000000000000e-03,-4.098178298304298e-03,9.817829830429791e-05
1800,17,3.500000000000000e-03,3.468561557820292e-03,3.143844217970817e-05
1800,18,3.000000000000000e-03,2.973038414391137e-03,2.696158560886331e-05
1800,19,-2.500000000000000e-03,-2.532728839426312e-03,3.272883942631241e-05
1800,20,2.000000000000000e-03,1.891090740061932e-03,1.089092599380682e-04
1800,21,1.800000000000000e-03,1.836285246546814e-03,-3.628524654681405e-05
1800,22,-1.500000000000000e-03,-1.495935335915952e-03,-4.064664084047539e-06
1800,23,1.200000000000000e-03,1.039467233515067e-03,1.605327664849332e-04
1800,24,1.000000000000000e-03,1.095989403564503e-03,-9.598940356450288e-05
1800,25,-8.000000000000000e-04,-8.476624612285507e-04,4.766246122855065e-05
1800,26,5.999999999999999e-04,4.900578282450175e-04,1.099421717549824e-04
1800,27,5.000000000000000e-04,4.712453790974738e-04,2.875462090252620e-05
1800,28,-4.000000000000000e-04,-3.940862256140610e-04,-5.913774385939022e-06
1800,29,3.000000000000000e-04,2.411043529088124e-04,5.889564709118754e-05
1900,0,1.200000000000000e-01,1.197673551599061e-01,2.326448400938874e-04
1900,1,-8.000000000000000e-02,-7.982160594925576e-02,-1.783940507442405e-04
1900,2,5.500000000000000e-02,5.486499361061260e-02,1.350063893874043e-04
1900,3,4.000000000000000e-02,3.983945144980829e-02,1.605485501917081e-04
1900,4,-3.000000000000000e-02,-2.989105469991322e-02,-1.089453000867775e-04
1900,5,2.500000000000000e-02,2.491440060288015e-02,8.559939711984960e-05
1900,6,2.000000000000000e-02,1.993811713653525e-02,6.188286346475377e-05
1900,7,-1.800000000000000e-02,-1.799897825660832e-02,-1.021743391678431e-06
1900,8,1.500000000000000e-02,1.497545949327771e-02,2.454050672228737e-05
1900,9,1.200000000000000e-02,1.196983310383437e-02,3.016689616562596e-05
1900,10,-1.000000000000000e-02,-1.013660244105695e-02,1.366024410569527e-04
1900,11,8.999999999999999e-03,9.089515717304640e-03,-8.951571730464111e-05
1900,12,8.000000000000000e-03,7.901607743034889e-03,9.839225696511161e-05
1900,13,-7.000000000000000e-03,-7.138012339103468e-03,1.380123391034674e-04
1900,14,6.000000000000000e-03,6.088233553949697e-03,-8.823355394969694e-05
1900,15,5.000000000000000e-03,4.904123434642333e-03,9.587656535766688e-05
1900,16,-4.000000000000000e-03,-4.066648085232239e-03,6.664808523223868e-05
1900,17,3.500000000000000e-03,3.487912236512456e-03,1.208776348754362e-05
1900,18,3.000000000000000e-03,2.943371224645503e-03,5.662877535449673e-05
1900,19,-2.500000000000000e-03,-2.510850763313913e-03,1.085076331391313e-05
1900,20,2.000000000000000e-03,1.918138828537093e-03,8.186117146290672e-05
1900,21,1.800000000000000e-03,1.807610932281722e-03,-7.610932281722433e-06
1900,22,-1.500000000000000e-03,-1.501187660484723e-03,1.187660484723053e-06
1900,23,1.200000000000000e-03,1.092040168986049e-03,1.079598310139507e-04
1900,24,1.000000000000000e-03,1.045678933642513e-03,-4.567893364251330e-05
1900,25,-8.000000000000000e-04,-8.401721648814860e-04,4.017216488148595e-05
1900,26,5.999999999999999e-04,5.146590007254379e-04,8.534099927456202e-05
1900,27,5.000000000000000e-04,4.819084176791342e-04,1.809158232086576e-05
1900,28,-4.000000000000000e-04,-3.993202408212093e-04,-6.797591787907533e-07
1900,29,3.000000000000000e-04,2.505947282765144e-04,4.940527172348560e-05
2000,0,1.200000000000000e-01,1.198190090316869e-01,1.809909683130745e-04
2000,1,-8.000000000000000e-02,-7.985607939985878e-02,-1.439206001412202e-04
2000,2,5.500000000000000e-02,5.489407469221600e-02,1.059253077839994e-04
2000,3,4.000000000000000e-02,3.987866360657509e-02,1.213363934249104e-04
2000,4,-3.000000000000000e-02,-2.991899947600898e-02,-8.100052399101498e-05
2000,5,2.500000000000000e-02,2.494543255233912e-02,5.456744766088595e-05
2000,6,2.000000000000000e-02,1.994776100773541e-02,5.223899226458606e-05
2000,7,-1.800000000000000e-02,-1.799693540665446e-02,-3.064593345543376e-06
2000,8,1.500000000000000e-02,1.498710101389650e-02,1.289898610350344e-05
2000,9,1.200000000000000e-02,1.196852406771175e-02,3.147593228824963e-05
2000,10,-1.000000000000000e-02,-1.009975824171756e-02,9.975824171756277e-05
2000,11,8.999999999999999e-03,9.075458002305865e-03,-7.545800230586604e-05
2000,12,8.000000000000000e-03,7.922199944711779e-03,7.780005528822131e-05
2000,13,-7.000000000000000e-03,-7.110987077533664e-03,1.109870775336634e-04
2000,14,6.000000000000000e-03,6.080858638476757e-03,-8.085863847675720e-05
2000,15,5.000000000000000e-03,4.932260195474274e-03,6.773980452572624e-05
2000,16,-4.000000000000000e-03,-4.058977439874170e-03,5.897743987417006e-05
2000,17,3.500000000000000e-03,3.496367204003942e-03,3.632795996058071e-06
2000,18,3.000000000000000e-03,2.955373388255805e-03,4.462661174419510e-05
2000,19,-2.500000000000000e-03,-2.505811259043122e-03,5.811259043121686e-06
2000,20,2.000000000000000e-03,1.936531053492578e-03,6.346894650742225e-05
2000,21,1.800000000000000e-03,1.802340485674868e-03,-2.340485674868359e-06
2000,22,-1.500000000000000e-03,-1.496497994461507e-03,-3.502005538492904e-06
2000,23,1.200000000000000e-03,1.115786996885052e-03,8.421300311494805e-05
2000,24,1.000000000000000e-03,1.037088777725798e-03,-3.708877772579783e-05
2000,25,-8.000000000000000e-04,-8.335866865517973e-04,3.358668655179724e-05
2000,26,5.999999999999999e-04,5.421861288533344e-04,5.781387114666553e-05
2000,27,5.000000000000000e-04,4.807770368599394e-04,1.922296314006065e-05
2000,28,-4.000000000000000e-04,-4.022436385557041e-04,2.243638555704053e-06
2000,29,3.000000000000000e-04,2.599437902746375e-04,4.005620972536252e-05
2100,0,1.200000000000000e-01,1.198586386161649e-01,1.413613838350952e-04
2100,1,-8.000000000000000e-02,-7.988328621110352e-02,-1.167137888964803e-04
2100,2,5.500000000000000e-02,5.492697268638513e-02,7.302731361486653e-05
2100,3,4.000000000000000e-02,3.990859880350975e-02,9.140119649025252e-05
2100,4,-3.000000000000000e-02,-2.992789500785500e-02,-7.210499214500149e-05
2100,5,2.500000000000000e-02,2.496035532319547e-02,3.964467680453443e-05
2100,6,2.000000000000000e-02,1.996434569062628e-02,3.565430937372410e-05
2100,7,-1.800000000000000e-02,-1.799145487324745e-02,-8.545126752551591e-06
2100,8,1.500000000000000e-02,1.499138119784996e-02,8.618802150037533e-06
2100,9,1.200000000000000e-02,1.198722796529144e-02,1.277203470856185e-05
2100,10,-1.000000000000000e-02,-1.007920572255207e-02,7.920572255207259e-05
2100,11,8.999999999999999e-03,9.067916936801229e-03,-6.791693680122980e-05
2100,12,8.000000000000000e-03,7.941705605820486e-03,5.829439417951408e-05
2100,13,-7.000000000000000e-03,-7.081392996327867e-03,8.139299632786701e-05
2100,14,6.000000000000000e-03,6.066857146939995e-03,-6.685714693999492e-05
2100,15,5.000000000000000e-03,4.949110733007358e-03,5.088926699264168e-05
2100,16,-4.000000000000000e-03,-4.040825907691841e-03,4.082590769184050e-05
2100,17,3.500000000000000e-03,3.503621180721164e-03,-3.621180721163821e-06
2100,18,3.000000000000000e-03,2.966819850206498e-03,3.318014979350210e-05
2100,19,-2.500000000000000e-03,-2.496451226473746e-03,-3.548773526253820e-06
2100,20,2.000000000000000e-03,1.957489553967121e-03,4.251044603287854e-05
2100,21,1.800000000000000e-03,1.806432956215901e-03,-6.432956215901391e-06
2100,22,-1.500000000000000e-03,-1.492983276329325e-03,-7.016723670674697e-06
2100,23,1.200000000000000e-03,1.139152266229743e-03,6.084773377025739e-05
2100,24,1.000000000000000e-03,1.042450892147242e-03,-4.245089214724223e-05
2100,25,-8.000000000000000e-04,-8.315520059510415e-04,3.155200595104143e-05
2100,26,5.999999999999999e-04,5.539884223788861e-04,4.601157762111380e-05
2100,27,5.000000000000000e-04,5.020188344094747e-04,-2.018834409474681e-06
2100,28,-4.000000000000000e-04,-4.038712009421016e-04,3.871200942101626e-06
2100,29,3.000000000000000e-04,2.692735863400290e-04,3.072641365997093e-05
2200,0,1.200000000000000e-01,1.198857713123804e-01,1.142286876195941e-04
2200,1,-8.000000000000000e-02,-7.990333924538044e-02,-9.666075461955970e-05
2200,2,5.500000000000000e-02,5.493872660422611e-02,6.127339577388646e-05
2200,3,4.000000000000000e-02,3.992788956750257e-02,7.211043249742699e-05
2200,4,-3.000000000000000e-02,-2.993583416599871e-02,-6.416583400128614e-05
2200,5,2.500000000000000e-02,2.496549637584304e-02,3.450362415695699e-05
2200,6,2.000000000000000e-02,1.997472579981725e-02,2.527420018275453e-05
2200,7,-1.800000000000000e-02,-1.799015580229264e-02,-9.844197707362806e-06
2200,8,1.500000000000000e-02,1.499654163550377e-02,3.458364496227925e-06
2200,9,1.200000000000000e-02,1.199345661468491e-02,6.543385315086608e-06
2200,10,-1.000000000000000e-02,-1.006493408704809e-02,6.493408704809009e-05
2200,11,8.999999999999999e-03,9.055798362993568e-03,-5.579836299356850e-05
2200,12,8.000000000000000e-03,7.958243690446161e-03,4.175630955383959e-05
2200,13,-7.000000000000000e-03,-7.065295316238199e-03,6.529531623819876e-05
2200,14,6.000000000000000e-03,6.059247047413012e-03,-5.924704741301200e-05
2200,15,5.000000000000000e-03,4.951203315766843e-03,4.879668423315737e-05
2200,16,-4.000000000000000e-03,-4.029767540714421e-03,2.976754071442114e-05
2200,17,3.500000000000000e-03,3.510856283719168e-03,-1.085628371916758e-05
2200,18,3.000000000000000e-03,2.968814460385708e-03,3.118553961429203e-05
2200,19,-2.500000000000000e-03,-2.493144574151576e-03,-6.855425848423854e-06
2200,20,2.000000000000000e-03,1.962640709582150e-03,3.735929041784975e-05
2200,21,1.800000000000000e-03,1.811974247670804e-03,-1.197424767080454e-05
2200,22,-1.500000000000000e-03,-1.486557896084941e-03,-1.344210391505908e-05
2200,23,1.200000000000000e-03,1.138653996818024e-03,6.134600318197583e-05
2200,24,1.000000000000000e-03,1.040059406871891e-03,-4.005940687189062e-05
2200,25,-8.000000000000000e-04,-8.189465936084544e-04,1.894659360845432e-05
2200,26,5.999999999999999e-04,5.592438940216159e-04,4.075610597838403e-05
2200,27,5.000000000000000e-04,5.055462494799514e-04,-5.546249479951391e-06
2200,28,-4.000000000000000e-04,-3.978972275440973e-04,-2.102772455902710e-06
2200,29,3.000000000000000e-04,2.773059414560002e-04,2.269405854399975e-05
2300,0,1.200000000000000e-01,1.199149188998806e-01,8.508110011942738e-05
2300,1,-8.000000000000000e-02,-7.992674684159166e-02,-7.325315840833735e-05
2300,2,5.500000000000000e-02,5.495495687179440e-02,4.504312820560047e-05
2300,3,4.000000000000000e-02,3.994452107056238e-02,5.547892943762178e-05
2300,4,-3.000000000000000e-02,-2.995366509106284e-02,-4.633490893716022e-05
2300,5,2.500000000000000e-02,2.497775632757675e-02,2.224367242325068e-05
2300,6,2.000000000000000e-02,1.997460047773246e-02,2.539952226754405e-05
2300,7,-1.800000000000000e-02,-1.799454245480520e-02,-5.457545194802876e-06
2300,8,1.500000000000000e-02,1.499550340977403e-02,4.496590225964991e-06
2300,9,1.200000000000000e-02,1.199046024536180e-02,9.539754638196798e-06
2300,10,-1.000000000000000e-02,-1.004918414377581e-02,4.918414377580796e-05
2300,11,8.999999999999999e-03,9.039842556641895e-03,-3.984255664189577e-05
2300,12,8.000000000000000e-03,7.968072021951553e-03,3.192797804844709e-05
2300,13,-7.000000000000000e-03,-7.048625616727316e-03,4.862561672731597e-05
2300,14,6.000000000000000e-03,6.041509718325172e-03,-4.150971832517225e-05
2300,15,5.000000000000000e-03,4.964420803826354e-03,3.557919617364590e-05
2300,16,-4.000000000000000e-03,-4.021898946954752e-03,2.189894695475182e-05
2300,17,3.500000000000000e-03,3.503141918707056e-03,-3.141918707056084e-06
2300,18,3.000000000000000e-03,2.979792658330995e-03,2.020734166900510e-05
2300,19,-2.500000000000000e-03,-2.502032285326837e-03,2.032285326837146e-06
2300,20,2.000000000000000e-03,1.975367763021320e-03,2.463223697868029e-05
2300,21,1.800000000000000e-03,1.803814077005648e-03,-3.814077005647723e-06
2300,22,-1.500000000000000e-03,-1.493358732972603e-03,-6.641267027397528e-06
2300,23,1.200000000000000e-03,1.157583229627599e-03,4.241677037240105e-05
2300,24,1.000000000000000e-03,1.028957048542194e-03,-2.895704854219395e-05
2300,25,-8.000000000000000e-04,-8.185768127540026e-04,1.857681275400252e-05
2300,26,5.999999999999999e-04,5.687713719220918e-04,3.122862807790816e-05
2300,27,5.000000000000000e-04,5.066331267523618e-04,-6.633126752361783e-06
2300,28,-4.000000000000000e-04,-4.006837655265682e-04,6.837655265681548e-07
2300,29,3.000000000000000e-04,2.787165921696545e-04,2.128340783034543e-05
2400,0,1.200000000000000e-01,1.199361019004627e-01,6.389809953731562e-05
2400,1,-8.000000000000000e-02,-7.994224717490395e-02,-5.775282509605517e-05
2400,2,5.500000000000000e-02,5.497397680797576e-02,2.602319202424375e-05
2400,3,4.000000000000000e-02,3.995432951260212e-02,4.567048739787666e-05
2400,4,-3.000000000000000e-02,-2.995940216532389e-02,-4.059783467611280e-05
2400,5,2.500000000000000e-02,2.498940919231645e-02,1.059080768354981e-05
2400,6,2.000000000000000e-02,1.997829513704947e-02,2.170486295053481e-05
2400,7,-1.800000000000000e-02,-1.799062119941001e-02,-9.378800589990993e-06
2400,8,1.500000000000000e-02,1.500586185179009e-02,-5.861851790089218e-06
2400,9,1.200000000000000e-02,1.199209340293023e-02,7.906597069768859e-06
2400,10,-1.000000000000000e-02,-1.003285069131308e-02,3.285069131308410e-05
2400,11,8.999999999999999e-03,9.039819312024603e-03,-3.981931202460404e-05
2400,12,8.000000000000000e-03,7.973182808293759e-03,2.681719170624132e-05
2400,13,-7.000000000000000e-03,-7.029689819769930e-03,2.968981976993017e-05
2400,14,6.000000000000000e-03,6.037404889208206e-03,-3.740488920820576e-05
2400,15,5.000000000000000e-03,4.975705985904286e-03,2.429401409571440e-05
2400,16,-4.000000000000000e-03,-4.015371806490474e-03,1.537180649047350e-05
2400,17,3.500000000000000e-03,3.506562661252873e-03,-6.562661252872658e-06
2400,18,3.000000000000000e-03,2.994405732561617e-03,5.594267438382896e-06
2400,19,-2.500000000000000e-03,-2.506536658744438e-03,6.536658744437599e-06
2400,20,2.000000000000000e-03,1.984021497427043e-03,1.597850257295747e-05
2400,21,1.800000000000000e-03,1.809535197817646e-03,-9.535197817645913e-06
2400,22,-1.500000000000000e-03,-1.498938821483161e-03,-1.061178516839015e-06
2400,23,1.200000000000000e-03,1.168943055790067e-03,3.105694420993247e-05
2400,24,1.000000000000000e-03,1.026642437037441e-03,-2.664243703744086e-05
2400,25,-8.000000000000000e-04,-8.157828163794244e-04,1.578281637942434e-05
2400,26,5.999999999999999e-04,5.766939533707529e-04,2.330604662924708e-05
2400,27,5.000000000000000e-04,5.079799417978391e-04,-7.979941797839124e-06
2400,28,-4.000000000000000e-04,-4.019595979839398e-04,1.959597983939763e-06
2400,29,3.000000000000000e-04,2.873769334421005e-04,1.262306655789945e-05
2500,0,1.200000000000000e-01,1.199513659045784e-01,4.863409542156527e-05
2500,1,-8.000000000000000e-02,-7.995712188088976e-02,-4.287811911024564e-05
2500,2,5.500000000000000e-02,5.498305690468092e-02,1.694309531908439e-05
2500,3,4.000000000000000e-02,3.996439432735397e-02,3.560567264603021e-05
2500,4,-3.000000000000000e-02,-2.997171145689383e-02,-2.828854310616552e-05
2500,5,2.500000000000000e-02,2.499301983956041e-02,6.980160439588878e-06
2500,6,2.000000000000000e-02,1.998454195989772e-02,1.545804010228205e-05
2500,7,-1.800000000000000e-02,-1.799546308634249e-02,-4.536913657510189e-06
2500,8,1.500000000000000e-02,1.500490304708896e-02,-4.903047088958279e-06
2500,9,1.200000000000000e-02,1.199532412792844e-02,4.675872071565126e-06
2500,10,-1.000000000000000e-02,-1.002625450339945e-02,2.625450339944699e-05
2500,11,8.999999999999999e-03,9.029958664741973e-03,-2.995866474197334e-05
2500,12,8.000000000000000e-03,7.980501044018309e-03,1.949895598169112e-05
2500,13,-7.000000000000000e-03,-7.024098161986632e-03,2.409816198663175e-05
2500,14,6.000000000000000e-03,6.028232176702571e-03,-2.823217670257054e-05
2500,15,5.000000000000000e-03,4.980575945418240e-03,1.942405458175978e-05
2500,16,-4.000000000000000e-03,-4.011451660903146e-03,1.145166090314557e-05
2500,17,3.500000000000000e-03,3.507069900935832e-03,-7.069900935832187e-06
2500,18,3.000000000000000e-03,2.994429969255461e-03,5.570030744539173e-06
2500,19,-2.500000000000000e-03,-2.505636915342397e-03,5.636915342396766e-06
2500,20,2.000000000000000e-03,1.990412564498415e-03,9.587435501585452e-06
2500,21,1.800000000000000e-03,1.807610661907265e-03,-7.610661907265235e-06
2500,22,-1.500000000000000e-03,-1.504395456025880e-03,4.395456025879521e-06
2500,23,1.200000000000000e-03,1.178755518748785e-03,2.124448125121457e-05
2500,24,1.000000000000000e-03,1.022384812473636e-03,-2.238481247363597e-05
2500,25,-8.000000000000000e-04,-8.178425437611978e-04,1.784254376119775e-05
2500,26,5.999999999999999e-04,5.834445723286760e-04,1.655542767132394e-05
2500,27,5.000000000000000e-04,5.071912808770001e-04,-7.191280877000077e-06
2500,28,-4.000000000000000e-04,-4.037860342442202e-04,3.786034244220179e-06
2500,29,3.000000000000000e-04,2.887321314673221e-04,1.126786853267788e-05
2600,0,1.200000000000000e-01,1.199649604953623e-01,3.503950463767946e-05
2600,1,-8.000000000000000e-02,-7.996911110541612e-02,-3.088889458388588e-05
2600,2,5.500000000000000e-02,5.498741184682620e-02,1.258815317380091e-05
2600,3,4.000000000000000e-02,3.997248870219353e-02,2.751129780647482e-05
2600,4,-3.000000000000000e-02,-2.997840123176443e-02,-2.159876823557005e-05
2600,5,2.500000000000000e-02,2.499411928401207e-02,5.880715987935381e-06
2600,6,2.000000000000000e-02,1.998621424320608e-02,1.378575679392494e-05
2600,7,-1.800000000000000e-02,-1.799508076289191e-02,-4.919237108085700e-06
2600,8,1.500000000000000e-02,1.500391271936134e-02,-3.912719361343076e-06
2600,9,1.200000000000000e-02,1.199209980856400e-02,7.900191436000653e-06
2600,10,-1.000000000000000e-02,-1.001678813805436e-02,1.678813805436330e-05
2600,11,8.999999999999999e-03,9.022615698293150e-03,-2.261569829315087e-05
2600,12,8.000000000000000e-03,7.984872935852885e-03,1.512706414711490e-05
2600,13,-7.000000000000000e-03,-7.016828983624020e-03,1.682898362401989e-05
2600,14,6.000000000000000e-03,6.022141542172112e-03,-2.214154217211172e-05
2600,15,5.000000000000000e-03,4.988823583897655e-03,1.117641610234518e-05
2600,16,-4.000000000000000e-03,-4.010058071167440e-03,1.005807116744029e-05
2600,17,3.500000000000000e-03,3.505461471282456e-03,-5.461471282455777e-06
2600,18,3.000000000000000e-03,2.998830936402090e-03,1.169063597909574e-06
2600,19,-2.500000000000000e-03,-2.506751355727329e-03,6.751355727328823e-06
2600,20,2.000000000000000e-03,1.992938714464024e-03,7.061285535975986e-06
2600,21,1.800000000000000e-03,1.806937462025003e-03,-6.937462025002937e-06
2600,22,-1.500000000000000e-03,-1.506283415997450e-03,6.283415997449535e-06
2600,23,1.200000000000000e-03,1.186160733544739e-03,1.383926645526072e-05
2600,24,1.000000000000000e-03,1.017050261188321e-03,-1.705026118832120e-05
2600,25,-8.000000000000000e-04,-8.120208669751196e-04,1.202086697511958e-05
2600,26,5.999999999999999e-04,5.855328216077298e-04,1.446717839227014e-05
2600,27,5.000000000000000e-04,5.054103579214324e-04,-5.410357921432365e-06
2600,28,-4.000000000000000e-04,-3.967819457291687e-04,-3.218054270831354e-06
2600,29,3.000000000000000e-04,2.873058952348242e-04,1.269410476517581e-05
2700,0,1.200000000000000e-01,1.199771871729035e-01,2.281282709645782e-05
2700,1,-8.000000000000000e-02,-7.997856198760708e-02,-2.143801239291865e-05
2700,2,5.500000000000000e-02,5.499243454323818e-02,7.565456761823852e-06
2700,3,4.000000000000000e-02,3.998141457347849e-02,1.858542652150713e-05
2700,4,-3.000000000000000e-02,-2.998525346169457e-02,-1.474653830543099e-05
2700,5,2.500000000000000e-02,2.499737967242699e-02,2.620327573008702e-06
2700,6,2.000000000000000e-02,1.999018082823947e-02,9.819171760530598e-06
2700,7,-1.800000000000000e-02,-1.799588335849798e-02,-4.116641502020096e-06
2700,8,1.500000000000000e-02,1.500342494276813e-02,-3.424942768129324e-06
2700,9,1.200000000000000e-02,1.199334752684458e-02,6.652473155416977e-06
2700,10,-1.000000000000000e-02,-1.001010889374829e-02,1.010889374828544e-05
2700,11,8.999999999999999e-03,9.014712528648086e-03,-1.471252864808717e-05
2700,12,8.000000000000000e-03,7.989345421953755e-03,1.065457804624512e-05
2700,13,-7.000000000000000e-03,-7.009419125876569e-03,9.419125876568811e-06
2700,14,6.000000000000000e-03,6.013337920962757e-03,-1.333792096275700e-05
2700,15,5.000000000000000e-03,4.992801959739136e-03,7.198040260864014e-06
2700,16,-4.000000000000000e-03,-4.006456392769640e-03,6.456392769639899e-06
2700,17,3.500000000000000e-03,3.502121455385707e-03,-2.121455385706902e-06
2700,18,3.000000000000000e-03,2.999360428084503e-03,6.395719154969268e-07
2700,19,-2.500000000000000e-03,-2.504325959879509e-03,4.325959879509112e-06
2700,20,2.000000000000000e-03,1.994743488464181e-03,5.256511535819269e-06
2700,21,1.800000000000000e-03,1.803971387179585e-03,-3.971387179585451e-06
2700,22,-1.500000000000000e-03,-1.502477530550492e-03,2.477530550492072e-06
2700,23,1.200000000000000e-03,1.190922897125371e-03,9.077102874628434e-06
2700,24,1.000000000000000e-03,1.009075964859496e-03,-9.075964859495784e-06
2700,25,-8.000000000000000e-04,-8.078062102220182e-04,7.806210222018137e-06
2700,26,5.999999999999999e-04,5.930411118271983e-04,6.958888172801632e-06
2700,27,5.000000000000000e-04,5.012360845698791e-04,-1.236084569879040e-06
2700,28,-4.000000000000000e-04,-3.983986479041182e-04,-1.601352095881856e-06
2700,29,3.000000000000000e-04,2.947291480516819e-04,5.270851948318081e-06
2800,0,1.200000000000000e-01,1.199826836075953e-01,1.731639240465377e-05
2800,1,-8.000000000000000e-02,-7.998408378469818e-02,-1.591621530182274e-05
2800,2,5.500000000000000e-02,5.499361084964770e-02,6.389150352295592e-06
2800,3,4.000000000000000e-02,3.998622748898076e-02,1.377251101923604e-05
2800,4,-3.000000000000000e-02,-2.998877526167482e-02,-1.122473832517942e-05
2800,5,2.500000000000000e-02,2.499808936285554e-02,1.910637144462990e-06
2800,6,2.000000000000000e-02,1.999216754382577e-02,7.832456174226149e-06
2800,7,-1.800000000000000e-02,-1.799759518831204e-02,-2.404811687960889e-06
2800,8,1.500000000000000e-02,1.500258518444244e-02,-2.585184442438146e-06
2800,9,1.200000000000000e-02,1.199414204779347e-02,5.857952206528641e-06
2800,10,-1.000000000000000e-02,-1.000739389560236e-02,7.393895602361006e-06
2800,11,8.999999999999999e-03,9.010388493866612e-03,-1.038849386661260e-05
2800,12,8.000000000000000e-03,7.991686134370164e-03,8.313865629836284e-06
2800,13,-7.000000000000000e-03,-7.007218572143382e-03,7.218572143381959e-06
2800,14,6.000000000000000e-03,6.010011138368624e-03,-1.001113836862372e-05
2800,15,5.000000000000000e-03,4.994608326610970e-03,5.391673389029857e-06
2800,16,-4.000000000000000e-03,-4.005142804488384e-03,5.142804488384410e-06
2800,17,3.500000000000000e-03,3.502605917852715e-03,-2.605917852715415e-06
2800,18,3.000000000000000e-03,2.997718451148454e-03,2.281548851546487e-06
2800,19,-2.500000000000000e-03,-2.503394987897749e-03,3.394987897748728e-06
2800,20,2.000000000000000e-03,1.996858192416566e-03,3.141807583434061e-06
2800,21,1.800000000000000e-03,1.802003526848723e-03,-2.003526848723056e-06
2800,22,-1.500000000000000e-03,-1.500037414641287e-03,3.741464128727452e-08
2800,23,1.200000000000000e-03,1.192461994906727e-03,7.538005093272885e-06
2800,24,1.000000000000000e-03,1.005698199421014e-03,-5.698199421013501e-06
2800,25,-8.000000000000000e-04,-8.042709106199725e-04,4.270910619972451e-06
2800,26,5.999999999999999e-04,5.940671571331742e-04,5.932842866825756e-06
2800,27,5.000000000000000e-04,5.018197938967830e-04,-1.819793896782967e-06
2800,28,-4.000000000000000e-04,-3.995622853753400e-04,-4.377146246600078e-07
2800,29,3.000000000000000e-04,2.959655264385110e-04,4.034473561488996e-06
2900,0,1.200000000000000e-01,1.199879885551857e-01,1.201144481426109e-05
2900,1,-8.000000000000000e-02,-7.998849759432468e-02,-1.150240567532324e-05
2900,2,5.500000000000000e-02,5.499549841462338e-02,4.501585376619210e-06
2900,3,4.000000000000000e-02,3.999105695690910e-02,8.943043090896274e-06
2900,4,-3.000000000000000e-02,-2.999137869949987e-02,-8.621300500125106e-06
2900,5,2.500000000000000e-02,2.499806198130032e-02,1.938018699677163e-06
2900,6,2.000000000000000e-02,1.999541570956920e-02,4.584290430799387e-06
2900,7,-1.800000000000000e-02,-1.799809354893965e-02,-1.906451060348230e-06
2900,8,1.500000000000000e-02,1.500201184368811e-02,-2.011843688112108e-06
2900,9,1.200000000000000e-02,1.199679720173913e-02,3.202798260874828e-06
2900,10,-1.000000000000000e-02,-1.000551935794073e-02,5.519357940728109e-06
2900,11,8.999999999999999e-03,9.007612750330889e-03,-7.612750330890025e-06
2900,12,8.000000000000000e-03,7.994800863136855e-03,5.199136863144951e-06
2900,13,-7.000000000000000e-03,-7.004695883748037e-03,4.695883748036429e-06
2900,14,6.000000000000000e-03,6.006757851764234e-03,-6.757851764233394e-06
2900,15,5.000000000000000e-03,4.996981271056235e-03,3.018728943765189e-06
2900,16,-4.000000000000000e-03,-4.002234825396465e-03,2.234825396464982e-06
2900,17,3.500000000000000e-03,3.501186795704902e-03,-1.186795704901950e-06
2900,18,3.000000000000000e-03,2.998698477099154e-03,1.301522900845880e-06
2900,19,-2.500000000000000e-03,-2.500599888769480e-03,5.998887694803196e-07
2900,20,2.000000000000000e-03,1.997272629916229e-03,2.727370083770598e-06
2900,21,1.800000000000000e-03,1.801436042139615e-03,-1.436042139614773e-06
2900,22,-1.500000000000000e-03,-1.498916981646919e-03,-1.083018353081238e-06
2900,23,1.200000000000000e-03,1.194690262560817e-03,5.309737439183069e-06
2900,24,1.000000000000000e-03,1.003851491902082e-03,-3.851491902082463e-06
2900,25,-8.000000000000000e-04,-8.027063154536137e-04,2.706315453613641e-06
2900,26,5.999999999999999e-04,5.966094784780683e-04,3.390521521931685e-06
2900,27,5.000000000000000e-04,4.997079697945793e-04,2.920302054206739e-07
2900,28,-4.000000000000000e-04,-3.996173974938339e-04,-3.826025061661039e-07
2900,29,3.000000000000000e-04,2.984067501699521e-04,1.593249830047908e-06
3000,0,1.200000000000000e-01,1.199923249069448e-01,7.675093055242721e-06
3000,1,-8.000000000000000e-02,-7.999261382034473e-02,-7.386179655274883e-06
3000,2,5.500000000000000e-02,5.499719199165577e-02,2.808008344228063e-06
3000,3,4.000000000000000e-02,3.999389444882188e-02,6.105551178123281e-06
3000,4,-3.000000000000000e-02,-2.999470834970841e-02,-5.291650291592426e-06
3000,5,2.500000000000000e-02,2.499966072793849e-02,3.392720615141842e-07
3000,6,2.000000000000000e-02,1.999544019018813e-02,4.559809811871540e-06
3000,7,-1.800000000000000e-02,-1.799787259990376e-02,-2.127400096238463e-06
3000,8,1.500000000000000e-02,1.500165652444079e-02,-1.656524440790327e-06
3000,9,1.200000000000000e-02,1.199610124472648e-02,3.898755273517782e-06
3000,10,-1.000000000000000e-02,-1.000276355079543e-02,2.763550795426006e-06
3000,11,8.999999999999999e-03,9.005108307567126e-03,-5.108307567126477e-06
3000,12,8.000000000000000e-03,7.995873133732794e-03,4.126866267205667e-06
3000,13,-7.000000000000000e-03,-7.002550777332475e-03,2.550777332474899e-06
3000,14,6.000000000000000e-03,6.004056238867145e-03,-4.056238867144492e-06
3000,15,5.000000000000000e-03,4.998472964429806e-03,1.527035570193791e-06
3000,16,-4.000000000000000e-03,-4.001899977580783e-03,1.899977580782468e-06
3000,17,3.500000000000000e-03,3.500161871776287e-03,-1.618717762868344e-07
3000,18,3.000000000000000e-03,3.000022109142676e-03,-2.210914267592942e-08
3000,19,-2.500000000000000e-03,-2.501094588066966e-03,1.094588066965878e-06
3000,20,2.000000000000000e-03,1.998169648887653e-03,1.830351112346636e-06
3000,21,1.800000000000000e-03,1.800895935429278e-03,-8.959354292779800e-07
3000,22,-1.500000000000000e-03,-1.499094478160753e-03,-9.055218392465571e-07
3000,23,1.200000000000000e-03,1.196925702983051e-03,3.074297016948625e-06
3000,24,1.000000000000000e-03,1.001738492123910e-03,-1.738492123909592e-06
3000,25,-8.000000000000000e-04,-8.010251766696346e-04,1.025176669634527e-06
3000,26,5.999999999999999e-04,5.981428033899853e-04,1.857196610014693e-06
3000,27,5.000000000000000e-04,4.988170305174902e-04,1.182969482509859e-06
3000,28,-4.000000000000000e-04,-3.989295749459702e-04,-1.070425054029830e-06
3000,29,3.000000000000000e-04,2.985966301835250e-04,1.403369816474942e-06
3100,0,1.200000000000000e-01,1.199939902957636e-01,6.009704236364932e-06
3100,1,-8.000000000000000e-02,-7.999457262345148e-02,-5.427376548516882e-06
3100,2,5.500000000000000e-02,5.499811649703762e-02,1.883502962381212e-06
3100,3,4.000000000000000e-02,3.999516622146845e-02,4.833778531554422e-06
3100,4,-3.000000000000000e-02,-2.999575670932554e-02,-4.243290674461192e-06
3100,5,2.500000000000000e-02,2.499967422097432e-02,3.257790256797066e-07
3100,6,2.000000000000000e-02,1.999624830613825e-02,3.751693861752531e-06
3100,7,-1.800000000000000e-02,-1.799845779707627e-02,-1.542202923733582e-06
3100,8,1.500000000000000e-02,1.500147223941741e-02,-1.472239417415339e-06
3100,9,1.200000000000000e-02,1.199679253332841e-02,3.207466671586653e-06
3100,10,-1.000000000000000e-02,-1.000216532142189e-02,2.165321421890992e-06
3100,11,8.999999999999999e-03,9.003709408490827e-03,-3.709408490827279e-06
3100,12,8.000000000000000e-03,7.996631276736221e-03,3.368723263778850e-06
3100,13,-7.000000000000000e-03,-7.001910709884942e-03,1.910709884941561e-06
3100,14,6.000000000000000e-03,6.002870738920528e-03,-2.870738920528366e-06
3100,15,5.000000000000000e-03,4.998357250298019e-03,1.642749701980667e-06
3100,16,-4.000000000000000e-03,-4.001556552221640e-03,1.556552221639723e-06
3100,17,3.500000000000000e-03,3.500276934578229e-03,-2.769345782290510e-07
3100,18,3.000000000000000e-03,2.999484864511980e-03,5.151354880205197e-07
3100,19,-2.500000000000000e-03,-2.500750160277271e-03,7.501602772705049e-07
3100,20,2.000000000000000e-03,1.998534509979855e-03,1.465490020145094e-06
3100,21,1.800000000000000e-03,1.800551928749618e-03,-5.519287496176875e-07
3100,22,-1.500000000000000e-03,-1.499399805365344e-03,-6.001946346559546e-07
3100,23,1.200000000000000e-03,1.197960698952396e-03,2.039301047603416e-06
3100,24,1.000000000000000e-03,1.000907648580150e-03,-9.076485801501680e-07
3100,25,-8.000000000000000e-04,-8.008938493086746e-04,8.938493086745698e-07
3100,26,5.999999999999999e-04,5.987648762916023e-04,1.235123708397622e-06
3100,27,5.000000000000000e-04,4.994590641411289e-04,5.409358588711298e-07
3100,28,-4.000000000000000e-04,-3.998431353928362e-04,-1.568646071638214e-07
3100,29,3.000000000000000e-04,2.990563224329544e-04,9.436775670455962e-07
3200,0,1.200000000000000e-01,1.199952042235929e-01,4.795776407093277e-06
3200,1,-8.000000000000000e-02,-7.999662150679236e-02,-3.378493207639721e-06
3200,2,5.500000000000000e-02,5.499900455447411e-02,9.954455258906481e-07
3200,3,4.000000000000000e-02,3.999664087392887e-02,3.359126071134089e-06
3200,4,-3.000000000000000e-02,-2.999750452731362e-02,-2.495472686374345e-06
3200,5,2.500000000000000e-02,2.499974103607002e-02,2.589639299839519e-07
3200,6,2.000000000000000e-02,1.999777164881852e-02,2.228351181479682e-06
3200,7,-1.800000000000000e-02,-1.799896331548168e-02,-1.036684518316427e-06
3200,8,1.500000000000000e-02,1.500058462248924e-02,-5.846224892420981e-07
3200,9,1.200000000000000e-02,1.199811116489464e-02,1.888835105356632e-06
3200,10,-1.000000000000000e-02,-1.000145698400971e-02,1.456984009710893e-06
3200,11,8.999999999999999e-03,9.002201396549290e-03,-2.201396549290219e-06
3200,12,8.000000000000000e-03,7.997683545778298e-03,2.316454221702388e-06
3200,13,-7.000000000000000e-03,-7.000836966791701e-03,8.369667917011020e-07
3200,14,6.000000000000000e-03,6.001724558655434e-03,-1.724558655434236e-06
3200,15,5.000000000000000e-03,4.998366798110062e-03,1.633201889937944e-06
3200,16,-4.000000000000000e-03,-4.000402429804734e-03,4.024298047335118e-07
3200,17,3.500000000000000e-03,3.500150309616941e-03,-1.503096169405693e-07
3200,18,3.000000000000000e-03,2.999058170937940e-03,9.418290620602857e-07
3200,19,-2.500000000000000e-03,-2.500334322492067e-03,3.343224920671767e-07
3200,20,2.000000000000000e-03,1.999231969051312e-03,7.680309486884397e-07
3200,21,1.800000000000000e-03,1.800337190562938e-03,-3.371905629376021e-07
3200,22,-1.500000000000000e-03,-1.499849600496762e-03,-1.503995032381931e-07
3200,23,1.200000000000000e-03,1.198622419112190e-03,1.377580887810181e-06
3200,24,1.000000000000000e-03,1.000811877975237e-03,-8.118779752366509e-07
3200,25,-8.000000000000000e-04,-8.009262967366991e-04,9.262967366990664e-07
3200,26,5.999999999999999e-04,5.988951709026979e-04,1.104829097302025e-06
3200,27,5.000000000000000e-04,4.999585408047068e-04,4.145919529322147e-08
3200,28,-4.000000000000000e-04,-4.002393605263006e-04,2.393605263006221e-07
3200,29,3.000000000000000e-04,2.991353054335340e-04,8.646945664659710e-07
3300,0,1.200000000000000e-01,1.199966765163541e-01,3.323483645872871e-06
3300,1,-8.000000000000000e-02,-7.999759023822881e-02,-2.409761771196561e-06
3300,2,5.500000000000000e-02,5.499949271269884e-02,5.072873011588430e-07
3300,3,4.000000000000000e-02,3.999774098996076e-02,2.259010039237785e-06
3300,4,-3.000000000000000e-02,-2.999834509842662e-02,-1.654901573375223e-06
3300,5,2.500000000000000e-02,2.500006564158031e-02,-6.564158030672451e-08
3300,6,2.000000000000000e-02,1.999845474013478e-02,1.545259865218251e-06
3300,7,-1.800000000000000e-02,-1.799913562839246e-02,-8.643716075361352e-07
3300,8,1.500000000000000e-02,1.500047171706362e-02,-4.717170636204387e-07
3300,9,1.200000000000000e-02,1.199859602643300e-02,1.403973566998368e-06
3300,10,-1.000000000000000e-02,-1.000067394318389e-02,6.739431838934801e-07
3300,11,8.999999999999999e-03,9.001437862827090e-03,-1.437862827090991e-06
3300,12,8.000000000000000e-03,7.998449925817275e-03,1.550074182725403e-06
3300,13,-7.000000000000000e-03,-7.000226958012322e-03,2.269580123221218e-07
3300,14,6.000000000000000e-03,6.001165664048153e-03,-1.165664048152423e-06
3300,15,5.000000000000000e-03,4.998827282469045e-03,1.172717530955464e-06
3300,16,-4.000000000000000e-03,-4.000023467175227e-03,2.346717522649228e-08
3300,17,3.500000000000000e-03,3.500224340101739e-03,-2.243401017389297e-07
3300,18,3.000000000000000e-03,2.999173947950022e-03,8.260520499778212e-07
3300,19,-2.500000000000000e-03,-2.499971814929924e-03,-2.818507007645854e-08
3300,20,2.000000000000000e-03,1.999528337733674e-03,4.716622663256988e-07
3300,21,1.800000000000000e-03,1.800223510844962e-03,-2.235108449624018e-07
3300,22,-1.500000000000000e-03,-1.499834013604458e-03,-1.659863955419567e-07
3300,23,1.200000000000000e-03,1.199043640002572e-03,9.563599974282255e-07
3300,24,1.000000000000000e-03,1.000636677721296e-03,-6.366777212955723e-07
3300,25,-8.000000000000000e-04,-8.006434635250255e-04,6.434635250254783e-07
3300,26,5.999999999999999e-04,5.990941950523882e-04,9.058049476117587e-07
3300,27,5.000000000000000e-04,5.000113312024978e-04,-1.133120249778401e-08
3300,28,-4.000000000000000e-04,-3.998691167786764e-04,-1.308832213236470e-07
3300,29,3.000000000000000e-04,2.990564179383879e-04,9.435820616121192e-07
3400,0,1.200000000000000e-01,1.199975805859237e-01,2.419414076290649e-06
3400,1,-8.000000000000000e-02,-7.999829146192995e-02,-1.708538070049892e-06
3400,2,5.500000000000000e-02,5.499947350681692e-02,5.264931830784025e-07
3400,3,4.000000000000000e-02,3.999850920528158e-02,1.490794718422839e-06
3400,4,-3.000000000000000e-02,-2.999900326529151e-02,-9.967347084881284e-07
3400,5,2.500000000000000e-02,2.499982969530983e-02,1.703046901696537e-07
3400,6,2.000000000000000e-02,1.999900340809975e-02,9.965919002541401e-07
3400,7,-1.800000000000000e-02,-1.799941960667317e-02,-5.803933268259953e-07
3400,8,1.500000000000000e-02,1.500024736306588e-02,-2.473630658760689e-07
3400,9,1.200000000000000e-02,1.199927193863690e-02,7.280613631022864e-07
3400,10,-1.000000000000000e-02,-1.000059193592901e-02,5.919359290073450e-07
3400,11,8.999999999999999e-03,9.001015119041571e-03,-1.015119041571783e-06
3400,12,8.000000000000000e-03,7.999000409203844e-03,9.995907961565798e-07
3400,13,-7.000000000000000e-03,-7.000372746848016e-03,3.727468480159424e-07
3400,14,6.000000000000000e-03,6.000712942217729e-03,-7.129422177291206e-07
3400,15,5.000000000000000e-03,4.999258826117178e-03,7.411738828224865e-07
3400,16,-4.000000000000000e-03,-4.000094998849164e-03,9.499884916393253e-08
3400,17,3.500000000000000e-03,3.500203454649718e-03,-2.034546497183161e-07
3400,18,3.000000000000000e-03,2.999509692981460e-03,4.903070185404909e-07
3400,19,-2.500000000000000e-03,-2.499942380549868e-03,-5.761945013173578e-08
3400,20,2.000000000000000e-03,1.999652332251048e-03,3.476677489524203e-07
3400,21,1.800000000000000e-03,1.800108709512547e-03,-1.087095125465540e-07
3400,22,-1.500000000000000e-03,-1.499870631321229e-03,-1.293686787710770e-07
3400,23,1.200000000000000e-03,1.199187347355577e-03,8.126526444228715e-07
3400,24,1.000000000000000e-03,1.000548786473359e-03,-5.487864733590489e-07
3400,25,-8.000000000000000e-04,-8.005596861176696e-04,5.596861176695349e-07
3400,26,5.999999999999999e-04,5.994457375115457e-04,5.542624884541988e-07
3400,27,5.000000000000000e-04,5.000283752397831e-04,-2.837523978304647e-08
3400,28,-4.000000000000000e-04,-3.999051780898837e-04,-9.482191011631752e-08
3400,29,3.000000000000000e-04,2.993056132675263e-04,6.943867324737127e-07
3500,0,1.200000000000000e-01,1.199981914458987e-01,1.808554101284665e-06
3500,1,-8.000000000000000e-02,-7.999882861766160e-02,-1.171382338405191e-06
3500,2,5.500000000000000e-02,5.499977694941530e-02,2.230505847036768e-07
3500,3,4.000000000000000e-02,3.999884897035653e-02,1.151029643473023e-06
3500,4,-3.000000000000000e-02,-2.999928578478962e-02,-7.142152103761790e-07
3500,5,2.500000000000000e-02,2.499982908411117e-02,1.709158888307805e-07
3500,6,2.000000000000000e-02,1.999933937718444e-02,6.606228155556226e-07
3500,7,-1.800000000000000e-02,-1.799966661215751e-02,-3.333878424889580e-07
3500,8,1.500000000000000e-02,1.500013095978613e-02,-1.309597861317430e-07
3500,9,1.200000000000000e-02,1.199941984240582e-02,5.801575941773163e-07
3500,10,-1.000000000000000e-02,-1.000040136058852e-02,4.013605885179461e-07
3500,11,8.999999999999999e-03,9.000692292988412e-03,-6.922929884130985e-07
3500,12,8.000000000000000e-03,7.999262998294079e-03,7.370017059207812e-07
3500,13,-7.000000000000000e-03,-7.000169017713797e-03,1.690177137969595e-07
3500,14,6.000000000000000e-03,6.000518640905460e-03,-5.186409054594790e-07
3500,15,5.000000000000000e-03,4.999380489670847e-03,6.195103291533818e-07
3500,16,-4.000000000000000e-03,-4.000009769088909e-03,9.769088908477552e-09
3500,17,3.500000000000000e-03,3.500095468379874e-03,-9.546837987381776e-08
3500,18,3.000000000000000e-03,2.999578561377625e-03,4.214386223749811e-07
3500,19,-2.500000000000000e-03,-2.499936332267073e-03,-6.366773292691003e-08
3500,20,2.000000000000000e-03,1.999713633647894e-03,2.863663521061530e-07
3500,21,1.800000000000000e-03,1.800014045406244e-03,-1.404540624430628e-08
3500,22,-1.500000000000000e-03,-1.499986322170331e-03,-1.367782966900898e-08
3500,23,1.200000000000000e-03,1.199552465301896e-03,4.475346981037097e-07
3500,24,1.000000000000000e-03,1.000323477512327e-03,-3.234775123265449e-07
3500,25,-8.000000000000000e-04,-8.005808714853474e-04,5.808714853473449e-07
3500,26,5.999999999999999e-04,5.999024851025759e-04,9.751489742407769e-08
3500,27,5.000000000000000e-04,4.999226731625699e-04,7.732683743007836e-08
3500,28,-4.000000000000000e-04,-4.000207891513538e-04,2.078915135379127e-08
3500,29,3.000000000000000e-04,2.995598228616113e-04,4.401771383886360e-07
3600,0,1.200000000000000e-01,1.199986741446290e-01,1.325855371034357e-06
3600,1,-8.000000000000000e-02,-7.999917532461559e-02,-8.246753844115551e-07
3600,2,5.500000000000000e-02,5.499982409133516e-02,1.759086648428498e-07
3600,3,4.000000000000000e-02,3.999907002008261e-02,9.299799173939638e-07
3600,4,-3.000000000000000e-02,-2.999941200813137e-02,-5.879918686287067e-07
3600,5,2.500000000000000e-02,2.499979470843623e-02,2.052915637727748e-07
3600,6,2.000000000000000e-02,1.999952118436102e-02,4.788156389781695e-07
3600,7,-1.800000000000000e-02,-1.799982073380826e-02,-1.792661917417171e-07
3600,8,1.500000000000000e-02,1.500008137871990e-02,-8.137871990165912e-08
3600,9,1.200000000000000e-02,1.199951570867566e-02,4.842913243451041e-07
3600,10,-1.000000000000000e-02,-1.000032517288039e-02,3.251728803912307e-07
3600,11,8.999999999999999e-03,9.000436684180295e-03,-4.366841802952437e-07
3600,12,8.000000000000000e-03,7.999459006928476e-03,5.409930715245814e-07
3600,13,-7.000000000000000e-03,-7.000128559603410e-03,1.285596034098987e-07
3600,14,6.000000000000000e-03,6.000265809914552e-03,-2.658099145522522e-07
3600,15,5.000000000000000e-03,4.999500441494298e-03,4.995585057019150e-07
3600,16,-4.000000000000000e-03,-4.000001636923337e-03,1.636923337329510e-09
3600,17,3.500000000000000e-03,3.500008028639721e-03,-8.028639720929209e-09
3600,18,3.000000000000000e-03,2.999640611795098e-03,3.593882049023750e-07
3600,19,-2.500000000000000e-03,-2.499874243297635e-03,-1.257567023653892e-07
3600,20,2.000000000000000e-03,1.999643572646224e-03,3.564273537764659e-07
3600,21,1.800000000000000e-03,1.800002940299486e-03,-2.940299486308903e-09
3600,22,-1.500000000000000e-03,-1.499931665968655e-03,-6.833403134532193e-08
3600,23,1.200000000000000e-03,1.199588419449858e-03,4.115805501418886e-07
3600,24,1.000000000000000e-03,1.000177094070931e-03,-1.770940709308090e-07
3600,25,-8.000000000000000e-04,-8.003057268031510e-04,3.057268031510067e-07
3600,26,5.999999999999999e-04,5.997638332079089e-04,2.361667920910190e-07
3600,27,5.000000000000000e-04,4.999275376482454e-04,7.246235175458783e-08
3600,28,-4.000000000000000e-04,-3.999424924371205e-04,-5.750756287950564e-08
3600,29,3.000000000000000e-04,2.995834982970406e-04,4.165017029593323e-07
3700,0,1.200000000000000e-01,1.199990946010807e-01,9.053989192958634e-07
3700,1,-8.000000000000000e-02,-7.999938739307862e-02,-6.126069213852059e-07
3700,2,5.500000000000000e-02,5.499984537295646e-02,1.546270435373587e-07
3700,3,4.000000000000000e-02,3.999935717021514e-02,6.428297848609654e-07
3700,4,-3.000000000000000e-02,-2.999962273668341e-02,-3.772633165900763e-07
3700,5,2.500000000000000e-02,2.499993732755874e-02,6.267244126098581e-08
3700,6,2.000000000000000e-02,1.999959831189345e-02,4.016881065514732e-07
3700,7,-1.800000000000000e-02,-1.799987708850465e-02,-1.229114953531230e-07
3700,8,1.500000000000000e-02,1.500006044158157e-02,-6.044158156956470e-08
3700,9,1.200000000000000e-02,1.199961774611845e-02,3.822538815530935e-07
3700,10,-1.000000000000000e-02,-1.000024714033004e-02,2.471403300428193e-07
3700,11,8.999999999999999e-03,9.000330066668947e-03,-3.300666689479148e-07
3700,12,8.000000000000000e-03,7.999565685006368e-03,4.343149936324175e-07
3700,13,-7.000000000000000e-03,-7.000112462840384e-03,1.124628403841033e-07
3700,14,6.000000000000000e-03,6.000180239928244e-03,-1.802399282437375e-07
3700,15,5.000000000000000e-03,4.999597457113722e-03,4.025428862776403e-07
3700,16,-4.000000000000000e-03,-4.000036892589516e-03,3.689258951632135e-08
3700,17,3.500000000000000e-03,3.499996687804801e-03,3.312195198668100e-09
3700,18,3.000000000000000e-03,2.999727386240623e-03,2.726137593774686e-07
3700,19,-2.500000000000000e-03,-2.499971535507706e-03,-2.846449229446102e-08
3700,20,2.000000000000000e-03,1.999785297429266e-03,2.147025707343458e-07
3700,21,1.800000000000000e-03,1.799955710678526e-03,4.428932147437260e-08
3700,22,-1.500000000000000e-03,-1.499964850323401e-03,-3.514967659903195e-08
3700,23,1.200000000000000e-03,1.199757651785463e-03,2.423482145365394e-07
3700,24,1.000000000000000e-03,1.000105844875140e-03,-1.058448751399283e-07
3700,25,-8.000000000000000e-04,-8.001908672294816e-04,1.908672294815422e-07
3700,26,5.999999999999999e-04,5.997978424730316e-04,2.021575269683940e-07
3700,27,5.000000000000000e-04,4.999526538267277e-04,4.734617327232030e-08
3700,28,-4.000000000000000e-04,-3.999230006990362e-04,-7.699930096381324e-08
3700,29,3.000000000000000e-04,2.996707228624360e-04,3.292771375640129e-07
3800,0,1.200000000000000e-01,1.199993056519697e-01,6.943480302668004e-07
3800,1,-8.000000000000000e-02,-7.999955863724319e-02,-4.413627568145007e-07
3800,2,5.500000000000000e-02,5.499991479599095e-02,8.520400904959979e-08
3800,3,4.000000000000000e-02,3.999952709122941e-02,4.729087705879209e-07
3800,4,-3.000000000000000e-02,-2.999973135292308e-02,-2.686470769210081e-07
3800,5,2.500000000000000e-02,2.499990793596155e-02,9.206403845177236e-08
3800,6,2.000000000000000e-02,1.999971010381446e-02,2.898961855395121e-07
3800,7,-1.800000000000000e-02,-1.799989151469622e-02,-1.084853037749967e-07
3800,8,1.500000000000000e-02,1.499998565378162e-02,1.434621838165839e-08
3800,9,1.200000000000000e-02,1.199973091851171e-02,2.690814882907316e-07
3800,10,-1.000000000000000e-02,-1.000019148040223e-02,1.914804022284944e-07
3800,11,8.999999999999999e-03,9.000241851568254e-03,-2.418515682549305e-07
3800,12,8.000000000000000e-03,7.999686634093738e-03,3.133659062619365e-07
3800,13,-7.000000000000000e-03,-7.000086664920250e-03,8.666492024977240e-08
3800,14,6.000000000000000e-03,6.000131372924378e-03,-1.313729243775791e-07
3800,15,5.000000000000000e-03,4.999665478991303e-03,3.345210086973943e-07
3800,16,-4.000000000000000e-03,-4.000011726248312e-03,1.172624831177055e-08
3800,17,3.500000000000000e-03,3.500011497781024e-03,-1.149778102371365e-08
3800,18,3.000000000000000e-03,2.999792017805495e-03,2.079821945053136e-07
3800,19,-2.500000000000000e-03,-2.500013108965952e-03,1.310896595180938e-08
3800,20,2.000000000000000e-03,1.999874849558369e-03,1.251504416314997e-07
3800,21,1.800000000000000e-03,1.799937448062022e-03,6.255193797806945e-08
3800,22,-1.500000000000000e-03,-1.500009982587930e-03,9.982587929674089e-09
3800,23,1.200000000000000e-03,1.199848940779367e-03,1.510592206328387e-07
3800,24,1.000000000000000e-03,1.000067635634787e-03,-6.763563478663810e-08
3800,25,-8.000000000000000e-04,-8.001716585010195e-04,1.716585010194281e-07
3800,26,5.999999999999999e-04,5.998965046890803e-04,1.034953109196619e-07
3800,27,5.000000000000000e-04,4.999679366006964e-04,3.206339930356388e-08
3800,28,-4.000000000000000e-04,-3.999518852726723e-04,-4.811472732773247e-08
3800,29,3.000000000000000e-04,2.997523084488677e-04,2.476915511323173e-07
3900,0,1.200000000000000e-01,1.199995039865614e-01,4.960134385861847e-07
3900,1,-8.000000000000000e-02,-7.999970145141025e-02,-2.985485897527562e-07
3900,2,5.500000000000000e-02,5.499993242306919e-02,6.757693081504978e-08
3900,3,4.000000000000000e-02,3.999966034356733e-02,3.396564326740847e-07
3900,4,-3.000000000000000e-02,-2.999983217246345e-02,-1.678275365520066e-07
3900,5,2.500000000000000e-02,2.499995664485657e-02,4.335514343367652e-08
3900,6,2.000000000000000e-02,1.999979249963701e-02,2.075003629926908e-07
3900,7,-1.800000000000000e-02,-1.799995280210932e-02,-4.719789067908486e-08
3900,8,1.500000000000000e-02,1.500000227500991e-02,-2.275009911359427e-09
3900,9,1.200000000000000e-02,1.199981043432997e-02,1.895656700345166e-07
3900,10,-1.000000000000000e-02,-1.000015409402102e-02,1.540940210206093e-07
3900,11,8.999999999999999e-03,9.000147097969905e-03,-1.470979699054464e-07
3900,12,8.000000000000000e-03,7.999788706211571e-03,2.112937884293092e-07
3900,13,-7.000000000000000e-03,-7.000023029573742e-03,2.302957374192977e-08
3900,14,6.000000000000000e-03,6.000057915810426e-03,-5.791581042611377e-08
3900,15,5.000000000000000e-03,4.999743085586011e-03,2.569144139886667e-07
3900,16,-4.000000000000000e-03,-3.999954765593234e-03,-4.523440676629936e-08
3900,17,3.500000000000000e-03,3.499985558058232e-03,1.444194176834085e-08
3900,18,3.000000000000000e-03,2.999807740593836e-03,1.922594061645050e-07
3900,19,-2.500000000000000e-03,-2.499942853743592e-03,-5.714625640794793e-08
3900,20,2.000000000000000e-03,1.999849263425149e-03,1.507365748505685e-07
3900,21,1.800000000000000e-03,1.799939025347117e-03,6.097465288278439e-08
3900,22,-1.500000000000000e-03,-1.499980221625310e-03,-1.977837468998024e-08
3900,23,1.200000000000000e-03,1.199878472022035e-03,1.215279779647957e-07
3900,24,1.000000000000000e-03,1.000060724855155e-03,-6.072485515492589e-08
3900,25,-8.000000000000000e-04,-8.001423402269228e-04,1.423402269227656e-07
3900,26,5.999999999999999e-04,5.999352648595600e-04,6.473514043998235e-08
3900,27,5.000000000000000e-04,4.999423871992504e-04,5.761280074962748e-08
3900,28,-4.000000000000000e-04,-3.999942299525056e-04,-5.770047494381252e-09
3900,29,3.000000000000000e-04,2.998600391072255e-04,1.399608927744943e-07
4000,0,1.200000000000000e-01,1.199996909372030e-01,3.090627970214754e-07
4000,1,-8.000000000000000e-02,-7.999980447789022e-02,-1.955221097804660e-07
4000,2,5.500000000000000e-02,5.499993401566089e-02,6.598433911070289e-08
4000,3,4.000000000000000e-02,3.999978186819042e-02,2.181318095803575e-07
4000,4,-3.000000000000000e-02,-2.999990275604745e-02,-9.724395255358842e-08
4000,5,2.500000000000000e-02,2.499997560991664e-02,2.439008336616033e-08
4000,6,2.000000000000000e-02,1.999984817895066e-02,1.518210493364758e-07
4000,7,-1.800000000000000e-02,-1.799996527720558e-02,-3.472279442098825e-08
4000,8,1.500000000000000e-02,1.499999478598918e-02,5.214010815116077e-09
4000,9,1.200000000000000e-02,1.199986737814221e-02,1.326218577891308e-07
4000,10,-1.000000000000000e-02,-1.000011881017636e-02,1.188101763638372e-07
4000,11,8.999999999999999e-03,9.000072548626191e-03,-7.254862619161806e-08
4000,12,8.000000000000000e-03,7.999877497868763e-03,1.225021312376007e-07
4000,13,-7.000000000000000e-03,-7.000041798151830e-03,4.179815182945440e-08
4000,14,6.000000000000000e-03,6.000006715371876e-03,-6.715371875763709e-09
4000,15,5.000000000000000e-03,4.999838027266544e-03,1.619727334565418e-07
4000,16,-4.000000000000000e-03,-4.000016963945302e-03,1.696394530143613e-08
4000,17,3.500000000000000e-03,3.500017405099200e-03,-1.740509920000397e-08
4000,18,3.000000000000000e-03,2.999858521533915e-03,1.414784660848378e-07
4000,19,-2.500000000000000e-03,-2.500025178183339e-03,2.517818333859501e-08
4000,20,2.000000000000000e-03,1.999952746601524e-03,4.725339847579460e-08
4000,21,1.800000000000000e-03,1.799929216118151e-03,7.078388184898927e-08
4000,22,-1.500000000000000e-03,-1.500026164498297e-03,2.616449829690413e-08
4000,23,1.200000000000000e-03,1.199961077355207e-03,3.892264479297969e-08
4000,24,1.000000000000000e-03,9.999820728278800e-04,1.792717212005523e-08
4000,25,-8.000000000000000e-04,-8.000996641170112e-04,9.966411701120819e-08
4000,26,5.999999999999999e-04,5.999567159802729e-04,4.328401972703445e-08
4000,27,5.000000000000000e-04,4.999411776125013e-04,5.882238749874927e-08
4000,28,-4.000000000000000e-04,-4.000120789744191e-04,1.207897441909880e-08
4000,29,3.000000000000000e-04,2.998974910621892e-04,1.025089378107655e-07
4100,0,1.200000000000000e-01,1.199997779715506e-01,2.220284494175440e-07
4100,1,-8.000000000000000e-02,-7.999988731736854e-02,-1.126826314618024e-07
4100,2,5.500000000000000e-02,5.499994580134702e-02,5.419865297534576e-08
4100,3,4.000000000000000e-02,3.999987218984965e-02,1.278101503521256e-07
4100,4,-3.000000000000000e-02,-2.999995902860364e-02,-4.097139635547697e-08
4100,5,2.500000000000000e-02,2.499996665184873e-02,3.334815126820878e-08
4100,6,2.000000000000000e-02,1.999991186335849e-02,8.813664150592038e-08
4100,7,-1.800000000000000e-02,-1.799999101361403e-02,-8.986385965220611e-09
4100,8,1.500000000000000e-02,1.499996854687129e-02,3.145312870746209e-08
4100,9,1.200000000000000e-02,1.199990624788497e-02,9.375211502613001e-08
4100,10,-1.000000000000000e-02,-1.000009326039427e-02,9.326039426479915e-08
4100,11,8.999999999999999e-03,9.000036811967455e-03,-3.681196745521087e-08
4100,12,8.000000000000000e-03,7.999915529733144e-03,8.447026685586001e-08
4100,13,-7.000000000000000e-03,-7.000038676686305e-03,3.867668630502807e-08
4100,14,6.000000000000000e-03,5.999996282163754e-03,3.717836246329431e-09
4100,15,5.000000000000000e-03,4.999890947807433e-03,1.090521925669816e-07
4100,16,-4.000000000000000e-03,-4.000024763519457e-03,2.476351945723820e-08
4100,17,3.500000000000000e-03,3.500016478578460e-03,-1.647857846009959e-08
4100,18,3.000000000000000e-03,2.999887942546874e-03,1.120574531256191e-07
4100,19,-2.500000000000000e-03,-2.500022438071255e-03,2.243807125518194e-08
4100,20,2.000000000000000e-03,1.999961263680959e-03,3.873631904127706e-08
4100,21,1.800000000000000e-03,1.799940780105438e-03,5.921989456171388e-08
4100,22,-1.500000000000000e-03,-1.500001279909291e-03,1.279909290748463e-09
4100,23,1.200000000000000e-03,1.199971245745945e-03,2.875425405440314e-08
4100,24,1.000000000000000e-03,9.999658027246903e-04,3.419727530968794e-08
4100,25,-8.000000000000000e-04,-8.000708661467968e-04,7.086614679677281e-08
4100,26,5.999999999999999e-04,5.999829624497546e-04,1.703755024529911e-08
4100,27,5.000000000000000e-04,4.999494749917630e-04,5.052500823699967e-08
4100,28,-4.000000000000000e-04,-4.000197879003838e-04,1.978790038374484e-08
4100,29,3.000000000000000e-04,2.999397374906570e-04,6.026250934300804e-08
4200,0,1.200000000000000e-01,1.199998248643351e-01,1.751356648732605e-07
4200,1,-8.000000000000000e-02,-7.999990971451719e-02,-9.028548281220239e-08
4200,2,5.500000000000000e-02,5.499995760514612e-02,4.239485387746988e-08
4200,3,4.000000000000000e-02,3.999990555662160e-02,9.444337840253114e-08
4200,4,-3.000000000000000e-02,-2.999996766271797e-02,-3.233728202572950e-08
4200,5,2.500000000000000e-02,2.499997402676427e-02,2.597323573577670e-08
4200,6,2.000000000000000e-02,1.999993035463564e-02,6.964536436449009e-08
4200,7,-1.800000000000000e-02,-1.799998288782724e-02,-1.711217276212373e-08
4200,8,1.500000000000000e-02,1.499998615866804e-02,1.384133196079274e-08
4200,9,1.200000000000000e-02,1.199992813492063e-02,7.186507936830788e-08
4200,10,-1.000000000000000e-02,-1.000006385440677e-02,6.385440677082743e-08
4200,11,8.999999999999999e-03,9.000036863553889e-03,-3.686355388998752e-08
4200,12,8.000000000000000e-03,7.999945852376313e-03,5.414762368691206e-08
4200,13,-7.000000000000000e-03,-7.000020849505774e-03,2.084950577376649e-08
4200,14,6.000000000000000e-03,6.000001995204418e-03,-1.995204417480634e-09
4200,15,5.000000000000000e-03,4.999925974057930e-03,7.402594206975394e-08
4200,16,-4.000000000000000e-03,-4.000018006947626e-03,1.800694762570110e-08
4200,17,3.500000000000000e-03,3.500025961713225e-03,-2.596171322453295e-08
4200,18,3.000000000000000e-03,2.999914056575515e-03,8.594342448516382e-08
4200,19,-2.500000000000000e-03,-2.500022510721897e-03,2.251072189676101e-08
4200,20,2.000000000000000e-03,1.999973848065569e-03,2.615193443137459e-08
4200,21,1.800000000000000e-03,1.799966838775189e-03,3.316122481103988e-08
4200,22,-1.500000000000000e-03,-1.500008091578897e-03,8.091578896935597e-09
4200,23,1.200000000000000e-03,1.199982363154021e-03,1.763684597910591e-08
4200,24,1.000000000000000e-03,9.999845875499562e-04,1.541245004386439e-08
4200,25,-8.000000000000000e-04,-8.000608622363544e-04,6.086223635433288e-08
4200,26,5.999999999999999e-04,5.999903039554207e-04,9.696044579211860e-09
4200,27,5.000000000000000e-04,4.999595263960197e-04,4.047360398033977e-08
4200,28,-4.000000000000000e-04,-4.000153748257037e-04,1.537482570369755e-08
4200,29,3.000000000000000e-04,2.999440222177936e-04,5.597778220638302e-08
4300,0,1.200000000000000e-01,1.199998804482887e-01,1.195517113222744e-07
4300,1,-8.000000000000000e-02,-7.999993703572780e-02,-6.296427219887324e-08
4300,2,5.500000000000000e-02,5.499996451500250e-02,3.548499750288814e-08
4300,3,4.000000000000000e-02,3.999992812472999e-02,7.187527000657168e-08
4300,4,-3.000000000000000e-02,-2.999998314528943e-02,-1.685471056819821e-08
4300,5,2.500000000000000e-02,2.499998475323034e-02,1.524676966624394e-08
4300,6,2.000000000000000e-02,1.999994242809224e-02,5.757190775848575e-08
4300,7,-1.800000000000000e-02,-1.799999151204475e-02,-8.487955251851309e-09
4300,8,1.500000000000000e-02,1.499998695533203e-02,1.304466797254211e-08
4300,9,1.200000000000000e-02,1.199994375228510e-02,5.624771490242431e-08
4300,10,-1.000000000000000e-02,-1.000004172516346e-02,4.172516345976596e-08
4300,11,8.999999999999999e-03,9.000027305658463e-03,-2.730565846348343e-08
4300,12,8.000000000000000e-03,7.999948459201741e-03,5.154079825951674e-08
4300,13,-7.000000000000000e-03,-7.000014378048004e-03,1.437804800392961e-08
4300,14,6.000000000000000e-03,6.000005024641053e-03,-5.024641053057166e-09
4300,15,5.000000000000000e-03,4.999947522295689e-03,5.247770431138915e-08
4300,16,-4.000000000000000e-03,-4.000017512923699e-03,1.751292369889940e-08
4300,17,3.500000000000000e-03,3.500011736791710e-03,-1.173679170952263e-08
4300,18,3.000000000000000e-03,2.999944867030122e-03,5.513296987827085e-08
4300,19,-2.500000000000000e-03,-2.500015536172555e-03,1.553617255461645e-08
4300,20,2.000000000000000e-03,1.999976724516361e-03,2.327548363854209e-08
4300,21,1.800000000000000e-03,1.799971990479506e-03,2.800952049377553e-08
4300,22,-1.500000000000000e-03,-1.500006737679296e-03,6.737679296431320e-09
4300,23,1.200000000000000e-03,1.199976243262329e-03,2.375673767126066e-08
4300,24,1.000000000000000e-03,9.999906109081967e-04,9.389091803297875e-09
4300,25,-8.000000000000000e-04,-8.000446972472639e-04,4.469724726387410e-08
4300,26,5.999999999999999e-04,5.999825986808125e-04,1.740131918745967e-08
4300,27,5.000000000000000e-04,4.999828088130227e-04,1.719118697732485e-08
4300,28,-4.000000000000000e-04,-4.000101596028802e-04,1.015960288016900e-08
4300,29,3.000000000000000e-04,2.999589859660092e-04,4.101403399076140e-08
4400,0,1.200000000000000e-01,1.199999076602048e-01,9.233979517131452e-08
4400,1,-8.000000000000000e-02,-7.999995342605069e-02,-4.657394930829284e-08
4400,2,5.500000000000000e-02,5.499996515260375e-02,3.484739624637356e-08
4400,3,4.000000000000000e-02,3.999994234036638e-02,5.765963361631377e-08
4400,4,-3.000000000000000e-02,-2.999998117350771e-02,-1.882649228526767e-08
4400,5,2.500000000000000e-02,2.499998633148347e-02,1.366851652695455e-08
4400,6,2.000000000000000e-02,1.999995377738866e-02,4.622261133568895e-08
4400,7,-1.800000000000000e-02,-1.799999962059032e-02,-3.794096772868905e-10
4400,8,1.500000000000000e-02,1.499998640224940e-02,1.359775060258417e-08
4400,9,1.200000000000000e-02,1.199996086420571e-02,3.913579429276615e-08
4400,10,-1.000000000000000e-02,-1.000003503215424e-02,3.503215423826533e-08
4400,11,8.999999999999999e-03,9.000018268122122e-03,-1.826812212266105e-08
4400,12,8.000000000000000e-03,7.999958617789862e-03,4.138221013777477e-08
4400,13,-7.000000000000000e-03,-7.000016072726546e-03,1.607272654552405e-08
4400,14,6.000000000000000e-03,6.000008329511763e-03,-8.329511762619757e-09
4400,15,5.000000000000000e-03,4.999960046203427e-03,3.995379657326104e-08
4400,16,-4.000000000000000e-03,-4.000018259558724e-03,1.825955872440665e-08
4400,17,3.500000000000000e-03,3.500006001475864e-03,-6.001475864013395e-09
4400,18,3.000000000000000e-03,2.999955942423571e-03,4.405757642912678e-08
4400,19,-2.500000000000000e-03,-2.500013575929127e-03,1.357592912696812e-08
4400,20,2.000000000000000e-03,1.999982073623563e-03,1.792637643709127e-08
4400,21,1.800000000000000e-03,1.799977868777983e-03,2.213122201645545e-08
4400,22,-1.500000000000000e-03,-1.500010637752441e-03,1.063775244107557e-08
4400,23,1.200000000000000e-03,1.199981255652212e-03,1.874434778768343e-08
4400,24,1.000000000000000e-03,9.999912653210726e-04,8.734678927412379e-09
4400,25,-8.000000000000000e-04,-8.000325464944274e-04,3.254649442736412e-08
4400,26,5.999999999999999e-04,5.999833766589924e-04,1.662334100753504e-08
4400,27,5.000000000000000e-04,4.999766631845591e-04,2.333681544091758e-08
4400,28,-4.000000000000000e-04,-4.000068412645462e-04,6.841264546184056e-09
4400,29,3.000000000000000e-04,2.999714992747170e-04,2.850072528296724e-08
4500,0,1.200000000000000e-01,1.199999353171410e-01,6.468285897176518e-08
4500,1,-8.000000000000000e-02,-7.999996526751393e-02,-3.473248606777890e-08
4500,2,5.500000000000000e-02,5.499997474122539e-02,2.525877461356796e-08
4500,3,4.000000000000000e-02,3.999996302226175e-02,3.697773825334094e-08
4500,4,-3.000000000000000e-02,-2.999998944904453e-02,-1.055095547042306e-08
4500,5,2.500000000000000e-02,2.499999708870567e-02,2.911294327140324e-09
4500,6,2.000000000000000e-02,1.999996636214436e-02,3.363785563981203e-08
4500,7,-1.800000000000000e-02,-1.799999449352038e-02,-5.506479622968685e-09
4500,8,1.500000000000000e-02,1.499999033657526e-02,9.663424742692439e-09
4500,9,1.200000000000000e-02,1.199997641429974e-02,2.358570025916273e-08
4500,10,-1.000000000000000e-02,-1.000002357536631e-02,2.357536631018842e-08
4500,11,8.999999999999999e-03,9.000014218353806e-03,-1.421835380682746e-08
4500,12,8.000000000000000e-03,7.999973074392255e-03,2.692560774515684e-08
4500,13,-7.000000000000000e-03,-7.000008901981664e-03,8.901981663964054e-09
4500,14,6.000000000000000e-03,6.000006489179389e-03,-6.489179389147781e-09
4500,15,5.000000000000000e-03,4.999975978452806e-03,2.402154719409466e-08
4500,16,-4.000000000000000e-03,-4.000013814474011e-03,1.381447401090086e-08
4500,17,3.500000000000000e-03,3.500005952973883e-03,-5.952973883369822e-09
4500,18,3.000000000000000e-03,2.999970640732611e-03,2.935926738875660e-08
4500,19,-2.500000000000000e-03,-2.500008135618559e-03,8.135618558609975e-09
4500,20,2.000000000000000e-03,1.999989660267787e-03,1.033973221278850e-08
4500,21,1.800000000000000e-03,1.799987745740753e-03,1.225425924730912e-08
4500,22,-1.500000000000000e-03,-1.500005823354631e-03,5.823354631406125e-09
4500,23,1.200000000000000e-03,1.199985859227300e-03,1.414077270035785e-08
4500,24,1.000000000000000e-03,1.000001538622453e-03,-1.538622453186797e-09
4500,25,-8.000000000000000e-04,-8.000266791293479e-04,2.667912934789431e-08
4500,26,5.999999999999999e-04,5.999875386548638e-04,1.246134513611073e-08
4500,27,5.000000000000000e-04,4.999887964367561e-04,1.120356324390854e-08
4500,28,-4.000000000000000e-04,-4.000048235037180e-04,4.823503718025344e-09
4500,29,3.000000000000000e-04,2.999770255478294e-04,2.297445217061414e-08
4600,0,1.200000000000000e-01,1.199999514529379e-01,4.854706213419657e-08
4600,1,-8.000000000000000e-02,-7.999997680984157e-02,-2.319015843244010e-08
4600,2,5.500000000000000e-02,5.499997881077049e-02,2.118922950988811e-08
4600,3,4.000000000000000e-02,3.999997359837634e-02,2.640162366507326e-08
4600,4,-3.000000000000000e-02,-2.999999566682343e-02,-4.333176567561381e-09
4600,5,2.500000000000000e-02,2.499999388949440e-02,6.110505598039273e-09
4600,6,2.000000000000000e-02,1.999997442606797e-02,2.557393203456160e-08
4600,7,-1.800000000000000e-02,-1.799999638689133e-02,-3.613108669892062e-09
4600,8,1.500000000000000e-02,1.499998796580103e-02,1.203419896893265e-08
4600,9,1.200000000000000e-02,1.199998007188819e-02,1.992811181350529e-08
4600,10,-1.000000000000000e-02,-1.000001954766407e-02,1.954766407422093e-08
4600,11,8.999999999999999e-03,9.000006535625103e-03,-6.535625103609721e-09
4600,12,8.000000000000000e-03,7.999976687169520e-03,2.331283048030708e-08
4600,13,-7.000000000000000e-03,-7.000009520292801e-03,9.520292800629937e-09
4600,14,6.000000000000000e-03,6.000002248756237e-03,-2.248756236777893e-09
4600,15,5.000000000000000e-03,4.999980168139179e-03,1.983186082108596e-08
4600,16,-4.000000000000000e-03,-4.000016635860542e-03,1.663586054155564e-08
4600,17,3.500000000000000e-03,3.500004384129479e-03,-4.384129479156201e-09
4600,18,3.000000000000000e-03,2.999975652365399e-03,2.434763460073749e-08
4600,19,-2.500000000000000e-03,-2.500010643786975e-03,1.064378697462551e-08
4600,20,2.000000000000000e-03,1.999991457498457e-03,8.542501543380016e-09
4600,21,1.800000000000000e-03,1.799986672739625e-03,1.332726037449501e-08
4600,22,-1.500000000000000e-03,-1.500002127629080e-03,2.127629079862192e-09
4600,23,1.200000000000000e-03,1.199984943828535e-03,1.505617146517653e-08
4600,24,1.000000000000000e-03,9.999998450635839e-04,1.549364161274047e-10
4600,25,-8.000000000000000e-04,-8.000200701014288e-04,2.007010142877474e-08
4600,26,5.999999999999999e-04,5.999900855231509e-04,9.914476849096424e-09
4600,27,5.000000000000000e-04,4.999892121352559e-04,1.078786474408878e-08
4600,28,-4.000000000000000e-04,-4.000038572578322e-04,3.857257832205144e-09
4600,29,3.000000000000000e-04,2.999820629480973e-04,1.793705190270261e-08
4700,0,1.200000000000000e-01,1.199999665272357e-01,3.347276433807167e-08
4700,1,-8.000000000000000e-02,-7.999998769250290e-02,-1.230749710479095e-08
4700,2,5.500000000000000e-02,5.499998414332170e-02,1.585667830372728e-08
4700,3,4.000000000000000e-02,3.999998054786583e-02,1.945213416731928e-08
4700,4,-3.000000000000000e-02,-2.999999778527440e-02,-2.214725593890909e-09
4700,5,2.500000000000000e-02,2.499999275507443e-02,7.244925569194205e-09
4700,6,2.000000000000000e-02,1.999998331162357e-02,1.668837643423182e-08
4700,7,-1.800000000000000e-02,-1.799999997481283e-02,-2.518717179267327e-11
4700,8,1.500000000000000e-02,1.499999131553799e-02,8.684462014102445e-09
4700,9,1.200000000000000e-02,1.199998346614216e-02,1.653385784013139e-08
4700,10,-1.000000000000000e-02,-1.000001399106117e-02,1.399106117246085e-08
4700,11,8.999999999999999e-03,9.000001101895045e-03,-1.101895045693690e-09
4700,12,8.000000000000000e-03,7.999985116992639e-03,1.488300736124382e-08
4700,13,-7.000000000000000e-03,-7.000008783334119e-03,8.783334119050190e-09
4700,14,6.000000000000000e-03,5.999999374526266e-03,6.254737344377204e-10
4700,15,5.000000000000000e-03,4.999986106442406e-03,1.389355759433275e-08
4700,16,-4.000000000000000e-03,-4.000011863949373e-03,1.186394937326141e-08
4700,17,3.500000000000000e-03,3.499999324172485e-03,6.758275150446635e-10
4700,18,3.000000000000000e-03,2.999981040440341e-03,1.895955965922763e-08
4700,19,-2.500000000000000e-03,-2.500006295839004e-03,6.295839003779558e-09
4700,20,2.000000000000000e-03,1.999988228834951e-03,1.177116504920070e-08
4700,21,1.800000000000000e-03,1.799990001313650e-03,9.998686350230768e-09
4700,22,-1.500000000000000e-03,-1.499999631898356e-03,-3.681016440010981e-10
4700,23,1.200000000000000e-03,1.199985363687716e-03,1.463631228411713e-08
4700,24,1.000000000000000e-03,9.999971746128668e-04,2.825387133238363e-09
4700,25,-8.000000000000000e-04,-8.000136922699315e-04,1.369226993147132e-08
4700,26,5.999999999999999e-04,5.999891541523508e-04,1.084584764913295e-08
4700,27,5.000000000000000e-04,4.999901223421008e-04,9.877657899189270e-09
4700,28,-4.000000000000000e-04,-4.000028175719686e-04,2.817571968544586e-09
4700,29,3.000000000000000e-04,2.999880885104872e-04,1.191148951278391e-08
4800,0,1.200000000000000e-01,1.199999786238117e-01,2.137618830555521e-08
4800,1,-8.000000000000000e-02,-7.999998769269050e-02,-1.230730950485537e-08
4800,2,5.500000000000000e-02,5.499999032014025e-02,9.679859747091513e-09
4800,3,4.000000000000000e-02,3.999998940387681e-02,1.059612318721204e-08
4800,4,-3.000000000000000e-02,-2.999999498253963e-02,-5.017460370793092e-09
4800,5,2.500000000000000e-02,2.499999799458930e-02,2.005410698613375e-09
4800,6,2.000000000000000e-02,1.999999070876182e-02,9.291238181607930e-09
4800,7,-1.800000000000000e-02,-1.799999572971816e-02,-4.270281839940937e-09
4800,8,1.500000000000000e-02,1.499999599296719e-02,4.007032809727473e-09
4800,9,1.200000000000000e-02,1.199999186173437e-02,8.138265634310970e-09
4800,10,-1.000000000000000e-02,-1.000000804864503e-02,8.048645033439938e-09
4800,11,8.999999999999999e-03,9.000003998818904e-03,-3.998818904477064e-09
4800,12,8.000000000000000e-03,7.999992161227336e-03,7.838772663956717e-09
4800,13,-7.000000000000000e-03,-7.000003875433894e-03,3.875433893935076e-09
4800,14,6.000000000000000e-03,6.000002998077627e-03,-2.998077627304474e-09
4800,15,5.000000000000000e-03,4.999992659769898e-03,7.340230102556577e-09
4800,16,-4.000000000000000e-03,-4.000005547137100e-03,5.547137099486121e-09
4800,17,3.500000000000000e-03,3.500001848116985e-03,-1.848116984535381e-09
4800,18,3.000000000000000e-03,2.999989842857549e-03,1.015714245090199e-08
4800,19,-2.500000000000000e-03,-2.500002640465733e-03,2.640465733214081e-09
4800,20,2.000000000000000e-03,1.999995498116138e-03,4.501883862223499e-09
4800,21,1.800000000000000e-03,1.799995355627299e-03,4.644372701093774e-09
4800,22,-1.500000000000000e-03,-1.499995724548355e-03,-4.275451644846287e-09
4800,23,1.200000000000000e-03,1.199991788813243e-03,8.211186757227026e-09
4800,24,1.000000000000000e-03,1.000000535275282e-03,-5.352752824316909e-10
4800,25,-8.000000000000000e-04,-8.000070371532037e-04,7.037153203692456e-09
4800,26,5.999999999999999e-04,5.999945881804695e-04,5.411819530487180e-09
4800,27,5.000000000000000e-04,4.999936103153501e-04,6.389684649877464e-09
4800,28,-4.000000000000000e-04,-3.999984151376401e-04,-1.584862359947127e-09
4800,29,3.000000000000000e-04,2.999924973821927e-04,7.502617807239337e-09
4900,0,1.200000000000000e-01,1.199999845432241e-01,1.545677588699057e-08
4900,1,-8.000000000000000e-02,-7.999999015307535e-02,-9.846924650669386e-09
4900,2,5.500000000000000e-02,5.499999191131082e-02,8.088689183727293e-09
4900,3,4.000000000000000e-02,3.999999305925710e-02,6.940742897088015e-09
4900,4,-3.000000000000000e-02,-2.999999643219277e-02,-3.567807226739772e-09
4900,5,2.500000000000000e-02,2.499999803541206e-02,1.964587940245233e-09
4900,6,2.000000000000000e-02,1.999999355038429e-02,6.449615713027823e-09
4900,7,-1.800000000000000e-02,-1.799999647504335e-02,-3.524956652956046e-09
4900,8,1.500000000000000e-02,1.499999723443027e-02,2.765569726351225e-09
4900,9,1.200000000000000e-02,1.199999445590270e-02,5.544097295834272e-09
4900,10,-1.000000000000000e-02,-1.000000609455658e-02,6.094556576421994e-09
4900,11,8.999999999999999e-03,9.000003188643085e-03,-3.188643085683118e-09
4900,12,8.000000000000000e-03,7.999993998051827e-03,6.001948172837390e-09
4900,13,-7.000000000000000e-03,-7.000003747524832e-03,3.747524832120597e-09
4900,14,6.000000000000000e-03,6.000002132630064e-03,-2.132630063864105e-09
4900,15,5.000000000000000e-03,4.999994775769272e-03,5.224230728573254e-09
4900,16,-4.000000000000000e-03,-4.000005401366006e-03,5.401366006373143e-09
4900,17,3.500000000000000e-03,3.500003255147984e-03,-3.255147983625972e-09
4900,18,3.000000000000000e-03,2.999992593469934e-03,7.406530065905831e-09
4900,19,-2.500000000000000e-03,-2.500001869866340e-03,1.869866339890280e-09
4900,20,2.000000000000000e-03,1.999998170270267e-03,1.829729732744784e-09
4900,21,1.800000000000000e-03,1.799995808556291e-03,4.191443708822032e-09
4900,22,-1.500000000000000e-03,-1.499996098128245e-03,-3.901871754733235e-09
4900,23,1.200000000000000e-03,1.199994449040232e-03,5.550959767796487e-09
4900,24,1.000000000000000e-03,9.999984751012971e-04,1.524898702968958e-09
4900,25,-8.000000000000000e-04,-8.000035263529949e-04,3.526352994874006e-09
4900,26,5.999999999999999e-04,5.999958558364413e-04,4.144163558649459e-09
4900,27,5.000000000000000e-04,4.999947592021913e-04,5.240797808746256e-09
4900,28,-4.000000000000000e-04,-3.999978793124972e-04,-2.120687502774748e-09
4900,29,3.000000000000000e-04,2.999945550689473e-04,5.444931052637613e-09
5000,0,1.200000000000000e-01,1.199999892218746e-01,1.077812540606349e-08
5000,1,-8.000000000000000e-02,-7.999999299610847e-02,-7.003891536183637e-09
5000,2,5.500000000000000e-02,5.499999391748504e-02,6.082514956984308e-09
5000,3,4.000000000000000e-02,3.999999442985923e-02,5.570140772237497e-09
5000,4,-3.000000000000000e-02,-2.999999711381256e-02,-2.886187434880672e-09
5000,5,2.500000000000000e-02,2.499999849680632e-02,1.503193677171444e-09
5000,6,2.000000000000000e-02,1.999999491115117e-02,5.088848835377302e-09
5000,7,-1.800000000000000e-02,-1.799999737930598e-02,-2.620694022903436e-09
5000,8,1.500000000000000e-02,1.499999744947859e-02,2.550521412125750e-09
5000,9,1.200000000000000e-02,1.199999663847823e-02,3.361521767539233e-09
5000,10,-1.000000000000000e-02,-1.000000510096917e-02,5.100969173096881e-09
5000,11,8.999999999999999e-03,9.000002288236320e-03,-2.288236320910353e-09
5000,12,8.000000000000000e-03,7.999996082249427e-03,3.917750573609324e-09
5000,13,-7.000000000000000e-03,-7.000003938921276e-03,3.938921275953300e-09
5000,14,6.000000000000000e-03,6.000002065379519e-03,-2.065379518453869e-09
5000,15,5.000000000000000e-03,4.999995924868453e-03,4.075131547313926e-09
5000,16,-4.000000000000000e-03,-4.000004359844036e-03,4.359844036141980e-09
5000,17,3.500000000000000e-03,3.500002049082775e-03,-2.049082775418959e-09
5000,18,3.000000000000000e-03,2.999994989298867e-03,5.010701133525974e-09
5000,19,-2.500000000000000e-03,-2.500001396376380e-03,1.396376379976527e-09
5000,20,2.000000000000000e-03,1.999998704045943e-03,1.295954056741710e-09
5000,21,1.800000000000000e-03,1.799997105563901e-03,2.894436099219050e-09
5000,22,-1.500000000000000e-03,-1.499996824155459e-03,-3.175844541340733e-09
5000,23,1.200000000000000e-03,1.199994709154629e-03,5.290845370761049e-09
5000,24,1.000000000000000e-03,9.999996702115075e-04,3.297884925215766e-10
5000,25,-8.000000000000000e-04,-8.000024032689105e-04,2.403268910483938e-09
5000,26,5.999999999999999e-04,5.999960669729139e-04,3.933027086086213e-09
5000,27,5.000000000000000e-04,4.999970773019532e-04,2.922698046797269e-09
5000,28,-4.000000000000000e-04,-3.999984430090008e-04,-1.556990999237312e-09
5000,29,3.000000000000000e-04,2.999955672760396e-04,4.432723960351263e-09
5100,0,1.200000000000000e-01,1.199999923259009e-01,7.674099064547413e-09
5100,1,-8.000000000000000e-02,-7.999999502556961e-02,-4.974430395376928e-09
5100,2,5.500000000000000e-02,5.499999487829658e-02,5.121703422483748e-09
5100,3,4.000000000000000e-02,3.999999632723873e-02,3.672761275663738e-09
5100,4,-3.000000000000000e-02,-2.999999829441732e-02,-1.705582675093353e-09
5100,5,2.500000000000000e-02,2.499999870552944e-02,1.294470561991057e-09
5100,6,2.000000000000000e-02,1.999999660813176e-02,3.391868237667683e-09
5100,7,-1.800000000000000e-02,-1.799999854890242e-02,-1.451097575433380e-09
5100,8,1.500000000000000e-02,1.499999794563445e-02,2.054365550938075e-09
5100,9,1.200000000000000e-02,1.199999768002351e-02,2.319976492165532e-09
5100,10,-1.000000000000000e-02,-1.000000452633172e-02,4.526331717422116e-09
5100,11,8.999999999999999e-03,9.000001161864911e-03,-1.161864911572441e-09
5100,12,8.000000000000000e-03,7.999997170324544e-03,2.829675455756631e-09
5100,13,-7.000000000000000e-03,-7.000004112570769e-03,4.112570769175539e-09
5100,14,6.000000000000000e-03,6.000001009317395e-03,-1.009317394419507e-09
5100,15,5.000000000000000e-03,4.999997224039602e-03,2.775960398181121e-09
5100,16,-4.000000000000000e-03,-4.000004773413805e-03,4.773413804851079e-09
5100,17,3.500000000000000e-03,3.500001430094898e-03,-1.430094897537926e-09
5100,18,3.000000000000000e-03,2.999996253660415e-03,3.746339585341402e-09
5100,19,-2.500000000000000e-03,-2.500002393909193e-03,2.393909192838911e-09
5100,20,2.000000000000000e-03,1.999999002595827e-03,9.974041731419803e-10
5100,21,1.800000000000000e-03,1.799998065700671e-03,1.934299328782557e-09
5100,22,-1.500000000000000e-03,-1.499999019806466e-03,-9.801935339781576e-10
5100,23,1.200000000000000e-03,1.199996225030663e-03,3.774969336905673e-09
5100,24,1.000000000000000e-03,9.999999889356019e-04,1.106439809564486e-11
5100,25,-8.000000000000000e-04,-8.000027896225589e-04,2.789622558885090e-09
5100,26,5.999999999999999e-04,5.999972881674744e-04,2.711832525572645e-09
5100,27,5.000000000000000e-04,4.999978235454821e-04,2.176454517912457e-09
5100,28,-4.000000000000000e-04,-3.999992473220145e-04,-7.526779855306955e-10
5100,29,3.000000000000000e-04,2.999966640430810e-04,3.335956919015524e-09
5200,0,1.200000000000000e-01,1.199999945472938e-01,5.452706244857275e-09
5200,1,-8.000000000000000e-02,-7.999999706496443e-02,-2.935035575690748e-09
5200,2,5.500000000000000e-02,5.499999634779481e-02,3.652205191051472e-09
5200,3,4.000000000000000e-02,3.999999708237195e-02,2.917628055820742e-09
5200,4,-3.000000000000000e-02,-2.999999927136686e-02,-7.286331434042115e-10
5200,5,2.500000000000000e-02,2.499999900459627e-02,9.954037316628472e-10
5200,6,2.000000000000000e-02,1.999999699211269e-02,3.007887310751967e-09
5200,7,-1.800000000000000e-02,-1.799999906354918e-02,-9.364508231357593e-10
5200,8,1.500000000000000e-02,1.499999858660131e-02,1.413398684549372e-09
5200,9,1.200000000000000e-02,1.199999757675865e-02,2.423241348900596e-09
5200,10,-1.000000000000000e-02,-1.000000315877300e-02,3.158772994907300e-09
5200,11,8.999999999999999e-03,9.000000681265784e-03,-6.812657851046344e-10
5200,12,8.000000000000000e-03,7.999997574404717e-03,2.425595283656046e-09
5200,13,-7.000000000000000e-03,-7.000003041991394e-03,3.041991394024668e-09
5200,14,6.000000000000000e-03,6.000000366414829e-03,-3.664148290338787e-10
5200,15,5.000000000000000e-03,4.999997713302657e-03,2.286697342764044e-09
5200,16,-4.000000000000000e-03,-4.000003474435540e-03,3.474435539621568e-09
5200,17,3.500000000000000e-03,3.500001074179171e-03,-1.074179171393214e-09
5200,18,3.000000000000000e-03,2.999997249796927e-03,2.750203073088875e-09
5200,19,-2.500000000000000e-03,-2.500001686866177e-03,1.686866177123825e-09
5200,20,2.000000000000000e-03,1.999998888097450e-03,1.111902550501170e-09
5200,21,1.800000000000000e-03,1.799998665553457e-03,1.334446543066817e-09
5200,22,-1.500000000000000e-03,-1.499999499518259e-03,-5.004817409028778e-10
5200,23,1.200000000000000e-03,1.199997461475037e-03,2.538524962502134e-09
5200,24,1.000000000000000e-03,9.999995119391715e-04,4.880608285139781e-10
5200,25,-8.000000000000000e-04,-8.000022721976487e-04,2.272197648675416e-09
5200,26,5.999999999999999e-04,5.999982187061134e-04,1.781293886590589e-09
5200,27,5.000000000000000e-04,4.999977321245663e-04,2.267875433671976e-09
5200,28,-4.000000000000000e-04,-3.999997628397289e-04,-2.371602710765121e-10
5200,29,3.000000000000000e-04,2.999972756785451e-04,2.724321454896945e-09
5300,0,1.200000000000000e-01,1.199999962524295e-01,3.747570476164697e-09
5300,1,-8.000000000000000e-02,-7.999999826518567e-02,-1.734814333853585e-09
5300,2,5.500000000000000e-02,5.499999727364913e-02,2.726350874227013e-09
5300,3,4.000000000000000e-02,3.999999816823201e-02,1.831767987292565e-09
5300,4,-3.000000000000000e-02,-2.999999988142290e-02,-1.185770995282276e-10
5300,5,2.500000000000000e-02,2.499999941844873e-02,5.815512689466562e-10
5300,6,2.000000000000000e-02,1.999999789085124e-02,2.109148765361279e-09
5300,7,-1.800000000000000e-02,-1.799999933386699e-02,-6.661330133328480e-10
5300,8,1.500000000000000e-02,1.499999882172334e-02,1.178276658533872e-09
5300,9,1.200000000000000e-02,1.199999836202159e-02,1.637978405688578e-09
5300,10,-1.000000000000000e-02,-1.000000227246014e-02,2.272460136731880e-09
5300,11,8.999999999999999e-03,9.000000270222571e-03,-2.702225717493567e-10
5300,12,8.000000000000000e-03,7.999998016620690e-03,1.983379309747346e-09
5300,13,-7.000000000000000e-03,-7.000001818438752e-03,1.818438752007601e-09
5300,14,6.000000000000000e-03,5.999999613144644e-03,3.868553559091548e-10
5300,15,5.000000000000000e-03,4.999998093123455e-03,1.906876544686964e-09
5300,16,-4.000000000000000e-03,-4.000002195002051e-03,2.195002050779660e-09
5300,17,3.500000000000000e-03,3.499999779071933e-03,2.209280670732727e-10
5300,18,3.000000000000000e-03,2.999998051761672e-03,1.948238328476626e-09
5300,19,-2.500000000000000e-03,-2.500001537470910e-03,1.537470910133176e-09
5300,20,2.000000000000000e-03,1.999998866196798e-03,1.133803201932432e-09
5300,21,1.800000000000000e-03,1.799998743370505e-03,1.256629495122522e-09
5300,22,-1.500000000000000e-03,-1.499999953867474e-03,-4.613252640138510e-11
5300,23,1.200000000000000e-03,1.199998080949894e-03,1.919050105891190e-09
5300,24,1.000000000000000e-03,9.999991893183755e-04,8.106816244777409e-10
5300,25,-8.000000000000000e-04,-8.000019925107695e-04,1.992510769441638e-09
5300,26,5.999999999999999e-04,5.999990665515519e-04,9.334484480944677e-10
5300,27,5.000000000000000e-04,4.999977453931891e-04,2.254606810926305e-09
5300,28,-4.000000000000000e-04,-3.999998267827005e-04,-1.732172994991545e-10
5300,29,3.000000000000000e-04,2.999982351299077e-04,1.764870092245668e-09
5400,0,1.200000000000000e-01,1.199999972146870e-01,2.785312966380182e-09
5400,1,-8.000000000000000e-02,-7.999999909270228e-02,-9.072977230628609e-10
5400,2,5.500000000000000e-02,5.499999779335496e-02,2.206645040303545e-09
5400,3,4.000000000000000e-02,3.999999853099013e-02,1.469009872079319e-09
5400,4,-3.000000000000000e-02,-3.000000013095740e-02,1.309573977037459e-10
5400,5,2.500000000000000e-02,2.499999947884233e-02,5.211576691033226e-10
5400,6,2.000000000000000e-02,1.999999849746142e-02,1.502538583136870e-09
5400,7,-1.800000000000000e-02,-1.799999964045979e-02,-3.595402101042033e-10
5400,8,1.500000000000000e-02,1.499999901056786e-02,9.894321386511029e-10
5400,9,1.200000000000000e-02,1.199999869908315e-02,1.300916853408385e-09
5400,10,-1.000000000000000e-02,-1.000000168609990e-02,1.686099902059590e-09
5400,11,8.999999999999999e-03,9.000000012168092e-03,-1.216809292214904e-11
5400,12,8.000000000000000e-03,7.999998606869219e-03,1.393130780874552e-09
5400,13,-7.000000000000000e-03,-7.000001375202263e-03,1.375202262829389e-09
5400,14,6.000000000000000e-03,5.999999691129520e-03,3.088704804074527e-10
5400,15,5.000000000000000e-03,4.999998823371636e-03,1.176628364185639e-09
5400,16,-4.000000000000000e-03,-4.000001698285476e-03,1.698285475790207e-09
5400,17,3.500000000000000e-03,3.499999853574461e-03,1.464255392283342e-10
5400,18,3.000000000000000e-03,2.999998721479935e-03,1.278520064991462e-09
5400,19,-2.500000000000000e-03,-2.500001077896498e-03,1.077896497753139e-09
5400,20,2.000000000000000e-03,1.999999354625816e-03,6.453741842153693e-10
5400,21,1.800000000000000e-03,1.799999067448807e-03,9.325511931678604e-10
5400,22,-1.500000000000000e-03,-1.499999618144263e-03,-3.818557369177772e-10
5400,23,1.200000000000000e-03,1.199998562240632e-03,1.437759367941757e-09
5400,24,1.000000000000000e-03,9.999994498259830e-04,5.501740170214819e-10
5400,25,-8.000000000000000e-04,-8.000014455721622e-04,1.445572162190115e-09
5400,26,5.999999999999999e-04,5.999991069711184e-04,8.930288815291870e-10
5400,27,5.000000000000000e-04,4.999981775573513e-04,1.822442648722646e-09
5400,28,-4.000000000000000e-04,-3.999999262224951e-04,-7.377750488443344e-11
5400,29,3.000000000000000e-04,2.999986686701582e-04,1.331329841779572e-09
5500,0,1.200000000000000e-01,1.199999981145020e-01,1.885497993847629e-09
5500,1,-8.000000000000000e-02,-7.999999912275672e-02,-8.772432780190798e-10
5500,2,5.500000000000000e-02,5.499999858325960e-02,1.416740398607619e-09
5500,3,4.000000000000000e-02,3.999999920365045e-02,7.963495557428146e-10
5500,4,-3.000000000000000e-02,-2.999999986645912e-02,-1.335408797431548e-10
5500,5,2.500000000000000e-02,2.499999979863005e-02,2.013699484937348e-10
5500,6,2.000000000000000e-02,1.999999904424599e-02,9.557540071869486e-10
5500,7,-1.800000000000000e-02,-1.799999961097261e-02,-3.890273901629993e-10
5500,8,1.500000000000000e-02,1.499999956157950e-02,4.384204995572238e-10
5500,9,1.200000000000000e-02,1.199999922049235e-02,7.795076528704925e-10
5500,10,-1.000000000000000e-02,-1.000000102138359e-02,1.021383585347868e-09
5500,11,8.999999999999999e-03,9.000000184284825e-03,-1.842848252470164e-10
5500,12,8.000000000000000e-03,7.999999215150554e-03,7.848494458506661e-10
5500,13,-7.000000000000000e-03,-7.000000870520429e-03,8.705204291789559e-10
5500,14,6.000000000000000e-03,6.000000019334369e-03,-1.933436917511688e-11
5500,15,5.000000000000000e-03,4.999999338627615e-03,6.613723848095110e-10
5500,16,-4.000000000000000e-03,-4.000001029184198e-03,1.029184197934296e-09
5500,17,3.500000000000000e-03,3.500000112663390e-03,-1.126633899020679e-10
5500,18,3.000000000000000e-03,2.999999149160853e-03,8.508391474010280e-10
5500,19,-2.500000000000000e-03,-2.500000506365957e-03,5.063659565436585e-10
5500,20,2.000000000000000e-03,1.999999620487451e-03,3.795125485574202e-10
5500,21,1.800000000000000e-03,1.799999576783809e-03,4.232161908250542e-10
5500,22,-1.500000000000000e-03,-1.499999676158734e-03,-3.238412660862972e-10
5500,23,1.200000000000000e-03,1.199999105177781e-03,8.948222184924914e-10
5500,24,1.000000000000000e-03,9.999997950966102e-04,2.049033898283981e-10
5500,25,-8.000000000000000e-04,-8.000008250658935e-04,8.250658934273042e-10
5500,26,5.999999999999999e-04,5.999993852992559e-04,6.147007440820279e-10
5500,27,5.000000000000000e-04,4.999990113218548e-04,9.886781452122378e-10
5500,28,-4.000000000000000e-04,-3.999999176752533e-04,-8.232474673752072e-11
5500,29,3.000000000000000e-04,2.999991458766885e-04,8.541233114658583e-10
5600,0,1.200000000000000e-01,1.199999988061428e-01,1.193857207537619e-09
5600,1,-8.000000000000000e-02,-7.999999934430192e-02,-6.556980791661005e-10
5600,2,5.500000000000000e-02,5.499999919381498e-02,8.061850215179689e-10
5600,3,4.000000000000000e-02,3.999999938403569e-02,6.159643073377907e-10
5600,4,-3.000000000000000e-02,-2.999999982243178e-02,-1.775682170745974e-10
5600,5,2.500000000000000e-02,2.499999985548734e-02,1.445126657229068e-10
5600,6,2.000000000000000e-02,1.999999940448951e-02,5.955104950827739e-10
5600,7,-1.800000000000000e-02,-1.799999968150475e-02,-3.184952510060235e-10
5600,8,1.500000000000000e-02,1.499999987655738e-02,1.234426155044543e-10
5600,9,1.200000000000000e-02,1.199999942190841e-02,5.780915867531489e-10
5600,10,-1.000000000000000e-02,-1.000000051651838e-02,5.165183836197684e-10
5600,11,8.999999999999999e-03,9.000000126699586e-03,-1.266995865861764e-10
5600,12,8.000000000000000e-03,7.999999529645606e-03,4.703543943218591e-10
5600,13,-7.000000000000000e-03,-7.000000546432961e-03,5.464329605117668e-10
5600,14,6.000000000000000e-03,5.999999986462187e-03,1.353781323154557e-11
5600,15,5.000000000000000e-03,4.999999556802044e-03,4.431979557656396e-10
5600,16,-4.000000000000000e-03,-4.000000619808044e-03,6.198080434310915e-10
5600,17,3.500000000000000e-03,3.500000202527864e-03,-2.025278638372041e-10
5600,18,3.000000000000000e-03,2.999999433941899e-03,5.660581005664800e-10
5600,19,-2.500000000000000e-03,-2.500000156642043e-03,1.566420430865190e-10
5600,20,2.000000000000000e-03,1.999999725320832e-03,2.746791678658045e-10
5600,21,1.800000000000000e-03,1.799999792004831e-03,2.079951692650350e-10
5600,22,-1.500000000000000e-03,-1.499999764951754e-03,-2.350482456239811e-10
5600,23,1.200000000000000e-03,1.199999434592082e-03,5.654079179677474e-10
5600,24,1.000000000000000e-03,9.999998527552398e-04,1.472447602214599e-10
5600,25,-8.000000000000000e-04,-8.000005135262737e-04,5.135262736962257e-10
5600,26,5.999999999999999e-04,5.999996248778997e-04,3.751221002660371e-10
5600,27,5.000000000000000e-04,4.999994743359779e-04,5.256640220763914e-10
5600,28,-4.000000000000000e-04,-3.999999646577921e-04,-3.534220794710122e-11
5600,29,3.000000000000000e-04,2.999994798892355e-04,5.201107645155627e-10
5700,0,1.200000000000000e-01,1.199999992029858e-01,7.970141491231431e-10
5700,1,-8.000000000000000e-02,-7.999999947493946e-02,-5.250605367157490e-10
5700,2,5.500000000000000e-02,5.499999936892187e-02,6.310781272556021e-10
5700,3,4.000000000000000e-02,3.999999959533587e-02,4.046641285948560e-10
5700,4,-3.000000000000000e-02,-2.999999991507207e-02,-8.492792580305775e-11
5700,5,2.500000000000000e-02,2.499999989056528e-02,1.094347217012182e-10
5700,6,2.000000000000000e-02,1.999999951043830e-02,4.895617036759781e-10
5700,7,-1.800000000000000e-02,-1.799999979581153e-02,-2.041884716863507e-10
5700,8,1.500000000000000e-02,1.499999986492927e-02,1.350707341113422e-10
5700,9,1.200000000000000e-02,1.199999956240801e-02,4.375919869514799e-10
5700,10,-1.000000000000000e-02,-1.000000046980642e-02,4.698064211966502e-10
5700,11,8.999999999999999e-03,9.000000163693202e-03,-1.636932030896210e-10
5700,12,8.000000000000000e-03,7.999999652459688e-03,3.475403125008381e-10
5700,13,-7.000000000000000e-03,-7.000000446446625e-03,4.464466244608056e-10
5700,14,6.000000000000000e-03,6.000000031036722e-03,-3.103672180371220e-11
5700,15,5.000000000000000e-03,4.999999664551829e-03,3.354481709766377e-10
5700,16,-4.000000000000000e-03,-4.000000515819933e-03,5.158199327739976e-10
5700,17,3.500000000000000e-03,3.500000089490876e-03,-8.949087608109418e-11
5700,18,3.000000000000000e-03,2.999999620585105e-03,3.794148949014253e-10
5700,19,-2.500000000000000e-03,-2.500000276038927e-03,2.760389273930020e-10
5700,20,2.000000000000000e-03,1.999999781517995e-03,2.184820050571412e-10
5700,21,1.800000000000000e-03,1.799999782954868e-03,2.170451320841066e-10
5700,22,-1.500000000000000e-03,-1.499999883741299e-03,-1.162587010168636e-10
5700,23,1.200000000000000e-03,1.199999562411800e-03,4.375882002669723e-10
5700,24,1.000000000000000e-03,9.999998061323079e-04,1.938676920821419e-10
5700,25,-8.000000000000000e-04,-8.000003680080521e-04,3.680080520917020e-10
5700,26,5.999999999999999e-04,5.999996758773689e-04,3.241226310783663e-10
5700,27,5.000000000000000e-04,4.999995433138410e-04,4.566861590499585e-10
5700,28,-4.000000000000000e-04,-3.999999491082005e-04,-5.089179950937620e-11
5700,29,3.000000000000000e-04,2.999995995801514e-04,4.004198485372396e-10
5800,0,1.200000000000000e-01,1.199999993535211e-01,6.464788704363400e-10
5800,1,-8.000000000000000e-02,-7.999999958984286e-02,-4.101571443593244e-10
5800,2,5.500000000000000e-02,5.499999948117807e-02,5.188219298624119e-10
5800,3,4.000000000000000e-02,3.999999970809213e-02,2.919078659346930e-10
5800,4,-3.000000000000000e-02,-2.999999996729639e-02,-3.270360718343746e-11
5800,5,2.500000000000000e-02,2.499999984395909e-02,1.560409162992826e-10
5800,6,2.000000000000000e-02,1.999999964948260e-02,3.505174032969460e-10
5800,7,-1.800000000000000e-02,-1.799999985013389e-02,-1.498661056364980e-10
5800,8,1.500000000000000e-02,1.499999980675298e-02,1.932470208160231e-10
5800,9,1.200000000000000e-02,1.199999972403434e-02,2.759656635153984e-10
5800,10,-1.000000000000000e-02,-1.000000045667969e-02,4.566796871219303e-10
5800,11,8.999999999999999e-03,9.000000048992183e-03,-4.899218357390378e-11
5800,12,8.000000000000000e-03,7.999999724930030e-03,2.750699702736004e-10
5800,13,-7.000000000000000e-03,-7.000000441698381e-03,4.416983809957253e-10
5800,14,6.000000000000000e-03,5.999999969622193e-03,3.037780704068238e-11
5800,15,5.000000000000000e-03,4.999999698547809e-03,3.014521913341506e-10
5800,16,-4.000000000000000e-03,-4.000000446602574e-03,4.466025743665725e-10
5800,17,3.500000000000000e-03,3.500000091633431e-03,-9.163343131154966e-11
5800,18,3.000000000000000e-03,2.999999666557000e-03,3.334429997739474e-10
5800,19,-2.500000000000000e-03,-2.500000277288656e-03,2.772886555785226e-10
5800,20,2.000000000000000e-03,1.999999903392521e-03,9.660747939468917e-11
5800,21,1.800000000000000e-03,1.799999830893529e-03,1.691064705801326e-10
5800,22,-1.500000000000000e-03,-1.499999944244033e-03,-5.575596733441157e-11
5800,23,1.200000000000000e-03,1.199999729194376e-03,2.708056242358564e-10
5800,24,1.000000000000000e-03,9.999998679417806e-04,1.320582193944930e-10
5800,25,-8.000000000000000e-04,-8.000003824740254e-04,3.824740253243614e-10
5800,26,5.999999999999999e-04,5.999997950418620e-04,2.049581379181403e-10
5800,27,5.000000000000000e-04,4.999996703346002e-04,3.296653997963278e-10
5800,28,-4.000000000000000e-04,-4.000000714934596e-04,7.149345958995523e-11
5800,29,3.000000000000000e-04,2.999996953676941e-04,3.046323058717403e-10
5900,0,1.200000000000000e-01,1.199999995209286e-01,4.790713797886426e-10
5900,1,-8.000000000000000e-02,-7.999999975043709e-02,-2.495629120025100e-10
5900,2,5.500000000000000e-02,5.499999958892239e-02,4.110776094523594e-10
5900,3,4.000000000000000e-02,3.999999974651192e-02,2.534880846893905e-10
5900,4,-3.000000000000000e-02,-2.999999997124142e-02,-2.875857885165090e-11
5900,5,2.500000000000000e-02,2.499999989357080e-02,1.064291987873389e-10
5900,6,2.000000000000000e-02,1.999999970932079e-02,2.906792063994690e-10
5900,7,-1.800000000000000e-02,-1.799999989424087e-02,-1.057591236808264e-10
5900,8,1.500000000000000e-02,1.499999990267150e-02,9.732849595711635e-11
5900,9,1.200000000000000e-02,1.199999973267827e-02,2.673217272541883e-10
5900,10,-1.000000000000000e-02,-1.000000030878446e-02,3.087844563376407e-10
5900,11,8.999999999999999e-03,9.000000077771096e-03,-7.777109685414008e-11
5900,12,8.000000000000000e-03,7.999999786723831e-03,2.132761692946739e-10
5900,13,-7.000000000000000e-03,-7.000000310363009e-03,3.103630087306075e-10
5900,14,6.000000000000000e-03,5.999999980163184e-03,1.983681621742228e-11
5900,15,5.000000000000000e-03,4.999999804444234e-03,1.955557660249241e-10
5900,16,-4.000000000000000e-03,-4.000000329873193e-03,3.298731929973764e-10
5900,17,3.500000000000000e-03,3.500000083919581e-03,-8.391958048609149e-11
5900,18,3.000000000000000e-03,2.999999768531538e-03,2.314684624526997e-10
5900,19,-2.500000000000000e-03,-2.500000201846254e-03,2.018462536869381e-10
5900,20,2.000000000000000e-03,1.999999888531466e-03,1.114685336221777e-10
5900,21,1.800000000000000e-03,1.799999908363600e-03,9.163639964025749e-11
5900,22,-1.500000000000000e-03,-1.499999993573362e-03,-6.426638301387788e-12
5900,23,1.200000000000000e-03,1.199999801588053e-03,1.984119468115969e-10
5900,24,1.000000000000000e-03,9.999999100878214e-04,8.991217861388512e-11
5900,25,-8.000000000000000e-04,-8.000002676343392e-04,2.676343391697089e-10
5900,26,5.999999999999999e-04,5.999998036662108e-04,1.963337891786390e-10
5900,27,5.000000000000000e-04,4.999997952101790e-04,2.047898210602930e-10
5900,28,-4.000000000000000e-04,-4.000000918516465e-04,9.185164646019137e-11
5900,29,3.000000000000000e-04,2.999997925000811e-04,2.074999188857000e-10
6000,0,1.200000000000000e-01,1.199999996214941e-01,3.785058516614370e-10
6000,1,-8.000000000000000e-02,-7.999999985498187e-02,-1.450181363882308e-10
6000,2,5.500000000000000e-02,5.499999965953630e-02,3.404636989001730e-10
6000,3,4.000000000000000e-02,3.999999982132450e-02,1.786754980082073e-10
6000,4,-3.000000000000000e-02,-3.000000001879740e-02,1.879740113563955e-11
6000,5,2.500000000000000e-02,2.499999992713121e-02,7.286879433188176e-11
6000,6,2.000000000000000e-02,1.999999977224167e-02,2.277583260879013e-10
6000,7,-1.800000000000000e-02,-1.799999993489885e-02,-6.510114669566747e-11
6000,8,1.500000000000000e-02,1.499999993881582e-02,6.118417925082831e-11
6000,9,1.200000000000000e-02,1.199999979607534e-02,2.039246584095711e-10
6000,10,-1.000000000000000e-02,-1.000000021516877e-02,2.151687699541993e-10
6000,11,8.999999999999999e-03,9.000000039001090e-03,-3.900109055154921e-11
6000,12,8.000000000000000e-03,7.999999845116894e-03,1.548831063402645e-10
6000,13,-7.000000000000000e-03,-7.000000217311297e-03,2.173112965617174e-10
6000,14,6.000000000000000e-03,5.999999972339447e-03,2.766055266778533e-11
6000,15,5.000000000000000e-03,4.999999876914077e-03,1.230859233980475e-10
6000,16,-4.000000000000000e-03,-4.000000274112873e-03,2.741128730249232e-10
6000,17,3.500000000000000e-03,3.500000041365951e-03,-4.136595059545112e-11
6000,18,3.000000000000000e-03,2.999999822111241e-03,1.778887592784884e-10
6000,19,-2.500000000000000e-03,-2.500000156472683e-03,1.564726824672402e-10
6000,20,2.000000000000000e-03,1.999999912218994e-03,8.778100642203857e-11
6000,21,1.800000000000000e-03,1.799999914183103e-03,8.581689677454596e-11
6000,22,-1.500000000000000e-03,-1.499999994468292e-03,-5.531708337919161e-12
6000,23,1.200000000000000e-03,1.199999822681764e-03,1.773182360491343e-10
6000,24,1.000000000000000e-03,9.999999348411809e-04,6.515881909550936e-11
6000,25,-8.000000000000000e-04,-8.000002135239784e-04,2.135239783379247e-10
6000,26,5.999999999999999e-04,5.999998330269170e-04,1.669730829295668e-10
6000,27,5.000000000000000e-04,4.999998512531418e-04,1.487468582550902e-10
6000,28,-4.000000000000000e-04,-4.000000920534965e-04,9.205349644440114e-11
6000,29,3.000000000000000e-04,2.999998157116981e-04,1.842883018497027e-10
6100,0,1.200000000000000e-01,1.199999997263833e-01,2.736166709871313e-10
6100,1,-8.000000000000000e-02,-7.999999994070249e-02,-5.929751134559069e-11
6100,2,5.500000000000000e-02,5.499999975081177e-02,2.491882325483807e-10
6100,3,4.000000000000000e-02,3.999999985659487e-02,1.434051349891163e-10
6100,4,-3.000000000000000e-02,-3.000000004216655e-02,4.216654803101960e-11
6100,5,2.500000000000000e-02,2.499999995495921e-02,4.504079401113081e-11
6100,6,2.000000000000000e-02,1.999999984056643e-02,1.594335739818487e-10
6100,7,-1.800000000000000e-02,-1.799999997442244e-02,-2.557755396370709e-11
6100,8,1.500000000000000e-02,1.499999993888403e-02,6.111596992375290e-11
6100,9,1.200000000000000e-02,1.199999983692657e-02,1.630734349639118e-10
6100,10,-1.000000000000000e-02,-1.000000016253648e-02,1.625364842716692e-10
6100,11,8.999999999999999e-03,8.999999996838579e-03,3.161420777941792e-12
6100,12,8.000000000000000e-03,7.999999857474016e-03,1.425259840703852e-10
6100,13,-7.000000000000000e-03,-7.000000153821040e-03,1.538210401066942e-10
6100,14,6.000000000000000e-03,5.999999964476195e-03,3.552380525156940e-11
6100,15,5.000000000000000e-03,4.999999892576376e-03,1.074236238157722e-10
6100,16,-4.000000000000000e-03,-4.000000203435479e-03,2.034354785324100e-10
6100,17,3.500000000000000e-03,3.499999999594891e-03,4.051086723022568e-13
6100,18,3.000000000000000e-03,2.999999867477924e-03,1.325220762120327e-10
6100,19,-2.500000000000000e-03,-2.500000140792265e-03,1.407922654329818e-10
6100,20,2.000000000000000e-03,1.999999938241081e-03,6.175891872559069e-11
6100,21,1.800000000000000e-03,1.799999933430456e-03,6.656954371422885e-11
6100,22,-1.500000000000000e-03,-1.500000005158944e-03,5.158943801666926e-12
6100,23,1.200000000000000e-03,1.199999870856939e-03,1.291430608285626e-10
6100,24,1.000000000000000e-03,9.999999391207097e-04,6.087929032422279e-11
6100,25,-8.000000000000000e-04,-8.000001574462403e-04,1.574462402901405e-10
6100,26,5.999999999999999e-04,5.999998523515443e-04,1.476484556362304e-10
6100,27,5.000000000000000e-04,4.999998570387546e-04,1.429612453808862e-10
6100,28,-4.000000000000000e-04,-4.000000853748588e-04,8.537485882099613e-11
6100,29,3.000000000000000e-04,2.999998789476926e-04,1.210523073924205e-10
6200,0,1.200000000000000e-01,1.199999998048459e-01,1.951541150901903e-10
6200,1,-8.000000000000000e-02,-7.999999998251418e-02,-1.748581834881691e-11
6200,2,5.500000000000000e-02,5.499999980237554e-02,1.976244584644959e-10
6200,3,4.000000000000000e-02,3.999999991688141e-02,8.311858840093223e-11
6200,4,-3.000000000000000e-02,-3.000000005959525e-02,5.959525581356040e-11
6200,5,2.500000000000000e-02,2.499999997114709e-02,2.885290964482756e-11
6200,6,2.000000000000000e-02,1.999999988745662e-02,1.125433843340851e-10
6200,7,-1.800000000000000e-02,-1.799999999000457e-02,-9.995424626874083e-12
6200,8,1.500000000000000e-02,1.499999994172758e-02,5.827241467137867e-11
6200,9,1.200000000000000e-02,1.199999986750252e-02,1.324974852057181e-10
6200,10,-1.000000000000000e-02,-1.000000013239768e-02,1.323976813599748e-10
6200,11,8.999999999999999e-03,8.999999972193033e-03,2.780696679860473e-11
6200,12,8.000000000000000e-03,7.999999896106188e-03,1.038938119563015e-10
6200,13,-7.000000000000000e-03,-7.000000110437491e-03,1.104374907495709e-10
6200,14,6.000000000000000e-03,5.999999951891623e-03,4.810837665736312e-11
6200,15,5.000000000000000e-03,4.999999928637007e-03,7.136299277205049e-11
6200,16,-4.000000000000000e-03,-4.000000150096062e-03,1.500960614478353e-10
6200,17,3.500000000000000e-03,3.499999968543195e-03,3.145680504273995e-11
6200,18,3.000000000000000e-03,2.999999896572963e-03,1.034270369001944e-10
6200,19,-2.500000000000000e-03,-2.500000109679742e-03,1.096797422849016e-10
6200,20,2.000000000000000e-03,1.999999941596125e-03,5.840387461847341e-11
6200,21,1.800000000000000e-03,1.799999948857577e-03,5.114242254515566e-11
6200,22,-1.500000000000000e-03,-1.500000003602089e-03,3.602089329937663e-12
6200,23,1.200000000000000e-03,1.199999904556936e-03,9.544306382551493e-11
6200,24,1.000000000000000e-03,9.999999572747511e-04,4.272524890304441e-11
6200,25,-8.000000000000000e-04,-8.000001422475958e-04,1.422475957553807e-10
6200,26,5.999999999999999e-04,5.999998995579825e-04,1.004420174420192e-10
6200,27,5.000000000000000e-04,4.999998768000436e-04,1.231999564215228e-10
6200,28,-4.000000000000000e-04,-4.000000748023233e-04,7.480232324394778e-11
6200,29,3.000000000000000e-04,2.999999024436709e-04,9.755632906323017e-11
6300,0,1.200000000000000e-01,1.199999998607439e-01,1.392561344015775e-10
6300,1,-8.000000000000000e-02,-8.000000000074015e-02,7.401440571541684e-13
6300,2,5.500000000000000e-02,5.499999985386921e-02,1.461307949646162e-10
6300,3,4.000000000000000e-02,3.999999994994408e-02,5.005592468299014e-11
6300,4,-3.000000000000000e-02,-3.000000003337352e-02,3.337351922594323e-11
6300,5,2.500000000000000e-02,2.499999998988340e-02,1.011659853111802e-11
6300,6,2.000000000000000e-02,1.999999994534355e-02,5.465645297464405e-11
6300,7,-1.800000000000000e-02,-1.799999997361489e-02,-2.638511284458467e-11
6300,8,1.500000000000000e-02,1.499999996854034e-02,3.145966299966663e-11
6300,9,1.200000000000000e-02,1.199999992707058e-02,7.292941597847324e-11
6300,10,-1.000000000000000e-02,-1.000000008206069e-02,8.206068984051296e-11
6300,11,8.999999999999999e-03,8.999999983834170e-03,1.616582909202968e-11
6300,12,8.000000000000000e-03,7.999999930250048e-03,6.974995234165782e-11
6300,13,-7.000000000000000e-03,-7.000000064373200e-03,6.437319947927289e-11
6300,14,6.000000000000000e-03,5.999999953798523e-03,4.620147753958692e-11
6300,15,5.000000000000000e-03,4.999999955904245e-03,4.409575482533512e-11
6300,16,-4.000000000000000e-03,-4.000000095703140e-03,9.570313985740597e-11
6300,17,3.500000000000000e-03,3.499999975283073e-03,2.471692685593330e-11
6300,18,3.000000000000000e-03,2.999999929710414e-03,7.028958578375599e-11
6300,19,-2.500000000000000e-03,-2.500000065767514e-03,6.576751383075008e-11
6300,20,2.000000000000000e-03,1.999999961058037e-03,3.894196336923228e-11
6300,21,1.800000000000000e-03,1.799999967835374e-03,3.216462599736625e-11
6300,22,-1.500000000000000e-03,-1.499999986164339e-03,-1.383566069872166e-11
6300,23,1.200000000000000e-03,1.199999942707397e-03,5.729260338718789e-11
6300,24,1.000000000000000e-03,9.999999617669880e-04,3.823301202542095e-11
6300,25,-8.000000000000000e-04,-8.000000942639420e-04,9.426394192123266e-11
6300,26,5.999999999999999e-04,5.999999228561609e-04,7.714383905982336e-11
6300,27,5.000000000000000e-04,4.999998929861825e-04,1.070138175122970e-10
6300,28,-4.000000000000000e-04,-4.000000600161246e-04,6.001612461127223e-11
6300,29,3.000000000000000e-04,2.999999361935683e-04,6.380643165519381e-11
6400,0,1.200000000000000e-01,1.199999998854281e-01,1.145718936390594e-10
6400,1,-8.000000000000000e-02,-8.000000000536452e-02,5.364514388261910e-12
6400,2,5.500000000000000e-02,5.499999988177626e-02,1.182237432950650e-10
6400,3,4.000000000000000e-02,3.999999996716817e-02,3.283183447333471e-11
6400,4,-3.000000000000000e-02,-3.000000003937537e-02,3.937537101927902e-11
6400,5,2.500000000000000e-02,2.499999999699540e-02,3.004603510436965e-12
6400,6,2.000000000000000e-02,1.999999996347017e-02,3.652983124324827e-11
6400,7,-1.800000000000000e-02,-1.799999997677896e-02,-2.322103620500116e-11
6400,8,1.500000000000000e-02,1.499999997254566e-02,2.745434261874902e-11
6400,9,1.200000000000000e-02,1.199999995223793e-02,4.776206687095996e-11
6400,10,-1.000000000000000e-02,-1.000000006170629e-02,6.170628591428695e-11
6400,11,8.999999999999999e-03,8.999999982783774e-03,1.721622497341535e-11
6400,12,8.000000000000000e-03,7.999999950184302e-03,4.981569844131339e-11
6400,13,-7.000000000000000e-03,-7.000000042574313e-03,4.257431299864445e-11
6400,14,6.000000000000000e-03,5.999999954459962e-03,4.554003788653782e-11
6400,15,5.000000000000000e-03,4.999999964207206e-03,3.579279407583957e-11
6400,16,-4.000000000000000e-03,-4.000000068007547e-03,6.800754664276765e-11
6400,17,3.500000000000000e-03,3.499999983621819e-03,1.637818136321356e-11
6400,18,3.000000000000000e-03,2.999999940643612e-03,5.935638786036534e-11
6400,19,-2.500000000000000e-03,-2.500000038915289e-03,3.891528939370392e-11
6400,20,2.000000000000000e-03,1.999999980045116e-03,1.995488366560161e-11
6400,21,1.800000000000000e-03,1.799999971074136e-03,2.892586387429064e-11
6400,22,-1.500000000000000e-03,-1.499999979518546e-03,-2.048145398940437e-11
6400,23,1.200000000000000e-03,1.199999962943100e-03,3.705690008320994e-11
6400,24,1.000000000000000e-03,9.999999711491671e-04,2.885083296398638e-11
6400,25,-8.000000000000000e-04,-8.000000724090714e-04,7.240907136038532e-11
6400,26,5.999999999999999e-04,5.999999473753598e-04,5.262464010565016e-11
6400,27,5.000000000000000e-04,4.999999114394295e-04,8.856057055230127e-11
6400,28,-4.000000000000000e-04,-4.000000523711902e-04,5.237119017533626e-11
6400,29,3.000000000000000e-04,2.999999535193403e-04,4.648065970742216e-11
6500,0,1.200000000000000e-01,1.199999999191807e-01,8.081930957803962e-11
6500,1,-8.000000000000000e-02,-8.000000000641033e-02,6.410330599670999e-12
6500,2,5.500000000000000e-02,5.499999991668057e-02,8.331943468498082e-11
6500,3,4.000000000000000e-02,3.999999997631644e-02,2.368356205595390e-11
6500,4,-3.000000000000000e-02,-3.000000002199191e-02,2.199190829443864e-11
6500,5,2.500000000000000e-02,2.500000000583198e-02,-5.831980731674236e-12
6500,6,2.000000000000000e-02,1.999999998310190e-02,1.689810444349682e-11
6500,7,-1.800000000000000e-02,-1.799999997985219e-02,-2.014780703385455e-11
6500,8,1.500000000000000e-02,1.499999999292928e-02,7.070720745017134e-12
6500,9,1.200000000000000e-02,1.199999997286241e-02,2.713759252037651e-11
6500,10,-1.000000000000000e-02,-1.000000002793601e-02,2.793601461270612e-11
6500,11,8.999999999999999e-03,8.999999990902561e-03,9.097438080640785e-12
6500,12,8.000000000000000e-03,7.999999966900411e-03,3.309958904185173e-11
6500,13,-7.000000000000000e-03,-7.000000026201847e-03,2.620184711560336e-11
6500,14,6.000000000000000e-03,5.999999974052104e-03,2.594789660914643e-11
6500,15,5.000000000000000e-03,4.999999977083886e-03,2.291611431864959e-11
6500,16,-4.000000000000000e-03,-4.000000043051367e-03,4.305136715870850e-11
6500,17,3.500000000000000e-03,3.499999996096465e-03,3.903535047283802e-12
6500,18,3.000000000000000e-03,2.999999967097803e-03,3.290219702592467e-11
6500,19,-2.500000000000000e-03,-2.500000017313193e-03,1.731319341363724e-11
6500,20,2.000000000000000e-03,1.999999999574910e-03,4.250905183411646e-13
6500,21,1.800000000000000e-03,1.799999987319235e-03,1.268076485830272e-11
6500,22,-1.500000000000000e-03,-1.499999977826707e-03,-2.217329314949112e-11
6500,23,1.200000000000000e-03,1.199999982740245e-03,1.725975504011934e-11
6500,24,1.000000000000000e-03,9.999999859224614e-04,1.407753861398797e-11
6500,25,-8.000000000000000e-04,-8.000000488811101e-04,4.888111009709872e-11
6500,26,5.999999999999999e-04,5.999999650694956e-04,3.493050434403427e-11
6500,27,5.000000000000000e-04,4.999999359748712e-04,6.402512884012140e-11
6500,28,-4.000000000000000e-04,-4.000000340579665e-04,3.405796651645421e-11
6500,29,3.000000000000000e-04,2.999999726333403e-04,2.736665971961316e-11
6600,0,1.200000000000000e-01,1.199999999374249e-01,6.257505624773785e-11
6600,1,-8.000000000000000e-02,-8.000000000326100e-02,3.261002579080241e-12
6600,2,5.500000000000000e-02,5.499999994236431e-02,5.763569482786224e-11
6600,3,4.000000000000000e-02,3.999999998917344e-02,1.082656186923714e-11
6600,4,-3.000000000000000e-02,-3.000000001568229e-02,1.568229573978286e-11
6600,5,2.500000000000000e-02,2.500000001231970e-02,-1.231969734560856e-11
6600,6,2.000000000000000e-02,1.999999998698488e-02,1.301512370099900e-11
6600,7,-1.800000000000000e-02,-1.799999998271708e-02,-1.728292162161971e-11
6600,8,1.500000000000000e-02,1.499999999663757e-02,3.362424921826701e-12
6600,9,1.200000000000000e-02,1.199999997527659e-02,2.472340561443520e-11
6600,10,-1.000000000000000e-02,-1.000000001833689e-02,1.833689103336589e-11
6600,11,8.999999999999999e-03,8.999999991360395e-03,8.639604656690558e-12
6600,12,8.000000000000000e-03,7.999999972551856e-03,2.744814445176935e-11
6600,13,-7.000000000000000e-03,-7.000000014286249e-03,1.428624839955317e-11
6600,14,6.000000000000000e-03,5.999999981084737e-03,1.891526345276784e-11
6600,15,5.000000000000000e-03,4.999999983567111e-03,1.643288890379457e-11
6600,16,-4.000000000000000e-03,-4.000000028600582e-03,2.860058197218240e-11
6600,17,3.500000000000000e-03,3.500000000051571e-03,-5.157116053644550e-14
6600,18,3.000000000000000e-03,2.999999975635726e-03,2.436427405314023e-11
6600,19,-2.500000000000000e-03,-2.500000013097031e-03,1.309703083832159e-11
6600,20,2.000000000000000e-03,2.000000003980497e-03,-3.980496487976382e-12
6600,21,1.800000000000000e-03,1.799999994632333e-03,5.367666597658194e-12
6600,22,-1.500000000000000e-03,-1.499999979887148e-03,-2.011285170529231e-11
6600,23,1.200000000000000e-03,1.199999989327536e-03,1.067246378078091e-11
6600,24,1.000000000000000e-03,9.999999994789721e-04,5.210278822970205e-13
6600,25,-8.000000000000000e-04,-8.000000380661962e-04,3.806619613706125e-11
6600,26,5.999999999999999e-04,5.999999808753923e-04,1.912460760502416e-11
6600,27,5.000000000000000e-04,4.999999526139463e-04,4.738605373973831e-11
6600,28,-4.000000000000000e-04,-4.000000292243864e-04,2.922438641994943e-11
6600,29,3.000000000000000e-04,2.999999785488413e-04,2.145115866620390e-11
6700,0,1.200000000000000e-01,1.199999999509196e-01,4.908043416129715e-11
6700,1,-8.000000000000000e-02,-8.000000000756607e-02,7.566072768305787e-12
6700,2,5.500000000000000e-02,5.499999995333541e-02,4.666458885971281e-11
6700,3,4.000000000000000e-02,3.999999998984988e-02,1.015011685812084e-11
6700,4,-3.000000000000000e-02,-3.000000001471291e-02,1.471291144472531e-11
6700,5,2.500000000000000e-02,2.500000001132779e-02,-1.132779287038588e-11
6700,6,2.000000000000000e-02,1.999999999059077e-02,9.409230339318952e-12
6700,7,-1.800000000000000e-02,-1.799999998429342e-02,-1.570657839899958e-11
6700,8,1.500000000000000e-02,1.499999999488984e-02,5.110164028043762e-12
6700,9,1.200000000000000e-02,1.199999998737431e-02,1.262569389315349e-11
6700,10,-1.000000000000000e-02,-1.000000001545988e-02,1.545987990403397e-11
6700,11,8.999999999999999e-03,8.999999994602745e-03,5.397253824424020e-12
6700,12,8.000000000000000e-03,7.999999979928858e-03,2.007114266455723e-11
6700,13,-7.000000000000000e-03,-7.000000012054572e-03,1.205457175051938e-11
6700,14,6.000000000000000e-03,5.999999985361219e-03,1.463878150642639e-11
6700,15,5.000000000000000e-03,4.999999985709304e-03,1.429069623054557e-11
6700,16,-4.000000000000000e-03,-4.000000021398260e-03,2.139825990010724e-11
6700,17,3.500000000000000e-03,3.499999996173701e-03,3.826298652920279e-12
6700,18,3.000000000000000e-03,2.999999982576642e-03,1.742335789534089e-11
6700,19,-2.500000000000000e-03,-2.500000011093677e-03,1.109367719215326e-11
6700,20,2.000000000000000e-03,2.000000001866483e-03,-1.866482662871150e-12
6700,21,1.800000000000000e-03,1.799999992935426e-03,7.064573969220445e-12
6700,22,-1.500000000000000e-03,-1.499999983761504e-03,-1.623849600791705e-11
6700,23,1.200000000000000e-03,1.199999988252671e-03,1.174732880415696e-11
6700,24,1.000000000000000e-03,9.999999996798054e-04,3.201946086744956e-13
6700,25,-8.000000000000000e-04,-8.000000322537657e-04,3.225376563054105e-11
6700,26,5.999999999999999e-04,5.999999837459992e-04,1.625400074950489e-11
6700,27,5.000000000000000e-04,4.999999613054008e-04,3.869459917413276e-11
6700,28,-4.000000000000000e-04,-4.000000224721595e-04,2.247215944144870e-11
6700,29,3.000000000000000e-04,2.999999803328444e-04,1.966715559940241e-11
6800,0,1.200000000000000e-01,1.199999999689984e-01,3.100160406166452e-11
6800,1,-8.000000000000000e-02,-8.000000000530620e-02,5.306199923893473e-12
6800,2,5.500000000000000e-02,5.499999997068078e-02,2.931922066240489e-11
6800,3,4.000000000000000e-02,3.999999999225649e-02,7.743514163216503e-12
6800,4,-3.000000000000000e-02,-3.000000000633940e-02,6.339397756738308e-12
6800,5,2.500000000000000e-02,2.500000000853525e-02,-8.535248896546221e-12
6800,6,2.000000000000000e-02,1.999999999712938e-02,2.870616938599468e-12
6800,7,-1.800000000000000e-02,-1.799999998854299e-02,-1.145701242211139e-11
6800,8,1.500000000000000e-02,1.499999999526565e-02,4.734350064761195e-12
6800,9,1.200000000000000e-02,1.199999999416749e-02,5.832506352887457e-12
6800,10,-1.000000000000000e-02,-1.000000000988843e-02,9.888430352322786e-12
6800,11,8.999999999999999e-03,8.999999998927675e-03,1.072324520845491e-12
6800,12,8.000000000000000e-03,7.999999986581257e-03,1.341874354687800e-11
6800,13,-7.000000000000000e-03,-7.000000007243544e-03,7.243544306034799e-12
6800,14,6.000000000000000e-03,5.999999992988795e-03,7.011204984641584e-12
6800,15,5.000000000000000e-03,4.999999991619626e-03,8.380374519334488e-12
6800,16,-4.000000000000000e-03,-4.000000011593645e-03,1.159364444724975e-11
6800,17,3.500000000000000e-03,3.499999997378105e-03,2.621895322379997e-12
6800,18,3.000000000000000e-03,2.999999991258413e-03,8.741587315119759e-12
6800,19,-2.500000000000000e-03,-2.500000005174016e-03,5.174016163428385e-12
6800,20,2.000000000000000e-03,2.000000002090124e-03,-2.090123647074948e-12
6800,21,1.800000000000000e-03,1.799999998321226e-03,1.678774090227431e-12
6800,22,-1.500000000000000e-03,-1.499999989167448e-03,-1.083255208624012e-11
6800,23,1.200000000000000e-03,1.199999996859377e-03,3.140623178188306e-12
6800,24,1.000000000000000e-03,1.000000000464764e-03,-4.647636442367542e-13
6800,25,-8.000000000000000e-04,-8.000000189675146e-04,1.896751451648665e-11
6800,26,5.999999999999999e-04,5.999999882687502e-04,1.173124976067835e-11
6800,27,5.000000000000000e-04,4.999999760133500e-04,2.398665001433070e-11
6800,28,-4.000000000000000e-04,-4.000000145462886e-04,1.454628859856241e-11
6800,29,3.000000000000000e-04,2.999999877737446e-04,1.222625538137290e-11
6900,0,1.200000000000000e-01,1.199999999759154e-01,2.408460930691803e-11
6900,1,-8.000000000000000e-02,-8.000000000751911e-02,7.519110334364143e-12
6900,2,5.500000000000000e-02,5.499999997752995e-02,2.247004665667518e-11
6900,3,4.000000000000000e-02,3.999999999301081e-02,6.989193945816652e-12
6900,4,-3.000000000000000e-02,-3.000000000386423e-02,3.864235320616416e-12
6900,5,2.500000000000000e-02,2.500000000597786e-02,-5.977857098216077e-12
6900,6,2.000000000000000e-02,1.999999999862427e-02,1.375729391517311e-12
6900,7,-1.800000000000000e-02,-1.799999999148291e-02,-8.517086341752744e-12
6900,8,1.500000000000000e-02,1.499999999565643e-02,4.343568907327899e-12
6900,9,1.200000000000000e-02,1.199999999529751e-02,4.702493602848357e-12
6900,10,-1.000000000000000e-02,-1.000000000853985e-02,8.539852852651464e-12
6900,11,8.999999999999999e-03,8.999999996528660e-03,3.471339535265905e-12
6900,12,8.000000000000000e-03,7.999999987972696e-03,1.202730449956224e-11
6900,13,-7.000000000000000e-03,-7.000000008894471e-03,8.894471097142809e-12
6900,14,6.000000000000000e-03,5.999999991329519e-03,8.670480999839469e-12
6900,15,5.000000000000000e-03,4.999999989748523e-03,1.025147675082216e-11
6900,16,-4.000000000000000e-03,-4.000000010977627e-03,1.097762679369563e-11
6900,17,3.500000000000000e-03,3.499999995240914e-03,4.759086354166886e-12
6900,18,3.000000000000000e-03,2.999999991497940e-03,8.502060167003833e-12
6900,19,-2.500000000000000e-03,-2.500000004602476e-03,4.602475518755700e-12
6900,20,2.000000000000000e-03,1.999999999636631e-03,3.633686233850408e-13
6900,21,1.800000000000000e-03,1.799999998910483e-03,1.089516497854159e-12
6900,22,-1.500000000000000e-03,-1.499999991219974e-03,-8.780025968421756e-12
6900,23,1.200000000000000e-03,1.199999998710476e-03,1.289524259942554e-12
6900,24,1.000000000000000e-03,1.000000000999979e-03,-9.999793961629200e-13
6900,25,-8.000000000000000e-04,-8.000000146333271e-04,1.463332710213705e-11
6900,26,5.999999999999999e-04,5.999999890139618e-04,1.098603814256999e-11
6900,27,5.000000000000000e-04,4.999999796353540e-04,2.036464605888882e-11
6900,28,-4.000000000000000e-04,-4.000000119710052e-04,1.197100513335159e-11
6900,29,3.000000000000000e-04,2.999999894677998e-04,1.053220016625570e-11
7000,0,1.200000000000000e-01,1.199999999812291e-01,1.877092925539614e-11
7000,1,-8.000000000000000e-02,-8.000000000485734e-02,4.857336755037522e-12
7000,2,5.500000000000000e-02,5.499999998368881e-02,1.631118851097568e-11
7000,3,4.000000000000000e-02,3.999999999567803e-02,4.321966395881560e-12
7000,4,-3.000000000000000e-02,-3.000000000352017e-02,3.520166796944224e-12
7000,5,2.500000000000000e-02,2.500000000480930e-02,-4.809295323093821e-12
7000,6,2.000000000000000e-02,1.999999999774202e-02,2.257978526376547e-12
7000,7,-1.800000000000000e-02,-1.799999999377442e-02,-6.225575610585565e-12
7000,8,1.500000000000000e-02,1.499999999519356e-02,4.806434764081935e-12
7000,9,1.200000000000000e-02,1.199999999669557e-02,3.304429646577844e-12
7000,10,-1.000000000000000e-02,-1.000000000915609e-02,9.156085611916609e-12
7000,11,8.999999999999999e-03,8.999999996026681e-03,3.973318202232790e-12
7000,12,8.000000000000000e-03,7.999999989343531e-03,1.065646876297066e-11
7000,13,-7.000000000000000e-03,-7.000000007091178e-03,7.091177471607590e-12
7000,14,6.000000000000000e-03,5.999999991953228e-03,8.046772449754602e-12
7000,15,5.000000000000000e-03,4.999999991230664e-03,8.769335951841484e-12
7000,16,-4.000000000000000e-03,-4.000000009146404e-03,9.146404120197182e-12
7000,17,3.500000000000000e-03,3.499999994351792e-03,5.648208029757074e-12
7000,18,3.000000000000000e-03,2.999999992322941e-03,7.677059508937045e-12
7000,19,-2.500000000000000e-03,-2.500000005714227e-03,5.714226834763192e-12
7000,20,2.000000000000000e-03,1.999999999013180e-03,9.868204343954634e-13
7000,21,1.800000000000000e-03,1.799999997312189e-03,2.687810911339295e-12
7000,22,-1.500000000000000e-03,-1.499999993968158e-03,-6.031842343309779e-12
7000,23,1.200000000000000e-03,1.199999998117404e-03,1.882595858718195e-12
7000,24,1.000000000000000e-03,1.000000000399143e-03,-3.991427414279380e-13
7000,25,-8.000000000000000e-04,-8.000000100247155e-04,1.002471543276595e-11
7000,26,5.999999999999999e-04,5.999999914757584e-04,8.524241533990062e-12
7000,27,5.000000000000000e-04,4.999999852509057e-04,1.474909430698723e-11
7000,28,-4.000000000000000e-04,-4.000000092917401e-04,9.291740066166149e-12
7000,29,3.000000000000000e-04,2.999999910550460e-04,8.944953935538513e-12
7100,0,1.200000000000000e-01,1.199999999856470e-01,1.435294938456622e-11
7100,1,-8.000000000000000e-02,-8.000000000408727e-02,4.087272187369706e-12
7100,2,5.500000000000000e-02,5.499999998845221e-02,1.154779050160926e-11
7100,3,4.000000000000000e-02,3.999999999589279e-02,4.107207629555631e-12
7100,4,-3.000000000000000e-02,-3.000000000253735e-02,2.537355742182612e-12
7100,5,2.500000000000000e-02,2.500000000188389e-02,-1.883892347676053e-12
7100,6,2.000000000000000e-02,1.999999999758973e-02,2.410269900332551e-12
7100,7,-1.800000000000000e-02,-1.799999999693984e-02,-3.060163233925550e-12
7100,8,1.500000000000000e-02,1.499999999579946e-02,4.200537487286660e-12
7100,9,1.200000000000000e-02,1.199999999619264e-02,3.807360676733040e-12
7100,10,-1.000000000000000e-02,-1.000000000787953e-02,7.879528626797416e-12
7100,11,8.999999999999999e-03,8.999999995295842e-03,4.704157202661818e-12
7100,12,8.000000000000000e-03,7.999999991070124e-03,8.929875935925757e-12
7100,13,-7.000000000000000e-03,-7.000000006781021e-03,6.781021057167269e-12
7100,14,6.000000000000000e-03,5.999999993246903e-03,6.753097213374470e-12
7100,15,5.000000000000000e-03,4.999999991921315e-03,8.078685290180410e-12
7100,16,-4.000000000000000e-03,-4.000000007855943e-03,7.855942459056298e-12
7100,17,3.500000000000000e-03,3.499999994784143e-03,5.215857259988077e-12
7100,18,3.000000000000000e-03,2.999999992635240e-03,7.364760277323024e-12
7100,19,-2.500000000000000e-03,-2.500000004801643e-03,4.801643024160418e-12
7100,20,2.000000000000000e-03,1.999999998430820e-03,1.569180115706947e-12
7100,21,1.800000000000000e-03,1.799999996774679e-03,3.225320835062440e-12
7100,22,-1.500000000000000e-03,-1.499999996811825e-03,-3.188174984430914e-12
7100,23,1.200000000000000e-03,1.199999997312545e-03,2.687454425664981e-12
7100,24,1.000000000000000e-03,9.999999989198599e-04,1.080140100626070e-12
7100,25,-8.000000000000000e-04,-8.000000077897183e-04,7.789718306158711e-12
7100,26,5.999999999999999e-04,5.999999930233969e-04,6.976602997567360e-12
7100,27,5.000000000000000e-04,4.999999890636494e-04,1.093635056646780e-11
7100,28,-4.000000000000000e-04,-4.000000077126484e-04,7.712648336828665e-12
7100,29,3.000000000000000e-04,2.999999921051681e-04,7.894831869411506e-12
7200,0,1.200000000000000e-01,1.199999999902883e-01,9.711745296847596e-12
7200,1,-8.000000000000000e-02,-8.000000000377655e-02,3.776548518352740e-12
7200,2,5.500000000000000e-02,5.499999999081558e-02,9.184424054620166e-12
7200,3,4.000000000000000e-02,3.999999999655900e-02,3.440997486947595e-12
7200,4,-3.000000000000000e-02,-3.000000000226342e-02,2.263418619197211e-12
7200,5,2.500000000000000e-02,2.500000000306146e-02,-3.061460807085581e-12
7200,6,2.000000000000000e-02,1.999999999943650e-02,5.634971655954502e-13
7200,7,-1.800000000000000e-02,-1.799999999626272e-02,-3.737281317750529e-12
7200,8,1.500000000000000e-02,1.499999999758798e-02,2.412018501596336e-12
7200,9,1.200000000000000e-02,1.199999999841198e-02,1.588019646336924e-12
7200,10,-1.000000000000000e-02,-1.000000000539342e-02,5.393416616095159e-12
7200,11,8.999999999999999e-03,8.999999997944879e-03,2.055119963095819e-12
7200,12,8.000000000000000e-03,7.999999994112978e-03,5.887021772843504e-12
7200,13,-7.000000000000000e-03,-7.000000004369561e-03,4.369561136530198e-12
7200,14,6.000000000000000e-03,5.999999994949740e-03,5.050260556971331e-12
7200,15,5.000000000000000e-03,4.999999994254469e-03,5.745530787248931e-12
7200,16,-4.000000000000000e-03,-4.000000005335407e-03,5.335406595696757e-12
7200,17,3.500000000000000e-03,3.499999995611291e-03,4.388709014258030e-12
7200,18,3.000000000000000e-03,2.999999995469585e-03,4.530414671882754e-12
7200,19,-2.500000000000000e-03,-2.500000003900882e-03,3.900881787727295e-12
7200,20,2.000000000000000e-03,1.999999999553132e-03,4.468682368585775e-13
7200,21,1.800000000000000e-03,1.799999999106550e-03,8.934498106627498e-13
7200,22,-1.500000000000000e-03,-1.499999997217598e-03,-2.782401913037358e-12
7200,23,1.200000000000000e-03,1.199999998702980e-03,1.297020216922684e-12
7200,24,1.000000000000000e-03,9.999999990610430e-04,9.389570284484838e-13
7200,25,-8.000000000000000e-04,-8.000000063087906e-04,6.308790512568607e-12
7200,26,5.999999999999999e-04,5.999999936519388e-04,6.348061182617770e-12
7200,27,5.000000000000000e-04,4.999999913600759e-04,8.639924062650572e-12
7200,28,-4.000000000000000e-04,-4.000000057907872e-04,5.790787174862061e-12
7200,29,3.000000000000000e-04,2.999999935855119e-04,6.414488027111503e-12
7300,0,1.200000000000000e-01,1.199999999931110e-01,6.888947745586904e-12
7300,1,-8.000000000000000e-02,-8.000000000233826e-02,2.338254589950850e-12
7300,2,5.500000000000000e-02,5.499999999372148e-02,6.278519371072377e-12
7300,3,4.000000000000000e-02,3.999999999778882e-02,2.211182625888597e-12
7300,4,-3.000000000000000e-02,-3.000000000175835e-02,1.758346940272659e-12
7300,5,2.500000000000000e-02,2.500000000258937e-02,-2.589366221439349e-12
7300,6,2.000000000000000e-02,1.999999999913172e-02,8.682846108776232e-13
7300,7,-1.800000000000000e-02,-1.799999999691125e-02,-3.088744537915744e-12
7300,8,1.500000000000000e-02,1.499999999837256e-02,1.627442972051973e-12
7300,9,1.200000000000000e-02,1.199999999925442e-02,7.455806805278797e-13
7300,10,-1.000000000000000e-02,-1.000000000351390e-02,3.513904445195948e-12
7300,11,8.999999999999999e-03,8.999999998635207e-03,1.364791960001277e-12
7300,12,8.000000000000000e-03,7.999999995218778e-03,4.781222293082088e-12
7300,13,-7.000000000000000e-03,-7.000000003455928e-03,3.455928251905327e-12
7300,14,6.000000000000000e-03,5.999999995054901e-03,4.945099017772403e-12
7300,15,5.000000000000000e-03,4.999999995156976e-03,4.843024418998976e-12
7300,16,-4.000000000000000e-03,-4.000000004238230e-03,4.238229558972684e-12
7300,17,3.500000000000000e-03,3.499999997063432e-03,2.936568523070893e-12
7300,18,3.000000000000000e-03,2.999999997416604e-03,2.583395736915906e-12
7300,19,-2.500000000000000e-03,-2.500000002227395e-03,2.227394917814207e-12
7300,20,2.000000000000000e-03,2.000000000346236e-03,-3.462356269745559e-13
7300,21,1.800000000000000e-03,1.799999999452752e-03,5.472482276364099e-13
7300,22,-1.500000000000000e-03,-1.499999997595782e-03,-2.404217666965303e-12
7300,23,1.200000000000000e-03,1.199999999368584e-03,6.314161433290666e-13
7300,24,1.000000000000000e-03,9.999999997844942e-04,2.155057816227712e-13
7300,25,-8.000000000000000e-04,-8.000000044575382e-04,4.457538179715448e-12
7300,26,5.999999999999999e-04,5.999999959612396e-04,4.038760320103363e-12
7300,27,5.000000000000000e-04,4.999999942739115e-04,5.726088548631270e-12
7300,28,-4.000000000000000e-04,-4.000000039382504e-04,3.938250333485049e-12
7300,29,3.000000000000000e-04,2.999999959397788e-04,4.060221126325758e-12
7400,0,1.200000000000000e-01,1.199999999951754e-01,4.824571298023272e-12
7400,1,-8.000000000000000e-02,-8.000000000150784e-02,1.507835523106849e-12
7400,2,5.500000000000000e-02,5.499999999552359e-02,4.476405357500823e-12
7400,3,4.000000000000000e-02,3.999999999828612e-02,1.713879038689470e-12
7400,4,-3.000000000000000e-02,-3.000000000117565e-02,1.175646385798146e-12
7400,5,2.500000000000000e-02,2.500000000192960e-02,-1.929602311268042e-12
7400,6,2.000000000000000e-02,1.999999999912607e-02,8.739259316214998e-13
7400,7,-1.800000000000000e-02,-1.799999999790153e-02,-2.098463763866576e-12
7400,8,1.500000000000000e-02,1.499999999870201e-02,1.297989493664886e-12
7400,9,1.200000000000000e-02,1.199999999889503e-02,1.104973751386851e-12
7400,10,-1.000000000000000e-02,-1.000000000277406e-02,2.774063964650075e-12
7400,11,8.999999999999999e-03,8.999999998878520e-03,1.121479645260770e-12
7400,12,8.000000000000000e-03,7.999999996333182e-03,3.666818584879827e-12
7400,13,-7.000000000000000e-03,-7.000000002341316e-03,2.341315509524211e-12
7400,14,6.000000000000000e-03,5.999999996689405e-03,3.310594853811466e-12
7400,15,5.000000000000000e-03,4.999999996545252e-03,3.454747772579925e-12
7400,16,-4.000000000000000e-03,-4.000000002883492e-03,2.883492056238168e-12
7400,17,3.500000000000000e-03,3.499999997789073e-03,2.210926754175890e-12
7400,18,3.000000000000000e-03,2.999999997917194e-03,2.082805716091540e-12
7400,19,-2.500000000000000e-03,-2.500000001989292e-03,1.989291977672059e-12
7400,20,2.000000000000000e-03,1.999999999821068e-03,1.789323897383177e-13
7400,21,1.800000000000000e-03,1.799999999232256e-03,7.677443750186974e-13
7400,22,-1.500000000000000e-03,-1.499999998566541e-03,-1.433458820393474e-12
7400,23,1.200000000000000e-03,1.199999999376395e-03,6.236049003571775e-13
7400,24,1.000000000000000e-03,9.999999998978547e-04,1.021452887550733e-13
7400,25,-8.000000000000000e-04,-8.000000033218883e-04,3.321888228900727e-12
7400,26,5.999999999999999e-04,5.999999970066188e-04,2.993381150590002e-12
7400,27,5.000000000000000e-04,4.999999958074260e-04,4.192574022329754e-12
7400,28,-4.000000000000000e-04,-4.000000026890333e-04,2.689033240868555e-12
7400,29,3.000000000000000e-04,2.999999972272365e-04,2.772763518354288e-12
7500,0,1.200000000000000e-01,1.199999999968482e-01,3.151756633457126e-12
7500,1,-8.000000000000000e-02,-8.000000000042172e-02,4.217182159038657e-13
7500,2,5.500000000000000e-02,5.499999999703610e-02,2.963899958796645e-12
7500,3,4.000000000000000e-02,3.999999999908296e-02,9.170442183403793e-13
7500,4,-3.000000000000000e-02,-3.000000000076685e-02,7.668553292372593e-13
7500,5,2.500000000000000e-02,2.500000000138753e-02,-1.387528980600905e-12
7500,6,2.000000000000000e-02,1.999999999903451e-02,9.654950450244115e-13
7500,7,-1.800000000000000e-02,-1.799999999874306e-02,-1.256938997329371e-12
7500,8,1.500000000000000e-02,1.499999999870960e-02,1.290398343734012e-12
7500,9,1.200000000000000e-02,1.199999999895719e-02,1.042811670348698e-12
7500,10,-1.000000000000000e-02,-1.000000000215862e-02,2.158615300396072e-12
7500,11,8.999999999999999e-03,8.999999999291033e-03,7.089658721204373e-13
7500,12,8.000000000000000e-03,7.999999997368583e-03,2.631417653220502e-12
7500,13,-7.000000000000000e-03,-7.000000001440212e-03,1.440211665204583e-12
7500,14,6.000000000000000e-03,5.999999997750255e-03,2.249744661397823e-12
7500,15,5.000000000000000e-03,4.999999997757939e-03,2.242060703760984e-12
7500,16,-4.000000000000000e-03,-4.000000001830524e-03,1.830523579937626e-12
7500,17,3.500000000000000e-03,3.499999998634667e-03,1.365333193725782e-12
7500,18,3.000000000000000e-03,2.999999998528585e-03,1.471414570047846e-12
7500,19,-2.500000000000000e-03,-2.500000001521419e-03,1.521418841604616e-12
7500,20,2.000000000000000e-03,1.999999999613417e-03,3.865826929405625e-13
7500,21,1.800000000000000e-03,1.799999999365561e-03,6.344391158263907e-13
7500,22,-1.500000000000000e-03,-1.499999999065943e-03,-9.340570851501528e-13
7500,23,1.200000000000000e-03,1.199999999626182e-03,3.738181639234561e-13
7500,24,1.000000000000000e-03,1.000000000128677e-03,-1.286765832775316e-13
7500,25,-8.000000000000000e-04,-8.000000020062711e-04,2.006271017374051e-12
7500,26,5.999999999999999e-04,5.999999979134510e-04,2.086548924092047e-12
7500,27,5.000000000000000e-04,4.999999973719265e-04,2.628073540039688e-12
7500,28,-4.000000000000000e-04,-4.000000018283859e-04,1.828385912724245e-12
7500,29,3.000000000000000e-04,2.999999982112774e-04,1.788722544648208e-12
7600,0,1.200000000000000e-01,1.199999999977793e-01,2.220723605006469e-12
7600,1,-8.000000000000000e-02,-8.000000000009136e-02,9.135747713884257e-14
7600,2,5.500000000000000e-02,5.499999999774451e-02,2.255487463465045e-12
7600,3,4.000000000000000e-02,3.999999999937852e-02,6.214820325034509e-13
7600,4,-3.000000000000000e-02,-3.000000000068530e-02,6.853059786315896e-13
7600,5,2.500000000000000e-02,2.500000000097978e-02,-9.797752886786526e-13
7600,6,2.000000000000000e-02,1.999999999894090e-02,1.059104193235072e-12
7600,7,-1.800000000000000e-02,-1.799999999942978e-02,-5.702140148944324e-13
7600,8,1.500000000000000e-02,1.499999999859827e-02,1.401732896422203e-12
7600,9,1.200000000000000e-02,1.199999999898942e-02,1.010583977612001e-12
7600,10,-1.000000000000000e-02,-1.000000000176286e-02,1.762864160204103e-12
7600,11,8.999999999999999e-03,8.999999999652101e-03,3.478987931071487e-13
7600,12,8.000000000000000e-03,7.999999998295116e-03,1.704884497466530e-12
7600,13,-7.000000000000000e-03,-7.000000000717907e-03,7.179066369156217e-13
7600,14,6.000000000000000e-03,5.999999998746951e-03,1.253048879934493e-12
7600,15,5.000000000000000e-03,4.999999998642789e-03,1.357211218411258e-12
7600,16,-4.000000000000000e-03,-4.000000001199859e-03,1.199858788714092e-12
7600,17,3.500000000000000e-03,3.499999998993300e-03,1.006699931749289e-12
7600,18,3.000000000000000e-03,2.999999998660471e-03,1.339529182020627e-12
7600,19,-2.500000000000000e-03,-2.500000001529401e-03,1.529400737998454e-12
7600,20,2.000000000000000e-03,1.999999999331994e-03,6.680060150865419e-13
7600,21,1.800000000000000e-03,1.799999998966850e-03,1.033149694268376e-12
7600,22,-1.500000000000000e-03,-1.499999999630125e-03,-3.698747037816918e-13
7600,23,1.200000000000000e-03,1.199999999496861e-03,5.031385464510096e-13
7600,24,1.000000000000000e-03,1.000000000126411e-03,-1.264112512583404e-13
7600,25,-8.000000000000000e-04,-8.000000014815068e-04,1.481506757550211e-12
7600,26,5.999999999999999e-04,5.999999985135614e-04,1.486438576392413e-12
7600,27,5.000000000000000e-04,4.999999982971192e-04,1.702880783431560e-12
7600,28,-4.000000000000000e-04,-4.000000010405490e-04,1.040548994624829e-12
7600,29,3.000000000000000e-04,2.999999989047523e-04,1.095247698958135e-12
7700,0,1.200000000000000e-01,1.199999999982955e-01,1.704525409707003e-12
7700,1,-8.000000000000000e-02,-8.000000000026844e-02,2.684380495665550e-13
7700,2,5.500000000000000e-02,5.499999999833093e-02,1.669067661858037e-12
7700,3,4.000000000000000e-02,3.999999999931011e-02,6.898925875020723e-13
7700,4,-3.000000000000000e-02,-3.000000000047906e-02,4.790612351257550e-13
7700,5,2.500000000000000e-02,2.500000000046577e-02,-4.657697838528208e-13
7700,6,2.000000000000000e-02,1.999999999918628e-02,8.137206186642487e-13
7700,7,-1.800000000000000e-02,-1.799999999981906e-02,-1.809351279913329e-13
7700,8,1.500000000000000e-02,1.499999999899409e-02,1.005914102014671e-12
7700,9,1.200000000000000e-02,1.199999999908293e-02,9.170685044690430e-13
7700,10,-1.000000000000000e-02,-1.000000000132429e-02,1.324291371007646e-12
7700,11,8.999999999999999e-03,8.999999999559494e-03,4.405052711486945e-13
7700,12,8.000000000000000e-03,7.999999998581746e-03,1.418254402807406e-12
7700,13,-7.000000000000000e-03,-7.000000000688999e-03,6.889992049119442e-13
7700,14,6.000000000000000e-03,5.999999998973164e-03,1.026836601858427e-12
7700,15,5.000000000000000e-03,4.999999998936529e-03,1.063471359585844e-12
7700,16,-4.000000000000000e-03,-4.000000001047999e-03,1.047999360903606e-12
7700,17,3.500000000000000e-03,3.499999999223619e-03,7.763806958438479e-13
7700,18,3.000000000000000e-03,2.999999998850469e-03,1.149530991229053e-12
7700,19,-2.500000000000000e-03,-2.500000001101379e-03,1.101378536982889e-12
7700,20,2.000000000000000e-03,1.999999999395282e-03,6.047185321933490e-13
7700,21,1.800000000000000e-03,1.799999999136235e-03,8.637645720205311e-13
7700,22,-1.500000000000000e-03,-1.499999999954784e-03,-4.521556740133548e-14
7700,23,1.200000000000000e-03,1.199999999587239e-03,4.127605375547905e-13
7700,24,1.000000000000000e-03,9.999999998450406e-04,1.549593786620562e-13
7700,25,-8.000000000000000e-04,-8.000000010477295e-04,1.047729502982875e-12
7700,26,5.999999999999999e-04,5.999999987270628e-04,1.272937159325915e-12
7700,27,5.000000000000000e-04,4.999999987274222e-04,1.272577854725954e-12
7700,28,-4.000000000000000e-04,-4.000000009971979e-04,9.971979296995170e-13
7700,29,3.000000000000000e-04,2.999999991413976e-04,8.586024144267845e-13
7800,0,1.200000000000000e-01,1.199999999988705e-01,1.129540905253634e-12
7800,1,-8.000000000000000e-02,-8.000000000044208e-02,4.420769306179295e-13
7800,2,5.500000000000000e-02,5.499999999896304e-02,1.036962182787704e-12
7800,3,4.000000000000000e-02,3.999999999930095e-02,6.990519274552298e-13
7800,4,-3.000000000000000e-02,-3.000000000022628e-02,2.262807996533667e-13
7800,5,2.500000000000000e-02,2.500000000016070e-02,-1.607013133675395e-13
7800,6,2.000000000000000e-02,1.999999999944264e-02,5.573631833843962e-13
7800,7,-1.800000000000000e-02,-1.800000000011149e-02,1.114872083540774e-13
7800,8,1.500000000000000e-02,1.499999999928531e-02,7.146904595911607e-13
7800,9,1.200000000000000e-02,1.199999999904750e-02,9.524967620189173e-13
7800,10,-1.000000000000000e-02,-1.000000000089999e-02,8.999866824010994e-13
7800,11,8.999999999999999e-03,8.999999999518966e-03,4.810336157179407e-13
7800,12,8.000000000000000e-03,7.999999998934191e-03,1.065808899469722e-12
7800,13,-7.000000000000000e-03,-7.000000000560246e-03,5.602454264397316e-13
7800,14,6.000000000000000e-03,5.999999999172054e-03,8.279462185289965e-13
7800,15,5.000000000000000e-03,4.999999999088788e-03,9.112120780141453e-13
7800,16,-4.000000000000000e-03,-4.000000000792873e-03,7.928727119299595e-13
7800,17,3.500000000000000e-03,3.499999999310452e-03,6.895482448920909e-13
7800,18,3.000000000000000e-03,2.999999999039929e-03,9.600709983959010e-13
7800,19,-2.500000000000000e-03,-2.500000000872661e-03,8.726613182075127e-13
7800,20,2.000000000000000e-03,1.999999999336684e-03,6.633161901692386e-13
7800,21,1.800000000000000e-03,1.799999999301755e-03,6.982452810389006e-13
7800,22,-1.500000000000000e-03,-1.500000000053403e-03,5.340324536751151e-14
7800,23,1.200000000000000e-03,1.199999999669332e-03,3.306677848202710e-13
7800,24,1.000000000000000e-03,9.999999997754750e-04,2.245250426552436e-13
7800,25,-8.000000000000000e-04,-8.000000007011402e-04,7.011402092596541e-13
7800,26,5.999999999999999e-04,5.999999989718126e-04,1.028187300924910e-12
7800,27,5.000000000000000e-04,4.999999990930710e-04,9.069290457519585e-13
7800,28,-4.000000000000000e-04,-4.000000008737648e-04,8.737647649685598e-13
7800,29,3.000000000000000e-04,2.999999993764619e-04,6.235380592932438e-13
7900,0,1.200000000000000e-01,1.199999999992450e-01,7.549655345329143e-13
7900,1,-8.000000000000000e-02,-8.000000000022070e-02,2.206984595076733e-13
7900,2,5.500000000000000e-02,5.499999999923815e-02,7.618489172855902e-13
7900,3,4.000000000000000e-02,3.999999999944982e-02,5.501779587469002e-13
7900,4,-3.000000000000000e-02,-3.000000000024228e-02,2.422784195488248e-13
7900,5,2.500000000000000e-02,2.500000000005643e-02,-5.642708522657358e-14
7900,6,2.000000000000000e-02,1.999999999961235e-02,3.876551857295851e-13
7900,7,-1.800000000000000e-02,-1.799999999994400e-02,-5.600034325148329e-14
7900,8,1.500000000000000e-02,1.499999999964046e-02,3.595422570779050e-13
7900,9,1.200000000000000e-02,1.199999999948622e-02,5.137817254974308e-13
7900,10,-1.000000000000000e-02,-1.000000000056949e-02,5.694941046519020e-13
7900,11,8.999999999999999e-03,8.999999999623925e-03,3.760741718039640e-13
7900,12,8.000000000000000e-03,7.999999999211464e-03,7.885359032400174e-13
7900,13,-7.000000000000000e-03,-7.000000000538895e-03,5.388953172591471e-13
7900,14,6.000000000000000e-03,5.999999999291773e-03,7.082268799196711e-13
7900,15,5.000000000000000e-03,4.999999999213041e-03,7.869590396003545e-13
7900,16,-4.000000000000000e-03,-4.000000000688556e-03,6.885559830638321e-13
7900,17,3.500000000000000e-03,3.499999999451159e-03,5.488409206277911e-13
7900,18,3.000000000000000e-03,2.999999999264580e-03,7.354204051290836e-13
7900,19,-2.500000000000000e-03,-2.500000000642380e-03,6.423798125376745e-13
7900,20,2.000000000000000e-03,1.999999999541044e-03,4.589562237200528e-13
7900,21,1.800000000000000e-03,1.799999999398224e-03,6.017757906567889e-13
7900,22,-1.500000000000000e-03,-1.500000000175283e-03,1.752833989066005e-13
7900,23,1.200000000000000e-03,1.199999999583442e-03,4.165576304032692e-13
7900,24,1.000000000000000e-03,9.999999995513830e-04,4.486170549627966e-13
7900,25,-8.000000000000000e-04,-8.000000006954511e-04,6.954510751999710e-13
7900,26,5.999999999999999e-04,5.999999991702700e-04,8.297299479431697e-13
7900,27,5.000000000000000e-04,4.999999992818991e-04,7.181009259449311e-13
7900,28,-4.000000000000000e-04,-4.000000005558919e-04,5.558918668262247e-13
7900,29,3.000000000000000e-04,2.999999996213301e-04,3.786698602251115e-13
8000,0,1.200000000000000e-01,1.199999999993088e-01,6.911693439803912e-13
8000,1,-8.000000000000000e-02,-8.000000000029593e-02,2.959299472138355e-13
8000,2,5.500000000000000e-02,5.499999999931948e-02,6.805181418378936e-13
8000,3,4.000000000000000e-02,3.999999999947723e-02,5.227693278264667e-13
8000,4,-3.000000000000000e-02,-3.000000000031986e-02,3.198656617353635e-13
8000,5,2.500000000000000e-02,2.499999999997935e-02,2.065014825802791e-14
8000,6,2.000000000000000e-02,1.999999999962471e-02,3.752935462397744e-13
8000,7,-1.800000000000000e-02,-1.800000000002012e-02,2.012626176828292e-14
8000,8,1.500000000000000e-02,1.499999999964813e-02,3.518661056967076e-13
8000,9,1.200000000000000e-02,1.199999999957684e-02,4.231580363889265e-13
8000,10,-1.000000000000000e-02,-1.000000000046444e-02,4.644427203936985e-13
8000,11,8.999999999999999e-03,8.999999999662302e-03,3.376968843449291e-13
8000,12,8.000000000000000e-03,7.999999999318825e-03,6.811756020352888e-13
8000,13,-7.000000000000000e-03,-7.000000000451308e-03,4.513073942336021e-13
8000,14,6.000000000000000e-03,5.999999999395518e-03,6.044817424388782e-13
8000,15,5.000000000000000e-03,4.999999999383562e-03,6.164383239970483e-13
8000,16,-4.000000000000000e-03,-4.000000000516904e-03,5.169042277541891e-13
8000,17,3.500000000000000e-03,3.499999999583531e-03,4.164689426655599e-13
8000,18,3.000000000000000e-03,2.999999999478551e-03,5.214492032612483e-13
8000,19,-2.500000000000000e-03,-2.500000000361236e-03,3.612362145521963e-13
8000,20,2.000000000000000e-03,1.999999999725827e-03,2.741734790590034e-13
8000,21,1.800000000000000e-03,1.799999999616233e-03,3.837668030581831e-13
8000,22,-1.500000000000000e-03,-1.500000000082447e-03,8.244728684492220e-14
8000,23,1.200000000000000e-03,1.199999999726321e-03,2.736790828683500e-13
8000,24,1.000000000000000e-03,9.999999996592576e-04,3.407424082474408e-13
8000,25,-8.000000000000000e-04,-8.000000005271218e-04,5.271217490276925e-13
8000,26,5.999999999999999e-04,5.999999993906485e-04,6.093514364965968e-13
8000,27,5.000000000000000e-04,4.999999993658840e-04,6.341160235789900e-13
8000,28,-4.000000000000000e-04,-4.000000004475348e-04,4.475348043542215e-13
8000,29,3.000000000000000e-04,2.999999996585623e-04,3.414377071006558e-13
8100,0,1.200000000000000e-01,1.199999999994225e-01,5.774547506831595e-13
8100,1,-8.000000000000000e-02,-8.000000000026575e-02,2.657457587318390e-13
8100,2,5.500000000000000e-02,5.499999999943881e-02,5.611899833724010e-13
8100,3,4.000000000000000e-02,3.999999999959675e-02,4.032538192255686e-13
8100,4,-3.000000000000000e-02,-3.000000000026193e-02,2.619328365316420e-13
8100,5,2.500000000000000e-02,2.499999999997564e-02,2.436245649661828e-14
8100,6,2.000000000000000e-02,1.999999999975741e-02,2.425941392214526e-13
8100,7,-1.800000000000000e-02,-1.799999999998230e-02,-1.769417945496343e-14
8100,8,1.500000000000000e-02,1.499999999977485e-02,2.251532293939817e-13
8100,9,1.200000000000000e-02,1.199999999971878e-02,2.812212268610281e-13
8100,10,-1.000000000000000e-02,-1.000000000036588e-02,3.658757324886963e-13
8100,11,8.999999999999999e-03,8.999999999717118e-03,2.828813572275379e-13
8100,12,8.000000000000000e-03,7.999999999454770e-03,5.452305273934144e-13
8100,13,-7.000000000000000e-03,-7.000000000371702e-03,3.717018012827644e-13
8100,14,6.000000000000000e-03,5.999999999511508e-03,4.884920593029030e-13
8100,15,5.000000000000000e-03,4.999999999528605e-03,4.713946247236755e-13
8100,16,-4.000000000000000e-03,-4.000000000422751e-03,4.227512437338099e-13
8100,17,3.500000000000000e-03,3.499999999678921e-03,3.210791008068092e-13
8100,18,3.000000000000000e-03,2.999999999626910e-03,3.730904474252839e-13
8100,19,-2.500000000000000e-03,-2.500000000193805e-03,1.938046077787359e-13
8100,20,2.000000000000000e-03,1.999999999838974e-03,1.610261403384161e-13
8100,21,1.800000000000000e-03,1.799999999808362e-03,1.916379381572408e-13
8100,22,-1.500000000000000e-03,-1.500000000018488e-03,1.848781544522282e-14
8100,23,1.200000000000000e-03,1.199999999825601e-03,1.743989067742868e-13
8100,24,1.000000000000000e-03,9.999999997590916e-04,2.409084216836721e-13
8100,25,-8.000000000000000e-04,-8.000000003960102e-04,3.960101560909757e-13
8100,26,5.999999999999999e-04,5.999999995334430e-04,4.665569146300452e-13
8100,27,5.000000000000000e-04,4.999999995082469e-04,4.917531225973049e-13
8100,28,-4.000000000000000e-04,-4.000000003668396e-04,3.668395340099273e-13
8100,29,3.000000000000000e-04,2.999999996909705e-04,3.090294947022398e-13
8200,0,1.200000000000000e-01,1.199999999995943e-01,4.056477376224166e-13
8200,1,-8.000000000000000e-02,-8.000000000018616e-02,1.861566456540231e-13
8200,2,5.500000000000000e-02,5.499999999961312e-02,3.868780296123475e-13
8200,3,4.000000000000000e-02,3.999999999972674e-02,2.732605808297706e-13
8200,4,-3.000000000000000e-02,-3.000000000016387e-02,1.638758573285770e-13
8200,5,2.500000000000000e-02,2.500000000004474e-02,-4.474198789239381e-14
8200,6,2.000000000000000e-02,1.999999999988688e-02,1.131247873153995e-13
8200,7,-1.800000000000000e-02,-1.799999999988893e-02,-1.110639358259391e-13
8200,8,1.500000000000000e-02,1.499999999992689e-02,7.310992089504253e-14
8200,9,1.200000000000000e-02,1.199999999984799e-02,1.520086140294197e-13
8200,10,-1.000000000000000e-02,-1.000000000021451e-02,2.145089661453881e-13
8200,11,8.999999999999999e-03,8.999999999815454e-03,1.845450875448407e-13
8200,12,8.000000000000000e-03,7.999999999595293e-03,4.047075174984371e-13
8200,13,-7.000000000000000e-03,-7.000000000252231e-03,2.522305281305037e-13
8200,14,6.000000000000000e-03,5.999999999649442e-03,3.505581241958211e-13
8200,15,5.000000000000000e-03,4.999999999677458e-03,3.225423400587957e-13
8200,16,-4.000000000000000e-03,-4.000000000299890e-03,2.998903209094905e-13
8200,17,3.500000000000000e-03,3.499999999790275e-03,2.097250324795130e-13
8200,18,3.000000000000000e-03,2.999999999752992e-03,2.470081431060756e-13
8200,19,-2.500000000000000e-03,-2.500000000097788e-03,9.778766338341960e-14
8200,20,2.000000000000000e-03,1.999999999941421e-03,5.857900969852281e-14
8200,21,1.800000000000000e-03,1.799999999952702e-03,4.729766925337664e-14
8200,22,-1.500000000000000e-03,-1.499999999956692e-03,-4.330845577993347e-14
8200,23,1.200000000000000e-03,1.199999999922780e-03,7.721991449050059e-14
8200,24,1.000000000000000e-03,9.999999998558775e-04,1.441225611076291e-13
8200,25,-8.000000000000000e-04,-8.000000003001940e-04,3.001940059380037e-13
8200,26,5.999999999999999e-04,5.999999996313345e-04,3.686654930987188e-13
8200,27,5.000000000000000e-04,4.999999996452651e-04,3.547349046451043e-13
8200,28,-4.000000000000000e-04,-4.000000002883722e-04,2.883721364997649e-13
8200,29,3.000000000000000e-04,2.999999997768682e-04,2.231317886534911e-13
8300,0,1.200000000000000e-01,1.199999999997143e-01,2.857020175994762e-13
8300,1,-8.000000000000000e-02,-8.000000000014500e-02,1.449951270160454e-13
8300,2,5.500000000000000e-02,5.499999999971096e-02,2.890396255672556e-13
8300,3,4.000000000000000e-02,3.999999999977110e-02,2.289002321020916e-13
8300,4,-3.000000000000000e-02,-3.000000000013501e-02,1.350135281352749e-13
8300,5,2.500000000000000e-02,2.500000000000501e-02,-5.013350845572973e-15
8300,6,2.000000000000000e-02,1.999999999990261e-02,9.739084538828990e-14
8300,7,-1.800000000000000e-02,-1.799999999994645e-02,-5.354744425645208e-14
8300,8,1.500000000000000e-02,1.499999999992989e-02,7.011405345203059e-14
8300,9,1.200000000000000e-02,1.199999999987434e-02,1.256598991528080e-13
8300,10,-1.000000000000000e-02,-1.000000000017877e-02,1.787736625402658e-13
8300,11,8.999999999999999e-03,8.999999999852197e-03,1.478019096001759e-13
8300,12,8.000000000000000e-03,7.999999999706258e-03,2.937424609106287e-13
8300,13,-7.000000000000000e-03,-7.000000000191685e-03,1.916852093719612e-13
8300,14,6.000000000000000e-03,5.999999999764889e-03,2.351114095078266e-13
8300,15,5.000000000000000e-03,4.999999999753633e-03,2.463671627817021e-13
8300,16,-4.000000000000000e-03,-4.000000000221085e-03,2.210853028428161e-13
8300,17,3.500000000000000e-03,3.499999999830438e-03,1.695622808828290e-13
8300,18,3.000000000000000e-03,2.999999999807379e-03,1.926206590063817e-13
8300,19,-2.500000000000000e-03,-2.500000000088556e-03,8.855633240600902e-14
8300,20,2.000000000000000e-03,1.999999999947592e-03,5.240816461360431e-14
8300,21,1.800000000000000e-03,1.799999999948908e-03,5.109216001664141e-14
8300,22,-1.500000000000000e-03,-1.499999999991703e-03,-8.296531864293577e-15
8300,23,1.200000000000000e-03,1.199999999925795e-03,7.420518192968739e-14
8300,24,1.000000000000000e-03,9.999999998723981e-04,1.276019220841640e-13
8300,25,-8.000000000000000e-04,-8.000000002333345e-04,2.333345105673401e-13
8300,26,5.999999999999999e-04,5.999999997330999e-04,2.669000003646671e-13
8300,27,5.000000000000000e-04,4.999999997410488e-04,2.589511721370896e-13
8300,28,-4.000000000000000e-04,-4.000000002070034e-04,2.070033597659227e-13
8300,29,3.000000000000000e-04,2.999999998593659e-04,1.406340321974398e-13
8400,0,1.200000000000000e-01,1.199999999998358e-01,1.642436187054841e-13
8400,1,-8.000000000000000e-02,-8.000000000007994e-02,7.993605777301127e-14
8400,2,5.500000000000000e-02,5.499999999980943e-02,1.905697821769081e-13
8400,3,4.000000000000000e-02,3.999999999984419e-02,1.558059237183329e-13
8400,4,-3.000000000000000e-02,-3.000000000011561e-02,1.156123807799503e-13
8400,5,2.500000000000000e-02,2.499999999997453e-02,2.547267952124344e-14
8400,6,2.000000000000000e-02,1.999999999990346e-02,9.654083088506127e-14
8400,7,-1.800000000000000e-02,-1.799999999998203e-02,-1.796479631721581e-14
8400,8,1.500000000000000e-02,1.499999999992750e-02,7.250103295497468e-14
8400,9,1.200000000000000e-02,1.199999999990895e-02,9.105390053054663e-14
8400,10,-1.000000000000000e-02,-1.000000000014360e-02,1.436004093413601e-13
8400,11,8.999999999999999e-03,8.999999999888226e-03,1.117734377276136e-13
8400,12,8.000000000000000e-03,7.999999999800236e-03,1.997638165995852e-13
8400,13,-7.000000000000000e-03,-7.000000000142313e-03,1.423123771604473e-13
8400,14,6.000000000000000e-03,5.999999999842376e-03,1.576239139211566e-13
8400,15,5.000000000000000e-03,4.999999999835010e-03,1.649904171618921e-13
8400,16,-4.000000000000000e-03,-4.000000000154680e-03,1.546800881824240e-13
8400,17,3.500000000000000e-03,3.499999999879603e-03,1.203967481266943e-13
8400,18,3.000000000000000e-03,2.999999999868234e-03,1.317661257882463e-13
8400,19,-2.500000000000000e-03,-2.500000000074512e-03,7.451244482536978e-14
8400,20,2.000000000000000e-03,1.999999999959878e-03,4.012241927586757e-14
8400,21,1.800000000000000e-03,1.799999999949031e-03,5.096899464984705e-14
8400,22,-1.500000000000000e-03,-1.500000000018170e-03,1.817036104911907e-14
8400,23,1.200000000000000e-03,1.199999999931002e-03,6.899797573567401e-14
8400,24,1.000000000000000e-03,9.999999998895196e-04,1.104804182167074e-13
8400,25,-8.000000000000000e-04,-8.000000001696875e-04,1.696875062337511e-13
8400,26,5.999999999999999e-04,5.999999998173307e-04,1.826692009460062e-13
8400,27,5.000000000000000e-04,4.999999998406991e-04,1.593009578415572e-13
8400,28,-4.000000000000000e-04,-4.000000001364176e-04,1.364176241587522e-13
8400,29,3.000000000000000e-04,2.999999999126907e-04,8.730928306721619e-14
8500,0,1.200000000000000e-01,1.199999999998639e-01,1.361133428190442e-13
8500,1,-8.000000000000000e-02,-8.000000000006967e-02,6.966649479522857e-14
8500,2,5.500000000000000e-02,5.499999999984290e-02,1.570965579844597e-13
8500,3,4.000000000000000e-02,3.999999999987372e-02,1.262809301572076e-13
8500,4,-3.000000000000000e-02,-3.000000000009708e-02,9.708206460956603e-14
8500,5,2.500000000000000e-02,2.499999999997607e-02,2.393571452152798e-14
8500,6,2.000000000000000e-02,1.999999999992169e-02,7.830888715254503e-14
8500,7,-1.800000000000000e-02,-1.799999999998585e-02,-1.414493522311489e-14
8500,8,1.500000000000000e-02,1.499999999994067e-02,5.933101232535876e-14
8500,9,1.200000000000000e-02,1.199999999993023e-02,6.977404765073913e-14
8500,10,-1.000000000000000e-02,-1.000000000011157e-02,1.115670056339724e-13
8500,11,8.999999999999999e-03,8.999999999916592e-03,8.340723944844086e-14
8500,12,8.000000000000000e-03,7.999999999841289e-03,1.587115855405941e-13
8500,13,-7.000000000000000e-03,-7.000000000103968e-03,1.039680494474560e-13
8500,14,6.000000000000000e-03,5.999999999882374e-03,1.176263947355594e-13
8500,15,5.000000000000000e-03,4.999999999871122e-03,1.288778112007449e-13
8500,16,-4.000000000000000e-03,-4.000000000134087e-03,1.340871857991033e-13
8500,17,3.500000000000000e-03,3.499999999893464e-03,1.065358738727706e-13
8500,18,3.000000000000000e-03,2.999999999875241e-03,1.247587103070380e-13
8500,19,-2.500000000000000e-03,-2.500000000079885e-03,7.988531711133895e-14
8500,20,2.000000000000000e-03,1.999999999948140e-03,5.185999199519564e-14
8500,21,1.800000000000000e-03,1.799999999948892e-03,5.110777252792520e-14
8500,22,-1.500000000000000e-03,-1.500000000023898e-03,2.389798428592549e-14
8500,23,1.200000000000000e-03,1.199999999932153e-03,6.784655302849441e-14
8500,24,1.000000000000000e-03,9.999999999115057e-04,8.849431604174285e-14
8500,25,-8.000000000000000e-04,-8.000000001337656e-04,1.337656114347441e-13
8500,26,5.999999999999999e-04,5.999999998558875e-04,1.441124780274250e-13
8500,27,5.000000000000000e-04,4.999999998794801e-04,1.205199134934887e-13
8500,28,-4.000000000000000e-04,-4.000000000981183e-04,9.811823662581043e-14
8500,29,3.000000000000000e-04,2.999999999277270e-04,7.227297102799235e-14
8600,0,1.200000000000000e-01,1.199999999999057e-01,9.432732372971486e-14
8600,1,-8.000000000000000e-02,-8.000000000004431e-02,4.431177647035156e-14
8600,2,5.500000000000000e-02,5.499999999988751e-02,1.124864090762401e-13
8600,3,4.000000000000000e-02,3.999999999991635e-02,8.365530490550555e-14
8600,4,-3.000000000000000e-02,-3.000000000006554e-02,6.554479181630768e-14
8600,5,2.500000000000000e-02,2.499999999998678e-02,1.321859288694327e-14
8600,6,2.000000000000000e-02,1.999999999995333e-02,4.666753095072806e-14
8600,7,-1.800000000000000e-02,-1.799999999998549e-02,-1.450575770611806e-14
8600,8,1.500000000000000e-02,1.499999999996030e-02,3.969914674772923e-14
8600,9,1.200000000000000e-02,1.199999999995955e-02,4.045028201282719e-14
8600,10,-1.000000000000000e-02,-1.000000000008176e-02,8.175751742278692e-14
8600,11,8.999999999999999e-03,8.999999999938000e-03,6.199901703141109e-14
8600,12,8.000000000000000e-03,7.999999999883448e-03,1.165526009039297e-13
8600,13,-7.000000000000000e-03,-7.000000000083080e-03,8.308024407321923e-14
8600,14,6.000000000000000e-03,5.999999999902559e-03,9.744115236909323e-14
8600,15,5.000000000000000e-03,4.999999999900996e-03,9.900413822094833e-14
8600,16,-4.000000000000000e-03,-4.000000000107571e-03,1.075710701070598e-13
8600,17,3.500000000000000e-03,3.499999999928249e-03,7.175076505161471e-14
8600,18,3.000000000000000e-03,2.999999999914058e-03,8.594167044684298e-14
8600,19,-2.500000000000000e-03,-2.500000000047921e-03,4.792130234299030e-14
8600,20,2.000000000000000e-03,1.999999999970469e-03,2.953149877416017e-14
8600,21,1.800000000000000e-03,1.799999999974901e-03,2.509928029303943e-14
8600,22,-1.500000000000000e-03,-1.500000000013113e-03,1.311320843577768e-14
8600,23,1.200000000000000e-03,1.199999999963198e-03,3.680237538328246e-14
8600,24,1.000000000000000e-03,9.999999999416392e-04,5.836086822141873e-14
8600,25,-8.000000000000000e-04,-8.000000000890817e-04,8.908162835857825e-14
8600,26,5.999999999999999e-04,5.999999999036905e-04,9.630946214145286e-14
8600,27,5.000000000000000e-04,4.999999999201032e-04,7.989680965436730e-14
8600,28,-4.000000000000000e-04,-4.000000000692991e-04,6.929905867897324e-14
8600,29,3.000000000000000e-04,2.999999999556165e-04,4.438349644406148e-14
8700,0,1.200000000000000e-01,1.199999999999272e-01,7.284450820321808e-14
8700,1,-8.000000000000000e-02,-8.000000000004309e-02,4.309053114326389e-14
8700,2,5.500000000000000e-02,5.499999999990761e-02,9.239137233052475e-14
8700,3,4.000000000000000e-02,3.999999999993426e-02,6.573908084561708e-14
8700,4,-3.000000000000000e-02,-3.000000000006009e-02,6.009082120783660e-14
8700,5,2.500000000000000e-02,2.499999999997564e-02,2.435898704966633e-14
8700,6,2.000000000000000e-02,1.999999999996075e-02,3.925332281440319e-14
8700,7,-1.800000000000000e-02,-1.799999999999988e-02,-1.179611963664229e-16
8700,8,1.500000000000000e-02,1.499999999996280e-02,3.720287966579860e-14
8700,9,1.200000000000000e-02,1.199999999996886e-02,3.114349056421162e-14
8700,10,-1.000000000000000e-02,-1.000000000006678e-02,6.677644548425121e-14
8700,11,8.999999999999999e-03,8.999999999947378e-03,5.262110192028047e-14
8700,12,8.000000000000000e-03,7.999999999908851e-03,9.114931032172535e-14
8700,13,-7.000000000000000e-03,-7.000000000077262e-03,7.726198153479302e-14
8700,14,6.000000000000000e-03,5.999999999913885e-03,8.611514279444066e-14
8700,15,5.000000000000000e-03,4.999999999916398e-03,8.360239583948825e-14
8700,16,-4.000000000000000e-03,-4.000000000089508e-03,8.950826191345129e-14
8700,17,3.500000000000000e-03,3.499999999942005e-03,5.799484156798762e-14
8700,18,3.000000000000000e-03,2.999999999933991e-03,6.600926402700047e-14
8700,19,-2.500000000000000e-03,-2.500000000036194e-03,3.619370428364910e-14
8700,20,2.000000000000000e-03,1.999999999976154e-03,2.384594258164618e-14
8700,21,1.800000000000000e-03,1.799999999975730e-03,2.426964879065352e-14
8700,22,-1.500000000000000e-03,-1.500000000015670e-03,1.566954031806400e-14
8700,23,1.200000000000000e-03,1.199999999964069e-03,3.593045999616962e-14
8700,24,1.000000000000000e-03,9.999999999481064e-04,5.189360226254269e-14
8700,25,-8.000000000000000e-04,-8.000000000714751e-04,7.147505243915164e-14
8700,26,5.999999999999999e-04,5.999999999206734e-04,7.932651931163992e-14
8700,27,5.000000000000000e-04,4.999999999323513e-04,6.764868613201580e-14
8700,28,-4.000000000000000e-04,-4.000000000566933e-04,5.669331107002740e-14
8700,29,3.000000000000000e-04,2.999999999651359e-04,3.486403873931287e-14
8800,0,1.200000000000000e-01,1.199999999999662e-01,3.376465773641257e-14
8800,1,-8.000000000000000e-02,-8.000000000001789e-02,1.788846848427283e-14
8800,2,5.500000000000000e-02,5.499999999995265e-02,4.735101200026293e-14
8800,3,4.000000000000000e-02,3.999999999996313e-02,3.687328220536301e-14
8800,4,-3.000000000000000e-02,-3.000000000002376e-02,2.376571162088226e-14
8800,5,2.500000000000000e-02,2.500000000000004e-02,-4.163336342344337e-17
8800,6,2.000000000000000e-02,1.999999999999648e-02,3.518019209280965e-15
8800,7,-1.800000000000000e-02,-1.799999999997845e-02,-2.155220446553585e-14
8800,8,1.500000000000000e-02,1.500000000000296e-02,-2.964642420444363e-15
8800,9,1.200000000000000e-02,1.199999999999530e-02,4.695896449469217e-15
8800,10,-1.000000000000000e-02,-1.000000000002247e-02,2.246987318432758e-14
8800,11,8.999999999999999e-03,8.999999999984007e-03,1.599241572503018e-14
8800,12,8.000000000000000e-03,7.999999999959132e-03,4.086835037053760e-14
8800,13,-7.000000000000000e-03,-7.000000000031636e-03,3.163615203138903e-14
8800,14,6.000000000000000e-03,5.999999999968699e-03,3.130135040052551e-14
8800,15,5.000000000000000e-03,4.999999999962645e-03,3.735466796994658e-14
8800,16,-4.000000000000000e-03,-4.000000000038689e-03,3.868867032297274e-14
8800,17,3.500000000000000e-03,3.499999999977093e-03,2.290745718114273e-14
8800,18,3.000000000000000e-03,2.999999999972486e-03,2.751444905246814e-14
8800,19,-2.500000000000000e-03,-2.500000000008515e-03,8.514456500963163e-15
8800,20,2.000000000000000e-03,2.000000000002468e-03,-2.468077825446002e-15
8800,21,1.800000000000000e-03,1.800000000000656e-03,-6.559423143537302e-16
8800,22,-1.500000000000000e-03,-1.499999999987331e-03,-1.266890238549312e-14
8800,23,1.200000000000000e-03,1.199999999989946e-03,1.005380674545808e-14
8800,24,1.000000000000000e-03,9.999999999796116e-04,2.038842185358991e-14
8800,25,-8.000000000000000e-04,-8.000000000406888e-04,4.068880649077400e-14
8800,26,5.999999999999999e-04,5.999999999522257e-04,4.777428452840127e-14
8800,27,5.000000000000000e-04,4.999999999528014e-04,4.719857317481146e-14
8800,28,-4.000000000000000e-04,-4.000000000357274e-04,3.572738892926308e-14
8800,29,3.000000000000000e-04,2.999999999786672e-04,2.133276194582479e-14
8900,0,1.200000000000000e-01,1.199999999999784e-01,2.157996004115148e-14
8900,1,-8.000000000000000e-02,-8.000000000001348e-02,1.347533196138784e-14
8900,2,5.500000000000000e-02,5.499999999996674e-02,3.326505737533125e-14
8900,3,4.000000000000000e-02,3.999999999997752e-02,2.248201624865942e-14
8900,4,-3.000000000000000e-02,-3.000000000001249e-02,1.248653958008106e-14
8900,5,2.500000000000000e-02,2.500000000000836e-02,-8.361367154208210e-15
8900,6,2.000000000000000e-02,2.000000000000499e-02,-4.989064716909297e-15
8900,7,-1.800000000000000e-02,-1.799999999997309e-02,-2.690556111240028e-14
8900,8,1.500000000000000e-02,1.500000000001014e-02,-1.013598927013248e-14
8900,9,1.200000000000000e-02,1.200000000000658e-02,-6.581540867856006e-15
8900,10,-1.000000000000000e-02,-1.000000000001010e-02,1.010129480061295e-14
8900,11,8.999999999999999e-03,8.999999999994093e-03,5.906733435701028e-15
8900,12,8.000000000000000e-03,7.999999999976767e-03,2.323315151375738e-14
8900,13,-7.000000000000000e-03,-7.000000000014477e-03,1.447713476876444e-14
8900,14,6.000000000000000e-03,5.999999999983441e-03,1.655880293993661e-14
8900,15,5.000000000000000e-03,4.999999999980946e-03,1.905420266012925e-14
8900,16,-4.000000000000000e-03,-4.000000000022056e-03,2.205614163530711e-14
8900,17,3.500000000000000e-03,3.499999999987938e-03,1.206196600933573e-14
8900,18,3.000000000000000e-03,2.999999999987883e-03,1.211704347969800e-14
8900,19,-2.500000000000000e-03,-2.499999999998147e-03,-1.852684672343230e-15
8900,20,2.000000000000000e-03,2.000000000011249e-03,-1.124881437997161e-14
8900,21,1.800000000000000e-03,1.800000000012277e-03,-1.227685487992236e-14
8900,22,-1.500000000000000e-03,-1.499999999984280e-03,-1.572028097973632e-14
8900,23,1.200000000000000e-03,1.200000000000085e-03,-8.478460988836645e-17
8900,24,1.000000000000000e-03,9.999999999902494e-04,9.750663818031136e-15
8900,25,-8.000000000000000e-04,-8.000000000278689e-04,2.786887474265365e-14
8900,26,5.999999999999999e-04,5.999999999699177e-04,3.008227347778281e-14
8900,27,5.000000000000000e-04,4.999999999720636e-04,2.793642053799950e-14
8900,28,-4.000000000000000e-04,-4.000000000191044e-04,1.910440122071533e-14
8900,29,3.000000000000000e-04,2.999999999927473e-04,7.252716222733158e-15
9000,0,1.200000000000000e-01,1.199999999999874e-01,1.264266469291897e-14
9000,1,-8.000000000000000e-02,-8.000000000000522e-02,5.218048215738236e-15
9000,2,5.500000000000000e-02,5.499999999998063e-02,1.937339177970898e-14
9000,3,4.000000000000000e-02,3.999999999998890e-02,1.110223024625157e-14
9000,4,-3.000000000000000e-02,-3.000000000000972e-02,9.721390359374027e-15
9000,5,2.500000000000000e-02,2.500000000000501e-02,-5.006411951669065e-15
9000,6,2.000000000000000e-02,1.999999999999894e-02,1.065120214249760e-15
9000,7,-1.800000000000000e-02,-1.799999999998451e-02,-1.548414174656898e-14
9000,8,1.500000000000000e-02,1.500000000000241e-02,-2.411265631607762e-15
9000,9,1.200000000000000e-02,1.200000000000487e-02,-4.871103520542874e-15
9000,10,-1.000000000000000e-02,-1.000000000000753e-02,7.530434609215320e-15
9000,11,8.999999999999999e-03,8.999999999998067e-03,1.932481952238163e-15
9000,12,8.000000000000000e-03,7.999999999985720e-03,1.428024365424108e-14
9000,13,-7.000000000000000e-03,-7.000000000006184e-03,6.183421830119329e-15
9000,14,6.000000000000000e-03,5.999999999990328e-03,9.671950740308688e-15
9000,15,5.000000000000000e-03,4.999999999990114e-03,9.886189089591824e-15
9000,16,-4.000000000000000e-03,-4.000000000013103e-03,1.310323377579081e-14
9000,17,3.500000000000000e-03,3.499999999992413e-03,7.586813122184566e-15
9000,18,3.000000000000000e-03,2.999999999991656e-03,8.344453600317436e-15
9000,19,-2.500000000000000e-03,-2.499999999999921e-03,-7.936359902593892e-17
9000,20,2.000000000000000e-03,2.000000000005632e-03,-5.632213445627698e-15
9000,21,1.800000000000000e-03,1.800000000006637e-03,-6.637052019087264e-15
9000,22,-1.500000000000000e-03,-1.499999999991339e-03,-8.660606953814209e-15
9000,23,1.200000000000000e-03,1.199999999998575e-03,1.424641654645953e-15
9000,24,1.000000000000000e-03,9.999999999946699e-04,5.330154720373237e-15
9000,25,-8.000000000000000e-04,-8.000000000164098e-04,1.640972514121986e-14
9000,26,5.999999999999999e-04,5.999999999824224e-04,1.757751930120399e-14
9000,27,5.000000000000000e-04,4.999999999842714e-04,1.572862933646446e-14
9000,28,-4.000000000000000e-04,-4.000000000098915e-04,9.891501680237003e-15
9000,29,3.000000000000000e-04,2.999999999966535e-04,3.346444215485134e-15
9100,0,1.200000000000000e-01,1.199999999999911e-01,8.854028621385623e-15
9100,1,-8.000000000000000e-02,-8.000000000000339e-02,3.386180225106727e-15
9100,2,5.500000000000000e-02,5.499999999998545e-02,1.455086051649346e-14
9100,3,4.000000000000000e-02,3.999999999999244e-02,7.556455461354972e-15
9100,4,-3.000000000000000e-02,-3.000000000000740e-02,7.400330348517059e-15
9100,5,2.500000000000000e-02,2.500000000000503e-02,-5.027228633380787e-15
9100,6,2.000000000000000e-02,1.999999999999847e-02,1.533495552763497e-15
9100,7,-1.800000000000000e-02,-1.799999999998827e-02,-1.173020014455517e-14
9100,8,1.500000000000000e-02,1.499999999999977e-02,2.272487753529617e-16
9100,9,1.200000000000000e-02,1.200000000000209e-02,-2.088607065076076e-15
9100,10,-1.000000000000000e-02,-1.000000000000823e-02,8.226058723082019e-15
9100,11,8.999999999999999e-03,8.999999999997751e-03,2.248201624865942e-15
9100,12,8.000000000000000e-03,7.999999999988771e-03,1.122886505999787e-14
9100,13,-7.000000000000000e-03,-7.000000000002757e-03,2.756475603327146e-15
9100,14,6.000000000000000e-03,5.999999999993661e-03,6.339546942957242e-15
9100,15,5.000000000000000e-03,4.999999999994372e-03,5.628310317806751e-15
9100,16,-4.000000000000000e-03,-4.000000000009316e-03,9.315465065995454e-15
9100,17,3.500000000000000e-03,3.499999999993399e-03,6.601056506960745e-15
9100,18,3.000000000000000e-03,2.999999999992680e-03,7.320533068622126e-15
9100,19,-2.500000000000000e-03,-2.500000000001911e-03,1.911231589657447e-15
9100,20,2.000000000000000e-03,2.000000000002199e-03,-2.198762005800603e-15
9100,21,1.800000000000000e-03,1.800000000003133e-03,-3.133127438048611e-15
9100,22,-1.500000000000000e-03,-1.499999999993768e-03,-6.231994087446679e-15
9100,23,1.200000000000000e-03,1.199999999998641e-03,1.358722162558834e-15
9100,24,1.000000000000000e-03,9.999999999963734e-04,3.626656266964012e-15
9100,25,-8.000000000000000e-04,-8.000000000115609e-04,1.156084776521293e-14
9100,26,5.999999999999999e-04,5.999999999878085e-04,1.219141974873050e-14
9100,27,5.000000000000000e-04,4.999999999883698e-04,1.163023670425201e-14
9100,28,-4.000000000000000e-04,-4.000000000066421e-04,6.642093559189322e-15
9100,29,3.000000000000000e-04,2.999999999978431e-04,2.156857591834038e-15
9200,0,1.200000000000000e-01,1.199999999999917e-01,8.340550472496489e-15
9200,1,-8.000000000000000e-02,-8.000000000000246e-02,2.456368441983159e-15
9200,2,5.500000000000000e-02,5.499999999999081e-02,9.194034422677078e-15
9200,3,4.000000000000000e-02,3.999999999999533e-02,4.669875597329565e-15
9200,4,-3.000000000000000e-02,-3.000000000000510e-02,5.100087019371813e-15
9200,5,2.500000000000000e-02,2.500000000000185e-02,-1.852684672343230e-15
9200,6,2.000000000000000e-02,1.999999999999717e-02,2.834538159746103e-15
9200,7,-1.800000000000000e-02,-1.799999999999374e-02,-6.262351748276274e-15
9200,8,1.500000000000000e-02,1.499999999999973e-02,2.740863092043355e-16
9200,9,1.200000000000000e-02,1.200000000000167e-02,-1.674008154317619e-15
9200,10,-1.000000000000000e-02,-1.000000000000427e-02,4.269154474378922e-15
9200,11,8.999999999999999e-03,8.999999999998934e-03,1.065120214249760e-15
9200,12,8.000000000000000e-03,7.999999999991798e-03,8.201772594418344e-15
9200,13,-7.000000000000000e-03,-7.000000000003719e-03,3.719247132494274e-15
9200,14,6.000000000000000e-03,5.999999999993784e-03,6.216381576162888e-15
9200,15,5.000000000000000e-03,4.999999999994982e-03,5.018555016000903e-15
9200,16,-4.000000000000000e-03,-4.000000000007093e-03,7.093284293269164e-15
9200,17,3.500000000000000e-03,3.499999999996793e-03,3.207503707081116e-15
9200,18,3.000000000000000e-03,2.999999999995843e-03,4.156831129309424e-15
9200,19,-2.500000000000000e-03,-2.499999999999870e-03,-1.296705798292663e-16
9200,20,2.000000000000000e-03,2.000000000000869e-03,-8.686627805953862e-16
9200,21,1.800000000000000e-03,1.800000000001712e-03,-1.711955230354612e-15
9200,22,-1.500000000000000e-03,-1.499999999997885e-03,-2.115061598084722e-15
9200,23,1.200000000000000e-03,1.199999999998502e-03,1.497716881071476e-15
9200,24,1.000000000000000e-03,9.999999999969682e-04,3.031862955138465e-15
9200,25,-8.000000000000000e-04,-8.000000000069214e-04,6.921329828712963e-15
9200,26,5.999999999999999e-04,5.999999999919552e-04,8.044780119842443e-15
9200,27,5.000000000000000e-04,4.999999999927266e-04,7.273370274119006e-15
9200,28,-4.000000000000000e-04,-4.000000000062609e-04,6.260833865234794e-15
9200,29,3.000000000000000e-04,2.999999999965379e-04,3.462074377180713e-15
9300,0,1.200000000000000e-01,1.199999999999940e-01,5.981326545168031e-15
9300,1,-8.000000000000000e-02,-8.000000000000193e-02,1.929012505286209e-15
9300,2,5.500000000000000e-02,5.499999999999339e-02,6.612765890423589e-15
9300,3,4.000000000000000e-02,3.999999999999682e-02,3.184952301893418e-15
9300,4,-3.000000000000000e-02,-3.000000000000377e-02,3.774758283725532e-15
9300,5,2.500000000000000e-02,2.500000000000121e-02,-1.210836986231811e-15
9300,6,2.000000000000000e-02,1.999999999999761e-02,2.393918396847994e-15
9300,7,-1.800000000000000e-02,-1.799999999999572e-02,-4.277828091758806e-15
9300,8,1.500000000000000e-02,1.499999999999945e-02,5.464378949326942e-16
9300,9,1.200000000000000e-02,1.200000000000082e-02,-8.239936510889834e-16
9300,10,-1.000000000000000e-02,-1.000000000000356e-02,3.563122019656362e-15
9300,11,8.999999999999999e-03,8.999999999998816e-03,1.183081410616182e-15
9300,12,8.000000000000000e-03,7.999999999993204e-03,6.796646578877130e-15
9300,13,-7.000000000000000e-03,-7.000000000003352e-03,3.351485755587191e-15
9300,14,6.000000000000000e-03,5.999999999994943e-03,5.057586294210381e-15
9300,15,5.000000000000000e-03,4.999999999995533e-03,4.466912950640278e-15
9300,16,-4.000000000000000e-03,-4.000000000005737e-03,5.736730535055301e-15
9300,17,3.500000000000000e-03,3.499999999997335e-03,2.664968939969370e-15
9300,18,3.000000000000000e-03,2.999999999996576e-03,3.424344141578217e-15
9300,19,-2.500000000000000e-03,-2.500000000000310e-03,3.100818213308543e-16
9300,20,2.000000000000000e-03,2.000000000000175e-03,-1.752070710736575e-16
9300,21,1.800000000000000e-03,1.800000000000740e-03,-7.405100838075995e-16
9300,22,-1.500000000000000e-03,-1.499999999999139e-03,-8.608565249534905e-16
9300,23,1.200000000000000e-03,1.199999999998770e-03,1.229702104033059e-15
9300,24,1.000000000000000e-03,9.999999999971854e-04,2.814588839772370e-15
9300,25,-8.000000000000000e-04,-8.000000000051631e-04,5.163079165593221e-15
9300,26,5.999999999999999e-04,5.999999999937359e-04,6.264086471752250e-15
9300,27,5.000000000000000e-04,4.999999999941527e-04,5.847319156648823e-15
9300,28,-4.000000000000000e-04,-4.000000000052385e-04,5.238485426689587e-15
9300,29,3.000000000000000e-04,2.999999999973243e-04,2.675648331368352e-15
9400,0,1.200000000000000e-01,1.199999999999962e-01,3.774758283725532e-15
9400,1,-8.000000000000000e-02,-7.999999999999997e-02,-2.775557561562891e-17
9400,2,5.500000000000000e-02,5.499999999999614e-02,3.864963904476326e-15
9400,3,4.000000000000000e-02,3.999999999999855e-02,1.450228825916611e-15
9400,4,-3.000000000000000e-02,-3.000000000000222e-02,2.216976602298359e-15
9400,5,2.500000000000000e-02,2.500000000000130e-02,-1.294103713078698e-15
9400,6,2.000000000000000e-02,1.999999999999803e-02,1.970645868709653e-15
9400,7,-1.800000000000000e-02,-1.799999999999654e-02,-3.459038611097753e-15
9400,8,1.500000000000000e-02,1.499999999999959e-02,4.059252933785729e-16
9400,9,1.200000000000000e-02,1.200000000000126e-02,-1.255939796607208e-15
9400,10,-1.000000000000000e-02,-1.000000000000186e-02,1.861358289723114e-15
9400,11,8.999999999999999e-03,9.000000000000504e-03,-5.048045315092509e-16
9400,12,8.000000000000000e-03,7.999999999996172e-03,3.828534711480813e-15
9400,13,-7.000000000000000e-03,-7.000000000000805e-03,8.049116928532385e-16
9400,14,6.000000000000000e-03,5.999999999998036e-03,1.963706974805746e-15
9400,15,5.000000000000000e-03,4.999999999998435e-03,1.565587937069068e-15
9400,16,-4.000000000000000e-03,-4.000000000002785e-03,2.785098540680764e-15
9400,17,3.500000000000000e-03,3.499999999999240e-03,7.602425633468357e-16
9400,18,3.000000000000000e-03,2.999999999998253e-03,1.747300221177639e-15
9400,19,-2.500000000000000e-03,-2.500000000000001e-03,1.301042606982605e-18
9400,20,2.000000000000000e-03,2.000000000000323e-03,-3.226585665316861e-16
9400,21,1.800000000000000e-03,1.800000000000728e-03,-7.281501790412648e-16
9400,22,-1.500000000000000e-03,-1.499999999998781e-03,-1.219076922742701e-15
9400,23,1.200000000000000e-03,1.199999999999617e-03,3.829402073218802e-16
9400,24,1.000000000000000e-03,9.999999999989852e-04,1.014813233446432e-15
9400,25,-8.000000000000000e-04,-8.000000000026721e-04,2.672016254090526e-15
9400,26,5.999999999999999e-04,5.999999999968218e-04,3.178121828206759e-15
9400,27,5.000000000000000e-04,4.999999999974196e-04,2.580401170515501e-15
9400,28,-4.000000000000000e-04,-4.000000000025866e-04,2.586581122898668e-15
9400,29,3.000000000000000e-04,2.999999999988908e-04,1.109138822452671e-15
9500,0,1.200000000000000e-01,1.199999999999967e-01,3.316791286067655e-15
9500,1,-8.000000000000000e-02,-8.000000000000004e-02,4.163336342344337e-17
9500,2,5.500000000000000e-02,5.499999999999674e-02,3.261280134836397e-15
9500,3,4.000000000000000e-02,3.999999999999902e-02,9.853229343548264e-16
9500,4,-3.000000000000000e-02,-3.000000000000190e-02,1.897787482718627e-15
9500,5,2.500000000000000e-02,2.500000000000125e-02,-1.245531455751347e-15
9500,6,2.000000000000000e-02,1.999999999999838e-02,1.616762279610384e-15
9500,7,-1.800000000000000e-02,-1.799999999999717e-02,-2.831068712794149e-15
9500,8,1.500000000000000e-02,1.499999999999956e-02,4.406197628981090e-16
9500,9,1.200000000000000e-02,1.200000000000113e-02,-1.134509153288832e-15
9500,10,-1.000000000000000e-02,-1.000000000000148e-02,1.477984401532240e-15
9500,11,8.999999999999999e-03,9.000000000000586e-03,-5.863365348801608e-16
9500,12,8.000000000000000e-03,7.999999999996800e-03,3.200564813177209e-15
9500,13,-7.000000000000000e-03,-7.000000000000784e-03,7.840950111415168e-16
9500,14,6.000000000000000e-03,5.999999999997727e-03,2.273355115267606e-15
9500,15,5.000000000000000e-03,4.999999999998487e-03,1.513546232789764e-15
9500,16,-4.000000000000000e-03,-4.000000000002757e-03,2.757342965065135e-15
9500,17,3.500000000000000e-03,3.499999999999445e-03,5.555451931815725e-16
9500,18,3.000000000000000e-03,2.999999999998563e-03,1.437218399846785e-15
9500,19,-2.500000000000000e-03,-2.499999999999658e-03,-3.421742056364252e-16
9500,20,2.000000000000000e-03,2.000000000000218e-03,-2.177077962350893e-16
9500,21,1.800000000000000e-03,1.800000000000580e-03,-5.800481622797449e-16
9500,22,-1.500000000000000e-03,-1.499999999999382e-03,-6.175615574477433e-16
9500,23,1.200000000000000e-03,1.199999999999470e-03,5.297411814764175e-16
9500,24,1.000000000000000e-03,9.999999999990899e-04,9.100793035843324e-16
9500,25,-8.000000000000000e-04,-8.000000000020955e-04,2.095437538762734e-15
9500,26,5.999999999999999e-04,5.999999999974553e-04,2.544622498823479e-15
9500,27,5.000000000000000e-04,4.999999999979322e-04,2.067790383364354e-15
9500,28,-4.000000000000000e-04,-4.000000000023890e-04,2.388931066854560e-15
9500,29,3.000000000000000e-04,2.999999999987762e-04,1.223738992084389e-15
9600,0,1.200000000000000e-01,1.199999999999976e-01,2.442490654175344e-15
9600,1,-8.000000000000000e-02,-8.000000000000014e-02,1.387778780781446e-16
9600,2,5.500000000000000e-02,5.499999999999754e-02,2.456368441983159e-15
9600,3,4.000000000000000e-02,3.999999999999904e-02,9.575673587391975e-16
9600,4,-3.000000000000000e-02,-3.000000000000161e-02,1.606353938754523e-15
9600,5,2.500000000000000e-02,2.500000000000076e-02,-7.632783294297951e-16
9600,6,2.000000000000000e-02,1.999999999999856e-02,1.439820485060750e-15
9600,7,-1.800000000000000e-02,-1.799999999999788e-02,-2.123301534595612e-15
9600,8,1.500000000000000e-02,1.499999999999953e-02,4.683753385137379e-16
9600,9,1.200000000000000e-02,1.200000000000089e-02,-8.933825901280557e-16
9600,10,-1.000000000000000e-02,-1.000000000000135e-02,1.347880140833979e-15
9600,11,8.999999999999999e-03,9.000000000000362e-03,-3.625572064791527e-16
9600,12,8.000000000000000e-03,7.999999999997185e-03,2.815456201510358e-15
9600,13,-7.000000000000000e-03,-7.000000000000768e-03,7.676151381197371e-16
9600,14,6.000000000000000e-03,5.999999999997764e-03,2.236058560534104e-15
9600,15,5.000000000000000e-03,4.999999999998566e-03,1.433748952894831e-15
9600,16,-4.000000000000000e-03,-4.000000000002450e-03,2.450296909817240e-15
9600,17,3.500000000000000e-03,3.499999999999482e-03,5.182486384480711e-16
9600,18,3.000000000000000e-03,2.999999999998846e-03,1.153591111524577e-15
9600,19,-2.500000000000000e-03,-2.499999999999634e-03,-3.660266534311063e-16
9600,20,2.000000000000000e-03,2.000000000000216e-03,-2.164067536281067e-16
9600,21,1.800000000000000e-03,1.800000000000773e-03,-7.734698298511589e-16
9600,22,-1.500000000000000e-03,-1.499999999999694e-03,-3.063955339444036e-16
9600,23,1.200000000000000e-03,1.199999999999828e-03,1.715207836872068e-16
9600,24,1.000000000000000e-03,9.999999999988809e-04,1.119113482439538e-15
9600,25,-8.000000000000000e-04,-8.000000000015216e-04,1.521569328866157e-15
9600,26,5.999999999999999e-04,5.999999999979377e-04,2.062260952284678e-15
9600,27,5.000000000000000e-04,4.999999999983416e-04,1.658395643033828e-15
9600,28,-4.000000000000000e-04,-4.000000000018205e-04,1.820483867820410e-15
9600,29,3.000000000000000e-04,2.999999999989735e-04,1.026522616909276e-15
9700,0,1.200000000000000e-01,1.199999999999986e-01,1.415534356397075e-15
9700,1,-8.000000000000000e-02,-8.000000000000047e-02,4.718447854656915e-16
9700,2,5.500000000000000e-02,5.499999999999874e-02,1.262878690511116e-15
9700,3,4.000000000000000e-02,3.999999999999895e-02,1.054711873393899e-15
9700,4,-3.000000000000000e-02,-3.000000000000070e-02,6.973588373426765e-16
9700,5,2.500000000000000e-02,2.500000000000021e-02,-2.046973701652632e-16
9700,6,2.000000000000000e-02,1.999999999999952e-02,4.787836793695988e-16
9700,7,-1.800000000000000e-02,-1.799999999999880e-02,-1.196959198423997e-15
9700,8,1.500000000000000e-02,1.500000000000011e-02,-1.075528555105620e-16
9700,9,1.200000000000000e-02,1.200000000000015e-02,-1.526556658859590e-16
9700,10,-1.000000000000000e-02,-1.000000000000054e-02,5.360295540768334e-16
9700,11,8.999999999999999e-03,8.999999999999782e-03,2.168404344971009e-16
9700,12,8.000000000000000e-03,7.999999999998350e-03,1.649722025653944e-15
9700,13,-7.000000000000000e-03,-7.000000000001006e-03,1.006139616066548e-15
9700,14,6.000000000000000e-03,5.999999999998697e-03,1.302777330458582e-15
9700,15,5.000000000000000e-03,4.999999999998475e-03,1.524821935383613e-15
9700,16,-4.000000000000000e-03,-4.000000000001382e-03,1.381707248615527e-15
9700,17,3.500000000000000e-03,3.499999999999205e-03,7.949370328663719e-16
9700,18,3.000000000000000e-03,2.999999999999429e-03,5.711577044653637e-16
9700,19,-2.500000000000000e-03,-2.499999999999991e-03,-8.673617379884035e-18
9700,20,2.000000000000000e-03,2.000000000000361e-03,-3.608224830031759e-16
9700,21,1.800000000000000e-03,1.800000000000266e-03,-2.664968939969370e-16
9700,22,-1.500000000000000e-03,-1.499999999999358e-03,-6.418476861114186e-16
9700,23,1.200000000000000e-03,1.199999999999673e-03,3.267785347871310e-16
9700,24,1.000000000000000e-03,9.999999999995245e-04,4.755310728521422e-16
9700,25,-8.000000000000000e-04,-8.000000000011507e-04,1.150663765658866e-15
9700,26,5.999999999999999e-04,5.999999999987882e-04,1.211704347969800e-15
9700,27,5.000000000000000e-04,4.999999999986513e-04,1.348747502571968e-15
9700,28,-4.000000000000000e-04,-4.000000000010879e-04,1.087834249763331e-15
9700,29,3.000000000000000e-04,2.999999999991463e-04,8.536465805064619e-16
9800,0,1.200000000000000e-01,1.199999999999991e-01,8.743006318923108e-16
9800,1,-8.000000000000000e-02,-8.000000000000013e-02,1.249000902703301e-16
9800,2,5.500000000000000e-02,5.499999999999922e-02,7.771561172376096e-16
9800,3,4.000000000000000e-02,3.999999999999943e-02,5.689893001203927e-16
9800,4,-3.000000000000000e-02,-3.000000000000042e-02,4.163336342344337e-16
9800,5,2.500000000000000e-02,2.500000000000030e-02,-3.018418848199644e-16
9800,6,2.000000000000000e-02,1.999999999999956e-02,4.440892098500626e-16
9800,7,-1.800000000000000e-02,-1.799999999999901e-02,-9.922618282587337e-16
9800,8,1.500000000000000e-02,1.500000000000008e-02,-8.500145032286355e-17
9800,9,1.200000000000000e-02,1.200000000000017e-02,-1.700029006457271e-16
9800,10,-1.000000000000000e-02,-1.000000000000035e-02,3.486794186713382e-16
9800,11,8.999999999999999e-03,8.999999999999973e-03,2.602085213965211e-17
9800,12,8.000000000000000e-03,7.999999999998841e-03,1.158795281952507e-15
9800,13,-7.000000000000000e-03,-7.000000000000522e-03,5.221517662690189e-16
9800,14,6.000000000000000e-03,5.999999999999174e-03,8.257283745649602e-16
9800,15,5.000000000000000e-03,4.999999999999006e-03,9.939965517347105e-16
9800,16,-4.000000000000000e-03,-4.000000000000880e-03,8.795048023202412e-16
9800,17,3.500000000000000e-03,3.499999999999521e-03,4.792173602385930e-16
9800,18,3.000000000000000e-03,2.999999999999603e-03,3.972516759986888e-16
9800,19,-2.500000000000000e-03,-2.499999999999959e-03,-4.076600168545497e-17
9800,20,2.000000000000000e-03,2.000000000000350e-03,-3.495467804093266e-16
9800,21,1.800000000000000e-03,1.800000000000217e-03,-2.166235940626038e-16
9800,22,-1.500000000000000e-03,-1.499999999999464e-03,-5.362463945113305e-16
9800,23,1.200000000000000e-03,1.199999999999848e-03,1.515714637134735e-16
9800,24,1.000000000000000e-03,9.999999999998146e-04,1.853985714950213e-16
9800,25,-8.000000000000000e-04,-8.000000000007408e-04,7.407269242420966e-16
9800,26,5.999999999999999e-04,5.999999999993182e-04,6.817463260588852e-16
9800,27,5.000000000000000e-04,4.999999999991591e-04,8.409072049797572e-16
9800,28,-4.000000000000000e-04,-4.000000000005906e-04,5.906191334614785e-16
9800,29,3.000000000000000e-04,2.999999999994367e-04,5.632972387148438e-16
9900,0,1.200000000000000e-01,1.199999999999993e-01,7.216449660063518e-16
9900,1,-8.000000000000000e-02,-8.000000000000018e-02,1.804112415015879e-16
9900,2,5.500000000000000e-02,5.499999999999931e-02,6.938893903907228e-16
9900,3,4.000000000000000e-02,3.999999999999950e-02,4.996003610813204e-16
9900,4,-3.000000000000000e-02,-3.000000000000039e-02,3.885780586188048e-16
9900,5,2.500000000000000e-02,2.500000000000025e-02,-2.498001805406602e-16
9900,6,2.000000000000000e-02,1.999999999999964e-02,3.642919299551295e-16
9900,7,-1.800000000000000e-02,-1.799999999999929e-02,-7.112366251504909e-16
9900,8,1.500000000000000e-02,1.500000000000007e-02,-6.765421556309548e-17
9900,9,1.200000000000000e-02,1.200000000000015e-02,-1.474514954580286e-16
9900,10,-1.000000000000000e-02,-1.000000000000024e-02,2.359223927328458e-16
9900,11,8.999999999999999e-03,8.999999999999968e-03,3.122502256758253e-17
9900,12,8.000000000000000e-03,7.999999999999051e-03,9.488937413593135e-16
9900,13,-7.000000000000000e-03,-7.000000000000527e-03,5.264885749589610e-16
9900,14,6.000000000000000e-03,5.999999999999140e-03,8.604228440844963e-16
9900,15,5.000000000000000e-03,4.999999999999075e-03,9.254749744336266e-16
9900,16,-4.000000000000000e-03,-4.000000000000742e-03,7.415942859800850e-16
9900,17,3.500000000000000e-03,3.499999999999588e-03,4.124305064134859e-16
9900,18,3.000000000000000e-03,2.999999999999682e-03,3.178880769727499e-16
9900,19,-2.500000000000000e-03,-2.499999999999938e-03,-6.158268339717665e-17
9900,20,2.000000000000000e-03,2.000000000000316e-03,-3.157196726277789e-16
9900,21,1.800000000000000e-03,1.800000000000145e-03,-1.452830911130576e-16
9900,22,-1.500000000000000e-03,-1.499999999999607e-03,-3.926980268742497e-16
9900,23,1.200000000000000e-03,1.199999999999856e-03,1.435483676370808e-16
9900,24,1.000000000000000e-03,9.999999999997864e-04,2.135878279796444e-16
9900,25,-8.000000000000000e-04,-8.000000000006148e-04,6.147426317992810e-16
9900,26,5.999999999999999e-04,5.999999999994452e-04,5.547862516608326e-16
9900,27,5.000000000000000e-04,4.999999999992559e-04,7.440879509768017e-16
9900,28,-4.000000000000000e-04,-4.000000000005810e-04,5.810239442349818e-16
9900,29,3.000000000000000e-04,2.999999999995234e-04,4.766152750246277e-16
10000,0,1.200000000000000e-01,1.199999999999996e-01,3.747002708109903e-16
10000,1,-8.000000000000000e-02,-8.000000000000013e-02,1.249000902703301e-16
10000,2,5.500000000000000e-02,5.499999999999965e-02,3.538835890992686e-16
10000,3,4.000000000000000e-02,3.999999999999969e-02,3.122502256758253e-16
10000,4,-3.000000000000000e-02,-3.000000000000021e-02,2.081668171172169e-16
10000,5,2.500000000000000e-02,2.500000000000027e-02,-2.636779683484747e-16
10000,6,2.000000000000000e-02,1.999999999999987e-02,1.318389841742373e-16
10000,7,-1.800000000000000e-02,-1.799999999999942e-02,-5.828670879282072e-16
10000,8,1.500000000000000e-02,1.500000000000016e-02,-1.630640067418199e-16
10000,9,1.200000000000000e-02,1.200000000000019e-02,-1.925543058334256e-16
10000,10,-1.000000000000000e-02,-1.000000000000005e-02,5.377642775528102e-17
10000,11,8.999999999999999e-03,9.000000000000076e-03,-7.632783294297951e-17
10000,12,8.000000000000000e-03,7.999999999999488e-03,5.117434254131581e-16
10000,13,-7.000000000000000e-03,-7.000000000000229e-03,2.289834988289385e-16
10000,14,6.000000000000000e-03,5.999999999999516e-03,4.839878497975292e-16
10000,15,5.000000000000000e-03,4.999999999999469e-03,5.308253836489030e-16
10000,16,-4.000000000000000e-03,-4.000000000000390e-03,3.894454203567932e-16
10000,17,3.500000000000000e-03,3.499999999999764e-03,2.359223927328458e-16
10000,18,3.000000000000000e-03,2.999999999999881e-03,1.192622389734055e-16
10000,19,-2.500000000000000e-03,-2.499999999999852e-03,-1.478851763270228e-16
10000,20,2.000000000000000e-03,2.000000000000239e-03,-2.385244779468110e-16
10000,21,1.800000000000000e-03,1.800000000000206e-03,-2.062152532067429e-16
10000,22,-1.500000000000000e-03,-1.499999999999639e-03,-3.614730043066672e-16
10000,23,1.200000000000000e-03,1.199999999999932e-03,6.765421556309548e-17
10000,24,1.000000000000000e-03,9.999999999998797e-04,1.203464411458910e-16
10000,25,-8.000000000000000e-04,-8.000000000003992e-04,3.992032399091627e-16
10000,26,5.999999999999999e-04,5.999999999995950e-04,4.049495114233359e-16
10000,27,5.000000000000000e-04,4.999999999995762e-04,4.238146292245837e-16
10000,28,-4.000000000000000e-04,-4.000000000003489e-04,3.488962591058353e-16
10000,29,3.000000000000000e-04,2.999999999997475e-04,2.525106859718740e-16
10100,0,1.200000000000000e-01,1.199999999999998e-01,2.359223927328458e-16
10100,1,-8.000000000000000e-02,-8.000000000000013e-02,1.249000902703301e-16
10100,2,5.500000000000000e-02,5.499999999999974e-02,2.567390744445674e-16
10100,3,4.000000000000000e-02,3.999999999999964e-02,3.608224830031759e-16
10100,4,-3.000000000000000e-02,-3.000000000000018e-02,1.769417945496343e-16
10100,5,2.500000000000000e-02,2.500000000000010e-02,-9.714451465470120e-17
10100,6,2.000000000000000e-02,1.999999999999989e-02,1.144917494144693e-16
10100,7,-1.800000000000000e-02,-1.799999999999961e-02,-3.885780586188048e-16
10100,8,1.500000000000000e-02,1.500000000000018e-02,-1.804112415015879e-16
10100,9,1.200000000000000e-02,1.200000000000012e-02,-1.196959198423997e-16
10100,10,-1.000000000000000e-02,-9.999999999999946e-03,-5.377642775528102e-17
10100,11,8.999999999999999e-03,9.000000000000086e-03,-8.673617379884035e-17
10100,12,8.000000000000000e-03,7.999999999999679e-03,3.209238430557093e-16
10100,13,-7.000000000000000e-03,-7.000000000000129e-03,1.283695372222837e-16
10100,14,6.000000000000000e-03,5.999999999999714e-03,2.862293735361732e-16
10100,15,5.000000000000000e-03,4.999999999999654e-03,3.460773334573730e-16
10100,16,-4.000000000000000e-03,-4.000000000000212e-03,2.116362640691705e-16
10100,17,3.500000000000000e-03,3.499999999999894e-03,1.058181320345852e-16
10100,18,3.000000000000000e-03,2.999999999999950e-03,5.030698080332741e-17
10100,19,-2.500000000000000e-03,-2.499999999999820e-03,-1.799775606325937e-16
10100,20,2.000000000000000e-03,2.000000000000209e-03,-2.086004979862111e-16
10100,21,1.800000000000000e-03,1.800000000000185e-03,-1.853985714950213e-16
10100,22,-1.500000000000000e-03,-1.499999999999756e-03,-2.443791696782327e-16
10100,23,1.200000000000000e-03,1.199999999999951e-03,4.900593819634480e-17
10100,24,1.000000000000000e-03,9.999999999998818e-04,1.181780368009200e-16
10100,25,-8.000000000000000e-04,-8.000000000002773e-04,2.772304955045435e-16
10100,26,5.999999999999999e-04,5.999999999996484e-04,3.514983443198005e-16
10100,27,5.000000000000000e-04,4.999999999997436e-04,2.564138137928218e-16
10100,28,-4.000000000000000e-04,-4.000000000002534e-04,2.533780477098624e-16
10100,29,3.000000000000000e-04,2.999999999998990e-04,1.009392222584005e-16
10200,0,1.200000000000000e-01,1.199999999999998e-01,1.665334536937735e-16
10200,1,-8.000000000000000e-02,-8.000000000000014e-02,1.387778780781446e-16
10200,2,5.500000000000000e-02,5.499999999999978e-02,2.220446049250313e-16
10200,3,4.000000000000000e-02,3.999999999999972e-02,2.844946500601964e-16
10200,4,-3.000000000000000e-02,-3.000000000000015e-02,1.491862189340054e-16
10200,5,2.500000000000000e-02,2.500000000000006e-02,-5.898059818321144e-17
10200,6,2.000000000000000e-02,1.999999999999992e-02,7.979727989493313e-17
10200,7,-1.800000000000000e-02,-1.799999999999972e-02,-2.810252031082427e-16
10200,8,1.500000000000000e-02,1.500000000000015e-02,-1.543903893619358e-16
10200,9,1.200000000000000e-02,1.200000000000010e-02,-9.714451465470120e-17
10200,10,-1.000000000000000e-02,-9.999999999999926e-03,-7.459310946700271e-17
10200,11,8.999999999999999e-03,9.000000000000055e-03,-5.551115123125783e-17
10200,12,8.000000000000000e-03,7.999999999999769e-03,2.307182223049153e-16
10200,13,-7.000000000000000e-03,-7.000000000000126e-03,1.257674520083185e-16
10200,14,6.000000000000000e-03,5.999999999999762e-03,2.385244779468110e-16
10200,15,5.000000000000000e-03,4.999999999999710e-03,2.905661822261152e-16
10200,16,-4.000000000000000e-03,-4.000000000000186e-03,1.856154119295184e-16
10200,17,3.500000000000000e-03,3.499999999999905e-03,9.497611030973019e-17
10200,18,3.000000000000000e-03,2.999999999999954e-03,4.640385298237959e-17
10200,19,-2.500000000000000e-03,-2.499999999999856e-03,-1.444157293750692e-16
10200,20,2.000000000000000e-03,2.000000000000154e-03,-1.543903893619358e-16
10200,21,1.800000000000000e-03,1.800000000000139e-03,-1.389947185126417e-16
10200,22,-1.500000000000000e-03,-1.499999999999817e-03,-1.832301671500502e-16
10200,23,1.200000000000000e-03,1.199999999999960e-03,3.968179951296946e-17
10200,24,1.000000000000000e-03,9.999999999998803e-04,1.196959198423997e-16
10200,25,-8.000000000000000e-04,-8.000000000002308e-04,2.307182223049153e-16
10200,26,5.999999999999999e-04,5.999999999997285e-04,2.714842239903703e-16
10200,27,5.000000000000000e-04,4.999999999997746e-04,2.254056316597364e-16
10200,28,-4.000000000000000e-04,-4.000000000001964e-04,1.964032235457491e-16
10200,29,3.000000000000000e-04,2.999999999999410e-04,5.898059818321144e-17
10300,0,1.200000000000000e-01,1.199999999999998e-01,1.526556658859590e-16
10300,1,-8.000000000000000e-02,-8.000000000000014e-02,1.387778780781446e-16
10300,2,5.500000000000000e-02,5.499999999999983e-02,1.734723475976807e-16
10300,3,4.000000000000000e-02,3.999999999999976e-02,2.359223927328458e-16
10300,4,-3.000000000000000e-02,-3.000000000000013e-02,1.318389841742373e-16
10300,5,2.500000000000000e-02,2.500000000000004e-02,-3.469446951953614e-17
10300,6,2.000000000000000e-02,1.999999999999994e-02,5.898059818321144e-17
10300,7,-1.800000000000000e-02,-1.799999999999977e-02,-2.255140518769849e-16
10300,8,1.500000000000000e-02,1.500000000000013e-02,-1.335737076502141e-16
10300,9,1.200000000000000e-02,1.200000000000011e-02,-1.092875789865388e-16
10300,10,-1.000000000000000e-02,-9.999999999999924e-03,-7.632783294297951e-17
10300,11,8.999999999999999e-03,9.000000000000050e-03,-5.030698080332741e-17
10300,12,8.000000000000000e-03,7.999999999999816e-03,1.838806884535416e-16
10300,13,-7.000000000000000e-03,-7.000000000000112e-03,1.118896642005041e-16
10300,14,6.000000000000000e-03,5.999999999999788e-03,2.125036258071589e-16
10300,15,5.000000000000000e-03,4.999999999999753e-03,2.471980953266950e-16
10300,16,-4.000000000000000e-03,-4.000000000000159e-03,1.587271980518778e-16
10300,17,3.500000000000000e-03,3.499999999999928e-03,7.242470512203170e-17
10300,18,3.000000000000000e-03,2.999999999999967e-03,3.339342691255354e-17
10300,19,-2.500000000000000e-03,-2.499999999999880e-03,-1.196959198423997e-16
10300,20,2.000000000000000e-03,2.000000000000131e-03,-1.305379415672547e-16
10300,21,1.800000000000000e-03,1.800000000000113e-03,-1.131907068074867e-16
10300,22,-1.500000000000000e-03,-1.499999999999862e-03,-1.383441972091504e-16
10300,23,1.200000000000000e-03,1.199999999999971e-03,2.905661822261152e-17
10300,24,1.000000000000000e-03,9.999999999998929e-04,1.071191746415678e-16
10300,25,-8.000000000000000e-04,-8.000000000001849e-04,1.848564704087785e-16
10300,26,5.999999999999999e-04,5.999999999997753e-04,2.246466901389965e-16
10300,27,5.000000000000000e-04,4.999999999998246e-04,1.754239115081546e-16
10300,28,-4.000000000000000e-04,-4.000000000001588e-04,1.587814081605021e-16
10300,29,3.000000000000000e-04,2.999999999999519e-04,4.803015624110785e-17
10400,0,1.200000000000000e-01,1.199999999999998e-01,1.526556658859590e-16
10400,1,-8.000000000000000e-02,-8.000000000000014e-02,1.387778780781446e-16
10400,2,5.500000000000000e-02,5.499999999999983e-02,1.665334536937735e-16
10400,3,4.000000000000000e-02,3.999999999999980e-02,2.012279232133096e-16
10400,4,-3.000000000000000e-02,-3.000000000000010e-02,1.040834085586084e-16
10400,5,2.500000000000000e-02,2.500000000000004e-02,-3.469446951953614e-17
10400,6,2.000000000000000e-02,1.999999999999997e-02,3.469446951953614e-17
10400,7,-1.800000000000000e-02,-1.799999999999981e-02,-1.908195823574488e-16
10400,8,1.500000000000000e-02,1.500000000000011e-02,-1.092875789865388e-16
10400,9,1.200000000000000e-02,1.200000000000008e-02,-8.326672684688674e-17
10400,10,-1.000000000000000e-02,-9.999999999999943e-03,-5.724587470723463e-17
10400,11,8.999999999999999e-03,9.000000000000027e-03,-2.775557561562891e-17
10400,12,8.000000000000000e-03,7.999999999999837e-03,1.630640067418199e-16
10400,13,-7.000000000000000e-03,-7.000000000000102e-03,1.023486850826316e-16
10400,14,6.000000000000000e-03,5.999999999999822e-03,1.778091562876227e-16
10400,15,5.000000000000000e-03,4.999999999999791e-03,2.090341788552053e-16
10400,16,-4.000000000000000e-03,-4.000000000000135e-03,1.353084311261910e-16
10400,17,3.500000000000000e-03,3.499999999999932e-03,6.852157730108388e-17
10400,18,3.000000000000000e-03,2.999999999999963e-03,3.729655473350135e-17
10400,19,-2.500000000000000e-03,-2.499999999999905e-03,-9.497611030973019e-17
10400,20,2.000000000000000e-03,2.000000000000108e-03,-1.079865363795562e-16
10400,21,1.800000000000000e-03,1.800000000000093e-03,-9.302454639925628e-17
10400,22,-1.500000000000000e-03,-1.499999999999871e-03,-1.290200585257750e-16
10400,23,1.200000000000000e-03,1.199999999999990e-03,9.540979117872439e-18
10400,24,1.000000000000000e-03,9.999999999999115e-04,8.847089727481716e-17
10400,25,-8.000000000000000e-04,-8.000000000001565e-04,1.564503734896583e-16
10400,26,5.999999999999999e-04,5.999999999998124e-04,1.875669758399923e-16
10400,27,5.000000000000000e-04,4.999999999998441e-04,1.559082724034155e-16
10400,28,-4.000000000000000e-04,-4.000000000001501e-04,1.500535806719938e-16
10400,29,3.000000000000000e-04,2.999999999999479e-04,5.209591438792849e-17
10500,0,1.200000000000000e-01,1.199999999999998e-01,1.526556658859590e-16
10500,1,-8.000000000000000e-02,-8.000000000000014e-02,1.387778780781446e-16
10500,2,5.500000000000000e-02,5.499999999999988e-02,1.179611963664229e-16
10500,3,4.000000000000000e-02,3.999999999999986e-02,1.387778780781446e-16
10500,4,-3.000000000000000e-02,-3.000000000000006e-02,5.898059818321144e-17
10500,5,2.500000000000000e-02,2.500000000000003e-02,-2.428612866367530e-17
10500,6,2.000000000000000e-02,2.000000000000001e-02,-1.040834085586084e-17
10500,7,-1.800000000000000e-02,-1.799999999999985e-02,-1.491862189340054e-16
10500,8,1.500000000000000e-02,1.500000000000009e-02,-9.020562075079397e-17
10500,9,1.200000000000000e-02,1.200000000000008e-02,-7.806255641895632e-17
10500,10,-1.000000000000000e-02,-9.999999999999950e-03,-5.030698080332741e-17
10500,11,8.999999999999999e-03,9.000000000000018e-03,-1.908195823574488e-17
10500,12,8.000000000000000e-03,7.999999999999910e-03,9.020562075079397e-17
10500,13,-7.000000000000000e-03,-7.000000000000063e-03,6.331740687315346e-17
10500,14,6.000000000000000e-03,5.999999999999877e-03,1.231653667943533e-16
10500,15,5.000000000000000e-03,4.999999999999864e-03,1.361757928641794e-16
10500,16,-4.000000000000000e-03,-4.000000000000098e-03,9.801187639268960e-17
10500,17,3.500000000000000e-03,3.499999999999957e-03,4.336808689942018e-17
10500,18,3.000000000000000e-03,2.999999999999978e-03,2.255140518769849e-17
10500,19,-2.500000000000000e-03,-2.499999999999915e-03,-8.456776945386935e-17
10500,20,2.000000000000000e-03,2.000000000000087e-03,-8.716985466783456e-17
10500,21,1.800000000000000e-03,1.800000000000077e-03,-7.741203511546502e-17
10500,22,-1.500000000000000e-03,-1.499999999999893e-03,-1.069023342070707e-16
10500,23,1.200000000000000e-03,1.200000000000003e-03,-3.252606517456513e-18
10500,24,1.000000000000000e-03,9.999999999999328e-04,6.722053469410127e-17
10500,25,-8.000000000000000e-04,-8.000000000001066e-04,1.065770735553251e-16
10500,26,5.999999999999999e-04,5.999999999998526e-04,1.473430752407801e-16
10500,27,5.000000000000000e-04,4.999999999998835e-04,1.165517335421917e-16
10500,28,-4.000000000000000e-04,-4.000000000000988e-04,9.882502802205373e-17
10500,29,3.000000000000000e-04,2.999999999999634e-04,3.659182332138577e-17
10600,0,1.200000000000000e-01,1.199999999999998e-01,1.526556658859590e-16
10600,1,-8.000000000000000e-02,-8.000000000000014e-02,1.387778780781446e-16
10600,2,5.500000000000000e-02,5.499999999999991e-02,9.020562075079397e-17
10600,3,4.000000000000000e-02,3.999999999999992e-02,7.632783294297951e-17
10600,4,-3.000000000000000e-02,-3.000000000000001e-02,1.040834085586084e-17
10600,5,2.500000000000000e-02,2.500000000000004e-02,-3.469446951953614e-17
10600,6,2.000000000000000e-02,1.999999999999999e-02,6.938893903907228e-18
10600,7,-1.800000000000000e-02,-1.799999999999990e-02,-9.714451465470120e-17
10600,8,1.500000000000000e-02,1.500000000000004e-02,-4.163336342344337e-17
10600,9,1.200000000000000e-02,1.200000000000004e-02,-4.336808689942018e-17
10600,10,-1.000000000000000e-02,-9.999999999999993e-03,-6.938893903907228e-18
10600,11,8.999999999999999e-03,9.000000000000008e-03,-8.673617379884035e-18
10600,12,8.000000000000000e-03,7.999999999999945e-03,5.551115123125783e-17
10600,13,-7.000000000000000e-03,-7.000000000000035e-03,3.469446951953614e-17
10600,14,6.000000000000000e-03,5.999999999999919e-03,8.066464163292153e-17
10600,15,5.000000000000000e-03,4.999999999999905e-03,9.540979117872439e-17
10600,16,-4.000000000000000e-03,-4.000000000000077e-03,7.719519468096792e-17
10600,17,3.500000000000000e-03,3.499999999999959e-03,4.076600168545497e-17
10600,18,3.000000000000000e-03,2.999999999999961e-03,3.946495907847236e-17
10600,19,-2.500000000000000e-03,-2.499999999999958e-03,-4.206704429243757e-17
10600,20,2.000000000000000e-03,2.000000000000056e-03,-5.594483210025203e-17
10600,21,1.800000000000000e-03,1.800000000000048e-03,-4.813857645835640e-17
10600,22,-1.500000000000000e-03,-1.499999999999917e-03,-8.326672684688674e-17
10600,23,1.200000000000000e-03,1.200000000000018e-03,-1.843143693225358e-17
10600,24,1.000000000000000e-03,9.999999999999710e-04,2.905661822261152e-17
10600,25,-8.000000000000000e-04,-8.000000000000569e-04,5.681219383824043e-17
10600,26,5.999999999999999e-04,5.999999999999079e-04,9.204876444401933e-17
10600,27,5.000000000000000e-04,4.999999999999092e-04,9.085614205428527e-17
10600,28,-4.000000000000000e-04,-4.000000000000824e-04,8.239936510889834e-17
10600,29,3.000000000000000e-04,2.999999999999656e-04,3.442341897641477e-17
10700,0,1.200000000000000e-01,1.199999999999998e-01,1.526556658859590e-16
10700,1,-8.000000000000000e-02,-8.000000000000014e-02,1.387778780781446e-16
10700,2,5.500000000000000e-02,5.499999999999990e-02,9.714451465470120e-17
10700,3,4.000000000000000e-02,3.999999999999992e-02,7.632783294297951e-17
10700,4,-3.000000000000000e-02,-3.000000000000001e-02,6.938893903907228e-18
10700,5,2.500000000000000e-02,2.500000000000002e-02,-2.081668171172169e-17
10700,6,2.000000000000000e-02,1.999999999999998e-02,2.081668171172169e-17
10700,7,-1.800000000000000e-02,-1.799999999999993e-02,-7.285838599102590e-17
10700,8,1.500000000000000e-02,1.500000000000003e-02,-2.602085213965211e-17
10700,9,1.200000000000000e-02,1.200000000000003e-02,-2.775557561562891e-17
10700,10,-1.000000000000000e-02,-9.999999999999993e-03,-6.938893903907228e-18
10700,11,8.999999999999999e-03,8.999999999999999e-03,0.000000000000000e+00
10700,12,8.000000000000000e-03,7.999999999999953e-03,4.683753385137379e-17
10700,13,-7.000000000000000e-03,-7.000000000000022e-03,2.168404344971009e-17
10700,14,6.000000000000000e-03,5.999999999999946e-03,5.377642775528102e-17
10700,15,5.000000000000000e-03,4.999999999999940e-03,5.984795992119984e-17
10700,16,-4.000000000000000e-03,-4.000000000000049e-03,4.857225732735060e-17
10700,17,3.500000000000000e-03,3.499999999999974e-03,2.558717127065790e-17
10700,18,3.000000000000000e-03,2.999999999999969e-03,3.079134169858833e-17
10700,19,-2.500000000000000e-03,-2.499999999999977e-03,-2.341876692568690e-17
10700,20,2.000000000000000e-03,2.000000000000034e-03,-3.426078865054194e-17
10700,21,1.800000000000000e-03,1.800000000000023e-03,-2.276824562219559e-17
10700,22,-1.500000000000000e-03,-1.499999999999960e-03,-4.033232081646076e-17
10700,23,1.200000000000000e-03,1.200000000000005e-03,-4.987329993433320e-18
10700,24,1.000000000000000e-03,9.999999999999692e-04,3.079134169858833e-17
10700,25,-8.000000000000000e-04,-8.000000000000396e-04,3.957337929572091e-17
10700,26,5.999999999999999e-04,5.999999999999373e-04,6.266688556966216e-17
10700,27,5.000000000000000e-04,4.999999999999383e-04,6.169110361442520e-17
10700,28,-4.000000000000000e-04,-4.000000000000533e-04,5.328853677766254e-17
10700,29,3.000000000000000e-04,2.999999999999864e-04,1.355252715606881e-17
10800,0,1.200000000000000e-01,1.199999999999998e-01,1.526556658859590e-16
10800,1,-8.000000000000000e-02,-8.000000000000014e-02,1.387778780781446e-16
10800,2,5.500000000000000e-02,5.499999999999990e-02,9.714451465470120e-17
10800,3,4.000000000000000e-02,3.999999999999992e-02,7.632783294297951e-17
10800,4,-3.000000000000000e-02,-3.000000000000000e-02,0.000000000000000e+00
10800,5,2.500000000000000e-02,2.500000000000002e-02,-1.387778780781446e-17
10800,6,2.000000000000000e-02,1.999999999999998e-02,2.081668171172169e-17
10800,7,-1.800000000000000e-02,-1.799999999999994e-02,-5.898059818321144e-17
10800,8,1.500000000000000e-02,1.500000000000002e-02,-1.908195823574488e-17
10800,9,1.200000000000000e-02,1.200000000000000e-02,1.734723475976807e-18
10800,10,-1.000000000000000e-02,-9.999999999999995e-03,-5.204170427930421e-18
10800,11,8.999999999999999e-03,8.999999999999999e-03,0.000000000000000e+00
10800,12,8.000000000000000e-03,7.999999999999971e-03,2.949029909160572e-17
10800,13,-7.000000000000000e-03,-7.000000000000019e-03,1.908195823574488e-17
10800,14,6.000000000000000e-03,5.999999999999956e-03,4.423544863740858e-17
10800,15,5.000000000000000e-03,4.999999999999949e-03,5.117434254131581e-17
10800,16,-4.000000000000000e-03,-4.000000000000044e-03,4.423544863740858e-17
10800,17,3.500000000000000e-03,3.499999999999978e-03,2.255140518769849e-17
10800,18,3.000000000000000e-03,2.999999999999964e-03,3.642919299551295e-17
10800,19,-2.500000000000000e-03,-2.499999999999997e-03,-3.035766082959412e-18
10800,20,2.000000000000000e-03,2.000000000000007e-03,-7.372574772901430e-18
10800,21,1.800000000000000e-03,1.800000000000003e-03,-3.252606517456513e-18
10800,22,-1.500000000000000e-03,-1.499999999999967e-03,-3.274290560906223e-17
10800,23,1.200000000000000e-03,1.200000000000011e-03,-1.062518129035794e-17
10800,24,1.000000000000000e-03,9.999999999999887e-04,1.127570259384925e-17
10800,25,-8.000000000000000e-04,-8.000000000000258e-04,2.580401170515501e-17
10800,26,5.999999999999999e-04,5.999999999999524e-04,4.759647537211364e-17
10800,27,5.000000000000000e-04,4.999999999999592e-04,4.076600168545497e-17
10800,28,-4.000000000000000e-04,-4.000000000000323e-04,3.230922474006803e-17
10800,29,3.000000000000000e-04,2.999999999999992e-04,7.589415207398531e-19
10900,0,1.200000000000000e-01,1.199999999999998e-01,1.526556658859590e-16
10900,1,-8.000000000000000e-02,-8.000000000000014e-02,1.387778780781446e-16
10900,2,5.500000000000000e-02,5.499999999999991e-02,9.020562075079397e-17
10900,3,4.000000000000000e-02,3.999999999999993e-02,6.938893903907228e-17
10900,4,-3.000000000000000e-02,-3.000000000000000e-02,3.469446951953614e-18
10900,5,2.500000000000000e-02,2.500000000000000e-02,0.000000000000000e+00
10900,6,2.000000000000000e-02,1.999999999999998e-02,2.081668171172169e-17
10900,7,-1.800000000000000e-02,-1.799999999999996e-02,-4.163336342344337e-17
10900,8,1.500000000000000e-02,1.500000000000001e-02,-1.387778780781446e-17
10900,9,1.200000000000000e-02,1.200000000000000e-02,3.469446951953614e-18
10900,10,-1.000000000000000e-02,-1.000000000000000e-02,1.734723475976807e-18
10900,11,8.999999999999999e-03,8.999999999999994e-03,5.204170427930421e-18
10900,12,8.000000000000000e-03,7.999999999999983e-03,1.734723475976807e-17
10900,13,-7.000000000000000e-03,-7.000000000000004e-03,3.469446951953614e-18
10900,14,6.000000000000000e-03,5.999999999999968e-03,3.209238430557093e-17
10900,15,5.000000000000000e-03,4.999999999999956e-03,4.423544863740858e-17
10900,16,-4.000000000000000e-03,-4.000000000000043e-03,4.336808689942018e-17
10900,17,3.500000000000000e-03,3.499999999999975e-03,2.471980953266950e-17
10900,18,3.000000000000000e-03,2.999999999999973e-03,2.688821387764051e-17
10900,19,-2.500000000000000e-03,-2.499999999999993e-03,-7.372574772901430e-18
10900,20,2.000000000000000e-03,2.000000000000010e-03,-1.040834085586084e-17
10900,21,1.800000000000000e-03,1.800000000000008e-03,-8.023096076392733e-18
10900,22,-1.500000000000000e-03,-1.499999999999984e-03,-1.604619215278547e-17
10900,23,1.200000000000000e-03,1.200000000000002e-03,-2.602085213965211e-18
10900,24,1.000000000000000e-03,9.999999999999890e-04,1.105886215935215e-17
10900,25,-8.000000000000000e-04,-8.000000000000056e-04,5.529431079676073e-18
10900,26,5.999999999999999e-04,5.999999999999812e-04,1.875669758399923e-17
10900,27,5.000000000000000e-04,4.999999999999759e-04,2.406928822917820e-17
10900,28,-4.000000000000000e-04,-4.000000000000216e-04,2.157562323246154e-17
10900,29,3.000000000000000e-04,2.999999999999931e-04,6.830473686658678e-18
11000,0,1.200000000000000e-01,1.199999999999998e-01,1.526556658859590e-16
11000,1,-8.000000000000000e-02,-8.000000000000014e-02,1.387778780781446e-16
11000,2,5.500000000000000e-02,5.499999999999991e-02,9.020562075079397e-17
11000,3,4.000000000000000e-02,3.999999999999993e-02,6.938893903907228e-17
11000,4,-3.000000000000000e-02,-3.000000000000000e-02,3.469446951953614e-18
11000,5,2.500000000000000e-02,2.500000000000001e-02,-1.040834085586084e-17
11000,6,2.000000000000000e-02,1.999999999999999e-02,1.387778780781446e-17
11000,7,-1.800000000000000e-02,-1.799999999999996e-02,-3.816391647148976e-17
11000,8,1.500000000000000e-02,1.500000000000000e-02,-1.734723475976807e-18
11000,9,1.200000000000000e-02,1.199999999999999e-02,6.938893903907228e-18
11000,10,-1.000000000000000e-02,-1.000000000000000e-02,3.469446951953614e-18
11000,11,8.999999999999999e-03,8.999999999999998e-03,1.734723475976807e-18
11000,12,8.000000000000000e-03,7.999999999999986e-03,1.387778780781446e-17
11000,13,-7.000000000000000e-03,-7.000000000000004e-03,4.336808689942018e-18
11000,14,6.000000000000000e-03,5.999999999999969e-03,3.122502256758253e-17
11000,15,5.000000000000000e-03,4.999999999999961e-03,3.903127820947816e-17
11000,16,-4.000000000000000e-03,-4.000000000000039e-03,3.903127820947816e-17
11000,17,3.500000000000000e-03,3.499999999999975e-03,2.515349040166370e-17
11000,18,3.000000000000000e-03,2.999999999999968e-03,3.252606517456513e-17
11000,19,-2.500000000000000e-03,-2.500000000000008e-03,7.806255641895632e-18
11000,20,2.000000000000000e-03,2.000000000000000e-03,-4.336808689942018e-19
11000,21,1.800000000000000e-03,1.800000000000004e-03,-3.903127820947816e-18
11000,22,-1.500000000000000e-03,-1.499999999999989e-03,-1.149254302834635e-17
11000,23,1.200000000000000e-03,1.200000000000005e-03,-5.204170427930421e-18
11000,24,1.000000000000000e-03,9.999999999999950e-04,4.987329993433320e-18
11000,25,-8.000000000000000e-04,-8.000000000000078e-04,7.806255641895632e-18
11000,26,5.999999999999999e-04,5.999999999999809e-04,1.908195823574488e-17
11000,27,5.000000000000000e-04,4.999999999999777e-04,2.233456475320139e-17
11000,28,-4.000000000000000e-04,-4.000000000000220e-04,2.195509399283146e-17
11000,29,3.000000000000000e-04,2.999999999999938e-04,6.125742274543100e-18
11100,0,1.200000000000000e-01,1.199999999999998e-01,1.526556658859590e-16
11100,1,-8.000000000000000e-02,-8.000000000000014e-02,1.387778780781446e-16
11100,2,5.500000000000000e-02,5.499999999999991e-02,9.020562075079397e-17
11100,3,4.000000000000000e-02,3.999999999999993e-02,6.938893903907228e-17
11100,4,-3.000000000000000e-02,-3.000000000000000e-02,0.000000000000000e+00
11100,5,2.500000000000000e-02,2.500000000000002e-02,-2.081668171172169e-17
11100,6,2.000000000000000e-02,1.999999999999999e-02,6.938893903907228e-18
11100,7,-1.800000000000000e-02,-1.799999999999996e-02,-3.816391647148976e-17
11100,8,1.500000000000000e-02,1.500000000000000e-02,1.734723475976807e-18
11100,9,1.200000000000000e-02,1.200000000000000e-02,1.734723475976807e-18
11100,10,-1.000000000000000e-02,-1.000000000000000e-02,0.000000000000000e+00
11100,11,8.999999999999999e-03,8.999999999999994e-03,5.204170427930421e-18
11100,12,8.000000000000000e-03,7.999999999999993e-03,6.938893903907228e-18
11100,13,-7.000000000000000e-03,-7.000000000000007e-03,6.938893903907228e-18
11100,14,6.000000000000000e-03,5.999999999999976e-03,2.428612866367530e-17
11100,15,5.000000000000000e-03,4.999999999999969e-03,3.122502256758253e-17
11100,16,-4.000000000000000e-03,-4.000000000000037e-03,3.729655473350135e-17
11100,17,3.500000000000000e-03,3.499999999999984e-03,1.604619215278547e-17
11100,18,3.000000000000000e-03,2.999999999999983e-03,1.734723475976807e-17
11100,19,-2.500000000000000e-03,-2.500000000000003e-03,3.035766082959412e-18
11100,20,2.000000000000000e-03,2.000000000000017e-03,-1.647987302177967e-17
11100,21,1.800000000000000e-03,1.800000000000006e-03,-6.505213034913027e-18
11100,22,-1.500000000000000e-03,-1.499999999999992e-03,-7.806255641895632e-18
11100,23,1.200000000000000e-03,1.200000000000006e-03,-5.637851296924623e-18
11100,24,1.000000000000000e-03,9.999999999999970e-04,3.035766082959412e-18
11100,25,-8.000000000000000e-04,-8.000000000000146e-04,1.452830911130576e-17
11100,26,5.999999999999999e-04,5.999999999999824e-04,1.756407519426517e-17
11100,27,5.000000000000000e-04,4.999999999999899e-04,1.008308020411519e-17
11100,28,-4.000000000000000e-04,-4.000000000000186e-04,1.853985714950213e-17
11100,29,3.000000000000000e-04,3.000000000000047e-04,-4.770489558936220e-18
11200,0,1.200000000000000e-01,1.199999999999998e-01,1.526556658859590e-16
11200,1,-8.000000000000000e-02,-8.000000000000014e-02,1.387778780781446e-16
11200,2,5.500000000000000e-02,5.499999999999991e-02,9.020562075079397e-17
11200,3,4.000000000000000e-02,3.999999999999993e-02,6.938893903907228e-17
11200,4,-3.000000000000000e-02,-3.000000000000000e-02,0.000000000000000e+00
11200,5,2.500000000000000e-02,2.500000000000003e-02,-2.428612866367530e-17
11200,6,2.000000000000000e-02,2.000000000000001e-02,-6.938893903907228e-18
11200,7,-1.800000000000000e-02,-1.799999999999996e-02,-3.816391647148976e-17
11200,8,1.500000000000000e-02,1.500000000000000e-02,-1.734723475976807e-18
11200,9,1.200000000000000e-02,1.200000000000000e-02,1.734723475976807e-18
11200,10,-1.000000000000000e-02,-9.999999999999997e-03,-3.469446951953614e-18
11200,11,8.999999999999999e-03,8.999999999999985e-03,1.387778780781446e-17
11200,12,8.000000000000000e-03,7.999999999999985e-03,1.561251128379126e-17
11200,13,-7.000000000000000e-03,-7.000000000000002e-03,1.734723475976807e-18
11200,14,6.000000000000000e-03,5.999999999999972e-03,2.775557561562891e-17
11200,15,5.000000000000000e-03,4.999999999999969e-03,3.122502256758253e-17
11200,16,-4.000000000000000e-03,-4.000000000000031e-03,3.122502256758253e-17
11200,17,3.500000000000000e-03,3.499999999999980e-03,1.994931997373328e-17
11200,18,3.000000000000000e-03,2.999999999999985e-03,1.517883041479706e-17
11200,19,-2.500000000000000e-03,-2.500000000000003e-03,3.035766082959412e-18
11200,20,2.000000000000000e-03,2.000000000000010e-03,-9.974659986866641e-18
11200,21,1.800000000000000e-03,1.800000000000002e-03,-2.168404344971009e-18
11200,22,-1.500000000000000e-03,-1.500000000000002e-03,1.517883041479706e-18
11200,23,1.200000000000000e-03,1.199999999999995e-03,4.770489558936220e-18
11200,24,1.000000000000000e-03,9.999999999999898e-04,1.019150042136374e-17
11200,25,-8.000000000000000e-04,-8.000000000000133e-04,1.322726650432315e-17
11200,26,5.999999999999999e-04,5.999999999999757e-04,2.428612866367530e-17
11200,27,5.000000000000000e-04,4.999999999999897e-04,1.029992063861229e-17
11200,28,-4.000000000000000e-04,-4.000000000000136e-04,1.360673726469308e-17
11200,29,3.000000000000000e-04,3.000000000000053e-04,-5.312590645178972e-18
11300,0,1.200000000000000e-01,1.199999999999998e-01,1.526556658859590e-16
11300,1,-8.000000000000000e-02,-8.000000000000014e-02,1.387778780781446e-16
11300,2,5.500000000000000e-02,5.499999999999992e-02,8.326672684688674e-17
11300,3,4.000000000000000e-02,3.999999999999993e-02,6.938893903907228e-17
11300,4,-3.000000000000000e-02,-3.000000000000000e-02,3.469446951953614e-18
11300,5,2.500000000000000e-02,2.500000000000002e-02,-1.387778780781446e-17
11300,6,2.000000000000000e-02,2.000000000000000e-02,3.469446951953614e-18
11300,7,-1.800000000000000e-02,-1.799999999999997e-02,-3.122502256758253e-17
11300,8,1.500000000000000e-02,1.500000000000000e-02,-5.204170427930421e-18
11300,9,1.200000000000000e-02,1.200000000000001e-02,-6.938893903907228e-18
11300,10,-1.000000000000000e-02,-9.999999999999997e-03,-3.469446951953614e-18
11300,11,8.999999999999999e-03,8.999999999999972e-03,2.775557561562891e-17
11300,12,8.000000000000000e-03,7.999999999999983e-03,1.734723475976807e-17
11300,13,-7.000000000000000e-03,-7.000000000000002e-03,1.734723475976807e-18
11300,14,6.000000000000000e-03,5.999999999999985e-03,1.561251128379126e-17
11300,15,5.000000000000000e-03,4.999999999999978e-03,2.168404344971009e-17
11300,16,-4.000000000000000e-03,-4.000000000000030e-03,3.035766082959412e-17
11300,17,3.500000000000000e-03,3.499999999999976e-03,2.385244779468110e-17
11300,18,3.000000000000000e-03,2.999999999999991e-03,9.540979117872439e-18
11300,19,-2.500000000000000e-03,-2.499999999999998e-03,-2.168404344971009e-18
11300,20,2.000000000000000e-03,2.000000000000014e-03,-1.387778780781446e-17
11300,21,1.800000000000000e-03,1.800000000000011e-03,-1.084202172485504e-17
11300,22,-1.500000000000000e-03,-1.500000000000005e-03,4.553649124439119e-18
11300,23,1.200000000000000e-03,1.199999999999993e-03,7.155734338404329e-18
11300,24,1.000000000000000e-03,9.999999999999894e-04,1.062518129035794e-17
11300,25,-8.000000000000000e-04,-8.000000000000109e-04,1.084202172485504e-17
11300,26,5.999999999999999e-04,5.999999999999904e-04,9.540979117872439e-18
11300,27,5.000000000000000e-04,5.000000000000065e-04,-6.505213034913027e-18
11300,28,-4.000000000000000e-04,-3.999999999999969e-04,-3.089976191583688e-18
11300,29,3.000000000000000e-04,3.000000000000002e-04,-2.710505431213761e-19
11400,0,1.200000000000000e-01,1.199999999999998e-01,1.526556658859590e-16
11400,1,-8.000000000000000e-02,-8.000000000000014e-02,1.387778780781446e-16
11400,2,5.500000000000000e-02,5.499999999999992e-02,8.326672684688674e-17
11400,3,4.000000000000000e-02,3.999999999999993e-02,6.938893903907228e-17
11400,4,-3.000000000000000e-02,-3.000000000000001e-02,6.938893903907228e-18
11400,5,2.500000000000000e-02,2.500000000000002e-02,-1.387778780781446e-17
11400,6,2.000000000000000e-02,1.999999999999999e-02,1.040834085586084e-17
11400,7,-1.800000000000000e-02,-1.799999999999998e-02,-2.081668171172169e-17
11400,8,1.500000000000000e-02,1.500000000000001e-02,-6.938893903907228e-18
11400,9,1.200000000000000e-02,1.200000000000001e-02,-5.204170427930421e-18
11400,10,-1.000000000000000e-02,-1.000000000000001e-02,5.204170427930421e-18
11400,11,8.999999999999999e-03,8.999999999999966e-03,3.295974604355933e-17
11400,12,8.000000000000000e-03,7.999999999999974e-03,2.602085213965211e-17
11400,13,-7.000000000000000e-03,-7.000000000000007e-03,6.938893903907228e-18
11400,14,6.000000000000000e-03,5.999999999999991e-03,9.540979117872439e-18
11400,15,5.000000000000000e-03,4.999999999999975e-03,2.515349040166370e-17
11400,16,-4.000000000000000e-03,-4.000000000000028e-03,2.775557561562891e-17
11400,17,3.500000000000000e-03,3.499999999999985e-03,1.517883041479706e-17
11400,18,3.000000000000000e-03,2.999999999999991e-03,8.673617379884035e-18
11400,19,-2.500000000000000e-03,-2.500000000000005e-03,4.770489558936220e-18
11400,20,2.000000000000000e-03,2.000000000000009e-03,-9.107298248878237e-18
11400,21,1.800000000000000e-03,1.800000000000007e-03,-7.372574772901430e-18
11400,22,-1.500000000000000e-03,-1.500000000000004e-03,4.336808689942018e-18
11400,23,1.200000000000000e-03,1.199999999999997e-03,3.252606517456513e-18
11400,24,1.000000000000000e-03,9.999999999999922e-04,7.806255641895632e-18
11400,25,-8.000000000000000e-04,-8.000000000000157e-04,1.561251128379126e-17
11400,26,5.999999999999999e-04,5.999999999999878e-04,1.214306433183765e-17
11400,27,5.000000000000000e-04,5.000000000000014e-04,-1.409462824231156e-18
11400,28,-4.000000000000000e-04,-3.999999999999948e-04,-5.204170427930421e-18
11400,29,3.000000000000000e-04,3.000000000000108e-04,-1.084202172485504e-17
11500,0,1.200000000000000e-01,1.199999999999998e-01,1.526556658859590e-16
11500,1,-8.000000000000000e-02,-8.000000000000014e-02,1.387778780781446e-16
11500,2,5.500000000000000e-02,5.499999999999992e-02,8.326672684688674e-17
11500,3,4.000000000000000e-02,3.999999999999993e-02,6.938893903907228e-17
11500,4,-3.000000000000000e-02,-3.000000000000001e-02,1.040834085586084e-17
11500,5,2.500000000000000e-02,2.500000000000000e-02,-3.469446951953614e-18
11500,6,2.000000000000000e-02,1.999999999999998e-02,2.081668171172169e-17
11500,7,-1.800000000000000e-02,-1.799999999999998e-02,-1.387778780781446e-17
11500,8,1.500000000000000e-02,1.500000000000000e-02,-5.204170427930421e-18
11500,9,1.200000000000000e-02,1.200000000000001e-02,-5.204170427930421e-18
11500,10,-1.000000000000000e-02,-9.999999999999995e-03,-5.204170427930421e-18
11500,11,8.999999999999999e-03,8.999999999999985e-03,1.387778780781446e-17
11500,12,8.000000000000000e-03,7.999999999999979e-03,2.081668171172169e-17
11500,13,-7.000000000000000e-03,-7.000000000000012e-03,1.214306433183765e-17
11500,14,6.000000000000000e-03,5.999999999999978e-03,2.168404344971009e-17
11500,15,5.000000000000000e-03,4.999999999999978e-03,2.255140518769849e-17
11500,16,-4.000000000000000e-03,-4.000000000000027e-03,2.688821387764051e-17
11500,17,3.500000000000000e-03,3.499999999999989e-03,1.127570259384925e-17
11500,18,3.000000000000000e-03,2.999999999999999e-03,1.301042606982605e-18
11500,19,-2.500000000000000e-03,-2.500000000000001e-03,8.673617379884035e-19
11500,20,2.000000000000000e-03,2.000000000000013e-03,-1.344410693882025e-17
11500,21,1.800000000000000e-03,1.800000000000013e-03,-1.301042606982605e-17
11500,22,-1.500000000000000e-03,-1.499999999999998e-03,-2.385244779468110e-18
11500,23,1.200000000000000e-03,1.200000000000001e-03,-1.084202172485504e-18
11500,24,1.000000000000000e-03,9.999999999999992e-04,8.673617379884035e-19
11500,25,-8.000000000000000e-04,-8.000000000000056e-04,5.529431079676073e-18
11500,26,5.999999999999999e-04,6.000000000000011e-04,-1.192622389734055e-18
11500,27,5.000000000000000e-04,5.000000000000091e-04,-9.107298248878237e-18
11500,28,-4.000000000000000e-04,-3.999999999999919e-04,-8.077306185017008e-18
11500,29,3.000000000000000e-04,3.000000000000031e-04,-3.089976191583688e-18
11600,0,1.200000000000000e-01,1.199999999999998e-01,1.526556658859590e-16
11600,1,-8.000000000000000e-02,-8.000000000000014e-02,1.387778780781446e-16
11600,2,5.500000000000000e-02,5.499999999999992e-02,8.326672684688674e-17
11600,3,4.000000000000000e-02,3.999999999999994e-02,6.245004513516506e-17
11600,4,-3.000000000000000e-02,-3.000000000000000e-02,0.000000000000000e+00
11600,5,2.500000000000000e-02,2.500000000000000e-02,0.000000000000000e+00
11600,6,2.000000000000000e-02,2.000000000000000e-02,-3.469446951953614e-18
11600,7,-1.800000000000000e-02,-1.800000000000000e-02,0.000000000000000e+00
11600,8,1.500000000000000e-02,1.500000000000000e-02,1.734723475976807e-18
11600,9,1.200000000000000e-02,1.199999999999999e-02,6.938893903907228e-18
11600,10,-1.000000000000000e-02,-1.000000000000001e-02,6.938893903907228e-18
11600,11,8.999999999999999e-03,8.999999999999998e-03,1.734723475976807e-18
11600,12,8.000000000000000e-03,7.999999999999991e-03,8.673617379884035e-18
11600,13,-7.000000000000000e-03,-7.000000000000004e-03,4.336808689942018e-18
11600,14,6.000000000000000e-03,5.999999999999995e-03,5.204170427930421e-18
11600,15,5.000000000000000e-03,4.999999999999978e-03,2.168404344971009e-17
11600,16,-4.000000000000000e-03,-4.000000000000030e-03,2.949029909160572e-17
11600,17,3.500000000000000e-03,3.499999999999981e-03,1.951563910473908e-17
11600,18,3.000000000000000e-03,2.999999999999984e-03,1.604619215278547e-17
11600,19,-2.500000000000000e-03,-2.500000000000007e-03,6.938893903907228e-18
11600,20,2.000000000000000e-03,2.000000000000009e-03,-8.673617379884035e-18
11600,21,1.800000000000000e-03,1.800000000000009e-03,-9.540979117872439e-18
11600,22,-1.500000000000000e-03,-1.499999999999996e-03,-4.119968255444917e-18
11600,23,1.200000000000000e-03,1.200000000000009e-03,-9.107298248878237e-18
11600,24,1.000000000000000e-03,1.000000000000005e-03,-4.553649124439119e-18
11600,25,-8.000000000000000e-04,-7.999999999999970e-04,-3.035766082959412e-18
11600,26,5.999999999999999e-04,6.000000000000058e-04,-5.854691731421724e-18
11600,27,5.000000000000000e-04,5.000000000000076e-04,-7.589415207398531e-18
11600,28,-4.000000000000000e-04,-3.999999999999927e-04,-7.318364664277155e-18
11600,29,3.000000000000000e-04,3.000000000000004e-04,-4.336808689942018e-19
11700,0,1.200000000000000e-01,1.199999999999998e-01,1.526556658859590e-16
11700,1,-8.000000000000000e-02,-8.000000000000014e-02,1.387778780781446e-16
11700,2,5.500000000000000e-02,5.499999999999992e-02,8.326672684688674e-17
11700,3,4.000000000000000e-02,3.999999999999994e-02,6.245004513516506e-17
11700,4,-3.000000000000000e-02,-3.000000000000001e-02,6.938893903907228e-18
11700,5,2.500000000000000e-02,2.499999999999999e-02,6.938893903907228e-18
11700,6,2.000000000000000e-02,2.000000000000000e-02,3.469446951953614e-18
11700,7,-1.800000000000000e-02,-1.800000000000001e-02,6.938893903907228e-18
11700,8,1.500000000000000e-02,1.499999999999999e-02,5.204170427930421e-18
11700,9,1.200000000000000e-02,1.200000000000000e-02,3.469446951953614e-18
11700,10,-1.000000000000000e-02,-1.000000000000001e-02,5.204170427930421e-18
11700,11,8.999999999999999e-03,8.999999999999998e-03,1.734723475976807e-18
11700,12,8.000000000000000e-03,8.000000000000002e-03,-1.734723475976807e-18
11700,13,-7.000000000000000e-03,-6.999999999999996e-03,-4.336808689942018e-18
11700,14,6.000000000000000e-03,5.999999999999988e-03,1.214306433183765e-17
11700,15,5.000000000000000e-03,4.999999999999985e-03,1.474514954580286e-17
11700,16,-4.000000000000000e-03,-4.000000000000022e-03,2.168404344971009e-17
11700,17,3.500000000000000e-03,3.499999999999987e-03,1.301042606982605e-17
11700,18,3.000000000000000e-03,2.999999999999987e-03,1.257674520083185e-17
11700,19,-2.500000000000000e-03,-2.500000000000007e-03,6.505213034913027e-18
11700,20,2.000000000000000e-03,2.000000000000007e-03,-7.372574772901430e-18
11700,21,1.800000000000000e-03,1.800000000000010e-03,-9.757819552369540e-18
11700,22,-1.500000000000000e-03,-1.499999999999989e-03,-1.149254302834635e-17
11700,23,1.200000000000000e-03,1.200000000000011e-03,-1.084202172485504e-17
11700,24,1.000000000000000e-03,9.999999999999994e-04,6.505213034913027e-19
11700,25,-8.000000000000000e-04,-7.999999999999991e-04,-9.757819552369540e-19
11700,26,5.999999999999999e-04,6.000000000000008e-04,-8.673617379884035e-19
11700,27,5.000000000000000e-04,5.000000000000052e-04,-5.204170427930421e-18
11700,28,-4.000000000000000e-04,-4.000000000000015e-04,1.463672932855431e-18
11700,29,3.000000000000000e-04,3.000000000000002e-04,-2.168404344971009e-19
11800,0,1.200000000000000e-01,1.199999999999998e-01,1.526556658859590e-16
11800,1,-8.000000000000000e-02,-8.000000000000014e-02,1.387778780781446e-16
11800,2,5.500000000000000e-02,5.499999999999992e-02,8.326672684688674e-17
11800,3,4.000000000000000e-02,3.999999999999994e-02,6.245004513516506e-17
11800,4,-3.000000000000000e-02,-3.000000000000001e-02,1.040834085586084e-17
11800,5,2.500000000000000e-02,2.500000000000000e-02,0.000000000000000e+00
11800,6,2.000000000000000e-02,1.999999999999999e-02,1.040834085586084e-17
11800,7,-1.800000000000000e-02,-1.800000000000000e-02,3.469446951953614e-18
11800,8,1.500000000000000e-02,1.499999999999999e-02,1.387778780781446e-17
11800,9,1.200000000000000e-02,1.200000000000000e-02,1.734723475976807e-18
11800,10,-1.000000000000000e-02,-1.000000000000001e-02,1.040834085586084e-17
11800,11,8.999999999999999e-03,8.999999999999996e-03,3.469446951953614e-18
11800,12,8.000000000000000e-03,7.999999999999997e-03,3.469446951953614e-18
11800,13,-7.000000000000000e-03,-7.000000000000003e-03,2.602085213965211e-18
11800,14,6.000000000000000e-03,5.999999999999989e-03,1.127570259384925e-17
11800,15,5.000000000000000e-03,4.999999999999983e-03,1.734723475976807e-17
11800,16,-4.000000000000000e-03,-4.000000000000023e-03,2.255140518769849e-17
11800,17,3.500000000000000e-03,3.499999999999990e-03,9.974659986866641e-18
11800,18,3.000000000000000e-03,2.999999999999981e-03,1.864827736675068e-17
11800,19,-2.500000000000000e-03,-2.500000000000009e-03,9.107298248878237e-18
11800,20,2.000000000000000e-03,2.000000000000012e-03,-1.214306433183765e-17
11800,21,1.800000000000000e-03,1.800000000000006e-03,-5.854691731421724e-18
11800,22,-1.500000000000000e-03,-1.499999999999990e-03,-9.757819552369540e-18
11800,23,1.200000000000000e-03,1.200000000000014e-03,-1.452830911130576e-17
11800,24,1.000000000000000e-03,1.000000000000004e-03,-3.903127820947816e-18
11800,25,-8.000000000000000e-04,-7.999999999999919e-04,-8.131516293641283e-18
11800,26,5.999999999999999e-04,6.000000000000069e-04,-6.938893903907228e-18
11800,27,5.000000000000000e-04,5.000000000000098e-04,-9.757819552369540e-18
11800,28,-4.000000000000000e-04,-3.999999999999946e-04,-5.421010862427522e-18
11800,29,3.000000000000000e-04,3.000000000000076e-04,-7.643625316022806e-18
11900,0,1.200000000000000e-01,1.199999999999998e-01,1.526556658859590e-16
11900,1,-8.000000000000000e-02,-8.000000000000014e-02,1.387778780781446e-16
11900,2,5.500000000000000e-02,5.499999999999992e-02,8.326672684688674e-17
11900,3,4.000000000000000e-02,3.999999999999994e-02,6.245004513516506e-17
11900,4,-3.000000000000000e-02,-3.000000000000001e-02,6.938893903907228e-18
11900,5,2.500000000000000e-02,2.499999999999999e-02,6.938893903907228e-18
11900,6,2.000000000000000e-02,1.999999999999997e-02,2.775557561562891e-17
11900,7,-1.800000000000000e-02,-1.800000000000001e-02,1.387778780781446e-17
11900,8,1.500000000000000e-02,1.499999999999997e-02,2.775557561562891e-17
11900,9,1.200000000000000e-02,1.199999999999999e-02,1.387778780781446e-17
11900,10,-1.000000000000000e-02,-1.000000000000002e-02,2.255140518769849e-17
11900,11,8.999999999999999e-03,8.999999999999989e-03,1.040834085586084e-17
11900,12,8.000000000000000e-03,7.999999999999997e-03,3.469446951953614e-18
11900,13,-7.000000000000000e-03,-7.000000000000003e-03,2.602085213965211e-18
11900,14,6.000000000000000e-03,5.999999999999991e-03,8.673617379884035e-18
11900,15,5.000000000000000e-03,4.999999999999998e-03,2.602085213965211e-18
11900,16,-4.000000000000000e-03,-3.999999999999998e-03,-1.734723475976807e-18
11900,17,3.500000000000000e-03,3.500000000000000e-03,0.000000000000000e+00
11900,18,3.000000000000000e-03,2.999999999999990e-03,1.040834085586084e-17
11900,19,-2.500000000000000e-03,-2.500000000000000e-03,-4.336808689942018e-19
11900,20,2.000000000000000e-03,2.000000000000004e-03,-3.903127820947816e-18
11900,21,1.800000000000000e-03,1.799999999999998e-03,1.734723475976807e-18
11900,22,-1.500000000000000e-03,-1.500000000000001e-03,6.505213034913027e-19
11900,23,1.200000000000000e-03,1.200000000000006e-03,-6.505213034913027e-18
11900,24,1.000000000000000e-03,9.999999999999961e-04,3.903127820947816e-18
11900,25,-8.000000000000000e-04,-8.000000000000034e-04,3.361026734705064e-18
11900,26,5.999999999999999e-04,6.000000000000021e-04,-2.168404344971009e-18
11900,27,5.000000000000000e-04,5.000000000000075e-04,-7.480994990149981e-18
11900,28,-4.000000000000000e-04,-3.999999999999992e-04,-8.673617379884035e-19
11900,29,3.000000000000000e-04,3.000000000000007e-04,-7.047314121155779e-19
12000,0,1.200000000000000e-01,1.199999999999998e-01,1.526556658859590e-16
12000,1,-8.000000000000000e-02,-8.000000000000014e-02,1.387778780781446e-16
12000,2,5.500000000000000e-02,5.499999999999992e-02,8.326672684688674e-17
12000,3,4.000000000000000e-02,3.999999999999994e-02,6.245004513516506e-17
12000,4,-3.000000000000000e-02,-3.000000000000001e-02,1.387778780781446e-17
12000,5,2.500000000000000e-02,2.499999999999999e-02,1.040834085586084e-17
12000,6,2.000000000000000e-02,1.999999999999998e-02,2.428612866367530e-17
12000,7,-1.800000000000000e-02,-1.800000000000001e-02,1.040834085586084e-17
12000,8,1.500000000000000e-02,1.499999999999998e-02,2.428612866367530e-17
12000,9,1.200000000000000e-02,1.199999999999998e-02,2.428612866367530e-17
12000,10,-1.000000000000000e-02,-1.000000000000001e-02,1.387778780781446e-17
12000,11,8.999999999999999e-03,8.999999999999996e-03,3.469446951953614e-18
12000,12,8.000000000000000e-03,8.000000000000004e-03,-3.469446951953614e-18
12000,13,-7.000000000000000e-03,-7.000000000000004e-03,4.336808689942018e-18
12000,14,6.000000000000000e-03,5.999999999999987e-03,1.301042606982605e-17
12000,15,5.000000000000000e-03,4.999999999999989e-03,1.127570259384925e-17
12000,16,-4.000000000000000e-03,-4.000000000000004e-03,3.469446951953614e-18
12000,17,3.500000000000000e-03,3.500000000000006e-03,-6.071532165918825e-18
12000,18,3.000000000000000e-03,2.999999999999997e-03,3.035766082959412e-18
12000,19,-2.500000000000000e-03,-2.499999999999995e-03,-5.204170427930421e-18
12000,20,2.000000000000000e-03,2.000000000000000e-03,-4.336808689942018e-19
12000,21,1.800000000000000e-03,1.799999999999997e-03,3.252606517456513e-18
12000,22,-1.500000000000000e-03,-1.499999999999994e-03,-5.854691731421724e-18
12000,23,1.200000000000000e-03,1.200000000000020e-03,-2.016616040823038e-17
12000,24,1.000000000000000e-03,1.000000000000010e-03,-9.974659986866641e-18
12000,25,-8.000000000000000e-04,-7.999999999999926e-04,-7.480994990149981e-18
12000,26,5.999999999999999e-04,6.000000000000023e-04,-2.385244779468110e-18
12000,27,5.000000000000000e-04,5.000000000000052e-04,-5.204170427930421e-18
12000,28,-4.000000000000000e-04,-4.000000000000027e-04,2.710505431213761e-18
12000,29,3.000000000000000e-04,2.999999999999949e-04,5.095750210681871e-18
12100,0,1.200000000000000e-01,1.199999999999998e-01,1.526556658859590e-16
12100,1,-8.000000000000000e-02,-8.000000000000014e-02,1.387778780781446e-16
12100,2,5.500000000000000e-02,5.499999999999992e-02,8.326672684688674e-17
12100,3,4.000000000000000e-02,3.999999999999994e-02,6.245004513516506e-17
12100,4,-3.000000000000000e-02,-3.000000000000001e-02,1.387778780781446e-17
12100,5,2.500000000000000e-02,2.499999999999999e-02,6.938893903907228e-18
12100,6,2.000000000000000e-02,1.999999999999997e-02,2.775557561562891e-17
12100,7,-1.800000000000000e-02,-1.800000000000001e-02,1.387778780781446e-17
12100,8,1.500000000000000e-02,1.499999999999998e-02,2.428612866367530e-17
12100,9,1.200000000000000e-02,1.199999999999998e-02,2.428612866367530e-17
12100,10,-1.000000000000000e-02,-1.000000000000002e-02,1.561251128379126e-17
12100,11,8.999999999999999e-03,8.999999999999985e-03,1.387778780781446e-17
12100,12,8.000000000000000e-03,8.000000000000002e-03,-1.734723475976807e-18
12100,13,-7.000000000000000e-03,-7.000000000000007e-03,6.938893903907228e-18
12100,14,6.000000000000000e-03,5.999999999999990e-03,1.040834085586084e-17
12100,15,5.000000000000000e-03,4.999999999999997e-03,3.469446951953614e-18
12100,16,-4.000000000000000e-03,-4.000000000000004e-03,4.336808689942018e-18
12100,17,3.500000000000000e-03,3.500000000000010e-03,-9.540979117872439e-18
12100,18,3.000000000000000e-03,2.999999999999998e-03,2.168404344971009e-18
12100,19,-2.500000000000000e-03,-2.499999999999987e-03,-1.344410693882025e-17
12100,20,2.000000000000000e-03,2.000000000000010e-03,-1.040834085586084e-17
12100,21,1.800000000000000e-03,1.799999999999994e-03,5.637851296924623e-18
12100,22,-1.500000000000000e-03,-1.500000000000002e-03,1.951563910473908e-18
12100,23,1.200000000000000e-03,1.200000000000011e-03,-1.084202172485504e-17
12100,24,1.000000000000000e-03,1.000000000000007e-03,-7.372574772901430e-18
12100,25,-8.000000000000000e-04,-7.999999999999949e-04,-5.095750210681871e-18
12100,26,5.999999999999999e-04,6.000000000000009e-04,-9.757819552369540e-19
12100,27,5.000000000000000e-04,4.999999999999997e-04,3.252606517456513e-19
12100,28,-4.000000000000000e-04,-4.000000000000033e-04,3.306816626080789e-18
12100,29,3.000000000000000e-04,3.000000000000002e-04,-2.710505431213761e-19
12200,0,1.200000000000000e-01,1.199999999999998e-01,1.526556658859590e-16
12200,1,-8.000000000000000e-02,-8.000000000000014e-02,1.387778780781446e-16
12200,2,5.500000000000000e-02,5.499999999999992e-02,8.326672684688674e-17
12200,3,4.000000000000000e-02,3.999999999999994e-02,6.245004513516506e-17
12200,4,-3.000000000000000e-02,-3.000000000000001e-02,6.938893903907228e-18
12200,5,2.500000000000000e-02,2.499999999999999e-02,1.040834085586084e-17
12200,6,2.000000000000000e-02,1.999999999999999e-02,1.387778780781446e-17
12200,7,-1.800000000000000e-02,-1.800000000000001e-02,1.387778780781446e-17
12200,8,1.500000000000000e-02,1.499999999999998e-02,1.908195823574488e-17
12200,9,1.200000000000000e-02,1.199999999999998e-02,2.255140518769849e-17
12200,10,-1.000000000000000e-02,-1.000000000000001e-02,6.938893903907228e-18
12200,11,8.999999999999999e-03,8.999999999999987e-03,1.214306433183765e-17
12200,12,8.000000000000000e-03,8.000000000000005e-03,-5.204170427930421e-18
12200,13,-7.000000000000000e-03,-7.000000000000009e-03,8.673617379884035e-18
12200,14,6.000000000000000e-03,5.999999999999994e-03,6.071532165918825e-18
12200,15,5.000000000000000e-03,4.999999999999997e-03,3.469446951953614e-18
12200,16,-4.000000000000000e-03,-4.000000000000002e-03,1.734723475976807e-18
12200,17,3.500000000000000e-03,3.500000000000006e-03,-6.071532165918825e-18
12200,18,3.000000000000000e-03,2.999999999999997e-03,3.469446951953614e-18
12200,19,-2.500000000000000e-03,-2.499999999999988e-03,-1.214306433183765e-17
12200,20,2.000000000000000e-03,2.000000000000011e-03,-1.084202172485504e-17
12200,21,1.800000000000000e-03,1.800000000000001e-03,-1.301042606982605e-18
12200,22,-1.500000000000000e-03,-1.499999999999996e-03,-3.903127820947816e-18
12200,23,1.200000000000000e-03,1.200000000000008e-03,-8.023096076392733e-18
12200,24,1.000000000000000e-03,1.000000000000009e-03,-9.107298248878237e-18
12200,25,-8.000000000000000e-04,-7.999999999999915e-04,-8.565197162635485e-18
12200,26,5.999999999999999e-04,5.999999999999985e-04,1.409462824231156e-18
12200,27,5.000000000000000e-04,4.999999999999968e-04,3.252606517456513e-18
12200,28,-4.000000000000000e-04,-3.999999999999967e-04,-3.306816626080789e-18
12200,29,3.000000000000000e-04,2.999999999999992e-04,7.589415207398531e-19
12300,0,1.200000000000000e-01,1.199999999999998e-01,1.526556658859590e-16
12300,1,-8.000000000000000e-02,-8.000000000000014e-02,1.387778780781446e-16
12300,2,5.500000000000000e-02,5.499999999999992e-02,7.632783294297951e-17
12300,3,4.000000000000000e-02,3.999999999999994e-02,6.245004513516506e-17
12300,4,-3.000000000000000e-02,-3.000000000000001e-02,6.938893903907228e-18
12300,5,2.500000000000000e-02,2.499999999999998e-02,1.734723475976807e-17
12300,6,2.000000000000000e-02,1.999999999999998e-02,2.081668171172169e-17
12300,7,-1.800000000000000e-02,-1.800000000000001e-02,1.387778780781446e-17
12300,8,1.500000000000000e-02,1.500000000000000e-02,1.734723475976807e-18
12300,9,1.200000000000000e-02,1.200000000000000e-02,3.469446951953614e-18
12300,10,-1.000000000000000e-02,-9.999999999999998e-03,-1.734723475976807e-18
12300,11,8.999999999999999e-03,8.999999999999992e-03,6.938893903907228e-18
12300,12,8.000000000000000e-03,8.000000000000021e-03,-2.081668171172169e-17
12300,13,-7.000000000000000e-03,-6.999999999999999e-03,-8.673617379884035e-19
12300,14,6.000000000000000e-03,5.999999999999993e-03,6.938893903907228e-18
12300,15,5.000000000000000e-03,5.000000000000003e-03,-2.602085213965211e-18
12300,16,-4.000000000000000e-03,-4.000000000000006e-03,6.071532165918825e-18
12300,17,3.500000000000000e-03,3.500000000000001e-03,-4.336808689942018e-19
12300,18,3.000000000000000e-03,2.999999999999997e-03,3.035766082959412e-18
12300,19,-2.500000000000000e-03,-2.499999999999992e-03,-7.806255641895632e-18
12300,20,2.000000000000000e-03,2.000000000000013e-03,-1.257674520083185e-17
12300,21,1.800000000000000e-03,1.800000000000006e-03,-5.854691731421724e-18
12300,22,-1.500000000000000e-03,-1.499999999999996e-03,-4.336808689942018e-18
12300,23,1.200000000000000e-03,1.200000000000014e-03,-1.387778780781446e-17
12300,24,1.000000000000000e-03,1.000000000000011e-03,-1.127570259384925e-17
12300,25,-8.000000000000000e-04,-7.999999999999940e-04,-6.071532165918825e-18
12300,26,5.999999999999999e-04,6.000000000000012e-04,-1.301042606982605e-18
12300,27,5.000000000000000e-04,4.999999999999961e-04,3.903127820947816e-18
12300,28,-4.000000000000000e-04,-4.000000000000075e-04,7.480994990149981e-18
12300,29,3.000000000000000e-04,3.000000000000013e-04,-1.301042606982605e-18
12400,0,1.200000000000000e-01,1.199999999999998e-01,1.526556658859590e-16
12400,1,-8.000000000000000e-02,-8.000000000000014e-02,1.387778780781446e-16
12400,2,5.500000000000000e-02,5.499999999999992e-02,7.632783294297951e-17
12400,3,4.000000000000000e-02,3.999999999999994e-02,6.245004513516506e-17
12400,4,-3.000000000000000e-02,-3.000000000000000e-02,-3.469446951953614e-18
12400,5,2.500000000000000e-02,2.499999999999999e-02,1.040834085586084e-17
12400,6,2.000000000000000e-02,1.999999999999999e-02,1.040834085586084e-17
12400,7,-1.800000000000000e-02,-1.800000000000001e-02,6.938893903907228e-18
12400,8,1.500000000000000e-02,1.500000000000001e-02,-6.938893903907228e-18
12400,9,1.200000000000000e-02,1.200000000000000e-02,3.469446951953614e-18
12400,10,-1.000000000000000e-02,-9.999999999999998e-03,-1.734723475976807e-18
12400,11,8.999999999999999e-03,9.000000000000003e-03,-3.469446951953614e-18
12400,12,8.000000000000000e-03,8.000000000000023e-03,-2.255140518769849e-17
12400,13,-7.000000000000000e-03,-6.999999999999987e-03,-1.301042606982605e-17
12400,14,6.000000000000000e-03,5.999999999999994e-03,6.071532165918825e-18
12400,15,5.000000000000000e-03,5.000000000000001e-03,-8.673617379884035e-19
12400,16,-4.000000000000000e-03,-4.000000000000009e-03,8.673617379884035e-18
12400,17,3.500000000000000e-03,3.499999999999993e-03,7.372574772901430e-18
12400,18,3.000000000000000e-03,2.999999999999994e-03,6.505213034913027e-18
12400,19,-2.500000000000000e-03,-2.500000000000001e-03,8.673617379884035e-19
12400,20,2.000000000000000e-03,2.000000000000003e-03,-2.602085213965211e-18
12400,21,1.800000000000000e-03,1.800000000000005e-03,-4.553649124439119e-18
12400,22,-1.500000000000000e-03,-1.499999999999998e-03,-2.385244779468110e-18
12400,23,1.200000000000000e-03,1.200000000000003e-03,-3.252606517456513e-18
12400,24,1.000000000000000e-03,1.000000000000009e-03,-9.324138683375338e-18
12400,25,-8.000000000000000e-04,-7.999999999999900e-04,-1.008308020411519e-17
12400,26,5.999999999999999e-04,5.999999999999999e-04,0.000000000000000e+00
12400,27,5.000000000000000e-04,4.999999999999930e-04,7.047314121155779e-18
12400,28,-4.000000000000000e-04,-4.000000000000122e-04,1.214306433183765e-17
12400,29,3.000000000000000e-04,2.999999999999947e-04,5.312590645178972e-18
12500,0,1.200000000000000e-01,1.199999999999998e-01,1.526556658859590e-16
12500,1,-8.000000000000000e-02,-8.000000000000014e-02,1.387778780781446e-16
12500,2,5.500000000000000e-02,5.499999999999992e-02,7.632783294297951e-17
12500,3,4.000000000000000e-02,3.999999999999994e-02,6.245004513516506e-17
12500,4,-3.000000000000000e-02,-3.000000000000000e-02,-3.469446951953614e-18
12500,5,2.500000000000000e-02,2.500000000000000e-02,3.469446951953614e-18
12500,6,2.000000000000000e-02,1.999999999999999e-02,1.387778780781446e-17
12500,7,-1.800000000000000e-02,-1.800000000000000e-02,3.469446951953614e-18
12500,8,1.500000000000000e-02,1.500000000000001e-02,-6.938893903907228e-18
12500,9,1.200000000000000e-02,1.200000000000000e-02,1.734723475976807e-18
12500,10,-1.000000000000000e-02,-1.000000000000000e-02,3.469446951953614e-18
12500,11,8.999999999999999e-03,8.999999999999998e-03,1.734723475976807e-18
12500,12,8.000000000000000e-03,8.000000000000018e-03,-1.734723475976807e-17
12500,13,-7.000000000000000e-03,-6.999999999999999e-03,-8.673617379884035e-19
12500,14,6.000000000000000e-03,5.999999999999985e-03,1.474514954580286e-17
12500,15,5.000000000000000e-03,4.999999999999991e-03,8.673617379884035e-18
12500,16,-4.000000000000000e-03,-4.000000000000013e-03,1.301042606982605e-17
12500,17,3.500000000000000e-03,3.499999999999992e-03,8.239936510889834e-18
12500,18,3.000000000000000e-03,2.999999999999991e-03,9.107298248878237e-18
12500,19,-2.500000000000000e-03,-2.500000000000006e-03,5.637851296924623e-18
12500,20,2.000000000000000e-03,2.000000000000002e-03,-2.168404344971009e-18
12500,21,1.800000000000000e-03,1.800000000000004e-03,-3.686287386450715e-18
12500,22,-1.500000000000000e-03,-1.499999999999996e-03,-3.686287386450715e-18
12500,23,1.200000000000000e-03,1.200000000000000e-03,-2.168404344971009e-19
12500,24,1.000000000000000e-03,1.000000000000005e-03,-5.204170427930421e-18
12500,25,-8.000000000000000e-04,-7.999999999999965e-04,-3.577867169202165e-18
12500,26,5.999999999999999e-04,5.999999999999885e-04,1.149254302834635e-17
12500,27,5.000000000000000e-04,4.999999999999813e-04,1.875669758399923e-17
12500,28,-4.000000000000000e-04,-4.000000000000151e-04,1.507041019754851e-17
12500,29,3.000000000000000e-04,2.999999999999916e-04,8.402566836762659e-18
12600,0,1.200000000000000e-01,1.199999999999998e-01,1.526556658859590e-16
12600,1,-8.000000000000000e-02,-8.000000000000014e-02,1.387778780781446e-16
12600,2,5.500000000000000e-02,5.499999999999992e-02,7.632783294297951e-17
12600,3,4.000000000000000e-02,3.999999999999994e-02,6.245004513516506e-17
12600,4,-3.000000000000000e-02,-3.000000000000000e-02,3.469446951953614e-18
12600,5,2.500000000000000e-02,2.499999999999999e-02,1.387778780781446e-17
12600,6,2.000000000000000e-02,1.999999999999998e-02,2.428612866367530e-17
12600,7,-1.800000000000000e-02,-1.800000000000001e-02,1.040834085586084e-17
12600,8,1.500000000000000e-02,1.499999999999999e-02,1.040834085586084e-17
12600,9,1.200000000000000e-02,1.199999999999999e-02,1.387778780781446e-17
12600,10,-1.000000000000000e-02,-1.000000000000001e-02,1.040834085586084e-17
12600,11,8.999999999999999e-03,8.999999999999985e-03,1.387778780781446e-17
12600,12,8.000000000000000e-03,8.000000000000012e-03,-1.214306433183765e-17
12600,13,-7.000000000000000e-03,-7.000000000000004e-03,4.336808689942018e-18
12600,14,6.000000000000000e-03,5.999999999999978e-03,2.255140518769849e-17
12600,15,5.000000000000000e-03,4.999999999999988e-03,1.214306433183765e-17
12600,16,-4.000000000000000e-03,-4.000000000000024e-03,2.341876692568690e-17
12600,17,3.500000000000000e-03,3.499999999999987e-03,1.257674520083185e-17
12600,18,3.000000000000000e-03,2.999999999999991e-03,8.673617379884035e-18
12600,19,-2.500000000000000e-03,-2.500000000000016e-03,1.604619215278547e-17
12600,20,2.000000000000000e-03,1.999999999999996e-03,4.336808689942018e-18
12600,21,1.800000000000000e-03,1.799999999999998e-03,1.734723475976807e-18
12600,22,-1.500000000000000e-03,-1.500000000000004e-03,3.686287386450715e-18
12600,23,1.200000000000000e-03,1.200000000000007e-03,-6.938893903907228e-18
12600,24,1.000000000000000e-03,1.000000000000017e-03,-1.647987302177967e-17
12600,25,-8.000000000000000e-04,-7.999999999999901e-04,-9.974659986866641e-18
12600,26,5.999999999999999e-04,6.000000000000032e-04,-3.252606517456513e-18
12600,27,5.000000000000000e-04,4.999999999999945e-04,5.529431079676073e-18
12600,28,-4.000000000000000e-04,-4.000000000000017e-04,1.680513367352532e-18
12600,29,3.000000000000000e-04,3.000000000000046e-04,-4.662069341687669e-18
12700,0,1.200000000000000e-01,1.199999999999998e-01,1.526556658859590e-16
12700,1,-8.000000000000000e-02,-8.000000000000014e-02,1.387778780781446e-16
12700,2,5.500000000000000e-02,5.499999999999992e-02,7.632783294297951e-17
12700,3,4.000000000000000e-02,3.999999999999995e-02,5.551115123125783e-17
12700,4,-3.000000000000000e-02,-3.000000000000001e-02,1.387778780781446e-17
12700,5,2.500000000000000e-02,2.500000000000000e-02,3.469446951953614e-18
12700,6,2.000000000000000e-02,1.999999999999998e-02,2.081668171172169e-17
12700,7,-1.800000000000000e-02,-1.800000000000002e-02,2.081668171172169e-17
12700,8,1.500000000000000e-02,1.499999999999998e-02,1.908195823574488e-17
12700,9,1.200000000000000e-02,1.199999999999998e-02,1.908195823574488e-17
12700,10,-1.000000000000000e-02,-1.000000000000001e-02,1.040834085586084e-17
12700,11,8.999999999999999e-03,8.999999999999991e-03,8.673617379884035e-18
12700,12,8.000000000000000e-03,8.000000000000007e-03,-6.938893903907228e-18
12700,13,-7.000000000000000e-03,-7.000000000000011e-03,1.127570259384925e-17
12700,14,6.000000000000000e-03,5.999999999999982e-03,1.821459649775647e-17
12700,15,5.000000000000000e-03,4.999999999999999e-03,8.673617379884035e-19
12700,16,-4.000000000000000e-03,-4.000000000000004e-03,4.336808689942018e-18
12700,17,3.500000000000000e-03,3.500000000000002e-03,-2.168404344971009e-18
12700,18,3.000000000000000e-03,3.000000000000007e-03,-6.938893903907228e-18
12700,19,-2.500000000000000e-03,-2.500000000000002e-03,2.168404344971009e-18
12700,20,2.000000000000000e-03,2.000000000000003e-03,-2.602085213965211e-18
12700,21,1.800000000000000e-03,1.800000000000002e-03,-1.951563910473908e-18
12700,22,-1.500000000000000e-03,-1.500000000000006e-03,5.854691731421724e-18
12700,23,1.200000000000000e-03,1.200000000000000e-03,-4.336808689942018e-19
12700,24,1.000000000000000e-03,1.000000000000012e-03,-1.149254302834635e-17
12700,25,-8.000000000000000e-04,-8.000000000000012e-04,1.192622389734055e-18
12700,26,5.999999999999999e-04,5.999999999999979e-04,2.059984127722458e-18
12700,27,5.000000000000000e-04,5.000000000000015e-04,-1.517883041479706e-18
12700,28,-4.000000000000000e-04,-4.000000000000027e-04,2.656295322589486e-18
12700,29,3.000000000000000e-04,3.000000000000081e-04,-8.077306185017008e-18
12800,0,1.200000000000000e-01,1.199999999999998e-01,1.526556658859590e-16
12800,1,-8.000000000000000e-02,-8.000000000000014e-02,1.387778780781446e-16
12800,2,5.500000000000000e-02,5.499999999999992e-02,7.632783294297951e-17
12800,3,4.000000000000000e-02,3.999999999999995e-02,5.551115123125783e-17
12800,4,-3.000000000000000e-02,-3.000000000000001e-02,6.938893903907228e-18
12800,5,2.500000000000000e-02,2.500000000000000e-02,-3.469446951953614e-18
12800,6,2.000000000000000e-02,1.999999999999999e-02,1.040834085586084e-17
12800,7,-1.800000000000000e-02,-1.800000000000001e-02,6.938893903907228e-18
12800,8,1.500000000000000e-02,1.499999999999998e-02,1.561251128379126e-17
12800,9,1.200000000000000e-02,1.199999999999999e-02,1.040834085586084e-17
12800,10,-1.000000000000000e-02,-1.000000000000001e-02,8.673617379884035e-18
12800,11,8.999999999999999e-03,8.999999999999982e-03,1.734723475976807e-17
12800,12,8.000000000000000e-03,8.000000000000002e-03,-1.734723475976807e-18
12800,13,-7.000000000000000e-03,-7.000000000000011e-03,1.040834085586084e-17
12800,14,6.000000000000000e-03,5.999999999999992e-03,7.806255641895632e-18
12800,15,5.000000000000000e-03,4.999999999999999e-03,8.673617379884035e-19
12800,16,-4.000000000000000e-03,-4.000000000000006e-03,6.071532165918825e-18
12800,17,3.500000000000000e-03,3.500000000000001e-03,-4.336808689942018e-19
12800,18,3.000000000000000e-03,3.000000000000013e-03,-1.257674520083185e-17
12800,19,-2.500000000000000e-03,-2.499999999999994e-03,-5.637851296924623e-18
12800,20,2.000000000000000e-03,2.000000000000001e-03,-1.301042606982605e-18
12800,21,1.800000000000000e-03,1.800000000000003e-03,-3.252606517456513e-18
12800,22,-1.500000000000000e-03,-1.499999999999998e-03,-2.168404344971009e-18
12800,23,1.200000000000000e-03,1.200000000000009e-03,-9.107298248878237e-18
12800,24,1.000000000000000e-03,1.000000000000023e-03,-2.341876692568690e-17
12800,25,-8.000000000000000e-04,-7.999999999999861e-04,-1.398620802506301e-17
12800,26,5.999999999999999e-04,6.000000000000122e-04,-1.225148454908620e-17
12800,27,5.000000000000000e-04,5.000000000000081e-04,-8.131516293641283e-18
12800,28,-4.000000000000000e-04,-3.999999999999935e-04,-6.559423143537302e-18
12800,29,3.000000000000000e-04,3.000000000000135e-04,-1.355252715606881e-17
12900,0,1.200000000000000e-01,1.199999999999998e-01,1.526556658859590e-16
12900,1,-8.000000000000000e-02,-8.000000000000014e-02,1.387778780781446e-16
12900,2,5.500000000000000e-02,5.499999999999992e-02,7.632783294297951e-17
12900,3,4.000000000000000e-02,3.999999999999995e-02,5.551115123125783e-17
12900,4,-3.000000000000000e-02,-3.000000000000001e-02,1.040834085586084e-17
12900,5,2.500000000000000e-02,2.499999999999999e-02,1.387778780781446e-17
12900,6,2.000000000000000e-02,1.999999999999999e-02,6.938893903907228e-18
12900,7,-1.800000000000000e-02,-1.800000000000001e-02,6.938893903907228e-18
12900,8,1.500000000000000e-02,1.499999999999998e-02,1.734723475976807e-17
12900,9,1.200000000000000e-02,1.200000000000000e-02,0.000000000000000e+00
12900,10,-1.000000000000000e-02,-1.000000000000002e-02,2.081668171172169e-17
12900,11,8.999999999999999e-03,8.999999999999985e-03,1.387778780781446e-17
12900,12,8.000000000000000e-03,7.999999999999998e-03,1.734723475976807e-18
12900,13,-7.000000000000000e-03,-7.000000000000007e-03,6.938893903907228e-18
12900,14,6.000000000000000e-03,5.999999999999996e-03,4.336808689942018e-18
12900,15,5.000000000000000e-03,5.000000000000004e-03,-3.469446951953614e-18
12900,16,-4.000000000000000e-03,-4.000000000000001e-03,8.673617379884035e-19
12900,17,3.500000000000000e-03,3.500000000000004e-03,-3.903127820947816e-18
12900,18,3.000000000000000e-03,3.000000000000010e-03,-9.540979117872439e-18
12900,19,-2.500000000000000e-03,-2.499999999999991e-03,-9.540979117872439e-18
12900,20,2.000000000000000e-03,2.000000000000016e-03,-1.561251128379126e-17
12900,21,1.800000000000000e-03,1.800000000000009e-03,-9.540979117872439e-18
12900,22,-1.500000000000000e-03,-1.499999999999997e-03,-3.035766082959412e-18
12900,23,1.200000000000000e-03,1.200000000000008e-03,-8.239936510889834e-18
12900,24,1.000000000000000e-03,1.000000000000015e-03,-1.474514954580286e-17
12900,25,-8.000000000000000e-04,-7.999999999999887e-04,-1.138412281109780e-17
12900,26,5.999999999999999e-04,6.000000000000086e-04,-8.673617379884035e-18
12900,27,5.000000000000000e-04,5.000000000000087e-04,-8.673617379884035e-18
12900,28,-4.000000000000000e-04,-3.999999999999979e-04,-2.168404344971009e-18
12900,29,3.000000000000000e-04,3.000000000000124e-04,-1.241411487495903e-17
13000,0,1.200000000000000e-01,1.199999999999998e-01,1.526556658859590e-16
13000,1,-8.000000000000000e-02,-8.000000000000014e-02,1.387778780781446e-16
13000,2,5.500000000000000e-02,5.499999999999992e-02,7.632783294297951e-17
13000,3,4.000000000000000e-02,3.999999999999995e-02,5.551115123125783e-17
13000,4,-3.000000000000000e-02,-3.000000000000000e-02,0.000000000000000e+00
13000,5,2.500000000000000e-02,2.499999999999999e-02,1.387778780781446e-17
13000,6,2.000000000000000e-02,2.000000000000000e-02,0.000000000000000e+00
13000,7,-1.800000000000000e-02,-1.800000000000000e-02,0.000000000000000e+00
13000,8,1.500000000000000e-02,1.500000000000000e-02,3.469446951953614e-18
13000,9,1.200000000000000e-02,1.200000000000000e-02,-1.734723475976807e-18
13000,10,-1.000000000000000e-02,-1.000000000000001e-02,1.387778780781446e-17
13000,11,8.999999999999999e-03,9.000000000000001e-03,-1.734723475976807e-18
13000,12,8.000000000000000e-03,8.000000000000021e-03,-2.081668171172169e-17
13000,13,-7.000000000000000e-03,-6.999999999999998e-03,-1.734723475976807e-18
13000,14,6.000000000000000e-03,6.000000000000008e-03,-7.806255641895632e-18
13000,15,5.000000000000000e-03,5.000000000000004e-03,-4.336808689942018e-18
13000,16,-4.000000000000000e-03,-4.000000000000000e-03,0.000000000000000e+00
13000,17,3.500000000000000e-03,3.500000000000005e-03,-5.204170427930421e-18
13000,18,3.000000000000000e-03,3.000000000000009e-03,-8.673617379884035e-18
13000,19,-2.500000000000000e-03,-2.499999999999991e-03,-8.673617379884035e-18
13000,20,2.000000000000000e-03,2.000000000000009e-03,-8.673617379884035e-18
13000,21,1.800000000000000e-03,1.800000000000000e-03,-4.336808689942018e-19
13000,22,-1.500000000000000e-03,-1.500000000000007e-03,6.938893903907228e-18
13000,23,1.200000000000000e-03,1.200000000000002e-03,-2.602085213965211e-18
13000,24,1.000000000000000e-03,1.000000000000015e-03,-1.539567084929416e-17
13000,25,-8.000000000000000e-04,-7.999999999999789e-04,-2.114194236346734e-17
13000,26,5.999999999999999e-04,6.000000000000159e-04,-1.593777193553692e-17
13000,27,5.000000000000000e-04,4.999999999999987e-04,1.301042606982605e-18
13000,28,-4.000000000000000e-04,-3.999999999999982e-04,-1.843143693225358e-18
13000,29,3.000000000000000e-04,3.000000000000072e-04,-7.264154555652880e-18
13100,0,1.200000000000000e-01,1.199999999999998e-01,1.526556658859590e-16
13100,1,-8.000000000000000e-02,-8.000000000000014e-02,1.387778780781446e-16
13100,2,5.500000000000000e-02,5.499999999999992e-02,7.632783294297951e-17
13100,3,4.000000000000000e-02,3.999999999999995e-02,5.551115123125783e-17
13100,4,-3.000000000000000e-02,-3.000000000000000e-02,0.000000000000000e+00
13100,5,2.500000000000000e-02,2.499999999999998e-02,1.734723475976807e-17
13100,6,2.000000000000000e-02,1.999999999999999e-02,6.938893903907228e-18
13100,7,-1.800000000000000e-02,-1.800000000000001e-02,6.938893903907228e-18
13100,8,1.500000000000000e-02,1.499999999999999e-02,8.673617379884035e-18
13100,9,1.200000000000000e-02,1.200000000000001e-02,-5.204170427930421e-18
13100,10,-1.000000000000000e-02,-9.999999999999998e-03,-1.734723475976807e-18
13100,11,8.999999999999999e-03,9.000000000000020e-03,-2.081668171172169e-17
13100,12,8.000000000000000e-03,8.000000000000021e-03,-2.081668171172169e-17
13100,13,-7.000000000000000e-03,-6.999999999999998e-03,-1.734723475976807e-18
13100,14,6.000000000000000e-03,6.000000000000006e-03,-6.071532165918825e-18
13100,15,5.000000000000000e-03,5.000000000000006e-03,-6.071532165918825e-18
13100,16,-4.000000000000000e-03,-4.000000000000005e-03,5.204170427930421e-18
13100,17,3.500000000000000e-03,3.499999999999995e-03,5.204170427930421e-18
13100,18,3.000000000000000e-03,3.000000000000005e-03,-4.770489558936220e-18
13100,19,-2.500000000000000e-03,-2.499999999999997e-03,-2.602085213965211e-18
13100,20,2.000000000000000e-03,2.000000000000013e-03,-1.301042606982605e-17
13100,21,1.800000000000000e-03,1.800000000000005e-03,-4.987329993433320e-18
13100,22,-1.500000000000000e-03,-1.500000000000009e-03,8.673617379884035e-18
13100,23,1.200000000000000e-03,1.200000000000004e-03,-4.336808689942018e-18
13100,24,1.000000000000000e-03,1.000000000000017e-03,-1.669671345627677e-17
13100,25,-8.000000000000000e-04,-7.999999999999769e-04,-2.309350627394124e-17
13100,26,5.999999999999999e-04,6.000000000000169e-04,-1.691355389077387e-17
13100,27,5.000000000000000e-04,4.999999999999961e-04,3.903127820947816e-18
13100,28,-4.000000000000000e-04,-4.000000000000059e-04,5.854691731421724e-18
13100,29,3.000000000000000e-04,2.999999999999991e-04,8.673617379884035e-19
13200,0,1.200000000000000e-01,1.199999999999998e-01,1.526556658859590e-16
13200,1,-8.000000000000000e-02,-8.000000000000014e-02,1.387778780781446e-16
13200,2,5.500000000000000e-02,5.499999999999992e-02,7.632783294297951e-17
13200,3,4.000000000000000e-02,3.999999999999995e-02,5.551115123125783e-17
13200,4,-3.000000000000000e-02,-3.000000000000001e-02,1.387778780781446e-17
13200,5,2.500000000000000e-02,2.499999999999998e-02,1.734723475976807e-17
13200,6,2.000000000000000e-02,2.000000000000000e-02,3.469446951953614e-18
13200,7,-1.800000000000000e-02,-1.800000000000001e-02,1.040834085586084e-17
13200,8,1.500000000000000e-02,1.499999999999999e-02,1.387778780781446e-17
13200,9,1.200000000000000e-02,1.200000000000001e-02,-1.040834085586084e-17
13200,10,-1.000000000000000e-02,-9.999999999999985e-03,-1.561251128379126e-17
13200,11,8.999999999999999e-03,9.000000000000022e-03,-2.255140518769849e-17
13200,12,8.000000000000000e-03,8.000000000000021e-03,-2.081668171172169e-17
13200,13,-7.000000000000000e-03,-7.000000000000001e-03,8.673617379884035e-19
13200,14,6.000000000000000e-03,5.999999999999998e-03,2.602085213965211e-18
13200,15,5.000000000000000e-03,4.999999999999998e-03,1.734723475976807e-18
13200,16,-4.000000000000000e-03,-4.000000000000008e-03,7.806255641895632e-18
13200,17,3.500000000000000e-03,3.499999999999999e-03,1.301042606982605e-18
13200,18,3.000000000000000e-03,3.000000000000003e-03,-3.035766082959412e-18
13200,19,-2.500000000000000e-03,-2.499999999999991e-03,-8.673617379884035e-18
13200,20,2.000000000000000e-03,2.000000000000023e-03,-2.298508605669269e-17
13200,21,1.800000000000000e-03,1.800000000000008e-03,-8.023096076392733e-18
13200,22,-1.500000000000000e-03,-1.500000000000009e-03,9.324138683375338e-18
13200,23,1.200000000000000e-03,1.200000000000001e-03,-1.517883041479706e-18
13200,24,1.000000000000000e-03,1.000000000000013e-03,-1.301042606982605e-17
13200,25,-8.000000000000000e-04,-7.999999999999872e-04,-1.279358563532895e-17
13200,26,5.999999999999999e-04,6.000000000000174e-04,-1.745565497701662e-17
13200,27,5.000000000000000e-04,5.000000000000078e-04,-7.806255641895632e-18
13200,28,-4.000000000000000e-04,-3.999999999999885e-04,-1.154675313697062e-17
13200,29,3.000000000000000e-04,3.000000000000117e-04,-1.176359357146772e-17
13300,0,1.200000000000000e-01,1.199999999999998e-01,1.526556658859590e-16
13300,1,-8.000000000000000e-02,-8.000000000000014e-02,1.387778780781446e-16
13300,2,5.500000000000000e-02,5.499999999999992e-02,7.632783294297951e-17
13300,3,4.000000000000000e-02,3.999999999999995e-02,5.551115123125783e-17
13300,4,-3.000000000000000e-02,-3.000000000000001e-02,1.040834085586084e-17
13300,5,2.500000000000000e-02,2.499999999999999e-02,1.387778780781446e-17
13300,6,2.000000000000000e-02,1.999999999999999e-02,6.938893903907228e-18
13300,7,-1.800000000000000e-02,-1.800000000000001e-02,1.040834085586084e-17
13300,8,1.500000000000000e-02,1.499999999999998e-02,1.561251128379126e-17
13300,9,1.200000000000000e-02,1.200000000000000e-02,3.469446951953614e-18
13300,10,-1.000000000000000e-02,-9.999999999999998e-03,-1.734723475976807e-18
13300,11,8.999999999999999e-03,9.000000000000011e-03,-1.214306433183765e-17
13300,12,8.000000000000000e-03,8.000000000000005e-03,-5.204170427930421e-18
13300,13,-7.000000000000000e-03,-6.999999999999999e-03,-8.673617379884035e-19
13300,14,6.000000000000000e-03,5.999999999999997e-03,3.469446951953614e-18
13300,15,5.000000000000000e-03,4.999999999999999e-03,8.673617379884035e-19
13300,16,-4.000000000000000e-03,-3.999999999999996e-03,-4.336808689942018e-18
13300,17,3.500000000000000e-03,3.500000000000002e-03,-1.734723475976807e-18
13300,18,3.000000000000000e-03,3.000000000000002e-03,-1.734723475976807e-18
13300,19,-2.500000000000000e-03,-2.499999999999983e-03,-1.691355389077387e-17
13300,20,2.000000000000000e-03,2.000000000000022e-03,-2.211772431870429e-17
13300,21,1.800000000000000e-03,1.800000000000010e-03,-1.019150042136374e-17
13300,22,-1.500000000000000e-03,-1.500000000000000e-03,0.000000000000000e+00
13300,23,1.200000000000000e-03,1.199999999999999e-03,1.084202172485504e-18
13300,24,1.000000000000000e-03,1.000000000000011e-03,-1.084202172485504e-17
13300,25,-8.000000000000000e-04,-7.999999999999945e-04,-5.529431079676073e-18
13300,26,5.999999999999999e-04,6.000000000000053e-04,-5.312590645178972e-18
13300,27,5.000000000000000e-04,4.999999999999951e-04,4.878909776184770e-18
13300,28,-4.000000000000000e-04,-3.999999999999971e-04,-2.927345865710862e-18
13300,29,3.000000000000000e-04,3.000000000000114e-04,-1.143833291972207e-17
13400,0,1.200000000000000e-01,1.199999999999998e-01,1.526556658859590e-16
13400,1,-8.000000000000000e-02,-8.000000000000014e-02,1.387778780781446e-16
13400,2,5.500000000000000e-02,5.499999999999992e-02,7.632783294297951e-17
13400,3,4.000000000000000e-02,3.999999999999995e-02,5.551115123125783e-17
13400,4,-3.000000000000000e-02,-3.000000000000002e-02,1.734723475976807e-17
13400,5,2.500000000000000e-02,2.499999999999999e-02,1.387778780781446e-17
13400,6,2.000000000000000e-02,1.999999999999999e-02,1.040834085586084e-17
13400,7,-1.800000000000000e-02,-1.800000000000000e-02,0.000000000000000e+00
13400,8,1.500000000000000e-02,1.499999999999999e-02,1.214306433183765e-17
13400,9,1.200000000000000e-02,1.200000000000000e-02,3.469446951953614e-18
13400,10,-1.000000000000000e-02,-1.000000000000000e-02,3.469446951953614e-18
13400,11,8.999999999999999e-03,8.999999999999992e-03,6.938893903907228e-18
13400,12,8.000000000000000e-03,7.999999999999998e-03,1.734723475976807e-18
13400,13,-7.000000000000000e-03,-6.999999999999999e-03,-8.673617379884035e-19
13400,14,6.000000000000000e-03,5.999999999999997e-03,3.469446951953614e-18
13400,15,5.000000000000000e-03,5.000000000000001e-03,-8.673617379884035e-19
13400,16,-4.000000000000000e-03,-4.000000000000003e-03,2.602085213965211e-18
13400,17,3.500000000000000e-03,3.499999999999997e-03,3.035766082959412e-18
13400,18,3.000000000000000e-03,3.000000000000008e-03,-7.806255641895632e-18
13400,19,-2.500000000000000e-03,-2.499999999999976e-03,-2.428612866367530e-17
13400,20,2.000000000000000e-03,2.000000000000031e-03,-3.079134169858833e-17
13400,21,1.800000000000000e-03,1.800000000000005e-03,-5.204170427930421e-18
13400,22,-1.500000000000000e-03,-1.500000000000013e-03,1.257674520083185e-17
13400,23,1.200000000000000e-03,1.199999999999991e-03,9.107298248878237e-18
13400,24,1.000000000000000e-03,1.000000000000004e-03,-3.903127820947816e-18
13400,25,-8.000000000000000e-04,-7.999999999999997e-04,-3.252606517456513e-19
13400,26,5.999999999999999e-04,6.000000000000100e-04,-1.008308020411519e-17
13400,27,5.000000000000000e-04,5.000000000000022e-04,-2.168404344971009e-18
13400,28,-4.000000000000000e-04,-3.999999999999939e-04,-6.125742274543100e-18
13400,29,3.000000000000000e-04,3.000000000000099e-04,-9.920449878242366e-18
13500,0,1.200000000000000e-01,1.199999999999998e-01,1.526556658859590e-16
13500,1,-8.000000000000000e-02,-8.000000000000014e-02,1.387778780781446e-16
13500,2,5.500000000000000e-02,5.499999999999992e-02,7.632783294297951e-17
13500,3,4.000000000000000e-02,3.999999999999995e-02,5.551115123125783e-17
13500,4,-3.000000000000000e-02,-3.000000000000001e-02,1.387778780781446e-17
13500,5,2.500000000000000e-02,2.499999999999999e-02,1.040834085586084e-17
13500,6,2.000000000000000e-02,1.999999999999998e-02,1.734723475976807e-17
13500,7,-1.800000000000000e-02,-1.800000000000002e-02,1.734723475976807e-17
13500,8,1.500000000000000e-02,1.499999999999998e-02,1.734723475976807e-17
13500,9,1.200000000000000e-02,1.199999999999999e-02,1.387778780781446e-17
13500,10,-1.000000000000000e-02,-1.000000000000002e-02,1.908195823574488e-17
13500,11,8.999999999999999e-03,8.999999999999999e-03,0.000000000000000e+00
13500,12,8.000000000000000e-03,7.999999999999997e-03,3.469446951953614e-18
13500,13,-7.000000000000000e-03,-6.999999999999991e-03,-8.673617379884035e-18
13500,14,6.000000000000000e-03,6.000000000000008e-03,-7.806255641895632e-18
13500,15,5.000000000000000e-03,5.000000000000012e-03,-1.214306433183765e-17
13500,16,-4.000000000000000e-03,-3.999999999999996e-03,-4.336808689942018e-18
13500,17,3.500000000000000e-03,3.500000000000001e-03,-1.301042606982605e-18
13500,18,3.000000000000000e-03,3.000000000000006e-03,-6.071532165918825e-18
13500,19,-2.500000000000000e-03,-2.499999999999984e-03,-1.561251128379126e-17
13500,20,2.000000000000000e-03,2.000000000000033e-03,-3.252606517456513e-17
13500,21,1.800000000000000e-03,1.800000000000002e-03,-2.385244779468110e-18
13500,22,-1.500000000000000e-03,-1.500000000000015e-03,1.517883041479706e-17
13500,23,1.200000000000000e-03,1.199999999999991e-03,9.107298248878237e-18
13500,24,1.000000000000000e-03,9.999999999999970e-04,3.035766082959412e-18
13500,25,-8.000000000000000e-04,-8.000000000000020e-04,1.951563910473908e-18
13500,26,5.999999999999999e-04,6.000000000000055e-04,-5.529431079676073e-18
13500,27,5.000000000000000e-04,4.999999999999931e-04,6.938893903907228e-18
13500,28,-4.000000000000000e-04,-3.999999999999948e-04,-5.204170427930421e-18
13500,29,3.000000000000000e-04,3.000000000000019e-04,-1.897353801849633e-18
13600,0,1.200000000000000e-01,1.199999999999998e-01,1.526556658859590e-16
13600,1,-8.000000000000000e-02,-8.000000000000014e-02,1.387778780781446e-16
13600,2,5.500000000000000e-02,5.499999999999992e-02,7.632783294297951e-17
13600,3,4.000000000000000e-02,3.999999999999995e-02,5.551115123125783e-17
13600,4,-3.000000000000000e-02,-3.000000000000001e-02,6.938893903907228e-18
13600,5,2.500000000000000e-02,2.500000000000000e-02,-3.469446951953614e-18
13600,6,2.000000000000000e-02,1.999999999999999e-02,1.040834085586084e-17
13600,7,-1.800000000000000e-02,-1.800000000000002e-02,1.734723475976807e-17
13600,8,1.500000000000000e-02,1.499999999999998e-02,1.561251128379126e-17
13600,9,1.200000000000000e-02,1.199999999999998e-02,2.255140518769849e-17
13600,10,-1.000000000000000e-02,-1.000000000000003e-02,2.602085213965211e-17
13600,11,8.999999999999999e-03,8.999999999999992e-03,6.938893903907228e-18
13600,12,8.000000000000000e-03,7.999999999999990e-03,1.040834085586084e-17
13600,13,-7.000000000000000e-03,-6.999999999999998e-03,-1.734723475976807e-18
13600,14,6.000000000000000e-03,5.999999999999999e-03,8.673617379884035e-19
13600,15,5.000000000000000e-03,5.000000000000004e-03,-4.336808689942018e-18
13600,16,-4.000000000000000e-03,-4.000000000000007e-03,6.938893903907228e-18
13600,17,3.500000000000000e-03,3.500000000000001e-03,-1.301042606982605e-18
13600,18,3.000000000000000e-03,3.000000000000010e-03,-1.040834085586084e-17
13600,19,-2.500000000000000e-03,-2.499999999999989e-03,-1.127570259384925e-17
13600,20,2.000000000000000e-03,2.000000000000022e-03,-2.211772431870429e-17
13600,21,1.800000000000000e-03,1.799999999999994e-03,5.637851296924623e-18
13600,22,-1.500000000000000e-03,-1.500000000000014e-03,1.431146867680866e-17
13600,23,1.200000000000000e-03,1.199999999999989e-03,1.084202172485504e-17
13600,24,1.000000000000000e-03,9.999999999999931e-04,6.938893903907228e-18
13600,25,-8.000000000000000e-04,-8.000000000000037e-04,3.686287386450715e-18
13600,26,5.999999999999999e-04,6.000000000000035e-04,-3.577867169202165e-18
13600,27,5.000000000000000e-04,4.999999999999853e-04,1.474514954580286e-17
13600,28,-4.000000000000000e-04,-4.000000000000068e-04,6.830473686658678e-18
13600,29,3.000000000000000e-04,2.999999999999962e-04,3.794707603699266e-18
13700,0,1.200000000000000e-01,1.199999999999998e-01,1.526556658859590e-16
13700,1,-8.000000000000000e-02,-8.000000000000014e-02,1.387778780781446e-16
13700,2,5.500000000000000e-02,5.499999999999992e-02,7.632783294297951e-17
13700,3,4.000000000000000e-02,3.999999999999995e-02,5.551115123125783e-17
13700,4,-3.000000000000000e-02,-3.000000000000000e-02,0.000000000000000e+00
13700,5,2.500000000000000e-02,2.500000000000000e-02,-3.469446951953614e-18
13700,6,2.000000000000000e-02,1.999999999999998e-02,1.734723475976807e-17
13700,7,-1.800000000000000e-02,-1.800000000000001e-02,6.938893903907228e-18
13700,8,1.500000000000000e-02,1.499999999999999e-02,5.204170427930421e-18
13700,9,1.200000000000000e-02,1.199999999999999e-02,1.040834085586084e-17
13700,10,-1.000000000000000e-02,-1.000000000000002e-02,1.734723475976807e-17
13700,11,8.999999999999999e-03,8.999999999999987e-03,1.214306433183765e-17
13700,12,8.000000000000000e-03,7.999999999999988e-03,1.214306433183765e-17
13700,13,-7.000000000000000e-03,-6.999999999999999e-03,-8.673617379884035e-19
13700,14,6.000000000000000e-03,5.999999999999999e-03,8.673617379884035e-19
13700,15,5.000000000000000e-03,5.000000000000008e-03,-7.806255641895632e-18
13700,16,-4.000000000000000e-03,-4.000000000000004e-03,4.336808689942018e-18
13700,17,3.500000000000000e-03,3.500000000000006e-03,-6.071532165918825e-18
13700,18,3.000000000000000e-03,3.000000000000016e-03,-1.604619215278547e-17
13700,19,-2.500000000000000e-03,-2.499999999999995e-03,-5.204170427930421e-18
13700,20,2.000000000000000e-03,2.000000000000013e-03,-1.344410693882025e-17
13700,21,1.800000000000000e-03,1.799999999999986e-03,1.431146867680866e-17
13700,22,-1.500000000000000e-03,-1.500000000000021e-03,2.125036258071589e-17
13700,23,1.200000000000000e-03,1.199999999999987e-03,1.257674520083185e-17
13700,24,1.000000000000000e-03,9.999999999999916e-04,8.456776945386935e-18
13700,25,-8.000000000000000e-04,-8.000000000000093e-04,9.215718466126788e-18
13700,26,5.999999999999999e-04,5.999999999999973e-04,2.602085213965211e-18
13700,27,5.000000000000000e-04,4.999999999999827e-04,1.734723475976807e-17
13700,28,-4.000000000000000e-04,-4.000000000000124e-04,1.241411487495903e-17
13700,29,3.000000000000000e-04,2.999999999999875e-04,1.246832498358330e-17
13800,0,1.200000000000000e-01,1.199999999999998e-01,1.526556658859590e-16
13800,1,-8.000000000000000e-02,-8.000000000000014e-02,1.387778780781446e-16
13800,2,5.500000000000000e-02,5.499999999999992e-02,7.632783294297951e-17
13800,3,4.000000000000000e-02,3.999999999999995e-02,5.551115123125783e-17
13800,4,-3.000000000000000e-02,-3.000000000000000e-02,0.000000000000000e+00
13800,5,2.500000000000000e-02,2.500000000000002e-02,-1.734723475976807e-17
13800,6,2.000000000000000e-02,1.999999999999999e-02,6.938893903907228e-18
13800,7,-1.800000000000000e-02,-1.800000000000001e-02,6.938893903907228e-18
13800,8,1.500000000000000e-02,1.499999999999999e-02,5.204170427930421e-18
13800,9,1.200000000000000e-02,1.200000000000000e-02,3.469446951953614e-18
13800,10,-1.000000000000000e-02,-1.000000000000002e-02,1.561251128379126e-17
13800,11,8.999999999999999e-03,8.999999999999998e-03,1.734723475976807e-18
13800,12,8.000000000000000e-03,7.999999999999997e-03,3.469446951953614e-18
13800,13,-7.000000000000000e-03,-6.999999999999995e-03,-5.204170427930421e-18
13800,14,6.000000000000000e-03,6.000000000000004e-03,-3.469446951953614e-18
13800,15,5.000000000000000e-03,5.000000000000014e-03,-1.387778780781446e-17
13800,16,-4.000000000000000e-03,-4.000000000000002e-03,1.734723475976807e-18
13800,17,3.500000000000000e-03,3.500000000000001e-03,-1.301042606982605e-18
13800,18,3.000000000000000e-03,3.000000000000013e-03,-1.257674520083185e-17
13800,19,-2.500000000000000e-03,-2.499999999999993e-03,-6.938893903907228e-18
13800,20,2.000000000000000e-03,2.000000000000017e-03,-1.734723475976807e-17
13800,21,1.800000000000000e-03,1.799999999999993e-03,6.938893903907228e-18
13800,22,-1.500000000000000e-03,-1.500000000000019e-03,1.886511780124778e-17
13800,23,1.200000000000000e-03,1.199999999999992e-03,8.239936510889834e-18
13800,24,1.000000000000000e-03,1.000000000000003e-03,-3.252606517456513e-18
13800,25,-8.000000000000000e-04,-8.000000000000080e-04,7.914675859144182e-18
13800,26,5.999999999999999e-04,6.000000000000012e-04,-1.301042606982605e-18
13800,27,5.000000000000000e-04,4.999999999999874e-04,1.257674520083185e-17
13800,28,-4.000000000000000e-04,-4.000000000000140e-04,1.398620802506301e-17
13800,29,3.000000000000000e-04,2.999999999999879e-04,1.203464411458910e-17
13900,0,1.200000000000000e-01,1.199999999999998e-01,1.526556658859590e-16
13900,1,-8.000000000000000e-02,-8.000000000000014e-02,1.387778780781446e-16
13900,2,5.500000000000000e-02,5.499999999999992e-02,7.632783294297951e-17
13900,3,4.000000000000000e-02,3.999999999999995e-02,5.551115123125783e-17
13900,4,-3.000000000000000e-02,-3.000000000000000e-02,3.469446951953614e-18
13900,5,2.500000000000000e-02,2.500000000000002e-02,-2.081668171172169e-17
13900,6,2.000000000000000e-02,2.000000000000000e-02,0.000000000000000e+00
13900,7,-1.800000000000000e-02,-1.800000000000000e-02,3.469446951953614e-18
13900,8,1.500000000000000e-02,1.499999999999999e-02,8.673617379884035e-18
13900,9,1.200000000000000e-02,1.199999999999998e-02,1.561251128379126e-17
13900,10,-1.000000000000000e-02,-1.000000000000003e-02,2.602085213965211e-17
13900,11,8.999999999999999e-03,8.999999999999989e-03,1.040834085586084e-17
13900,12,8.000000000000000e-03,7.999999999999983e-03,1.734723475976807e-17
13900,13,-7.000000000000000e-03,-7.000000000000015e-03,1.474514954580286e-17
13900,14,6.000000000000000e-03,5.999999999999993e-03,6.938893903907228e-18
13900,15,5.000000000000000e-03,5.000000000000008e-03,-7.806255641895632e-18
13900,16,-4.000000000000000e-03,-4.000000000000004e-03,4.336808689942018e-18
13900,17,3.500000000000000e-03,3.499999999999995e-03,4.770489558936220e-18
13900,18,3.000000000000000e-03,3.000000000000004e-03,-3.469446951953614e-18
13900,19,-2.500000000000000e-03,-2.500000000000000e-03,4.336808689942018e-19
13900,20,2.000000000000000e-03,2.000000000000010e-03,-1.040834085586084e-17
13900,21,1.800000000000000e-03,1.799999999999997e-03,2.602085213965211e-18
13900,22,-1.500000000000000e-03,-1.500000000000006e-03,6.071532165918825e-18
13900,23,1.200000000000000e-03,1.200000000000000e-03,2.168404344971009e-19
13900,24,1.000000000000000e-03,1.000000000000003e-03,-2.602085213965211e-18
13900,25,-8.000000000000000e-04,-8.000000000000017e-04,1.626303258728257e-18
13900,26,5.999999999999999e-04,5.999999999999959e-04,4.011548038196366e-18
13900,27,5.000000000000000e-04,4.999999999999871e-04,1.290200585257750e-17
13900,28,-4.000000000000000e-04,-4.000000000000094e-04,9.378348791999613e-18
13900,29,3.000000000000000e-04,2.999999999999966e-04,3.415236843329339e-18
14000,0,1.200000000000000e-01,1.199999999999998e-01,1.526556658859590e-16
14000,1,-8.000000000000000e-02,-8.000000000000014e-02,1.387778780781446e-16
14000,2,5.500000000000000e-02,5.499999999999992e-02,7.632783294297951e-17
14000,3,4.000000000000000e-02,3.999999999999995e-02,5.551115123125783e-17
14000,4,-3.000000000000000e-02,-3.000000000000000e-02,3.469446951953614e-18
14000,5,2.500000000000000e-02,2.500000000000002e-02,-1.734723475976807e-17
14000,6,2.000000000000000e-02,2.000000000000001e-02,-1.387778780781446e-17
14000,7,-1.800000000000000e-02,-1.800000000000000e-02,0.000000000000000e+00
14000,8,1.500000000000000e-02,1.499999999999999e-02,1.040834085586084e-17
14000,9,1.200000000000000e-02,1.199999999999998e-02,2.255140518769849e-17
14000,10,-1.000000000000000e-02,-1.000000000000002e-02,2.428612866367530e-17
14000,11,8.999999999999999e-03,8.999999999999985e-03,1.387778780781446e-17
14000,12,8.000000000000000e-03,7.999999999999985e-03,1.561251128379126e-17
14000,13,-7.000000000000000e-03,-7.000000000000011e-03,1.127570259384925e-17
14000,14,6.000000000000000e-03,5.999999999999997e-03,3.469446951953614e-18
14000,15,5.000000000000000e-03,4.999999999999998e-03,1.734723475976807e-18
14000,16,-4.000000000000000e-03,-4.000000000000008e-03,7.806255641895632e-18
14000,17,3.500000000000000e-03,3.499999999999998e-03,2.168404344971009e-18
14000,18,3.000000000000000e-03,3.000000000000014e-03,-1.387778780781446e-17
14000,19,-2.500000000000000e-03,-2.499999999999994e-03,-5.637851296924623e-18
14000,20,2.000000000000000e-03,2.000000000000006e-03,-6.071532165918825e-18
14000,21,1.800000000000000e-03,1.799999999999991e-03,9.324138683375338e-18
14000,22,-1.500000000000000e-03,-1.500000000000017e-03,1.713039432527097e-17
14000,23,1.200000000000000e-03,1.199999999999991e-03,8.456776945386935e-18
14000,24,1.000000000000000e-03,1.000000000000001e-03,-8.673617379884035e-19
14000,25,-8.000000000000000e-04,-7.999999999999959e-04,-4.119968255444917e-18
14000,26,5.999999999999999e-04,5.999999999999950e-04,4.987329993433320e-18
14000,27,5.000000000000000e-04,4.999999999999878e-04,1.225148454908620e-17
14000,28,-4.000000000000000e-04,-4.000000000000142e-04,1.420304845956011e-17
14000,29,3.000000000000000e-04,2.999999999999940e-04,6.017322057294550e-18
14100,0,1.200000000000000e-01,1.199999999999998e-01,1.526556658859590e-16
14100,1,-8.000000000000000e-02,-8.000000000000014e-02,1.387778780781446e-16
14100,2,5.500000000000000e-02,5.499999999999992e-02,7.632783294297951e-17
14100,3,4.000000000000000e-02,3.999999999999995e-02,5.551115123125783e-17
14100,4,-3.000000000000000e-02,-3.000000000000000e-02,0.000000000000000e+00
14100,5,2.500000000000000e-02,2.500000000000002e-02,-1.734723475976807e-17
14100,6,2.000000000000000e-02,2.000000000000002e-02,-2.428612866367530e-17
14100,7,-1.800000000000000e-02,-1.799999999999999e-02,-6.938893903907228e-18
14100,8,1.500000000000000e-02,1.500000000000000e-02,3.469446951953614e-18
14100,9,1.200000000000000e-02,1.199999999999999e-02,1.387778780781446e-17
14100,10,-1.000000000000000e-02,-1.000000000000001e-02,1.040834085586084e-17
14100,11,8.999999999999999e-03,9.000000000000001e-03,-1.734723475976807e-18
14100,12,8.000000000000000e-03,7.999999999999993e-03,6.938893903907228e-18
14100,13,-7.000000000000000e-03,-7.000000000000011e-03,1.040834085586084e-17
14100,14,6.000000000000000e-03,5.999999999999991e-03,8.673617379884035e-18
14100,15,5.000000000000000e-03,4.999999999999993e-03,6.938893903907228e-18
14100,16,-4.000000000000000e-03,-4.000000000000000e-03,0.000000000000000e+00
14100,17,3.500000000000000e-03,3.500000000000008e-03,-8.239936510889834e-18
14100,18,3.000000000000000e-03,3.000000000000020e-03,-1.951563910473908e-17
14100,19,-2.500000000000000e-03,-2.499999999999986e-03,-1.387778780781446e-17
14100,20,2.000000000000000e-03,2.000000000000006e-03,-5.637851296924623e-18
14100,21,1.800000000000000e-03,1.799999999999993e-03,6.938893903907228e-18
14100,22,-1.500000000000000e-03,-1.500000000000006e-03,6.071532165918825e-18
14100,23,1.200000000000000e-03,1.200000000000000e-03,-4.336808689942018e-19
14100,24,1.000000000000000e-03,1.000000000000002e-03,-1.517883041479706e-18
14100,25,-8.000000000000000e-04,-7.999999999999924e-04,-7.589415207398531e-18
14100,26,5.999999999999999e-04,5.999999999999993e-04,6.505213034913027e-19
14100,27,5.000000000000000e-04,4.999999999999961e-04,3.903127820947816e-18
14100,28,-4.000000000000000e-04,-4.000000000000103e-04,1.024571052998802e-17
14100,29,3.000000000000000e-04,2.999999999999872e-04,1.279358563532895e-17
14200,0,1.200000000000000e-01,1.199999999999998e-01,1.526556658859590e-16
14200,1,-8.000000000000000e-02,-8.000000000000014e-02,1.387778780781446e-16
14200,2,5.500000000000000e-02,5.499999999999993e-02,6.938893903907228e-17
14200,3,4.000000000000000e-02,3.999999999999995e-02,5.551115123125783e-17
14200,4,-3.000000000000000e-02,-3.000000000000000e-02,3.469446951953614e-18
14200,5,2.500000000000000e-02,2.500000000000002e-02,-1.387778780781446e-17
14200,6,2.000000000000000e-02,2.000000000000002e-02,-2.081668171172169e-17
14200,7,-1.800000000000000e-02,-1.800000000000000e-02,3.469446951953614e-18
14200,8,1.500000000000000e-02,1.499999999999999e-02,1.040834085586084e-17
14200,9,1.200000000000000e-02,1.199999999999998e-02,2.255140518769849e-17
14200,10,-1.000000000000000e-02,-1.000000000000002e-02,1.561251128379126e-17
14200,11,8.999999999999999e-03,8.999999999999999e-03,0.000000000000000e+00
14200,12,8.000000000000000e-03,7.999999999999986e-03,1.387778780781446e-17
14200,13,-7.000000000000000e-03,-7.000000000000011e-03,1.040834085586084e-17
14200,14,6.000000000000000e-03,5.999999999999994e-03,6.071532165918825e-18
14200,15,5.000000000000000e-03,4.999999999999998e-03,2.602085213965211e-18
14200,16,-4.000000000000000e-03,-3.999999999999988e-03,-1.214306433183765e-17
14200,17,3.500000000000000e-03,3.500000000000000e-03,4.336808689942018e-19
14200,18,3.000000000000000e-03,3.000000000000011e-03,-1.127570259384925e-17
14200,19,-2.500000000000000e-03,-2.499999999999994e-03,-5.637851296924623e-18
14200,20,2.000000000000000e-03,1.999999999999994e-03,5.637851296924623e-18
14200,21,1.800000000000000e-03,1.799999999999982e-03,1.821459649775647e-17
14200,22,-1.500000000000000e-03,-1.500000000000017e-03,1.713039432527097e-17
14200,23,1.200000000000000e-03,1.199999999999992e-03,7.589415207398531e-18
14200,24,1.000000000000000e-03,9.999999999999890e-04,1.105886215935215e-17
14200,25,-8.000000000000000e-04,-7.999999999999961e-04,-3.903127820947816e-18
14200,26,5.999999999999999e-04,6.000000000000010e-04,-1.084202172485504e-18
14200,27,5.000000000000000e-04,4.999999999999971e-04,2.927345865710862e-18
14200,28,-4.000000000000000e-04,-4.000000000000057e-04,5.692061405548898e-18
14200,29,3.000000000000000e-04,2.999999999999967e-04,3.252606517456513e-18
14300,0,1.200000000000000e-01,1.199999999999998e-01,1.526556658859590e-16
14300,1,-8.000000000000000e-02,-8.000000000000014e-02,1.387778780781446e-16
14300,2,5.500000000000000e-02,5.499999999999993e-02,6.938893903907228e-17
14300,3,4.000000000000000e-02,3.999999999999995e-02,5.551115123125783e-17
14300,4,-3.000000000000000e-02,-3.000000000000000e-02,0.000000000000000e+00
14300,5,2.500000000000000e-02,2.500000000000001e-02,-1.040834085586084e-17
14300,6,2.000000000000000e-02,2.000000000000001e-02,-1.040834085586084e-17
14300,7,-1.800000000000000e-02,-1.800000000000000e-02,3.469446951953614e-18
14300,8,1.500000000000000e-02,1.499999999999999e-02,1.214306433183765e-17
14300,9,1.200000000000000e-02,1.199999999999998e-02,2.081668171172169e-17
14300,10,-1.000000000000000e-02,-1.000000000000002e-02,2.255140518769849e-17
14300,11,8.999999999999999e-03,8.999999999999989e-03,1.040834085586084e-17
14300,12,8.000000000000000e-03,7.999999999999985e-03,1.561251128379126e-17
14300,13,-7.000000000000000e-03,-7.000000000000017e-03,1.647987302177967e-17
14300,14,6.000000000000000e-03,5.999999999999988e-03,1.214306433183765e-17
14300,15,5.000000000000000e-03,4.999999999999996e-03,4.336808689942018e-18
14300,16,-4.000000000000000e-03,-3.999999999999996e-03,-4.336808689942018e-18
14300,17,3.500000000000000e-03,3.499999999999996e-03,3.903127820947816e-18
14300,18,3.000000000000000e-03,3.000000000000014e-03,-1.431146867680866e-17
14300,19,-2.500000000000000e-03,-2.499999999999997e-03,-3.035766082959412e-18
14300,20,2.000000000000000e-03,1.999999999999996e-03,4.336808689942018e-18
14300,21,1.800000000000000e-03,1.799999999999989e-03,1.062518129035794e-17
14300,22,-1.500000000000000e-03,-1.500000000000011e-03,1.062518129035794e-17
14300,23,1.200000000000000e-03,1.200000000000008e-03,-8.023096076392733e-18
14300,24,1.000000000000000e-03,1.000000000000007e-03,-7.155734338404329e-18
14300,25,-8.000000000000000e-04,-7.999999999999842e-04,-1.582935171828836e-17
14300,26,5.999999999999999e-04,6.000000000000096e-04,-9.649399335120989e-18
14300,27,5.000000000000000e-04,4.999999999999997e-04,3.252606517456513e-19
14300,28,-4.000000000000000e-04,-4.000000000000066e-04,6.559423143537302e-18
14300,29,3.000000000000000e-04,2.999999999999805e-04,1.951563910473908e-17
14400,0,1.200000000000000e-01,1.199999999999998e-01,1.526556658859590e-16
14400,1,-8.000000000000000e-02,-8.000000000000014e-02,1.387778780781446e-16
14400,2,5.500000000000000e-02,5.499999999999993e-02,6.938893903907228e-17
14400,3,4.000000000000000e-02,3.999999999999995e-02,5.551115123125783e-17
14400,4,-3.000000000000000e-02,-3.000000000000000e-02,0.000000000000000e+00
14400,5,2.500000000000000e-02,2.500000000000003e-02,-2.775557561562891e-17
14400,6,2.000000000000000e-02,2.000000000000002e-02,-2.081668171172169e-17
14400,7,-1.800000000000000e-02,-1.800000000000001e-02,1.040834085586084e-17
14400,8,1.500000000000000e-02,1.500000000000000e-02,1.734723475976807e-18
14400,9,1.200000000000000e-02,1.199999999999999e-02,6.938893903907228e-18
14400,10,-1.000000000000000e-02,-1.000000000000001e-02,1.040834085586084e-17
14400,11,8.999999999999999e-03,8.999999999999992e-03,6.938893903907228e-18
14400,12,8.000000000000000e-03,7.999999999999993e-03,6.938893903907228e-18
14400,13,-7.000000000000000e-03,-7.000000000000011e-03,1.127570259384925e-17
14400,14,6.000000000000000e-03,5.999999999999991e-03,9.540979117872439e-18
14400,15,5.000000000000000e-03,4.999999999999999e-03,8.673617379884035e-19
14400,16,-4.000000000000000e-03,-3.999999999999998e-03,-1.734723475976807e-18
14400,17,3.500000000000000e-03,3.500000000000001e-03,-1.301042606982605e-18
14400,18,3.000000000000000e-03,3.000000000000011e-03,-1.084202172485504e-17
14400,19,-2.500000000000000e-03,-2.500000000000000e-03,-4.336808689942018e-19
14400,20,2.000000000000000e-03,1.999999999999993e-03,7.372574772901430e-18
14400,21,1.800000000000000e-03,1.799999999999991e-03,9.107298248878237e-18
14400,22,-1.500000000000000e-03,-1.500000000000020e-03,1.973247953923618e-17
14400,23,1.200000000000000e-03,1.199999999999999e-03,8.673617379884035e-19
14400,24,1.000000000000000e-03,1.000000000000001e-03,-8.673617379884035e-19
14400,25,-8.000000000000000e-04,-7.999999999999872e-04,-1.279358563532895e-17
14400,26,5.999999999999999e-04,6.000000000000147e-04,-1.474514954580286e-17
14400,27,5.000000000000000e-04,5.000000000000021e-04,-2.059984127722458e-18
14400,28,-4.000000000000000e-04,-4.000000000000067e-04,6.722053469410127e-18
14400,29,3.000000000000000e-04,2.999999999999793e-04,2.065405138584886e-17
14500,0,1.200000000000000e-01,1.199999999999998e-01,1.526556658859590e-16
14500,1,-8.000000000000000e-02,-8.000000000000014e-02,1.387778780781446e-16
14500,2,5.500000000000000e-02,5.499999999999993e-02,6.938893903907228e-17
14500,3,4.000000000000000e-02,3.999999999999995e-02,5.551115123125783e-17
14500,4,-3.000000000000000e-02,-3.000000000000000e-02,-3.469446951953614e-18
14500,5,2.500000000000000e-02,2.500000000000002e-02,-2.081668171172169e-17
14500,6,2.000000000000000e-02,2.000000000000001e-02,-1.387778780781446e-17
14500,7,-1.800000000000000e-02,-1.800000000000001e-02,6.938893903907228e-18
14500,8,1.500000000000000e-02,1.500000000000000e-02,-5.204170427930421e-18
14500,9,1.200000000000000e-02,1.200000000000000e-02,-3.469446951953614e-18
14500,10,-1.000000000000000e-02,-1.000000000000001e-02,5.204170427930421e-18
14500,11,8.999999999999999e-03,8.999999999999985e-03,1.387778780781446e-17
14500,12,8.000000000000000e-03,7.999999999999986e-03,1.387778780781446e-17
14500,13,-7.000000000000000e-03,-7.000000000000012e-03,1.214306433183765e-17
14500,14,6.000000000000000e-03,5.999999999999990e-03,1.040834085586084e-17
14500,15,5.000000000000000e-03,5.000000000000000e-03,0.000000000000000e+00
14500,16,-4.000000000000000e-03,-3.999999999999996e-03,-4.336808689942018e-18
14500,17,3.500000000000000e-03,3.499999999999997e-03,3.035766082959412e-18
14500,18,3.000000000000000e-03,2.999999999999998e-03,2.168404344971009e-18
14500,19,-2.500000000000000e-03,-2.499999999999995e-03,-4.770489558936220e-18
14500,20,2.000000000000000e-03,2.000000000000000e-03,4.336808689942018e-19
14500,21,1.800000000000000e-03,1.799999999999998e-03,1.517883041479706e-18
14500,22,-1.500000000000000e-03,-1.500000000000005e-03,4.987329993433320e-18
14500,23,1.200000000000000e-03,1.199999999999998e-03,2.168404344971009e-18
14500,24,1.000000000000000e-03,9.999999999999992e-04,8.673617379884035e-19
14500,25,-8.000000000000000e-04,-7.999999999999833e-04,-1.669671345627677e-17
14500,26,5.999999999999999e-04,6.000000000000216e-04,-2.168404344971009e-17
14500,27,5.000000000000000e-04,5.000000000000117e-04,-1.170938346284345e-17
14500,28,-4.000000000000000e-04,-3.999999999999947e-04,-5.366800753803247e-18
14500,29,3.000000000000000e-04,2.999999999999882e-04,1.176359357146772e-17
14600,0,1.200000000000000e-01,1.199999999999998e-01,1.526556658859590e-16
14600,1,-8.000000000000000e-02,-8.000000000000014e-02,1.387778780781446e-16
14600,2,5.500000000000000e-02,5.499999999999993e-02,6.938893903907228e-17
14600,3,4.000000000000000e-02,3.999999999999995e-02,4.857225732735060e-17
14600,4,-3.000000000000000e-02,-2.999999999999999e-02,-1.040834085586084e-17
14600,5,2.500000000000000e-02,2.500000000000003e-02,-2.428612866367530e-17
14600,6,2.000000000000000e-02,2.000000000000001e-02,-1.040834085586084e-17
14600,7,-1.800000000000000e-02,-1.800000000000000e-02,3.469446951953614e-18
14600,8,1.500000000000000e-02,1.500000000000001e-02,-6.938893903907228e-18
14600,9,1.200000000000000e-02,1.200000000000001e-02,-8.673617379884035e-18
14600,10,-1.000000000000000e-02,-1.000000000000000e-02,0.000000000000000e+00
14600,11,8.999999999999999e-03,8.999999999999998e-03,1.734723475976807e-18
14600,12,8.000000000000000e-03,8.000000000000002e-03,-1.734723475976807e-18
14600,13,-7.000000000000000e-03,-6.999999999999998e-03,-1.734723475976807e-18
14600,14,6.000000000000000e-03,5.999999999999990e-03,1.040834085586084e-17
14600,15,5.000000000000000e-03,5.000000000000004e-03,-3.469446951953614e-18
14600,16,-4.000000000000000e-03,-3.999999999999997e-03,-2.602085213965211e-18
14600,17,3.500000000000000e-03,3.499999999999994e-03,6.071532165918825e-18
14600,18,3.000000000000000e-03,2.999999999999997e-03,3.469446951953614e-18
14600,19,-2.500000000000000e-03,-2.500000000000004e-03,3.469446951953614e-18
14600,20,2.000000000000000e-03,1.999999999999991e-03,9.107298248878237e-18
14600,21,1.800000000000000e-03,1.799999999999993e-03,7.155734338404329e-18
14600,22,-1.500000000000000e-03,-1.500000000000009e-03,8.890457814381136e-18
14600,23,1.200000000000000e-03,1.199999999999996e-03,3.903127820947816e-18
14600,24,1.000000000000000e-03,9.999999999999985e-04,1.517883041479706e-18
14600,25,-8.000000000000000e-04,-7.999999999999895e-04,-1.051676107310939e-17
14600,26,5.999999999999999e-04,6.000000000000146e-04,-1.463672932855431e-17
14600,27,5.000000000000000e-04,5.000000000000123e-04,-1.225148454908620e-17
14600,28,-4.000000000000000e-04,-3.999999999999911e-04,-8.890457814381136e-18
14600,29,3.000000000000000e-04,2.999999999999968e-04,3.198396408832238e-18
14700,0,1.200000000000000e-01,1.199999999999998e-01,1.526556658859590e-16
14700,1,-8.000000000000000e-02,-8.000000000000014e-02,1.387778780781446e-16
14700,2,5.500000000000000e-02,5.499999999999993e-02,6.938893903907228e-17
14700,3,4.000000000000000e-02,3.999999999999995e-02,4.857225732735060e-17
14700,4,-3.000000000000000e-02,-2.999999999999999e-02,-6.938893903907228e-18
14700,5,2.500000000000000e-02,2.500000000000002e-02,-1.734723475976807e-17
14700,6,2.000000000000000e-02,2.000000000000000e-02,0.000000000000000e+00
14700,7,-1.800000000000000e-02,-1.800000000000000e-02,0.000000000000000e+00
14700,8,1.500000000000000e-02,1.500000000000002e-02,-1.561251128379126e-17
14700,9,1.200000000000000e-02,1.200000000000001e-02,-8.673617379884035e-18
14700,10,-1.000000000000000e-02,-1.000000000000000e-02,3.469446951953614e-18
14700,11,8.999999999999999e-03,9.000000000000003e-03,-3.469446951953614e-18
14700,12,8.000000000000000e-03,8.000000000000005e-03,-5.204170427930421e-18
14700,13,-7.000000000000000e-03,-7.000000000000001e-03,8.673617379884035e-19
14700,14,6.000000000000000e-03,5.999999999999991e-03,8.673617379884035e-18
14700,15,5.000000000000000e-03,4.999999999999994e-03,6.071532165918825e-18
14700,16,-4.000000000000000e-03,-4.000000000000004e-03,4.336808689942018e-18
14700,17,3.500000000000000e-03,3.499999999999989e-03,1.084202172485504e-17
14700,18,3.000000000000000e-03,2.999999999999991e-03,9.540979117872439e-18
14700,19,-2.500000000000000e-03,-2.500000000000001e-03,8.673617379884035e-19
14700,20,2.000000000000000e-03,1.999999999999994e-03,6.071532165918825e-18
14700,21,1.800000000000000e-03,1.800000000000001e-03,-6.505213034913027e-19
14700,22,-1.500000000000000e-03,-1.500000000000004e-03,4.119968255444917e-18
14700,23,1.200000000000000e-03,1.199999999999996e-03,3.903127820947816e-18
14700,24,1.000000000000000e-03,9.999999999999900e-04,9.974659986866641e-18
14700,25,-8.000000000000000e-04,-8.000000000000114e-04,1.138412281109780e-17
14700,26,5.999999999999999e-04,6.000000000000022e-04,-2.276824562219559e-18
14700,27,5.000000000000000e-04,5.000000000000084e-04,-8.348356728138384e-18
14700,28,-4.000000000000000e-04,-3.999999999999908e-04,-9.215718466126788e-18
14700,29,3.000000000000000e-04,3.000000000000043e-04,-4.336808689942018e-18
14800,0,1.200000000000000e-01,1.199999999999998e-01,1.526556658859590e-16
14800,1,-8.000000000000000e-02,-8.000000000000014e-02,1.387778780781446e-16
14800,2,5.500000000000000e-02,5.499999999999993e-02,6.938893903907228e-17
14800,3,4.000000000000000e-02,3.999999999999995e-02,4.857225732735060e-17
14800,4,-3.000000000000000e-02,-2.999999999999999e-02,-6.938893903907228e-18
14800,5,2.500000000000000e-02,2.500000000000002e-02,-2.081668171172169e-17
14800,6,2.000000000000000e-02,2.000000000000000e-02,0.000000000000000e+00
14800,7,-1.800000000000000e-02,-1.800000000000000e-02,3.469446951953614e-18
14800,8,1.500000000000000e-02,1.500000000000001e-02,-1.214306433183765e-17
14800,9,1.200000000000000e-02,1.200000000000001e-02,-1.387778780781446e-17
14800,10,-1.000000000000000e-02,-1.000000000000000e-02,0.000000000000000e+00
14800,11,8.999999999999999e-03,8.999999999999996e-03,3.469446951953614e-18
14800,12,8.000000000000000e-03,8.000000000000000e-03,0.000000000000000e+00
14800,13,-7.000000000000000e-03,-7.000000000000006e-03,6.071532165918825e-18
14800,14,6.000000000000000e-03,5.999999999999989e-03,1.127570259384925e-17
14800,15,5.000000000000000e-03,5.000000000000000e-03,0.000000000000000e+00
14800,16,-4.000000000000000e-03,-4.000000000000006e-03,6.071532165918825e-18
14800,17,3.500000000000000e-03,3.499999999999985e-03,1.474514954580286e-17
14800,18,3.000000000000000e-03,2.999999999999987e-03,1.301042606982605e-17
14800,19,-2.500000000000000e-03,-2.500000000000009e-03,9.107298248878237e-18
14800,20,2.000000000000000e-03,1.999999999999999e-03,8.673617379884035e-19
14800,21,1.800000000000000e-03,1.800000000000006e-03,-6.505213034913027e-18
14800,22,-1.500000000000000e-03,-1.499999999999999e-03,-6.505213034913027e-19
14800,23,1.200000000000000e-03,1.200000000000005e-03,-4.770489558936220e-18
14800,24,1.000000000000000e-03,9.999999999999948e-04,5.204170427930421e-18
14800,25,-8.000000000000000e-04,-8.000000000000078e-04,7.806255641895632e-18
14800,26,5.999999999999999e-04,5.999999999999992e-04,7.589415207398531e-19
14800,27,5.000000000000000e-04,5.000000000000003e-04,-3.252606517456513e-19
14800,28,-4.000000000000000e-04,-3.999999999999903e-04,-9.757819552369540e-18
14800,29,3.000000000000000e-04,3.000000000000124e-04,-1.241411487495903e-17
14900,0,1.200000000000000e-01,1.199999999999998e-01,1.526556658859590e-16
14900,1,-8.000000000000000e-02,-8.000000000000014e-02,1.387778780781446e-16
14900,2,5.500000000000000e-02,5.499999999999993e-02,6.938893903907228e-17
14900,3,4.000000000000000e-02,3.999999999999995e-02,4.857225732735060e-17
14900,4,-3.000000000000000e-02,-2.999999999999999e-02,-6.938893903907228e-18
14900,5,2.500000000000000e-02,2.500000000000003e-02,-2.775557561562891e-17
14900,6,2.000000000000000e-02,2.000000000000001e-02,-1.387778780781446e-17
14900,7,-1.800000000000000e-02,-1.799999999999999e-02,-6.938893903907228e-18
14900,8,1.500000000000000e-02,1.500000000000002e-02,-1.908195823574488e-17
14900,9,1.200000000000000e-02,1.200000000000002e-02,-1.734723475976807e-17
14900,10,-1.000000000000000e-02,-1.000000000000000e-02,1.734723475976807e-18
14900,11,8.999999999999999e-03,8.999999999999994e-03,5.204170427930421e-18
14900,12,8.000000000000000e-03,8.000000000000002e-03,-1.734723475976807e-18
14900,13,-7.000000000000000e-03,-7.000000000000007e-03,6.938893903907228e-18
14900,14,6.000000000000000e-03,5.999999999999986e-03,1.387778780781446e-17
14900,15,5.000000000000000e-03,4.999999999999998e-03,2.602085213965211e-18
14900,16,-4.000000000000000e-03,-4.000000000000007e-03,6.938893903907228e-18
14900,17,3.500000000000000e-03,3.499999999999992e-03,8.239936510889834e-18
14900,18,3.000000000000000e-03,2.999999999999992e-03,8.239936510889834e-18
14900,19,-2.500000000000000e-03,-2.500000000000010e-03,9.540979117872439e-18
14900,20,2.000000000000000e-03,1.999999999999997e-03,2.602085213965211e-18
14900,21,1.800000000000000e-03,1.799999999999998e-03,2.168404344971009e-18
14900,22,-1.500000000000000e-03,-1.500000000000004e-03,3.903127820947816e-18
14900,23,1.200000000000000e-03,1.200000000000002e-03,-2.385244779468110e-18
14900,24,1.000000000000000e-03,9.999999999999998e-04,2.168404344971009e-19
14900,25,-8.000000000000000e-04,-8.000000000000106e-04,1.051676107310939e-17
14900,26,5.999999999999999e-04,5.999999999999921e-04,7.806255641895632e-18
14900,27,5.000000000000000e-04,4.999999999999847e-04,1.528725063204561e-17
14900,28,-4.000000000000000e-04,-4.000000000000027e-04,2.656295322589486e-18
14900,29,3.000000000000000e-04,3.000000000000125e-04,-1.252253509220758e-17
15000,0,1.200000000000000e-01,1.199999999999998e-01,1.526556658859590e-16
15000,1,-8.000000000000000e-02,-8.000000000000014e-02,1.387778780781446e-16
15000,2,5.500000000000000e-02,5.499999999999993e-02,6.938893903907228e-17
15000,3,4.000000000000000e-02,3.999999999999995e-02,4.857225732735060e-17
15000,4,-3.000000000000000e-02,-2.999999999999999e-02,-6.938893903907228e-18
15000,5,2.500000000000000e-02,2.500000000000002e-02,-1.734723475976807e-17
15000,6,2.000000000000000e-02,2.000000000000002e-02,-1.734723475976807e-17
15000,7,-1.800000000000000e-02,-1.799999999999998e-02,-1.387778780781446e-17
15000,8,1.500000000000000e-02,1.500000000000001e-02,-6.938893903907228e-18
15000,9,1.200000000000000e-02,1.200000000000001e-02,-1.214306433183765e-17
15000,10,-1.000000000000000e-02,-9.999999999999993e-03,-6.938893903907228e-18
15000,11,8.999999999999999e-03,9.000000000000003e-03,-3.469446951953614e-18
15000,12,8.000000000000000e-03,8.000000000000009e-03,-8.673617379884035e-18
15000,13,-7.000000000000000e-03,-7.000000000000003e-03,2.602085213965211e-18
15000,14,6.000000000000000e-03,5.999999999999990e-03,1.040834085586084e-17
15000,15,5.000000000000000e-03,5.000000000000008e-03,-7.806255641895632e-18
15000,16,-4.000000000000000e-03,-4.000000000000008e-03,7.806255641895632e-18
15000,17,3.500000000000000e-03,3.499999999999986e-03,1.387778780781446e-17
15000,18,3.000000000000000e-03,2.999999999999996e-03,4.336808689942018e-18
15000,19,-2.500000000000000e-03,-2.500000000000005e-03,5.204170427930421e-18
15000,20,2.000000000000000e-03,1.999999999999997e-03,3.035766082959412e-18
15000,21,1.800000000000000e-03,1.800000000000005e-03,-4.987329993433320e-18
15000,22,-1.500000000000000e-03,-1.500000000000001e-03,1.301042606982605e-18
15000,23,1.200000000000000e-03,1.199999999999998e-03,2.385244779468110e-18
15000,24,1.000000000000000e-03,9.999999999999959e-04,4.119968255444917e-18
15000,25,-8.000000000000000e-04,-8.000000000000103e-04,1.029992063861229e-17
15000,26,5.999999999999999e-04,5.999999999999988e-04,1.192622389734055e-18
15000,27,5.000000000000000e-04,4.999999999999951e-04,4.878909776184770e-18
15000,28,-4.000000000000000e-04,-4.000000000000027e-04,2.656295322589486e-18
15000,29,3.000000000000000e-04,3.000000000000085e-04,-8.565197162635485e-18
15100,0,1.200000000000000e-01,1.199999999999998e-01,1.526556658859590e-16
15100,1,-8.000000000000000e-02,-8.000000000000014e-02,1.387778780781446e-16
15100,2,5.500000000000000e-02,5.499999999999993e-02,6.938893903907228e-17
15100,3,4.000000000000000e-02,3.999999999999995e-02,4.857225732735060e-17
15100,4,-3.000000000000000e-02,-2.999999999999999e-02,-1.387778780781446e-17
15100,5,2.500000000000000e-02,2.500000000000002e-02,-2.081668171172169e-17
15100,6,2.000000000000000e-02,2.000000000000002e-02,-1.734723475976807e-17
15100,7,-1.800000000000000e-02,-1.799999999999999e-02,-1.040834085586084e-17
15100,8,1.500000000000000e-02,1.500000000000000e-02,-1.734723475976807e-18
15100,9,1.200000000000000e-02,1.200000000000001e-02,-6.938893903907228e-18
15100,10,-1.000000000000000e-02,-9.999999999999992e-03,-8.673617379884035e-18
15100,11,8.999999999999999e-03,9.000000000000013e-03,-1.387778780781446e-17
15100,12,8.000000000000000e-03,8.000000000000009e-03,-8.673617379884035e-18
15100,13,-7.000000000000000e-03,-7.000000000000002e-03,1.734723475976807e-18
15100,14,6.000000000000000e-03,5.999999999999986e-03,1.387778780781446e-17
15100,15,5.000000000000000e-03,5.000000000000006e-03,-6.071532165918825e-18
15100,16,-4.000000000000000e-03,-4.000000000000007e-03,6.938893903907228e-18
15100,17,3.500000000000000e-03,3.499999999999982e-03,1.778091562876227e-17
15100,18,3.000000000000000e-03,2.999999999999997e-03,3.469446951953614e-18
15100,19,-2.500000000000000e-03,-2.499999999999999e-03,-1.301042606982605e-18
15100,20,2.000000000000000e-03,2.000000000000008e-03,-7.806255641895632e-18
15100,21,1.800000000000000e-03,1.800000000000016e-03,-1.561251128379126e-17
15100,22,-1.500000000000000e-03,-1.499999999999991e-03,-9.324138683375338e-18
15100,23,1.200000000000000e-03,1.200000000000004e-03,-3.903127820947816e-18
15100,24,1.000000000000000e-03,1.000000000000002e-03,-2.385244779468110e-18
15100,25,-8.000000000000000e-04,-8.000000000000050e-04,4.987329993433320e-18
15100,26,5.999999999999999e-04,5.999999999999971e-04,2.818925648462312e-18
15100,27,5.000000000000000e-04,5.000000000000027e-04,-2.710505431213761e-18
15100,28,-4.000000000000000e-04,-3.999999999999955e-04,-4.553649124439119e-18
15100,29,3.000000000000000e-04,3.000000000000118e-04,-1.181780368009200e-17
15200,0,1.200000000000000e-01,1.199999999999998e-01,1.526556658859590e-16
15200,1,-8.000000000000000e-02,-8.000000000000014e-02,1.387778780781446e-16
15200,2,5.500000000000000e-02,5.499999999999993e-02,6.938893903907228e-17
15200,3,4.000000000000000e-02,3.999999999999995e-02,4.857225732735060e-17
15200,4,-3.000000000000000e-02,-2.999999999999999e-02,-1.387778780781446e-17
15200,5,2.500000000000000e-02,2.500000000000002e-02,-1.387778780781446e-17
15200,6,2.000000000000000e-02,2.000000000000002e-02,-1.734723475976807e-17
15200,7,-1.800000000000000e-02,-1.799999999999999e-02,-6.938893903907228e-18
15200,8,1.500000000000000e-02,1.500000000000000e-02,-3.469446951953614e-18
15200,9,1.200000000000000e-02,1.200000000000000e-02,5.204170427930421e-18
15200,10,-1.000000000000000e-02,-9.999999999999988e-03,-1.214306433183765e-17
15200,11,8.999999999999999e-03,9.000000000000022e-03,-2.255140518769849e-17
15200,12,8.000000000000000e-03,8.000000000000012e-03,-1.214306433183765e-17
15200,13,-7.000000000000000e-03,-7.000000000000002e-03,1.734723475976807e-18
15200,14,6.000000000000000e-03,5.999999999999991e-03,9.540979117872439e-18
15200,15,5.000000000000000e-03,4.999999999999993e-03,6.938893903907228e-18
15200,16,-4.000000000000000e-03,-4.000000000000014e-03,1.387778780781446e-17
15200,17,3.500000000000000e-03,3.499999999999983e-03,1.691355389077387e-17
15200,18,3.000000000000000e-03,2.999999999999997e-03,3.469446951953614e-18
15200,19,-2.500000000000000e-03,-2.500000000000001e-03,8.673617379884035e-19
15200,20,2.000000000000000e-03,2.000000000000010e-03,-9.974659986866641e-18
15200,21,1.800000000000000e-03,1.800000000000014e-03,-1.431146867680866e-17
15200,22,-1.500000000000000e-03,-1.499999999999995e-03,-4.553649124439119e-18
15200,23,1.200000000000000e-03,1.200000000000000e-03,-4.336808689942018e-19
15200,24,1.000000000000000e-03,1.000000000000002e-03,-1.517883041479706e-18
15200,25,-8.000000000000000e-04,-8.000000000000036e-04,3.577867169202165e-18
15200,26,5.999999999999999e-04,5.999999999999998e-04,1.084202172485504e-19
15200,27,5.000000000000000e-04,4.999999999999982e-04,1.843143693225358e-18
15200,28,-4.000000000000000e-04,-3.999999999999898e-04,-1.024571052998802e-17
15200,29,3.000000000000000e-04,3.000000000000230e-04,-2.303929616531697e-17
15300,0,1.200000000000000e-01,1.199999999999998e-01,1.526556658859590e-16
15300,1,-8.000000000000000e-02,-8.000000000000014e-02,1.387778780781446e-16
15300,2,5.500000000000000e-02,5.499999999999993e-02,6.938893903907228e-17
15300,3,4.000000000000000e-02,3.999999999999995e-02,4.857225732735060e-17
15300,4,-3.000000000000000e-02,-2.999999999999999e-02,-1.387778780781446e-17
15300,5,2.500000000000000e-02,2.500000000000000e-02,0.000000000000000e+00
15300,6,2.000000000000000e-02,2.000000000000000e-02,-3.469446951953614e-18
15300,7,-1.800000000000000e-02,-1.799999999999999e-02,-6.938893903907228e-18
15300,8,1.500000000000000e-02,1.499999999999999e-02,6.938893903907228e-18
15300,9,1.200000000000000e-02,1.200000000000000e-02,5.204170427930421e-18
15300,10,-1.000000000000000e-02,-9.999999999999990e-03,-1.040834085586084e-17
15300,11,8.999999999999999e-03,9.000000000000022e-03,-2.255140518769849e-17
15300,12,8.000000000000000e-03,8.000000000000012e-03,-1.214306433183765e-17
15300,13,-7.000000000000000e-03,-7.000000000000000e-03,0.000000000000000e+00
15300,14,6.000000000000000e-03,5.999999999999997e-03,3.469446951953614e-18
15300,15,5.000000000000000e-03,4.999999999999992e-03,7.806255641895632e-18
15300,16,-4.000000000000000e-03,-3.999999999999998e-03,-1.734723475976807e-18
15300,17,3.500000000000000e-03,3.499999999999993e-03,7.372574772901430e-18
15300,18,3.000000000000000e-03,3.000000000000003e-03,-2.602085213965211e-18
15300,19,-2.500000000000000e-03,-2.500000000000004e-03,3.469446951953614e-18
15300,20,2.000000000000000e-03,2.000000000000001e-03,-1.301042606982605e-18
15300,21,1.800000000000000e-03,1.800000000000006e-03,-6.505213034913027e-18
15300,22,-1.500000000000000e-03,-1.500000000000007e-03,6.505213034913027e-18
15300,23,1.200000000000000e-03,1.199999999999999e-03,8.673617379884035e-19
15300,24,1.000000000000000e-03,1.000000000000003e-03,-2.602085213965211e-18
15300,25,-8.000000000000000e-04,-8.000000000000013e-04,1.301042606982605e-18
15300,26,5.999999999999999e-04,6.000000000000047e-04,-4.770489558936220e-18
15300,27,5.000000000000000e-04,5.000000000000099e-04,-9.866239769618090e-18
15300,28,-4.000000000000000e-04,-3.999999999999808e-04,-1.919037845299343e-17
15300,29,3.000000000000000e-04,3.000000000000193e-04,-1.929879867024198e-17
15400,0,1.200000000000000e-01,1.199999999999998e-01,1.526556658859590e-16
15400,1,-8.000000000000000e-02,-8.000000000000014e-02,1.387778780781446e-16
15400,2,5.500000000000000e-02,5.499999999999993e-02,6.938893903907228e-17
15400,3,4.000000000000000e-02,3.999999999999995e-02,4.857225732735060e-17
15400,4,-3.000000000000000e-02,-2.999999999999999e-02,-1.040834085586084e-17
15400,5,2.500000000000000e-02,2.500000000000000e-02,3.469446951953614e-18
15400,6,2.000000000000000e-02,1.999999999999999e-02,1.040834085586084e-17
15400,7,-1.800000000000000e-02,-1.800000000000001e-02,1.040834085586084e-17
15400,8,1.500000000000000e-02,1.500000000000000e-02,3.469446951953614e-18
15400,9,1.200000000000000e-02,1.200000000000000e-02,-3.469446951953614e-18
15400,10,-1.000000000000000e-02,-9.999999999999995e-03,-5.204170427930421e-18
15400,11,8.999999999999999e-03,9.000000000000006e-03,-6.938893903907228e-18
15400,12,8.000000000000000e-03,7.999999999999991e-03,8.673617379884035e-18
15400,13,-7.000000000000000e-03,-7.000000000000007e-03,6.938893903907228e-18
15400,14,6.000000000000000e-03,5.999999999999988e-03,1.214306433183765e-17
15400,15,5.000000000000000e-03,4.999999999999987e-03,1.301042606982605e-17
15400,16,-4.000000000000000e-03,-4.000000000000001e-03,8.673617379884035e-19
15400,17,3.500000000000000e-03,3.499999999999994e-03,6.071532165918825e-18
15400,18,3.000000000000000e-03,3.000000000000000e-03,-4.336808689942018e-19
15400,19,-2.500000000000000e-03,-2.499999999999998e-03,-1.734723475976807e-18
15400,20,2.000000000000000e-03,2.000000000000012e-03,-1.170938346284345e-17
15400,21,1.800000000000000e-03,1.800000000000012e-03,-1.214306433183765e-17
15400,22,-1.500000000000000e-03,-1.500000000000000e-03,0.000000000000000e+00
15400,23,1.200000000000000e-03,1.200000000000007e-03,-7.589415207398531e-18
15400,24,1.000000000000000e-03,1.000000000000005e-03,-4.553649124439119e-18
15400,25,-8.000000000000000e-04,-7.999999999999944e-04,-5.637851296924623e-18
15400,26,5.999999999999999e-04,6.000000000000110e-04,-1.105886215935215e-17
15400,27,5.000000000000000e-04,5.000000000000129e-04,-1.290200585257750e-17
15400,28,-4.000000000000000e-04,-3.999999999999738e-04,-2.623769257414921e-17
15400,29,3.000000000000000e-04,3.000000000000180e-04,-1.805196617188365e-17
15500,0,1.200000000000000e-01,1.199999999999998e-01,1.526556658859590e-16
15500,1,-8.000000000000000e-02,-8.000000000000014e-02,1.387778780781446e-16
15500,2,5.500000000000000e-02,5.499999999999996e-02,4.163336342344337e-17
15500,3,4.000000000000000e-02,3.999999999999997e-02,3.469446951953614e-17
15500,4,-3.000000000000000e-02,-2.999999999999998e-02,-1.734723475976807e-17
15500,5,2.500000000000000e-02,2.500000000000000e-02,-3.469446951953614e-18
15500,6,2.000000000000000e-02,2.000000000000000e-02,3.469446951953614e-18
15500,7,-1.800000000000000e-02,-1.800000000000001e-02,1.040834085586084e-17
15500,8,1.500000000000000e-02,1.499999999999999e-02,1.387778780781446e-17
15500,9,1.200000000000000e-02,1.200000000000000e-02,1.734723475976807e-18
15500,10,-1.000000000000000e-02,-9.999999999999992e-03,-8.673617379884035e-18
15500,11,8.999999999999999e-03,9.000000000000005e-03,-5.204170427930421e-18
15500,12,8.000000000000000e-03,7.999999999999998e-03,1.734723475976807e-18
15500,13,-7.000000000000000e-03,-6.999999999999998e-03,-1.734723475976807e-18
15500,14,6.000000000000000e-03,5.999999999999994e-03,6.071532165918825e-18
15500,15,5.000000000000000e-03,4.999999999999988e-03,1.214306433183765e-17
15500,16,-4.000000000000000e-03,-4.000000000000001e-03,8.673617379884035e-19
15500,17,3.500000000000000e-03,3.499999999999997e-03,3.035766082959412e-18
15500,18,3.000000000000000e-03,3.000000000000002e-03,-1.734723475976807e-18
15500,19,-2.500000000000000e-03,-2.500000000000007e-03,7.372574772901430e-18
15500,20,2.000000000000000e-03,2.000000000000005e-03,-4.770489558936220e-18
15500,21,1.800000000000000e-03,1.800000000000005e-03,-4.553649124439119e-18
15500,22,-1.500000000000000e-03,-1.500000000000004e-03,3.903127820947816e-18
15500,23,1.200000000000000e-03,1.199999999999997e-03,3.252606517456513e-18
15500,24,1.000000000000000e-03,1.000000000000003e-03,-2.818925648462312e-18
15500,25,-8.000000000000000e-04,-7.999999999999816e-04,-1.843143693225358e-17
15500,26,5.999999999999999e-04,6.000000000000266e-04,-2.667137344314341e-17
15500,27,5.000000000000000e-04,5.000000000000265e-04,-2.645453300864631e-17
15500,28,-4.000000000000000e-04,-3.999999999999774e-04,-2.260561529632277e-17
15500,29,3.000000000000000e-04,3.000000000000096e-04,-9.595189226496714e-18
15600,0,1.200000000000000e-01,1.199999999999998e-01,1.526556658859590e-16
15600,1,-8.000000000000000e-02,-8.000000000000014e-02,1.387778780781446e-16
15600,2,5.500000000000000e-02,5.499999999999996e-02,4.163336342344337e-17
15600,3,4.000000000000000e-02,3.999999999999997e-02,3.469446951953614e-17
15600,4,-3.000000000000000e-02,-2.999999999999999e-02,-6.938893903907228e-18
15600,5,2.500000000000000e-02,2.500000000000000e-02,0.000000000000000e+00
15600,6,2.000000000000000e-02,2.000000000000000e-02,3.469446951953614e-18
15600,7,-1.800000000000000e-02,-1.800000000000001e-02,1.040834085586084e-17
15600,8,1.500000000000000e-02,1.500000000000000e-02,3.469446951953614e-18
15600,9,1.200000000000000e-02,1.200000000000000e-02,-1.734723475976807e-18
15600,10,-1.000000000000000e-02,-9.999999999999995e-03,-5.204170427930421e-18
15600,11,8.999999999999999e-03,8.999999999999996e-03,3.469446951953614e-18
15600,12,8.000000000000000e-03,7.999999999999998e-03,1.734723475976807e-18
15600,13,-7.000000000000000e-03,-7.000000000000003e-03,2.602085213965211e-18
15600,14,6.000000000000000e-03,5.999999999999998e-03,2.602085213965211e-18
15600,15,5.000000000000000e-03,4.999999999999990e-03,1.040834085586084e-17
15600,16,-4.000000000000000e-03,-3.999999999999994e-03,-6.071532165918825e-18
15600,17,3.500000000000000e-03,3.500000000000000e-03,4.336808689942018e-19
15600,18,3.000000000000000e-03,2.999999999999995e-03,5.204170427930421e-18
15600,19,-2.500000000000000e-03,-2.500000000000011e-03,1.127570259384925e-17
15600,20,2.000000000000000e-03,1.999999999999996e-03,4.336808689942018e-18
15600,21,1.800000000000000e-03,1.800000000000000e-03,4.336808689942018e-19
15600,22,-1.500000000000000e-03,-1.499999999999996e-03,-3.903127820947816e-18
15600,23,1.200000000000000e-03,1.200000000000002e-03,-1.734723475976807e-18
15600,24,1.000000000000000e-03,1.000000000000008e-03,-8.456776945386935e-18
15600,25,-8.000000000000000e-04,-7.999999999999819e-04,-1.810617628050792e-17
15600,26,5.999999999999999e-04,6.000000000000155e-04,-1.550409106654271e-17
15600,27,5.000000000000000e-04,5.000000000000157e-04,-1.572093150103981e-17
15600,28,-4.000000000000000e-04,-3.999999999999946e-04,-5.421010862427522e-18
15600,29,3.000000000000000e-04,2.999999999999974e-04,2.547875105340935e-18
15700,0,1.200000000000000e-01,1.199999999999998e-01,1.526556658859590e-16
15700,1,-8.000000000000000e-02,-8.000000000000014e-02,1.387778780781446e-16
15700,2,5.500000000000000e-02,5.499999999999996e-02,4.163336342344337e-17
15700,3,4.000000000000000e-02,3.999999999999997e-02,3.469446951953614e-17
15700,4,-3.000000000000000e-02,-2.999999999999999e-02,-6.938893903907228e-18
15700,5,2.500000000000000e-02,2.500000000000001e-02,-1.040834085586084e-17
15700,6,2.000000000000000e-02,1.999999999999999e-02,1.387778780781446e-17
15700,7,-1.800000000000000e-02,-1.800000000000001e-02,1.040834085586084e-17
15700,8,1.500000000000000e-02,1.500000000000000e-02,-1.734723475976807e-18
15700,9,1.200000000000000e-02,1.200000000000000e-02,3.469446951953614e-18
15700,10,-1.000000000000000e-02,-9.999999999999990e-03,-1.040834085586084e-17
15700,11,8.999999999999999e-03,8.999999999999991e-03,8.673617379884035e-18
15700,12,8.000000000000000e-03,7.999999999999993e-03,6.938893903907228e-18
15700,13,-7.000000000000000e-03,-6.999999999999999e-03,-8.673617379884035e-19
15700,14,6.000000000000000e-03,5.999999999999998e-03,2.602085213965211e-18
15700,15,5.000000000000000e-03,4.999999999999992e-03,7.806255641895632e-18
15700,16,-4.000000000000000e-03,-3.999999999999990e-03,-1.040834085586084e-17
15700,17,3.500000000000000e-03,3.500000000000001e-03,-1.301042606982605e-18
15700,18,3.000000000000000e-03,3.000000000000005e-03,-4.770489558936220e-18
15700,19,-2.500000000000000e-03,-2.500000000000000e-03,4.336808689942018e-19
15700,20,2.000000000000000e-03,2.000000000000011e-03,-1.127570259384925e-17
15700,21,1.800000000000000e-03,1.800000000000003e-03,-3.252606517456513e-18
15700,22,-1.500000000000000e-03,-1.499999999999999e-03,-1.301042606982605e-18
15700,23,1.200000000000000e-03,1.199999999999993e-03,7.155734338404329e-18
15700,24,1.000000000000000e-03,1.000000000000001e-03,-1.084202172485504e-18
15700,25,-8.000000000000000e-04,-7.999999999999884e-04,-1.160096324559490e-17
15700,26,5.999999999999999e-04,6.000000000000047e-04,-4.770489558936220e-18
15700,27,5.000000000000000e-04,5.000000000000062e-04,-6.179952383167375e-18
15700,28,-4.000000000000000e-04,-3.999999999999944e-04,-5.637851296924623e-18
15700,29,3.000000000000000e-04,2.999999999999923e-04,7.697835424647081e-18
15800,0,1.200000000000000e-01,1.199999999999998e-01,1.526556658859590e-16
15800,1,-8.000000000000000e-02,-8.000000000000014e-02,1.387778780781446e-16
15800,2,5.500000000000000e-02,5.499999999999996e-02,4.163336342344337e-17
15800,3,4.000000000000000e-02,3.999999999999997e-02,3.469446951953614e-17
15800,4,-3.000000000000000e-02,-2.999999999999999e-02,-1.040834085586084e-17
15800,5,2.500000000000000e-02,2.500000000000001e-02,-6.938893903907228e-18
15800,6,2.000000000000000e-02,1.999999999999999e-02,6.938893903907228e-18
15800,7,-1.800000000000000e-02,-1.800000000000001e-02,6.938893903907228e-18
15800,8,1.500000000000000e-02,1.500000000000000e-02,0.000000000000000e+00
15800,9,1.200000000000000e-02,1.200000000000000e-02,0.000000000000000e+00
15800,10,-1.000000000000000e-02,-1.000000000000001e-02,5.204170427930421e-18
15800,11,8.999999999999999e-03,8.999999999999991e-03,8.673617379884035e-18
15800,12,8.000000000000000e-03,8.000000000000000e-03,0.000000000000000e+00
15800,13,-7.000000000000000e-03,-6.999999999999998e-03,-1.734723475976807e-18
15800,14,6.000000000000000e-03,6.000000000000001e-03,-8.673617379884035e-19
15800,15,5.000000000000000e-03,4.999999999999997e-03,3.469446951953614e-18
15800,16,-4.000000000000000e-03,-3.999999999999997e-03,-3.469446951953614e-18
15800,17,3.500000000000000e-03,3.499999999999994e-03,5.637851296924623e-18
15800,18,3.000000000000000e-03,2.999999999999998e-03,2.168404344971009e-18
15800,19,-2.500000000000000e-03,-2.499999999999999e-03,-8.673617379884035e-19
15800,20,2.000000000000000e-03,1.999999999999997e-03,3.035766082959412e-18
15800,21,1.800000000000000e-03,1.799999999999997e-03,3.035766082959412e-18
15800,22,-1.500000000000000e-03,-1.500000000000000e-03,-4.336808689942018e-19
15800,23,1.200000000000000e-03,1.199999999999989e-03,1.062518129035794e-17
15800,24,1.000000000000000e-03,9.999999999999950e-04,4.987329993433320e-18
15800,25,-8.000000000000000e-04,-7.999999999999943e-04,-5.746271514173174e-18
15800,26,5.999999999999999e-04,6.000000000000028e-04,-2.818925648462312e-18
15800,27,5.000000000000000e-04,5.000000000000054e-04,-5.421010862427522e-18
15800,28,-4.000000000000000e-04,-3.999999999999980e-04,-2.005774019098183e-18
15800,29,3.000000000000000e-04,2.999999999999922e-04,7.752045533271357e-18
15900,0,1.200000000000000e-01,1.199999999999998e-01,1.526556658859590e-16
15900,1,-8.000000000000000e-02,-8.000000000000014e-02,1.387778780781446e-16
15900,2,5.500000000000000e-02,5.499999999999996e-02,4.163336342344337e-17
15900,3,4.000000000000000e-02,3.999999999999997e-02,3.469446951953614e-17
15900,4,-3.000000000000000e-02,-2.999999999999999e-02,-1.040834085586084e-17
15900,5,2.500000000000000e-02,2.500000000000000e-02,-3.469446951953614e-18
15900,6,2.000000000000000e-02,2.000000000000000e-02,0.000000000000000e+00
15900,7,-1.800000000000000e-02,-1.800000000000000e-02,3.469446951953614e-18
15900,8,1.500000000000000e-02,1.500000000000001e-02,-6.938893903907228e-18
15900,9,1.200000000000000e-02,1.200000000000000e-02,0.000000000000000e+00
15900,10,-1.000000000000000e-02,-1.000000000000001e-02,6.938893903907228e-18
15900,11,8.999999999999999e-03,9.000000000000001e-03,-1.734723475976807e-18
15900,12,8.000000000000000e-03,8.000000000000009e-03,-8.673617379884035e-18
15900,13,-7.000000000000000e-03,-6.999999999999990e-03,-1.040834085586084e-17
15900,14,6.000000000000000e-03,6.000000000000010e-03,-9.540979117872439e-18
15900,15,5.000000000000000e-03,5.000000000000004e-03,-3.469446951953614e-18
15900,16,-4.000000000000000e-03,-4.000000000000000e-03,0.000000000000000e+00
15900,17,3.500000000000000e-03,3.499999999999995e-03,4.770489558936220e-18
15900,18,3.000000000000000e-03,2.999999999999994e-03,5.637851296924623e-18
15900,19,-2.500000000000000e-03,-2.499999999999995e-03,-4.770489558936220e-18
15900,20,2.000000000000000e-03,2.000000000000002e-03,-1.734723475976807e-18
15900,21,1.800000000000000e-03,1.800000000000001e-03,-6.505213034913027e-19
15900,22,-1.500000000000000e-03,-1.499999999999993e-03,-6.722053469410127e-18
15900,23,1.200000000000000e-03,1.199999999999993e-03,6.938893903907228e-18
15900,24,1.000000000000000e-03,9.999999999999959e-04,4.119968255444917e-18
15900,25,-8.000000000000000e-04,-7.999999999999975e-04,-2.493664996716660e-18
15900,26,5.999999999999999e-04,6.000000000000014e-04,-1.409462824231156e-18
15900,27,5.000000000000000e-04,5.000000000000016e-04,-1.626303258728257e-18
15900,28,-4.000000000000000e-04,-4.000000000000010e-04,9.757819552369540e-19
15900,29,3.000000000000000e-04,2.999999999999959e-04,4.119968255444917e-18
16000,0,1.200000000000000e-01,1.199999999999998e-01,1.526556658859590e-16
16000,1,-8.000000000000000e-02,-8.000000000000014e-02,1.387778780781446e-16
16000,2,5.500000000000000e-02,5.499999999999996e-02,4.163336342344337e-17
16000,3,4.000000000000000e-02,3.999999999999997e-02,3.469446951953614e-17
16000,4,-3.000000000000000e-02,-2.999999999999999e-02,-6.938893903907228e-18
16000,5,2.500000000000000e-02,2.500000000000000e-02,-3.469446951953614e-18
16000,6,2.000000000000000e-02,2.000000000000000e-02,0.000000000000000e+00
16000,7,-1.800000000000000e-02,-1.800000000000000e-02,0.000000000000000e+00
16000,8,1.500000000000000e-02,1.499999999999999e-02,6.938893903907228e-18
16000,9,1.200000000000000e-02,1.199999999999999e-02,1.040834085586084e-17
16000,10,-1.000000000000000e-02,-1.000000000000000e-02,3.469446951953614e-18
16000,11,8.999999999999999e-03,9.000000000000005e-03,-5.204170427930421e-18
16000,12,8.000000000000000e-03,8.000000000000016e-03,-1.561251128379126e-17
16000,13,-7.000000000000000e-03,-6.999999999999981e-03,-1.908195823574488e-17
16000,14,6.000000000000000e-03,6.000000000000007e-03,-6.938893903907228e-18
16000,15,5.000000000000000e-03,4.999999999999998e-03,1.734723475976807e-18
16000,16,-4.000000000000000e-03,-4.000000000000011e-03,1.127570259384925e-17
16000,17,3.500000000000000e-03,3.499999999999989e-03,1.084202172485504e-17
16000,18,3.000000000000000e-03,2.999999999999990e-03,9.974659986866641e-18
16000,19,-2.500000000000000e-03,-2.499999999999995e-03,-5.204170427930421e-18
16000,20,2.000000000000000e-03,2.000000000000005e-03,-5.204170427930421e-18
16000,21,1.800000000000000e-03,1.799999999999993e-03,6.505213034913027e-18
16000,22,-1.500000000000000e-03,-1.499999999999994e-03,-5.637851296924623e-18
16000,23,1.200000000000000e-03,1.200000000000004e-03,-4.553649124439119e-18
16000,24,1.000000000000000e-03,1.000000000000003e-03,-3.035766082959412e-18
16000,25,-8.000000000000000e-04,-7.999999999999962e-04,-3.794707603699266e-18
16000,26,5.999999999999999e-04,5.999999999999979e-04,2.059984127722458e-18
16000,27,5.000000000000000e-04,4.999999999999947e-04,5.312590645178972e-18
16000,28,-4.000000000000000e-04,-4.000000000000105e-04,1.051676107310939e-17
16000,29,3.000000000000000e-04,2.999999999999933e-04,6.667843360785852e-18
16100,0,1.200000000000000e-01,1.199999999999998e-01,1.526556658859590e-16
16100,1,-8.000000000000000e-02,-8.000000000000014e-02,1.387778780781446e-16
16100,2,5.500000000000000e-02,5.499999999999996e-02,4.163336342344337e-17
16100,3,4.000000000000000e-02,3.999999999999997e-02,3.469446951953614e-17
16100,4,-3.000000000000000e-02,-2.999999999999999e-02,-6.938893903907228e-18
16100,5,2.500000000000000e-02,2.500000000000000e-02,-3.469446951953614e-18
16100,6,2.000000000000000e-02,2.000000000000000e-02,3.469446951953614e-18
16100,7,-1.800000000000000e-02,-1.800000000000000e-02,3.469446951953614e-18
16100,8,1.500000000000000e-02,1.499999999999999e-02,8.673617379884035e-18
16100,9,1.200000000000000e-02,1.199999999999999e-02,1.040834085586084e-17
16100,10,-1.000000000000000e-02,-1.000000000000001e-02,1.387778780781446e-17
16100,11,8.999999999999999e-03,8.999999999999998e-03,1.734723475976807e-18
16100,12,8.000000000000000e-03,8.000000000000014e-03,-1.387778780781446e-17
16100,13,-7.000000000000000e-03,-6.999999999999984e-03,-1.647987302177967e-17
16100,14,6.000000000000000e-03,6.000000000000008e-03,-7.806255641895632e-18
16100,15,5.000000000000000e-03,4.999999999999999e-03,8.673617379884035e-19
16100,16,-4.000000000000000e-03,-4.000000000000009e-03,8.673617379884035e-18
16100,17,3.500000000000000e-03,3.499999999999986e-03,1.431146867680866e-17
16100,18,3.000000000000000e-03,2.999999999999983e-03,1.691355389077387e-17
16100,19,-2.500000000000000e-03,-2.500000000000001e-03,1.301042606982605e-18
16100,20,2.000000000000000e-03,2.000000000000002e-03,-2.168404344971009e-18
16100,21,1.800000000000000e-03,1.799999999999995e-03,5.421010862427522e-18
16100,22,-1.500000000000000e-03,-1.499999999999996e-03,-3.903127820947816e-18
16100,23,1.200000000000000e-03,1.199999999999999e-03,1.301042606982605e-18
16100,24,1.000000000000000e-03,1.000000000000002e-03,-1.517883041479706e-18
16100,25,-8.000000000000000e-04,-7.999999999999928e-04,-7.264154555652880e-18
16100,26,5.999999999999999e-04,6.000000000000059e-04,-5.963111948670274e-18
16100,27,5.000000000000000e-04,4.999999999999975e-04,2.493664996716660e-18
16100,28,-4.000000000000000e-04,-4.000000000000090e-04,8.998878031629687e-18
16100,29,3.000000000000000e-04,2.999999999999929e-04,7.101524229780054e-18
16200,0,1.200000000000000e-01,1.199999999999998e-01,1.526556658859590e-16
16200,1,-8.000000000000000e-02,-8.000000000000014e-02,1.387778780781446e-16
16200,2,5.500000000000000e-02,5.499999999999996e-02,4.163336342344337e-17
16200,3,4.000000000000000e-02,3.999999999999997e-02,3.469446951953614e-17
16200,4,-3.000000000000000e-02,-3.000000000000001e-02,6.938893903907228e-18
16200,5,2.500000000000000e-02,2.500000000000000e-02,0.000000000000000e+00
16200,6,2.000000000000000e-02,2.000000000000000e-02,-3.469446951953614e-18
16200,7,-1.800000000000000e-02,-1.800000000000000e-02,0.000000000000000e+00
16200,8,1.500000000000000e-02,1.500000000000000e-02,3.469446951953614e-18
16200,9,1.200000000000000e-02,1.200000000000000e-02,-3.469446951953614e-18
16200,10,-1.000000000000000e-02,-1.000000000000001e-02,1.040834085586084e-17
16200,11,8.999999999999999e-03,9.000000000000001e-03,-1.734723475976807e-18
16200,12,8.000000000000000e-03,8.000000000000009e-03,-8.673617379884035e-18
16200,13,-7.000000000000000e-03,-6.999999999999974e-03,-2.602085213965211e-17
16200,14,6.000000000000000e-03,6.000000000000022e-03,-2.168404344971009e-17
16200,15,5.000000000000000e-03,5.000000000000003e-03,-2.602085213965211e-18
16200,16,-4.000000000000000e-03,-4.000000000000016e-03,1.561251128379126e-17
16200,17,3.500000000000000e-03,3.499999999999974e-03,2.645453300864631e-17
16200,18,3.000000000000000e-03,2.999999999999982e-03,1.778091562876227e-17
16200,19,-2.500000000000000e-03,-2.500000000000001e-03,8.673617379884035e-19
16200,20,2.000000000000000e-03,2.000000000000000e-03,-4.336808689942018e-19
16200,21,1.800000000000000e-03,1.799999999999998e-03,1.517883041479706e-18
16200,22,-1.500000000000000e-03,-1.499999999999997e-03,-3.252606517456513e-18
16200,23,1.200000000000000e-03,1.199999999999998e-03,1.951563910473908e-18
16200,24,1.000000000000000e-03,9.999999999999987e-04,1.301042606982605e-18
16200,25,-8.000000000000000e-04,-8.000000000000025e-04,2.493664996716660e-18
16200,26,5.999999999999999e-04,6.000000000000001e-04,-1.084202172485504e-19
16200,27,5.000000000000000e-04,4.999999999999917e-04,8.348356728138384e-18
16200,28,-4.000000000000000e-04,-4.000000000000035e-04,3.523657060577889e-18
16200,29,3.000000000000000e-04,3.000000000000005e-04,-4.878909776184770e-19
16300,0,1.200000000000000e-01,1.199999999999998e-01,1.526556658859590e-16
16300,1,-8.000000000000000e-02,-8.000000000000014e-02,1.387778780781446e-16
16300,2,5.500000000000000e-02,5.499999999999996e-02,4.163336342344337e-17
16300,3,4.000000000000000e-02,3.999999999999997e-02,3.469446951953614e-17
16300,4,-3.000000000000000e-02,-3.000000000000000e-02,3.469446951953614e-18
16300,5,2.500000000000000e-02,2.499999999999999e-02,1.040834085586084e-17
16300,6,2.000000000000000e-02,2.000000000000000e-02,-3.469446951953614e-18
16300,7,-1.800000000000000e-02,-1.800000000000000e-02,-3.469446951953614e-18
16300,8,1.500000000000000e-02,1.500000000000001e-02,-6.938893903907228e-18
16300,9,1.200000000000000e-02,1.200000000000001e-02,-1.387778780781446e-17
16300,10,-1.000000000000000e-02,-1.000000000000000e-02,3.469446951953614e-18
16300,11,8.999999999999999e-03,9.000000000000006e-03,-6.938893903907228e-18
16300,12,8.000000000000000e-03,8.000000000000002e-03,-1.734723475976807e-18
16300,13,-7.000000000000000e-03,-6.999999999999987e-03,-1.301042606982605e-17
16300,14,6.000000000000000e-03,6.000000000000011e-03,-1.127570259384925e-17
16300,15,5.000000000000000e-03,4.999999999999998e-03,2.602085213965211e-18
16300,16,-4.000000000000000e-03,-4.000000000000004e-03,3.469446951953614e-18
16300,17,3.500000000000000e-03,3.499999999999980e-03,2.038300084272748e-17
16300,18,3.000000000000000e-03,2.999999999999987e-03,1.257674520083185e-17
16300,19,-2.500000000000000e-03,-2.500000000000006e-03,6.071532165918825e-18
16300,20,2.000000000000000e-03,1.999999999999996e-03,4.336808689942018e-18
16300,21,1.800000000000000e-03,1.800000000000000e-03,4.336808689942018e-19
16300,22,-1.500000000000000e-03,-1.499999999999991e-03,-9.324138683375338e-18
16300,23,1.200000000000000e-03,1.200000000000004e-03,-3.903127820947816e-18
16300,24,1.000000000000000e-03,1.000000000000004e-03,-3.686287386450715e-18
16300,25,-8.000000000000000e-04,-7.999999999999973e-04,-2.710505431213761e-18
16300,26,5.999999999999999e-04,5.999999999999973e-04,2.602085213965211e-18
16300,27,5.000000000000000e-04,4.999999999999961e-04,3.903127820947816e-18
16300,28,-4.000000000000000e-04,-4.000000000000013e-04,1.301042606982605e-18
16300,29,3.000000000000000e-04,3.000000000000020e-04,-2.059984127722458e-18
16400,0,1.200000000000000e-01,1.199999999999998e-01,1.526556658859590e-16
16400,1,-8.000000000000000e-02,-8.000000000000014e-02,1.387778780781446e-16
16400,2,5.500000000000000e-02,5.499999999999996e-02,4.163336342344337e-17
16400,3,4.000000000000000e-02,3.999999999999997e-02,3.469446951953614e-17
16400,4,-3.000000000000000e-02,-3.000000000000000e-02,0.000000000000000e+00
16400,5,2.500000000000000e-02,2.500000000000000e-02,-3.469446951953614e-18
16400,6,2.000000000000000e-02,2.000000000000000e-02,0.000000000000000e+00
16400,7,-1.800000000000000e-02,-1.800000000000000e-02,0.000000000000000e+00
16400,8,1.500000000000000e-02,1.500000000000000e-02,1.734723475976807e-18
16400,9,1.200000000000000e-02,1.200000000000002e-02,-1.734723475976807e-17
16400,10,-1.000000000000000e-02,-1.000000000000000e-02,0.000000000000000e+00
16400,11,8.999999999999999e-03,9.000000000000006e-03,-6.938893903907228e-18
16400,12,8.000000000000000e-03,7.999999999999995e-03,5.204170427930421e-18
16400,13,-7.000000000000000e-03,-6.999999999999988e-03,-1.214306433183765e-17
16400,14,6.000000000000000e-03,6.000000000000004e-03,-4.336808689942018e-18
16400,15,5.000000000000000e-03,4.999999999999986e-03,1.387778780781446e-17
16400,16,-4.000000000000000e-03,-4.000000000000020e-03,1.994931997373328e-17
16400,17,3.500000000000000e-03,3.499999999999975e-03,2.471980953266950e-17
16400,18,3.000000000000000e-03,2.999999999999986e-03,1.431146867680866e-17
16400,19,-2.500000000000000e-03,-2.500000000000012e-03,1.170938346284345e-17
16400,20,2.000000000000000e-03,1.999999999999996e-03,4.336808689942018e-18
16400,21,1.800000000000000e-03,1.799999999999997e-03,3.252606517456513e-18
16400,22,-1.500000000000000e-03,-1.499999999999995e-03,-4.987329993433320e-18
16400,23,1.200000000000000e-03,1.200000000000002e-03,-1.734723475976807e-18
16400,24,1.000000000000000e-03,9.999999999999992e-04,8.673617379884035e-19
16400,25,-8.000000000000000e-04,-8.000000000000042e-04,4.119968255444917e-18
16400,26,5.999999999999999e-04,5.999999999999936e-04,6.396792817664476e-18
16400,27,5.000000000000000e-04,5.000000000000024e-04,-2.385244779468110e-18
16400,28,-4.000000000000000e-04,-3.999999999999988e-04,-1.246832498358330e-18
16400,29,3.000000000000000e-04,3.000000000000059e-04,-5.908901840045999e-18
16500,0,1.200000000000000e-01,1.199999999999998e-01,1.526556658859590e-16
16500,1,-8.000000000000000e-02,-8.000000000000014e-02,1.387778780781446e-16
16500,2,5.500000000000000e-02,5.499999999999996e-02,4.163336342344337e-17
16500,3,4.000000000000000e-02,3.999999999999997e-02,3.469446951953614e-17
16500,4,-3.000000000000000e-02,-3.000000000000001e-02,1.387778780781446e-17
16500,5,2.500000000000000e-02,2.499999999999999e-02,1.040834085586084e-17
16500,6,2.000000000000000e-02,2.000000000000000e-02,0.000000000000000e+00
16500,7,-1.800000000000000e-02,-1.800000000000000e-02,3.469446951953614e-18
16500,8,1.500000000000000e-02,1.500000000000000e-02,-1.734723475976807e-18
16500,9,1.200000000000000e-02,1.200000000000002e-02,-1.908195823574488e-17
16500,10,-1.000000000000000e-02,-1.000000000000001e-02,5.204170427930421e-18
16500,11,8.999999999999999e-03,8.999999999999996e-03,3.469446951953614e-18
16500,12,8.000000000000000e-03,7.999999999999998e-03,1.734723475976807e-18
16500,13,-7.000000000000000e-03,-6.999999999999991e-03,-8.673617379884035e-18
16500,14,6.000000000000000e-03,6.000000000000009e-03,-8.673617379884035e-18
16500,15,5.000000000000000e-03,4.999999999999995e-03,5.204170427930421e-18
16500,16,-4.000000000000000e-03,-4.000000000000020e-03,1.994931997373328e-17
16500,17,3.500000000000000e-03,3.499999999999979e-03,2.125036258071589e-17
16500,18,3.000000000000000e-03,2.999999999999986e-03,1.431146867680866e-17
16500,19,-2.500000000000000e-03,-2.500000000000021e-03,2.081668171172169e-17
16500,20,2.000000000000000e-03,1.999999999999984e-03,1.561251128379126e-17
16500,21,1.800000000000000e-03,1.799999999999993e-03,6.722053469410127e-18
16500,22,-1.500000000000000e-03,-1.499999999999994e-03,-6.505213034913027e-18
16500,23,1.200000000000000e-03,1.200000000000012e-03,-1.257674520083185e-17
16500,24,1.000000000000000e-03,1.000000000000007e-03,-6.938893903907228e-18
16500,25,-8.000000000000000e-04,-8.000000000000009e-04,8.673617379884035e-19
16500,26,5.999999999999999e-04,5.999999999999971e-04,2.818925648462312e-18
16500,27,5.000000000000000e-04,5.000000000000052e-04,-5.204170427930421e-18
16500,28,-4.000000000000000e-04,-3.999999999999919e-04,-8.077306185017008e-18
16500,29,3.000000000000000e-04,3.000000000000024e-04,-2.385244779468110e-18
16600,0,1.200000000000000e-01,1.199999999999998e-01,1.526556658859590e-16
16600,1,-8.000000000000000e-02,-8.000000000000014e-02,1.387778780781446e-16
16600,2,5.500000000000000e-02,5.499999999999996e-02,4.163336342344337e-17
16600,3,4.000000000000000e-02,3.999999999999997e-02,3.469446951953614e-17
16600,4,-3.000000000000000e-02,-3.000000000000002e-02,1.734723475976807e-17
16600,5,2.500000000000000e-02,2.499999999999999e-02,1.387778780781446e-17
16600,6,2.000000000000000e-02,2.000000000000000e-02,0.000000000000000e+00
16600,7,-1.800000000000000e-02,-1.800000000000000e-02,-3.469446951953614e-18
16600,8,1.500000000000000e-02,1.500000000000000e-02,1.734723475976807e-18
16600,9,1.200000000000000e-02,1.200000000000001e-02,-1.214306433183765e-17
16600,10,-1.000000000000000e-02,-9.999999999999998e-03,-1.734723475976807e-18
16600,11,8.999999999999999e-03,8.999999999999996e-03,3.469446951953614e-18
16600,12,8.000000000000000e-03,7.999999999999993e-03,6.938893903907228e-18
16600,13,-7.000000000000000e-03,-6.999999999999996e-03,-4.336808689942018e-18
16600,14,6.000000000000000e-03,6.000000000000011e-03,-1.127570259384925e-17
16600,15,5.000000000000000e-03,4.999999999999997e-03,3.469446951953614e-18
16600,16,-4.000000000000000e-03,-4.000000000000020e-03,1.994931997373328e-17
16600,17,3.500000000000000e-03,3.499999999999983e-03,1.691355389077387e-17
16600,18,3.000000000000000e-03,2.999999999999992e-03,8.239936510889834e-18
16600,19,-2.500000000000000e-03,-2.500000000000022e-03,2.211772431870429e-17
16600,20,2.000000000000000e-03,1.999999999999988e-03,1.170938346284345e-17
16600,21,1.800000000000000e-03,1.799999999999997e-03,3.252606517456513e-18
16600,22,-1.500000000000000e-03,-1.499999999999996e-03,-3.903127820947816e-18
16600,23,1.200000000000000e-03,1.200000000000018e-03,-1.799775606325937e-17
16600,24,1.000000000000000e-03,1.000000000000015e-03,-1.539567084929416e-17
16600,25,-8.000000000000000e-04,-8.000000000000017e-04,1.626303258728257e-18
16600,26,5.999999999999999e-04,5.999999999999929e-04,7.047314121155779e-18
16600,27,5.000000000000000e-04,5.000000000000036e-04,-3.577867169202165e-18
16600,28,-4.000000000000000e-04,-3.999999999999877e-04,-1.230569465771048e-17
16600,29,3.000000000000000e-04,3.000000000000012e-04,-1.246832498358330e-18
16700,0,1.200000000000000e-01,1.199999999999998e-01,1.526556658859590e-16
16700,1,-8.000000000000000e-02,-8.000000000000014e-02,1.387778780781446e-16
16700,2,5.500000000000000e-02,5.499999999999996e-02,4.163336342344337e-17
16700,3,4.000000000000000e-02,3.999999999999997e-02,3.469446951953614e-17
16700,4,-3.000000000000000e-02,-3.000000000000001e-02,1.387778780781446e-17
16700,5,2.500000000000000e-02,2.499999999999999e-02,1.387778780781446e-17
16700,6,2.000000000000000e-02,2.000000000000000e-02,0.000000000000000e+00
16700,7,-1.800000000000000e-02,-1.800000000000000e-02,-3.469446951953614e-18
16700,8,1.500000000000000e-02,1.500000000000002e-02,-1.734723475976807e-17
16700,9,1.200000000000000e-02,1.200000000000002e-02,-1.561251128379126e-17
16700,10,-1.000000000000000e-02,-1.000000000000000e-02,1.734723475976807e-18
16700,11,8.999999999999999e-03,8.999999999999992e-03,6.938893903907228e-18
16700,12,8.000000000000000e-03,8.000000000000002e-03,-1.734723475976807e-18
16700,13,-7.000000000000000e-03,-6.999999999999989e-03,-1.127570259384925e-17
16700,14,6.000000000000000e-03,6.000000000000015e-03,-1.474514954580286e-17
16700,15,5.000000000000000e-03,5.000000000000002e-03,-1.734723475976807e-18
16700,16,-4.000000000000000e-03,-4.000000000000017e-03,1.647987302177967e-17
16700,17,3.500000000000000e-03,3.499999999999988e-03,1.214306433183765e-17
16700,18,3.000000000000000e-03,2.999999999999999e-03,1.301042606982605e-18
16700,19,-2.500000000000000e-03,-2.500000000000020e-03,1.951563910473908e-17
16700,20,2.000000000000000e-03,1.999999999999997e-03,3.469446951953614e-18
16700,21,1.800000000000000e-03,1.800000000000003e-03,-3.035766082959412e-18
16700,22,-1.500000000000000e-03,-1.499999999999998e-03,-2.168404344971009e-18
16700,23,1.200000000000000e-03,1.200000000000010e-03,-1.019150042136374e-17
16700,24,1.000000000000000e-03,1.000000000000009e-03,-9.107298248878237e-18
16700,25,-8.000000000000000e-04,-7.999999999999957e-04,-4.336808689942018e-18
16700,26,5.999999999999999e-04,5.999999999999926e-04,7.372574772901430e-18
16700,27,5.000000000000000e-04,4.999999999999972e-04,2.818925648462312e-18
16700,28,-4.000000000000000e-04,-3.999999999999857e-04,-1.436567878543293e-17
16700,29,3.000000000000000e-04,3.000000000000107e-04,-1.067939139898222e-17
16800,0,1.200000000000000e-01,1.199999999999998e-01,1.526556658859590e-16
16800,1,-8.000000000000000e-02,-8.000000000000014e-02,1.387778780781446e-16
16800,2,5.500000000000000e-02,5.499999999999996e-02,4.163336342344337e-17
16800,3,4.000000000000000e-02,3.999999999999997e-02,3.469446951953614e-17
16800,4,-3.000000000000000e-02,-3.000000000000001e-02,1.040834085586084e-17
16800,5,2.500000000000000e-02,2.499999999999999e-02,6.938893903907228e-18
16800,6,2.000000000000000e-02,2.000000000000000e-02,-3.469446951953614e-18
16800,7,-1.800000000000000e-02,-1.800000000000000e-02,-3.469446951953614e-18
16800,8,1.500000000000000e-02,1.500000000000001e-02,-8.673617379884035e-18
16800,9,1.200000000000000e-02,1.200000000000001e-02,-1.214306433183765e-17
16800,10,-1.000000000000000e-02,-1.000000000000000e-02,1.734723475976807e-18
16800,11,8.999999999999999e-03,8.999999999999989e-03,1.040834085586084e-17
16800,12,8.000000000000000e-03,7.999999999999995e-03,5.204170427930421e-18
16800,13,-7.000000000000000e-03,-6.999999999999988e-03,-1.214306433183765e-17
16800,14,6.000000000000000e-03,6.000000000000011e-03,-1.040834085586084e-17
16800,15,5.000000000000000e-03,5.000000000000004e-03,-4.336808689942018e-18
16800,16,-4.000000000000000e-03,-4.000000000000013e-03,1.301042606982605e-17
16800,17,3.500000000000000e-03,3.499999999999986e-03,1.431146867680866e-17
16800,18,3.000000000000000e-03,3.000000000000001e-03,-8.673617379884035e-19
16800,19,-2.500000000000000e-03,-2.500000000000017e-03,1.691355389077387e-17
16800,20,2.000000000000000e-03,1.999999999999988e-03,1.170938346284345e-17
16800,21,1.800000000000000e-03,1.799999999999995e-03,4.987329993433320e-18
16800,22,-1.500000000000000e-03,-1.500000000000008e-03,7.589415207398531e-18
16800,23,1.200000000000000e-03,1.200000000000001e-03,-1.517883041479706e-18
16800,24,1.000000000000000e-03,1.000000000000001e-03,-8.673617379884035e-19
16800,25,-8.000000000000000e-04,-8.000000000000097e-04,9.649399335120989e-18
16800,26,5.999999999999999e-04,5.999999999999874e-04,1.257674520083185e-17
16800,27,5.000000000000000e-04,4.999999999999940e-04,5.963111948670274e-18
16800,28,-4.000000000000000e-04,-3.999999999999953e-04,-4.716279450311944e-18
16800,29,3.000000000000000e-04,3.000000000000078e-04,-7.860465750519907e-18
16900,0,1.200000000000000e-01,1.199999999999998e-01,1.526556658859590e-16
16900,1,-8.000000000000000e-02,-8.000000000000014e-02,1.387778780781446e-16
16900,2,5.500000000000000e-02,5.499999999999996e-02,4.163336342344337e-17
16900,3,4.000000000000000e-02,3.999999999999997e-02,3.469446951953614e-17
16900,4,-3.000000000000000e-02,-3.000000000000001e-02,1.040834085586084e-17
16900,5,2.500000000000000e-02,2.499999999999999e-02,6.938893903907228e-18
16900,6,2.000000000000000e-02,2.000000000000001e-02,-6.938893903907228e-18
16900,7,-1.800000000000000e-02,-1.800000000000000e-02,0.000000000000000e+00
16900,8,1.500000000000000e-02,1.500000000000001e-02,-6.938893903907228e-18
16900,9,1.200000000000000e-02,1.200000000000001e-02,-1.214306433183765e-17
16900,10,-1.000000000000000e-02,-1.000000000000000e-02,0.000000000000000e+00
16900,11,8.999999999999999e-03,8.999999999999992e-03,6.938893903907228e-18
16900,12,8.000000000000000e-03,7.999999999999997e-03,3.469446951953614e-18
16900,13,-7.000000000000000e-03,-6.999999999999998e-03,-2.602085213965211e-18
16900,14,6.000000000000000e-03,6.000000000000006e-03,-6.071532165918825e-18
16900,15,5.000000000000000e-03,5.000000000000001e-03,-8.673617379884035e-19
16900,16,-4.000000000000000e-03,-4.000000000000004e-03,4.336808689942018e-18
16900,17,3.500000000000000e-03,3.499999999999988e-03,1.170938346284345e-17
16900,18,3.000000000000000e-03,2.999999999999997e-03,3.469446951953614e-18
16900,19,-2.500000000000000e-03,-2.500000000000018e-03,1.778091562876227e-17
16900,20,2.000000000000000e-03,1.999999999999995e-03,5.204170427930421e-18
16900,21,1.800000000000000e-03,1.799999999999997e-03,2.818925648462312e-18
16900,22,-1.500000000000000e-03,-1.500000000000004e-03,3.686287386450715e-18
16900,23,1.200000000000000e-03,1.199999999999999e-03,8.673617379884035e-19
16900,24,1.000000000000000e-03,9.999999999999996e-04,4.336808689942018e-19
16900,25,-8.000000000000000e-04,-8.000000000000048e-04,4.770489558936220e-18
16900,26,5.999999999999999e-04,5.999999999999975e-04,2.493664996716660e-18
16900,27,5.000000000000000e-04,4.999999999999905e-04,9.540979117872439e-18
16900,28,-4.000000000000000e-04,-3.999999999999937e-04,-6.288372600415926e-18
16900,29,3.000000000000000e-04,3.000000000000099e-04,-9.920449878242366e-18
17000,0,1.200000000000000e-01,1.199999999999998e-01,1.526556658859590e-16
17000,1,-8.000000000000000e-02,-8.000000000000014e-02,1.387778780781446e-16
17000,2,5.500000000000000e-02,5.499999999999996e-02,4.163336342344337e-17
17000,3,4.000000000000000e-02,3.999999999999997e-02,3.469446951953614e-17
17000,4,-3.000000000000000e-02,-2.999999999999999e-02,-1.040834085586084e-17
17000,5,2.500000000000000e-02,2.500000000000002e-02,-1.387778780781446e-17
17000,6,2.000000000000000e-02,2.000000000000002e-02,-2.081668171172169e-17
17000,7,-1.800000000000000e-02,-1.800000000000000e-02,3.469446951953614e-18
17000,8,1.500000000000000e-02,1.500000000000000e-02,-5.204170427930421e-18
17000,9,1.200000000000000e-02,1.200000000000002e-02,-1.561251128379126e-17
17000,10,-1.000000000000000e-02,-9.999999999999995e-03,-5.204170427930421e-18
17000,11,8.999999999999999e-03,9.000000000000001e-03,-1.734723475976807e-18
17000,12,8.000000000000000e-03,8.000000000000002e-03,-1.734723475976807e-18
17000,13,-7.000000000000000e-03,-6.999999999999995e-03,-5.204170427930421e-18
17000,14,6.000000000000000e-03,6.000000000000006e-03,-6.071532165918825e-18
17000,15,5.000000000000000e-03,5.000000000000005e-03,-5.204170427930421e-18
17000,16,-4.000000000000000e-03,-3.999999999999997e-03,-3.469446951953614e-18
17000,17,3.500000000000000e-03,3.499999999999996e-03,3.903127820947816e-18
17000,18,3.000000000000000e-03,3.000000000000006e-03,-6.071532165918825e-18
17000,19,-2.500000000000000e-03,-2.500000000000005e-03,5.204170427930421e-18
17000,20,2.000000000000000e-03,2.000000000000008e-03,-8.239936510889834e-18
17000,21,1.800000000000000e-03,1.800000000000010e-03,-9.974659986866641e-18
17000,22,-1.500000000000000e-03,-1.499999999999990e-03,-1.019150042136374e-17
17000,23,1.200000000000000e-03,1.200000000000013e-03,-1.301042606982605e-17
17000,24,1.000000000000000e-03,1.000000000000008e-03,-8.239936510889834e-18
17000,25,-8.000000000000000e-04,-8.000000000000031e-04,3.035766082959412e-18
17000,26,5.999999999999999e-04,6.000000000000032e-04,-3.252606517456513e-18
17000,27,5.000000000000000e-04,5.000000000000000e-04,0.000000000000000e+00
17000,28,-4.000000000000000e-04,-3.999999999999880e-04,-1.203464411458910e-17
17000,29,3.000000000000000e-04,3.000000000000165e-04,-1.653408313040394e-17
17100,0,1.200000000000000e-01,1.199999999999998e-01,1.526556658859590e-16
17100,1,-8.000000000000000e-02,-8.000000000000014e-02,1.387778780781446e-16
17100,2,5.500000000000000e-02,5.499999999999996e-02,4.163336342344337e-17
17100,3,4.000000000000000e-02,3.999999999999997e-02,3.469446951953614e-17
17100,4,-3.000000000000000e-02,-2.999999999999998e-02,-1.734723475976807e-17
17100,5,2.500000000000000e-02,2.500000000000002e-02,-1.734723475976807e-17
17100,6,2.000000000000000e-02,2.000000000000002e-02,-2.081668171172169e-17
17100,7,-1.800000000000000e-02,-1.800000000000000e-02,3.469446951953614e-18
17100,8,1.500000000000000e-02,1.500000000000001e-02,-1.214306433183765e-17
17100,9,1.200000000000000e-02,1.200000000000002e-02,-2.428612866367530e-17
17100,10,-1.000000000000000e-02,-9.999999999999985e-03,-1.561251128379126e-17
17100,11,8.999999999999999e-03,9.000000000000003e-03,-3.469446951953614e-18
17100,12,8.000000000000000e-03,8.000000000000000e-03,0.000000000000000e+00
17100,13,-7.000000000000000e-03,-6.999999999999988e-03,-1.214306433183765e-17
17100,14,6.000000000000000e-03,6.000000000000004e-03,-4.336808689942018e-18
17100,15,5.000000000000000e-03,4.999999999999999e-03,8.673617379884035e-19
17100,16,-4.000000000000000e-03,-4.000000000000004e-03,4.336808689942018e-18
17100,17,3.500000000000000e-03,3.499999999999991e-03,9.540979117872439e-18
17100,18,3.000000000000000e-03,2.999999999999997e-03,3.469446951953614e-18
17100,19,-2.500000000000000e-03,-2.500000000000006e-03,5.637851296924623e-18
17100,20,2.000000000000000e-03,2.000000000000000e-03,-4.336808689942018e-19
17100,21,1.800000000000000e-03,1.800000000000008e-03,-8.239936510889834e-18
17100,22,-1.500000000000000e-03,-1.499999999999991e-03,-9.107298248878237e-18
17100,23,1.200000000000000e-03,1.200000000000007e-03,-6.722053469410127e-18
17100,24,1.000000000000000e-03,1.000000000000003e-03,-3.469446951953614e-18
17100,25,-8.000000000000000e-04,-8.000000000000115e-04,1.149254302834635e-17
17100,26,5.999999999999999e-04,5.999999999999911e-04,8.890457814381136e-18
17100,27,5.000000000000000e-04,4.999999999999937e-04,6.288372600415926e-18
17100,28,-4.000000000000000e-04,-3.999999999999937e-04,-6.342582709040201e-18
17100,29,3.000000000000000e-04,3.000000000000093e-04,-9.324138683375338e-18
17200,0,1.200000000000000e-01,1.199999999999998e-01,1.526556658859590e-16
17200,1,-8.000000000000000e-02,-8.000000000000014e-02,1.387778780781446e-16
17200,2,5.500000000000000e-02,5.499999999999996e-02,4.163336342344337e-17
17200,3,4.000000000000000e-02,3.999999999999997e-02,3.469446951953614e-17
17200,4,-3.000000000000000e-02,-3.000000000000000e-02,-3.469446951953614e-18
17200,5,2.500000000000000e-02,2.500000000000002e-02,-1.387778780781446e-17
17200,6,2.000000000000000e-02,2.000000000000001e-02,-1.040834085586084e-17
17200,7,-1.800000000000000e-02,-1.800000000000000e-02,-3.469446951953614e-18
17200,8,1.500000000000000e-02,1.500000000000001e-02,-1.040834085586084e-17
17200,9,1.200000000000000e-02,1.200000000000002e-02,-1.561251128379126e-17
17200,10,-1.000000000000000e-02,-9.999999999999990e-03,-1.040834085586084e-17
17200,11,8.999999999999999e-03,8.999999999999994e-03,5.204170427930421e-18
17200,12,8.000000000000000e-03,7.999999999999995e-03,5.204170427930421e-18
17200,13,-7.000000000000000e-03,-6.999999999999997e-03,-3.469446951953614e-18
17200,14,6.000000000000000e-03,6.000000000000003e-03,-2.602085213965211e-18
17200,15,5.000000000000000e-03,4.999999999999992e-03,7.806255641895632e-18
17200,16,-4.000000000000000e-03,-4.000000000000014e-03,1.387778780781446e-17
17200,17,3.500000000000000e-03,3.499999999999990e-03,9.974659986866641e-18
17200,18,3.000000000000000e-03,3.000000000000000e-03,-4.336808689942018e-19
17200,19,-2.500000000000000e-03,-2.500000000000004e-03,3.903127820947816e-18
17200,20,2.000000000000000e-03,1.999999999999997e-03,2.602085213965211e-18
17200,21,1.800000000000000e-03,1.800000000000005e-03,-4.553649124439119e-18
17200,22,-1.500000000000000e-03,-1.499999999999989e-03,-1.149254302834635e-17
17200,23,1.200000000000000e-03,1.200000000000005e-03,-5.204170427930421e-18
17200,24,1.000000000000000e-03,1.000000000000004e-03,-3.903127820947816e-18
17200,25,-8.000000000000000e-04,-8.000000000000032e-04,3.144186300207963e-18
17200,26,5.999999999999999e-04,5.999999999999867e-04,1.322726650432315e-17
17200,27,5.000000000000000e-04,4.999999999999930e-04,7.047314121155779e-18
17200,28,-4.000000000000000e-04,-3.999999999999939e-04,-6.125742274543100e-18
17200,29,3.000000000000000e-04,3.000000000000043e-04,-4.282598581317743e-18
17300,0,1.200000000000000e-01,1.199999999999998e-01,1.526556658859590e-16
17300,1,-8.000000000000000e-02,-8.000000000000014e-02,1.387778780781446e-16
17300,2,5.500000000000000e-02,5.499999999999996e-02,4.163336342344337e-17
17300,3,4.000000000000000e-02,3.999999999999997e-02,3.469446951953614e-17
17300,4,-3.000000000000000e-02,-2.999999999999999e-02,-1.040834085586084e-17
17300,5,2.500000000000000e-02,2.500000000000002e-02,-1.734723475976807e-17
17300,6,2.000000000000000e-02,2.000000000000000e-02,0.000000000000000e+00
17300,7,-1.800000000000000e-02,-1.800000000000000e-02,3.469446951953614e-18
17300,8,1.500000000000000e-02,1.500000000000000e-02,1.734723475976807e-18
17300,9,1.200000000000000e-02,1.200000000000001e-02,-5.204170427930421e-18
17300,10,-1.000000000000000e-02,-1.000000000000000e-02,1.734723475976807e-18
17300,11,8.999999999999999e-03,8.999999999999992e-03,6.938893903907228e-18
17300,12,8.000000000000000e-03,7.999999999999997e-03,3.469446951953614e-18
17300,13,-7.000000000000000e-03,-6.999999999999997e-03,-3.469446951953614e-18
17300,14,6.000000000000000e-03,6.000000000000011e-03,-1.040834085586084e-17
17300,15,5.000000000000000e-03,5.000000000000005e-03,-5.204170427930421e-18
17300,16,-4.000000000000000e-03,-4.000000000000007e-03,6.938893903907228e-18
17300,17,3.500000000000000e-03,3.499999999999998e-03,1.734723475976807e-18
17300,18,3.000000000000000e-03,2.999999999999995e-03,5.204170427930421e-18
17300,19,-2.500000000000000e-03,-2.500000000000007e-03,6.938893903907228e-18
17300,20,2.000000000000000e-03,2.000000000000003e-03,-3.035766082959412e-18
17300,21,1.800000000000000e-03,1.800000000000006e-03,-5.637851296924623e-18
17300,22,-1.500000000000000e-03,-1.499999999999984e-03,-1.647987302177967e-17
17300,23,1.200000000000000e-03,1.200000000000010e-03,-9.974659986866641e-18
17300,24,1.000000000000000e-03,1.000000000000010e-03,-9.974659986866641e-18
17300,25,-8.000000000000000e-04,-8.000000000000011e-04,1.084202172485504e-18
17300,26,5.999999999999999e-04,5.999999999999802e-04,1.973247953923618e-17
17300,27,5.000000000000000e-04,4.999999999999938e-04,6.179952383167375e-18
17300,28,-4.000000000000000e-04,-3.999999999999903e-04,-9.757819552369540e-18
17300,29,3.000000000000000e-04,3.000000000000047e-04,-4.716279450311944e-18
17400,0,1.200000000000000e-01,1.199999999999998e-01,1.526556658859590e-16
17400,1,-8.000000000000000e-02,-8.000000000000014e-02,1.387778780781446e-16
17400,2,5.500000000000000e-02,5.499999999999996e-02,4.163336342344337e-17
17400,3,4.000000000000000e-02,3.999999999999997e-02,3.469446951953614e-17
17400,4,-3.000000000000000e-02,-2.999999999999999e-02,-6.938893903907228e-18
17400,5,2.500000000000000e-02,2.500000000000002e-02,-2.081668171172169e-17
17400,6,2.000000000000000e-02,2.000000000000000e-02,-3.469446951953614e-18
17400,7,-1.800000000000000e-02,-1.800000000000000e-02,0.000000000000000e+00
17400,8,1.500000000000000e-02,1.500000000000001e-02,-6.938893903907228e-18
17400,9,1.200000000000000e-02,1.200000000000001e-02,-5.204170427930421e-18
17400,10,-1.000000000000000e-02,-1.000000000000000e-02,0.000000000000000e+00
17400,11,8.999999999999999e-03,9.000000000000003e-03,-3.469446951953614e-18
17400,12,8.000000000000000e-03,8.000000000000000e-03,0.000000000000000e+00
17400,13,-7.000000000000000e-03,-6.999999999999995e-03,-5.204170427930421e-18
17400,14,6.000000000000000e-03,6.000000000000012e-03,-1.214306433183765e-17
17400,15,5.000000000000000e-03,5.000000000000002e-03,-1.734723475976807e-18
17400,16,-4.000000000000000e-03,-4.000000000000002e-03,1.734723475976807e-18
17400,17,3.500000000000000e-03,3.499999999999995e-03,5.204170427930421e-18
17400,18,3.000000000000000e-03,2.999999999999995e-03,4.770489558936220e-18
17400,19,-2.500000000000000e-03,-2.500000000000004e-03,3.469446951953614e-18
17400,20,2.000000000000000e-03,1.999999999999996e-03,3.903127820947816e-18
17400,21,1.800000000000000e-03,1.799999999999999e-03,8.673617379884035e-19
17400,22,-1.500000000000000e-03,-1.500000000000000e-03,0.000000000000000e+00
17400,23,1.200000000000000e-03,1.200000000000001e-03,-6.505213034913027e-19
17400,24,1.000000000000000e-03,1.000000000000007e-03,-6.722053469410127e-18
17400,25,-8.000000000000000e-04,-8.000000000000006e-04,5.421010862427522e-19
17400,26,5.999999999999999e-04,5.999999999999851e-04,1.485356976305141e-17
17400,27,5.000000000000000e-04,5.000000000000020e-04,-1.951563910473908e-18
17400,28,-4.000000000000000e-04,-3.999999999999924e-04,-7.643625316022806e-18
17400,29,3.000000000000000e-04,2.999999999999993e-04,6.505213034913027e-19
17500,0,1.200000000000000e-01,1.199999999999998e-01,1.526556658859590e-16
17500,1,-8.000000000000000e-02,-8.000000000000014e-02,1.387778780781446e-16
17500,2,5.500000000000000e-02,5.499999999999996e-02,4.163336342344337e-17
17500,3,4.000000000000000e-02,3.999999999999997e-02,3.469446951953614e-17
17500,4,-3.000000000000000e-02,-2.999999999999999e-02,-1.040834085586084e-17
17500,5,2.500000000000000e-02,2.500000000000000e-02,-3.469446951953614e-18
17500,6,2.000000000000000e-02,2.000000000000000e-02,0.000000000000000e+00
17500,7,-1.800000000000000e-02,-1.800000000000000e-02,0.000000000000000e+00
17500,8,1.500000000000000e-02,1.500000000000001e-02,-1.387778780781446e-17
17500,9,1.200000000000000e-02,1.200000000000003e-02,-2.775557561562891e-17
17500,10,-1.000000000000000e-02,-9.999999999999985e-03,-1.561251128379126e-17
17500,11,8.999999999999999e-03,9.000000000000010e-03,-1.040834085586084e-17
17500,12,8.000000000000000e-03,7.999999999999998e-03,1.734723475976807e-18
17500,13,-7.000000000000000e-03,-7.000000000000009e-03,8.673617379884035e-18
17500,14,6.000000000000000e-03,6.000000000000004e-03,-4.336808689942018e-18
17500,15,5.000000000000000e-03,4.999999999999997e-03,3.469446951953614e-18
17500,16,-4.000000000000000e-03,-4.000000000000008e-03,7.806255641895632e-18
17500,17,3.500000000000000e-03,3.499999999999997e-03,3.035766082959412e-18
17500,18,3.000000000000000e-03,2.999999999999994e-03,6.505213034913027e-18
17500,19,-2.500000000000000e-03,-2.499999999999997e-03,-3.035766082959412e-18
17500,20,2.000000000000000e-03,2.000000000000006e-03,-5.637851296924623e-18
17500,21,1.800000000000000e-03,1.800000000000002e-03,-1.951563910473908e-18
17500,22,-1.500000000000000e-03,-1.499999999999995e-03,-4.987329993433320e-18
17500,23,1.200000000000000e-03,1.199999999999997e-03,3.035766082959412e-18
17500,24,1.000000000000000e-03,1.000000000000001e-03,-1.301042606982605e-18
17500,25,-8.000000000000000e-04,-7.999999999999988e-04,-1.192622389734055e-18
17500,26,5.999999999999999e-04,5.999999999999789e-04,2.103352214621879e-17
17500,27,5.000000000000000e-04,4.999999999999865e-04,1.355252715606881e-17
17500,28,-4.000000000000000e-04,-3.999999999999967e-04,-3.306816626080789e-18
17500,29,3.000000000000000e-04,2.999999999999975e-04,2.439454888092385e-18
17600,0,1.200000000000000e-01,1.199999999999998e-01,1.526556658859590e-16
17600,1,-8.000000000000000e-02,-8.000000000000014e-02,1.387778780781446e-16
17600,2,5.500000000000000e-02,5.499999999999996e-02,4.163336342344337e-17
17600,3,4.000000000000000e-02,3.999999999999997e-02,3.469446951953614e-17
17600,4,-3.000000000000000e-02,-2.999999999999998e-02,-1.734723475976807e-17
17600,5,2.500000000000000e-02,2.500000000000000e-02,0.000000000000000e+00
17600,6,2.000000000000000e-02,2.000000000000001e-02,-1.040834085586084e-17
17600,7,-1.800000000000000e-02,-1.800000000000000e-02,-3.469446951953614e-18
17600,8,1.500000000000000e-02,1.500000000000002e-02,-1.561251128379126e-17
17600,9,1.200000000000000e-02,1.200000000000003e-02,-3.122502256758253e-17
17600,10,-1.000000000000000e-02,-9.999999999999988e-03,-1.214306433183765e-17
17600,11,8.999999999999999e-03,9.000000000000003e-03,-3.469446951953614e-18
17600,12,8.000000000000000e-03,7.999999999999997e-03,3.469446951953614e-18
17600,13,-7.000000000000000e-03,-7.000000000000013e-03,1.301042606982605e-17
17600,14,6.000000000000000e-03,6.000000000000007e-03,-6.938893903907228e-18
17600,15,5.000000000000000e-03,5.000000000000002e-03,-1.734723475976807e-18
17600,16,-4.000000000000000e-03,-4.000000000000002e-03,1.734723475976807e-18
17600,17,3.500000000000000e-03,3.500000000000004e-03,-3.903127820947816e-18
17600,18,3.000000000000000e-03,2.999999999999999e-03,8.673617379884035e-19
17600,19,-2.500000000000000e-03,-2.500000000000005e-03,4.770489558936220e-18
17600,20,2.000000000000000e-03,1.999999999999996e-03,4.336808689942018e-18
17600,21,1.800000000000000e-03,1.799999999999993e-03,6.722053469410127e-18
17600,22,-1.500000000000000e-03,-1.499999999999992e-03,-7.806255641895632e-18
17600,23,1.200000000000000e-03,1.200000000000003e-03,-3.252606517456513e-18
17600,24,1.000000000000000e-03,1.000000000000000e-03,-2.168404344971009e-19
17600,25,-8.000000000000000e-04,-8.000000000000001e-04,1.084202172485504e-19
17600,26,5.999999999999999e-04,5.999999999999700e-04,2.992397996059992e-17
17600,27,5.000000000000000e-04,4.999999999999751e-04,2.493664996716660e-17
17600,28,-4.000000000000000e-04,-3.999999999999990e-04,-9.757819552369540e-19
17600,29,3.000000000000000e-04,3.000000000000011e-04,-1.084202172485504e-18
17700,0,1.200000000000000e-01,1.199999999999998e-01,1.526556658859590e-16
17700,1,-8.000000000000000e-02,-8.000000000000014e-02,1.387778780781446e-16
17700,2,5.500000000000000e-02,5.499999999999996e-02,4.163336342344337e-17
17700,3,4.000000000000000e-02,3.999999999999997e-02,3.469446951953614e-17
17700,4,-3.000000000000000e-02,-2.999999999999998e-02,-2.081668171172169e-17
17700,5,2.500000000000000e-02,2.500000000000000e-02,0.000000000000000e+00
17700,6,2.000000000000000e-02,2.000000000000001e-02,-1.387778780781446e-17
17700,7,-1.800000000000000e-02,-1.800000000000000e-02,-3.469446951953614e-18
17700,8,1.500000000000000e-02,1.500000000000001e-02,-1.214306433183765e-17
17700,9,1.200000000000000e-02,1.200000000000002e-02,-2.428612866367530e-17
17700,10,-1.000000000000000e-02,-9.999999999999990e-03,-1.040834085586084e-17
17700,11,8.999999999999999e-03,9.000000000000010e-03,-1.040834085586084e-17
17700,12,8.000000000000000e-03,8.000000000000002e-03,-1.734723475976807e-18
17700,13,-7.000000000000000e-03,-6.999999999999997e-03,-3.469446951953614e-18
17700,14,6.000000000000000e-03,6.000000000000017e-03,-1.647987302177967e-17
17700,15,5.000000000000000e-03,5.000000000000009e-03,-8.673617379884035e-18
17700,16,-4.000000000000000e-03,-3.999999999999998e-03,-1.734723475976807e-18
17700,17,3.500000000000000e-03,3.500000000000005e-03,-5.204170427930421e-18
17700,18,3.000000000000000e-03,3.000000000000003e-03,-2.602085213965211e-18
17700,19,-2.500000000000000e-03,-2.500000000000002e-03,2.168404344971009e-18
17700,20,2.000000000000000e-03,1.999999999999994e-03,6.505213034913027e-18
17700,21,1.800000000000000e-03,1.800000000000002e-03,-2.168404344971009e-18
17700,22,-1.500000000000000e-03,-1.499999999999989e-03,-1.127570259384925e-17
17700,23,1.200000000000000e-03,1.200000000000007e-03,-6.938893903907228e-18
17700,24,1.000000000000000e-03,1.000000000000009e-03,-8.673617379884035e-18
17700,25,-8.000000000000000e-04,-8.000000000000000e-04,0.000000000000000e+00
17700,26,5.999999999999999e-04,5.999999999999683e-04,3.165870343657673e-17
17700,27,5.000000000000000e-04,4.999999999999829e-04,1.713039432527097e-17
17700,28,-4.000000000000000e-04,-4.000000000000037e-04,3.686287386450715e-18
17700,29,3.000000000000000e-04,3.000000000000009e-04,-9.757819552369540e-19
17800,0,1.200000000000000e-01,1.199999999999998e-01,1.526556658859590e-16
17800,1,-8.000000000000000e-02,-8.000000000000014e-02,1.387778780781446e-16
17800,2,5.500000000000000e-02,5.499999999999996e-02,4.163336342344337e-17
17800,3,4.000000000000000e-02,3.999999999999997e-02,3.469446951953614e-17
17800,4,-3.000000000000000e-02,-2.999999999999997e-02,-2.428612866367530e-17
17800,5,2.500000000000000e-02,2.500000000000000e-02,0.000000000000000e+00
17800,6,2.000000000000000e-02,2.000000000000001e-02,-1.387778780781446e-17
17800,7,-1.800000000000000e-02,-1.800000000000000e-02,0.000000000000000e+00
17800,8,1.500000000000000e-02,1.500000000000001e-02,-8.673617379884035e-18
17800,9,1.200000000000000e-02,1.200000000000002e-02,-2.255140518769849e-17
17800,10,-1.000000000000000e-02,-9.999999999999995e-03,-5.204170427930421e-18
17800,11,8.999999999999999e-03,9.000000000000013e-03,-1.387778780781446e-17
17800,12,8.000000000000000e-03,8.000000000000004e-03,-3.469446951953614e-18
17800,13,-7.000000000000000e-03,-6.999999999999998e-03,-1.734723475976807e-18
17800,14,6.000000000000000e-03,6.000000000000010e-03,-9.540979117872439e-18
17800,15,5.000000000000000e-03,4.999999999999994e-03,6.071532165918825e-18
17800,16,-4.000000000000000e-03,-4.000000000000003e-03,2.602085213965211e-18
17800,17,3.500000000000000e-03,3.499999999999997e-03,2.602085213965211e-18
17800,18,3.000000000000000e-03,3.000000000000004e-03,-3.903127820947816e-18
17800,19,-2.500000000000000e-03,-2.499999999999992e-03,-8.239936510889834e-18
17800,20,2.000000000000000e-03,2.000000000000008e-03,-8.239936510889834e-18
17800,21,1.800000000000000e-03,1.800000000000011e-03,-1.084202172485504e-17
17800,22,-1.500000000000000e-03,-1.499999999999996e-03,-4.336808689942018e-18
17800,23,1.200000000000000e-03,1.199999999999998e-03,2.385244779468110e-18
17800,24,1.000000000000000e-03,1.000000000000004e-03,-4.336808689942018e-18
17800,25,-8.000000000000000e-04,-8.000000000000047e-04,4.662069341687669e-18
17800,26,5.999999999999999e-04,5.999999999999733e-04,2.667137344314341e-17
17800,27,5.000000000000000e-04,4.999999999999886e-04,1.138412281109780e-17
17800,28,-4.000000000000000e-04,-4.000000000000068e-04,6.830473686658678e-18
17800,29,3.000000000000000e-04,2.999999999999943e-04,5.637851296924623e-18
17900,0,1.200000000000000e-01,1.199999999999998e-01,1.526556658859590e-16
17900,1,-8.000000000000000e-02,-8.000000000000014e-02,1.387778780781446e-16
17900,2,5.500000000000000e-02,5.499999999999996e-02,4.163336342344337e-17
17900,3,4.000000000000000e-02,3.999999999999997e-02,3.469446951953614e-17
17900,4,-3.000000000000000e-02,-2.999999999999997e-02,-3.122502256758253e-17
17900,5,2.500000000000000e-02,2.500000000000001e-02,-6.938893903907228e-18
17900,6,2.000000000000000e-02,2.000000000000001e-02,-1.040834085586084e-17
17900,7,-1.800000000000000e-02,-1.800000000000000e-02,-3.469446951953614e-18
17900,8,1.500000000000000e-02,1.500000000000001e-02,-1.040834085586084e-17
17900,9,1.200000000000000e-02,1.200000000000001e-02,-5.204170427930421e-18
17900,10,-1.000000000000000e-02,-1.000000000000000e-02,1.734723475976807e-18
17900,11,8.999999999999999e-03,9.000000000000001e-03,-1.734723475976807e-18
17900,12,8.000000000000000e-03,7.999999999999993e-03,6.938893903907228e-18
17900,13,-7.000000000000000e-03,-7.000000000000002e-03,1.734723475976807e-18
17900,14,6.000000000000000e-03,6.000000000000010e-03,-9.540979117872439e-18
17900,15,5.000000000000000e-03,4.999999999999986e-03,1.387778780781446e-17
17900,16,-4.000000000000000e-03,-4.000000000000008e-03,7.806255641895632e-18
17900,17,3.500000000000000e-03,3.499999999999987e-03,1.344410693882025e-17
17900,18,3.000000000000000e-03,2.999999999999997e-03,2.602085213965211e-18
17900,19,-2.500000000000000e-03,-2.499999999999993e-03,-7.372574772901430e-18
17900,20,2.000000000000000e-03,2.000000000000000e-03,0.000000000000000e+00
17900,21,1.800000000000000e-03,1.800000000000002e-03,-1.734723475976807e-18
17900,22,-1.500000000000000e-03,-1.500000000000003e-03,3.035766082959412e-18
17900,23,1.200000000000000e-03,1.199999999999988e-03,1.235990476633475e-17
17900,24,1.000000000000000e-03,1.000000000000001e-03,-1.084202172485504e-18
17900,25,-8.000000000000000e-04,-8.000000000000024e-04,2.385244779468110e-18
17900,26,5.999999999999999e-04,5.999999999999821e-04,1.788933584601082e-17
17900,27,5.000000000000000e-04,4.999999999999930e-04,7.047314121155779e-18
17900,28,-4.000000000000000e-04,-4.000000000000105e-04,1.046255096448512e-17
17900,29,3.000000000000000e-04,2.999999999999950e-04,4.987329993433320e-18
18000,0,1.200000000000000e-01,1.199999999999998e-01,1.526556658859590e-16
18000,1,-8.000000000000000e-02,-8.000000000000014e-02,1.387778780781446e-16
18000,2,5.500000000000000e-02,5.499999999999996e-02,4.163336342344337e-17
18000,3,4.000000000000000e-02,3.999999999999997e-02,3.469446951953614e-17
18000,4,-3.000000000000000e-02,-2.999999999999997e-02,-2.428612866367530e-17
18000,5,2.500000000000000e-02,2.500000000000001e-02,-6.938893903907228e-18
18000,6,2.000000000000000e-02,2.000000000000002e-02,-1.734723475976807e-17
18000,7,-1.800000000000000e-02,-1.800000000000000e-02,3.469446951953614e-18
18000,8,1.500000000000000e-02,1.500000000000002e-02,-1.561251128379126e-17
18000,9,1.200000000000000e-02,1.200000000000002e-02,-1.561251128379126e-17
18000,10,-1.000000000000000e-02,-9.999999999999997e-03,-3.469446951953614e-18
18000,11,8.999999999999999e-03,8.999999999999987e-03,1.214306433183765e-17
18000,12,8.000000000000000e-03,7.999999999999997e-03,3.469446951953614e-18
18000,13,-7.000000000000000e-03,-7.000000000000006e-03,6.071532165918825e-18
18000,14,6.000000000000000e-03,6.000000000000014e-03,-1.387778780781446e-17
18000,15,5.000000000000000e-03,4.999999999999998e-03,2.602085213965211e-18
18000,16,-4.000000000000000e-03,-4.000000000000005e-03,5.204170427930421e-18
18000,17,3.500000000000000e-03,3.499999999999991e-03,8.673617379884035e-18
18000,18,3.000000000000000e-03,3.000000000000000e-03,4.336808689942018e-19
18000,19,-2.500000000000000e-03,-2.499999999999997e-03,-3.469446951953614e-18
18000,20,2.000000000000000e-03,1.999999999999998e-03,1.734723475976807e-18
18000,21,1.800000000000000e-03,1.800000000000004e-03,-4.119968255444917e-18
18000,22,-1.500000000000000e-03,-1.500000000000005e-03,4.987329993433320e-18
18000,23,1.200000000000000e-03,1.199999999999987e-03,1.301042606982605e-17
18000,24,1.000000000000000e-03,9.999999999999939e-04,6.071532165918825e-18
18000,25,-8.000000000000000e-04,-8.000000000000114e-04,1.138412281109780e-17
18000,26,5.999999999999999e-04,5.999999999999842e-04,1.572093150103981e-17
18000,27,5.000000000000000e-04,4.999999999999899e-04,1.008308020411519e-17
18000,28,-4.000000000000000e-04,-4.000000000000077e-04,7.643625316022806e-18
18000,29,3.000000000000000e-04,2.999999999999994e-04,5.963111948670274e-19
18100,0,1.200000000000000e-01,1.199999999999998e-01,1.526556658859590e-16
18100,1,-8.000000000000000e-02,-8.000000000000014e-02,1.387778780781446e-16
18100,2,5.500000000000000e-02,5.499999999999996e-02,4.163336342344337e-17
18100,3,4.000000000000000e-02,3.999999999999997e-02,3.469446951953614e-17
18100,4,-3.000000000000000e-02,-2.999999999999998e-02,-2.081668171172169e-17
18100,5,2.500000000000000e-02,2.500000000000002e-02,-1.387778780781446e-17
18100,6,2.000000000000000e-02,2.000000000000003e-02,-2.775557561562891e-17
18100,7,-1.800000000000000e-02,-1.800000000000000e-02,0.000000000000000e+00
18100,8,1.500000000000000e-02,1.500000000000001e-02,-1.214306433183765e-17
18100,9,1.200000000000000e-02,1.200000000000001e-02,-6.938893903907228e-18
18100,10,-1.000000000000000e-02,-1.000000000000000e-02,1.734723475976807e-18
18100,11,8.999999999999999e-03,8.999999999999994e-03,5.204170427930421e-18
18100,12,8.000000000000000e-03,7.999999999999997e-03,3.469446951953614e-18
18100,13,-7.000000000000000e-03,-7.000000000000005e-03,5.204170427930421e-18
18100,14,6.000000000000000e-03,6.000000000000011e-03,-1.040834085586084e-17
18100,15,5.000000000000000e-03,5.000000000000000e-03,0.000000000000000e+00
18100,16,-4.000000000000000e-03,-3.999999999999998e-03,-1.734723475976807e-18
18100,17,3.500000000000000e-03,3.499999999999986e-03,1.387778780781446e-17
18100,18,3.000000000000000e-03,2.999999999999991e-03,9.540979117872439e-18
18100,19,-2.500000000000000e-03,-2.499999999999997e-03,-3.469446951953614e-18
18100,20,2.000000000000000e-03,2.000000000000010e-03,-9.974659986866641e-18
18100,21,1.800000000000000e-03,1.800000000000012e-03,-1.170938346284345e-17
18100,22,-1.500000000000000e-03,-1.500000000000000e-03,-2.168404344971009e-19
18100,23,1.200000000000000e-03,1.199999999999996e-03,3.903127820947816e-18
18100,24,1.000000000000000e-03,9.999999999999896e-04,1.040834085586084e-17
18100,25,-8.000000000000000e-04,-8.000000000000065e-04,6.505213034913027e-18
18100,26,5.999999999999999e-04,6.000000000000043e-04,-4.336808689942018e-18
18100,27,5.000000000000000e-04,5.000000000000076e-04,-7.589415207398531e-18
18100,28,-4.000000000000000e-04,-3.999999999999948e-04,-5.258380536554697e-18
18100,29,3.000000000000000e-04,3.000000000000093e-04,-9.324138683375338e-18
18200,0,1.200000000000000e-01,1.199999999999998e-01,1.526556658859590e-16
18200,1,-8.000000000000000e-02,-8.000000000000014e-02,1.387778780781446e-16
18200,2,5.500000000000000e-02,5.499999999999996e-02,4.163336342344337e-17
18200,3,4.000000000000000e-02,3.999999999999997e-02,3.469446951953614e-17
18200,4,-3.000000000000000e-02,-2.999999999999998e-02,-2.081668171172169e-17
18200,5,2.500000000000000e-02,2.500000000000002e-02,-1.387778780781446e-17
18200,6,2.000000000000000e-02,2.000000000000002e-02,-2.428612866367530e-17
18200,7,-1.800000000000000e-02,-1.800000000000000e-02,-3.469446951953614e-18
18200,8,1.500000000000000e-02,1.500000000000001e-02,-1.040834085586084e-17
18200,9,1.200000000000000e-02,1.200000000000001e-02,-6.938893903907228e-18
18200,10,-1.000000000000000e-02,-1.000000000000000e-02,0.000000000000000e+00
18200,11,8.999999999999999e-03,8.999999999999987e-03,1.214306433183765e-17
18200,12,8.000000000000000e-03,7.999999999999986e-03,1.387778780781446e-17
18200,13,-7.000000000000000e-03,-7.000000000000016e-03,1.561251128379126e-17
18200,14,6.000000000000000e-03,6.000000000000004e-03,-3.469446951953614e-18
18200,15,5.000000000000000e-03,4.999999999999998e-03,2.602085213965211e-18
18200,16,-4.000000000000000e-03,-4.000000000000003e-03,2.602085213965211e-18
18200,17,3.500000000000000e-03,3.499999999999982e-03,1.821459649775647e-17
18200,18,3.000000000000000e-03,2.999999999999994e-03,6.071532165918825e-18
18200,19,-2.500000000000000e-03,-2.500000000000003e-03,3.035766082959412e-18
18200,20,2.000000000000000e-03,1.999999999999999e-03,1.301042606982605e-18
18200,21,1.800000000000000e-03,1.800000000000005e-03,-5.204170427930421e-18
18200,22,-1.500000000000000e-03,-1.500000000000000e-03,0.000000000000000e+00
18200,23,1.200000000000000e-03,1.200000000000000e-03,2.168404344971009e-19
18200,24,1.000000000000000e-03,9.999999999999963e-04,3.686287386450715e-18
18200,25,-8.000000000000000e-04,-7.999999999999973e-04,-2.710505431213761e-18
18200,26,5.999999999999999e-04,6.000000000000098e-04,-9.866239769618090e-18
18200,27,5.000000000000000e-04,5.000000000000034e-04,-3.361026734705064e-18
18200,28,-4.000000000000000e-04,-3.999999999999995e-04,-5.421010862427522e-19
18200,29,3.000000000000000e-04,3.000000000000057e-04,-5.746271514173174e-18
18300,0,1.200000000000000e-01,1.199999999999998e-01,1.526556658859590e-16
18300,1,-8.000000000000000e-02,-8.000000000000014e-02,1.387778780781446e-16
18300,2,5.500000000000000e-02,5.499999999999996e-02,4.163336342344337e-17
18300,3,4.000000000000000e-02,3.999999999999997e-02,3.469446951953614e-17
18300,4,-3.000000000000000e-02,-2.999999999999998e-02,-1.734723475976807e-17
18300,5,2.500000000000000e-02,2.500000000000002e-02,-1.387778780781446e-17
18300,6,2.000000000000000e-02,2.000000000000001e-02,-1.387778780781446e-17
18300,7,-1.800000000000000e-02,-1.799999999999999e-02,-6.938893903907228e-18
18300,8,1.500000000000000e-02,1.500000000000001e-02,-1.214306433183765e-17
18300,9,1.200000000000000e-02,1.200000000000001e-02,-5.204170427930421e-18
18300,10,-1.000000000000000e-02,-9.999999999999995e-03,-5.204170427930421e-18
18300,11,8.999999999999999e-03,8.999999999999991e-03,8.673617379884035e-18
18300,12,8.000000000000000e-03,7.999999999999983e-03,1.734723475976807e-17
18300,13,-7.000000000000000e-03,-7.000000000000009e-03,8.673617379884035e-18
18300,14,6.000000000000000e-03,6.000000000000001e-03,-8.673617379884035e-19
18300,15,5.000000000000000e-03,4.999999999999998e-03,1.734723475976807e-18
18300,16,-4.000000000000000e-03,-4.000000000000006e-03,6.071532165918825e-18
18300,17,3.500000000000000e-03,3.499999999999986e-03,1.431146867680866e-17
18300,18,3.000000000000000e-03,2.999999999999992e-03,7.806255641895632e-18
18300,19,-2.500000000000000e-03,-2.500000000000013e-03,1.344410693882025e-17
18300,20,2.000000000000000e-03,1.999999999999991e-03,8.673617379884035e-18
18300,21,1.800000000000000e-03,1.800000000000006e-03,-5.637851296924623e-18
18300,22,-1.500000000000000e-03,-1.499999999999995e-03,-4.987329993433320e-18
18300,23,1.200000000000000e-03,1.199999999999992e-03,8.239936510889834e-18
18300,24,1.000000000000000e-03,9.999999999999874e-04,1.257674520083185e-17
18300,25,-8.000000000000000e-04,-7.999999999999978e-04,-2.276824562219559e-18
18300,26,5.999999999999999e-04,6.000000000000088e-04,-8.890457814381136e-18
18300,27,5.000000000000000e-04,5.000000000000092e-04,-9.215718466126788e-18
18300,28,-4.000000000000000e-04,-3.999999999999979e-04,-2.168404344971009e-18
18300,29,3.000000000000000e-04,3.000000000000088e-04,-8.782037597132586e-18
18400,0,1.200000000000000e-01,1.199999999999998e-01,1.526556658859590e-16
18400,1,-8.000000000000000e-02,-8.000000000000014e-02,1.387778780781446e-16
18400,2,5.500000000000000e-02,5.499999999999996e-02,4.163336342344337e-17
18400,3,4.000000000000000e-02,3.999999999999997e-02,3.469446951953614e-17
18400,4,-3.000000000000000e-02,-2.999999999999999e-02,-1.387778780781446e-17
18400,5,2.500000000000000e-02,2.500000000000001e-02,-1.040834085586084e-17
18400,6,2.000000000000000e-02,2.000000000000000e-02,-3.469446951953614e-18
18400,7,-1.800000000000000e-02,-1.800000000000000e-02,-3.469446951953614e-18
18400,8,1.500000000000000e-02,1.500000000000001e-02,-1.040834085586084e-17
18400,9,1.200000000000000e-02,1.200000000000001e-02,-8.673617379884035e-18
18400,10,-1.000000000000000e-02,-9.999999999999990e-03,-1.040834085586084e-17
18400,11,8.999999999999999e-03,8.999999999999992e-03,6.938893903907228e-18
18400,12,8.000000000000000e-03,7.999999999999988e-03,1.214306433183765e-17
18400,13,-7.000000000000000e-03,-7.000000000000003e-03,2.602085213965211e-18
18400,14,6.000000000000000e-03,6.000000000000002e-03,-1.734723475976807e-18
18400,15,5.000000000000000e-03,4.999999999999994e-03,6.071532165918825e-18
18400,16,-4.000000000000000e-03,-4.000000000000009e-03,8.673617379884035e-18
18400,17,3.500000000000000e-03,3.499999999999986e-03,1.387778780781446e-17
18400,18,3.000000000000000e-03,2.999999999999989e-03,1.084202172485504e-17
18400,19,-2.500000000000000e-03,-2.500000000000011e-03,1.084202172485504e-17
18400,20,2.000000000000000e-03,1.999999999999991e-03,9.107298248878237e-18
18400,21,1.800000000000000e-03,1.800000000000003e-03,-2.818925648462312e-18
18400,22,-1.500000000000000e-03,-1.500000000000005e-03,4.770489558936220e-18
18400,23,1.200000000000000e-03,1.199999999999989e-03,1.084202172485504e-17
18400,24,1.000000000000000e-03,9.999999999999874e-04,1.257674520083185e-17
18400,25,-8.000000000000000e-04,-7.999999999999966e-04,-3.469446951953614e-18
18400,26,5.999999999999999e-04,6.000000000000143e-04,-1.431146867680866e-17
18400,27,5.000000000000000e-04,5.000000000000126e-04,-1.257674520083185e-17
18400,28,-4.000000000000000e-04,-3.999999999999937e-04,-6.288372600415926e-18
18400,29,3.000000000000000e-04,3.000000000000082e-04,-8.239936510889834e-18
18500,0,1.200000000000000e-01,1.199999999999998e-01,1.526556658859590e-16
18500,1,-8.000000000000000e-02,-8.000000000000014e-02,1.387778780781446e-16
18500,2,5.500000000000000e-02,5.499999999999996e-02,4.163336342344337e-17
18500,3,4.000000000000000e-02,3.999999999999997e-02,3.469446951953614e-17
18500,4,-3.000000000000000e-02,-2.999999999999999e-02,-1.387778780781446e-17
18500,5,2.500000000000000e-02,2.500000000000002e-02,-1.387778780781446e-17
18500,6,2.000000000000000e-02,2.000000000000000e-02,0.000000000000000e+00
18500,7,-1.800000000000000e-02,-1.799999999999999e-02,-6.938893903907228e-18
18500,8,1.500000000000000e-02,1.500000000000001e-02,-1.040834085586084e-17
18500,9,1.200000000000000e-02,1.200000000000001e-02,-8.673617379884035e-18
18500,10,-1.000000000000000e-02,-9.999999999999993e-03,-6.938893903907228e-18
18500,11,8.999999999999999e-03,8.999999999999996e-03,3.469446951953614e-18
18500,12,8.000000000000000e-03,7.999999999999995e-03,5.204170427930421e-18
18500,13,-7.000000000000000e-03,-7.000000000000004e-03,4.336808689942018e-18
18500,14,6.000000000000000e-03,5.999999999999999e-03,8.673617379884035e-19
18500,15,5.000000000000000e-03,4.999999999999991e-03,8.673617379884035e-18
18500,16,-4.000000000000000e-03,-4.000000000000012e-03,1.214306433183765e-17
18500,17,3.500000000000000e-03,3.499999999999990e-03,1.040834085586084e-17
18500,18,3.000000000000000e-03,2.999999999999989e-03,1.084202172485504e-17
18500,19,-2.500000000000000e-03,-2.500000000000003e-03,3.035766082959412e-18
18500,20,2.000000000000000e-03,2.000000000000005e-03,-4.770489558936220e-18
18500,21,1.800000000000000e-03,1.800000000000016e-03,-1.626303258728257e-17
18500,22,-1.500000000000000e-03,-1.499999999999997e-03,-2.818925648462312e-18
18500,23,1.200000000000000e-03,1.199999999999993e-03,6.938893903907228e-18
18500,24,1.000000000000000e-03,9.999999999999877e-04,1.235990476633475e-17
18500,25,-8.000000000000000e-04,-7.999999999999932e-04,-6.830473686658678e-18
18500,26,5.999999999999999e-04,6.000000000000186e-04,-1.864827736675068e-17
18500,27,5.000000000000000e-04,5.000000000000087e-04,-8.673617379884035e-18
18500,28,-4.000000000000000e-04,-3.999999999999986e-04,-1.463672932855431e-18
18500,29,3.000000000000000e-04,3.000000000000043e-04,-4.282598581317743e-18
18600,0,1.200000000000000e-01,1.199999999999998e-01,1.526556658859590e-16
18600,1,-8.000000000000000e-02,-8.000000000000014e-02,1.387778780781446e-16
18600,2,5.500000000000000e-02,5.499999999999996e-02,4.163336342344337e-17
18600,3,4.000000000000000e-02,3.999999999999997e-02,3.469446951953614e-17
18600,4,-3.000000000000000e-02,-3.000000000000000e-02,-3.469446951953614e-18
18600,5,2.500000000000000e-02,2.500000000000000e-02,0.000000000000000e+00
18600,6,2.000000000000000e-02,2.000000000000000e-02,-3.469446951953614e-18
18600,7,-1.800000000000000e-02,-1.799999999999999e-02,-1.040834085586084e-17
18600,8,1.500000000000000e-02,1.500000000000000e-02,0.000000000000000e+00
18600,9,1.200000000000000e-02,1.200000000000000e-02,1.734723475976807e-18
18600,10,-1.000000000000000e-02,-1.000000000000000e-02,0.000000000000000e+00
18600,11,8.999999999999999e-03,8.999999999999992e-03,6.938893903907228e-18
18600,12,8.000000000000000e-03,7.999999999999993e-03,6.938893903907228e-18
18600,13,-7.000000000000000e-03,-6.999999999999999e-03,-8.673617379884035e-19
18600,14,6.000000000000000e-03,5.999999999999994e-03,6.071532165918825e-18
18600,15,5.000000000000000e-03,4.999999999999988e-03,1.214306433183765e-17
18600,16,-4.000000000000000e-03,-4.000000000000001e-03,8.673617379884035e-19
18600,17,3.500000000000000e-03,3.500000000000006e-03,-6.071532165918825e-18
18600,18,3.000000000000000e-03,3.000000000000004e-03,-4.336808689942018e-18
18600,19,-2.500000000000000e-03,-2.499999999999999e-03,-1.301042606982605e-18
18600,20,2.000000000000000e-03,2.000000000000000e-03,-4.336808689942018e-19
18600,21,1.800000000000000e-03,1.799999999999998e-03,1.734723475976807e-18
18600,22,-1.500000000000000e-03,-1.500000000000007e-03,6.938893903907228e-18
18600,23,1.200000000000000e-03,1.200000000000005e-03,-4.770489558936220e-18
18600,24,1.000000000000000e-03,9.999999999999879e-04,1.214306433183765e-17
18600,25,-8.000000000000000e-04,-8.000000000000077e-04,7.697835424647081e-18
18600,26,5.999999999999999e-04,6.000000000000030e-04,-3.035766082959412e-18
18600,27,5.000000000000000e-04,5.000000000000024e-04,-2.385244779468110e-18
18600,28,-4.000000000000000e-04,-3.999999999999845e-04,-1.550409106654271e-17
18600,29,3.000000000000000e-04,3.000000000000139e-04,-1.393199791643873e-17
18700,0,1.200000000000000e-01,1.199999999999998e-01,1.526556658859590e-16
18700,1,-8.000000000000000e-02,-8.000000000000014e-02,1.387778780781446e-16
18700,2,5.500000000000000e-02,5.499999999999996e-02,4.163336342344337e-17
18700,3,4.000000000000000e-02,3.999999999999997e-02,3.469446951953614e-17
18700,4,-3.000000000000000e-02,-3.000000000000000e-02,0.000000000000000e+00
18700,5,2.500000000000000e-02,2.500000000000000e-02,0.000000000000000e+00
18700,6,2.000000000000000e-02,1.999999999999999e-02,1.040834085586084e-17
18700,7,-1.800000000000000e-02,-1.799999999999999e-02,-6.938893903907228e-18
18700,8,1.500000000000000e-02,1.500000000000000e-02,1.734723475976807e-18
18700,9,1.200000000000000e-02,1.200000000000000e-02,3.469446951953614e-18
18700,10,-1.000000000000000e-02,-9.999999999999998e-03,-1.734723475976807e-18
18700,11,8.999999999999999e-03,8.999999999999989e-03,1.040834085586084e-17
18700,12,8.000000000000000e-03,7.999999999999998e-03,1.734723475976807e-18
18700,13,-7.000000000000000e-03,-6.999999999999991e-03,-9.540979117872439e-18
18700,14,6.000000000000000e-03,6.000000000000003e-03,-2.602085213965211e-18
18700,15,5.000000000000000e-03,5.000000000000000e-03,0.000000000000000e+00
18700,16,-4.000000000000000e-03,-3.999999999999997e-03,-2.602085213965211e-18
18700,17,3.500000000000000e-03,3.500000000000012e-03,-1.170938346284345e-17
18700,18,3.000000000000000e-03,3.000000000000011e-03,-1.084202172485504e-17
18700,19,-2.500000000000000e-03,-2.500000000000009e-03,8.673617379884035e-18
18700,20,2.000000000000000e-03,1.999999999999997e-03,2.602085213965211e-18
18700,21,1.800000000000000e-03,1.800000000000001e-03,-1.517883041479706e-18
18700,22,-1.500000000000000e-03,-1.500000000000003e-03,2.602085213965211e-18
18700,23,1.200000000000000e-03,1.200000000000003e-03,-3.252606517456513e-18
18700,24,1.000000000000000e-03,9.999999999999881e-04,1.192622389734055e-17
18700,25,-8.000000000000000e-04,-8.000000000000057e-04,5.637851296924623e-18
18700,26,5.999999999999999e-04,6.000000000000063e-04,-6.396792817664476e-18
18700,27,5.000000000000000e-04,5.000000000000032e-04,-3.144186300207963e-18
18700,28,-4.000000000000000e-04,-3.999999999999887e-04,-1.127570259384925e-17
18700,29,3.000000000000000e-04,3.000000000000097e-04,-9.757819552369540e-18
18800,0,1.200000000000000e-01,1.199999999999998e-01,1.526556658859590e-16
18800,1,-8.000000000000000e-02,-8.000000000000014e-02,1.387778780781446e-16
18800,2,5.500000000000000e-02,5.499999999999996e-02,4.163336342344337e-17
18800,3,4.000000000000000e-02,3.999999999999997e-02,3.469446951953614e-17
18800,4,-3.000000000000000e-02,-3.000000000000000e-02,-3.469446951953614e-18
18800,5,2.500000000000000e-02,2.499999999999999e-02,1.387778780781446e-17
18800,6,2.000000000000000e-02,2.000000000000000e-02,3.469446951953614e-18
18800,7,-1.800000000000000e-02,-1.800000000000000e-02,3.469446951953614e-18
18800,8,1.500000000000000e-02,1.500000000000000e-02,3.469446951953614e-18
18800,9,1.200000000000000e-02,1.199999999999999e-02,6.938893903907228e-18
18800,10,-1.000000000000000e-02,-1.000000000000002e-02,1.561251128379126e-17
18800,11,8.999999999999999e-03,8.999999999999984e-03,1.561251128379126e-17
18800,12,8.000000000000000e-03,7.999999999999978e-03,2.255140518769849e-17
18800,13,-7.000000000000000e-03,-7.000000000000008e-03,7.806255641895632e-18
18800,14,6.000000000000000e-03,5.999999999999990e-03,1.040834085586084e-17
18800,15,5.000000000000000e-03,4.999999999999989e-03,1.127570259384925e-17
18800,16,-4.000000000000000e-03,-4.000000000000001e-03,8.673617379884035e-19
18800,17,3.500000000000000e-03,3.500000000000010e-03,-9.540979117872439e-18
18800,18,3.000000000000000e-03,3.000000000000005e-03,-5.204170427930421e-18
18800,19,-2.500000000000000e-03,-2.500000000000002e-03,2.168404344971009e-18
18800,20,2.000000000000000e-03,2.000000000000004e-03,-3.903127820947816e-18
18800,21,1.800000000000000e-03,1.800000000000001e-03,-8.673617379884035e-19
18800,22,-1.500000000000000e-03,-1.499999999999997e-03,-2.818925648462312e-18
18800,23,1.200000000000000e-03,1.200000000000005e-03,-5.204170427930421e-18
18800,24,1.000000000000000e-03,9.999999999999916e-04,8.456776945386935e-18
18800,25,-8.000000000000000e-04,-8.000000000000030e-04,2.927345865710862e-18
18800,26,5.999999999999999e-04,6.000000000000100e-04,-1.008308020411519e-17
18800,27,5.000000000000000e-04,5.000000000000118e-04,-1.181780368009200e-17
18800,28,-4.000000000000000e-04,-3.999999999999850e-04,-1.501620008892424e-17
18800,29,3.000000000000000e-04,3.000000000000155e-04,-1.555830117516699e-17
18900,0,1.200000000000000e-01,1.199999999999998e-01,1.526556658859590e-16
18900,1,-8.000000000000000e-02,-8.000000000000014e-02,1.387778780781446e-16
18900,2,5.500000000000000e-02,5.499999999999996e-02,4.163336342344337e-17
18900,3,4.000000000000000e-02,3.999999999999997e-02,3.469446951953614e-17
18900,4,-3.000000000000000e-02,-3.000000000000001e-02,6.938893903907228e-18
18900,5,2.500000000000000e-02,2.499999999999999e-02,6.938893903907228e-18
18900,6,2.000000000000000e-02,2.000000000000000e-02,-3.469446951953614e-18
18900,7,-1.800000000000000e-02,-1.800000000000000e-02,-3.469446951953614e-18
18900,8,1.500000000000000e-02,1.500000000000000e-02,-5.204170427930421e-18
18900,9,1.200000000000000e-02,1.200000000000001e-02,-5.204170427930421e-18
18900,10,-1.000000000000000e-02,-9.999999999999995e-03,-5.204170427930421e-18
18900,11,8.999999999999999e-03,8.999999999999999e-03,0.000000000000000e+00
18900,12,8.000000000000000e-03,7.999999999999993e-03,6.938893903907228e-18
18900,13,-7.000000000000000e-03,-6.999999999999996e-03,-4.336808689942018e-18
18900,14,6.000000000000000e-03,5.999999999999999e-03,8.673617379884035e-19
18900,15,5.000000000000000e-03,5.000000000000003e-03,-2.602085213965211e-18
18900,16,-4.000000000000000e-03,-3.999999999999997e-03,-2.602085213965211e-18
18900,17,3.500000000000000e-03,3.500000000000000e-03,4.336808689942018e-19
18900,18,3.000000000000000e-03,2.999999999999997e-03,3.035766082959412e-18
18900,19,-2.500000000000000e-03,-2.500000000000009e-03,8.673617379884035e-18
18900,20,2.000000000000000e-03,2.000000000000005e-03,-5.204170427930421e-18
18900,21,1.800000000000000e-03,1.800000000000007e-03,-6.722053469410127e-18
18900,22,-1.500000000000000e-03,-1.499999999999989e-03,-1.149254302834635e-17
18900,23,1.200000000000000e-03,1.200000000000009e-03,-9.107298248878237e-18
18900,24,1.000000000000000e-03,9.999999999999877e-04,1.235990476633475e-17
18900,25,-8.000000000000000e-04,-8.000000000000104e-04,1.040834085586084e-17
18900,26,5.999999999999999e-04,5.999999999999959e-04,4.011548038196366e-18
18900,27,5.000000000000000e-04,4.999999999999905e-04,9.540979117872439e-18
18900,28,-4.000000000000000e-04,-3.999999999999952e-04,-4.770489558936220e-18
18900,29,3.000000000000000e-04,3.000000000000086e-04,-8.673617379884035e-18
19000,0,1.200000000000000e-01,1.199999999999998e-01,1.526556658859590e-16
19000,1,-8.000000000000000e-02,-8.000000000000014e-02,1.387778780781446e-16
19000,2,5.500000000000000e-02,5.499999999999996e-02,4.163336342344337e-17
19000,3,4.000000000000000e-02,3.999999999999997e-02,3.469446951953614e-17
19000,4,-3.000000000000000e-02,-3.000000000000001e-02,1.387778780781446e-17
19000,5,2.500000000000000e-02,2.499999999999999e-02,1.040834085586084e-17
19000,6,2.000000000000000e-02,2.000000000000000e-02,0.000000000000000e+00
19000,7,-1.800000000000000e-02,-1.800000000000000e-02,-3.469446951953614e-18
19000,8,1.500000000000000e-02,1.500000000000000e-02,0.000000000000000e+00
19000,9,1.200000000000000e-02,1.200000000000000e-02,1.734723475976807e-18
19000,10,-1.000000000000000e-02,-1.000000000000001e-02,1.040834085586084e-17
19000,11,8.999999999999999e-03,8.999999999999998e-03,1.734723475976807e-18
19000,12,8.000000000000000e-03,7.999999999999990e-03,1.040834085586084e-17
19000,13,-7.000000000000000e-03,-6.999999999999999e-03,-8.673617379884035e-19
19000,14,6.000000000000000e-03,5.999999999999991e-03,8.673617379884035e-18
19000,15,5.000000000000000e-03,4.999999999999997e-03,3.469446951953614e-18
19000,16,-4.000000000000000e-03,-4.000000000000003e-03,2.602085213965211e-18
19000,17,3.500000000000000e-03,3.499999999999991e-03,9.540979117872439e-18
19000,18,3.000000000000000e-03,2.999999999999977e-03,2.298508605669269e-17
19000,19,-2.500000000000000e-03,-2.500000000000017e-03,1.734723475976807e-17
19000,20,2.000000000000000e-03,2.000000000000003e-03,-2.602085213965211e-18
19000,21,1.800000000000000e-03,1.799999999999994e-03,6.071532165918825e-18
19000,22,-1.500000000000000e-03,-1.499999999999994e-03,-5.637851296924623e-18
19000,23,1.200000000000000e-03,1.200000000000010e-03,-9.974659986866641e-18
19000,24,1.000000000000000e-03,9.999999999999946e-04,5.421010862427522e-18
19000,25,-8.000000000000000e-04,-7.999999999999994e-04,-6.505213034913027e-19
19000,26,5.999999999999999e-04,6.000000000000071e-04,-7.155734338404329e-18
19000,27,5.000000000000000e-04,4.999999999999943e-04,5.746271514173174e-18
19000,28,-4.000000000000000e-04,-3.999999999999917e-04,-8.294146619514109e-18
19000,29,3.000000000000000e-04,3.000000000000052e-04,-5.258380536554697e-18
19100,0,1.200000000000000e-01,1.199999999999998e-01,1.526556658859590e-16
19100,1,-8.000000000000000e-02,-8.000000000000014e-02,1.387778780781446e-16
19100,2,5.500000000000000e-02,5.499999999999996e-02,4.163336342344337e-17
19100,3,4.000000000000000e-02,3.999999999999997e-02,3.469446951953614e-17
19100,4,-3.000000000000000e-02,-3.000000000000001e-02,1.387778780781446e-17
19100,5,2.500000000000000e-02,2.499999999999999e-02,1.387778780781446e-17
19100,6,2.000000000000000e-02,2.000000000000001e-02,-6.938893903907228e-18
19100,7,-1.800000000000000e-02,-1.799999999999999e-02,-6.938893903907228e-18
19100,8,1.500000000000000e-02,1.499999999999999e-02,6.938893903907228e-18
19100,9,1.200000000000000e-02,1.199999999999999e-02,1.214306433183765e-17
19100,10,-1.000000000000000e-02,-1.000000000000002e-02,1.561251128379126e-17
19100,11,8.999999999999999e-03,8.999999999999989e-03,1.040834085586084e-17
19100,12,8.000000000000000e-03,7.999999999999988e-03,1.214306433183765e-17
19100,13,-7.000000000000000e-03,-7.000000000000005e-03,5.204170427930421e-18
19100,14,6.000000000000000e-03,5.999999999999986e-03,1.387778780781446e-17
19100,15,5.000000000000000e-03,4.999999999999994e-03,6.071532165918825e-18
19100,16,-4.000000000000000e-03,-4.000000000000010e-03,9.540979117872439e-18
19100,17,3.500000000000000e-03,3.499999999999986e-03,1.387778780781446e-17
19100,18,3.000000000000000e-03,2.999999999999979e-03,2.081668171172169e-17
19100,19,-2.500000000000000e-03,-2.500000000000014e-03,1.431146867680866e-17
19100,20,2.000000000000000e-03,2.000000000000001e-03,-1.301042606982605e-18
19100,21,1.800000000000000e-03,1.800000000000002e-03,-2.168404344971009e-18
19100,22,-1.500000000000000e-03,-1.499999999999990e-03,-9.540979117872439e-18
19100,23,1.200000000000000e-03,1.200000000000009e-03,-9.540979117872439e-18
19100,24,1.000000000000000e-03,1.000000000000002e-03,-2.385244779468110e-18
19100,25,-8.000000000000000e-04,-7.999999999999944e-04,-5.637851296924623e-18
19100,26,5.999999999999999e-04,6.000000000000078e-04,-7.806255641895632e-18
19100,27,5.000000000000000e-04,4.999999999999973e-04,2.710505431213761e-18
19100,28,-4.000000000000000e-04,-3.999999999999987e-04,-1.301042606982605e-18
19100,29,3.000000000000000e-04,3.000000000000057e-04,-5.692061405548898e-18
19200,0,1.200000000000000e-01,1.199999999999998e-01,1.526556658859590e-16
19200,1,-8.000000000000000e-02,-8.000000000000014e-02,1.387778780781446e-16
19200,2,5.500000000000000e-02,5.499999999999996e-02,4.163336342344337e-17
19200,3,4.000000000000000e-02,3.999999999999997e-02,3.469446951953614e-17
19200,4,-3.000000000000000e-02,-3.000000000000001e-02,1.387778780781446e-17
19200,5,2.500000000000000e-02,2.499999999999999e-02,1.387778780781446e-17
19200,6,2.000000000000000e-02,2.000000000000000e-02,-3.469446951953614e-18
19200,7,-1.800000000000000e-02,-1.799999999999999e-02,-1.040834085586084e-17
19200,8,1.500000000000000e-02,1.500000000000000e-02,3.469446951953614e-18
19200,9,1.200000000000000e-02,1.199999999999999e-02,6.938893903907228e-18
19200,10,-1.000000000000000e-02,-1.000000000000001e-02,8.673617379884035e-18
19200,11,8.999999999999999e-03,8.999999999999996e-03,3.469446951953614e-18
19200,12,8.000000000000000e-03,7.999999999999988e-03,1.214306433183765e-17
19200,13,-7.000000000000000e-03,-7.000000000000009e-03,8.673617379884035e-18
19200,14,6.000000000000000e-03,5.999999999999991e-03,9.540979117872439e-18
19200,15,5.000000000000000e-03,4.999999999999989e-03,1.127570259384925e-17
19200,16,-4.000000000000000e-03,-4.000000000000015e-03,1.474514954580286e-17
19200,17,3.500000000000000e-03,3.499999999999982e-03,1.778091562876227e-17
19200,18,3.000000000000000e-03,2.999999999999978e-03,2.211772431870429e-17
19200,19,-2.500000000000000e-03,-2.500000000000016e-03,1.604619215278547e-17
19200,20,2.000000000000000e-03,2.000000000000000e-03,-4.336808689942018e-19
19200,21,1.800000000000000e-03,1.800000000000003e-03,-3.035766082959412e-18
19200,22,-1.500000000000000e-03,-1.499999999999990e-03,-1.019150042136374e-17
19200,23,1.200000000000000e-03,1.200000000000007e-03,-6.722053469410127e-18
19200,24,1.000000000000000e-03,9.999999999999961e-04,3.903127820947816e-18
19200,25,-8.000000000000000e-04,-7.999999999999998e-04,-2.168404344971009e-19
19200,26,5.999999999999999e-04,6.000000000000009e-04,-9.757819552369540e-19
19200,27,5.000000000000000e-04,4.999999999999995e-04,5.421010862427522e-19
19200,28,-4.000000000000000e-04,-4.000000000000035e-04,3.469446951953614e-18
19200,29,3.000000000000000e-04,2.999999999999938e-04,6.179952383167375e-18
19300,0,1.200000000000000e-01,1.199999999999998e-01,1.526556658859590e-16
19300,1,-8.000000000000000e-02,-8.000000000000014e-02,1.387778780781446e-16
19300,2,5.500000000000000e-02,5.499999999999996e-02,4.163336342344337e-17
19300,3,4.000000000000000e-02,3.999999999999997e-02,3.469446951953614e-17
19300,4,-3.000000000000000e-02,-3.000000000000000e-02,3.469446951953614e-18
19300,5,2.500000000000000e-02,2.499999999999999e-02,1.387778780781446e-17
19300,6,2.000000000000000e-02,2.000000000000000e-02,-3.469446951953614e-18
19300,7,-1.800000000000000e-02,-1.800000000000000e-02,-3.469446951953614e-18
19300,8,1.500000000000000e-02,1.500000000000000e-02,-1.734723475976807e-18
19300,9,1.200000000000000e-02,1.200000000000000e-02,5.204170427930421e-18
19300,10,-1.000000000000000e-02,-1.000000000000002e-02,1.561251128379126e-17
19300,11,8.999999999999999e-03,8.999999999999991e-03,8.673617379884035e-18
19300,12,8.000000000000000e-03,7.999999999999995e-03,5.204170427930421e-18
19300,13,-7.000000000000000e-03,-7.000000000000009e-03,8.673617379884035e-18
19300,14,6.000000000000000e-03,5.999999999999991e-03,8.673617379884035e-18
19300,15,5.000000000000000e-03,4.999999999999996e-03,4.336808689942018e-18
19300,16,-4.000000000000000e-03,-4.000000000000011e-03,1.127570259384925e-17
19300,17,3.500000000000000e-03,3.499999999999985e-03,1.517883041479706e-17
19300,18,3.000000000000000e-03,2.999999999999984e-03,1.561251128379126e-17
19300,19,-2.500000000000000e-03,-2.500000000000010e-03,1.040834085586084e-17
19300,20,2.000000000000000e-03,2.000000000000004e-03,-4.336808689942018e-18
19300,21,1.800000000000000e-03,1.800000000000005e-03,-5.421010862427522e-18
19300,22,-1.500000000000000e-03,-1.499999999999989e-03,-1.062518129035794e-17
19300,23,1.200000000000000e-03,1.200000000000003e-03,-3.469446951953614e-18
19300,24,1.000000000000000e-03,9.999999999999868e-04,1.322726650432315e-17
19300,25,-8.000000000000000e-04,-8.000000000000022e-04,2.168404344971009e-18
19300,26,5.999999999999999e-04,5.999999999999943e-04,5.637851296924623e-18
19300,27,5.000000000000000e-04,4.999999999999888e-04,1.116728237660070e-17
19300,28,-4.000000000000000e-04,-4.000000000000058e-04,5.800481622797449e-18
19300,29,3.000000000000000e-04,2.999999999999989e-04,1.029992063861229e-18
19400,0,1.200000000000000e-01,1.199999999999998e-01,1.526556658859590e-16
19400,1,-8.000000000000000e-02,-8.000000000000014e-02,1.387778780781446e-16
19400,2,5.500000000000000e-02,5.499999999999996e-02,4.163336342344337e-17
19400,3,4.000000000000000e-02,3.999999999999997e-02,3.469446951953614e-17
19400,4,-3.000000000000000e-02,-3.000000000000000e-02,0.000000000000000e+00
19400,5,2.500000000000000e-02,2.499999999999999e-02,1.040834085586084e-17
19400,6,2.000000000000000e-02,2.000000000000001e-02,-6.938893903907228e-18
19400,7,-1.800000000000000e-02,-1.800000000000001e-02,1.040834085586084e-17
19400,8,1.500000000000000e-02,1.499999999999999e-02,1.214306433183765e-17
19400,9,1.200000000000000e-02,1.199999999999999e-02,1.214306433183765e-17
19400,10,-1.000000000000000e-02,-1.000000000000002e-02,1.734723475976807e-17
19400,11,8.999999999999999e-03,8.999999999999994e-03,5.204170427930421e-18
19400,12,8.000000000000000e-03,7.999999999999991e-03,8.673617379884035e-18
19400,13,-7.000000000000000e-03,-7.000000000000000e-03,0.000000000000000e+00
19400,14,6.000000000000000e-03,6.000000000000000e-03,0.000000000000000e+00
19400,15,5.000000000000000e-03,4.999999999999998e-03,2.602085213965211e-18
19400,16,-4.000000000000000e-03,-4.000000000000004e-03,3.469446951953614e-18
19400,17,3.500000000000000e-03,3.499999999999989e-03,1.127570259384925e-17
19400,18,3.000000000000000e-03,2.999999999999990e-03,1.040834085586084e-17
19400,19,-2.500000000000000e-03,-2.500000000000017e-03,1.691355389077387e-17
19400,20,2.000000000000000e-03,2.000000000000000e-03,4.336808689942018e-19
19400,21,1.800000000000000e-03,1.800000000000000e-03,4.336808689942018e-19
19400,22,-1.500000000000000e-03,-1.499999999999998e-03,-1.734723475976807e-18
19400,23,1.200000000000000e-03,1.200000000000001e-03,-6.505213034913027e-19
19400,24,1.000000000000000e-03,9.999999999999738e-04,2.623769257414921e-17
19400,25,-8.000000000000000e-04,-8.000000000000114e-04,1.138412281109780e-17
19400,26,5.999999999999999e-04,5.999999999999963e-04,3.686287386450715e-18
19400,27,5.000000000000000e-04,4.999999999999881e-04,1.192622389734055e-17
19400,28,-4.000000000000000e-04,-4.000000000000066e-04,6.613633252161577e-18
19400,29,3.000000000000000e-04,3.000000000000006e-04,-5.963111948670274e-19
19500,0,1.200000000000000e-01,1.199999999999998e-01,1.526556658859590e-16
19500,1,-8.000000000000000e-02,-8.000000000000014e-02,1.387778780781446e-16
19500,2,5.500000000000000e-02,5.499999999999996e-02,4.163336342344337e-17
19500,3,4.000000000000000e-02,3.999999999999997e-02,3.469446951953614e-17
19500,4,-3.000000000000000e-02,-3.000000000000000e-02,3.469446951953614e-18
19500,5,2.500000000000000e-02,2.499999999999999e-02,1.387778780781446e-17
19500,6,2.000000000000000e-02,2.000000000000001e-02,-1.040834085586084e-17
19500,7,-1.800000000000000e-02,-1.800000000000000e-02,3.469446951953614e-18
19500,8,1.500000000000000e-02,1.499999999999998e-02,1.734723475976807e-17
19500,9,1.200000000000000e-02,1.199999999999999e-02,1.214306433183765e-17
19500,10,-1.000000000000000e-02,-1.000000000000002e-02,1.908195823574488e-17
19500,11,8.999999999999999e-03,8.999999999999996e-03,3.469446951953614e-18
19500,12,8.000000000000000e-03,7.999999999999997e-03,3.469446951953614e-18
19500,13,-7.000000000000000e-03,-6.999999999999985e-03,-1.474514954580286e-17
19500,14,6.000000000000000e-03,6.000000000000007e-03,-6.938893903907228e-18
19500,15,5.000000000000000e-03,4.999999999999996e-03,4.336808689942018e-18
19500,16,-4.000000000000000e-03,-4.000000000000010e-03,1.040834085586084e-17
19500,17,3.500000000000000e-03,3.499999999999982e-03,1.778091562876227e-17
19500,18,3.000000000000000e-03,2.999999999999992e-03,8.239936510889834e-18
19500,19,-2.500000000000000e-03,-2.500000000000015e-03,1.474514954580286e-17
19500,20,2.000000000000000e-03,2.000000000000002e-03,-2.168404344971009e-18
19500,21,1.800000000000000e-03,1.799999999999999e-03,1.301042606982605e-18
19500,22,-1.500000000000000e-03,-1.500000000000000e-03,0.000000000000000e+00
19500,23,1.200000000000000e-03,1.199999999999999e-03,1.301042606982605e-18
19500,24,1.000000000000000e-03,9.999999999999879e-04,1.214306433183765e-17
19500,25,-8.000000000000000e-04,-8.000000000000033e-04,3.252606517456513e-18
19500,26,5.999999999999999e-04,5.999999999999991e-04,8.673617379884035e-19
19500,27,5.000000000000000e-04,4.999999999999905e-04,9.540979117872439e-18
19500,28,-4.000000000000000e-04,-4.000000000000153e-04,1.528725063204561e-17
19500,29,3.000000000000000e-04,2.999999999999962e-04,3.794707603699266e-18
19600,0,1.200000000000000e-01,1.199999999999998e-01,1.526556658859590e-16
19600,1,-8.000000000000000e-02,-8.000000000000014e-02,1.387778780781446e-16
19600,2,5.500000000000000e-02,5.499999999999996e-02,4.163336342344337e-17
19600,3,4.000000000000000e-02,3.999999999999997e-02,3.469446951953614e-17
19600,4,-3.000000000000000e-02,-3.000000000000000e-02,0.000000000000000e+00
19600,5,2.500000000000000e-02,2.499999999999999e-02,6.938893903907228e-18
19600,6,2.000000000000000e-02,2.000000000000000e-02,0.000000000000000e+00
19600,7,-1.800000000000000e-02,-1.800000000000000e-02,0.000000000000000e+00
19600,8,1.500000000000000e-02,1.499999999999999e-02,8.673617379884035e-18
19600,9,1.200000000000000e-02,1.199999999999998e-02,2.255140518769849e-17
19600,10,-1.000000000000000e-02,-1.000000000000002e-02,1.908195823574488e-17
19600,11,8.999999999999999e-03,8.999999999999991e-03,8.673617379884035e-18
19600,12,8.000000000000000e-03,7.999999999999995e-03,5.204170427930421e-18
19600,13,-7.000000000000000e-03,-6.999999999999986e-03,-1.387778780781446e-17
19600,14,6.000000000000000e-03,6.000000000000004e-03,-4.336808689942018e-18
19600,15,5.000000000000000e-03,4.999999999999997e-03,3.469446951953614e-18
19600,16,-4.000000000000000e-03,-4.000000000000009e-03,8.673617379884035e-18
19600,17,3.500000000000000e-03,3.499999999999981e-03,1.951563910473908e-17
19600,18,3.000000000000000e-03,2.999999999999989e-03,1.127570259384925e-17
19600,19,-2.500000000000000e-03,-2.500000000000006e-03,6.071532165918825e-18
19600,20,2.000000000000000e-03,2.000000000000005e-03,-5.204170427930421e-18
19600,21,1.800000000000000e-03,1.800000000000004e-03,-3.686287386450715e-18
19600,22,-1.500000000000000e-03,-1.499999999999996e-03,-4.119968255444917e-18
19600,23,1.200000000000000e-03,1.199999999999999e-03,1.301042606982605e-18
19600,24,1.000000000000000e-03,9.999999999999890e-04,1.105886215935215e-17
19600,25,-8.000000000000000e-04,-8.000000000000080e-04,7.914675859144182e-18
19600,26,5.999999999999999e-04,6.000000000000014e-04,-1.409462824231156e-18
19600,27,5.000000000000000e-04,4.999999999999960e-04,4.011548038196366e-18
19600,28,-4.000000000000000e-04,-4.000000000000065e-04,6.505213034913027e-18
19600,29,3.000000000000000e-04,3.000000000000005e-04,-4.878909776184770e-19
19700,0,1.200000000000000e-01,1.199999999999998e-01,1.526556658859590e-16
19700,1,-8.000000000000000e-02,-8.000000000000014e-02,1.387778780781446e-16
19700,2,5.500000000000000e-02,5.499999999999996e-02,4.163336342344337e-17
19700,3,4.000000000000000e-02,3.999999999999997e-02,3.469446951953614e-17
19700,4,-3.000000000000000e-02,-3.000000000000000e-02,-3.469446951953614e-18
19700,5,2.500000000000000e-02,2.500000000000000e-02,0.000000000000000e+00
19700,6,2.000000000000000e-02,2.000000000000000e-02,-3.469446951953614e-18
19700,7,-1.800000000000000e-02,-1.799999999999999e-02,-6.938893903907228e-18
19700,8,1.500000000000000e-02,1.500000000000000e-02,-3.469446951953614e-18
19700,9,1.200000000000000e-02,1.199999999999999e-02,1.040834085586084e-17
19700,10,-1.000000000000000e-02,-1.000000000000002e-02,1.908195823574488e-17
19700,11,8.999999999999999e-03,8.999999999999992e-03,6.938893903907228e-18
19700,12,8.000000000000000e-03,8.000000000000005e-03,-5.204170427930421e-18
19700,13,-7.000000000000000e-03,-6.999999999999991e-03,-9.540979117872439e-18
19700,14,6.000000000000000e-03,6.000000000000004e-03,-3.469446951953614e-18
19700,15,5.000000000000000e-03,4.999999999999994e-03,6.071532165918825e-18
19700,16,-4.000000000000000e-03,-4.000000000000010e-03,9.540979117872439e-18
19700,17,3.500000000000000e-03,3.499999999999991e-03,9.540979117872439e-18
19700,18,3.000000000000000e-03,3.000000000000000e-03,4.336808689942018e-19
19700,19,-2.500000000000000e-03,-2.499999999999989e-03,-1.127570259384925e-17
19700,20,2.000000000000000e-03,2.000000000000009e-03,-9.107298248878237e-18
19700,21,1.800000000000000e-03,1.800000000000010e-03,-1.040834085586084e-17
19700,22,-1.500000000000000e-03,-1.499999999999990e-03,-9.540979117872439e-18
19700,23,1.200000000000000e-03,1.200000000000003e-03,-3.469446951953614e-18
19700,24,1.000000000000000e-03,1.000000000000006e-03,-5.854691731421724e-18
19700,25,-8.000000000000000e-04,-7.999999999999906e-04,-9.432558900623889e-18
19700,26,5.999999999999999e-04,6.000000000000122e-04,-1.225148454908620e-17
19700,27,5.000000000000000e-04,5.000000000000131e-04,-1.311884628707460e-17
19700,28,-4.000000000000000e-04,-3.999999999999920e-04,-8.023096076392733e-18
19700,29,3.000000000000000e-04,3.000000000000046e-04,-4.607859233063394e-18
19800,0,1.200000000000000e-01,1.199999999999998e-01,1.526556658859590e-16
19800,1,-8.000000000000000e-02,-8.000000000000014e-02,1.387778780781446e-16
19800,2,5.500000000000000e-02,5.499999999999996e-02,4.163336342344337e-17
19800,3,4.000000000000000e-02,3.999999999999997e-02,3.469446951953614e-17
19800,4,-3.000000000000000e-02,-3.000000000000000e-02,-3.469446951953614e-18
19800,5,2.500000000000000e-02,2.500000000000000e-02,0.000000000000000e+00
19800,6,2.000000000000000e-02,2.000000000000001e-02,-6.938893903907228e-18
19800,7,-1.800000000000000e-02,-1.799999999999999e-02,-1.040834085586084e-17
19800,8,1.500000000000000e-02,1.500000000000000e-02,1.734723475976807e-18
19800,9,1.200000000000000e-02,1.199999999999999e-02,1.214306433183765e-17
19800,10,-1.000000000000000e-02,-1.000000000000001e-02,8.673617379884035e-18
19800,11,8.999999999999999e-03,8.999999999999996e-03,3.469446951953614e-18
19800,12,8.000000000000000e-03,7.999999999999997e-03,3.469446951953614e-18
19800,13,-7.000000000000000e-03,-6.999999999999997e-03,-3.469446951953614e-18
19800,14,6.000000000000000e-03,6.000000000000003e-03,-2.602085213965211e-18
19800,15,5.000000000000000e-03,5.000000000000004e-03,-4.336808689942018e-18
19800,16,-4.000000000000000e-03,-3.999999999999995e-03,-5.204170427930421e-18
19800,17,3.500000000000000e-03,3.499999999999992e-03,7.806255641895632e-18
19800,18,3.000000000000000e-03,2.999999999999996e-03,4.336808689942018e-18
19800,19,-2.500000000000000e-03,-2.500000000000000e-03,4.336808689942018e-19
19800,20,2.000000000000000e-03,2.000000000000001e-03,-1.301042606982605e-18
19800,21,1.800000000000000e-03,1.800000000000004e-03,-3.686287386450715e-18
19800,22,-1.500000000000000e-03,-1.499999999999994e-03,-6.288372600415926e-18
19800,23,1.200000000000000e-03,1.200000000000008e-03,-7.806255641895632e-18
19800,24,1.000000000000000e-03,1.000000000000007e-03,-6.722053469410127e-18
19800,25,-8.000000000000000e-04,-7.999999999999916e-04,-8.456776945386935e-18
19800,26,5.999999999999999e-04,6.000000000000158e-04,-1.582935171828836e-17
19800,27,5.000000000000000e-04,5.000000000000164e-04,-1.637145280453112e-17
19800,28,-4.000000000000000e-04,-3.999999999999913e-04,-8.727827488508311e-18
19800,29,3.000000000000000e-04,3.000000000000039e-04,-3.957337929572091e-18
19900,0,1.200000000000000e-01,1.199999999999998e-01,1.526556658859590e-16
19900,1,-8.000000000000000e-02,-8.000000000000014e-02,1.387778780781446e-16
19900,2,5.500000000000000e-02,5.499999999999996e-02,4.163336342344337e-17
19900,3,4.000000000000000e-02,3.999999999999997e-02,3.469446951953614e-17
19900,4,-3.000000000000000e-02,-3.000000000000000e-02,-3.469446951953614e-18
19900,5,2.500000000000000e-02,2.500000000000000e-02,3.469446951953614e-18
19900,6,2.000000000000000e-02,2.000000000000001e-02,-6.938893903907228e-18
19900,7,-1.800000000000000e-02,-1.800000000000000e-02,-3.469446951953614e-18
19900,8,1.500000000000000e-02,1.500000000000000e-02,0.000000000000000e+00
19900,9,1.200000000000000e-02,1.199999999999999e-02,1.387778780781446e-17
19900,10,-1.000000000000000e-02,-1.000000000000002e-02,1.908195823574488e-17
19900,11,8.999999999999999e-03,8.999999999999999e-03,0.000000000000000e+00
19900,12,8.000000000000000e-03,7.999999999999993e-03,6.938893903907228e-18
19900,13,-7.000000000000000e-03,-6.999999999999998e-03,-2.602085213965211e-18
19900,14,6.000000000000000e-03,6.000000000000004e-03,-4.336808689942018e-18
19900,15,5.000000000000000e-03,5.000000000000008e-03,-7.806255641895632e-18
19900,16,-4.000000000000000e-03,-3.999999999999991e-03,-8.673617379884035e-18
19900,17,3.500000000000000e-03,3.499999999999998e-03,1.734723475976807e-18
19900,18,3.000000000000000e-03,3.000000000000000e-03,4.336808689942018e-19
19900,19,-2.500000000000000e-03,-2.500000000000005e-03,5.204170427930421e-18
19900,20,2.000000000000000e-03,1.999999999999998e-03,2.168404344971009e-18
19900,21,1.800000000000000e-03,1.800000000000002e-03,-1.951563910473908e-18
19900,22,-1.500000000000000e-03,-1.499999999999992e-03,-7.589415207398531e-18
19900,23,1.200000000000000e-03,1.200000000000008e-03,-7.806255641895632e-18
19900,24,1.000000000000000e-03,1.000000000000003e-03,-3.035766082959412e-18
19900,25,-8.000000000000000e-04,-7.999999999999961e-04,-3.903127820947816e-18
19900,26,5.999999999999999e-04,6.000000000000118e-04,-1.181780368009200e-17
19900,27,5.000000000000000e-04,5.000000000000152e-04,-1.517883041479706e-17
19900,28,-4.000000000000000e-04,-3.999999999999845e-04,-1.550409106654271e-17
19900,29,3.000000000000000e-04,3.000000000000135e-04,-1.349831704744453e-17
20000,0,1.200000000000000e-01,1.199999999999998e-01,1.526556658859590e-16
20000,1,-8.000000000000000e-02,-8.000000000000014e-02,1.387778780781446e-16
20000,2,5.500000000000000e-02,5.499999999999996e-02,4.163336342344337e-17
20000,3,4.000000000000000e-02,3.999999999999997e-02,3.469446951953614e-17
20000,4,-3.000000000000000e-02,-3.000000000000000e-02,0.000000000000000e+00
20000,5,2.500000000000000e-02,2.500000000000000e-02,-3.469446951953614e-18
20000,6,2.000000000000000e-02,2.000000000000000e-02,-3.469446951953614e-18
20000,7,-1.800000000000000e-02,-1.799999999999999e-02,-1.040834085586084e-17
20000,8,1.500000000000000e-02,1.500000000000000e-02,3.469446951953614e-18
20000,9,1.200000000000000e-02,1.199999999999999e-02,1.214306433183765e-17
20000,10,-1.000000000000000e-02,-1.000000000000001e-02,1.387778780781446e-17
20000,11,8.999999999999999e-03,9.000000000000003e-03,-3.469446951953614e-18
20000,12,8.000000000000000e-03,8.000000000000005e-03,-5.204170427930421e-18
20000,13,-7.000000000000000e-03,-6.999999999999993e-03,-6.938893903907228e-18
20000,14,6.000000000000000e-03,6.000000000000004e-03,-4.336808689942018e-18
20000,15,5.000000000000000e-03,4.999999999999998e-03,1.734723475976807e-18
20000,16,-4.000000000000000e-03,-3.999999999999997e-03,-3.469446951953614e-18
20000,17,3.500000000000000e-03,3.500000000000003e-03,-3.035766082959412e-18
20000,18,3.000000000000000e-03,3.000000000000013e-03,-1.257674520083185e-17
20000,19,-2.500000000000000e-03,-2.499999999999988e-03,-1.170938346284345e-17
20000,20,2.000000000000000e-03,2.000000000000005e-03,-5.204170427930421e-18
20000,21,1.800000000000000e-03,1.800000000000010e-03,-9.974659986866641e-18
20000,22,-1.500000000000000e-03,-1.499999999999987e-03,-1.322726650432315e-17
20000,23,1.200000000000000e-03,1.200000000000006e-03,-6.288372600415926e-18
20000,24,1.000000000000000e-03,1.000000000000003e-03,-3.469446951953614e-18
20000,25,-8.000000000000000e-04,-7.999999999999923e-04,-7.697835424647081e-18
20000,26,5.999999999999999e-04,6.000000000000017e-04,-1.734723475976807e-18
20000,27,5.000000000000000e-04,5.000000000000060e-04,-5.963111948670274e-18
20000,28,-4.000000000000000e-04,-3.999999999999910e-04,-9.053088140253962e-18
20000,29,3.000000000000000e-04,3.000000000000162e-04,-1.620882247865829e-17
