n,i,h,w,h_minus_w
100,0,1.200000000000000e-01,1.163992821316071e-01,3.600717868392916e-03
100,1,-8.000000000000000e-02,-7.267571596507943e-02,-7.324284034920567e-03
100,2,5.500000000000000e-02,5.008362628878031e-02,4.916373711219689e-03
100,3,4.000000000000000e-02,3.935582689147099e-02,6.441731085290101e-04
100,4,-3.000000000000000e-02,-2.427151133213798e-02,-5.728488667862019e-03
100,5,2.500000000000000e-02,1.859161594566329e-02,6.408384054336712e-03
100,6,2.000000000000000e-02,1.913232960602689e-02,8.676703939731086e-04
100,7,-1.800000000000000e-02,-1.177471539170681e-02,-6.225284608293186e-03
100,8,1.500000000000000e-02,1.272211117864364e-02,2.277888821356358e-03
100,9,1.200000000000000e-02,9.919155923026243e-03,2.080844076973757e-03
100,10,-1.000000000000000e-02,-3.469930956910285e-03,-6.530069043089715e-03
100,11,8.999999999999999e-03,6.498603409837921e-04,8.350139659016207e-03
100,12,8.000000000000000e-03,7.406471802816179e-03,5.935281971838208e-04
100,13,-7.000000000000000e-03,2.096570110469753e-03,-9.096570110469753e-03
100,14,6.000000000000000e-03,-2.444925661100307e-03,8.444925661100307e-03
100,15,5.000000000000000e-03,4.716060957171620e-03,2.839390428283801e-04
100,16,-4.000000000000000e-03,1.357667656242631e-03,-5.357667656242631e-03
100,17,3.500000000000000e-03,-6.093545099449533e-03,9.593545099449534e-03
100,18,3.000000000000000e-03,4.591674844620267e-03,-1.591674844620266e-03
100,19,-2.500000000000000e-03,8.199740737395685e-04,-3.319974073739569e-03
100,20,2.000000000000000e-03,-2.602197610224477e-03,4.602197610224477e-03
100,21,1.800000000000000e-03,2.293388922623935e-03,-4.933889226239347e-04
100,22,-1.500000000000000e-03,8.028650896699458e-04,-2.302865089669946e-03
100,23,1.200000000000000e-03,-5.555167988736334e-04,1.755516798873633e-03
100,24,1.000000000000000e-03,-1.953101365166231e-03,2.953101365166231e-03
100,25,-8.000000000000000e-04,4.679662970247072e-03,-5.479662970247073e-03
100,26,5.999999999999999e-04,-4.415718580579884e-03,5.015718580579883e-03
100,27,5.000000000000000e-04,3.476999643503980e-03,-2.976999643503980e-03
100,28,-4.000000000000000e-04,-4.755985009459929e-04,7.559850094599293e-05
100,29,3.000000000000000e-04,1.170136220663720e-03,-8.701362206637196e-04
200,0,1.200000000000000e-01,1.201507838241097e-01,-1.507838241096848e-04
200,1,-8.000000000000000e-02,-8.030626380942571e-02,3.062638094257081e-04
200,2,5.500000000000000e-02,5.501104685214485e-02,-1.104685214484841e-05
200,3,4.000000000000000e-02,3.987759696397015e-02,1.224030360298459e-04
200,4,-3.000000000000000e-02,-3.043567100451462e-02,4.356710045146164e-04
200,5,2.500000000000000e-02,2.559562281929619e-02,-5.956228192961870e-04
200,6,2.000000000000000e-02,1.952338773325200e-02,4.766122667480034e-04
200,7,-1.800000000000000e-02,-1.817935358365622e-02,1.793535836562242e-04
200,8,1.500000000000000e-02,1.464953407021425e-02,3.504659297857496e-04
200,9,1.200000000000000e-02,1.216118673632140e-02,-1.611867363213986e-04
200,10,-1.000000000000000e-02,-9.314941280674692e-03,-6.850587193253082e-04
200,11,8.999999999999999e-03,8.156720613241951e-03,8.432793867580481e-04
200,12,8.000000000000000e-03,8.200153847913593e-03,-2.001538479135933e-04
200,13,-7.000000000000000e-03,-6.391138600659123e-03,-6.088613993408768e-04
200,14,6.000000000000000e-03,5.943613090614870e-03,5.638690938512998e-05
200,15,5.000000000000000e-03,4.346693607465274e-03,6.533063925347263e-04
200,16,-4.000000000000000e-03,-3.988675501779513e-03,-1.132449822048662e-05
200,17,3.500000000000000e-03,3.184380956535864e-03,3.156190434641360e-04
200,18,3.000000000000000e-03,3.080551538446641e-03,-8.055153844664133e-05
200,19,-2.500000000000000e-03,-2.331504743879631e-03,-1.684952561203687e-04
200,20,2.000000000000000e-03,2.200244006548374e-03,-2.002440065483743e-04
200,21,1.800000000000000e-03,2.328395569442965e-03,-5.283955694429647e-04
200,22,-1.500000000000000e-03,-2.494845159532731e-03,9.948451595327306e-04
200,23,1.200000000000000e-03,6.164763215255655e-04,5.835236784744344e-04
200,24,1.000000000000000e-03,1.863777810730422e-03,-8.637778107304223e-04
200,25,-8.000000000000000e-04,-1.031563518338881e-03,2.315635183388808e-04
200,26,5.999999999999999e-04,4.896289359136070e-04,1.103710640863929e-04
200,27,5.000000000000000e-04,2.831806815244183e-04,2.168193184755817e-04
200,28,-4.000000000000000e-04,-4.695152856980055e-04,6.951528569800548e-05
200,29,3.000000000000000e-04,1.505460640502299e-04,1.494539359497701e-04
300,0,1.200000000000000e-01,1.200384275809298e-01,-3.842758092975629e-05
300,1,-8.000000000000000e-02,-7.992697917349631e-02,-7.302082650369190e-05
300,2,5.500000000000000e-02,5.485861582730318e-02,1.413841726968165e-04
300,3,4.000000000000000e-02,3.994073019262096e-02,5.926980737903931e-05
300,4,-3.000000000000000e-02,-3.006044630752448e-02,6.044630752448030e-05
300,5,2.500000000000000e-02,2.498405635724169e-02,1.594364275831622e-05
300,6,2.000000000000000e-02,2.012065764029235e-02,-1.206576402923501e-04
300,7,-1.800000000000000e-02,-1.808338063957342e-02,8.338063957341948e-05
300,8,1.500000000000000e-02,1.497982618767162e-02,2.017381232837998e-05
300,9,1.200000000000000e-02,1.203415213364131e-02,-3.415213364131413e-05
300,10,-1.000000000000000e-02,-9.987642326534004e-03,-1.235767346599581e-05
300,11,8.999999999999999e-03,9.093097990041960e-03,-9.309799004196019e-05
300,12,8.000000000000000e-03,7.949158727432333e-03,5.084127256766748e-05
300,13,-7.000000000000000e-03,-6.992582456720725e-03,-7.417543279274880e-06
300,14,6.000000000000000e-03,5.885430893845479e-03,1.145691061545211e-04
300,15,5.000000000000000e-03,4.979596715264730e-03,2.040328473527052e-05
300,16,-4.000000000000000e-03,-3.926502757577892e-03,-7.349724242210805e-05
300,17,3.500000000000000e-03,3.494530514768360e-03,5.469485231639724e-06
300,18,3.000000000000000e-03,2.935058787926549e-03,6.494121207345060e-05
300,19,-2.500000000000000e-03,-2.457613102418852e-03,-4.238689758114846e-05
300,20,2.000000000000000e-03,1.997392281438120e-03,2.607718561879659e-06
300,21,1.800000000000000e-03,1.789373977180900e-03,1.062602281910025e-05
300,22,-1.500000000000000e-03,-1.464530758053079e-03,-3.546924194692148e-05
300,23,1.200000000000000e-03,1.221299229428191e-03,-2.129922942819130e-05
300,24,1.000000000000000e-03,1.039351590455179e-03,-3.935159045517864e-05
300,25,-8.000000000000000e-04,-8.725956279240517e-04,7.259562792405168e-05
300,26,5.999999999999999e-04,6.171382325589909e-04,-1.713823255899093e-05
300,27,5.000000000000000e-04,4.769007685311187e-04,2.309923146888134e-05
300,28,-4.000000000000000e-04,-4.221109562305786e-04,2.211095623057860e-05
300,29,3.000000000000000e-04,4.267841585099887e-04,-1.267841585099887e-04
400,0,1.200000000000000e-01,1.199903605152963e-01,9.639484703727330e-06
400,1,-8.000000000000000e-02,-8.000646779806479e-02,6.467798064790919e-06
400,2,5.500000000000000e-02,5.501462722281330e-02,-1.462722281329876e-05
400,3,4.000000000000000e-02,4.000143255296931e-02,-1.432552969304890e-06
400,4,-3.000000000000000e-02,-2.999879658655909e-02,-1.203413440911683e-06
400,5,2.500000000000000e-02,2.499953411768290e-02,4.658823171029003e-07
400,6,2.000000000000000e-02,2.000013759774304e-02,-1.375977430363717e-07
400,7,-1.800000000000000e-02,-1.799546988970727e-02,-4.530110292732398e-06
400,8,1.500000000000000e-02,1.499458634722454e-02,5.413652775454469e-06
400,9,1.200000000000000e-02,1.200246574318859e-02,-2.465743188587166e-06
400,10,-1.000000000000000e-02,-9.993433021588076e-03,-6.566978411923913e-06
400,11,8.999999999999999e-03,8.997650584537005e-03,2.349415462994317e-06
400,12,8.000000000000000e-03,8.006650578009963e-03,-6.650578009963215e-06
400,13,-7.000000000000000e-03,-6.998467898452012e-03,-1.532101547988170e-06
400,14,6.000000000000000e-03,6.000593030679889e-03,-5.930306798893059e-07
400,15,5.000000000000000e-03,5.001625750131486e-03,-1.625750131486331e-06
400,16,-4.000000000000000e-03,-4.002348801042216e-03,2.348801042216173e-06
400,17,3.500000000000000e-03,3.497699088246507e-03,2.300911753492802e-06
400,18,3.000000000000000e-03,3.007381513057746e-03,-7.381513057746342e-06
400,19,-2.500000000000000e-03,-2.502819530084920e-03,2.819530084919794e-06
400,20,2.000000000000000e-03,1.995664425659270e-03,4.335574340730199e-06
400,21,1.800000000000000e-03,1.803697007993827e-03,-3.697007993826943e-06
400,22,-1.500000000000000e-03,-1.497099322483023e-03,-2.900677516976891e-06
400,23,1.200000000000000e-03,1.195742283409464e-03,4.257716590535957e-06
400,24,1.000000000000000e-03,1.009046242760493e-03,-9.046242760493315e-06
400,25,-8.000000000000000e-04,-7.970954945514395e-04,-2.904505448560581e-06
400,26,5.999999999999999e-04,5.896488186471801e-04,1.035118135281983e-05
400,27,5.000000000000000e-04,4.995401158440911e-04,4.598841559089314e-07
400,28,-4.000000000000000e-04,-3.992564553430445e-04,-7.435446569554853e-07
400,29,3.000000000000000e-04,2.976984571991291e-04,2.301542800870837e-06
500,0,1.200000000000000e-01,1.200001442822196e-01,-1.442822196440208e-07
500,1,-8.000000000000000e-02,-7.999999919863324e-02,-8.013667646133982e-10
500,2,5.500000000000000e-02,5.500004553080090e-02,-4.553080090036188e-08
500,3,4.000000000000000e-02,4.000049882055720e-02,-4.988205572001303e-07
500,4,-3.000000000000000e-02,-2.999932909471660e-02,-6.709052833946128e-07
500,5,2.500000000000000e-02,2.500006849540207e-02,-6.849540207243265e-08
500,6,2.000000000000000e-02,1.999945040338945e-02,5.495966105481531e-07
500,7,-1.800000000000000e-02,-1.799934532770794e-02,-6.546722920580672e-07
500,8,1.500000000000000e-02,1.499991805341720e-02,8.194658280072376e-08
500,9,1.200000000000000e-02,1.199860486927701e-02,1.395130722987512e-06
500,10,-1.000000000000000e-02,-9.999539722385268e-03,-4.602776147322879e-07
500,11,8.999999999999999e-03,9.000817625866022e-03,-8.176258660223812e-07
500,12,8.000000000000000e-03,7.999805200915935e-03,1.947990840647784e-07
500,13,-7.000000000000000e-03,-7.001201685316065e-03,1.201685316064467e-06
500,14,6.000000000000000e-03,5.999642225539258e-03,3.577744607423730e-07
500,15,5.000000000000000e-03,5.000985093242816e-03,-9.850932428156003e-07
500,16,-4.000000000000000e-03,-3.999145212533728e-03,-8.547874662716629e-07
500,17,3.500000000000000e-03,3.499402235617720e-03,5.977643822803122e-07
500,18,3.000000000000000e-03,2.999727951596600e-03,2.720484033997238e-07
500,19,-2.500000000000000e-03,-2.500232952356690e-03,2.329523566897869e-07
500,20,2.000000000000000e-03,1.999799808114813e-03,2.001918851871065e-07
500,21,1.800000000000000e-03,1.800369865857261e-03,-3.698658572609537e-07
500,22,-1.500000000000000e-03,-1.500600522505105e-03,6.005225051048443e-07
500,23,1.200000000000000e-03,1.200503142334797e-03,-5.031423347975992e-07
500,24,1.000000000000000e-03,1.000726288670136e-03,-7.262886701356937e-07
500,25,-8.000000000000000e-04,-8.003778941558917e-04,3.778941558916626e-07
500,26,5.999999999999999e-04,5.993860497993732e-04,6.139502006267342e-07
500,27,5.000000000000000e-04,5.001361568126946e-04,-1.361568126946383e-07
500,28,-4.000000000000000e-04,-3.994537773932608e-04,-5.462226067392260e-07
500,29,3.000000000000000e-04,3.008948664441741e-04,-8.948664441740936e-07
600,0,1.200000000000000e-01,1.199999834774719e-01,1.652252810957489e-08
600,1,-8.000000000000000e-02,-8.000028784148626e-02,2.878414862572676e-07
600,2,5.500000000000000e-02,5.500003439130552e-02,-3.439130551868841e-08
600,3,4.000000000000000e-02,4.000012918327527e-02,-1.291832752645106e-07
600,4,-3.000000000000000e-02,-3.000003445133632e-02,3.445133632193342e-08
600,5,2.500000000000000e-02,2.499990518305542e-02,9.481694458399192e-08
600,6,2.000000000000000e-02,2.000016048842769e-02,-1.604884276897034e-07
600,7,-1.800000000000000e-02,-1.799986183353448e-02,-1.381664655186743e-07
600,8,1.500000000000000e-02,1.499963098927550e-02,3.690107245012120e-07
600,9,1.200000000000000e-02,1.199958488886116e-02,4.151111388395884e-07
600,10,-1.000000000000000e-02,-9.999835222647267e-03,-1.647773527329449e-07
600,11,8.999999999999999e-03,9.000591530185075e-03,-5.915301850758364e-07
600,12,8.000000000000000e-03,8.000062283657031e-03,-6.228365703048189e-08
600,13,-7.000000000000000e-03,-7.000477006263535e-03,4.770062635352929e-07
600,14,6.000000000000000e-03,5.999948798467694e-03,5.120153230651209e-08
600,15,5.000000000000000e-03,5.000430340991110e-03,-4.303409911095291e-07
600,16,-4.000000000000000e-03,-4.000015958775003e-03,1.595877500287779e-08
600,17,3.500000000000000e-03,3.499649860764677e-03,3.501392353234475e-07
600,18,3.000000000000000e-03,3.000028549245674e-03,-2.854924567412265e-08
600,19,-2.500000000000000e-03,-2.499772034693440e-03,-2.279653065597256e-07
600,20,2.000000000000000e-03,2.000050040796749e-03,-5.004079674849476e-08
600,21,1.800000000000000e-03,1.799798537677451e-03,2.014623225489714e-07
600,22,-1.500000000000000e-03,-1.500122294020967e-03,1.222940209668309e-07
600,23,1.200000000000000e-03,1.200246554582865e-03,-2.465545828650613e-07
600,24,1.000000000000000e-03,1.000207284651658e-03,-2.072846516582624e-07
600,25,-8.000000000000000e-04,-8.000125942211463e-04,1.259422114621885e-08
600,26,5.999999999999999e-04,5.998607574679983e-04,1.392425320016636e-07
600,27,5.000000000000000e-04,5.000274012618872e-04,-2.740126188720705e-08
600,28,-4.000000000000000e-04,-3.998661433848487e-04,-1.338566151512966e-07
600,29,3.000000000000000e-04,2.999729997938396e-04,2.700020616032981e-08
700,0,1.200000000000000e-01,1.200000628928835e-01,-6.289288349836664e-08
700,1,-8.000000000000000e-02,-7.999999291435354e-02,-7.085646458460104e-09
700,2,5.500000000000000e-02,5.499997368072308e-02,2.631927691759683e-08
700,3,4.000000000000000e-02,4.000000428259935e-02,-4.282599344596072e-09
700,4,-3.000000000000000e-02,-2.999997154071483e-02,-2.845928516806429e-08
700,5,2.500000000000000e-02,2.500003012443078e-02,-3.012443078320715e-08
700,6,2.000000000000000e-02,1.999997917240828e-02,2.082759172419846e-08
700,7,-1.800000000000000e-02,-1.800005604172191e-02,5.604172191586709e-08
700,8,1.500000000000000e-02,1.499998896945294e-02,1.103054706082240e-08
700,9,1.200000000000000e-02,1.200003013238298e-02,-3.013238298460452e-08
700,10,-1.000000000000000e-02,-9.999984735392960e-03,-1.526460704018295e-08
700,11,8.999999999999999e-03,8.999991321198345e-03,8.678801654768420e-09
700,12,8.000000000000000e-03,8.000008527487529e-03,-8.527487528608990e-09
700,13,-7.000000000000000e-03,-6.999941921303382e-03,-5.807869661849513e-08
700,14,6.000000000000000e-03,5.999987666562455e-03,1.233343754469124e-08
700,15,5.000000000000000e-03,4.999936392662475e-03,6.360733752555636e-08
700,16,-4.000000000000000e-03,-4.000022879470418e-03,2.287947041806210e-08
700,17,3.500000000000000e-03,3.500044552707280e-03,-4.455270728037641e-08
700,18,3.000000000000000e-03,3.000017555061012e-03,-1.755506101163568e-08
700,19,-2.500000000000000e-03,-2.500033741883101e-03,3.374188310093645e-08
700,20,2.000000000000000e-03,1.999955302281592e-03,4.469771840848180e-08
700,21,1.800000000000000e-03,1.799976870195902e-03,2.312980409762896e-08
700,22,-1.500000000000000e-03,-1.499957514704239e-03,-4.248529576148657e-08
700,23,1.200000000000000e-03,1.200075158457249e-03,-7.515845724948012e-08
700,24,1.000000000000000e-03,9.999819293351698e-04,1.807066483017379e-08
700,25,-8.000000000000000e-04,-8.000673654068300e-04,6.736540682998182e-08
700,26,5.999999999999999e-04,6.000048720954593e-04,-4.872095459387306e-09
700,27,5.000000000000000e-04,5.000563523911925e-04,-5.635239119252105e-08
700,28,-4.000000000000000e-04,-3.999800068894881e-04,-1.999311051193190e-08
700,29,3.000000000000000e-04,2.999751727536348e-04,2.482724636521192e-08
800,0,1.200000000000000e-01,1.200000120172384e-01,-1.201723838495372e-08
800,1,-8.000000000000000e-02,-8.000001690606608e-02,1.690606607485101e-08
800,2,5.500000000000000e-02,5.499998152778863e-02,1.847221137163402e-08
800,3,4.000000000000000e-02,4.000001089796966e-02,-1.089796965864087e-08
800,4,-3.000000000000000e-02,-2.999998244540385e-02,-1.755459614824484e-08
800,5,2.500000000000000e-02,2.499999757736964e-02,2.422630363679845e-09
800,6,2.000000000000000e-02,1.999997817784721e-02,2.182215279311617e-08
800,7,-1.800000000000000e-02,-1.799999104522186e-02,-8.954778134284691e-09
800,8,1.500000000000000e-02,1.500001420714486e-02,-1.420714486333186e-08
800,9,1.200000000000000e-02,1.199999695527727e-02,3.044722732617466e-09
800,10,-1.000000000000000e-02,-1.000000795001211e-02,7.950012105226167e-09
800,11,8.999999999999999e-03,8.999989637553754e-03,1.036244624483262e-08
800,12,8.000000000000000e-03,8.000001233600892e-03,-1.233600891575870e-09
800,13,-7.000000000000000e-03,-7.000002333058356e-03,2.333058355882822e-09
800,14,6.000000000000000e-03,6.000000574785926e-03,-5.747859254529031e-10
800,15,5.000000000000000e-03,5.000003446379662e-03,-3.446379661688204e-09
800,16,-4.000000000000000e-03,-4.000007682283677e-03,7.682283677257207e-09
800,17,3.500000000000000e-03,3.499988805834949e-03,1.119416505107260e-08
800,18,3.000000000000000e-03,3.000009822688920e-03,-9.822688919625816e-09
800,19,-2.500000000000000e-03,-2.499981842493647e-03,-1.815750635351249e-08
800,20,2.000000000000000e-03,1.999999902026850e-03,9.797314955845016e-11
800,21,1.800000000000000e-03,1.799980456482030e-03,1.954351796953739e-08
800,22,-1.500000000000000e-03,-1.500000740303168e-03,7.403031675092681e-10
800,23,1.200000000000000e-03,1.200010270664309e-03,-1.027066430926531e-08
800,24,1.000000000000000e-03,9.999990025240857e-04,9.974759143660528e-10
800,25,-8.000000000000000e-04,-8.000088411336568e-04,8.841133656775635e-09
800,26,5.999999999999999e-04,5.999980397803042e-04,1.960219695763821e-09
800,27,5.000000000000000e-04,5.000139910993216e-04,-1.399109932163217e-08
800,28,-4.000000000000000e-04,-3.999952143060099e-04,-4.785693990129024e-09
800,29,3.000000000000000e-04,2.999890513992536e-04,1.094860074634220e-08
900,0,1.200000000000000e-01,1.199999997109584e-01,2.890415823353365e-10
900,1,-8.000000000000000e-02,-8.000000049818169e-02,4.981816903448788e-10
900,2,5.500000000000000e-02,5.500000018755213e-02,-1.875521266070379e-10
900,3,4.000000000000000e-02,4.000000049867795e-02,-4.986779461590984e-10
900,4,-3.000000000000000e-02,-3.000000029521096e-02,2.952109563747474e-10
900,5,2.500000000000000e-02,2.500000033043397e-02,-3.304339649123911e-10
900,6,2.000000000000000e-02,1.999999966214383e-02,3.378561701239402e-10
900,7,-1.800000000000000e-02,-1.800000013429106e-02,1.342910574408940e-10
900,8,1.500000000000000e-02,1.500000072448397e-02,-7.244839745484954e-10
900,9,1.200000000000000e-02,1.199999978723124e-02,2.127687592085037e-10
900,10,-1.000000000000000e-02,-1.000000029023568e-02,2.902356827094721e-10
900,11,8.999999999999999e-03,8.999999304296643e-03,6.957033560350823e-10
900,12,8.000000000000000e-03,7.999999319469948e-03,6.805300524492797e-10
900,13,-7.000000000000000e-03,-7.000000377204172e-03,3.772041715435770e-10
900,14,6.000000000000000e-03,6.000000606319890e-03,-6.063198901284927e-10
900,15,5.000000000000000e-03,4.999999827500034e-03,1.724999657004567e-10
900,16,-4.000000000000000e-03,-3.999999480568929e-03,-5.194310710721073e-10
900,17,3.500000000000000e-03,3.499999803719291e-03,1.962807087002583e-10
900,18,3.000000000000000e-03,2.999998824063658e-03,1.175936341791389e-09
900,19,-2.500000000000000e-03,-2.499999788248077e-03,-2.117519228538034e-10
900,20,2.000000000000000e-03,2.000000493681323e-03,-4.936813228183234e-10
900,21,1.800000000000000e-03,1.800000122447117e-03,-1.224471166821894e-10
900,22,-1.500000000000000e-03,-1.499999746762305e-03,-2.532376951365489e-10
900,23,1.200000000000000e-03,1.199999703756620e-03,2.962433794367197e-10
900,24,1.000000000000000e-03,9.999992552443488e-04,7.447556512468756e-10
900,25,-8.000000000000000e-04,-7.999998341805309e-04,-1.658194691582168e-10
900,26,5.999999999999999e-04,5.999998638999440e-04,1.361000559214204e-10
900,27,5.000000000000000e-04,5.000006910708483e-04,-6.910708483329892e-10
900,28,-4.000000000000000e-04,-3.999996150732723e-04,-3.849267277535387e-10
900,29,3.000000000000000e-04,3.000002876122119e-04,-2.876122118787051e-10
1000,0,1.200000000000000e-01,1.200000000038151e-01,-3.815142646246272e-12
1000,1,-8.000000000000000e-02,-7.999999994859627e-02,-5.140372849599117e-11
1000,2,5.500000000000000e-02,5.500000004540342e-02,-4.540341713710205e-11
1000,3,4.000000000000000e-02,3.999999997698712e-02,2.301288326567175e-11
1000,4,-3.000000000000000e-02,-2.999999994191267e-02,-5.808732661538585e-11
1000,5,2.500000000000000e-02,2.499999998252342e-02,1.747658268103081e-11
1000,6,2.000000000000000e-02,2.000000007848966e-02,-7.848965921652962e-11
1000,7,-1.800000000000000e-02,-1.799999994886213e-02,-5.113786477606297e-11
1000,8,1.500000000000000e-02,1.499999995999827e-02,4.000173109419691e-11
1000,9,1.200000000000000e-02,1.199999999631988e-02,3.680116975046666e-12
1000,10,-1.000000000000000e-02,-9.999999975586918e-03,-2.441308266654119e-11
1000,11,8.999999999999999e-03,8.999999978992977e-03,2.100702251039976e-11
1000,12,8.000000000000000e-03,8.000000007554827e-03,-7.554826556011029e-12
1000,13,-7.000000000000000e-03,-7.000000047250533e-03,4.725053247972566e-11
1000,14,6.000000000000000e-03,5.999999957598085e-03,4.240191531224013e-11
1000,15,5.000000000000000e-03,4.999999988189141e-03,1.181085871465593e-11
1000,16,-4.000000000000000e-03,-3.999999964187189e-03,-3.581281105002887e-11
1000,17,3.500000000000000e-03,3.500000018691034e-03,-1.869103352994395e-11
1000,18,3.000000000000000e-03,3.000000138890752e-03,-1.388907517642368e-10
1000,19,-2.500000000000000e-03,-2.499999925894434e-03,-7.410556630144116e-11
1000,20,2.000000000000000e-03,2.000000069591767e-03,-6.959176681101131e-11
1000,21,1.800000000000000e-03,1.799999955885593e-03,4.411440743951056e-11
1000,22,-1.500000000000000e-03,-1.500000078759004e-03,7.875900409279324e-11
1000,23,1.200000000000000e-03,1.199999933979915e-03,6.602008523204361e-11
1000,24,1.000000000000000e-03,9.999999832303237e-04,1.676967635935722e-11
1000,25,-8.000000000000000e-04,-8.000000152188574e-04,1.521885731586153e-11
1000,26,5.999999999999999e-04,6.000000862431401e-04,-8.624314012505713e-11
1000,27,5.000000000000000e-04,5.000000304293721e-04,-3.042937212968666e-11
1000,28,-4.000000000000000e-04,-3.999999619126159e-04,-3.808738410380694e-11
1000,29,3.000000000000000e-04,2.999999213439026e-04,7.865609736885243e-11
1100,0,1.200000000000000e-01,1.199999999992870e-01,7.130268597776990e-13
1100,1,-8.000000000000000e-02,-8.000000001079521e-02,1.079521194657929e-11
1100,2,5.500000000000000e-02,5.499999999935673e-02,6.432701593617196e-13
1100,3,4.000000000000000e-02,3.999999999979136e-02,2.086386619026825e-13
1100,4,-3.000000000000000e-02,-3.000000000435784e-02,4.357837007917809e-12
1100,5,2.500000000000000e-02,2.499999999858626e-02,1.413737182875963e-12
1100,6,2.000000000000000e-02,2.000000000233846e-02,-2.338455817874063e-12
1100,7,-1.800000000000000e-02,-1.800000000027186e-02,2.718589242611813e-13
1100,8,1.500000000000000e-02,1.500000000490116e-02,-4.901161074211124e-12
1100,9,1.200000000000000e-02,1.200000000125724e-02,-1.257239104490715e-12
1100,10,-1.000000000000000e-02,-9.999999992216554e-03,-7.783445762910013e-12
1100,11,8.999999999999999e-03,9.000000001469522e-03,-1.469522420416425e-12
1100,12,8.000000000000000e-03,8.000000005521785e-03,-5.521784418593967e-12
1100,13,-7.000000000000000e-03,-6.999999997561992e-03,-2.438008128713420e-12
1100,14,6.000000000000000e-03,6.000000005103505e-03,-5.103504424619487e-12
1100,15,5.000000000000000e-03,5.000000002140416e-03,-2.140415449047861e-12
1100,16,-4.000000000000000e-03,-4.000000002208164e-03,2.208164207040397e-12
1100,17,3.500000000000000e-03,3.499999996065155e-03,3.934844637620838e-12
1100,18,3.000000000000000e-03,3.000000000258464e-03,-2.584638232605574e-13
1100,19,-2.500000000000000e-03,-2.500000005313407e-03,5.313406832574419e-12
1100,20,2.000000000000000e-03,1.999999998313578e-03,1.686421835511709e-12
1100,21,1.800000000000000e-03,1.799999996965535e-03,3.034465040352430e-12
1100,22,-1.500000000000000e-03,-1.500000000027573e-03,2.757342965065135e-14
1100,23,1.200000000000000e-03,1.199999997668587e-03,2.331412840561597e-12
1100,24,1.000000000000000e-03,9.999999963885898e-04,3.611410216014521e-12
1100,25,-8.000000000000000e-04,-8.000000064175951e-04,6.417595079487304e-12
1100,26,5.999999999999999e-04,6.000000009315820e-04,-9.315820684308029e-13
1100,27,5.000000000000000e-04,5.000000060562287e-04,-6.056228652254192e-12
1100,28,-4.000000000000000e-04,-4.000000022308552e-04,2.230855203257803e-12
1100,29,3.000000000000000e-04,3.000000001835136e-04,-1.835135775979380e-13
1200,0,1.200000000000000e-01,1.200000000006971e-01,-6.970812815865202e-13
1200,1,-8.000000000000000e-02,-8.000000000014791e-02,1.479094624556865e-13
1200,2,5.500000000000000e-02,5.499999999974627e-02,2.537345333841756e-13
1200,3,4.000000000000000e-02,3.999999999941078e-02,5.892161758502823e-13
1200,4,-3.000000000000000e-02,-2.999999999950179e-02,-4.982056434066351e-13
1200,5,2.500000000000000e-02,2.500000000014144e-02,-1.414389438902930e-13
1200,6,2.000000000000000e-02,2.000000000100383e-02,-1.003832433843499e-12
1200,7,-1.800000000000000e-02,-1.800000000013719e-02,1.371923408211018e-13
1200,8,1.500000000000000e-02,1.499999999990280e-02,9.720176052940843e-14
1200,9,1.200000000000000e-02,1.200000000021297e-02,-2.129685316987207e-13
1200,10,-1.000000000000000e-02,-1.000000000049848e-02,4.984797297158394e-13
1200,11,8.999999999999999e-03,8.999999999850230e-03,1.497690860219336e-13
1200,12,8.000000000000000e-03,8.000000000018893e-03,-1.889287337686341e-14
1200,13,-7.000000000000000e-03,-6.999999999993034e-03,-6.965782117784869e-15
1200,14,6.000000000000000e-03,6.000000000004132e-03,-4.132111319776754e-15
1200,15,5.000000000000000e-03,4.999999999081272e-03,9.187277674738148e-13
1200,16,-4.000000000000000e-03,-3.999999999813736e-03,-1.862641985095337e-13
1200,17,3.500000000000000e-03,3.499999999912628e-03,8.737238363365485e-14
1200,18,3.000000000000000e-03,3.000000000013167e-03,-1.316741854440195e-14
1200,19,-2.500000000000000e-03,-2.500000000165697e-03,1.656964496166147e-13
1200,20,2.000000000000000e-03,2.000000000455616e-03,-4.556155799861905e-13
1200,21,1.800000000000000e-03,1.799999999773108e-03,2.268916391573450e-13
1200,22,-1.500000000000000e-03,-1.499999999457153e-03,-5.428465836565532e-13
1200,23,1.200000000000000e-03,1.199999999093014e-03,9.069860747862313e-13
1200,24,1.000000000000000e-03,1.000000000230684e-03,-2.306835278353958e-13
1200,25,-8.000000000000000e-04,-7.999999997704559e-04,-2.295441397723308e-13
1200,26,5.999999999999999e-04,6.000000009618897e-04,-9.618897475402455e-13
1200,27,5.000000000000000e-04,5.000000000765192e-04,-7.651919462642320e-14
1200,28,-4.000000000000000e-04,-3.999999994280692e-04,-5.719308490345631e-13
1200,29,3.000000000000000e-04,3.000000000420047e-04,-4.200475687762828e-14
1300,0,1.200000000000000e-01,1.200000000000021e-01,-2.081668171172169e-15
1300,1,-8.000000000000000e-02,-7.999999999992087e-02,-7.913114608015803e-14
1300,2,5.500000000000000e-02,5.499999999986777e-02,1.322345011267601e-13
1300,3,4.000000000000000e-02,4.000000000007125e-02,-7.124856260531942e-14
1300,4,-3.000000000000000e-02,-3.000000000017282e-02,1.728166221237615e-13
1300,5,2.500000000000000e-02,2.500000000017326e-02,-1.732537724397076e-13
1300,6,2.000000000000000e-02,1.999999999983031e-02,1.696941198670032e-13
1300,7,-1.800000000000000e-02,-1.799999999986733e-02,-1.326681819957543e-13
1300,8,1.500000000000000e-02,1.499999999982488e-02,1.751151307294307e-13
1300,9,1.200000000000000e-02,1.200000000011367e-02,-1.136729599338082e-13
1300,10,-1.000000000000000e-02,-1.000000000014346e-02,1.434616314632819e-13
1300,11,8.999999999999999e-03,9.000000000179689e-03,-1.796895965355816e-13
1300,12,8.000000000000000e-03,7.999999999908114e-03,9.188656779901549e-14
1300,13,-7.000000000000000e-03,-6.999999999937098e-03,-6.290194060065701e-14
1300,14,6.000000000000000e-03,5.999999999932837e-03,6.716328881939404e-14
1300,15,5.000000000000000e-03,4.999999999991573e-03,8.427286646295329e-15
1300,16,-4.000000000000000e-03,-3.999999999987613e-03,-1.238679298021239e-14
1300,17,3.500000000000000e-03,3.500000000020426e-03,-2.042636892962690e-14
1300,18,3.000000000000000e-03,2.999999999966381e-03,3.361937464529952e-14
1300,19,-2.500000000000000e-03,-2.500000000000862e-03,8.621575675604731e-16
1300,20,2.000000000000000e-03,1.999999999994042e-03,5.958341459111338e-15
1300,21,1.800000000000000e-03,1.800000000084599e-03,-8.459942815730592e-14
1300,22,-1.500000000000000e-03,-1.500000000022172e-03,2.217236810819756e-14
1300,23,1.200000000000000e-03,1.199999999981072e-03,1.892821836768643e-14
1300,24,1.000000000000000e-03,9.999999999734722e-04,2.652782507550633e-14
1300,25,-8.000000000000000e-04,-7.999999999723289e-04,-2.767111626639229e-14
1300,26,5.999999999999999e-04,6.000000000151583e-04,-1.515833899373709e-14
1300,27,5.000000000000000e-04,4.999999999602941e-04,3.970586880119864e-14
1300,28,-4.000000000000000e-04,-4.000000000780541e-04,7.805409964201093e-14
1300,29,3.000000000000000e-04,2.999999999954099e-04,4.590078317434632e-15
1400,0,1.200000000000000e-01,1.200000000000146e-01,-1.462718834943644e-14
1400,1,-8.000000000000000e-02,-8.000000000002971e-02,2.971234369653075e-14
1400,2,5.500000000000000e-02,5.500000000000758e-02,-7.577272143066693e-15
1400,3,4.000000000000000e-02,4.000000000000414e-02,-4.142519660632615e-15
1400,4,-3.000000000000000e-02,-2.999999999999592e-02,-4.083539062449404e-15
1400,5,2.500000000000000e-02,2.499999999999959e-02,4.163336342344337e-16
1400,6,2.000000000000000e-02,1.999999999999681e-02,3.195360642749279e-15
1400,7,-1.800000000000000e-02,-1.800000000000572e-02,5.717648576819556e-15
1400,8,1.500000000000000e-02,1.500000000001370e-02,-1.370258073674080e-14
1400,9,1.200000000000000e-02,1.199999999998300e-02,1.699855534109673e-14
1400,10,-1.000000000000000e-02,-9.999999999991144e-03,-8.855763344861600e-15
1400,11,8.999999999999999e-03,8.999999999994394e-03,5.604891550881064e-15
1400,12,8.000000000000000e-03,8.000000000006346e-03,-6.345618475123160e-15
1400,13,-7.000000000000000e-03,-7.000000000008880e-03,8.880049473525276e-15
1400,14,6.000000000000000e-03,6.000000000002391e-03,-2.390448949896040e-15
1400,15,5.000000000000000e-03,4.999999999994910e-03,5.090546040253940e-15
1400,16,-4.000000000000000e-03,-4.000000000000492e-03,4.917941054394248e-16
1400,17,3.500000000000000e-03,3.499999999992904e-03,7.096320059352124e-15
1400,18,3.000000000000000e-03,3.000000000007136e-03,-7.136218699299590e-15
1400,19,-2.500000000000000e-03,-2.500000000001188e-03,1.187851900175119e-15
1400,20,2.000000000000000e-03,2.000000000002965e-03,-2.965076101313358e-15
1400,21,1.800000000000000e-03,1.799999999997529e-03,2.470896751094465e-15
1400,22,-1.500000000000000e-03,-1.499999999990401e-03,-9.599309194752159e-15
1400,23,1.200000000000000e-03,1.199999999981533e-03,1.846721560394560e-14
1400,24,1.000000000000000e-03,1.000000000014184e-03,-1.418396650132436e-14
1400,25,-8.000000000000000e-04,-8.000000000048034e-04,4.803340884762530e-15
1400,26,5.999999999999999e-04,6.000000000059993e-04,-5.999324301231290e-15
1400,27,5.000000000000000e-04,4.999999999983883e-04,1.611666529399702e-15
1400,28,-4.000000000000000e-04,-3.999999999956862e-04,-4.313823603885325e-15
1400,29,3.000000000000000e-04,2.999999999845113e-04,1.548864118558479e-14
1500,0,1.200000000000000e-01,1.200000000000002e-01,-1.665334536937735e-16
1500,1,-8.000000000000000e-02,-8.000000000000257e-02,2.567390744445674e-15
1500,2,5.500000000000000e-02,5.499999999999907e-02,9.298117831235686e-16
1500,3,4.000000000000000e-02,3.999999999999834e-02,1.665334536937735e-15
1500,4,-3.000000000000000e-02,-2.999999999999994e-02,-6.245004513516506e-17
1500,5,2.500000000000000e-02,2.499999999999997e-02,2.775557561562891e-17
1500,6,2.000000000000000e-02,1.999999999999780e-02,2.196159920586638e-15
1500,7,-1.800000000000000e-02,-1.799999999999881e-02,-1.193489751472043e-15
1500,8,1.500000000000000e-02,1.499999999999991e-02,8.847089727481716e-17
1500,9,1.200000000000000e-02,1.200000000000067e-02,-6.678685382510707e-16
1500,10,-1.000000000000000e-02,-1.000000000000100e-02,1.002670169114595e-15
1500,11,8.999999999999999e-03,9.000000000000848e-03,-8.482797797526587e-16
1500,12,8.000000000000000e-03,7.999999999999017e-03,9.835882108788496e-16
1500,13,-7.000000000000000e-03,-6.999999999998868e-03,-1.131907068074867e-15
1500,14,6.000000000000000e-03,6.000000000000431e-03,-4.310787837802366e-16
1500,15,5.000000000000000e-03,4.999999999999943e-03,5.724587470723463e-17
1500,16,-4.000000000000000e-03,-4.000000000000233e-03,2.324529457808922e-16
1500,17,3.500000000000000e-03,3.500000000000870e-03,-8.703975040713630e-16
1500,18,3.000000000000000e-03,3.000000000000010e-03,-1.040834085586084e-17
1500,19,-2.500000000000000e-03,-2.500000000000289e-03,2.888314587501384e-16
1500,20,2.000000000000000e-03,1.999999999999391e-03,6.093216209368535e-16
1500,21,1.800000000000000e-03,1.799999999999292e-03,7.082008590675315e-16
1500,22,-1.500000000000000e-03,-1.499999999999115e-03,-8.849258131826687e-16
1500,23,1.200000000000000e-03,1.200000000000275e-03,-2.747368305078268e-16
1500,24,1.000000000000000e-03,1.000000000000583e-03,-5.830839283627043e-16
1500,25,-8.000000000000000e-04,-8.000000000001046e-04,1.045170894276026e-16
1500,26,5.999999999999999e-04,6.000000000009826e-04,-9.826124289236127e-16
1500,27,5.000000000000000e-04,5.000000000001908e-04,-1.908195823574488e-16
1500,28,-4.000000000000000e-04,-3.999999999998383e-04,-1.617629641348373e-16
1500,29,3.000000000000000e-04,2.999999999998353e-04,1.646360998919238e-16
1600,0,1.200000000000000e-01,1.199999999999998e-01,1.942890293094024e-16
1600,1,-8.000000000000000e-02,-7.999999999999984e-02,-1.665334536937735e-16
1600,2,5.500000000000000e-02,5.499999999999982e-02,1.804112415015879e-16
1600,3,4.000000000000000e-02,4.000000000000007e-02,-6.938893903907228e-17
1600,4,-3.000000000000000e-02,-2.999999999999988e-02,-1.144917494144693e-16
1600,5,2.500000000000000e-02,2.500000000000013e-02,-1.283695372222837e-16
1600,6,2.000000000000000e-02,2.000000000000016e-02,-1.595945597898663e-16
1600,7,-1.800000000000000e-02,-1.799999999999970e-02,-3.018418848199644e-16
1600,8,1.500000000000000e-02,1.500000000000017e-02,-1.665334536937735e-16
1600,9,1.200000000000000e-02,1.200000000000006e-02,-5.551115123125783e-17
1600,10,-1.000000000000000e-02,-9.999999999999868e-03,-1.318389841742373e-16
1600,11,8.999999999999999e-03,9.000000000000128e-03,-1.283695372222837e-16
1600,12,8.000000000000000e-03,8.000000000000111e-03,-1.110223024625157e-16
1600,13,-7.000000000000000e-03,-7.000000000000031e-03,3.035766082959412e-17
1600,14,6.000000000000000e-03,5.999999999999945e-03,5.464378949326942e-17
1600,15,5.000000000000000e-03,4.999999999999821e-03,1.795438797635995e-16
1600,16,-4.000000000000000e-03,-3.999999999999813e-03,-1.873501354054952e-16
1600,17,3.500000000000000e-03,3.499999999999956e-03,4.380176776841438e-17
1600,18,3.000000000000000e-03,3.000000000000164e-03,-1.634976876108141e-16
1600,19,-2.500000000000000e-03,-2.500000000000299e-03,2.992397996059992e-16
1600,20,2.000000000000000e-03,2.000000000000051e-03,-5.117434254131581e-17
1600,21,1.800000000000000e-03,1.799999999999891e-03,1.090707385520417e-16
1600,22,-1.500000000000000e-03,-1.499999999999822e-03,-1.775923158531256e-16
1600,23,1.200000000000000e-03,1.199999999999965e-03,3.469446951953614e-17
1600,24,1.000000000000000e-03,9.999999999998866e-04,1.134075472419838e-16
1600,25,-8.000000000000000e-04,-8.000000000000415e-04,4.141652298894627e-17
1600,26,5.999999999999999e-04,5.999999999999134e-04,8.651933336434325e-17
1600,27,5.000000000000000e-04,5.000000000001150e-04,-1.150338505007120e-16
1600,28,-4.000000000000000e-04,-4.000000000000943e-04,9.432558900623889e-17
1600,29,3.000000000000000e-04,3.000000000001976e-04,-1.975958459354832e-16
1700,0,1.200000000000000e-01,1.200000000000000e-01,1.387778780781446e-17
1700,1,-8.000000000000000e-02,-7.999999999999997e-02,-2.775557561562891e-17
1700,2,5.500000000000000e-02,5.499999999999999e-02,1.387778780781446e-17
1700,3,4.000000000000000e-02,4.000000000000001e-02,-1.387778780781446e-17
1700,4,-3.000000000000000e-02,-2.999999999999996e-02,-3.816391647148976e-17
1700,5,2.500000000000000e-02,2.500000000000005e-02,-5.204170427930421e-17
1700,6,2.000000000000000e-02,2.000000000000001e-02,-1.040834085586084e-17
1700,7,-1.800000000000000e-02,-1.799999999999997e-02,-3.122502256758253e-17
1700,8,1.500000000000000e-02,1.500000000000001e-02,-1.387778780781446e-17
1700,9,1.200000000000000e-02,1.200000000000000e-02,5.204170427930421e-18
1700,10,-1.000000000000000e-02,-9.999999999999979e-03,-2.081668171172169e-17
1700,11,8.999999999999999e-03,9.000000000000041e-03,-4.163336342344337e-17
1700,12,8.000000000000000e-03,8.000000000000007e-03,-6.938893903907228e-18
1700,13,-7.000000000000000e-03,-7.000000000000014e-03,1.387778780781446e-17
1700,14,6.000000000000000e-03,5.999999999999970e-03,3.035766082959412e-17
1700,15,5.000000000000000e-03,5.000000000000038e-03,-3.816391647148976e-17
1700,16,-4.000000000000000e-03,-4.000000000000024e-03,2.428612866367530e-17
1700,17,3.500000000000000e-03,3.499999999999994e-03,5.637851296924623e-18
1700,18,3.000000000000000e-03,3.000000000000033e-03,-3.339342691255354e-17
1700,19,-2.500000000000000e-03,-2.500000000000057e-03,5.681219383824043e-17
1700,20,2.000000000000000e-03,1.999999999999971e-03,2.862293735361732e-17
1700,21,1.800000000000000e-03,1.800000000000020e-03,-1.994931997373328e-17
1700,22,-1.500000000000000e-03,-1.499999999999994e-03,-5.637851296924623e-18
1700,23,1.200000000000000e-03,1.199999999999996e-03,4.336808689942018e-18
1700,24,1.000000000000000e-03,1.000000000000003e-03,-2.818925648462312e-18
1700,25,-8.000000000000000e-04,-8.000000000000114e-04,1.138412281109780e-17
1700,26,5.999999999999999e-04,5.999999999999853e-04,1.463672932855431e-17
1700,27,5.000000000000000e-04,5.000000000000342e-04,-3.415236843329339e-17
1700,28,-4.000000000000000e-04,-3.999999999999523e-04,-4.775910569798647e-17
1700,29,3.000000000000000e-04,3.000000000000195e-04,-1.956984921336336e-17
1800,0,1.200000000000000e-01,1.200000000000000e-01,0.000000000000000e+00
1800,1,-8.000000000000000e-02,-8.000000000000000e-02,0.000000000000000e+00
1800,2,5.500000000000000e-02,5.499999999999997e-02,2.775557561562891e-17
1800,3,4.000000000000000e-02,4.000000000000000e-02,0.000000000000000e+00
1800,4,-3.000000000000000e-02,-3.000000000000001e-02,1.040834085586084e-17
1800,5,2.500000000000000e-02,2.500000000000000e-02,0.000000000000000e+00
1800,6,2.000000000000000e-02,2.000000000000001e-02,-6.938893903907228e-18
1800,7,-1.800000000000000e-02,-1.800000000000000e-02,3.469446951953614e-18
1800,8,1.500000000000000e-02,1.500000000000000e-02,-5.204170427930421e-18
1800,9,1.200000000000000e-02,1.200000000000000e-02,-1.734723475976807e-18
1800,10,-1.000000000000000e-02,-1.000000000000000e-02,0.000000000000000e+00
1800,11,8.999999999999999e-03,8.999999999999999e-03,0.000000000000000e+00
1800,12,8.000000000000000e-03,8.000000000000011e-03,-1.040834085586084e-17
1800,13,-7.000000000000000e-03,-7.000000000000010e-03,9.540979117872439e-18
1800,14,6.000000000000000e-03,6.000000000000017e-03,-1.734723475976807e-17
1800,15,5.000000000000000e-03,4.999999999999984e-03,1.647987302177967e-17
1800,16,-4.000000000000000e-03,-3.999999999999998e-03,-1.734723475976807e-18
1800,17,3.500000000000000e-03,3.499999999999991e-03,9.107298248878237e-18
1800,18,3.000000000000000e-03,2.999999999999999e-03,1.301042606982605e-18
1800,19,-2.500000000000000e-03,-2.499999999999994e-03,-5.637851296924623e-18
1800,20,2.000000000000000e-03,2.000000000000005e-03,-5.204170427930421e-18
1800,21,1.800000000000000e-03,1.799999999999983e-03,1.734723475976807e-17
1800,22,-1.500000000000000e-03,-1.499999999999990e-03,-9.974659986866641e-18
1800,23,1.200000000000000e-03,1.199999999999995e-03,4.553649124439119e-18
1800,24,1.000000000000000e-03,9.999999999999788e-04,2.125036258071589e-17
1800,25,-8.000000000000000e-04,-8.000000000000128e-04,1.279358563532895e-17
1800,26,5.999999999999999e-04,5.999999999999886e-04,1.138412281109780e-17
1800,27,5.000000000000000e-04,5.000000000000221e-04,-2.211772431870429e-17
1800,28,-4.000000000000000e-04,-4.000000000000020e-04,2.005774019098183e-18
1800,29,3.000000000000000e-04,3.000000000000016e-04,-1.626303258728257e-18
1900,0,1.200000000000000e-01,1.200000000000000e-01,-1.387778780781446e-17
1900,1,-8.000000000000000e-02,-8.000000000000000e-02,0.000000000000000e+00
1900,2,5.500000000000000e-02,5.500000000000002e-02,-2.081668171172169e-17
1900,3,4.000000000000000e-02,3.999999999999999e-02,6.938893903907228e-18
1900,4,-3.000000000000000e-02,-3.000000000000000e-02,3.469446951953614e-18
1900,5,2.500000000000000e-02,2.500000000000002e-02,-1.387778780781446e-17
1900,6,2.000000000000000e-02,2.000000000000002e-02,-2.081668171172169e-17
1900,7,-1.800000000000000e-02,-1.800000000000000e-02,0.000000000000000e+00
1900,8,1.500000000000000e-02,1.500000000000000e-02,1.734723475976807e-18
1900,9,1.200000000000000e-02,1.199999999999998e-02,1.908195823574488e-17
1900,10,-1.000000000000000e-02,-9.999999999999986e-03,-1.387778780781446e-17
1900,11,8.999999999999999e-03,8.999999999999975e-03,2.428612866367530e-17
1900,12,8.000000000000000e-03,7.999999999999990e-03,1.040834085586084e-17
1900,13,-7.000000000000000e-03,-7.000000000000000e-03,0.000000000000000e+00
1900,14,6.000000000000000e-03,6.000000000000010e-03,-9.540979117872439e-18
1900,15,5.000000000000000e-03,4.999999999999991e-03,9.540979117872439e-18
1900,16,-4.000000000000000e-03,-4.000000000000011e-03,1.127570259384925e-17
1900,17,3.500000000000000e-03,3.499999999999991e-03,8.673617379884035e-18
1900,18,3.000000000000000e-03,2.999999999999995e-03,4.770489558936220e-18
1900,19,-2.500000000000000e-03,-2.499999999999984e-03,-1.561251128379126e-17
1900,20,2.000000000000000e-03,1.999999999999983e-03,1.734723475976807e-17
1900,21,1.800000000000000e-03,1.800000000000021e-03,-2.081668171172169e-17
1900,22,-1.500000000000000e-03,-1.499999999999987e-03,-1.322726650432315e-17
1900,23,1.200000000000000e-03,1.200000000000022e-03,-2.233456475320139e-17
1900,24,1.000000000000000e-03,9.999999999999959e-04,4.119968255444917e-18
1900,25,-8.000000000000000e-04,-7.999999999999812e-04,-1.886511780124778e-17
1900,26,5.999999999999999e-04,5.999999999999990e-04,9.757819552369540e-19
1900,27,5.000000000000000e-04,4.999999999999942e-04,5.854691731421724e-18
1900,28,-4.000000000000000e-04,-3.999999999999729e-04,-2.710505431213761e-17
1900,29,3.000000000000000e-04,3.000000000000012e-04,-1.192622389734055e-18
2000,0,1.200000000000000e-01,1.200000000000000e-01,1.387778780781446e-17
2000,1,-8.000000000000000e-02,-7.999999999999999e-02,-1.387778780781446e-17
2000,2,5.500000000000000e-02,5.500000000000001e-02,-6.938893903907228e-18
2000,3,4.000000000000000e-02,4.000000000000000e-02,0.000000000000000e+00
2000,4,-3.000000000000000e-02,-3.000000000000001e-02,1.040834085586084e-17
2000,5,2.500000000000000e-02,2.499999999999997e-02,3.122502256758253e-17
2000,6,2.000000000000000e-02,2.000000000000002e-02,-2.081668171172169e-17
2000,7,-1.800000000000000e-02,-1.799999999999998e-02,-1.387778780781446e-17
2000,8,1.500000000000000e-02,1.500000000000000e-02,-1.734723475976807e-18
2000,9,1.200000000000000e-02,1.200000000000000e-02,-1.734723475976807e-18
2000,10,-1.000000000000000e-02,-1.000000000000001e-02,8.673617379884035e-18
2000,11,8.999999999999999e-03,9.000000000000005e-03,-5.204170427930421e-18
2000,12,8.000000000000000e-03,8.000000000000002e-03,-1.734723475976807e-18
2000,13,-7.000000000000000e-03,-6.999999999999998e-03,-1.734723475976807e-18
2000,14,6.000000000000000e-03,6.000000000000015e-03,-1.474514954580286e-17
2000,15,5.000000000000000e-03,4.999999999999984e-03,1.561251128379126e-17
2000,16,-4.000000000000000e-03,-3.999999999999984e-03,-1.561251128379126e-17
2000,17,3.500000000000000e-03,3.500000000000003e-03,-3.035766082959412e-18
2000,18,3.000000000000000e-03,3.000000000000009e-03,-8.673617379884035e-18
2000,19,-2.500000000000000e-03,-2.499999999999991e-03,-9.540979117872439e-18
2000,20,2.000000000000000e-03,1.999999999999993e-03,6.938893903907228e-18
2000,21,1.800000000000000e-03,1.799999999999999e-03,8.673617379884035e-19
2000,22,-1.500000000000000e-03,-1.499999999999988e-03,-1.214306433183765e-17
2000,23,1.200000000000000e-03,1.199999999999997e-03,2.818925648462312e-18
2000,24,1.000000000000000e-03,1.000000000000005e-03,-5.421010862427522e-18
2000,25,-8.000000000000000e-04,-8.000000000000165e-04,1.647987302177967e-17
2000,26,5.999999999999999e-04,6.000000000000006e-04,-6.505213034913027e-19
2000,27,5.000000000000000e-04,4.999999999999951e-04,4.878909776184770e-18
2000,28,-4.000000000000000e-04,-3.999999999999974e-04,-2.656295322589486e-18
2000,29,3.000000000000000e-04,2.999999999999924e-04,7.589415207398531e-18
2100,0,1.200000000000000e-01,1.200000000000000e-01,-2.775557561562891e-17
2100,1,-8.000000000000000e-02,-7.999999999999999e-02,-1.387778780781446e-17
2100,2,5.500000000000000e-02,5.499999999999999e-02,6.938893903907228e-18
2100,3,4.000000000000000e-02,4.000000000000001e-02,-6.938893903907228e-18
2100,4,-3.000000000000000e-02,-3.000000000000000e-02,-3.469446951953614e-18
2100,5,2.500000000000000e-02,2.500000000000000e-02,3.469446951953614e-18
2100,6,2.000000000000000e-02,2.000000000000000e-02,0.000000000000000e+00
2100,7,-1.800000000000000e-02,-1.800000000000000e-02,3.469446951953614e-18
2100,8,1.500000000000000e-02,1.500000000000001e-02,-8.673617379884035e-18
2100,9,1.200000000000000e-02,1.200000000000000e-02,5.204170427930421e-18
2100,10,-1.000000000000000e-02,-1.000000000000000e-02,3.469446951953614e-18
2100,11,8.999999999999999e-03,8.999999999999984e-03,1.561251128379126e-17
2100,12,8.000000000000000e-03,7.999999999999993e-03,6.938893903907228e-18
2100,13,-7.000000000000000e-03,-6.999999999999988e-03,-1.214306433183765e-17
2100,14,6.000000000000000e-03,5.999999999999994e-03,6.071532165918825e-18
2100,15,5.000000000000000e-03,5.000000000000012e-03,-1.214306433183765e-17
2100,16,-4.000000000000000e-03,-3.999999999999999e-03,-8.673617379884035e-19
2100,17,3.500000000000000e-03,3.499999999999995e-03,4.770489558936220e-18
2100,18,3.000000000000000e-03,2.999999999999998e-03,2.168404344971009e-18
2100,19,-2.500000000000000e-03,-2.499999999999990e-03,-1.040834085586084e-17
2100,20,2.000000000000000e-03,2.000000000000010e-03,-1.040834085586084e-17
2100,21,1.800000000000000e-03,1.799999999999998e-03,1.951563910473908e-18
2100,22,-1.500000000000000e-03,-1.499999999999995e-03,-5.421010862427522e-18
2100,23,1.200000000000000e-03,1.200000000000001e-03,-6.505213034913027e-19
2100,24,1.000000000000000e-03,1.000000000000002e-03,-1.951563910473908e-18
2100,25,-8.000000000000000e-04,-7.999999999999955e-04,-4.553649124439119e-18
2100,26,5.999999999999999e-04,6.000000000000020e-04,-2.059984127722458e-18
2100,27,5.000000000000000e-04,4.999999999999991e-04,8.673617379884035e-19
2100,28,-4.000000000000000e-04,-4.000000000000035e-04,3.469446951953614e-18
2100,29,3.000000000000000e-04,2.999999999999951e-04,4.878909776184770e-18
2200,0,1.200000000000000e-01,1.200000000000000e-01,0.000000000000000e+00
2200,1,-8.000000000000000e-02,-8.000000000000000e-02,0.000000000000000e+00
2200,2,5.500000000000000e-02,5.500000000000001e-02,-6.938893903907228e-18
2200,3,4.000000000000000e-02,3.999999999999999e-02,1.387778780781446e-17
2200,4,-3.000000000000000e-02,-2.999999999999999e-02,-6.938893903907228e-18
2200,5,2.500000000000000e-02,2.499999999999999e-02,1.387778780781446e-17
2200,6,2.000000000000000e-02,1.999999999999999e-02,6.938893903907228e-18
2200,7,-1.800000000000000e-02,-1.799999999999998e-02,-1.387778780781446e-17
2200,8,1.500000000000000e-02,1.500000000000000e-02,-1.734723475976807e-18
2200,9,1.200000000000000e-02,1.200000000000000e-02,1.734723475976807e-18
2200,10,-1.000000000000000e-02,-1.000000000000000e-02,1.734723475976807e-18
2200,11,8.999999999999999e-03,8.999999999999999e-03,0.000000000000000e+00
2200,12,8.000000000000000e-03,8.000000000000004e-03,-3.469446951953614e-18
2200,13,-7.000000000000000e-03,-6.999999999999991e-03,-9.540979117872439e-18
2200,14,6.000000000000000e-03,5.999999999999985e-03,1.474514954580286e-17
2200,15,5.000000000000000e-03,4.999999999999987e-03,1.301042606982605e-17
2200,16,-4.000000000000000e-03,-3.999999999999995e-03,-5.204170427930421e-18
2200,17,3.500000000000000e-03,3.500000000000010e-03,-9.540979117872439e-18
2200,18,3.000000000000000e-03,3.000000000000007e-03,-6.938893903907228e-18
2200,19,-2.500000000000000e-03,-2.499999999999999e-03,-1.301042606982605e-18
2200,20,2.000000000000000e-03,2.000000000000010e-03,-9.974659986866641e-18
2200,21,1.800000000000000e-03,1.800000000000015e-03,-1.517883041479706e-17
2200,22,-1.500000000000000e-03,-1.499999999999997e-03,-3.035766082959412e-18
2200,23,1.200000000000000e-03,1.199999999999981e-03,1.843143693225358e-17
2200,24,1.000000000000000e-03,1.000000000000014e-03,-1.387778780781446e-17
2200,25,-8.000000000000000e-04,-7.999999999999984e-04,-1.626303258728257e-18
2200,26,5.999999999999999e-04,5.999999999999738e-04,2.612927235690066e-17
2200,27,5.000000000000000e-04,4.999999999999892e-04,1.084202172485504e-17
2200,28,-4.000000000000000e-04,-3.999999999999990e-04,-9.757819552369540e-19
2200,29,3.000000000000000e-04,3.000000000000143e-04,-1.436567878543293e-17
2300,0,1.200000000000000e-01,1.200000000000000e-01,2.775557561562891e-17
2300,1,-8.000000000000000e-02,-8.000000000000002e-02,1.387778780781446e-17
2300,2,5.500000000000000e-02,5.500000000000001e-02,-6.938893903907228e-18
2300,3,4.000000000000000e-02,4.000000000000001e-02,-1.387778780781446e-17
2300,4,-3.000000000000000e-02,-2.999999999999999e-02,-1.040834085586084e-17
2300,5,2.500000000000000e-02,2.500000000000000e-02,3.469446951953614e-18
2300,6,2.000000000000000e-02,2.000000000000000e-02,0.000000000000000e+00
2300,7,-1.800000000000000e-02,-1.799999999999999e-02,-6.938893903907228e-18
2300,8,1.500000000000000e-02,1.500000000000001e-02,-1.214306433183765e-17
2300,9,1.200000000000000e-02,1.200000000000000e-02,1.734723475976807e-18
2300,10,-1.000000000000000e-02,-1.000000000000001e-02,6.938893903907228e-18
2300,11,8.999999999999999e-03,9.000000000000008e-03,-8.673617379884035e-18
2300,12,8.000000000000000e-03,7.999999999999985e-03,1.561251128379126e-17
2300,13,-7.000000000000000e-03,-6.999999999999996e-03,-4.336808689942018e-18
2300,14,6.000000000000000e-03,5.999999999999983e-03,1.734723475976807e-17
2300,15,5.000000000000000e-03,4.999999999999991e-03,9.540979117872439e-18
2300,16,-4.000000000000000e-03,-3.999999999999995e-03,-5.204170427930421e-18
2300,17,3.500000000000000e-03,3.500000000000008e-03,-7.806255641895632e-18
2300,18,3.000000000000000e-03,3.000000000000003e-03,-2.602085213965211e-18
2300,19,-2.500000000000000e-03,-2.500000000000009e-03,9.107298248878237e-18
2300,20,2.000000000000000e-03,1.999999999999994e-03,6.505213034913027e-18
2300,21,1.800000000000000e-03,1.799999999999994e-03,6.071532165918825e-18
2300,22,-1.500000000000000e-03,-1.500000000000003e-03,2.602085213965211e-18
2300,23,1.200000000000000e-03,1.199999999999997e-03,3.035766082959412e-18
2300,24,1.000000000000000e-03,9.999999999999983e-04,1.734723475976807e-18
2300,25,-8.000000000000000e-04,-7.999999999999971e-04,-2.927345865710862e-18
2300,26,5.999999999999999e-04,6.000000000000078e-04,-7.806255641895632e-18
2300,27,5.000000000000000e-04,5.000000000000098e-04,-9.757819552369540e-18
2300,28,-4.000000000000000e-04,-4.000000000000042e-04,4.174178364069192e-18
2300,29,3.000000000000000e-04,2.999999999999878e-04,1.219727444046192e-17
2400,0,1.200000000000000e-01,1.200000000000000e-01,-2.775557561562891e-17
2400,1,-8.000000000000000e-02,-8.000000000000002e-02,1.387778780781446e-17
2400,2,5.500000000000000e-02,5.499999999999999e-02,1.387778780781446e-17
2400,3,4.000000000000000e-02,4.000000000000001e-02,-1.387778780781446e-17
2400,4,-3.000000000000000e-02,-3.000000000000001e-02,1.040834085586084e-17
2400,5,2.500000000000000e-02,2.500000000000002e-02,-1.387778780781446e-17
2400,6,2.000000000000000e-02,2.000000000000000e-02,3.469446951953614e-18
2400,7,-1.800000000000000e-02,-1.800000000000002e-02,2.081668171172169e-17
2400,8,1.500000000000000e-02,1.500000000000000e-02,-3.469446951953614e-18
2400,9,1.200000000000000e-02,1.200000000000000e-02,1.734723475976807e-18
2400,10,-1.000000000000000e-02,-1.000000000000001e-02,6.938893903907228e-18
2400,11,8.999999999999999e-03,9.000000000000020e-03,-2.081668171172169e-17
2400,12,8.000000000000000e-03,8.000000000000005e-03,-5.204170427930421e-18
2400,13,-7.000000000000000e-03,-7.000000000000018e-03,1.821459649775647e-17
2400,14,6.000000000000000e-03,5.999999999999984e-03,1.647987302177967e-17
2400,15,5.000000000000000e-03,4.999999999999992e-03,7.806255641895632e-18
2400,16,-4.000000000000000e-03,-4.000000000000017e-03,1.734723475976807e-17
2400,17,3.500000000000000e-03,3.499999999999999e-03,1.301042606982605e-18
2400,18,3.000000000000000e-03,3.000000000000023e-03,-2.341876692568690e-17
2400,19,-2.500000000000000e-03,-2.499999999999987e-03,-1.257674520083185e-17
2400,20,2.000000000000000e-03,2.000000000000001e-03,-8.673617379884035e-19
2400,21,1.800000000000000e-03,1.800000000000004e-03,-3.686287386450715e-18
2400,22,-1.500000000000000e-03,-1.499999999999998e-03,-1.734723475976807e-18
2400,23,1.200000000000000e-03,1.199999999999990e-03,9.540979117872439e-18
2400,24,1.000000000000000e-03,9.999999999999892e-04,1.084202172485504e-17
2400,25,-8.000000000000000e-04,-8.000000000000037e-04,3.686287386450715e-18
2400,26,5.999999999999999e-04,6.000000000000142e-04,-1.420304845956011e-17
2400,27,5.000000000000000e-04,4.999999999999842e-04,1.582935171828836e-17
2400,28,-4.000000000000000e-04,-3.999999999999793e-04,-2.070826149447313e-17
2400,29,3.000000000000000e-04,2.999999999999918e-04,8.131516293641283e-18
2500,0,1.200000000000000e-01,1.200000000000000e-01,-4.163336342344337e-17
2500,1,-8.000000000000000e-02,-8.000000000000002e-02,1.387778780781446e-17
2500,2,5.500000000000000e-02,5.500000000000000e-02,0.000000000000000e+00
2500,3,4.000000000000000e-02,4.000000000000004e-02,-3.469446951953614e-17
2500,4,-3.000000000000000e-02,-2.999999999999997e-02,-2.428612866367530e-17
2500,5,2.500000000000000e-02,2.500000000000000e-02,0.000000000000000e+00
2500,6,2.000000000000000e-02,2.000000000000002e-02,-1.734723475976807e-17
2500,7,-1.800000000000000e-02,-1.800000000000001e-02,6.938893903907228e-18
2500,8,1.500000000000000e-02,1.500000000000000e-02,-1.734723475976807e-18
2500,9,1.200000000000000e-02,1.200000000000000e-02,1.734723475976807e-18
2500,10,-1.000000000000000e-02,-1.000000000000002e-02,1.561251128379126e-17
2500,11,8.999999999999999e-03,9.000000000000017e-03,-1.734723475976807e-17
2500,12,8.000000000000000e-03,7.999999999999972e-03,2.775557561562891e-17
2500,13,-7.000000000000000e-03,-7.000000000000000e-03,0.000000000000000e+00
2500,14,6.000000000000000e-03,5.999999999999978e-03,2.168404344971009e-17
2500,15,5.000000000000000e-03,4.999999999999997e-03,3.469446951953614e-18
2500,16,-4.000000000000000e-03,-3.999999999999999e-03,-8.673617379884035e-19
2500,17,3.500000000000000e-03,3.499999999999992e-03,8.239936510889834e-18
2500,18,3.000000000000000e-03,3.000000000000018e-03,-1.821459649775647e-17
2500,19,-2.500000000000000e-03,-2.500000000000006e-03,5.637851296924623e-18
2500,20,2.000000000000000e-03,1.999999999999996e-03,4.336808689942018e-18
2500,21,1.800000000000000e-03,1.800000000000002e-03,-2.385244779468110e-18
2500,22,-1.500000000000000e-03,-1.499999999999987e-03,-1.322726650432315e-17
2500,23,1.200000000000000e-03,1.200000000000000e-03,-2.168404344971009e-19
2500,24,1.000000000000000e-03,1.000000000000019e-03,-1.908195823574488e-17
2500,25,-8.000000000000000e-04,-7.999999999999870e-04,-1.301042606982605e-17
2500,26,5.999999999999999e-04,6.000000000000211e-04,-2.114194236346734e-17
2500,27,5.000000000000000e-04,5.000000000000078e-04,-7.806255641895632e-18
2500,28,-4.000000000000000e-04,-3.999999999999856e-04,-1.441988889405721e-17
2500,29,3.000000000000000e-04,3.000000000000030e-04,-2.981555974335137e-18
2600,0,1.200000000000000e-01,1.200000000000000e-01,0.000000000000000e+00
2600,1,-8.000000000000000e-02,-8.000000000000002e-02,1.387778780781446e-17
2600,2,5.500000000000000e-02,5.500000000000001e-02,-1.387778780781446e-17
2600,3,4.000000000000000e-02,4.000000000000001e-02,-1.387778780781446e-17
2600,4,-3.000000000000000e-02,-2.999999999999999e-02,-6.938893903907228e-18
2600,5,2.500000000000000e-02,2.500000000000002e-02,-1.387778780781446e-17
2600,6,2.000000000000000e-02,2.000000000000000e-02,0.000000000000000e+00
2600,7,-1.800000000000000e-02,-1.800000000000001e-02,1.040834085586084e-17
2600,8,1.500000000000000e-02,1.499999999999999e-02,8.673617379884035e-18
2600,9,1.200000000000000e-02,1.200000000000000e-02,-3.469446951953614e-18
2600,10,-1.000000000000000e-02,-9.999999999999981e-03,-1.908195823574488e-17
2600,11,8.999999999999999e-03,9.000000000000006e-03,-6.938893903907228e-18
2600,12,8.000000000000000e-03,8.000000000000002e-03,-1.734723475976807e-18
2600,13,-7.000000000000000e-03,-6.999999999999998e-03,-1.734723475976807e-18
2600,14,6.000000000000000e-03,6.000000000000004e-03,-4.336808689942018e-18
2600,15,5.000000000000000e-03,5.000000000000007e-03,-6.938893903907228e-18
2600,16,-4.000000000000000e-03,-3.999999999999997e-03,-3.469446951953614e-18
2600,17,3.500000000000000e-03,3.500000000000007e-03,-6.505213034913027e-18
2600,18,3.000000000000000e-03,2.999999999999992e-03,7.806255641895632e-18
2600,19,-2.500000000000000e-03,-2.499999999999992e-03,-8.239936510889834e-18
2600,20,2.000000000000000e-03,2.000000000000008e-03,-8.239936510889834e-18
2600,21,1.800000000000000e-03,1.800000000000011e-03,-1.149254302834635e-17
2600,22,-1.500000000000000e-03,-1.500000000000008e-03,7.589415207398531e-18
2600,23,1.200000000000000e-03,1.200000000000001e-03,-1.517883041479706e-18
2600,24,1.000000000000000e-03,1.000000000000002e-03,-1.951563910473908e-18
2600,25,-8.000000000000000e-04,-8.000000000000148e-04,1.474514954580286e-17
2600,26,5.999999999999999e-04,6.000000000000076e-04,-7.697835424647081e-18
2600,27,5.000000000000000e-04,5.000000000000231e-04,-2.309350627394124e-17
2600,28,-4.000000000000000e-04,-4.000000000000000e-04,-5.421010862427522e-20
2600,29,3.000000000000000e-04,2.999999999999988e-04,1.138412281109780e-18
2700,0,1.200000000000000e-01,1.200000000000000e-01,0.000000000000000e+00
2700,1,-8.000000000000000e-02,-8.000000000000000e-02,0.000000000000000e+00
2700,2,5.500000000000000e-02,5.500000000000002e-02,-2.081668171172169e-17
2700,3,4.000000000000000e-02,3.999999999999997e-02,2.775557561562891e-17
2700,4,-3.000000000000000e-02,-3.000000000000001e-02,6.938893903907228e-18
2700,5,2.500000000000000e-02,2.500000000000000e-02,0.000000000000000e+00
2700,6,2.000000000000000e-02,1.999999999999999e-02,1.040834085586084e-17
2700,7,-1.800000000000000e-02,-1.799999999999999e-02,-6.938893903907228e-18
2700,8,1.500000000000000e-02,1.500000000000002e-02,-2.428612866367530e-17
2700,9,1.200000000000000e-02,1.199999999999999e-02,6.938893903907228e-18
2700,10,-1.000000000000000e-02,-9.999999999999993e-03,-6.938893903907228e-18
2700,11,8.999999999999999e-03,9.000000000000003e-03,-3.469446951953614e-18
2700,12,8.000000000000000e-03,8.000000000000005e-03,-5.204170427930421e-18
2700,13,-7.000000000000000e-03,-7.000000000000007e-03,6.938893903907228e-18
2700,14,6.000000000000000e-03,5.999999999999988e-03,1.214306433183765e-17
2700,15,5.000000000000000e-03,5.000000000000003e-03,-2.602085213965211e-18
2700,16,-4.000000000000000e-03,-3.999999999999997e-03,-3.469446951953614e-18
2700,17,3.500000000000000e-03,3.500000000000003e-03,-2.602085213965211e-18
2700,18,3.000000000000000e-03,3.000000000000012e-03,-1.170938346284345e-17
2700,19,-2.500000000000000e-03,-2.499999999999995e-03,-4.770489558936220e-18
2700,20,2.000000000000000e-03,1.999999999999997e-03,2.602085213965211e-18
2700,21,1.800000000000000e-03,1.799999999999990e-03,1.040834085586084e-17
2700,22,-1.500000000000000e-03,-1.499999999999997e-03,-2.602085213965211e-18
2700,23,1.200000000000000e-03,1.200000000000004e-03,-3.686287386450715e-18
2700,24,1.000000000000000e-03,9.999999999999887e-04,1.127570259384925e-17
2700,25,-8.000000000000000e-04,-7.999999999999987e-04,-1.301042606982605e-18
2700,26,5.999999999999999e-04,6.000000000000010e-04,-1.084202172485504e-18
2700,27,5.000000000000000e-04,5.000000000000013e-04,-1.301042606982605e-18
2700,28,-4.000000000000000e-04,-4.000000000000044e-04,4.391018798566293e-18
2700,29,3.000000000000000e-04,2.999999999999914e-04,8.619407271259760e-18
2800,0,1.200000000000000e-01,1.200000000000000e-01,0.000000000000000e+00
2800,1,-8.000000000000000e-02,-8.000000000000000e-02,0.000000000000000e+00
2800,2,5.500000000000000e-02,5.499999999999999e-02,6.938893903907228e-18
2800,3,4.000000000000000e-02,4.000000000000000e-02,0.000000000000000e+00
2800,4,-3.000000000000000e-02,-3.000000000000001e-02,6.938893903907228e-18
2800,5,2.500000000000000e-02,2.500000000000000e-02,3.469446951953614e-18
2800,6,2.000000000000000e-02,1.999999999999999e-02,1.040834085586084e-17
2800,7,-1.800000000000000e-02,-1.800000000000001e-02,1.387778780781446e-17
2800,8,1.500000000000000e-02,1.500000000000001e-02,-1.040834085586084e-17
2800,9,1.200000000000000e-02,1.200000000000000e-02,-1.734723475976807e-18
2800,10,-1.000000000000000e-02,-1.000000000000000e-02,0.000000000000000e+00
2800,11,8.999999999999999e-03,8.999999999999998e-03,1.734723475976807e-18
2800,12,8.000000000000000e-03,7.999999999999997e-03,3.469446951953614e-18
2800,13,-7.000000000000000e-03,-7.000000000000002e-03,1.734723475976807e-18
2800,14,6.000000000000000e-03,6.000000000000001e-03,-8.673617379884035e-19
2800,15,5.000000000000000e-03,5.000000000000009e-03,-8.673617379884035e-18
2800,16,-4.000000000000000e-03,-4.000000000000002e-03,1.734723475976807e-18
2800,17,3.500000000000000e-03,3.499999999999992e-03,8.239936510889834e-18
2800,18,3.000000000000000e-03,3.000000000000002e-03,-2.168404344971009e-18
2800,19,-2.500000000000000e-03,-2.500000000000009e-03,9.107298248878237e-18
2800,20,2.000000000000000e-03,2.000000000000006e-03,-6.071532165918825e-18
2800,21,1.800000000000000e-03,1.799999999999993e-03,7.155734338404329e-18
2800,22,-1.500000000000000e-03,-1.500000000000007e-03,7.372574772901430e-18
2800,23,1.200000000000000e-03,1.199999999999996e-03,3.686287386450715e-18
2800,24,1.000000000000000e-03,9.999999999999953e-04,4.770489558936220e-18
2800,25,-8.000000000000000e-04,-8.000000000000063e-04,6.288372600415926e-18
2800,26,5.999999999999999e-04,6.000000000000016e-04,-1.626303258728257e-18
2800,27,5.000000000000000e-04,5.000000000000021e-04,-2.059984127722458e-18
2800,28,-4.000000000000000e-04,-4.000000000000026e-04,2.547875105340935e-18
2800,29,3.000000000000000e-04,3.000000000000118e-04,-1.187201378871627e-17
2900,0,1.200000000000000e-01,1.200000000000000e-01,1.387778780781446e-17
2900,1,-8.000000000000000e-02,-8.000000000000000e-02,0.000000000000000e+00
2900,2,5.500000000000000e-02,5.499999999999999e-02,6.938893903907228e-18
2900,3,4.000000000000000e-02,3.999999999999999e-02,6.938893903907228e-18
2900,4,-3.000000000000000e-02,-3.000000000000000e-02,3.469446951953614e-18
2900,5,2.500000000000000e-02,2.500000000000002e-02,-1.387778780781446e-17
2900,6,2.000000000000000e-02,1.999999999999999e-02,6.938893903907228e-18
2900,7,-1.800000000000000e-02,-1.800000000000002e-02,2.081668171172169e-17
2900,8,1.500000000000000e-02,1.500000000000000e-02,-3.469446951953614e-18
2900,9,1.200000000000000e-02,1.200000000000001e-02,-1.214306433183765e-17
2900,10,-1.000000000000000e-02,-1.000000000000000e-02,3.469446951953614e-18
2900,11,8.999999999999999e-03,9.000000000000003e-03,-3.469446951953614e-18
2900,12,8.000000000000000e-03,8.000000000000007e-03,-6.938893903907228e-18
2900,13,-7.000000000000000e-03,-6.999999999999992e-03,-7.806255641895632e-18
2900,14,6.000000000000000e-03,5.999999999999996e-03,4.336808689942018e-18
2900,15,5.000000000000000e-03,4.999999999999999e-03,8.673617379884035e-19
2900,16,-4.000000000000000e-03,-4.000000000000016e-03,1.561251128379126e-17
2900,17,3.500000000000000e-03,3.499999999999995e-03,5.204170427930421e-18
2900,18,3.000000000000000e-03,3.000000000000006e-03,-6.071532165918825e-18
2900,19,-2.500000000000000e-03,-2.500000000000020e-03,1.951563910473908e-17
2900,20,2.000000000000000e-03,1.999999999999993e-03,6.938893903907228e-18
2900,21,1.800000000000000e-03,1.799999999999992e-03,7.806255641895632e-18
2900,22,-1.500000000000000e-03,-1.500000000000013e-03,1.257674520083185e-17
2900,23,1.200000000000000e-03,1.199999999999998e-03,2.168404344971009e-18
2900,24,1.000000000000000e-03,1.000000000000004e-03,-3.903127820947816e-18
2900,25,-8.000000000000000e-04,-7.999999999999956e-04,-4.445228907190568e-18
2900,26,5.999999999999999e-04,6.000000000000100e-04,-1.008308020411519e-17
2900,27,5.000000000000000e-04,4.999999999999814e-04,1.864827736675068e-17
2900,28,-4.000000000000000e-04,-3.999999999999926e-04,-7.372574772901430e-18
2900,29,3.000000000000000e-04,2.999999999999784e-04,2.157562323246154e-17
3000,0,1.200000000000000e-01,1.200000000000000e-01,0.000000000000000e+00
3000,1,-8.000000000000000e-02,-8.000000000000000e-02,0.000000000000000e+00
3000,2,5.500000000000000e-02,5.500000000000002e-02,-2.081668171172169e-17
3000,3,4.000000000000000e-02,3.999999999999999e-02,6.938893903907228e-18
3000,4,-3.000000000000000e-02,-3.000000000000001e-02,1.387778780781446e-17
3000,5,2.500000000000000e-02,2.500000000000000e-02,3.469446951953614e-18
3000,6,2.000000000000000e-02,2.000000000000001e-02,-1.040834085586084e-17
3000,7,-1.800000000000000e-02,-1.800000000000001e-02,6.938893903907228e-18
3000,8,1.500000000000000e-02,1.500000000000000e-02,-3.469446951953614e-18
3000,9,1.200000000000000e-02,1.200000000000001e-02,-8.673617379884035e-18
3000,10,-1.000000000000000e-02,-9.999999999999990e-03,-1.040834085586084e-17
3000,11,8.999999999999999e-03,8.999999999999991e-03,8.673617379884035e-18
3000,12,8.000000000000000e-03,8.000000000000011e-03,-1.040834085586084e-17
3000,13,-7.000000000000000e-03,-7.000000000000003e-03,2.602085213965211e-18
3000,14,6.000000000000000e-03,6.000000000000008e-03,-7.806255641895632e-18
3000,15,5.000000000000000e-03,4.999999999999991e-03,8.673617379884035e-18
3000,16,-4.000000000000000e-03,-4.000000000000004e-03,3.469446951953614e-18
3000,17,3.500000000000000e-03,3.499999999999995e-03,4.770489558936220e-18
3000,18,3.000000000000000e-03,3.000000000000000e-03,4.336808689942018e-19
3000,19,-2.500000000000000e-03,-2.500000000000004e-03,3.903127820947816e-18
3000,20,2.000000000000000e-03,2.000000000000007e-03,-6.505213034913027e-18
3000,21,1.800000000000000e-03,1.800000000000002e-03,-1.734723475976807e-18
3000,22,-1.500000000000000e-03,-1.500000000000001e-03,6.505213034913027e-19
3000,23,1.200000000000000e-03,1.199999999999996e-03,3.469446951953614e-18
3000,24,1.000000000000000e-03,9.999999999999870e-04,1.301042606982605e-17
3000,25,-8.000000000000000e-04,-7.999999999999993e-04,-7.589415207398531e-19
3000,26,5.999999999999999e-04,5.999999999999925e-04,7.480994990149981e-18
3000,27,5.000000000000000e-04,5.000000000000041e-04,-4.119968255444917e-18
3000,28,-4.000000000000000e-04,-3.999999999999929e-04,-7.155734338404329e-18
3000,29,3.000000000000000e-04,3.000000000000011e-04,-1.084202172485504e-18
3100,0,1.200000000000000e-01,1.200000000000000e-01,-1.387778780781446e-17
3100,1,-8.000000000000000e-02,-8.000000000000000e-02,0.000000000000000e+00
3100,2,5.500000000000000e-02,5.500000000000001e-02,-6.938893903907228e-18
3100,3,4.000000000000000e-02,4.000000000000000e-02,0.000000000000000e+00
3100,4,-3.000000000000000e-02,-3.000000000000001e-02,6.938893903907228e-18
3100,5,2.500000000000000e-02,2.499999999999999e-02,6.938893903907228e-18
3100,6,2.000000000000000e-02,1.999999999999999e-02,1.040834085586084e-17
3100,7,-1.800000000000000e-02,-1.800000000000000e-02,-3.469446951953614e-18
3100,8,1.500000000000000e-02,1.499999999999999e-02,8.673617379884035e-18
3100,9,1.200000000000000e-02,1.200000000000001e-02,-6.938893903907228e-18
3100,10,-1.000000000000000e-02,-9.999999999999995e-03,-5.204170427930421e-18
3100,11,8.999999999999999e-03,9.000000000000006e-03,-6.938893903907228e-18
3100,12,8.000000000000000e-03,8.000000000000019e-03,-1.908195823574488e-17
3100,13,-7.000000000000000e-03,-7.000000000000002e-03,1.734723475976807e-18
3100,14,6.000000000000000e-03,5.999999999999985e-03,1.561251128379126e-17
3100,15,5.000000000000000e-03,5.000000000000005e-03,-5.204170427930421e-18
3100,16,-4.000000000000000e-03,-4.000000000000002e-03,1.734723475976807e-18
3100,17,3.500000000000000e-03,3.500000000000007e-03,-6.938893903907228e-18
3100,18,3.000000000000000e-03,3.000000000000011e-03,-1.127570259384925e-17
3100,19,-2.500000000000000e-03,-2.500000000000004e-03,3.469446951953614e-18
3100,20,2.000000000000000e-03,1.999999999999984e-03,1.561251128379126e-17
3100,21,1.800000000000000e-03,1.800000000000001e-03,-1.301042606982605e-18
3100,22,-1.500000000000000e-03,-1.500000000000004e-03,4.119968255444917e-18
3100,23,1.200000000000000e-03,1.200000000000004e-03,-3.686287386450715e-18
3100,24,1.000000000000000e-03,9.999999999999979e-04,2.168404344971009e-18
3100,25,-8.000000000000000e-04,-8.000000000000095e-04,9.432558900623889e-18
3100,26,5.999999999999999e-04,5.999999999999839e-04,1.604619215278547e-17
3100,27,5.000000000000000e-04,4.999999999999821e-04,1.788933584601082e-17
3100,28,-4.000000000000000e-04,-3.999999999999922e-04,-7.860465750519907e-18
3100,29,3.000000000000000e-04,2.999999999999885e-04,1.143833291972207e-17
3200,0,1.200000000000000e-01,1.200000000000000e-01,1.387778780781446e-17
3200,1,-8.000000000000000e-02,-8.000000000000002e-02,1.387778780781446e-17
3200,2,5.500000000000000e-02,5.499999999999999e-02,1.387778780781446e-17
3200,3,4.000000000000000e-02,4.000000000000001e-02,-6.938893903907228e-18
3200,4,-3.000000000000000e-02,-3.000000000000001e-02,1.040834085586084e-17
3200,5,2.500000000000000e-02,2.500000000000000e-02,3.469446951953614e-18
3200,6,2.000000000000000e-02,1.999999999999999e-02,6.938893903907228e-18
3200,7,-1.800000000000000e-02,-1.800000000000000e-02,-3.469446951953614e-18
3200,8,1.500000000000000e-02,1.499999999999999e-02,6.938893903907228e-18
3200,9,1.200000000000000e-02,1.199999999999999e-02,1.214306433183765e-17
3200,10,-1.000000000000000e-02,-1.000000000000001e-02,1.040834085586084e-17
3200,11,8.999999999999999e-03,9.000000000000020e-03,-2.081668171172169e-17
3200,12,8.000000000000000e-03,8.000000000000005e-03,-5.204170427930421e-18
3200,13,-7.000000000000000e-03,-6.999999999999998e-03,-1.734723475976807e-18
3200,14,6.000000000000000e-03,6.000000000000006e-03,-6.071532165918825e-18
3200,15,5.000000000000000e-03,5.000000000000001e-03,-8.673617379884035e-19
3200,16,-4.000000000000000e-03,-4.000000000000004e-03,3.469446951953614e-18
3200,17,3.500000000000000e-03,3.500000000000024e-03,-2.428612866367530e-17
3200,18,3.000000000000000e-03,3.000000000000005e-03,-4.770489558936220e-18
3200,19,-2.500000000000000e-03,-2.499999999999987e-03,-1.344410693882025e-17
3200,20,2.000000000000000e-03,2.000000000000017e-03,-1.691355389077387e-17
3200,21,1.800000000000000e-03,1.799999999999985e-03,1.452830911130576e-17
3200,22,-1.500000000000000e-03,-1.500000000000017e-03,1.647987302177967e-17
3200,23,1.200000000000000e-03,1.200000000000007e-03,-6.938893903907228e-18
3200,24,1.000000000000000e-03,1.000000000000003e-03,-3.469446951953614e-18
3200,25,-8.000000000000000e-04,-8.000000000000135e-04,1.344410693882025e-17
3200,26,5.999999999999999e-04,6.000000000000213e-04,-2.135878279796444e-17
3200,27,5.000000000000000e-04,5.000000000000000e-04,0.000000000000000e+00
3200,28,-4.000000000000000e-04,-3.999999999999812e-04,-1.881090769262350e-17
3200,29,3.000000000000000e-04,2.999999999999987e-04,1.246832498358330e-18
3300,0,1.200000000000000e-01,1.200000000000000e-01,1.387778780781446e-17
3300,1,-8.000000000000000e-02,-7.999999999999999e-02,-1.387778780781446e-17
3300,2,5.500000000000000e-02,5.499999999999998e-02,2.081668171172169e-17
3300,3,4.000000000000000e-02,3.999999999999999e-02,6.938893903907228e-18
3300,4,-3.000000000000000e-02,-2.999999999999999e-02,-1.387778780781446e-17
3300,5,2.500000000000000e-02,2.499999999999999e-02,1.387778780781446e-17
3300,6,2.000000000000000e-02,2.000000000000000e-02,-3.469446951953614e-18
3300,7,-1.800000000000000e-02,-1.800000000000001e-02,1.387778780781446e-17
3300,8,1.500000000000000e-02,1.499999999999999e-02,6.938893903907228e-18
3300,9,1.200000000000000e-02,1.200000000000001e-02,-5.204170427930421e-18
3300,10,-1.000000000000000e-02,-1.000000000000000e-02,0.000000000000000e+00
3300,11,8.999999999999999e-03,9.000000000000005e-03,-5.204170427930421e-18
3300,12,8.000000000000000e-03,8.000000000000007e-03,-6.938893903907228e-18
3300,13,-7.000000000000000e-03,-7.000000000000002e-03,1.734723475976807e-18
3300,14,6.000000000000000e-03,5.999999999999995e-03,5.204170427930421e-18
3300,15,5.000000000000000e-03,5.000000000000007e-03,-6.938893903907228e-18
3300,16,-4.000000000000000e-03,-3.999999999999999e-03,-8.673617379884035e-19
3300,17,3.500000000000000e-03,3.500000000000002e-03,-2.168404344971009e-18
3300,18,3.000000000000000e-03,2.999999999999998e-03,1.734723475976807e-18
3300,19,-2.500000000000000e-03,-2.500000000000004e-03,3.469446951953614e-18
3300,20,2.000000000000000e-03,2.000000000000003e-03,-2.602085213965211e-18
3300,21,1.800000000000000e-03,1.799999999999991e-03,8.890457814381136e-18
3300,22,-1.500000000000000e-03,-1.500000000000004e-03,3.903127820947816e-18
3300,23,1.200000000000000e-03,1.199999999999996e-03,3.903127820947816e-18
3300,24,1.000000000000000e-03,9.999999999999963e-04,3.686287386450715e-18
3300,25,-8.000000000000000e-04,-7.999999999999979e-04,-2.168404344971009e-18
3300,26,5.999999999999999e-04,5.999999999999804e-04,1.951563910473908e-17
3300,27,5.000000000000000e-04,5.000000000000053e-04,-5.312590645178972e-18
3300,28,-4.000000000000000e-04,-4.000000000000022e-04,2.222614453595284e-18
3300,29,3.000000000000000e-04,3.000000000000024e-04,-2.439454888092385e-18
3400,0,1.200000000000000e-01,1.200000000000000e-01,1.387778780781446e-17
3400,1,-8.000000000000000e-02,-7.999999999999999e-02,-1.387778780781446e-17
3400,2,5.500000000000000e-02,5.500000000000001e-02,-1.387778780781446e-17
3400,3,4.000000000000000e-02,4.000000000000000e-02,0.000000000000000e+00
3400,4,-3.000000000000000e-02,-3.000000000000000e-02,-3.469446951953614e-18
3400,5,2.500000000000000e-02,2.500000000000000e-02,-3.469446951953614e-18
3400,6,2.000000000000000e-02,2.000000000000000e-02,-3.469446951953614e-18
3400,7,-1.800000000000000e-02,-1.800000000000001e-02,1.040834085586084e-17
3400,8,1.500000000000000e-02,1.500000000000001e-02,-8.673617379884035e-18
3400,9,1.200000000000000e-02,1.199999999999999e-02,1.387778780781446e-17
3400,10,-1.000000000000000e-02,-1.000000000000000e-02,1.734723475976807e-18
3400,11,8.999999999999999e-03,9.000000000000010e-03,-1.040834085586084e-17
3400,12,8.000000000000000e-03,7.999999999999997e-03,3.469446951953614e-18
3400,13,-7.000000000000000e-03,-7.000000000000006e-03,6.071532165918825e-18
3400,14,6.000000000000000e-03,6.000000000000006e-03,-6.071532165918825e-18
3400,15,5.000000000000000e-03,4.999999999999993e-03,6.938893903907228e-18
3400,16,-4.000000000000000e-03,-4.000000000000004e-03,4.336808689942018e-18
3400,17,3.500000000000000e-03,3.500000000000004e-03,-3.903127820947816e-18
3400,18,3.000000000000000e-03,3.000000000000008e-03,-7.806255641895632e-18
3400,19,-2.500000000000000e-03,-2.499999999999994e-03,-5.637851296924623e-18
3400,20,2.000000000000000e-03,1.999999999999990e-03,9.974659986866641e-18
3400,21,1.800000000000000e-03,1.800000000000003e-03,-3.035766082959412e-18
3400,22,-1.500000000000000e-03,-1.500000000000003e-03,2.602085213965211e-18
3400,23,1.200000000000000e-03,1.199999999999993e-03,6.505213034913027e-18
3400,24,1.000000000000000e-03,1.000000000000002e-03,-1.517883041479706e-18
3400,25,-8.000000000000000e-04,-7.999999999999906e-04,-9.432558900623889e-18
3400,26,5.999999999999999e-04,6.000000000000003e-04,-3.252606517456513e-19
3400,27,5.000000000000000e-04,5.000000000000091e-04,-9.107298248878237e-18
3400,28,-4.000000000000000e-04,-4.000000000000163e-04,1.626303258728257e-17
3400,29,3.000000000000000e-04,2.999999999999972e-04,2.764715539838036e-18
3500,0,1.200000000000000e-01,1.200000000000000e-01,0.000000000000000e+00
3500,1,-8.000000000000000e-02,-8.000000000000000e-02,0.000000000000000e+00
3500,2,5.500000000000000e-02,5.500000000000000e-02,0.000000000000000e+00
3500,3,4.000000000000000e-02,4.000000000000004e-02,-3.469446951953614e-17
3500,4,-3.000000000000000e-02,-3.000000000000001e-02,6.938893903907228e-18
3500,5,2.500000000000000e-02,2.499999999999999e-02,1.387778780781446e-17
3500,6,2.000000000000000e-02,2.000000000000001e-02,-1.040834085586084e-17
3500,7,-1.800000000000000e-02,-1.799999999999997e-02,-2.428612866367530e-17
3500,8,1.500000000000000e-02,1.500000000000000e-02,1.734723475976807e-18
3500,9,1.200000000000000e-02,1.200000000000000e-02,5.204170427930421e-18
3500,10,-1.000000000000000e-02,-9.999999999999998e-03,-1.734723475976807e-18
3500,11,8.999999999999999e-03,9.000000000000003e-03,-3.469446951953614e-18
3500,12,8.000000000000000e-03,7.999999999999991e-03,8.673617379884035e-18
3500,13,-7.000000000000000e-03,-7.000000000000014e-03,1.387778780781446e-17
3500,14,6.000000000000000e-03,5.999999999999997e-03,3.469446951953614e-18
3500,15,5.000000000000000e-03,4.999999999999999e-03,8.673617379884035e-19
3500,16,-4.000000000000000e-03,-4.000000000000000e-03,0.000000000000000e+00
3500,17,3.500000000000000e-03,3.500000000000000e-03,4.336808689942018e-19
3500,18,3.000000000000000e-03,3.000000000000006e-03,-6.071532165918825e-18
3500,19,-2.500000000000000e-03,-2.499999999999995e-03,-4.770489558936220e-18
3500,20,2.000000000000000e-03,1.999999999999997e-03,3.469446951953614e-18
3500,21,1.800000000000000e-03,1.800000000000009e-03,-9.107298248878237e-18
3500,22,-1.500000000000000e-03,-1.499999999999977e-03,-2.298508605669269e-17
3500,23,1.200000000000000e-03,1.199999999999999e-03,6.505213034913027e-19
3500,24,1.000000000000000e-03,1.000000000000003e-03,-3.252606517456513e-18
3500,25,-8.000000000000000e-04,-8.000000000000036e-04,3.577867169202165e-18
3500,26,5.999999999999999e-04,6.000000000000009e-04,-9.757819552369540e-19
3500,27,5.000000000000000e-04,4.999999999999965e-04,3.469446951953614e-18
3500,28,-4.000000000000000e-04,-4.000000000000071e-04,7.101524229780054e-18
3500,29,3.000000000000000e-04,3.000000000000120e-04,-1.198043400596482e-17
3600,0,1.200000000000000e-01,1.200000000000000e-01,-1.387778780781446e-17
3600,1,-8.000000000000000e-02,-8.000000000000002e-02,1.387778780781446e-17
3600,2,5.500000000000000e-02,5.500000000000001e-02,-1.387778780781446e-17
3600,3,4.000000000000000e-02,4.000000000000002e-02,-2.081668171172169e-17
3600,4,-3.000000000000000e-02,-3.000000000000000e-02,3.469446951953614e-18
3600,5,2.500000000000000e-02,2.500000000000000e-02,3.469446951953614e-18
3600,6,2.000000000000000e-02,2.000000000000001e-02,-1.040834085586084e-17
3600,7,-1.800000000000000e-02,-1.800000000000001e-02,1.040834085586084e-17
3600,8,1.500000000000000e-02,1.500000000000002e-02,-2.081668171172169e-17
3600,9,1.200000000000000e-02,1.200000000000000e-02,0.000000000000000e+00
3600,10,-1.000000000000000e-02,-9.999999999999986e-03,-1.387778780781446e-17
3600,11,8.999999999999999e-03,9.000000000000003e-03,-3.469446951953614e-18
3600,12,8.000000000000000e-03,8.000000000000005e-03,-5.204170427930421e-18
3600,13,-7.000000000000000e-03,-6.999999999999985e-03,-1.561251128379126e-17
3600,14,6.000000000000000e-03,6.000000000000005e-03,-5.204170427930421e-18
3600,15,5.000000000000000e-03,4.999999999999987e-03,1.301042606982605e-17
3600,16,-4.000000000000000e-03,-4.000000000000005e-03,5.204170427930421e-18
3600,17,3.500000000000000e-03,3.499999999999997e-03,3.035766082959412e-18
3600,18,3.000000000000000e-03,3.000000000000004e-03,-4.336808689942018e-18
3600,19,-2.500000000000000e-03,-2.499999999999998e-03,-2.168404344971009e-18
3600,20,2.000000000000000e-03,2.000000000000002e-03,-2.168404344971009e-18
3600,21,1.800000000000000e-03,1.800000000000000e-03,-2.168404344971009e-19
3600,22,-1.500000000000000e-03,-1.499999999999992e-03,-8.023096076392733e-18
3600,23,1.200000000000000e-03,1.200000000000006e-03,-5.637851296924623e-18
3600,24,1.000000000000000e-03,9.999999999999974e-04,2.602085213965211e-18
3600,25,-8.000000000000000e-04,-7.999999999999918e-04,-8.239936510889834e-18
3600,26,5.999999999999999e-04,6.000000000000042e-04,-4.228388472693467e-18
3600,27,5.000000000000000e-04,5.000000000000019e-04,-1.843143693225358e-18
3600,28,-4.000000000000000e-04,-3.999999999999963e-04,-3.686287386450715e-18
3600,29,3.000000000000000e-04,3.000000000000026e-04,-2.656295322589486e-18
3700,0,1.200000000000000e-01,1.200000000000000e-01,-1.387778780781446e-17
3700,1,-8.000000000000000e-02,-8.000000000000002e-02,1.387778780781446e-17
3700,2,5.500000000000000e-02,5.500000000000001e-02,-6.938893903907228e-18
3700,3,4.000000000000000e-02,4.000000000000000e-02,0.000000000000000e+00
3700,4,-3.000000000000000e-02,-2.999999999999999e-02,-6.938893903907228e-18
3700,5,2.500000000000000e-02,2.499999999999999e-02,6.938893903907228e-18
3700,6,2.000000000000000e-02,2.000000000000000e-02,-3.469446951953614e-18
3700,7,-1.800000000000000e-02,-1.800000000000001e-02,1.040834085586084e-17
3700,8,1.500000000000000e-02,1.500000000000000e-02,-3.469446951953614e-18
3700,9,1.200000000000000e-02,1.200000000000000e-02,3.469446951953614e-18
3700,10,-1.000000000000000e-02,-9.999999999999997e-03,-3.469446951953614e-18
3700,11,8.999999999999999e-03,9.000000000000001e-03,-1.734723475976807e-18
3700,12,8.000000000000000e-03,8.000000000000004e-03,-3.469446951953614e-18
3700,13,-7.000000000000000e-03,-7.000000000000014e-03,1.387778780781446e-17
3700,14,6.000000000000000e-03,5.999999999999998e-03,2.602085213965211e-18
3700,15,5.000000000000000e-03,4.999999999999998e-03,1.734723475976807e-18
3700,16,-4.000000000000000e-03,-3.999999999999994e-03,-6.071532165918825e-18
3700,17,3.500000000000000e-03,3.499999999999992e-03,7.806255641895632e-18
3700,18,3.000000000000000e-03,3.000000000000000e-03,0.000000000000000e+00
3700,19,-2.500000000000000e-03,-2.499999999999999e-03,-1.301042606982605e-18
3700,20,2.000000000000000e-03,1.999999999999999e-03,1.301042606982605e-18
3700,21,1.800000000000000e-03,1.800000000000001e-03,-1.301042606982605e-18
3700,22,-1.500000000000000e-03,-1.499999999999997e-03,-3.035766082959412e-18
3700,23,1.200000000000000e-03,1.199999999999998e-03,1.517883041479706e-18
3700,24,1.000000000000000e-03,9.999999999999926e-04,7.372574772901430e-18
3700,25,-8.000000000000000e-04,-7.999999999999900e-04,-1.008308020411519e-17
3700,26,5.999999999999999e-04,5.999999999999999e-04,0.000000000000000e+00
3700,27,5.000000000000000e-04,4.999999999999988e-04,1.192622389734055e-18
3700,28,-4.000000000000000e-04,-3.999999999999912e-04,-8.782037597132586e-18
3700,29,3.000000000000000e-04,2.999999999999997e-04,2.710505431213761e-19
3800,0,1.200000000000000e-01,1.200000000000000e-01,0.000000000000000e+00
3800,1,-8.000000000000000e-02,-8.000000000000002e-02,1.387778780781446e-17
3800,2,5.500000000000000e-02,5.500000000000000e-02,0.000000000000000e+00
3800,3,4.000000000000000e-02,4.000000000000001e-02,-6.938893903907228e-18
3800,4,-3.000000000000000e-02,-3.000000000000000e-02,0.000000000000000e+00
3800,5,2.500000000000000e-02,2.500000000000000e-02,-3.469446951953614e-18
3800,6,2.000000000000000e-02,1.999999999999998e-02,1.734723475976807e-17
3800,7,-1.800000000000000e-02,-1.799999999999999e-02,-6.938893903907228e-18
3800,8,1.500000000000000e-02,1.500000000000000e-02,1.734723475976807e-18
3800,9,1.200000000000000e-02,1.199999999999999e-02,6.938893903907228e-18
3800,10,-1.000000000000000e-02,-9.999999999999976e-03,-2.428612866367530e-17
3800,11,8.999999999999999e-03,8.999999999999994e-03,5.204170427930421e-18
3800,12,8.000000000000000e-03,7.999999999999985e-03,1.561251128379126e-17
3800,13,-7.000000000000000e-03,-7.000000000000011e-03,1.127570259384925e-17
3800,14,6.000000000000000e-03,6.000000000000003e-03,-2.602085213965211e-18
3800,15,5.000000000000000e-03,5.000000000000017e-03,-1.647987302177967e-17
3800,16,-4.000000000000000e-03,-4.000000000000003e-03,2.602085213965211e-18
3800,17,3.500000000000000e-03,3.499999999999994e-03,5.637851296924623e-18
3800,18,3.000000000000000e-03,2.999999999999999e-03,1.301042606982605e-18
3800,19,-2.500000000000000e-03,-2.499999999999990e-03,-9.974659986866641e-18
3800,20,2.000000000000000e-03,1.999999999999997e-03,2.602085213965211e-18
3800,21,1.800000000000000e-03,1.800000000000003e-03,-2.602085213965211e-18
3800,22,-1.500000000000000e-03,-1.499999999999994e-03,-6.505213034913027e-18
3800,23,1.200000000000000e-03,1.199999999999997e-03,3.252606517456513e-18
3800,24,1.000000000000000e-03,1.000000000000009e-03,-9.107298248878237e-18
3800,25,-8.000000000000000e-04,-8.000000000000168e-04,1.680513367352532e-17
3800,26,5.999999999999999e-04,6.000000000000042e-04,-4.228388472693467e-18
3800,27,5.000000000000000e-04,5.000000000000264e-04,-2.634611279139776e-17
3800,28,-4.000000000000000e-04,-3.999999999999853e-04,-1.474514954580286e-17
3800,29,3.000000000000000e-04,3.000000000000093e-04,-9.324138683375338e-18
3900,0,1.200000000000000e-01,1.200000000000000e-01,0.000000000000000e+00
3900,1,-8.000000000000000e-02,-8.000000000000000e-02,0.000000000000000e+00
3900,2,5.500000000000000e-02,5.500000000000001e-02,-1.387778780781446e-17
3900,3,4.000000000000000e-02,4.000000000000001e-02,-6.938893903907228e-18
3900,4,-3.000000000000000e-02,-3.000000000000002e-02,1.734723475976807e-17
3900,5,2.500000000000000e-02,2.499999999999999e-02,6.938893903907228e-18
3900,6,2.000000000000000e-02,2.000000000000002e-02,-1.734723475976807e-17
3900,7,-1.800000000000000e-02,-1.800000000000002e-02,1.734723475976807e-17
3900,8,1.500000000000000e-02,1.500000000000000e-02,1.734723475976807e-18
3900,9,1.200000000000000e-02,1.199999999999999e-02,6.938893903907228e-18
3900,10,-1.000000000000000e-02,-9.999999999999998e-03,-1.734723475976807e-18
3900,11,8.999999999999999e-03,8.999999999999998e-03,1.734723475976807e-18
3900,12,8.000000000000000e-03,8.000000000000004e-03,-3.469446951953614e-18
3900,13,-7.000000000000000e-03,-7.000000000000006e-03,6.071532165918825e-18
3900,14,6.000000000000000e-03,5.999999999999997e-03,3.469446951953614e-18
3900,15,5.000000000000000e-03,4.999999999999989e-03,1.127570259384925e-17
3900,16,-4.000000000000000e-03,-4.000000000000005e-03,5.204170427930421e-18
3900,17,3.500000000000000e-03,3.500000000000011e-03,-1.127570259384925e-17
3900,18,3.000000000000000e-03,2.999999999999982e-03,1.821459649775647e-17
3900,19,-2.500000000000000e-03,-2.500000000000003e-03,3.035766082959412e-18
3900,20,2.000000000000000e-03,2.000000000000003e-03,-3.035766082959412e-18
3900,21,1.800000000000000e-03,1.800000000000027e-03,-2.667137344314341e-17
3900,22,-1.500000000000000e-03,-1.500000000000011e-03,1.084202172485504e-17
3900,23,1.200000000000000e-03,1.200000000000002e-03,-2.602085213965211e-18
3900,24,1.000000000000000e-03,1.000000000000006e-03,-5.854691731421724e-18
3900,25,-8.000000000000000e-04,-8.000000000000133e-04,1.322726650432315e-17
3900,26,5.999999999999999e-04,6.000000000000047e-04,-4.770489558936220e-18
3900,27,5.000000000000000e-04,5.000000000000092e-04,-9.215718466126788e-18
3900,28,-4.000000000000000e-04,-4.000000000000001e-04,1.084202172485504e-19
3900,29,3.000000000000000e-04,2.999999999999867e-04,1.328147661294743e-17
4000,0,1.200000000000000e-01,1.200000000000000e-01,0.000000000000000e+00
4000,1,-8.000000000000000e-02,-7.999999999999999e-02,-1.387778780781446e-17
4000,2,5.500000000000000e-02,5.499999999999999e-02,6.938893903907228e-18
4000,3,4.000000000000000e-02,4.000000000000001e-02,-6.938893903907228e-18
4000,4,-3.000000000000000e-02,-3.000000000000000e-02,0.000000000000000e+00
4000,5,2.500000000000000e-02,2.499999999999999e-02,6.938893903907228e-18
4000,6,2.000000000000000e-02,2.000000000000000e-02,0.000000000000000e+00
4000,7,-1.800000000000000e-02,-1.800000000000000e-02,3.469446951953614e-18
4000,8,1.500000000000000e-02,1.500000000000002e-02,-1.734723475976807e-17
4000,9,1.200000000000000e-02,1.200000000000000e-02,1.734723475976807e-18
4000,10,-1.000000000000000e-02,-1.000000000000001e-02,6.938893903907228e-18
4000,11,8.999999999999999e-03,9.000000000000005e-03,-5.204170427930421e-18
4000,12,8.000000000000000e-03,8.000000000000005e-03,-5.204170427930421e-18
4000,13,-7.000000000000000e-03,-7.000000000000015e-03,1.474514954580286e-17
4000,14,6.000000000000000e-03,6.000000000000004e-03,-3.469446951953614e-18
4000,15,5.000000000000000e-03,4.999999999999989e-03,1.127570259384925e-17
4000,16,-4.000000000000000e-03,-4.000000000000005e-03,5.204170427930421e-18
4000,17,3.500000000000000e-03,3.500000000000006e-03,-5.637851296924623e-18
4000,18,3.000000000000000e-03,3.000000000000004e-03,-4.336808689942018e-18
4000,19,-2.500000000000000e-03,-2.499999999999994e-03,-6.071532165918825e-18
4000,20,2.000000000000000e-03,1.999999999999992e-03,7.806255641895632e-18
4000,21,1.800000000000000e-03,1.800000000000007e-03,-6.938893903907228e-18
4000,22,-1.500000000000000e-03,-1.499999999999995e-03,-4.770489558936220e-18
4000,23,1.200000000000000e-03,1.199999999999991e-03,8.456776945386935e-18
4000,24,1.000000000000000e-03,9.999999999999998e-04,2.168404344971009e-19
4000,25,-8.000000000000000e-04,-8.000000000000025e-04,2.493664996716660e-18
4000,26,5.999999999999999e-04,6.000000000000100e-04,-1.008308020411519e-17
4000,27,5.000000000000000e-04,5.000000000000114e-04,-1.138412281109780e-17
4000,28,-4.000000000000000e-04,-4.000000000000006e-04,5.963111948670274e-19
4000,29,3.000000000000000e-04,3.000000000000023e-04,-2.331034670843835e-18
4100,0,1.200000000000000e-01,1.200000000000000e-01,-2.775557561562891e-17
4100,1,-8.000000000000000e-02,-8.000000000000003e-02,2.775557561562891e-17
4100,2,5.500000000000000e-02,5.499999999999999e-02,6.938893903907228e-18
4100,3,4.000000000000000e-02,4.000000000000000e-02,0.000000000000000e+00
4100,4,-3.000000000000000e-02,-3.000000000000000e-02,3.469446951953614e-18
4100,5,2.500000000000000e-02,2.500000000000001e-02,-1.040834085586084e-17
4100,6,2.000000000000000e-02,1.999999999999999e-02,1.040834085586084e-17
4100,7,-1.800000000000000e-02,-1.799999999999999e-02,-6.938893903907228e-18
4100,8,1.500000000000000e-02,1.500000000000000e-02,1.734723475976807e-18
4100,9,1.200000000000000e-02,1.200000000000002e-02,-1.734723475976807e-17
4100,10,-1.000000000000000e-02,-1.000000000000001e-02,1.214306433183765e-17
4100,11,8.999999999999999e-03,8.999999999999999e-03,0.000000000000000e+00
4100,12,8.000000000000000e-03,8.000000000000016e-03,-1.561251128379126e-17
4100,13,-7.000000000000000e-03,-6.999999999999997e-03,-3.469446951953614e-18
4100,14,6.000000000000000e-03,6.000000000000016e-03,-1.561251128379126e-17
4100,15,5.000000000000000e-03,4.999999999999995e-03,5.204170427930421e-18
4100,16,-4.000000000000000e-03,-3.999999999999996e-03,-4.336808689942018e-18
4100,17,3.500000000000000e-03,3.500000000000014e-03,-1.344410693882025e-17
4100,18,3.000000000000000e-03,2.999999999999991e-03,9.107298248878237e-18
4100,19,-2.500000000000000e-03,-2.500000000000002e-03,2.168404344971009e-18
4100,20,2.000000000000000e-03,1.999999999999985e-03,1.474514954580286e-17
4100,21,1.800000000000000e-03,1.800000000000002e-03,-2.168404344971009e-18
4100,22,-1.500000000000000e-03,-1.499999999999990e-03,-1.040834085586084e-17
4100,23,1.200000000000000e-03,1.200000000000003e-03,-3.469446951953614e-18
4100,24,1.000000000000000e-03,1.000000000000000e-03,0.000000000000000e+00
4100,25,-8.000000000000000e-04,-8.000000000000018e-04,1.734723475976807e-18
4100,26,5.999999999999999e-04,6.000000000000070e-04,-7.047314121155779e-18
4100,27,5.000000000000000e-04,5.000000000000029e-04,-2.927345865710862e-18
4100,28,-4.000000000000000e-04,-4.000000000000103e-04,1.024571052998802e-17
4100,29,3.000000000000000e-04,3.000000000000102e-04,-1.024571052998802e-17
4200,0,1.200000000000000e-01,1.200000000000000e-01,-1.387778780781446e-17
4200,1,-8.000000000000000e-02,-8.000000000000000e-02,0.000000000000000e+00
4200,2,5.500000000000000e-02,5.500000000000002e-02,-2.081668171172169e-17
4200,3,4.000000000000000e-02,4.000000000000001e-02,-6.938893903907228e-18
4200,4,-3.000000000000000e-02,-3.000000000000002e-02,1.734723475976807e-17
4200,5,2.500000000000000e-02,2.499999999999999e-02,1.040834085586084e-17
4200,6,2.000000000000000e-02,2.000000000000001e-02,-6.938893903907228e-18
4200,7,-1.800000000000000e-02,-1.799999999999999e-02,-1.040834085586084e-17
4200,8,1.500000000000000e-02,1.499999999999999e-02,1.387778780781446e-17
4200,9,1.200000000000000e-02,1.200000000000001e-02,-1.387778780781446e-17
4200,10,-1.000000000000000e-02,-9.999999999999997e-03,-3.469446951953614e-18
4200,11,8.999999999999999e-03,8.999999999999989e-03,1.040834085586084e-17
4200,12,8.000000000000000e-03,7.999999999999988e-03,1.214306433183765e-17
4200,13,-7.000000000000000e-03,-6.999999999999990e-03,-1.040834085586084e-17
4200,14,6.000000000000000e-03,6.000000000000008e-03,-7.806255641895632e-18
4200,15,5.000000000000000e-03,4.999999999999989e-03,1.127570259384925e-17
4200,16,-4.000000000000000e-03,-4.000000000000009e-03,8.673617379884035e-18
4200,17,3.500000000000000e-03,3.499999999999998e-03,1.734723475976807e-18
4200,18,3.000000000000000e-03,3.000000000000002e-03,-1.734723475976807e-18
4200,19,-2.500000000000000e-03,-2.499999999999985e-03,-1.517883041479706e-17
4200,20,2.000000000000000e-03,2.000000000000019e-03,-1.864827736675068e-17
4200,21,1.800000000000000e-03,1.800000000000009e-03,-9.324138683375338e-18
4200,22,-1.500000000000000e-03,-1.499999999999974e-03,-2.558717127065790e-17
4200,23,1.200000000000000e-03,1.200000000000009e-03,-9.324138683375338e-18
4200,24,1.000000000000000e-03,1.000000000000025e-03,-2.450296909817240e-17
4200,25,-8.000000000000000e-04,-7.999999999999874e-04,-1.268516541808040e-17
4200,26,5.999999999999999e-04,5.999999999999846e-04,1.539567084929416e-17
4200,27,5.000000000000000e-04,4.999999999999920e-04,8.023096076392733e-18
4200,28,-4.000000000000000e-04,-4.000000000000197e-04,1.967826943061191e-17
4200,29,3.000000000000000e-04,3.000000000000226e-04,-2.265982540494704e-17
4300,0,1.200000000000000e-01,1.200000000000000e-01,2.775557561562891e-17
4300,1,-8.000000000000000e-02,-7.999999999999999e-02,-1.387778780781446e-17
4300,2,5.500000000000000e-02,5.500000000000000e-02,0.000000000000000e+00
4300,3,4.000000000000000e-02,4.000000000000001e-02,-1.387778780781446e-17
4300,4,-3.000000000000000e-02,-2.999999999999998e-02,-2.081668171172169e-17
4300,5,2.500000000000000e-02,2.500000000000000e-02,0.000000000000000e+00
4300,6,2.000000000000000e-02,1.999999999999998e-02,1.734723475976807e-17
4300,7,-1.800000000000000e-02,-1.800000000000000e-02,0.000000000000000e+00
4300,8,1.500000000000000e-02,1.500000000000000e-02,-1.734723475976807e-18
4300,9,1.200000000000000e-02,1.200000000000000e-02,-1.734723475976807e-18
4300,10,-1.000000000000000e-02,-1.000000000000002e-02,1.908195823574488e-17
4300,11,8.999999999999999e-03,8.999999999999992e-03,6.938893903907228e-18
4300,12,8.000000000000000e-03,8.000000000000004e-03,-3.469446951953614e-18
4300,13,-7.000000000000000e-03,-7.000000000000003e-03,2.602085213965211e-18
4300,14,6.000000000000000e-03,5.999999999999997e-03,3.469446951953614e-18
4300,15,5.000000000000000e-03,5.000000000000004e-03,-4.336808689942018e-18
4300,16,-4.000000000000000e-03,-3.999999999999988e-03,-1.214306433183765e-17
4300,17,3.500000000000000e-03,3.500000000000004e-03,-3.903127820947816e-18
4300,18,3.000000000000000e-03,3.000000000000017e-03,-1.647987302177967e-17
4300,19,-2.500000000000000e-03,-2.499999999999993e-03,-6.938893903907228e-18
4300,20,2.000000000000000e-03,1.999999999999981e-03,1.951563910473908e-17
4300,21,1.800000000000000e-03,1.800000000000000e-03,-2.168404344971009e-19
4300,22,-1.500000000000000e-03,-1.500000000000003e-03,3.252606517456513e-18
4300,23,1.200000000000000e-03,1.200000000000004e-03,-4.553649124439119e-18
4300,24,1.000000000000000e-03,1.000000000000011e-03,-1.127570259384925e-17
4300,25,-8.000000000000000e-04,-7.999999999999889e-04,-1.116728237660070e-17
4300,26,5.999999999999999e-04,6.000000000000194e-04,-1.940721888749053e-17
4300,27,5.000000000000000e-04,5.000000000000067e-04,-6.722053469410127e-18
4300,28,-4.000000000000000e-04,-4.000000000000070e-04,6.938893903907228e-18
4300,29,3.000000000000000e-04,2.999999999999929e-04,7.101524229780054e-18
4400,0,1.200000000000000e-01,1.200000000000000e-01,0.000000000000000e+00
4400,1,-8.000000000000000e-02,-8.000000000000000e-02,0.000000000000000e+00
4400,2,5.500000000000000e-02,5.499999999999998e-02,2.081668171172169e-17
4400,3,4.000000000000000e-02,3.999999999999999e-02,1.387778780781446e-17
4400,4,-3.000000000000000e-02,-2.999999999999999e-02,-1.040834085586084e-17
4400,5,2.500000000000000e-02,2.500000000000000e-02,-3.469446951953614e-18
4400,6,2.000000000000000e-02,1.999999999999999e-02,1.387778780781446e-17
4400,7,-1.800000000000000e-02,-1.800000000000002e-02,1.734723475976807e-17
4400,8,1.500000000000000e-02,1.500000000000001e-02,-1.214306433183765e-17
4400,9,1.200000000000000e-02,1.200000000000000e-02,-3.469446951953614e-18
4400,10,-1.000000000000000e-02,-1.000000000000001e-02,6.938893903907228e-18
4400,11,8.999999999999999e-03,8.999999999999996e-03,3.469446951953614e-18
4400,12,8.000000000000000e-03,8.000000000000011e-03,-1.040834085586084e-17
4400,13,-7.000000000000000e-03,-7.000000000000030e-03,2.949029909160572e-17
4400,14,6.000000000000000e-03,6.000000000000024e-03,-2.428612866367530e-17
4400,15,5.000000000000000e-03,4.999999999999999e-03,8.673617379884035e-19
4400,16,-4.000000000000000e-03,-3.999999999999996e-03,-4.336808689942018e-18
4400,17,3.500000000000000e-03,3.499999999999995e-03,5.204170427930421e-18
4400,18,3.000000000000000e-03,2.999999999999993e-03,7.372574772901430e-18
4400,19,-2.500000000000000e-03,-2.499999999999995e-03,-4.770489558936220e-18
4400,20,2.000000000000000e-03,2.000000000000010e-03,-9.540979117872439e-18
4400,21,1.800000000000000e-03,1.800000000000007e-03,-7.372574772901430e-18
4400,22,-1.500000000000000e-03,-1.500000000000005e-03,5.204170427930421e-18
4400,23,1.200000000000000e-03,1.199999999999983e-03,1.734723475976807e-17
4400,24,1.000000000000000e-03,1.000000000000014e-03,-1.409462824231156e-17
4400,25,-8.000000000000000e-04,-7.999999999999871e-04,-1.290200585257750e-17
4400,26,5.999999999999999e-04,5.999999999999839e-04,1.604619215278547e-17
4400,27,5.000000000000000e-04,4.999999999999974e-04,2.602085213965211e-18
4400,28,-4.000000000000000e-04,-3.999999999999988e-04,-1.246832498358330e-18
4400,29,3.000000000000000e-04,2.999999999999985e-04,1.463672932855431e-18
4500,0,1.200000000000000e-01,1.200000000000000e-01,-1.387778780781446e-17
4500,1,-8.000000000000000e-02,-8.000000000000000e-02,0.000000000000000e+00
4500,2,5.500000000000000e-02,5.500000000000001e-02,-1.387778780781446e-17
4500,3,4.000000000000000e-02,4.000000000000001e-02,-6.938893903907228e-18
4500,4,-3.000000000000000e-02,-3.000000000000000e-02,0.000000000000000e+00
4500,5,2.500000000000000e-02,2.500000000000000e-02,0.000000000000000e+00
4500,6,2.000000000000000e-02,1.999999999999999e-02,1.040834085586084e-17
4500,7,-1.800000000000000e-02,-1.800000000000000e-02,0.000000000000000e+00
4500,8,1.500000000000000e-02,1.500000000000001e-02,-1.214306433183765e-17
4500,9,1.200000000000000e-02,1.200000000000001e-02,-5.204170427930421e-18
4500,10,-1.000000000000000e-02,-9.999999999999997e-03,-3.469446951953614e-18
4500,11,8.999999999999999e-03,8.999999999999987e-03,1.214306433183765e-17
4500,12,8.000000000000000e-03,8.000000000000009e-03,-8.673617379884035e-18
4500,13,-7.000000000000000e-03,-7.000000000000002e-03,1.734723475976807e-18
4500,14,6.000000000000000e-03,6.000000000000002e-03,-1.734723475976807e-18
4500,15,5.000000000000000e-03,5.000000000000004e-03,-4.336808689942018e-18
4500,16,-4.000000000000000e-03,-4.000000000000009e-03,8.673617379884035e-18
4500,17,3.500000000000000e-03,3.500000000000005e-03,-4.770489558936220e-18
4500,18,3.000000000000000e-03,2.999999999999992e-03,8.239936510889834e-18
4500,19,-2.500000000000000e-03,-2.499999999999997e-03,-2.602085213965211e-18
4500,20,2.000000000000000e-03,2.000000000000006e-03,-5.637851296924623e-18
4500,21,1.800000000000000e-03,1.799999999999995e-03,4.553649124439119e-18
4500,22,-1.500000000000000e-03,-1.500000000000014e-03,1.366094737331736e-17
4500,23,1.200000000000000e-03,1.200000000000001e-03,-1.301042606982605e-18
4500,24,1.000000000000000e-03,1.000000000000002e-03,-1.517883041479706e-18
4500,25,-8.000000000000000e-04,-8.000000000000018e-04,1.734723475976807e-18
4500,26,5.999999999999999e-04,5.999999999999962e-04,3.794707603699266e-18
4500,27,5.000000000000000e-04,4.999999999999817e-04,1.832301671500502e-17
4500,28,-4.000000000000000e-04,-3.999999999999910e-04,-9.053088140253962e-18
4500,29,3.000000000000000e-04,2.999999999999960e-04,3.957337929572091e-18
4600,0,1.200000000000000e-01,1.200000000000000e-01,-2.775557561562891e-17
4600,1,-8.000000000000000e-02,-8.000000000000000e-02,0.000000000000000e+00
4600,2,5.500000000000000e-02,5.500000000000000e-02,0.000000000000000e+00
4600,3,4.000000000000000e-02,4.000000000000000e-02,0.000000000000000e+00
4600,4,-3.000000000000000e-02,-3.000000000000001e-02,1.387778780781446e-17
4600,5,2.500000000000000e-02,2.500000000000000e-02,0.000000000000000e+00
4600,6,2.000000000000000e-02,1.999999999999999e-02,6.938893903907228e-18
4600,7,-1.800000000000000e-02,-1.800000000000000e-02,0.000000000000000e+00
4600,8,1.500000000000000e-02,1.500000000000000e-02,3.469446951953614e-18
4600,9,1.200000000000000e-02,1.200000000000001e-02,-1.040834085586084e-17
4600,10,-1.000000000000000e-02,-9.999999999999998e-03,-1.734723475976807e-18
4600,11,8.999999999999999e-03,9.000000000000013e-03,-1.387778780781446e-17
4600,12,8.000000000000000e-03,8.000000000000000e-03,0.000000000000000e+00
4600,13,-7.000000000000000e-03,-7.000000000000000e-03,0.000000000000000e+00
4600,14,6.000000000000000e-03,5.999999999999996e-03,4.336808689942018e-18
4600,15,5.000000000000000e-03,5.000000000000001e-03,-8.673617379884035e-19
4600,16,-4.000000000000000e-03,-3.999999999999996e-03,-4.336808689942018e-18
4600,17,3.500000000000000e-03,3.500000000000005e-03,-4.770489558936220e-18
4600,18,3.000000000000000e-03,3.000000000000024e-03,-2.428612866367530e-17
4600,19,-2.500000000000000e-03,-2.500000000000010e-03,9.540979117872439e-18
4600,20,2.000000000000000e-03,2.000000000000000e-03,-4.336808689942018e-19
4600,21,1.800000000000000e-03,1.799999999999988e-03,1.149254302834635e-17
4600,22,-1.500000000000000e-03,-1.499999999999993e-03,-6.722053469410127e-18
4600,23,1.200000000000000e-03,1.200000000000002e-03,-1.951563910473908e-18
4600,24,1.000000000000000e-03,9.999999999999983e-04,1.734723475976807e-18
4600,25,-8.000000000000000e-04,-8.000000000000070e-04,6.938893903907228e-18
4600,26,5.999999999999999e-04,5.999999999999874e-04,1.257674520083185e-17
4600,27,5.000000000000000e-04,5.000000000000015e-04,-1.517883041479706e-18
4600,28,-4.000000000000000e-04,-3.999999999999947e-04,-5.312590645178972e-18
4600,29,3.000000000000000e-04,3.000000000000142e-04,-1.420304845956011e-17
4700,0,1.200000000000000e-01,1.200000000000000e-01,-2.775557561562891e-17
4700,1,-8.000000000000000e-02,-8.000000000000002e-02,1.387778780781446e-17
4700,2,5.500000000000000e-02,5.500000000000000e-02,0.000000000000000e+00
4700,3,4.000000000000000e-02,3.999999999999999e-02,1.387778780781446e-17
4700,4,-3.000000000000000e-02,-3.000000000000000e-02,3.469446951953614e-18
4700,5,2.500000000000000e-02,2.500000000000000e-02,-3.469446951953614e-18
4700,6,2.000000000000000e-02,2.000000000000001e-02,-1.387778780781446e-17
4700,7,-1.800000000000000e-02,-1.800000000000001e-02,6.938893903907228e-18
4700,8,1.500000000000000e-02,1.500000000000000e-02,1.734723475976807e-18
4700,9,1.200000000000000e-02,1.200000000000000e-02,5.204170427930421e-18
4700,10,-1.000000000000000e-02,-1.000000000000000e-02,3.469446951953614e-18
4700,11,8.999999999999999e-03,8.999999999999985e-03,1.387778780781446e-17
4700,12,8.000000000000000e-03,8.000000000000007e-03,-6.938893903907228e-18
4700,13,-7.000000000000000e-03,-6.999999999999988e-03,-1.214306433183765e-17
4700,14,6.000000000000000e-03,5.999999999999996e-03,4.336808689942018e-18
4700,15,5.000000000000000e-03,5.000000000000010e-03,-9.540979117872439e-18
4700,16,-4.000000000000000e-03,-4.000000000000008e-03,7.806255641895632e-18
4700,17,3.500000000000000e-03,3.500000000000006e-03,-6.071532165918825e-18
4700,18,3.000000000000000e-03,2.999999999999997e-03,3.035766082959412e-18
4700,19,-2.500000000000000e-03,-2.500000000000000e-03,4.336808689942018e-19
4700,20,2.000000000000000e-03,1.999999999999991e-03,9.540979117872439e-18
4700,21,1.800000000000000e-03,1.800000000000007e-03,-6.938893903907228e-18
4700,22,-1.500000000000000e-03,-1.499999999999997e-03,-3.469446951953614e-18
4700,23,1.200000000000000e-03,1.199999999999971e-03,2.862293735361732e-17
4700,24,1.000000000000000e-03,9.999999999999883e-04,1.170938346284345e-17
4700,25,-8.000000000000000e-04,-7.999999999999985e-04,-1.517883041479706e-18
4700,26,5.999999999999999e-04,5.999999999999994e-04,5.421010862427522e-19
4700,27,5.000000000000000e-04,5.000000000000022e-04,-2.168404344971009e-18
4700,28,-4.000000000000000e-04,-4.000000000000009e-04,8.673617379884035e-19
4700,29,3.000000000000000e-04,2.999999999999976e-04,2.385244779468110e-18
4800,0,1.200000000000000e-01,1.200000000000000e-01,-1.387778780781446e-17
4800,1,-8.000000000000000e-02,-8.000000000000002e-02,1.387778780781446e-17
4800,2,5.500000000000000e-02,5.500000000000003e-02,-2.775557561562891e-17
4800,3,4.000000000000000e-02,4.000000000000001e-02,-1.387778780781446e-17
4800,4,-3.000000000000000e-02,-3.000000000000001e-02,1.040834085586084e-17
4800,5,2.500000000000000e-02,2.500000000000002e-02,-2.081668171172169e-17
4800,6,2.000000000000000e-02,1.999999999999999e-02,6.938893903907228e-18
4800,7,-1.800000000000000e-02,-1.800000000000000e-02,-3.469446951953614e-18
4800,8,1.500000000000000e-02,1.500000000000000e-02,-1.734723475976807e-18
4800,9,1.200000000000000e-02,1.200000000000001e-02,-1.214306433183765e-17
4800,10,-1.000000000000000e-02,-9.999999999999998e-03,-1.734723475976807e-18
4800,11,8.999999999999999e-03,8.999999999999984e-03,1.561251128379126e-17
4800,12,8.000000000000000e-03,7.999999999999991e-03,8.673617379884035e-18
4800,13,-7.000000000000000e-03,-7.000000000000017e-03,1.734723475976807e-17
4800,14,6.000000000000000e-03,6.000000000000022e-03,-2.168404344971009e-17
4800,15,5.000000000000000e-03,5.000000000000009e-03,-8.673617379884035e-18
4800,16,-4.000000000000000e-03,-3.999999999999991e-03,-8.673617379884035e-18
4800,17,3.500000000000000e-03,3.500000000000001e-03,-8.673617379884035e-19
4800,18,3.000000000000000e-03,2.999999999999993e-03,6.938893903907228e-18
4800,19,-2.500000000000000e-03,-2.499999999999992e-03,-8.239936510889834e-18
4800,20,2.000000000000000e-03,2.000000000000001e-03,-8.673617379884035e-19
4800,21,1.800000000000000e-03,1.799999999999996e-03,3.686287386450715e-18
4800,22,-1.500000000000000e-03,-1.499999999999996e-03,-4.119968255444917e-18
4800,23,1.200000000000000e-03,1.200000000000002e-03,-1.734723475976807e-18
4800,24,1.000000000000000e-03,9.999999999999874e-04,1.257674520083185e-17
4800,25,-8.000000000000000e-04,-8.000000000000022e-04,2.168404344971009e-18
4800,26,5.999999999999999e-04,5.999999999999909e-04,8.998878031629687e-18
4800,27,5.000000000000000e-04,5.000000000000014e-04,-1.409462824231156e-18
4800,28,-4.000000000000000e-04,-4.000000000000078e-04,7.752045533271357e-18
4800,29,3.000000000000000e-04,2.999999999999884e-04,1.154675313697062e-17
4900,0,1.200000000000000e-01,1.200000000000000e-01,1.387778780781446e-17
4900,1,-8.000000000000000e-02,-8.000000000000000e-02,0.000000000000000e+00
4900,2,5.500000000000000e-02,5.500000000000000e-02,0.000000000000000e+00
4900,3,4.000000000000000e-02,4.000000000000001e-02,-6.938893903907228e-18
4900,4,-3.000000000000000e-02,-2.999999999999999e-02,-6.938893903907228e-18
4900,5,2.500000000000000e-02,2.500000000000003e-02,-3.122502256758253e-17
4900,6,2.000000000000000e-02,2.000000000000002e-02,-2.081668171172169e-17
4900,7,-1.800000000000000e-02,-1.800000000000000e-02,0.000000000000000e+00
4900,8,1.500000000000000e-02,1.500000000000001e-02,-1.040834085586084e-17
4900,9,1.200000000000000e-02,1.199999999999998e-02,1.734723475976807e-17
4900,10,-1.000000000000000e-02,-1.000000000000000e-02,1.734723475976807e-18
4900,11,8.999999999999999e-03,8.999999999999975e-03,2.428612866367530e-17
4900,12,8.000000000000000e-03,7.999999999999997e-03,3.469446951953614e-18
4900,13,-7.000000000000000e-03,-7.000000000000023e-03,2.255140518769849e-17
4900,14,6.000000000000000e-03,5.999999999999997e-03,3.469446951953614e-18
4900,15,5.000000000000000e-03,5.000000000000010e-03,-9.540979117872439e-18
4900,16,-4.000000000000000e-03,-4.000000000000006e-03,6.071532165918825e-18
4900,17,3.500000000000000e-03,3.499999999999996e-03,4.336808689942018e-18
4900,18,3.000000000000000e-03,2.999999999999990e-03,1.040834085586084e-17
4900,19,-2.500000000000000e-03,-2.500000000000006e-03,6.071532165918825e-18
4900,20,2.000000000000000e-03,1.999999999999996e-03,4.336808689942018e-18
4900,21,1.800000000000000e-03,1.800000000000023e-03,-2.320192649118979e-17
4900,22,-1.500000000000000e-03,-1.499999999999997e-03,-3.252606517456513e-18
4900,23,1.200000000000000e-03,1.199999999999990e-03,9.757819552369540e-18
4900,24,1.000000000000000e-03,9.999999999999812e-04,1.886511780124778e-17
4900,25,-8.000000000000000e-04,-8.000000000000089e-04,8.890457814381136e-18
4900,26,5.999999999999999e-04,6.000000000000177e-04,-1.778091562876227e-17
4900,27,5.000000000000000e-04,4.999999999999925e-04,7.480994990149981e-18
4900,28,-4.000000000000000e-04,-3.999999999999946e-04,-5.421010862427522e-18
4900,29,3.000000000000000e-04,3.000000000000111e-04,-1.111307226797642e-17
5000,0,1.200000000000000e-01,1.200000000000000e-01,0.000000000000000e+00
5000,1,-8.000000000000000e-02,-8.000000000000002e-02,1.387778780781446e-17
5000,2,5.500000000000000e-02,5.499999999999999e-02,6.938893903907228e-18
5000,3,4.000000000000000e-02,4.000000000000000e-02,0.000000000000000e+00
5000,4,-3.000000000000000e-02,-3.000000000000002e-02,1.734723475976807e-17
5000,5,2.500000000000000e-02,2.500000000000002e-02,-1.387778780781446e-17
5000,6,2.000000000000000e-02,1.999999999999999e-02,1.387778780781446e-17
5000,7,-1.800000000000000e-02,-1.800000000000001e-02,1.387778780781446e-17
5000,8,1.500000000000000e-02,1.499999999999999e-02,8.673617379884035e-18
5000,9,1.200000000000000e-02,1.200000000000001e-02,-8.673617379884035e-18
5000,10,-1.000000000000000e-02,-1.000000000000001e-02,1.040834085586084e-17
5000,11,8.999999999999999e-03,9.000000000000008e-03,-8.673617379884035e-18
5000,12,8.000000000000000e-03,7.999999999999997e-03,3.469446951953614e-18
5000,13,-7.000000000000000e-03,-6.999999999999996e-03,-4.336808689942018e-18
5000,14,6.000000000000000e-03,5.999999999999985e-03,1.474514954580286e-17
5000,15,5.000000000000000e-03,5.000000000000000e-03,0.000000000000000e+00
5000,16,-4.000000000000000e-03,-4.000000000000017e-03,1.734723475976807e-17
5000,17,3.500000000000000e-03,3.500000000000008e-03,-7.806255641895632e-18
5000,18,3.000000000000000e-03,3.000000000000012e-03,-1.214306433183765e-17
5000,19,-2.500000000000000e-03,-2.499999999999991e-03,-9.540979117872439e-18
5000,20,2.000000000000000e-03,2.000000000000002e-03,-1.734723475976807e-18
5000,21,1.800000000000000e-03,1.799999999999992e-03,8.239936510889834e-18
5000,22,-1.500000000000000e-03,-1.500000000000005e-03,4.770489558936220e-18
5000,23,1.200000000000000e-03,1.199999999999987e-03,1.279358563532895e-17
5000,24,1.000000000000000e-03,1.000000000000012e-03,-1.149254302834635e-17
5000,25,-8.000000000000000e-04,-8.000000000000020e-04,1.951563910473908e-18
5000,26,5.999999999999999e-04,6.000000000000125e-04,-1.257674520083185e-17
5000,27,5.000000000000000e-04,5.000000000000142e-04,-1.420304845956011e-17
5000,28,-4.000000000000000e-04,-4.000000000000032e-04,3.198396408832238e-18
5000,29,3.000000000000000e-04,2.999999999999988e-04,1.192622389734055e-18
5100,0,1.200000000000000e-01,1.200000000000000e-01,0.000000000000000e+00
5100,1,-8.000000000000000e-02,-8.000000000000000e-02,0.000000000000000e+00
5100,2,5.500000000000000e-02,5.499999999999999e-02,1.387778780781446e-17
5100,3,4.000000000000000e-02,4.000000000000000e-02,0.000000000000000e+00
5100,4,-3.000000000000000e-02,-3.000000000000000e-02,-3.469446951953614e-18
5100,5,2.500000000000000e-02,2.499999999999998e-02,1.734723475976807e-17
5100,6,2.000000000000000e-02,2.000000000000000e-02,0.000000000000000e+00
5100,7,-1.800000000000000e-02,-1.800000000000001e-02,6.938893903907228e-18
5100,8,1.500000000000000e-02,1.500000000000000e-02,-5.204170427930421e-18
5100,9,1.200000000000000e-02,1.200000000000001e-02,-8.673617379884035e-18
5100,10,-1.000000000000000e-02,-9.999999999999990e-03,-1.040834085586084e-17
5100,11,8.999999999999999e-03,8.999999999999996e-03,3.469446951953614e-18
5100,12,8.000000000000000e-03,7.999999999999986e-03,1.387778780781446e-17
5100,13,-7.000000000000000e-03,-7.000000000000012e-03,1.214306433183765e-17
5100,14,6.000000000000000e-03,6.000000000000004e-03,-4.336808689942018e-18
5100,15,5.000000000000000e-03,5.000000000000012e-03,-1.214306433183765e-17
5100,16,-4.000000000000000e-03,-4.000000000000000e-03,0.000000000000000e+00
5100,17,3.500000000000000e-03,3.499999999999988e-03,1.214306433183765e-17
5100,18,3.000000000000000e-03,2.999999999999984e-03,1.647987302177967e-17
5100,19,-2.500000000000000e-03,-2.500000000000009e-03,8.673617379884035e-18
5100,20,2.000000000000000e-03,2.000000000000001e-03,-8.673617379884035e-19
5100,21,1.800000000000000e-03,1.799999999999999e-03,8.673617379884035e-19
5100,22,-1.500000000000000e-03,-1.499999999999994e-03,-6.071532165918825e-18
5100,23,1.200000000000000e-03,1.200000000000003e-03,-3.252606517456513e-18
5100,24,1.000000000000000e-03,1.000000000000015e-03,-1.539567084929416e-17
5100,25,-8.000000000000000e-04,-8.000000000000062e-04,6.179952383167375e-18
5100,26,5.999999999999999e-04,5.999999999999959e-04,4.011548038196366e-18
5100,27,5.000000000000000e-04,4.999999999999993e-04,7.589415207398531e-19
5100,28,-4.000000000000000e-04,-3.999999999999921e-04,-7.914675859144182e-18
5100,29,3.000000000000000e-04,3.000000000000073e-04,-7.318364664277155e-18
5200,0,1.200000000000000e-01,1.200000000000000e-01,0.000000000000000e+00
5200,1,-8.000000000000000e-02,-8.000000000000000e-02,0.000000000000000e+00
5200,2,5.500000000000000e-02,5.500000000000000e-02,0.000000000000000e+00
5200,3,4.000000000000000e-02,3.999999999999999e-02,6.938893903907228e-18
5200,4,-3.000000000000000e-02,-3.000000000000000e-02,0.000000000000000e+00
5200,5,2.500000000000000e-02,2.500000000000000e-02,3.469446951953614e-18
5200,6,2.000000000000000e-02,2.000000000000001e-02,-6.938893903907228e-18
5200,7,-1.800000000000000e-02,-1.800000000000000e-02,0.000000000000000e+00
5200,8,1.500000000000000e-02,1.500000000000000e-02,-5.204170427930421e-18
5200,9,1.200000000000000e-02,1.200000000000000e-02,-1.734723475976807e-18
5200,10,-1.000000000000000e-02,-1.000000000000000e-02,0.000000000000000e+00
5200,11,8.999999999999999e-03,9.000000000000003e-03,-3.469446951953614e-18
5200,12,8.000000000000000e-03,7.999999999999990e-03,1.040834085586084e-17
5200,13,-7.000000000000000e-03,-7.000000000000004e-03,3.469446951953614e-18
5200,14,6.000000000000000e-03,5.999999999999992e-03,7.806255641895632e-18
5200,15,5.000000000000000e-03,4.999999999999999e-03,8.673617379884035e-19
5200,16,-4.000000000000000e-03,-4.000000000000000e-03,0.000000000000000e+00
5200,17,3.500000000000000e-03,3.499999999999999e-03,8.673617379884035e-19
5200,18,3.000000000000000e-03,2.999999999999999e-03,1.301042606982605e-18
5200,19,-2.500000000000000e-03,-2.499999999999992e-03,-8.239936510889834e-18
5200,20,2.000000000000000e-03,1.999999999999999e-03,8.673617379884035e-19
5200,21,1.800000000000000e-03,1.799999999999998e-03,1.734723475976807e-18
5200,22,-1.500000000000000e-03,-1.499999999999999e-03,-6.505213034913027e-19
5200,23,1.200000000000000e-03,1.200000000000016e-03,-1.647987302177967e-17
5200,24,1.000000000000000e-03,9.999999999999963e-04,3.686287386450715e-18
5200,25,-8.000000000000000e-04,-7.999999999999958e-04,-4.228388472693467e-18
5200,26,5.999999999999999e-04,5.999999999999814e-04,1.853985714950213e-17
5200,27,5.000000000000000e-04,4.999999999999965e-04,3.469446951953614e-18
5200,28,-4.000000000000000e-04,-3.999999999999960e-04,-4.011548038196366e-18
5200,29,3.000000000000000e-04,3.000000000000073e-04,-7.318364664277155e-18
5300,0,1.200000000000000e-01,1.200000000000000e-01,1.387778780781446e-17
5300,1,-8.000000000000000e-02,-8.000000000000002e-02,1.387778780781446e-17
5300,2,5.500000000000000e-02,5.500000000000002e-02,-2.081668171172169e-17
5300,3,4.000000000000000e-02,3.999999999999999e-02,1.387778780781446e-17
5300,4,-3.000000000000000e-02,-2.999999999999999e-02,-1.040834085586084e-17
5300,5,2.500000000000000e-02,2.500000000000001e-02,-1.040834085586084e-17
5300,6,2.000000000000000e-02,2.000000000000002e-02,-2.081668171172169e-17
5300,7,-1.800000000000000e-02,-1.800000000000001e-02,1.387778780781446e-17
5300,8,1.500000000000000e-02,1.500000000000001e-02,-1.214306433183765e-17
5300,9,1.200000000000000e-02,1.200000000000000e-02,0.000000000000000e+00
5300,10,-1.000000000000000e-02,-1.000000000000002e-02,1.561251128379126e-17
5300,11,8.999999999999999e-03,8.999999999999992e-03,6.938893903907228e-18
5300,12,8.000000000000000e-03,8.000000000000011e-03,-1.040834085586084e-17
5300,13,-7.000000000000000e-03,-6.999999999999996e-03,-4.336808689942018e-18
5300,14,6.000000000000000e-03,6.000000000000023e-03,-2.255140518769849e-17
5300,15,5.000000000000000e-03,4.999999999999998e-03,2.602085213965211e-18
5300,16,-4.000000000000000e-03,-3.999999999999986e-03,-1.387778780781446e-17
5300,17,3.500000000000000e-03,3.499999999999984e-03,1.561251128379126e-17
5300,18,3.000000000000000e-03,2.999999999999990e-03,1.040834085586084e-17
5300,19,-2.500000000000000e-03,-2.499999999999999e-03,-1.301042606982605e-18
5300,20,2.000000000000000e-03,2.000000000000010e-03,-1.040834085586084e-17
5300,21,1.800000000000000e-03,1.799999999999991e-03,9.107298248878237e-18
5300,22,-1.500000000000000e-03,-1.499999999999992e-03,-7.589415207398531e-18
5300,23,1.200000000000000e-03,1.200000000000009e-03,-8.890457814381136e-18
5300,24,1.000000000000000e-03,9.999999999999959e-04,4.119968255444917e-18
5300,25,-8.000000000000000e-04,-8.000000000000263e-04,2.623769257414921e-17
5300,26,5.999999999999999e-04,5.999999999999991e-04,8.673617379884035e-19
5300,27,5.000000000000000e-04,5.000000000000122e-04,-1.214306433183765e-17
5300,28,-4.000000000000000e-04,-3.999999999999875e-04,-1.252253509220758e-17
5300,29,3.000000000000000e-04,2.999999999999937e-04,6.288372600415926e-18
5400,0,1.200000000000000e-01,1.200000000000000e-01,1.387778780781446e-17
5400,1,-8.000000000000000e-02,-8.000000000000000e-02,0.000000000000000e+00
5400,2,5.500000000000000e-02,5.500000000000001e-02,-1.387778780781446e-17
5400,3,4.000000000000000e-02,4.000000000000000e-02,0.000000000000000e+00
5400,4,-3.000000000000000e-02,-2.999999999999999e-02,-6.938893903907228e-18
5400,5,2.500000000000000e-02,2.500000000000000e-02,3.469446951953614e-18
5400,6,2.000000000000000e-02,1.999999999999999e-02,1.040834085586084e-17
5400,7,-1.800000000000000e-02,-1.800000000000000e-02,3.469446951953614e-18
5400,8,1.500000000000000e-02,1.500000000000000e-02,1.734723475976807e-18
5400,9,1.200000000000000e-02,1.200000000000000e-02,1.734723475976807e-18
5400,10,-1.000000000000000e-02,-9.999999999999995e-03,-5.204170427930421e-18
5400,11,8.999999999999999e-03,9.000000000000010e-03,-1.040834085586084e-17
5400,12,8.000000000000000e-03,8.000000000000005e-03,-5.204170427930421e-18
5400,13,-7.000000000000000e-03,-6.999999999999992e-03,-7.806255641895632e-18
5400,14,6.000000000000000e-03,6.000000000000002e-03,-1.734723475976807e-18
5400,15,5.000000000000000e-03,4.999999999999997e-03,3.469446951953614e-18
5400,16,-4.000000000000000e-03,-3.999999999999991e-03,-8.673617379884035e-18
5400,17,3.500000000000000e-03,3.500000000000004e-03,-4.336808689942018e-18
5400,18,3.000000000000000e-03,3.000000000000004e-03,-3.469446951953614e-18
5400,19,-2.500000000000000e-03,-2.499999999999986e-03,-1.431146867680866e-17
5400,20,2.000000000000000e-03,2.000000000000009e-03,-9.107298248878237e-18
5400,21,1.800000000000000e-03,1.800000000000001e-03,-8.673617379884035e-19
5400,22,-1.500000000000000e-03,-1.500000000000000e-03,-2.168404344971009e-19
5400,23,1.200000000000000e-03,1.200000000000001e-03,-1.301042606982605e-18
5400,24,1.000000000000000e-03,1.000000000000001e-03,-1.084202172485504e-18
5400,25,-8.000000000000000e-04,-7.999999999999931e-04,-6.938893903907228e-18
5400,26,5.999999999999999e-04,6.000000000000137e-04,-1.376936759056591e-17
5400,27,5.000000000000000e-04,5.000000000000066e-04,-6.613633252161577e-18
5400,28,-4.000000000000000e-04,-4.000000000000021e-04,2.114194236346734e-18
5400,29,3.000000000000000e-04,3.000000000000013e-04,-1.355252715606881e-18
5500,0,1.200000000000000e-01,1.200000000000000e-01,2.775557561562891e-17
5500,1,-8.000000000000000e-02,-8.000000000000002e-02,1.387778780781446e-17
5500,2,5.500000000000000e-02,5.499999999999999e-02,1.387778780781446e-17
5500,3,4.000000000000000e-02,4.000000000000000e-02,0.000000000000000e+00
5500,4,-3.000000000000000e-02,-2.999999999999999e-02,-6.938893903907228e-18
5500,5,2.500000000000000e-02,2.499999999999999e-02,1.387778780781446e-17
5500,6,2.000000000000000e-02,2.000000000000001e-02,-6.938893903907228e-18
5500,7,-1.800000000000000e-02,-1.800000000000001e-02,1.040834085586084e-17
5500,8,1.500000000000000e-02,1.500000000000001e-02,-6.938893903907228e-18
5500,9,1.200000000000000e-02,1.199999999999998e-02,2.081668171172169e-17
5500,10,-1.000000000000000e-02,-9.999999999999990e-03,-1.040834085586084e-17
5500,11,8.999999999999999e-03,8.999999999999979e-03,2.081668171172169e-17
5500,12,8.000000000000000e-03,8.000000000000011e-03,-1.040834085586084e-17
5500,13,-7.000000000000000e-03,-7.000000000000011e-03,1.127570259384925e-17
5500,14,6.000000000000000e-03,6.000000000000000e-03,0.000000000000000e+00
5500,15,5.000000000000000e-03,4.999999999999997e-03,3.469446951953614e-18
5500,16,-4.000000000000000e-03,-4.000000000000006e-03,6.071532165918825e-18
5500,17,3.500000000000000e-03,3.499999999999998e-03,1.734723475976807e-18
5500,18,3.000000000000000e-03,2.999999999999988e-03,1.170938346284345e-17
5500,19,-2.500000000000000e-03,-2.500000000000002e-03,2.168404344971009e-18
5500,20,2.000000000000000e-03,2.000000000000013e-03,-1.257674520083185e-17
5500,21,1.800000000000000e-03,1.799999999999990e-03,9.974659986866641e-18
5500,22,-1.500000000000000e-03,-1.500000000000020e-03,1.951563910473908e-17
5500,23,1.200000000000000e-03,1.199999999999999e-03,6.505213034913027e-19
5500,24,1.000000000000000e-03,9.999999999999974e-04,2.602085213965211e-18
5500,25,-8.000000000000000e-04,-8.000000000000086e-04,8.565197162635485e-18
5500,26,5.999999999999999e-04,5.999999999999904e-04,9.540979117872439e-18
5500,27,5.000000000000000e-04,5.000000000000102e-04,-1.019150042136374e-17
5500,28,-4.000000000000000e-04,-4.000000000000047e-04,4.716279450311944e-18
5500,29,3.000000000000000e-04,2.999999999999946e-04,5.421010862427522e-18
5600,0,1.200000000000000e-01,1.200000000000000e-01,0.000000000000000e+00
5600,1,-8.000000000000000e-02,-7.999999999999999e-02,-1.387778780781446e-17
5600,2,5.500000000000000e-02,5.500000000000001e-02,-6.938893903907228e-18
5600,3,4.000000000000000e-02,4.000000000000000e-02,0.000000000000000e+00
5600,4,-3.000000000000000e-02,-3.000000000000000e-02,0.000000000000000e+00
5600,5,2.500000000000000e-02,2.500000000000001e-02,-1.040834085586084e-17
5600,6,2.000000000000000e-02,2.000000000000002e-02,-1.734723475976807e-17
5600,7,-1.800000000000000e-02,-1.800000000000000e-02,3.469446951953614e-18
5600,8,1.500000000000000e-02,1.500000000000001e-02,-8.673617379884035e-18
5600,9,1.200000000000000e-02,1.200000000000001e-02,-8.673617379884035e-18
5600,10,-1.000000000000000e-02,-9.999999999999990e-03,-1.040834085586084e-17
5600,11,8.999999999999999e-03,9.000000000000001e-03,-1.734723475976807e-18
5600,12,8.000000000000000e-03,7.999999999999998e-03,1.734723475976807e-18
5600,13,-7.000000000000000e-03,-7.000000000000017e-03,1.734723475976807e-17
5600,14,6.000000000000000e-03,5.999999999999998e-03,2.602085213965211e-18
5600,15,5.000000000000000e-03,5.000000000000002e-03,-1.734723475976807e-18
5600,16,-4.000000000000000e-03,-4.000000000000006e-03,6.071532165918825e-18
5600,17,3.500000000000000e-03,3.499999999999992e-03,8.239936510889834e-18
5600,18,3.000000000000000e-03,2.999999999999988e-03,1.170938346284345e-17
5600,19,-2.500000000000000e-03,-2.499999999999991e-03,-8.673617379884035e-18
5600,20,2.000000000000000e-03,2.000000000000000e-03,4.336808689942018e-19
5600,21,1.800000000000000e-03,1.800000000000000e-03,2.168404344971009e-19
5600,22,-1.500000000000000e-03,-1.500000000000006e-03,5.854691731421724e-18
5600,23,1.200000000000000e-03,1.199999999999989e-03,1.127570259384925e-17
5600,24,1.000000000000000e-03,9.999999999999883e-04,1.170938346284345e-17
5600,25,-8.000000000000000e-04,-7.999999999999901e-04,-9.974659986866641e-18
5600,26,5.999999999999999e-04,5.999999999999981e-04,1.843143693225358e-18
5600,27,5.000000000000000e-04,5.000000000000062e-04,-6.179952383167375e-18
5600,28,-4.000000000000000e-04,-3.999999999999942e-04,-5.854691731421724e-18
5600,29,3.000000000000000e-04,3.000000000000059e-04,-5.908901840045999e-18
5700,0,1.200000000000000e-01,1.200000000000000e-01,-2.775557561562891e-17
5700,1,-8.000000000000000e-02,-7.999999999999999e-02,-1.387778780781446e-17
5700,2,5.500000000000000e-02,5.500000000000001e-02,-1.387778780781446e-17
5700,3,4.000000000000000e-02,3.999999999999999e-02,1.387778780781446e-17
5700,4,-3.000000000000000e-02,-2.999999999999999e-02,-6.938893903907228e-18
5700,5,2.500000000000000e-02,2.500000000000001e-02,-6.938893903907228e-18
5700,6,2.000000000000000e-02,2.000000000000001e-02,-1.040834085586084e-17
5700,7,-1.800000000000000e-02,-1.800000000000000e-02,-3.469446951953614e-18
5700,8,1.500000000000000e-02,1.500000000000000e-02,-1.734723475976807e-18
5700,9,1.200000000000000e-02,1.199999999999999e-02,1.214306433183765e-17
5700,10,-1.000000000000000e-02,-9.999999999999995e-03,-5.204170427930421e-18
5700,11,8.999999999999999e-03,9.000000000000017e-03,-1.734723475976807e-17
5700,12,8.000000000000000e-03,8.000000000000007e-03,-6.938893903907228e-18
5700,13,-7.000000000000000e-03,-6.999999999999998e-03,-2.602085213965211e-18
5700,14,6.000000000000000e-03,6.000000000000006e-03,-6.071532165918825e-18
5700,15,5.000000000000000e-03,4.999999999999985e-03,1.474514954580286e-17
5700,16,-4.000000000000000e-03,-4.000000000000000e-03,0.000000000000000e+00
5700,17,3.500000000000000e-03,3.499999999999991e-03,9.540979117872439e-18
5700,18,3.000000000000000e-03,2.999999999999998e-03,2.168404344971009e-18
5700,19,-2.500000000000000e-03,-2.500000000000007e-03,6.505213034913027e-18
5700,20,2.000000000000000e-03,2.000000000000016e-03,-1.604619215278547e-17
5700,21,1.800000000000000e-03,1.799999999999999e-03,6.505213034913027e-19
5700,22,-1.500000000000000e-03,-1.499999999999997e-03,-3.252606517456513e-18
5700,23,1.200000000000000e-03,1.199999999999989e-03,1.084202172485504e-17
5700,24,1.000000000000000e-03,9.999999999999868e-04,1.322726650432315e-17
5700,25,-8.000000000000000e-04,-8.000000000000069e-04,6.830473686658678e-18
5700,26,5.999999999999999e-04,5.999999999999991e-04,8.673617379884035e-19
5700,27,5.000000000000000e-04,5.000000000000172e-04,-1.723881454251952e-17
5700,28,-4.000000000000000e-04,-4.000000000000029e-04,2.927345865710862e-18
5700,29,3.000000000000000e-04,3.000000000000213e-04,-2.130457268934016e-17
5800,0,1.200000000000000e-01,1.200000000000000e-01,-2.775557561562891e-17
5800,1,-8.000000000000000e-02,-8.000000000000003e-02,2.775557561562891e-17
5800,2,5.500000000000000e-02,5.500000000000001e-02,-1.387778780781446e-17
5800,3,4.000000000000000e-02,4.000000000000001e-02,-1.387778780781446e-17
5800,4,-3.000000000000000e-02,-2.999999999999999e-02,-1.387778780781446e-17
5800,5,2.500000000000000e-02,2.500000000000003e-02,-2.428612866367530e-17
5800,6,2.000000000000000e-02,1.999999999999999e-02,1.040834085586084e-17
5800,7,-1.800000000000000e-02,-1.800000000000001e-02,1.040834085586084e-17
5800,8,1.500000000000000e-02,1.500000000000002e-02,-1.734723475976807e-17
5800,9,1.200000000000000e-02,1.199999999999999e-02,6.938893903907228e-18
5800,10,-1.000000000000000e-02,-1.000000000000000e-02,3.469446951953614e-18
5800,11,8.999999999999999e-03,8.999999999999985e-03,1.387778780781446e-17
5800,12,8.000000000000000e-03,8.000000000000007e-03,-6.938893903907228e-18
5800,13,-7.000000000000000e-03,-7.000000000000013e-03,1.301042606982605e-17
5800,14,6.000000000000000e-03,5.999999999999972e-03,2.775557561562891e-17
5800,15,5.000000000000000e-03,4.999999999999980e-03,1.994931997373328e-17
5800,16,-4.000000000000000e-03,-3.999999999999989e-03,-1.127570259384925e-17
5800,17,3.500000000000000e-03,3.500000000000010e-03,-9.974659986866641e-18
5800,18,3.000000000000000e-03,2.999999999999992e-03,8.239936510889834e-18
5800,19,-2.500000000000000e-03,-2.499999999999997e-03,-3.469446951953614e-18
5800,20,2.000000000000000e-03,2.000000000000000e-03,0.000000000000000e+00
5800,21,1.800000000000000e-03,1.799999999999990e-03,9.540979117872439e-18
5800,22,-1.500000000000000e-03,-1.500000000000001e-03,1.301042606982605e-18
5800,23,1.200000000000000e-03,1.199999999999986e-03,1.366094737331736e-17
5800,24,1.000000000000000e-03,1.000000000000006e-03,-6.071532165918825e-18
5800,25,-8.000000000000000e-04,-7.999999999999874e-04,-1.268516541808040e-17
5800,26,5.999999999999999e-04,6.000000000000118e-04,-1.181780368009200e-17
5800,27,5.000000000000000e-04,5.000000000000159e-04,-1.593777193553692e-17
5800,28,-4.000000000000000e-04,-3.999999999999963e-04,-3.740497495074990e-18
5800,29,3.000000000000000e-04,2.999999999999638e-04,3.615814245239157e-17
5900,0,1.200000000000000e-01,1.200000000000000e-01,1.387778780781446e-17
5900,1,-8.000000000000000e-02,-8.000000000000002e-02,1.387778780781446e-17
5900,2,5.500000000000000e-02,5.500000000000001e-02,-6.938893903907228e-18
5900,3,4.000000000000000e-02,4.000000000000000e-02,0.000000000000000e+00
5900,4,-3.000000000000000e-02,-3.000000000000000e-02,0.000000000000000e+00
5900,5,2.500000000000000e-02,2.500000000000000e-02,0.000000000000000e+00
5900,6,2.000000000000000e-02,2.000000000000000e-02,3.469446951953614e-18
5900,7,-1.800000000000000e-02,-1.800000000000002e-02,1.734723475976807e-17
5900,8,1.500000000000000e-02,1.500000000000000e-02,-3.469446951953614e-18
5900,9,1.200000000000000e-02,1.199999999999999e-02,1.387778780781446e-17
5900,10,-1.000000000000000e-02,-1.000000000000000e-02,1.734723475976807e-18
5900,11,8.999999999999999e-03,9.000000000000006e-03,-6.938893903907228e-18
5900,12,8.000000000000000e-03,8.000000000000002e-03,-1.734723475976807e-18
5900,13,-7.000000000000000e-03,-6.999999999999993e-03,-6.938893903907228e-18
5900,14,6.000000000000000e-03,5.999999999999997e-03,3.469446951953614e-18
5900,15,5.000000000000000e-03,4.999999999999993e-03,6.938893903907228e-18
5900,16,-4.000000000000000e-03,-3.999999999999997e-03,-3.469446951953614e-18
5900,17,3.500000000000000e-03,3.499999999999993e-03,7.372574772901430e-18
5900,18,3.000000000000000e-03,3.000000000000003e-03,-3.035766082959412e-18
5900,19,-2.500000000000000e-03,-2.500000000000013e-03,1.344410693882025e-17
5900,20,2.000000000000000e-03,2.000000000000007e-03,-6.938893903907228e-18
5900,21,1.800000000000000e-03,1.799999999999986e-03,1.387778780781446e-17
5900,22,-1.500000000000000e-03,-1.500000000000006e-03,5.854691731421724e-18
5900,23,1.200000000000000e-03,1.199999999999996e-03,3.469446951953614e-18
5900,24,1.000000000000000e-03,9.999999999999994e-04,6.505213034913027e-19
5900,25,-8.000000000000000e-04,-7.999999999999978e-04,-2.276824562219559e-18
5900,26,5.999999999999999e-04,6.000000000000024e-04,-2.493664996716660e-18
5900,27,5.000000000000000e-04,5.000000000000025e-04,-2.493664996716660e-18
5900,28,-4.000000000000000e-04,-4.000000000000020e-04,2.005774019098183e-18
5900,29,3.000000000000000e-04,2.999999999999933e-04,6.722053469410127e-18
6000,0,1.200000000000000e-01,1.200000000000000e-01,0.000000000000000e+00
6000,1,-8.000000000000000e-02,-8.000000000000003e-02,2.775557561562891e-17
6000,2,5.500000000000000e-02,5.500000000000001e-02,-6.938893903907228e-18
6000,3,4.000000000000000e-02,4.000000000000000e-02,0.000000000000000e+00
6000,4,-3.000000000000000e-02,-3.000000000000002e-02,2.428612866367530e-17
6000,5,2.500000000000000e-02,2.500000000000000e-02,3.469446951953614e-18
6000,6,2.000000000000000e-02,2.000000000000001e-02,-1.387778780781446e-17
6000,7,-1.800000000000000e-02,-1.799999999999999e-02,-6.938893903907228e-18
6000,8,1.500000000000000e-02,1.500000000000001e-02,-1.387778780781446e-17
6000,9,1.200000000000000e-02,1.200000000000001e-02,-5.204170427930421e-18
6000,10,-1.000000000000000e-02,-1.000000000000001e-02,5.204170427930421e-18
6000,11,8.999999999999999e-03,9.000000000000006e-03,-6.938893903907228e-18
6000,12,8.000000000000000e-03,8.000000000000000e-03,0.000000000000000e+00
6000,13,-7.000000000000000e-03,-7.000000000000004e-03,4.336808689942018e-18
6000,14,6.000000000000000e-03,6.000000000000011e-03,-1.127570259384925e-17
6000,15,5.000000000000000e-03,5.000000000000002e-03,-1.734723475976807e-18
6000,16,-4.000000000000000e-03,-4.000000000000005e-03,5.204170427930421e-18
6000,17,3.500000000000000e-03,3.499999999999990e-03,9.974659986866641e-18
6000,18,3.000000000000000e-03,2.999999999999999e-03,1.301042606982605e-18
6000,19,-2.500000000000000e-03,-2.499999999999989e-03,-1.084202172485504e-17
6000,20,2.000000000000000e-03,1.999999999999999e-03,1.301042606982605e-18
6000,21,1.800000000000000e-03,1.800000000000001e-03,-6.505213034913027e-19
6000,22,-1.500000000000000e-03,-1.500000000000004e-03,4.336808689942018e-18
6000,23,1.200000000000000e-03,1.200000000000004e-03,-4.553649124439119e-18
6000,24,1.000000000000000e-03,1.000000000000010e-03,-9.757819552369540e-18
6000,25,-8.000000000000000e-04,-8.000000000000014e-04,1.409462824231156e-18
6000,26,5.999999999999999e-04,5.999999999999962e-04,3.794707603699266e-18
6000,27,5.000000000000000e-04,4.999999999999963e-04,3.686287386450715e-18
6000,28,-4.000000000000000e-04,-4.000000000000093e-04,9.324138683375338e-18
6000,29,3.000000000000000e-04,3.000000000000044e-04,-4.391018798566293e-18
6100,0,1.200000000000000e-01,1.200000000000000e-01,2.775557561562891e-17
6100,1,-8.000000000000000e-02,-8.000000000000003e-02,2.775557561562891e-17
6100,2,5.500000000000000e-02,5.500000000000001e-02,-1.387778780781446e-17
6100,3,4.000000000000000e-02,4.000000000000001e-02,-6.938893903907228e-18
6100,4,-3.000000000000000e-02,-3.000000000000000e-02,0.000000000000000e+00
6100,5,2.500000000000000e-02,2.499999999999997e-02,3.469446951953614e-17
6100,6,2.000000000000000e-02,1.999999999999997e-02,2.775557561562891e-17
6100,7,-1.800000000000000e-02,-1.800000000000001e-02,1.040834085586084e-17
6100,8,1.500000000000000e-02,1.500000000000000e-02,-5.204170427930421e-18
6100,9,1.200000000000000e-02,1.200000000000002e-02,-2.081668171172169e-17
6100,10,-1.000000000000000e-02,-1.000000000000000e-02,3.469446951953614e-18
6100,11,8.999999999999999e-03,8.999999999999992e-03,6.938893903907228e-18
6100,12,8.000000000000000e-03,8.000000000000012e-03,-1.214306433183765e-17
6100,13,-7.000000000000000e-03,-6.999999999999993e-03,-6.938893903907228e-18
6100,14,6.000000000000000e-03,5.999999999999996e-03,4.336808689942018e-18
6100,15,5.000000000000000e-03,4.999999999999992e-03,7.806255641895632e-18
6100,16,-4.000000000000000e-03,-4.000000000000012e-03,1.214306433183765e-17
6100,17,3.500000000000000e-03,3.499999999999987e-03,1.344410693882025e-17
6100,18,3.000000000000000e-03,2.999999999999999e-03,1.301042606982605e-18
6100,19,-2.500000000000000e-03,-2.499999999999997e-03,-3.469446951953614e-18
6100,20,2.000000000000000e-03,1.999999999999986e-03,1.431146867680866e-17
6100,21,1.800000000000000e-03,1.800000000000018e-03,-1.843143693225358e-17
6100,22,-1.500000000000000e-03,-1.499999999999989e-03,-1.084202172485504e-17
6100,23,1.200000000000000e-03,1.199999999999979e-03,2.081668171172169e-17
6100,24,1.000000000000000e-03,1.000000000000027e-03,-2.667137344314341e-17
6100,25,-8.000000000000000e-04,-7.999999999999789e-04,-2.114194236346734e-17
6100,26,5.999999999999999e-04,6.000000000000015e-04,-1.517883041479706e-18
6100,27,5.000000000000000e-04,4.999999999999806e-04,1.940721888749053e-17
6100,28,-4.000000000000000e-04,-4.000000000000190e-04,1.897353801849633e-17
6100,29,3.000000000000000e-04,3.000000000000023e-04,-2.331034670843835e-18
6200,0,1.200000000000000e-01,1.200000000000000e-01,1.387778780781446e-17
6200,1,-8.000000000000000e-02,-8.000000000000000e-02,0.000000000000000e+00
6200,2,5.500000000000000e-02,5.499999999999999e-02,1.387778780781446e-17
6200,3,4.000000000000000e-02,4.000000000000001e-02,-1.387778780781446e-17
6200,4,-3.000000000000000e-02,-2.999999999999998e-02,-1.734723475976807e-17
6200,5,2.500000000000000e-02,2.500000000000002e-02,-1.387778780781446e-17
6200,6,2.000000000000000e-02,2.000000000000001e-02,-6.938893903907228e-18
6200,7,-1.800000000000000e-02,-1.799999999999999e-02,-1.040834085586084e-17
6200,8,1.500000000000000e-02,1.500000000000000e-02,0.000000000000000e+00
6200,9,1.200000000000000e-02,1.200000000000000e-02,3.469446951953614e-18
6200,10,-1.000000000000000e-02,-9.999999999999992e-03,-8.673617379884035e-18
6200,11,8.999999999999999e-03,8.999999999999998e-03,1.734723475976807e-18
6200,12,8.000000000000000e-03,8.000000000000000e-03,0.000000000000000e+00
6200,13,-7.000000000000000e-03,-6.999999999999987e-03,-1.301042606982605e-17
6200,14,6.000000000000000e-03,5.999999999999997e-03,3.469446951953614e-18
6200,15,5.000000000000000e-03,4.999999999999992e-03,7.806255641895632e-18
6200,16,-4.000000000000000e-03,-4.000000000000007e-03,6.938893903907228e-18
6200,17,3.500000000000000e-03,3.500000000000007e-03,-6.938893903907228e-18
6200,18,3.000000000000000e-03,2.999999999999993e-03,7.372574772901430e-18
6200,19,-2.500000000000000e-03,-2.500000000000008e-03,8.239936510889834e-18
6200,20,2.000000000000000e-03,1.999999999999992e-03,7.806255641895632e-18
6200,21,1.800000000000000e-03,1.800000000000008e-03,-8.239936510889834e-18
6200,22,-1.500000000000000e-03,-1.500000000000030e-03,3.035766082959412e-17
6200,23,1.200000000000000e-03,1.199999999999999e-03,1.084202172485504e-18
6200,24,1.000000000000000e-03,1.000000000000002e-03,-2.385244779468110e-18
6200,25,-8.000000000000000e-04,-8.000000000000039e-04,3.903127820947816e-18
6200,26,5.999999999999999e-04,5.999999999999899e-04,1.008308020411519e-17
6200,27,5.000000000000000e-04,4.999999999999965e-04,3.469446951953614e-18
6200,28,-4.000000000000000e-04,-3.999999999999845e-04,-1.555830117516699e-17
6200,29,3.000000000000000e-04,2.999999999999956e-04,4.391018798566293e-18
6300,0,1.200000000000000e-01,1.200000000000000e-01,1.387778780781446e-17
6300,1,-8.000000000000000e-02,-8.000000000000002e-02,1.387778780781446e-17
6300,2,5.500000000000000e-02,5.500000000000000e-02,0.000000000000000e+00
6300,3,4.000000000000000e-02,3.999999999999999e-02,1.387778780781446e-17
6300,4,-3.000000000000000e-02,-3.000000000000000e-02,-3.469446951953614e-18
6300,5,2.500000000000000e-02,2.500000000000000e-02,3.469446951953614e-18
6300,6,2.000000000000000e-02,1.999999999999999e-02,6.938893903907228e-18
6300,7,-1.800000000000000e-02,-1.799999999999999e-02,-6.938893903907228e-18
6300,8,1.500000000000000e-02,1.500000000000000e-02,1.734723475976807e-18
6300,9,1.200000000000000e-02,1.200000000000000e-02,1.734723475976807e-18
6300,10,-1.000000000000000e-02,-9.999999999999998e-03,-1.734723475976807e-18
6300,11,8.999999999999999e-03,9.000000000000006e-03,-6.938893903907228e-18
6300,12,8.000000000000000e-03,7.999999999999995e-03,5.204170427930421e-18
6300,13,-7.000000000000000e-03,-7.000000000000004e-03,4.336808689942018e-18
6300,14,6.000000000000000e-03,6.000000000000000e-03,0.000000000000000e+00
6300,15,5.000000000000000e-03,4.999999999999991e-03,8.673617379884035e-18
6300,16,-4.000000000000000e-03,-4.000000000000014e-03,1.387778780781446e-17
6300,17,3.500000000000000e-03,3.500000000000005e-03,-4.770489558936220e-18
6300,18,3.000000000000000e-03,2.999999999999999e-03,1.301042606982605e-18
6300,19,-2.500000000000000e-03,-2.500000000000013e-03,1.257674520083185e-17
6300,20,2.000000000000000e-03,2.000000000000002e-03,-1.734723475976807e-18
6300,21,1.800000000000000e-03,1.800000000000009e-03,-9.324138683375338e-18
6300,22,-1.500000000000000e-03,-1.499999999999997e-03,-3.252606517456513e-18
6300,23,1.200000000000000e-03,1.200000000000006e-03,-6.071532165918825e-18
6300,24,1.000000000000000e-03,1.000000000000006e-03,-6.071532165918825e-18
6300,25,-8.000000000000000e-04,-7.999999999999911e-04,-8.890457814381136e-18
6300,26,5.999999999999999e-04,5.999999999999903e-04,9.649399335120989e-18
6300,27,5.000000000000000e-04,4.999999999999982e-04,1.843143693225358e-18
6300,28,-4.000000000000000e-04,-4.000000000000026e-04,2.547875105340935e-18
6300,29,3.000000000000000e-04,3.000000000000104e-04,-1.040834085586084e-17
6400,0,1.200000000000000e-01,1.200000000000000e-01,0.000000000000000e+00
6400,1,-8.000000000000000e-02,-7.999999999999997e-02,-2.775557561562891e-17
6400,2,5.500000000000000e-02,5.500000000000001e-02,-1.387778780781446e-17
6400,3,4.000000000000000e-02,4.000000000000000e-02,0.000000000000000e+00
6400,4,-3.000000000000000e-02,-2.999999999999998e-02,-1.734723475976807e-17
6400,5,2.500000000000000e-02,2.500000000000001e-02,-6.938893903907228e-18
6400,6,2.000000000000000e-02,2.000000000000000e-02,-3.469446951953614e-18
6400,7,-1.800000000000000e-02,-1.799999999999999e-02,-6.938893903907228e-18
6400,8,1.500000000000000e-02,1.500000000000002e-02,-1.734723475976807e-17
6400,9,1.200000000000000e-02,1.200000000000001e-02,-1.214306433183765e-17
6400,10,-1.000000000000000e-02,-1.000000000000001e-02,6.938893903907228e-18
6400,11,8.999999999999999e-03,8.999999999999982e-03,1.734723475976807e-17
6400,12,8.000000000000000e-03,7.999999999999993e-03,6.938893903907228e-18
6400,13,-7.000000000000000e-03,-7.000000000000014e-03,1.387778780781446e-17
6400,14,6.000000000000000e-03,5.999999999999998e-03,2.602085213965211e-18
6400,15,5.000000000000000e-03,4.999999999999988e-03,1.214306433183765e-17
6400,16,-4.000000000000000e-03,-3.999999999999992e-03,-7.806255641895632e-18
6400,17,3.500000000000000e-03,3.500000000000010e-03,-9.540979117872439e-18
6400,18,3.000000000000000e-03,2.999999999999988e-03,1.170938346284345e-17
6400,19,-2.500000000000000e-03,-2.500000000000000e-03,-4.336808689942018e-19
6400,20,2.000000000000000e-03,2.000000000000007e-03,-7.372574772901430e-18
6400,21,1.800000000000000e-03,1.800000000000000e-03,0.000000000000000e+00
6400,22,-1.500000000000000e-03,-1.499999999999992e-03,-7.806255641895632e-18
6400,23,1.200000000000000e-03,1.199999999999999e-03,6.505213034913027e-19
6400,24,1.000000000000000e-03,9.999999999999968e-04,3.252606517456513e-18
6400,25,-8.000000000000000e-04,-8.000000000000170e-04,1.691355389077387e-17
6400,26,5.999999999999999e-04,5.999999999999939e-04,6.071532165918825e-18
6400,27,5.000000000000000e-04,5.000000000000033e-04,-3.252606517456513e-18
6400,28,-4.000000000000000e-04,-3.999999999999936e-04,-6.451002926288751e-18
6400,29,3.000000000000000e-04,3.000000000000122e-04,-1.225148454908620e-17
6500,0,1.200000000000000e-01,1.200000000000000e-01,1.387778780781446e-17
6500,1,-8.000000000000000e-02,-8.000000000000000e-02,0.000000000000000e+00
6500,2,5.500000000000000e-02,5.499999999999999e-02,6.938893903907228e-18
6500,3,4.000000000000000e-02,4.000000000000000e-02,0.000000000000000e+00
6500,4,-3.000000000000000e-02,-3.000000000000000e-02,0.000000000000000e+00
6500,5,2.500000000000000e-02,2.500000000000000e-02,0.000000000000000e+00
6500,6,2.000000000000000e-02,1.999999999999998e-02,2.081668171172169e-17
6500,7,-1.800000000000000e-02,-1.800000000000001e-02,1.040834085586084e-17
6500,8,1.500000000000000e-02,1.500000000000000e-02,0.000000000000000e+00
6500,9,1.200000000000000e-02,1.200000000000000e-02,1.734723475976807e-18
6500,10,-1.000000000000000e-02,-1.000000000000001e-02,5.204170427930421e-18
6500,11,8.999999999999999e-03,8.999999999999998e-03,1.734723475976807e-18
6500,12,8.000000000000000e-03,7.999999999999998e-03,1.734723475976807e-18
6500,13,-7.000000000000000e-03,-7.000000000000015e-03,1.474514954580286e-17
6500,14,6.000000000000000e-03,6.000000000000003e-03,-2.602085213965211e-18
6500,15,5.000000000000000e-03,4.999999999999985e-03,1.474514954580286e-17
6500,16,-4.000000000000000e-03,-3.999999999999997e-03,-3.469446951953614e-18
6500,17,3.500000000000000e-03,3.499999999999991e-03,8.673617379884035e-18
6500,18,3.000000000000000e-03,3.000000000000010e-03,-1.040834085586084e-17
6500,19,-2.500000000000000e-03,-2.499999999999985e-03,-1.517883041479706e-17
6500,20,2.000000000000000e-03,2.000000000000016e-03,-1.604619215278547e-17
6500,21,1.800000000000000e-03,1.799999999999999e-03,1.084202172485504e-18
6500,22,-1.500000000000000e-03,-1.500000000000006e-03,5.637851296924623e-18
6500,23,1.200000000000000e-03,1.199999999999998e-03,1.517883041479706e-18
6500,24,1.000000000000000e-03,1.000000000000011e-03,-1.062518129035794e-17
6500,25,-8.000000000000000e-04,-8.000000000000011e-04,1.084202172485504e-18
6500,26,5.999999999999999e-04,5.999999999999931e-04,6.830473686658678e-18
6500,27,5.000000000000000e-04,4.999999999999872e-04,1.279358563532895e-17
6500,28,-4.000000000000000e-04,-3.999999999999929e-04,-7.101524229780054e-18
6500,29,3.000000000000000e-04,3.000000000000018e-04,-1.843143693225358e-18
6600,0,1.200000000000000e-01,1.200000000000000e-01,1.387778780781446e-17
6600,1,-8.000000000000000e-02,-8.000000000000000e-02,0.000000000000000e+00
6600,2,5.500000000000000e-02,5.500000000000001e-02,-1.387778780781446e-17
6600,3,4.000000000000000e-02,4.000000000000000e-02,0.000000000000000e+00
6600,4,-3.000000000000000e-02,-2.999999999999999e-02,-1.040834085586084e-17
6600,5,2.500000000000000e-02,2.500000000000001e-02,-6.938893903907228e-18
6600,6,2.000000000000000e-02,1.999999999999998e-02,2.081668171172169e-17
6600,7,-1.800000000000000e-02,-1.800000000000000e-02,3.469446951953614e-18
6600,8,1.500000000000000e-02,1.500000000000001e-02,-1.040834085586084e-17
6600,9,1.200000000000000e-02,1.200000000000001e-02,-1.387778780781446e-17
6600,10,-1.000000000000000e-02,-9.999999999999995e-03,-5.204170427930421e-18
6600,11,8.999999999999999e-03,8.999999999999989e-03,1.040834085586084e-17
6600,12,8.000000000000000e-03,7.999999999999993e-03,6.938893903907228e-18
6600,13,-7.000000000000000e-03,-6.999999999999984e-03,-1.647987302177967e-17
6600,14,6.000000000000000e-03,5.999999999999994e-03,6.071532165918825e-18
6600,15,5.000000000000000e-03,5.000000000000009e-03,-8.673617379884035e-18
6600,16,-4.000000000000000e-03,-3.999999999999992e-03,-7.806255641895632e-18
6600,17,3.500000000000000e-03,3.500000000000003e-03,-3.035766082959412e-18
6600,18,3.000000000000000e-03,3.000000000000000e-03,0.000000000000000e+00
6600,19,-2.500000000000000e-03,-2.500000000000009e-03,8.673617379884035e-18
6600,20,2.000000000000000e-03,1.999999999999979e-03,2.125036258071589e-17
6600,21,1.800000000000000e-03,1.800000000000012e-03,-1.170938346284345e-17
6600,22,-1.500000000000000e-03,-1.499999999999987e-03,-1.257674520083185e-17
6600,23,1.200000000000000e-03,1.200000000000016e-03,-1.626303258728257e-17
6600,24,1.000000000000000e-03,1.000000000000014e-03,-1.431146867680866e-17
6600,25,-8.000000000000000e-04,-7.999999999999828e-04,-1.723881454251952e-17
6600,26,5.999999999999999e-04,5.999999999999841e-04,1.582935171828836e-17
6600,27,5.000000000000000e-04,5.000000000000038e-04,-3.794707603699266e-18
6600,28,-4.000000000000000e-04,-4.000000000000069e-04,6.884683795282953e-18
6600,29,3.000000000000000e-04,3.000000000000028e-04,-2.873135757086587e-18
6700,0,1.200000000000000e-01,1.200000000000000e-01,1.387778780781446e-17
6700,1,-8.000000000000000e-02,-7.999999999999999e-02,-1.387778780781446e-17
6700,2,5.500000000000000e-02,5.500000000000001e-02,-6.938893903907228e-18
6700,3,4.000000000000000e-02,3.999999999999999e-02,6.938893903907228e-18
6700,4,-3.000000000000000e-02,-3.000000000000001e-02,6.938893903907228e-18
6700,5,2.500000000000000e-02,2.499999999999999e-02,6.938893903907228e-18
6700,6,2.000000000000000e-02,1.999999999999999e-02,1.040834085586084e-17
6700,7,-1.800000000000000e-02,-1.800000000000000e-02,0.000000000000000e+00
6700,8,1.500000000000000e-02,1.500000000000002e-02,-2.081668171172169e-17
6700,9,1.200000000000000e-02,1.200000000000003e-02,-2.602085213965211e-17
6700,10,-1.000000000000000e-02,-1.000000000000001e-02,6.938893903907228e-18
6700,11,8.999999999999999e-03,8.999999999999999e-03,0.000000000000000e+00
6700,12,8.000000000000000e-03,7.999999999999997e-03,3.469446951953614e-18
6700,13,-7.000000000000000e-03,-7.000000000000011e-03,1.127570259384925e-17
6700,14,6.000000000000000e-03,6.000000000000003e-03,-2.602085213965211e-18
6700,15,5.000000000000000e-03,5.000000000000000e-03,0.000000000000000e+00
6700,16,-4.000000000000000e-03,-3.999999999999991e-03,-9.540979117872439e-18
6700,17,3.500000000000000e-03,3.499999999999994e-03,6.071532165918825e-18
6700,18,3.000000000000000e-03,2.999999999999987e-03,1.301042606982605e-17
6700,19,-2.500000000000000e-03,-2.499999999999989e-03,-1.127570259384925e-17
6700,20,2.000000000000000e-03,1.999999999999993e-03,7.372574772901430e-18
6700,21,1.800000000000000e-03,1.800000000000002e-03,-1.951563910473908e-18
6700,22,-1.500000000000000e-03,-1.499999999999997e-03,-3.035766082959412e-18
6700,23,1.200000000000000e-03,1.200000000000006e-03,-5.637851296924623e-18
6700,24,1.000000000000000e-03,1.000000000000007e-03,-6.722053469410127e-18
6700,25,-8.000000000000000e-04,-8.000000000000103e-04,1.029992063861229e-17
6700,26,5.999999999999999e-04,6.000000000000058e-04,-5.854691731421724e-18
6700,27,5.000000000000000e-04,5.000000000000010e-04,-9.757819552369540e-19
6700,28,-4.000000000000000e-04,-4.000000000000145e-04,1.447409900268148e-17
6700,29,3.000000000000000e-04,3.000000000000033e-04,-3.306816626080789e-18
6800,0,1.200000000000000e-01,1.200000000000000e-01,-1.387778780781446e-17
6800,1,-8.000000000000000e-02,-8.000000000000002e-02,1.387778780781446e-17
6800,2,5.500000000000000e-02,5.500000000000000e-02,0.000000000000000e+00
6800,3,4.000000000000000e-02,3.999999999999999e-02,1.387778780781446e-17
6800,4,-3.000000000000000e-02,-3.000000000000000e-02,3.469446951953614e-18
6800,5,2.500000000000000e-02,2.499999999999997e-02,3.122502256758253e-17
6800,6,2.000000000000000e-02,1.999999999999999e-02,6.938893903907228e-18
6800,7,-1.800000000000000e-02,-1.799999999999999e-02,-6.938893903907228e-18
6800,8,1.500000000000000e-02,1.500000000000001e-02,-8.673617379884035e-18
6800,9,1.200000000000000e-02,1.200000000000000e-02,-3.469446951953614e-18
6800,10,-1.000000000000000e-02,-1.000000000000001e-02,6.938893903907228e-18
6800,11,8.999999999999999e-03,8.999999999999979e-03,2.081668171172169e-17
6800,12,8.000000000000000e-03,8.000000000000011e-03,-1.040834085586084e-17
6800,13,-7.000000000000000e-03,-6.999999999999989e-03,-1.127570259384925e-17
6800,14,6.000000000000000e-03,6.000000000000011e-03,-1.040834085586084e-17
6800,15,5.000000000000000e-03,4.999999999999998e-03,2.602085213965211e-18
6800,16,-4.000000000000000e-03,-4.000000000000000e-03,0.000000000000000e+00
6800,17,3.500000000000000e-03,3.500000000000006e-03,-6.071532165918825e-18
6800,18,3.000000000000000e-03,3.000000000000011e-03,-1.127570259384925e-17
6800,19,-2.500000000000000e-03,-2.500000000000013e-03,1.257674520083185e-17
6800,20,2.000000000000000e-03,2.000000000000011e-03,-1.084202172485504e-17
6800,21,1.800000000000000e-03,1.800000000000010e-03,-9.974659986866641e-18
6800,22,-1.500000000000000e-03,-1.499999999999999e-03,-1.517883041479706e-18
6800,23,1.200000000000000e-03,1.200000000000012e-03,-1.170938346284345e-17
6800,24,1.000000000000000e-03,9.999999999999976e-04,2.385244779468110e-18
6800,25,-8.000000000000000e-04,-8.000000000000130e-04,1.301042606982605e-17
6800,26,5.999999999999999e-04,6.000000000000049e-04,-4.987329993433320e-18
6800,27,5.000000000000000e-04,5.000000000000254e-04,-2.537033083616080e-17
6800,28,-4.000000000000000e-04,-4.000000000000041e-04,4.119968255444917e-18
6800,29,3.000000000000000e-04,2.999999999999941e-04,5.908901840045999e-18
6900,0,1.200000000000000e-01,1.200000000000000e-01,-1.387778780781446e-17
6900,1,-8.000000000000000e-02,-8.000000000000000e-02,0.000000000000000e+00
6900,2,5.500000000000000e-02,5.500000000000001e-02,-1.387778780781446e-17
6900,3,4.000000000000000e-02,4.000000000000001e-02,-1.387778780781446e-17
6900,4,-3.000000000000000e-02,-3.000000000000000e-02,-3.469446951953614e-18
6900,5,2.500000000000000e-02,2.500000000000000e-02,-3.469446951953614e-18
6900,6,2.000000000000000e-02,2.000000000000000e-02,3.469446951953614e-18
6900,7,-1.800000000000000e-02,-1.800000000000000e-02,3.469446951953614e-18
6900,8,1.500000000000000e-02,1.500000000000000e-02,3.469446951953614e-18
6900,9,1.200000000000000e-02,1.200000000000000e-02,3.469446951953614e-18
6900,10,-1.000000000000000e-02,-1.000000000000001e-02,6.938893903907228e-18
6900,11,8.999999999999999e-03,9.000000000000020e-03,-2.081668171172169e-17
6900,12,8.000000000000000e-03,7.999999999999986e-03,1.387778780781446e-17
6900,13,-7.000000000000000e-03,-7.000000000000001e-03,8.673617379884035e-19
6900,14,6.000000000000000e-03,6.000000000000016e-03,-1.561251128379126e-17
6900,15,5.000000000000000e-03,4.999999999999997e-03,3.469446951953614e-18
6900,16,-4.000000000000000e-03,-4.000000000000012e-03,1.214306433183765e-17
6900,17,3.500000000000000e-03,3.499999999999996e-03,4.336808689942018e-18
6900,18,3.000000000000000e-03,3.000000000000008e-03,-8.239936510889834e-18
6900,19,-2.500000000000000e-03,-2.500000000000008e-03,7.806255641895632e-18
6900,20,2.000000000000000e-03,2.000000000000000e-03,0.000000000000000e+00
6900,21,1.800000000000000e-03,1.799999999999996e-03,3.686287386450715e-18
6900,22,-1.500000000000000e-03,-1.499999999999992e-03,-8.239936510889834e-18
6900,23,1.200000000000000e-03,1.199999999999994e-03,5.421010862427522e-18
6900,24,1.000000000000000e-03,1.000000000000026e-03,-2.645453300864631e-17
6900,25,-8.000000000000000e-04,-7.999999999999988e-04,-1.192622389734055e-18
6900,26,5.999999999999999e-04,6.000000000000056e-04,-5.637851296924623e-18
6900,27,5.000000000000000e-04,4.999999999999917e-04,8.348356728138384e-18
6900,28,-4.000000000000000e-04,-3.999999999999972e-04,-2.818925648462312e-18
6900,29,3.000000000000000e-04,2.999999999999927e-04,7.318364664277155e-18
7000,0,1.200000000000000e-01,1.200000000000000e-01,0.000000000000000e+00
7000,1,-8.000000000000000e-02,-7.999999999999999e-02,-1.387778780781446e-17
7000,2,5.500000000000000e-02,5.500000000000001e-02,-6.938893903907228e-18
7000,3,4.000000000000000e-02,3.999999999999997e-02,2.775557561562891e-17
7000,4,-3.000000000000000e-02,-3.000000000000000e-02,0.000000000000000e+00
7000,5,2.500000000000000e-02,2.500000000000002e-02,-1.734723475976807e-17
7000,6,2.000000000000000e-02,2.000000000000000e-02,0.000000000000000e+00
7000,7,-1.800000000000000e-02,-1.800000000000001e-02,6.938893903907228e-18
7000,8,1.500000000000000e-02,1.499999999999999e-02,6.938893903907228e-18
7000,9,1.200000000000000e-02,1.200000000000001e-02,-1.214306433183765e-17
7000,10,-1.000000000000000e-02,-1.000000000000000e-02,0.000000000000000e+00
7000,11,8.999999999999999e-03,8.999999999999973e-03,2.602085213965211e-17
7000,12,8.000000000000000e-03,8.000000000000018e-03,-1.734723475976807e-17
7000,13,-7.000000000000000e-03,-7.000000000000004e-03,4.336808689942018e-18
7000,14,6.000000000000000e-03,6.000000000000000e-03,0.000000000000000e+00
7000,15,5.000000000000000e-03,5.000000000000004e-03,-4.336808689942018e-18
7000,16,-4.000000000000000e-03,-3.999999999999997e-03,-3.469446951953614e-18
7000,17,3.500000000000000e-03,3.499999999999996e-03,3.903127820947816e-18
7000,18,3.000000000000000e-03,3.000000000000007e-03,-6.505213034913027e-18
7000,19,-2.500000000000000e-03,-2.500000000000011e-03,1.084202172485504e-17
7000,20,2.000000000000000e-03,2.000000000000000e-03,4.336808689942018e-19
7000,21,1.800000000000000e-03,1.800000000000011e-03,-1.127570259384925e-17
7000,22,-1.500000000000000e-03,-1.500000000000003e-03,3.252606517456513e-18
7000,23,1.200000000000000e-03,1.200000000000000e-03,-2.168404344971009e-19
7000,24,1.000000000000000e-03,9.999999999999972e-04,2.818925648462312e-18
7000,25,-8.000000000000000e-04,-8.000000000000008e-04,7.589415207398531e-19
7000,26,5.999999999999999e-04,5.999999999999983e-04,1.626303258728257e-18
7000,27,5.000000000000000e-04,5.000000000000175e-04,-1.745565497701662e-17
7000,28,-4.000000000000000e-04,-3.999999999999999e-04,-1.626303258728257e-19
7000,29,3.000000000000000e-04,3.000000000000013e-04,-1.301042606982605e-18
7100,0,1.200000000000000e-01,1.200000000000000e-01,-1.387778780781446e-17
7100,1,-8.000000000000000e-02,-8.000000000000002e-02,1.387778780781446e-17
7100,2,5.500000000000000e-02,5.500000000000000e-02,0.000000000000000e+00
7100,3,4.000000000000000e-02,3.999999999999999e-02,6.938893903907228e-18
7100,4,-3.000000000000000e-02,-3.000000000000000e-02,0.000000000000000e+00
7100,5,2.500000000000000e-02,2.499999999999999e-02,1.387778780781446e-17
7100,6,2.000000000000000e-02,2.000000000000000e-02,3.469446951953614e-18
7100,7,-1.800000000000000e-02,-1.799999999999999e-02,-6.938893903907228e-18
7100,8,1.500000000000000e-02,1.499999999999999e-02,8.673617379884035e-18
7100,9,1.200000000000000e-02,1.200000000000002e-02,-1.561251128379126e-17
7100,10,-1.000000000000000e-02,-9.999999999999976e-03,-2.428612866367530e-17
7100,11,8.999999999999999e-03,9.000000000000018e-03,-1.908195823574488e-17
7100,12,8.000000000000000e-03,8.000000000000005e-03,-5.204170427930421e-18
7100,13,-7.000000000000000e-03,-6.999999999999990e-03,-1.040834085586084e-17
7100,14,6.000000000000000e-03,5.999999999999995e-03,5.204170427930421e-18
7100,15,5.000000000000000e-03,5.000000000000024e-03,-2.428612866367530e-17
7100,16,-4.000000000000000e-03,-4.000000000000005e-03,5.204170427930421e-18
7100,17,3.500000000000000e-03,3.500000000000000e-03,4.336808689942018e-19
7100,18,3.000000000000000e-03,2.999999999999993e-03,7.372574772901430e-18
7100,19,-2.500000000000000e-03,-2.500000000000014e-03,1.387778780781446e-17
7100,20,2.000000000000000e-03,2.000000000000002e-03,-1.734723475976807e-18
7100,21,1.800000000000000e-03,1.800000000000016e-03,-1.647987302177967e-17
7100,22,-1.500000000000000e-03,-1.499999999999995e-03,-4.770489558936220e-18
7100,23,1.200000000000000e-03,1.200000000000000e-03,2.168404344971009e-19
7100,24,1.000000000000000e-03,9.999999999999877e-04,1.235990476633475e-17
7100,25,-8.000000000000000e-04,-7.999999999999973e-04,-2.710505431213761e-18
7100,26,5.999999999999999e-04,5.999999999999900e-04,9.974659986866641e-18
7100,27,5.000000000000000e-04,5.000000000000165e-04,-1.647987302177967e-17
7100,28,-4.000000000000000e-04,-4.000000000000156e-04,1.561251128379126e-17
7100,29,3.000000000000000e-04,3.000000000000036e-04,-3.632077277826440e-18
7200,0,1.200000000000000e-01,1.200000000000000e-01,-1.387778780781446e-17
7200,1,-8.000000000000000e-02,-8.000000000000000e-02,0.000000000000000e+00
7200,2,5.500000000000000e-02,5.499999999999999e-02,6.938893903907228e-18
7200,3,4.000000000000000e-02,3.999999999999999e-02,6.938893903907228e-18
7200,4,-3.000000000000000e-02,-3.000000000000002e-02,1.734723475976807e-17
7200,5,2.500000000000000e-02,2.499999999999999e-02,6.938893903907228e-18
7200,6,2.000000000000000e-02,2.000000000000000e-02,3.469446951953614e-18
7200,7,-1.800000000000000e-02,-1.799999999999998e-02,-1.734723475976807e-17
7200,8,1.500000000000000e-02,1.500000000000000e-02,1.734723475976807e-18
7200,9,1.200000000000000e-02,1.200000000000001e-02,-1.214306433183765e-17
7200,10,-1.000000000000000e-02,-9.999999999999993e-03,-6.938893903907228e-18
7200,11,8.999999999999999e-03,9.000000000000005e-03,-5.204170427930421e-18
7200,12,8.000000000000000e-03,8.000000000000007e-03,-6.938893903907228e-18
7200,13,-7.000000000000000e-03,-7.000000000000026e-03,2.602085213965211e-17
7200,14,6.000000000000000e-03,6.000000000000009e-03,-8.673617379884035e-18
7200,15,5.000000000000000e-03,5.000000000000008e-03,-7.806255641895632e-18
7200,16,-4.000000000000000e-03,-3.999999999999978e-03,-2.255140518769849e-17
7200,17,3.500000000000000e-03,3.500000000000007e-03,-6.938893903907228e-18
7200,18,3.000000000000000e-03,3.000000000000027e-03,-2.645453300864631e-17
7200,19,-2.500000000000000e-03,-2.500000000000001e-03,1.301042606982605e-18
7200,20,2.000000000000000e-03,2.000000000000007e-03,-7.372574772901430e-18
7200,21,1.800000000000000e-03,1.800000000000006e-03,-6.505213034913027e-18
7200,22,-1.500000000000000e-03,-1.500000000000001e-03,1.301042606982605e-18
7200,23,1.200000000000000e-03,1.199999999999995e-03,5.204170427930421e-18
7200,24,1.000000000000000e-03,1.000000000000004e-03,-3.903127820947816e-18
7200,25,-8.000000000000000e-04,-8.000000000000042e-04,4.119968255444917e-18
7200,26,5.999999999999999e-04,5.999999999999852e-04,1.474514954580286e-17
7200,27,5.000000000000000e-04,5.000000000000017e-04,-1.734723475976807e-18
7200,28,-4.000000000000000e-04,-3.999999999999923e-04,-7.697835424647081e-18
7200,29,3.000000000000000e-04,3.000000000000046e-04,-4.607859233063394e-18
7300,0,1.200000000000000e-01,1.200000000000000e-01,0.000000000000000e+00
7300,1,-8.000000000000000e-02,-7.999999999999997e-02,-2.775557561562891e-17
7300,2,5.500000000000000e-02,5.500000000000001e-02,-6.938893903907228e-18
7300,3,4.000000000000000e-02,3.999999999999999e-02,6.938893903907228e-18
7300,4,-3.000000000000000e-02,-2.999999999999999e-02,-1.040834085586084e-17
7300,5,2.500000000000000e-02,2.500000000000000e-02,3.469446951953614e-18
7300,6,2.000000000000000e-02,2.000000000000000e-02,3.469446951953614e-18
7300,7,-1.800000000000000e-02,-1.800000000000001e-02,6.938893903907228e-18
7300,8,1.500000000000000e-02,1.499999999999999e-02,6.938893903907228e-18
7300,9,1.200000000000000e-02,1.200000000000000e-02,1.734723475976807e-18
7300,10,-1.000000000000000e-02,-9.999999999999998e-03,-1.734723475976807e-18
7300,11,8.999999999999999e-03,8.999999999999994e-03,5.204170427930421e-18
7300,12,8.000000000000000e-03,7.999999999999990e-03,1.040834085586084e-17
7300,13,-7.000000000000000e-03,-7.000000000000010e-03,9.540979117872439e-18
7300,14,6.000000000000000e-03,6.000000000000006e-03,-6.071532165918825e-18
7300,15,5.000000000000000e-03,5.000000000000011e-03,-1.127570259384925e-17
7300,16,-4.000000000000000e-03,-4.000000000000004e-03,4.336808689942018e-18
7300,17,3.500000000000000e-03,3.500000000000003e-03,-2.602085213965211e-18
7300,18,3.000000000000000e-03,2.999999999999993e-03,6.938893903907228e-18
7300,19,-2.500000000000000e-03,-2.500000000000004e-03,3.469446951953614e-18
7300,20,2.000000000000000e-03,2.000000000000015e-03,-1.517883041479706e-17
7300,21,1.800000000000000e-03,1.799999999999995e-03,5.204170427930421e-18
7300,22,-1.500000000000000e-03,-1.500000000000000e-03,-2.168404344971009e-19
7300,23,1.200000000000000e-03,1.200000000000016e-03,-1.561251128379126e-17
7300,24,1.000000000000000e-03,1.000000000000012e-03,-1.149254302834635e-17
7300,25,-8.000000000000000e-04,-8.000000000000140e-04,1.398620802506301e-17
7300,26,5.999999999999999e-04,6.000000000000068e-04,-6.830473686658678e-18
7300,27,5.000000000000000e-04,5.000000000000069e-04,-6.938893903907228e-18
7300,28,-4.000000000000000e-04,-4.000000000000041e-04,4.119968255444917e-18
7300,29,3.000000000000000e-04,3.000000000000044e-04,-4.445228907190568e-18
7400,0,1.200000000000000e-01,1.200000000000000e-01,-1.387778780781446e-17
7400,1,-8.000000000000000e-02,-8.000000000000000e-02,0.000000000000000e+00
7400,2,5.500000000000000e-02,5.499999999999999e-02,6.938893903907228e-18
7400,3,4.000000000000000e-02,4.000000000000001e-02,-6.938893903907228e-18
7400,4,-3.000000000000000e-02,-3.000000000000001e-02,1.040834085586084e-17
7400,5,2.500000000000000e-02,2.500000000000002e-02,-1.387778780781446e-17
7400,6,2.000000000000000e-02,2.000000000000001e-02,-1.387778780781446e-17
7400,7,-1.800000000000000e-02,-1.800000000000000e-02,-3.469446951953614e-18
7400,8,1.500000000000000e-02,1.500000000000001e-02,-6.938893903907228e-18
7400,9,1.200000000000000e-02,1.199999999999999e-02,6.938893903907228e-18
7400,10,-1.000000000000000e-02,-1.000000000000000e-02,3.469446951953614e-18
7400,11,8.999999999999999e-03,8.999999999999999e-03,0.000000000000000e+00
7400,12,8.000000000000000e-03,7.999999999999997e-03,3.469446951953614e-18
7400,13,-7.000000000000000e-03,-7.000000000000000e-03,0.000000000000000e+00
7400,14,6.000000000000000e-03,5.999999999999991e-03,9.540979117872439e-18
7400,15,5.000000000000000e-03,4.999999999999998e-03,1.734723475976807e-18
7400,16,-4.000000000000000e-03,-4.000000000000004e-03,3.469446951953614e-18
7400,17,3.500000000000000e-03,3.499999999999999e-03,1.301042606982605e-18
7400,18,3.000000000000000e-03,3.000000000000004e-03,-4.336808689942018e-18
7400,19,-2.500000000000000e-03,-2.500000000000000e-03,0.000000000000000e+00
7400,20,2.000000000000000e-03,1.999999999999996e-03,4.336808689942018e-18
7400,21,1.800000000000000e-03,1.800000000000003e-03,-3.252606517456513e-18
7400,22,-1.500000000000000e-03,-1.500000000000013e-03,1.257674520083185e-17
7400,23,1.200000000000000e-03,1.199999999999989e-03,1.127570259384925e-17
7400,24,1.000000000000000e-03,1.000000000000008e-03,-8.023096076392733e-18
7400,25,-8.000000000000000e-04,-8.000000000000011e-04,1.084202172485504e-18
7400,26,5.999999999999999e-04,6.000000000000036e-04,-3.686287386450715e-18
7400,27,5.000000000000000e-04,4.999999999999907e-04,9.324138683375338e-18
7400,28,-4.000000000000000e-04,-4.000000000000059e-04,5.854691731421724e-18
7400,29,3.000000000000000e-04,2.999999999999994e-04,5.421010862427522e-19
7500,0,1.200000000000000e-01,1.200000000000000e-01,0.000000000000000e+00
7500,1,-8.000000000000000e-02,-8.000000000000000e-02,0.000000000000000e+00
7500,2,5.500000000000000e-02,5.500000000000000e-02,0.000000000000000e+00
7500,3,4.000000000000000e-02,3.999999999999999e-02,6.938893903907228e-18
7500,4,-3.000000000000000e-02,-2.999999999999999e-02,-6.938893903907228e-18
7500,5,2.500000000000000e-02,2.500000000000000e-02,3.469446951953614e-18
7500,6,2.000000000000000e-02,2.000000000000000e-02,-3.469446951953614e-18
7500,7,-1.800000000000000e-02,-1.799999999999999e-02,-1.040834085586084e-17
7500,8,1.500000000000000e-02,1.500000000000000e-02,-3.469446951953614e-18
7500,9,1.200000000000000e-02,1.200000000000000e-02,0.000000000000000e+00
7500,10,-1.000000000000000e-02,-9.999999999999995e-03,-5.204170427930421e-18
7500,11,8.999999999999999e-03,8.999999999999991e-03,8.673617379884035e-18
7500,12,8.000000000000000e-03,8.000000000000019e-03,-1.908195823574488e-17
7500,13,-7.000000000000000e-03,-7.000000000000003e-03,2.602085213965211e-18
7500,14,6.000000000000000e-03,6.000000000000001e-03,-8.673617379884035e-19
7500,15,5.000000000000000e-03,5.000000000000000e-03,0.000000000000000e+00
7500,16,-4.000000000000000e-03,-3.999999999999995e-03,-5.204170427930421e-18
7500,17,3.500000000000000e-03,3.500000000000005e-03,-5.204170427930421e-18
7500,18,3.000000000000000e-03,3.000000000000001e-03,-8.673617379884035e-19
7500,19,-2.500000000000000e-03,-2.500000000000010e-03,9.540979117872439e-18
7500,20,2.000000000000000e-03,1.999999999999994e-03,6.505213034913027e-18
7500,21,1.800000000000000e-03,1.800000000000017e-03,-1.713039432527097e-17
7500,22,-1.500000000000000e-03,-1.499999999999996e-03,-3.903127820947816e-18
7500,23,1.200000000000000e-03,1.200000000000002e-03,-2.168404344971009e-18
7500,24,1.000000000000000e-03,9.999999999999950e-04,4.987329993433320e-18
7500,25,-8.000000000000000e-04,-8.000000000000003e-04,2.168404344971009e-19
7500,26,5.999999999999999e-04,5.999999999999914e-04,8.565197162635485e-18
7500,27,5.000000000000000e-04,5.000000000000039e-04,-3.903127820947816e-18
7500,28,-4.000000000000000e-04,-3.999999999999907e-04,-9.324138683375338e-18
7500,29,3.000000000000000e-04,3.000000000000030e-04,-2.981555974335137e-18
7600,0,1.200000000000000e-01,1.200000000000000e-01,0.000000000000000e+00
7600,1,-8.000000000000000e-02,-8.000000000000002e-02,1.387778780781446e-17
7600,2,5.500000000000000e-02,5.500000000000000e-02,0.000000000000000e+00
7600,3,4.000000000000000e-02,3.999999999999999e-02,6.938893903907228e-18
7600,4,-3.000000000000000e-02,-3.000000000000000e-02,0.000000000000000e+00
7600,5,2.500000000000000e-02,2.500000000000002e-02,-1.734723475976807e-17
7600,6,2.000000000000000e-02,2.000000000000000e-02,0.000000000000000e+00
7600,7,-1.800000000000000e-02,-1.800000000000001e-02,6.938893903907228e-18
7600,8,1.500000000000000e-02,1.499999999999999e-02,1.387778780781446e-17
7600,9,1.200000000000000e-02,1.200000000000001e-02,-1.214306433183765e-17
7600,10,-1.000000000000000e-02,-1.000000000000000e-02,0.000000000000000e+00
7600,11,8.999999999999999e-03,8.999999999999998e-03,1.734723475976807e-18
7600,12,8.000000000000000e-03,8.000000000000004e-03,-3.469446951953614e-18
7600,13,-7.000000000000000e-03,-7.000000000000002e-03,1.734723475976807e-18
7600,14,6.000000000000000e-03,5.999999999999994e-03,6.071532165918825e-18
7600,15,5.000000000000000e-03,5.000000000000003e-03,-2.602085213965211e-18
7600,16,-4.000000000000000e-03,-4.000000000000009e-03,8.673617379884035e-18
7600,17,3.500000000000000e-03,3.499999999999994e-03,5.637851296924623e-18
7600,18,3.000000000000000e-03,3.000000000000011e-03,-1.084202172485504e-17
7600,19,-2.500000000000000e-03,-2.499999999999996e-03,-3.903127820947816e-18
7600,20,2.000000000000000e-03,2.000000000000004e-03,-3.469446951953614e-18
7600,21,1.800000000000000e-03,1.800000000000005e-03,-5.204170427930421e-18
7600,22,-1.500000000000000e-03,-1.499999999999992e-03,-8.023096076392733e-18
7600,23,1.200000000000000e-03,1.200000000000003e-03,-3.252606517456513e-18
7600,24,1.000000000000000e-03,9.999999999999989e-04,1.084202172485504e-18
7600,25,-8.000000000000000e-04,-8.000000000000037e-04,3.686287386450715e-18
7600,26,5.999999999999999e-04,5.999999999999900e-04,9.974659986866641e-18
7600,27,5.000000000000000e-04,4.999999999999990e-04,9.757819552369540e-19
7600,28,-4.000000000000000e-04,-3.999999999999984e-04,-1.572093150103981e-18
7600,29,3.000000000000000e-04,3.000000000000069e-04,-6.884683795282953e-18
7700,0,1.200000000000000e-01,1.200000000000000e-01,1.387778780781446e-17
7700,1,-8.000000000000000e-02,-8.000000000000000e-02,0.000000000000000e+00
7700,2,5.500000000000000e-02,5.499999999999999e-02,1.387778780781446e-17
7700,3,4.000000000000000e-02,3.999999999999998e-02,2.081668171172169e-17
7700,4,-3.000000000000000e-02,-2.999999999999999e-02,-1.387778780781446e-17
7700,5,2.500000000000000e-02,2.499999999999999e-02,6.938893903907228e-18
7700,6,2.000000000000000e-02,1.999999999999998e-02,2.081668171172169e-17
7700,7,-1.800000000000000e-02,-1.800000000000000e-02,3.469446951953614e-18
7700,8,1.500000000000000e-02,1.500000000000001e-02,-1.387778780781446e-17
7700,9,1.200000000000000e-02,1.199999999999999e-02,1.040834085586084e-17
7700,10,-1.000000000000000e-02,-9.999999999999997e-03,-3.469446951953614e-18
7700,11,8.999999999999999e-03,8.999999999999985e-03,1.387778780781446e-17
7700,12,8.000000000000000e-03,8.000000000000002e-03,-1.734723475976807e-18
7700,13,-7.000000000000000e-03,-7.000000000000007e-03,6.938893903907228e-18
7700,14,6.000000000000000e-03,5.999999999999975e-03,2.515349040166370e-17
7700,15,5.000000000000000e-03,4.999999999999985e-03,1.474514954580286e-17
7700,16,-4.000000000000000e-03,-3.999999999999991e-03,-8.673617379884035e-18
7700,17,3.500000000000000e-03,3.499999999999974e-03,2.558717127065790e-17
7700,18,3.000000000000000e-03,2.999999999999975e-03,2.471980953266950e-17
7700,19,-2.500000000000000e-03,-2.500000000000002e-03,2.168404344971009e-18
7700,20,2.000000000000000e-03,1.999999999999996e-03,3.903127820947816e-18
7700,21,1.800000000000000e-03,1.800000000000007e-03,-6.938893903907228e-18
7700,22,-1.500000000000000e-03,-1.499999999999982e-03,-1.778091562876227e-17
7700,23,1.200000000000000e-03,1.199999999999989e-03,1.105886215935215e-17
7700,24,1.000000000000000e-03,9.999999999999825e-04,1.756407519426517e-17
7700,25,-8.000000000000000e-04,-7.999999999999806e-04,-1.940721888749053e-17
7700,26,5.999999999999999e-04,5.999999999999922e-04,7.697835424647081e-18
7700,27,5.000000000000000e-04,5.000000000000023e-04,-2.276824562219559e-18
7700,28,-4.000000000000000e-04,-3.999999999999870e-04,-1.306463617845033e-17
7700,29,3.000000000000000e-04,2.999999999999922e-04,7.806255641895632e-18
7800,0,1.200000000000000e-01,1.200000000000000e-01,1.387778780781446e-17
7800,1,-8.000000000000000e-02,-8.000000000000002e-02,1.387778780781446e-17
7800,2,5.500000000000000e-02,5.499999999999999e-02,6.938893903907228e-18
7800,3,4.000000000000000e-02,4.000000000000001e-02,-6.938893903907228e-18
7800,4,-3.000000000000000e-02,-2.999999999999999e-02,-1.040834085586084e-17
7800,5,2.500000000000000e-02,2.500000000000000e-02,-3.469446951953614e-18
7800,6,2.000000000000000e-02,2.000000000000001e-02,-1.387778780781446e-17
7800,7,-1.800000000000000e-02,-1.800000000000000e-02,3.469446951953614e-18
7800,8,1.500000000000000e-02,1.500000000000000e-02,3.469446951953614e-18
7800,9,1.200000000000000e-02,1.200000000000000e-02,3.469446951953614e-18
7800,10,-1.000000000000000e-02,-1.000000000000000e-02,0.000000000000000e+00
7800,11,8.999999999999999e-03,9.000000000000011e-03,-1.214306433183765e-17
7800,12,8.000000000000000e-03,8.000000000000019e-03,-1.908195823574488e-17
7800,13,-7.000000000000000e-03,-6.999999999999995e-03,-5.204170427930421e-18
7800,14,6.000000000000000e-03,5.999999999999993e-03,6.938893903907228e-18
7800,15,5.000000000000000e-03,4.999999999999996e-03,4.336808689942018e-18
7800,16,-4.000000000000000e-03,-3.999999999999991e-03,-8.673617379884035e-18
7800,17,3.500000000000000e-03,3.499999999999983e-03,1.691355389077387e-17
7800,18,3.000000000000000e-03,2.999999999999985e-03,1.517883041479706e-17
7800,19,-2.500000000000000e-03,-2.500000000000013e-03,1.257674520083185e-17
7800,20,2.000000000000000e-03,1.999999999999975e-03,2.471980953266950e-17
7800,21,1.800000000000000e-03,1.799999999999986e-03,1.409462824231156e-17
7800,22,-1.500000000000000e-03,-1.499999999999984e-03,-1.561251128379126e-17
7800,23,1.200000000000000e-03,1.200000000000013e-03,-1.301042606982605e-17
7800,24,1.000000000000000e-03,1.000000000000013e-03,-1.301042606982605e-17
7800,25,-8.000000000000000e-04,-8.000000000000312e-04,3.111660235033398e-17
7800,26,5.999999999999999e-04,5.999999999999958e-04,4.119968255444917e-18
7800,27,5.000000000000000e-04,4.999999999999866e-04,1.344410693882025e-17
7800,28,-4.000000000000000e-04,-4.000000000000063e-04,6.288372600415926e-18
7800,29,3.000000000000000e-04,2.999999999999949e-04,5.095750210681871e-18
7900,0,1.200000000000000e-01,1.200000000000000e-01,0.000000000000000e+00
7900,1,-8.000000000000000e-02,-8.000000000000002e-02,1.387778780781446e-17
7900,2,5.500000000000000e-02,5.500000000000000e-02,0.000000000000000e+00
7900,3,4.000000000000000e-02,4.000000000000004e-02,-3.469446951953614e-17
7900,4,-3.000000000000000e-02,-3.000000000000002e-02,1.734723475976807e-17
7900,5,2.500000000000000e-02,2.499999999999998e-02,1.734723475976807e-17
7900,6,2.000000000000000e-02,2.000000000000000e-02,3.469446951953614e-18
7900,7,-1.800000000000000e-02,-1.799999999999998e-02,-1.734723475976807e-17
7900,8,1.500000000000000e-02,1.500000000000002e-02,-1.561251128379126e-17
7900,9,1.200000000000000e-02,1.199999999999999e-02,6.938893903907228e-18
7900,10,-1.000000000000000e-02,-9.999999999999988e-03,-1.214306433183765e-17
7900,11,8.999999999999999e-03,8.999999999999999e-03,0.000000000000000e+00
7900,12,8.000000000000000e-03,8.000000000000005e-03,-5.204170427930421e-18
7900,13,-7.000000000000000e-03,-7.000000000000016e-03,1.561251128379126e-17
7900,14,6.000000000000000e-03,6.000000000000017e-03,-1.734723475976807e-17
7900,15,5.000000000000000e-03,4.999999999999997e-03,3.469446951953614e-18
7900,16,-4.000000000000000e-03,-3.999999999999979e-03,-2.081668171172169e-17
7900,17,3.500000000000000e-03,3.500000000000011e-03,-1.084202172485504e-17
7900,18,3.000000000000000e-03,2.999999999999981e-03,1.951563910473908e-17
7900,19,-2.500000000000000e-03,-2.500000000000001e-03,8.673617379884035e-19
7900,20,2.000000000000000e-03,2.000000000000001e-03,-1.301042606982605e-18
7900,21,1.800000000000000e-03,1.799999999999999e-03,8.673617379884035e-19
7900,22,-1.500000000000000e-03,-1.499999999999980e-03,-1.973247953923618e-17
7900,23,1.200000000000000e-03,1.199999999999973e-03,2.732189474663471e-17
7900,24,1.000000000000000e-03,1.000000000000015e-03,-1.539567084929416e-17
7900,25,-8.000000000000000e-04,-7.999999999999891e-04,-1.095044194210359e-17
7900,26,5.999999999999999e-04,6.000000000000197e-04,-1.973247953923618e-17
7900,27,5.000000000000000e-04,4.999999999999888e-04,1.116728237660070e-17
7900,28,-4.000000000000000e-04,-4.000000000000053e-04,5.258380536554697e-18
7900,29,3.000000000000000e-04,2.999999999999988e-04,1.138412281109780e-18
8000,0,1.200000000000000e-01,1.200000000000000e-01,1.387778780781446e-17
8000,1,-8.000000000000000e-02,-7.999999999999999e-02,-1.387778780781446e-17
8000,2,5.500000000000000e-02,5.500000000000000e-02,0.000000000000000e+00
8000,3,4.000000000000000e-02,3.999999999999999e-02,6.938893903907228e-18
8000,4,-3.000000000000000e-02,-2.999999999999999e-02,-6.938893903907228e-18
8000,5,2.500000000000000e-02,2.500000000000002e-02,-1.734723475976807e-17
8000,6,2.000000000000000e-02,2.000000000000001e-02,-6.938893903907228e-18
8000,7,-1.800000000000000e-02,-1.799999999999999e-02,-6.938893903907228e-18
8000,8,1.500000000000000e-02,1.500000000000002e-02,-2.428612866367530e-17
8000,9,1.200000000000000e-02,1.200000000000001e-02,-6.938893903907228e-18
8000,10,-1.000000000000000e-02,-1.000000000000000e-02,0.000000000000000e+00
8000,11,8.999999999999999e-03,9.000000000000005e-03,-5.204170427930421e-18
8000,12,8.000000000000000e-03,8.000000000000007e-03,-6.938893903907228e-18
8000,13,-7.000000000000000e-03,-7.000000000000004e-03,4.336808689942018e-18
8000,14,6.000000000000000e-03,6.000000000000002e-03,-1.734723475976807e-18
8000,15,5.000000000000000e-03,4.999999999999991e-03,8.673617379884035e-18
8000,16,-4.000000000000000e-03,-3.999999999999969e-03,-3.122502256758253e-17
8000,17,3.500000000000000e-03,3.500000000000005e-03,-5.204170427930421e-18
8000,18,3.000000000000000e-03,2.999999999999993e-03,6.938893903907228e-18
8000,19,-2.500000000000000e-03,-2.500000000000003e-03,3.035766082959412e-18
8000,20,2.000000000000000e-03,1.999999999999979e-03,2.081668171172169e-17
8000,21,1.800000000000000e-03,1.800000000000015e-03,-1.474514954580286e-17
8000,22,-1.500000000000000e-03,-1.500000000000008e-03,8.239936510889834e-18
8000,23,1.200000000000000e-03,1.199999999999979e-03,2.081668171172169e-17
8000,24,1.000000000000000e-03,1.000000000000014e-03,-1.366094737331736e-17
8000,25,-8.000000000000000e-04,-7.999999999999953e-04,-4.770489558936220e-18
8000,26,5.999999999999999e-04,6.000000000000080e-04,-8.023096076392733e-18
8000,27,5.000000000000000e-04,4.999999999999789e-04,2.114194236346734e-17
8000,28,-4.000000000000000e-04,-3.999999999999889e-04,-1.111307226797642e-17
8000,29,3.000000000000000e-04,2.999999999999929e-04,7.101524229780054e-18
8100,0,1.200000000000000e-01,1.200000000000000e-01,-1.387778780781446e-17
8100,1,-8.000000000000000e-02,-7.999999999999999e-02,-1.387778780781446e-17
8100,2,5.500000000000000e-02,5.500000000000001e-02,-1.387778780781446e-17
8100,3,4.000000000000000e-02,4.000000000000002e-02,-2.081668171172169e-17
8100,4,-3.000000000000000e-02,-3.000000000000000e-02,0.000000000000000e+00
8100,5,2.500000000000000e-02,2.500000000000000e-02,3.469446951953614e-18
8100,6,2.000000000000000e-02,1.999999999999999e-02,6.938893903907228e-18
8100,7,-1.800000000000000e-02,-1.799999999999998e-02,-1.734723475976807e-17
8100,8,1.500000000000000e-02,1.500000000000000e-02,1.734723475976807e-18
8100,9,1.200000000000000e-02,1.200000000000002e-02,-1.734723475976807e-17
8100,10,-1.000000000000000e-02,-1.000000000000001e-02,5.204170427930421e-18
8100,11,8.999999999999999e-03,9.000000000000010e-03,-1.040834085586084e-17
8100,12,8.000000000000000e-03,8.000000000000000e-03,0.000000000000000e+00
8100,13,-7.000000000000000e-03,-7.000000000000000e-03,0.000000000000000e+00
8100,14,6.000000000000000e-03,5.999999999999994e-03,6.071532165918825e-18
8100,15,5.000000000000000e-03,4.999999999999993e-03,6.938893903907228e-18
8100,16,-4.000000000000000e-03,-3.999999999999997e-03,-3.469446951953614e-18
8100,17,3.500000000000000e-03,3.499999999999998e-03,1.734723475976807e-18
8100,18,3.000000000000000e-03,3.000000000000001e-03,-8.673617379884035e-19
8100,19,-2.500000000000000e-03,-2.500000000000000e-03,-4.336808689942018e-19
8100,20,2.000000000000000e-03,1.999999999999992e-03,7.806255641895632e-18
8100,21,1.800000000000000e-03,1.799999999999999e-03,1.301042606982605e-18
8100,22,-1.500000000000000e-03,-1.499999999999987e-03,-1.344410693882025e-17
8100,23,1.200000000000000e-03,1.199999999999994e-03,5.637851296924623e-18
8100,24,1.000000000000000e-03,9.999999999999972e-04,2.818925648462312e-18
8100,25,-8.000000000000000e-04,-8.000000000000039e-04,3.903127820947816e-18
8100,26,5.999999999999999e-04,6.000000000000069e-04,-6.938893903907228e-18
8100,27,5.000000000000000e-04,5.000000000000021e-04,-2.059984127722458e-18
8100,28,-4.000000000000000e-04,-4.000000000000086e-04,8.565197162635485e-18
8100,29,3.000000000000000e-04,2.999999999999988e-04,1.192622389734055e-18
8200,0,1.200000000000000e-01,1.200000000000000e-01,-1.387778780781446e-17
8200,1,-8.000000000000000e-02,-7.999999999999999e-02,-1.387778780781446e-17
8200,2,5.500000000000000e-02,5.500000000000000e-02,0.000000000000000e+00
8200,3,4.000000000000000e-02,4.000000000000000e-02,0.000000000000000e+00
8200,4,-3.000000000000000e-02,-2.999999999999999e-02,-1.040834085586084e-17
8200,5,2.500000000000000e-02,2.500000000000000e-02,-3.469446951953614e-18
8200,6,2.000000000000000e-02,2.000000000000000e-02,-3.469446951953614e-18
8200,7,-1.800000000000000e-02,-1.800000000000001e-02,6.938893903907228e-18
8200,8,1.500000000000000e-02,1.499999999999999e-02,6.938893903907228e-18
8200,9,1.200000000000000e-02,1.200000000000000e-02,3.469446951953614e-18
8200,10,-1.000000000000000e-02,-1.000000000000001e-02,6.938893903907228e-18
8200,11,8.999999999999999e-03,9.000000000000001e-03,-1.734723475976807e-18
8200,12,8.000000000000000e-03,8.000000000000004e-03,-3.469446951953614e-18
8200,13,-7.000000000000000e-03,-6.999999999999996e-03,-4.336808689942018e-18
8200,14,6.000000000000000e-03,6.000000000000007e-03,-6.938893903907228e-18
8200,15,5.000000000000000e-03,5.000000000000002e-03,-1.734723475976807e-18
8200,16,-4.000000000000000e-03,-3.999999999999998e-03,-1.734723475976807e-18
8200,17,3.500000000000000e-03,3.500000000000011e-03,-1.084202172485504e-17
8200,18,3.000000000000000e-03,3.000000000000005e-03,-4.770489558936220e-18
8200,19,-2.500000000000000e-03,-2.500000000000013e-03,1.301042606982605e-17
8200,20,2.000000000000000e-03,2.000000000000001e-03,-1.301042606982605e-18
8200,21,1.800000000000000e-03,1.800000000000011e-03,-1.084202172485504e-17
8200,22,-1.500000000000000e-03,-1.500000000000003e-03,2.818925648462312e-18
8200,23,1.200000000000000e-03,1.199999999999976e-03,2.385244779468110e-17
8200,24,1.000000000000000e-03,1.000000000000008e-03,-8.023096076392733e-18
8200,25,-8.000000000000000e-04,-8.000000000000017e-04,1.626303258728257e-18
8200,26,5.999999999999999e-04,6.000000000000005e-04,-5.421010862427522e-19
8200,27,5.000000000000000e-04,5.000000000000125e-04,-1.246832498358330e-17
8200,28,-4.000000000000000e-04,-3.999999999999846e-04,-1.544988095791844e-17
8200,29,3.000000000000000e-04,2.999999999999770e-04,2.298508605669269e-17
8300,0,1.200000000000000e-01,1.200000000000000e-01,0.000000000000000e+00
8300,1,-8.000000000000000e-02,-7.999999999999997e-02,-2.775557561562891e-17
8300,2,5.500000000000000e-02,5.499999999999999e-02,6.938893903907228e-18
8300,3,4.000000000000000e-02,4.000000000000001e-02,-6.938893903907228e-18
8300,4,-3.000000000000000e-02,-3.000000000000001e-02,1.387778780781446e-17
8300,5,2.500000000000000e-02,2.499999999999998e-02,2.081668171172169e-17
8300,6,2.000000000000000e-02,2.000000000000001e-02,-1.040834085586084e-17
8300,7,-1.800000000000000e-02,-1.800000000000001e-02,1.387778780781446e-17
8300,8,1.500000000000000e-02,1.500000000000001e-02,-1.387778780781446e-17
8300,9,1.200000000000000e-02,1.199999999999999e-02,6.938893903907228e-18
8300,10,-1.000000000000000e-02,-1.000000000000000e-02,0.000000000000000e+00
8300,11,8.999999999999999e-03,9.000000000000005e-03,-5.204170427930421e-18
8300,12,8.000000000000000e-03,7.999999999999986e-03,1.387778780781446e-17
8300,13,-7.000000000000000e-03,-6.999999999999992e-03,-7.806255641895632e-18
8300,14,6.000000000000000e-03,6.000000000000009e-03,-8.673617379884035e-18
8300,15,5.000000000000000e-03,5.000000000000009e-03,-8.673617379884035e-18
8300,16,-4.000000000000000e-03,-3.999999999999989e-03,-1.127570259384925e-17
8300,17,3.500000000000000e-03,3.500000000000017e-03,-1.647987302177967e-17
8300,18,3.000000000000000e-03,3.000000000000006e-03,-5.637851296924623e-18
8300,19,-2.500000000000000e-03,-2.499999999999991e-03,-8.673617379884035e-18
8300,20,2.000000000000000e-03,1.999999999999997e-03,3.035766082959412e-18
8300,21,1.800000000000000e-03,1.799999999999983e-03,1.669671345627677e-17
8300,22,-1.500000000000000e-03,-1.500000000000007e-03,6.722053469410127e-18
8300,23,1.200000000000000e-03,1.200000000000006e-03,-6.505213034913027e-18
8300,24,1.000000000000000e-03,1.000000000000018e-03,-1.799775606325937e-17
8300,25,-8.000000000000000e-04,-8.000000000000018e-04,1.734723475976807e-18
8300,26,5.999999999999999e-04,5.999999999999775e-04,2.244298497044994e-17
8300,27,5.000000000000000e-04,4.999999999999788e-04,2.125036258071589e-17
8300,28,-4.000000000000000e-04,-3.999999999999820e-04,-1.805196617188365e-17
8300,29,3.000000000000000e-04,3.000000000000082e-04,-8.185726402265558e-18
8400,0,1.200000000000000e-01,1.200000000000000e-01,-1.387778780781446e-17
8400,1,-8.000000000000000e-02,-7.999999999999999e-02,-1.387778780781446e-17
8400,2,5.500000000000000e-02,5.500000000000000e-02,0.000000000000000e+00
8400,3,4.000000000000000e-02,4.000000000000001e-02,-6.938893903907228e-18
8400,4,-3.000000000000000e-02,-3.000000000000001e-02,1.040834085586084e-17
8400,5,2.500000000000000e-02,2.499999999999999e-02,6.938893903907228e-18
8400,6,2.000000000000000e-02,2.000000000000001e-02,-1.040834085586084e-17
8400,7,-1.800000000000000e-02,-1.800000000000001e-02,6.938893903907228e-18
8400,8,1.500000000000000e-02,1.499999999999999e-02,5.204170427930421e-18
8400,9,1.200000000000000e-02,1.199999999999999e-02,6.938893903907228e-18
8400,10,-1.000000000000000e-02,-1.000000000000001e-02,6.938893903907228e-18
8400,11,8.999999999999999e-03,9.000000000000011e-03,-1.214306433183765e-17
8400,12,8.000000000000000e-03,7.999999999999997e-03,3.469446951953614e-18
8400,13,-7.000000000000000e-03,-6.999999999999996e-03,-4.336808689942018e-18
8400,14,6.000000000000000e-03,6.000000000000001e-03,-8.673617379884035e-19
8400,15,5.000000000000000e-03,4.999999999999993e-03,6.938893903907228e-18
8400,16,-4.000000000000000e-03,-4.000000000000002e-03,1.734723475976807e-18
8400,17,3.500000000000000e-03,3.499999999999997e-03,3.035766082959412e-18
8400,18,3.000000000000000e-03,2.999999999999994e-03,6.071532165918825e-18
8400,19,-2.500000000000000e-03,-2.500000000000001e-03,1.301042606982605e-18
8400,20,2.000000000000000e-03,1.999999999999992e-03,8.239936510889834e-18
8400,21,1.800000000000000e-03,1.799999999999992e-03,8.239936510889834e-18
8400,22,-1.500000000000000e-03,-1.499999999999994e-03,-5.854691731421724e-18
8400,23,1.200000000000000e-03,1.200000000000005e-03,-4.770489558936220e-18
8400,24,1.000000000000000e-03,1.000000000000013e-03,-1.301042606982605e-17
8400,25,-8.000000000000000e-04,-7.999999999999995e-04,-5.421010862427522e-19
8400,26,5.999999999999999e-04,6.000000000000045e-04,-4.553649124439119e-18
8400,27,5.000000000000000e-04,5.000000000000029e-04,-2.927345865710862e-18
8400,28,-4.000000000000000e-04,-3.999999999999986e-04,-1.463672932855431e-18
8400,29,3.000000000000000e-04,2.999999999999902e-04,9.812029660993815e-18
8500,0,1.200000000000000e-01,1.200000000000000e-01,-1.387778780781446e-17
8500,1,-8.000000000000000e-02,-8.000000000000003e-02,2.775557561562891e-17
8500,2,5.500000000000000e-02,5.500000000000001e-02,-6.938893903907228e-18
8500,3,4.000000000000000e-02,3.999999999999999e-02,6.938893903907228e-18
8500,4,-3.000000000000000e-02,-3.000000000000000e-02,3.469446951953614e-18
8500,5,2.500000000000000e-02,2.499999999999999e-02,1.040834085586084e-17
8500,6,2.000000000000000e-02,2.000000000000000e-02,0.000000000000000e+00
8500,7,-1.800000000000000e-02,-1.799999999999999e-02,-6.938893903907228e-18
8500,8,1.500000000000000e-02,1.500000000000000e-02,-5.204170427930421e-18
8500,9,1.200000000000000e-02,1.199999999999999e-02,6.938893903907228e-18
8500,10,-1.000000000000000e-02,-1.000000000000002e-02,1.734723475976807e-17
8500,11,8.999999999999999e-03,9.000000000000011e-03,-1.214306433183765e-17
8500,12,8.000000000000000e-03,7.999999999999991e-03,8.673617379884035e-18
8500,13,-7.000000000000000e-03,-7.000000000000011e-03,1.040834085586084e-17
8500,14,6.000000000000000e-03,5.999999999999986e-03,1.387778780781446e-17
8500,15,5.000000000000000e-03,5.000000000000004e-03,-3.469446951953614e-18
8500,16,-4.000000000000000e-03,-4.000000000000001e-03,8.673617379884035e-19
8500,17,3.500000000000000e-03,3.500000000000010e-03,-9.974659986866641e-18
8500,18,3.000000000000000e-03,3.000000000000015e-03,-1.517883041479706e-17
8500,19,-2.500000000000000e-03,-2.499999999999995e-03,-5.204170427930421e-18
8500,20,2.000000000000000e-03,2.000000000000000e-03,4.336808689942018e-19
8500,21,1.800000000000000e-03,1.799999999999990e-03,1.040834085586084e-17
8500,22,-1.500000000000000e-03,-1.500000000000000e-03,-2.168404344971009e-19
8500,23,1.200000000000000e-03,1.199999999999990e-03,9.974659986866641e-18
8500,24,1.000000000000000e-03,9.999999999999955e-04,4.553649124439119e-18
8500,25,-8.000000000000000e-04,-7.999999999999969e-04,-3.144186300207963e-18
8500,26,5.999999999999999e-04,5.999999999999951e-04,4.878909776184770e-18
8500,27,5.000000000000000e-04,5.000000000000036e-04,-3.577867169202165e-18
8500,28,-4.000000000000000e-04,-4.000000000000009e-04,8.673617379884035e-19
8500,29,3.000000000000000e-04,3.000000000000044e-04,-4.391018798566293e-18
8600,0,1.200000000000000e-01,1.200000000000000e-01,0.000000000000000e+00
8600,1,-8.000000000000000e-02,-8.000000000000002e-02,1.387778780781446e-17
8600,2,5.500000000000000e-02,5.500000000000000e-02,0.000000000000000e+00
8600,3,4.000000000000000e-02,4.000000000000000e-02,0.000000000000000e+00
8600,4,-3.000000000000000e-02,-2.999999999999999e-02,-6.938893903907228e-18
8600,5,2.500000000000000e-02,2.499999999999999e-02,1.387778780781446e-17
8600,6,2.000000000000000e-02,2.000000000000000e-02,0.000000000000000e+00
8600,7,-1.800000000000000e-02,-1.799999999999998e-02,-2.081668171172169e-17
8600,8,1.500000000000000e-02,1.499999999999999e-02,5.204170427930421e-18
8600,9,1.200000000000000e-02,1.200000000000000e-02,-3.469446951953614e-18
8600,10,-1.000000000000000e-02,-1.000000000000000e-02,1.734723475976807e-18
8600,11,8.999999999999999e-03,9.000000000000008e-03,-8.673617379884035e-18
8600,12,8.000000000000000e-03,7.999999999999990e-03,1.040834085586084e-17
8600,13,-7.000000000000000e-03,-7.000000000000003e-03,2.602085213965211e-18
8600,14,6.000000000000000e-03,5.999999999999993e-03,6.938893903907228e-18
8600,15,5.000000000000000e-03,5.000000000000004e-03,-3.469446951953614e-18
8600,16,-4.000000000000000e-03,-3.999999999999998e-03,-1.734723475976807e-18
8600,17,3.500000000000000e-03,3.500000000000010e-03,-1.040834085586084e-17
8600,18,3.000000000000000e-03,3.000000000000002e-03,-1.734723475976807e-18
8600,19,-2.500000000000000e-03,-2.500000000000013e-03,1.257674520083185e-17
8600,20,2.000000000000000e-03,1.999999999999997e-03,3.035766082959412e-18
8600,21,1.800000000000000e-03,1.800000000000015e-03,-1.517883041479706e-17
8600,22,-1.500000000000000e-03,-1.499999999999997e-03,-3.252606517456513e-18
8600,23,1.200000000000000e-03,1.200000000000004e-03,-4.553649124439119e-18
8600,24,1.000000000000000e-03,9.999999999999979e-04,2.168404344971009e-18
8600,25,-8.000000000000000e-04,-8.000000000000070e-04,6.938893903907228e-18
8600,26,5.999999999999999e-04,5.999999999999927e-04,7.264154555652880e-18
8600,27,5.000000000000000e-04,5.000000000000113e-04,-1.127570259384925e-17
8600,28,-4.000000000000000e-04,-4.000000000000062e-04,6.179952383167375e-18
8600,29,3.000000000000000e-04,2.999999999999942e-04,5.800481622797449e-18
8700,0,1.200000000000000e-01,1.200000000000000e-01,2.775557561562891e-17
8700,1,-8.000000000000000e-02,-8.000000000000003e-02,2.775557561562891e-17
8700,2,5.500000000000000e-02,5.499999999999999e-02,6.938893903907228e-18
8700,3,4.000000000000000e-02,3.999999999999999e-02,1.387778780781446e-17
8700,4,-3.000000000000000e-02,-2.999999999999999e-02,-1.040834085586084e-17
8700,5,2.500000000000000e-02,2.499999999999999e-02,1.040834085586084e-17
8700,6,2.000000000000000e-02,2.000000000000001e-02,-6.938893903907228e-18
8700,7,-1.800000000000000e-02,-1.800000000000000e-02,3.469446951953614e-18
8700,8,1.500000000000000e-02,1.500000000000000e-02,1.734723475976807e-18
8700,9,1.200000000000000e-02,1.199999999999999e-02,6.938893903907228e-18
8700,10,-1.000000000000000e-02,-1.000000000000000e-02,1.734723475976807e-18
8700,11,8.999999999999999e-03,8.999999999999989e-03,1.040834085586084e-17
8700,12,8.000000000000000e-03,7.999999999999995e-03,5.204170427930421e-18
8700,13,-7.000000000000000e-03,-7.000000000000008e-03,7.806255641895632e-18
8700,14,6.000000000000000e-03,6.000000000000008e-03,-7.806255641895632e-18
8700,15,5.000000000000000e-03,5.000000000000017e-03,-1.734723475976807e-17
8700,16,-4.000000000000000e-03,-3.999999999999999e-03,-8.673617379884035e-19
8700,17,3.500000000000000e-03,3.499999999999991e-03,9.107298248878237e-18
8700,18,3.000000000000000e-03,2.999999999999998e-03,1.734723475976807e-18
8700,19,-2.500000000000000e-03,-2.499999999999988e-03,-1.170938346284345e-17
8700,20,2.000000000000000e-03,2.000000000000003e-03,-3.035766082959412e-18
8700,21,1.800000000000000e-03,1.799999999999987e-03,1.257674520083185e-17
8700,22,-1.500000000000000e-03,-1.499999999999988e-03,-1.235990476633475e-17
8700,23,1.200000000000000e-03,1.200000000000004e-03,-4.119968255444917e-18
8700,24,1.000000000000000e-03,9.999999999999933e-04,6.722053469410127e-18
8700,25,-8.000000000000000e-04,-7.999999999999918e-04,-8.239936510889834e-18
8700,26,5.999999999999999e-04,6.000000000000071e-04,-7.155734338404329e-18
8700,27,5.000000000000000e-04,5.000000000000013e-04,-1.301042606982605e-18
8700,28,-4.000000000000000e-04,-3.999999999999859e-04,-1.414883835093583e-17
8700,29,3.000000000000000e-04,2.999999999999959e-04,4.119968255444917e-18
8800,0,1.200000000000000e-01,1.200000000000000e-01,0.000000000000000e+00
8800,1,-8.000000000000000e-02,-8.000000000000002e-02,1.387778780781446e-17
8800,2,5.500000000000000e-02,5.500000000000000e-02,0.000000000000000e+00
8800,3,4.000000000000000e-02,3.999999999999999e-02,1.387778780781446e-17
8800,4,-3.000000000000000e-02,-3.000000000000000e-02,-3.469446951953614e-18
8800,5,2.500000000000000e-02,2.500000000000000e-02,3.469446951953614e-18
8800,6,2.000000000000000e-02,2.000000000000001e-02,-1.040834085586084e-17
8800,7,-1.800000000000000e-02,-1.800000000000000e-02,-3.469446951953614e-18
8800,8,1.500000000000000e-02,1.500000000000000e-02,-3.469446951953614e-18
8800,9,1.200000000000000e-02,1.200000000000000e-02,-3.469446951953614e-18
8800,10,-1.000000000000000e-02,-9.999999999999981e-03,-1.908195823574488e-17
8800,11,8.999999999999999e-03,9.000000000000003e-03,-3.469446951953614e-18
8800,12,8.000000000000000e-03,7.999999999999991e-03,8.673617379884035e-18
8800,13,-7.000000000000000e-03,-7.000000000000009e-03,8.673617379884035e-18
8800,14,6.000000000000000e-03,5.999999999999995e-03,5.204170427930421e-18
8800,15,5.000000000000000e-03,4.999999999999991e-03,8.673617379884035e-18
8800,16,-4.000000000000000e-03,-3.999999999999999e-03,-8.673617379884035e-19
8800,17,3.500000000000000e-03,3.500000000000012e-03,-1.214306433183765e-17
8800,18,3.000000000000000e-03,3.000000000000011e-03,-1.084202172485504e-17
8800,19,-2.500000000000000e-03,-2.499999999999996e-03,-4.336808689942018e-18
8800,20,2.000000000000000e-03,1.999999999999997e-03,3.035766082959412e-18
8800,21,1.800000000000000e-03,1.799999999999985e-03,1.474514954580286e-17
8800,22,-1.500000000000000e-03,-1.500000000000000e-03,4.336808689942018e-19
8800,23,1.200000000000000e-03,1.200000000000007e-03,-7.372574772901430e-18
8800,24,1.000000000000000e-03,9.999999999999868e-04,1.322726650432315e-17
8800,25,-8.000000000000000e-04,-8.000000000000045e-04,4.445228907190568e-18
8800,26,5.999999999999999e-04,6.000000000000006e-04,-6.505213034913027e-19
8800,27,5.000000000000000e-04,5.000000000000038e-04,-3.794707603699266e-18
8800,28,-4.000000000000000e-04,-4.000000000000184e-04,1.837722682362930e-17
8800,29,3.000000000000000e-04,3.000000000000063e-04,-6.288372600415926e-18
8900,0,1.200000000000000e-01,1.200000000000000e-01,-1.387778780781446e-17
8900,1,-8.000000000000000e-02,-8.000000000000002e-02,1.387778780781446e-17
8900,2,5.500000000000000e-02,5.500000000000000e-02,0.000000000000000e+00
8900,3,4.000000000000000e-02,4.000000000000001e-02,-6.938893903907228e-18
8900,4,-3.000000000000000e-02,-2.999999999999999e-02,-6.938893903907228e-18
8900,5,2.500000000000000e-02,2.500000000000000e-02,-3.469446951953614e-18
8900,6,2.000000000000000e-02,2.000000000000001e-02,-1.387778780781446e-17
8900,7,-1.800000000000000e-02,-1.800000000000000e-02,-3.469446951953614e-18
8900,8,1.500000000000000e-02,1.499999999999999e-02,1.040834085586084e-17
8900,9,1.200000000000000e-02,1.200000000000000e-02,0.000000000000000e+00
8900,10,-1.000000000000000e-02,-9.999999999999993e-03,-6.938893903907228e-18
8900,11,8.999999999999999e-03,9.000000000000013e-03,-1.387778780781446e-17
8900,12,8.000000000000000e-03,7.999999999999991e-03,8.673617379884035e-18
8900,13,-7.000000000000000e-03,-7.000000000000017e-03,1.734723475976807e-17
8900,14,6.000000000000000e-03,5.999999999999992e-03,7.806255641895632e-18
8900,15,5.000000000000000e-03,4.999999999999990e-03,1.040834085586084e-17
8900,16,-4.000000000000000e-03,-3.999999999999997e-03,-3.469446951953614e-18
8900,17,3.500000000000000e-03,3.500000000000009e-03,-8.673617379884035e-18
8900,18,3.000000000000000e-03,3.000000000000004e-03,-3.469446951953614e-18
8900,19,-2.500000000000000e-03,-2.499999999999996e-03,-3.903127820947816e-18
8900,20,2.000000000000000e-03,2.000000000000010e-03,-9.540979117872439e-18
8900,21,1.800000000000000e-03,1.800000000000006e-03,-6.071532165918825e-18
8900,22,-1.500000000000000e-03,-1.500000000000005e-03,4.987329993433320e-18
8900,23,1.200000000000000e-03,1.199999999999999e-03,4.336808689942018e-19
8900,24,1.000000000000000e-03,9.999999999999879e-04,1.214306433183765e-17
8900,25,-8.000000000000000e-04,-8.000000000000032e-04,3.144186300207963e-18
8900,26,5.999999999999999e-04,5.999999999999916e-04,8.348356728138384e-18
8900,27,5.000000000000000e-04,5.000000000000146e-04,-1.463672932855431e-17
8900,28,-4.000000000000000e-04,-3.999999999999928e-04,-7.264154555652880e-18
8900,29,3.000000000000000e-04,3.000000000000097e-04,-9.703609443745265e-18
9000,0,1.200000000000000e-01,1.200000000000000e-01,0.000000000000000e+00
9000,1,-8.000000000000000e-02,-8.000000000000002e-02,1.387778780781446e-17
9000,2,5.500000000000000e-02,5.499999999999999e-02,1.387778780781446e-17
9000,3,4.000000000000000e-02,4.000000000000001e-02,-6.938893903907228e-18
9000,4,-3.000000000000000e-02,-2.999999999999999e-02,-1.040834085586084e-17
9000,5,2.500000000000000e-02,2.499999999999999e-02,6.938893903907228e-18
9000,6,2.000000000000000e-02,2.000000000000000e-02,-3.469446951953614e-18
9000,7,-1.800000000000000e-02,-1.800000000000000e-02,-3.469446951953614e-18
9000,8,1.500000000000000e-02,1.500000000000000e-02,-3.469446951953614e-18
9000,9,1.200000000000000e-02,1.200000000000000e-02,-1.734723475976807e-18
9000,10,-1.000000000000000e-02,-9.999999999999995e-03,-5.204170427930421e-18
9000,11,8.999999999999999e-03,9.000000000000008e-03,-8.673617379884035e-18
9000,12,8.000000000000000e-03,7.999999999999985e-03,1.561251128379126e-17
9000,13,-7.000000000000000e-03,-7.000000000000000e-03,0.000000000000000e+00
9000,14,6.000000000000000e-03,5.999999999999995e-03,5.204170427930421e-18
9000,15,5.000000000000000e-03,5.000000000000002e-03,-1.734723475976807e-18
9000,16,-4.000000000000000e-03,-4.000000000000011e-03,1.127570259384925e-17
9000,17,3.500000000000000e-03,3.499999999999985e-03,1.517883041479706e-17
9000,18,3.000000000000000e-03,2.999999999999989e-03,1.084202172485504e-17
9000,19,-2.500000000000000e-03,-2.499999999999993e-03,-7.372574772901430e-18
9000,20,2.000000000000000e-03,1.999999999999993e-03,6.938893903907228e-18
9000,21,1.800000000000000e-03,1.800000000000006e-03,-6.505213034913027e-18
9000,22,-1.500000000000000e-03,-1.499999999999999e-03,-6.505213034913027e-19
9000,23,1.200000000000000e-03,1.199999999999991e-03,8.673617379884035e-18
9000,24,1.000000000000000e-03,1.000000000000003e-03,-2.818925648462312e-18
9000,25,-8.000000000000000e-04,-8.000000000000000e-04,0.000000000000000e+00
9000,26,5.999999999999999e-04,5.999999999999950e-04,4.987329993433320e-18
9000,27,5.000000000000000e-04,5.000000000000308e-04,-3.079134169858833e-17
9000,28,-4.000000000000000e-04,-3.999999999999823e-04,-1.772670552013800e-17
9000,29,3.000000000000000e-04,2.999999999999898e-04,1.019150042136374e-17
9100,0,1.200000000000000e-01,1.200000000000000e-01,1.387778780781446e-17
9100,1,-8.000000000000000e-02,-8.000000000000000e-02,0.000000000000000e+00
9100,2,5.500000000000000e-02,5.500000000000000e-02,0.000000000000000e+00
9100,3,4.000000000000000e-02,4.000000000000001e-02,-6.938893903907228e-18
9100,4,-3.000000000000000e-02,-2.999999999999999e-02,-1.387778780781446e-17
9100,5,2.500000000000000e-02,2.500000000000000e-02,0.000000000000000e+00
9100,6,2.000000000000000e-02,1.999999999999999e-02,1.387778780781446e-17
9100,7,-1.800000000000000e-02,-1.800000000000000e-02,3.469446951953614e-18
9100,8,1.500000000000000e-02,1.499999999999999e-02,5.204170427930421e-18
9100,9,1.200000000000000e-02,1.200000000000000e-02,3.469446951953614e-18
9100,10,-1.000000000000000e-02,-9.999999999999988e-03,-1.214306433183765e-17
9100,11,8.999999999999999e-03,8.999999999999991e-03,8.673617379884035e-18
9100,12,8.000000000000000e-03,7.999999999999995e-03,5.204170427930421e-18
9100,13,-7.000000000000000e-03,-6.999999999999997e-03,-3.469446951953614e-18
9100,14,6.000000000000000e-03,5.999999999999998e-03,1.734723475976807e-18
9100,15,5.000000000000000e-03,4.999999999999990e-03,1.040834085586084e-17
9100,16,-4.000000000000000e-03,-4.000000000000000e-03,0.000000000000000e+00
9100,17,3.500000000000000e-03,3.499999999999991e-03,9.107298248878237e-18
9100,18,3.000000000000000e-03,2.999999999999995e-03,4.770489558936220e-18
9100,19,-2.500000000000000e-03,-2.500000000000020e-03,2.038300084272748e-17
9100,20,2.000000000000000e-03,2.000000000000000e-03,4.336808689942018e-19
9100,21,1.800000000000000e-03,1.800000000000003e-03,-2.602085213965211e-18
9100,22,-1.500000000000000e-03,-1.500000000000003e-03,2.602085213965211e-18
9100,23,1.200000000000000e-03,1.199999999999988e-03,1.170938346284345e-17
9100,24,1.000000000000000e-03,1.000000000000003e-03,-2.818925648462312e-18
9100,25,-8.000000000000000e-04,-7.999999999999927e-04,-7.372574772901430e-18
9100,26,5.999999999999999e-04,6.000000000000017e-04,-1.734723475976807e-18
9100,27,5.000000000000000e-04,5.000000000000023e-04,-2.276824562219559e-18
9100,28,-4.000000000000000e-04,-4.000000000000035e-04,3.469446951953614e-18
9100,29,3.000000000000000e-04,3.000000000000074e-04,-7.426784881525705e-18
9200,0,1.200000000000000e-01,1.200000000000000e-01,1.387778780781446e-17
9200,1,-8.000000000000000e-02,-8.000000000000000e-02,0.000000000000000e+00
9200,2,5.500000000000000e-02,5.500000000000001e-02,-6.938893903907228e-18
9200,3,4.000000000000000e-02,3.999999999999999e-02,1.387778780781446e-17
9200,4,-3.000000000000000e-02,-2.999999999999999e-02,-6.938893903907228e-18
9200,5,2.500000000000000e-02,2.500000000000000e-02,0.000000000000000e+00
9200,6,2.000000000000000e-02,2.000000000000000e-02,3.469446951953614e-18
9200,7,-1.800000000000000e-02,-1.800000000000002e-02,1.734723475976807e-17
9200,8,1.500000000000000e-02,1.500000000000000e-02,1.734723475976807e-18
9200,9,1.200000000000000e-02,1.200000000000000e-02,-3.469446951953614e-18
9200,10,-1.000000000000000e-02,-9.999999999999988e-03,-1.214306433183765e-17
9200,11,8.999999999999999e-03,9.000000000000006e-03,-6.938893903907228e-18
9200,12,8.000000000000000e-03,8.000000000000005e-03,-5.204170427930421e-18
9200,13,-7.000000000000000e-03,-6.999999999999999e-03,-8.673617379884035e-19
9200,14,6.000000000000000e-03,6.000000000000001e-03,-8.673617379884035e-19
9200,15,5.000000000000000e-03,4.999999999999977e-03,2.341876692568690e-17
9200,16,-4.000000000000000e-03,-4.000000000000007e-03,6.938893903907228e-18
9200,17,3.500000000000000e-03,3.500000000000003e-03,-2.602085213965211e-18
9200,18,3.000000000000000e-03,2.999999999999998e-03,1.734723475976807e-18
9200,19,-2.500000000000000e-03,-2.500000000000006e-03,5.637851296924623e-18
9200,20,2.000000000000000e-03,1.999999999999972e-03,2.775557561562891e-17
9200,21,1.800000000000000e-03,1.799999999999985e-03,1.474514954580286e-17
9200,22,-1.500000000000000e-03,-1.499999999999995e-03,-4.553649124439119e-18
9200,23,1.200000000000000e-03,1.199999999999998e-03,1.951563910473908e-18
9200,24,1.000000000000000e-03,1.000000000000003e-03,-3.252606517456513e-18
9200,25,-8.000000000000000e-04,-8.000000000000026e-04,2.602085213965211e-18
9200,26,5.999999999999999e-04,5.999999999999972e-04,2.710505431213761e-18
9200,27,5.000000000000000e-04,5.000000000000029e-04,-2.927345865710862e-18
9200,28,-4.000000000000000e-04,-4.000000000000137e-04,1.371515748194163e-17
9200,29,3.000000000000000e-04,3.000000000000049e-04,-4.878909776184770e-18
9300,0,1.200000000000000e-01,1.200000000000000e-01,0.000000000000000e+00
9300,1,-8.000000000000000e-02,-8.000000000000000e-02,0.000000000000000e+00
9300,2,5.500000000000000e-02,5.499999999999999e-02,6.938893903907228e-18
9300,3,4.000000000000000e-02,3.999999999999999e-02,6.938893903907228e-18
9300,4,-3.000000000000000e-02,-3.000000000000000e-02,0.000000000000000e+00
9300,5,2.500000000000000e-02,2.500000000000000e-02,-3.469446951953614e-18
9300,6,2.000000000000000e-02,2.000000000000000e-02,3.469446951953614e-18
9300,7,-1.800000000000000e-02,-1.800000000000000e-02,0.000000000000000e+00
9300,8,1.500000000000000e-02,1.500000000000001e-02,-6.938893903907228e-18
9300,9,1.200000000000000e-02,1.199999999999998e-02,1.908195823574488e-17
9300,10,-1.000000000000000e-02,-1.000000000000000e-02,1.734723475976807e-18
9300,11,8.999999999999999e-03,9.000000000000001e-03,-1.734723475976807e-18
9300,12,8.000000000000000e-03,7.999999999999997e-03,3.469446951953614e-18
9300,13,-7.000000000000000e-03,-7.000000000000001e-03,8.673617379884035e-19
9300,14,6.000000000000000e-03,5.999999999999998e-03,1.734723475976807e-18
9300,15,5.000000000000000e-03,4.999999999999997e-03,3.469446951953614e-18
9300,16,-4.000000000000000e-03,-3.999999999999989e-03,-1.127570259384925e-17
9300,17,3.500000000000000e-03,3.500000000000007e-03,-6.505213034913027e-18
9300,18,3.000000000000000e-03,3.000000000000002e-03,-2.168404344971009e-18
9300,19,-2.500000000000000e-03,-2.499999999999993e-03,-7.372574772901430e-18
9300,20,2.000000000000000e-03,1.999999999999995e-03,5.204170427930421e-18
9300,21,1.800000000000000e-03,1.799999999999984e-03,1.604619215278547e-17
9300,22,-1.500000000000000e-03,-1.500000000000003e-03,2.602085213965211e-18
9300,23,1.200000000000000e-03,1.200000000000002e-03,-2.168404344971009e-18
9300,24,1.000000000000000e-03,9.999999999999896e-04,1.040834085586084e-17
9300,25,-8.000000000000000e-04,-7.999999999999983e-04,-1.734723475976807e-18
9300,26,5.999999999999999e-04,5.999999999999956e-04,4.336808689942018e-18
9300,27,5.000000000000000e-04,4.999999999999908e-04,9.215718466126788e-18
9300,28,-4.000000000000000e-04,-3.999999999999989e-04,-1.138412281109780e-18
9300,29,3.000000000000000e-04,3.000000000000130e-04,-1.301042606982605e-17
9400,0,1.200000000000000e-01,1.200000000000000e-01,0.000000000000000e+00
9400,1,-8.000000000000000e-02,-8.000000000000002e-02,1.387778780781446e-17
9400,2,5.500000000000000e-02,5.500000000000002e-02,-2.081668171172169e-17
9400,3,4.000000000000000e-02,3.999999999999999e-02,6.938893903907228e-18
9400,4,-3.000000000000000e-02,-3.000000000000000e-02,0.000000000000000e+00
9400,5,2.500000000000000e-02,2.500000000000000e-02,0.000000000000000e+00
9400,6,2.000000000000000e-02,1.999999999999998e-02,1.734723475976807e-17
9400,7,-1.800000000000000e-02,-1.799999999999999e-02,-1.040834085586084e-17
9400,8,1.500000000000000e-02,1.500000000000001e-02,-1.214306433183765e-17
9400,9,1.200000000000000e-02,1.200000000000001e-02,-6.938893903907228e-18
9400,10,-1.000000000000000e-02,-1.000000000000001e-02,6.938893903907228e-18
9400,11,8.999999999999999e-03,8.999999999999996e-03,3.469446951953614e-18
9400,12,8.000000000000000e-03,7.999999999999988e-03,1.214306433183765e-17
9400,13,-7.000000000000000e-03,-6.999999999999999e-03,-8.673617379884035e-19
9400,14,6.000000000000000e-03,5.999999999999986e-03,1.387778780781446e-17
9400,15,5.000000000000000e-03,5.000000000000033e-03,-3.295974604355933e-17
9400,16,-4.000000000000000e-03,-4.000000000000013e-03,1.301042606982605e-17
9400,17,3.500000000000000e-03,3.499999999999991e-03,9.540979117872439e-18
9400,18,3.000000000000000e-03,3.000000000000007e-03,-6.938893903907228e-18
9400,19,-2.500000000000000e-03,-2.500000000000016e-03,1.604619215278547e-17
9400,20,2.000000000000000e-03,2.000000000000013e-03,-1.301042606982605e-17
9400,21,1.800000000000000e-03,1.799999999999983e-03,1.647987302177967e-17
9400,22,-1.500000000000000e-03,-1.500000000000000e-03,4.336808689942018e-19
9400,23,1.200000000000000e-03,1.200000000000014e-03,-1.431146867680866e-17
9400,24,1.000000000000000e-03,1.000000000000002e-03,-1.734723475976807e-18
9400,25,-8.000000000000000e-04,-7.999999999999830e-04,-1.702197410802242e-17
9400,26,5.999999999999999e-04,5.999999999999946e-04,5.312590645178972e-18
9400,27,5.000000000000000e-04,5.000000000000150e-04,-1.496198998029996e-17
9400,28,-4.000000000000000e-04,-3.999999999999958e-04,-4.174178364069192e-18
9400,29,3.000000000000000e-04,2.999999999999933e-04,6.722053469410127e-18
9500,0,1.200000000000000e-01,1.200000000000000e-01,0.000000000000000e+00
9500,1,-8.000000000000000e-02,-7.999999999999999e-02,-1.387778780781446e-17
9500,2,5.500000000000000e-02,5.500000000000000e-02,0.000000000000000e+00
9500,3,4.000000000000000e-02,3.999999999999999e-02,1.387778780781446e-17
9500,4,-3.000000000000000e-02,-3.000000000000001e-02,1.387778780781446e-17
9500,5,2.500000000000000e-02,2.500000000000000e-02,0.000000000000000e+00
9500,6,2.000000000000000e-02,2.000000000000002e-02,-1.734723475976807e-17
9500,7,-1.800000000000000e-02,-1.799999999999999e-02,-6.938893903907228e-18
9500,8,1.500000000000000e-02,1.499999999999999e-02,1.387778780781446e-17
9500,9,1.200000000000000e-02,1.200000000000000e-02,-1.734723475976807e-18
9500,10,-1.000000000000000e-02,-9.999999999999986e-03,-1.387778780781446e-17
9500,11,8.999999999999999e-03,9.000000000000011e-03,-1.214306433183765e-17
9500,12,8.000000000000000e-03,8.000000000000007e-03,-6.938893903907228e-18
9500,13,-7.000000000000000e-03,-7.000000000000007e-03,6.938893903907228e-18
9500,14,6.000000000000000e-03,6.000000000000002e-03,-1.734723475976807e-18
9500,15,5.000000000000000e-03,4.999999999999991e-03,9.540979117872439e-18
9500,16,-4.000000000000000e-03,-4.000000000000005e-03,5.204170427930421e-18
9500,17,3.500000000000000e-03,3.499999999999988e-03,1.170938346284345e-17
9500,18,3.000000000000000e-03,3.000000000000001e-03,-1.301042606982605e-18
9500,19,-2.500000000000000e-03,-2.500000000000006e-03,6.071532165918825e-18
9500,20,2.000000000000000e-03,2.000000000000000e-03,-4.336808689942018e-19
9500,21,1.800000000000000e-03,1.800000000000022e-03,-2.211772431870429e-17
9500,22,-1.500000000000000e-03,-1.500000000000021e-03,2.125036258071589e-17
9500,23,1.200000000000000e-03,1.200000000000010e-03,-9.974659986866641e-18
9500,24,1.000000000000000e-03,9.999999999999898e-04,1.019150042136374e-17
9500,25,-8.000000000000000e-04,-8.000000000000014e-04,1.409462824231156e-18
9500,26,5.999999999999999e-04,5.999999999999922e-04,7.697835424647081e-18
9500,27,5.000000000000000e-04,5.000000000000053e-04,-5.312590645178972e-18
9500,28,-4.000000000000000e-04,-3.999999999999925e-04,-7.480994990149981e-18
9500,29,3.000000000000000e-04,2.999999999999993e-04,6.505213034913027e-19
9600,0,1.200000000000000e-01,1.200000000000000e-01,0.000000000000000e+00
9600,1,-8.000000000000000e-02,-8.000000000000002e-02,1.387778780781446e-17
9600,2,5.500000000000000e-02,5.500000000000001e-02,-6.938893903907228e-18
9600,3,4.000000000000000e-02,4.000000000000001e-02,-6.938893903907228e-18
9600,4,-3.000000000000000e-02,-3.000000000000001e-02,6.938893903907228e-18
9600,5,2.500000000000000e-02,2.500000000000000e-02,3.469446951953614e-18
9600,6,2.000000000000000e-02,1.999999999999999e-02,6.938893903907228e-18
9600,7,-1.800000000000000e-02,-1.800000000000001e-02,1.387778780781446e-17
9600,8,1.500000000000000e-02,1.500000000000001e-02,-6.938893903907228e-18
9600,9,1.200000000000000e-02,1.200000000000002e-02,-2.255140518769849e-17
9600,10,-1.000000000000000e-02,-9.999999999999995e-03,-5.204170427930421e-18
9600,11,8.999999999999999e-03,8.999999999999994e-03,5.204170427930421e-18
9600,12,8.000000000000000e-03,8.000000000000011e-03,-1.040834085586084e-17
9600,13,-7.000000000000000e-03,-6.999999999999992e-03,-7.806255641895632e-18
9600,14,6.000000000000000e-03,5.999999999999997e-03,3.469446951953614e-18
9600,15,5.000000000000000e-03,4.999999999999997e-03,3.469446951953614e-18
9600,16,-4.000000000000000e-03,-4.000000000000000e-03,0.000000000000000e+00
9600,17,3.500000000000000e-03,3.499999999999991e-03,8.673617379884035e-18
9600,18,3.000000000000000e-03,2.999999999999995e-03,5.204170427930421e-18
9600,19,-2.500000000000000e-03,-2.500000000000006e-03,5.637851296924623e-18
9600,20,2.000000000000000e-03,2.000000000000003e-03,-3.035766082959412e-18
9600,21,1.800000000000000e-03,1.799999999999990e-03,1.040834085586084e-17
9600,22,-1.500000000000000e-03,-1.500000000000004e-03,3.469446951953614e-18
9600,23,1.200000000000000e-03,1.199999999999996e-03,3.686287386450715e-18
9600,24,1.000000000000000e-03,9.999999999999998e-04,2.168404344971009e-19
9600,25,-8.000000000000000e-04,-7.999999999999870e-04,-1.301042606982605e-17
9600,26,5.999999999999999e-04,6.000000000000048e-04,-4.878909776184770e-18
9600,27,5.000000000000000e-04,4.999999999999975e-04,2.493664996716660e-18
9600,28,-4.000000000000000e-04,-4.000000000000111e-04,1.105886215935215e-17
9600,29,3.000000000000000e-04,3.000000000000139e-04,-1.387778780781446e-17
9700,0,1.200000000000000e-01,1.200000000000000e-01,-1.387778780781446e-17
9700,1,-8.000000000000000e-02,-8.000000000000002e-02,1.387778780781446e-17
9700,2,5.500000000000000e-02,5.499999999999999e-02,6.938893903907228e-18
9700,3,4.000000000000000e-02,3.999999999999999e-02,6.938893903907228e-18
9700,4,-3.000000000000000e-02,-2.999999999999999e-02,-6.938893903907228e-18
9700,5,2.500000000000000e-02,2.499999999999999e-02,1.040834085586084e-17
9700,6,2.000000000000000e-02,2.000000000000000e-02,0.000000000000000e+00
9700,7,-1.800000000000000e-02,-1.800000000000000e-02,3.469446951953614e-18
9700,8,1.500000000000000e-02,1.500000000000000e-02,0.000000000000000e+00
9700,9,1.200000000000000e-02,1.200000000000002e-02,-1.734723475976807e-17
9700,10,-1.000000000000000e-02,-9.999999999999990e-03,-1.040834085586084e-17
9700,11,8.999999999999999e-03,8.999999999999991e-03,8.673617379884035e-18
9700,12,8.000000000000000e-03,8.000000000000004e-03,-3.469446951953614e-18
9700,13,-7.000000000000000e-03,-6.999999999999987e-03,-1.301042606982605e-17
9700,14,6.000000000000000e-03,5.999999999999984e-03,1.647987302177967e-17
9700,15,5.000000000000000e-03,4.999999999999999e-03,8.673617379884035e-19
9700,16,-4.000000000000000e-03,-4.000000000000003e-03,2.602085213965211e-18
9700,17,3.500000000000000e-03,3.500000000000003e-03,-2.602085213965211e-18
9700,18,3.000000000000000e-03,3.000000000000007e-03,-6.505213034913027e-18
9700,19,-2.500000000000000e-03,-2.499999999999996e-03,-3.903127820947816e-18
9700,20,2.000000000000000e-03,2.000000000000002e-03,-1.734723475976807e-18
9700,21,1.800000000000000e-03,1.799999999999983e-03,1.647987302177967e-17
9700,22,-1.500000000000000e-03,-1.499999999999998e-03,-1.734723475976807e-18
9700,23,1.200000000000000e-03,1.200000000000015e-03,-1.539567084929416e-17
9700,24,1.000000000000000e-03,9.999999999999920e-04,8.023096076392733e-18
9700,25,-8.000000000000000e-04,-7.999999999999896e-04,-1.040834085586084e-17
9700,26,5.999999999999999e-04,5.999999999999764e-04,2.352718714293545e-17
9700,27,5.000000000000000e-04,5.000000000000010e-04,-9.757819552369540e-19
9700,28,-4.000000000000000e-04,-3.999999999999971e-04,-2.873135757086587e-18
9700,29,3.000000000000000e-04,3.000000000000081e-04,-8.131516293641283e-18
9800,0,1.200000000000000e-01,1.200000000000000e-01,-1.387778780781446e-17
9800,1,-8.000000000000000e-02,-8.000000000000000e-02,0.000000000000000e+00
9800,2,5.500000000000000e-02,5.500000000000000e-02,0.000000000000000e+00
9800,3,4.000000000000000e-02,4.000000000000001e-02,-6.938893903907228e-18
9800,4,-3.000000000000000e-02,-3.000000000000000e-02,3.469446951953614e-18
9800,5,2.500000000000000e-02,2.500000000000001e-02,-1.040834085586084e-17
9800,6,2.000000000000000e-02,2.000000000000000e-02,-3.469446951953614e-18
9800,7,-1.800000000000000e-02,-1.800000000000000e-02,-3.469446951953614e-18
9800,8,1.500000000000000e-02,1.500000000000000e-02,-5.204170427930421e-18
9800,9,1.200000000000000e-02,1.200000000000000e-02,1.734723475976807e-18
9800,10,-1.000000000000000e-02,-1.000000000000001e-02,6.938893903907228e-18
9800,11,8.999999999999999e-03,8.999999999999985e-03,1.387778780781446e-17
9800,12,8.000000000000000e-03,8.000000000000005e-03,-5.204170427930421e-18
9800,13,-7.000000000000000e-03,-6.999999999999995e-03,-5.204170427930421e-18
9800,14,6.000000000000000e-03,5.999999999999992e-03,7.806255641895632e-18
9800,15,5.000000000000000e-03,4.999999999999984e-03,1.561251128379126e-17
9800,16,-4.000000000000000e-03,-3.999999999999979e-03,-2.081668171172169e-17
9800,17,3.500000000000000e-03,3.500000000000002e-03,-1.734723475976807e-18
9800,18,3.000000000000000e-03,2.999999999999990e-03,1.040834085586084e-17
9800,19,-2.500000000000000e-03,-2.499999999999986e-03,-1.431146867680866e-17
9800,20,2.000000000000000e-03,2.000000000000002e-03,-2.168404344971009e-18
9800,21,1.800000000000000e-03,1.799999999999997e-03,3.252606517456513e-18
9800,22,-1.500000000000000e-03,-1.499999999999982e-03,-1.756407519426517e-17
9800,23,1.200000000000000e-03,1.199999999999995e-03,4.553649124439119e-18
9800,24,1.000000000000000e-03,9.999999999999981e-04,1.951563910473908e-18
9800,25,-8.000000000000000e-04,-7.999999999999826e-04,-1.745565497701662e-17
9800,26,5.999999999999999e-04,5.999999999999980e-04,1.951563910473908e-18
9800,27,5.000000000000000e-04,5.000000000000012e-04,-1.192622389734055e-18
9800,28,-4.000000000000000e-04,-4.000000000000167e-04,1.664250334765249e-17
9800,29,3.000000000000000e-04,3.000000000000104e-04,-1.046255096448512e-17
9900,0,1.200000000000000e-01,1.200000000000000e-01,0.000000000000000e+00
9900,1,-8.000000000000000e-02,-7.999999999999999e-02,-1.387778780781446e-17
9900,2,5.500000000000000e-02,5.499999999999999e-02,6.938893903907228e-18
9900,3,4.000000000000000e-02,3.999999999999999e-02,1.387778780781446e-17
9900,4,-3.000000000000000e-02,-3.000000000000000e-02,0.000000000000000e+00
9900,5,2.500000000000000e-02,2.499999999999997e-02,3.122502256758253e-17
9900,6,2.000000000000000e-02,1.999999999999999e-02,6.938893903907228e-18
9900,7,-1.800000000000000e-02,-1.800000000000001e-02,1.387778780781446e-17
9900,8,1.500000000000000e-02,1.500000000000002e-02,-2.081668171172169e-17
9900,9,1.200000000000000e-02,1.199999999999999e-02,1.040834085586084e-17
9900,10,-1.000000000000000e-02,-1.000000000000001e-02,6.938893903907228e-18
9900,11,8.999999999999999e-03,8.999999999999999e-03,0.000000000000000e+00
9900,12,8.000000000000000e-03,7.999999999999988e-03,1.214306433183765e-17
9900,13,-7.000000000000000e-03,-6.999999999999991e-03,-9.540979117872439e-18
9900,14,6.000000000000000e-03,5.999999999999991e-03,8.673617379884035e-18
9900,15,5.000000000000000e-03,4.999999999999997e-03,3.469446951953614e-18
9900,16,-4.000000000000000e-03,-3.999999999999991e-03,-8.673617379884035e-18
9900,17,3.500000000000000e-03,3.499999999999992e-03,8.239936510889834e-18
9900,18,3.000000000000000e-03,2.999999999999986e-03,1.431146867680866e-17
9900,19,-2.500000000000000e-03,-2.500000000000006e-03,5.637851296924623e-18
9900,20,2.000000000000000e-03,1.999999999999990e-03,1.040834085586084e-17
9900,21,1.800000000000000e-03,1.799999999999986e-03,1.431146867680866e-17
9900,22,-1.500000000000000e-03,-1.499999999999990e-03,-1.040834085586084e-17
9900,23,1.200000000000000e-03,1.199999999999994e-03,5.637851296924623e-18
9900,24,1.000000000000000e-03,1.000000000000010e-03,-9.540979117872439e-18
9900,25,-8.000000000000000e-04,-7.999999999999919e-04,-8.131516293641283e-18
9900,26,5.999999999999999e-04,6.000000000000075e-04,-7.589415207398531e-18
9900,27,5.000000000000000e-04,4.999999999999870e-04,1.301042606982605e-17
9900,28,-4.000000000000000e-04,-3.999999999999915e-04,-8.510987054011210e-18
9900,29,3.000000000000000e-04,3.000000000000069e-04,-6.938893903907228e-18
10000,0,1.200000000000000e-01,1.200000000000000e-01,0.000000000000000e+00
10000,1,-8.000000000000000e-02,-8.000000000000002e-02,1.387778780781446e-17
10000,2,5.500000000000000e-02,5.500000000000000e-02,0.000000000000000e+00
10000,3,4.000000000000000e-02,3.999999999999999e-02,1.387778780781446e-17
10000,4,-3.000000000000000e-02,-2.999999999999999e-02,-1.040834085586084e-17
10000,5,2.500000000000000e-02,2.500000000000000e-02,-3.469446951953614e-18
10000,6,2.000000000000000e-02,2.000000000000001e-02,-1.040834085586084e-17
10000,7,-1.800000000000000e-02,-1.800000000000001e-02,6.938893903907228e-18
10000,8,1.500000000000000e-02,1.500000000000000e-02,0.000000000000000e+00
10000,9,1.200000000000000e-02,1.200000000000000e-02,-3.469446951953614e-18
10000,10,-1.000000000000000e-02,-1.000000000000000e-02,1.734723475976807e-18
10000,11,8.999999999999999e-03,8.999999999999979e-03,2.081668171172169e-17
10000,12,8.000000000000000e-03,8.000000000000012e-03,-1.214306433183765e-17
10000,13,-7.000000000000000e-03,-7.000000000000009e-03,8.673617379884035e-18
10000,14,6.000000000000000e-03,6.000000000000002e-03,-1.734723475976807e-18
10000,15,5.000000000000000e-03,4.999999999999995e-03,5.204170427930421e-18
10000,16,-4.000000000000000e-03,-3.999999999999981e-03,-1.908195823574488e-17
10000,17,3.500000000000000e-03,3.500000000000010e-03,-9.540979117872439e-18
10000,18,3.000000000000000e-03,3.000000000000000e-03,4.336808689942018e-19
10000,19,-2.500000000000000e-03,-2.499999999999988e-03,-1.214306433183765e-17
10000,20,2.000000000000000e-03,1.999999999999995e-03,5.204170427930421e-18
10000,21,1.800000000000000e-03,1.800000000000018e-03,-1.821459649775647e-17
10000,22,-1.500000000000000e-03,-1.500000000000004e-03,4.119968255444917e-18
10000,23,1.200000000000000e-03,1.200000000000001e-03,-1.517883041479706e-18
10000,24,1.000000000000000e-03,9.999999999999948e-04,5.204170427930421e-18
10000,25,-8.000000000000000e-04,-7.999999999999933e-04,-6.722053469410127e-18
10000,26,5.999999999999999e-04,6.000000000000062e-04,-6.288372600415926e-18
10000,27,5.000000000000000e-04,4.999999999999947e-04,5.312590645178972e-18
10000,28,-4.000000000000000e-04,-3.999999999999943e-04,-5.746271514173174e-18
10000,29,3.000000000000000e-04,2.999999999999930e-04,6.993104012531504e-18
10100,0,1.200000000000000e-01,1.200000000000000e-01,2.775557561562891e-17
10100,1,-8.000000000000000e-02,-8.000000000000002e-02,1.387778780781446e-17
10100,2,5.500000000000000e-02,5.500000000000000e-02,0.000000000000000e+00
10100,3,4.000000000000000e-02,3.999999999999999e-02,6.938893903907228e-18
10100,4,-3.000000000000000e-02,-3.000000000000000e-02,0.000000000000000e+00
10100,5,2.500000000000000e-02,2.500000000000001e-02,-1.040834085586084e-17
10100,6,2.000000000000000e-02,2.000000000000000e-02,0.000000000000000e+00
10100,7,-1.800000000000000e-02,-1.800000000000000e-02,3.469446951953614e-18
10100,8,1.500000000000000e-02,1.500000000000000e-02,1.734723475976807e-18
10100,9,1.200000000000000e-02,1.200000000000001e-02,-5.204170427930421e-18
10100,10,-1.000000000000000e-02,-1.000000000000000e-02,0.000000000000000e+00
10100,11,8.999999999999999e-03,9.000000000000005e-03,-5.204170427930421e-18
10100,12,8.000000000000000e-03,8.000000000000005e-03,-5.204170427930421e-18
10100,13,-7.000000000000000e-03,-6.999999999999998e-03,-1.734723475976807e-18
10100,14,6.000000000000000e-03,5.999999999999998e-03,1.734723475976807e-18
10100,15,5.000000000000000e-03,4.999999999999998e-03,2.602085213965211e-18
10100,16,-4.000000000000000e-03,-4.000000000000010e-03,1.040834085586084e-17
10100,17,3.500000000000000e-03,3.499999999999994e-03,6.071532165918825e-18
10100,18,3.000000000000000e-03,3.000000000000000e-03,4.336808689942018e-19
10100,19,-2.500000000000000e-03,-2.500000000000000e-03,4.336808689942018e-19
10100,20,2.000000000000000e-03,1.999999999999994e-03,6.505213034913027e-18
10100,21,1.800000000000000e-03,1.800000000000006e-03,-5.854691731421724e-18
10100,22,-1.500000000000000e-03,-1.499999999999999e-03,-8.673617379884035e-19
10100,23,1.200000000000000e-03,1.199999999999989e-03,1.084202172485504e-17
10100,24,1.000000000000000e-03,1.000000000000012e-03,-1.214306433183765e-17
10100,25,-8.000000000000000e-04,-8.000000000000112e-04,1.116728237660070e-17
10100,26,5.999999999999999e-04,5.999999999999966e-04,3.361026734705064e-18
10100,27,5.000000000000000e-04,5.000000000000054e-04,-5.421010862427522e-18
10100,28,-4.000000000000000e-04,-3.999999999999955e-04,-4.499439015814843e-18
10100,29,3.000000000000000e-04,2.999999999999974e-04,2.547875105340935e-18
10200,0,1.200000000000000e-01,1.200000000000000e-01,-1.387778780781446e-17
10200,1,-8.000000000000000e-02,-8.000000000000000e-02,0.000000000000000e+00
10200,2,5.500000000000000e-02,5.499999999999999e-02,6.938893903907228e-18
10200,3,4.000000000000000e-02,4.000000000000004e-02,-4.163336342344337e-17
10200,4,-3.000000000000000e-02,-2.999999999999999e-02,-1.040834085586084e-17
10200,5,2.500000000000000e-02,2.499999999999999e-02,6.938893903907228e-18
10200,6,2.000000000000000e-02,2.000000000000003e-02,-2.775557561562891e-17
10200,7,-1.800000000000000e-02,-1.799999999999998e-02,-1.734723475976807e-17
10200,8,1.500000000000000e-02,1.499999999999999e-02,6.938893903907228e-18
10200,9,1.200000000000000e-02,1.200000000000000e-02,0.000000000000000e+00
10200,10,-1.000000000000000e-02,-1.000000000000001e-02,5.204170427930421e-18
10200,11,8.999999999999999e-03,8.999999999999992e-03,6.938893903907228e-18
10200,12,8.000000000000000e-03,8.000000000000035e-03,-3.469446951953614e-17
10200,13,-7.000000000000000e-03,-6.999999999999988e-03,-1.214306433183765e-17
10200,14,6.000000000000000e-03,5.999999999999991e-03,8.673617379884035e-18
10200,15,5.000000000000000e-03,5.000000000000017e-03,-1.734723475976807e-17
10200,16,-4.000000000000000e-03,-3.999999999999988e-03,-1.214306433183765e-17
10200,17,3.500000000000000e-03,3.500000000000007e-03,-6.938893903907228e-18
10200,18,3.000000000000000e-03,2.999999999999996e-03,3.903127820947816e-18
10200,19,-2.500000000000000e-03,-2.500000000000004e-03,3.903127820947816e-18
10200,20,2.000000000000000e-03,2.000000000000007e-03,-7.372574772901430e-18
10200,21,1.800000000000000e-03,1.800000000000006e-03,-6.071532165918825e-18
10200,22,-1.500000000000000e-03,-1.499999999999999e-03,-8.673617379884035e-19
10200,23,1.200000000000000e-03,1.199999999999991e-03,9.324138683375338e-18
10200,24,1.000000000000000e-03,1.000000000000012e-03,-1.235990476633475e-17
10200,25,-8.000000000000000e-04,-7.999999999999996e-04,-4.336808689942018e-19
10200,26,5.999999999999999e-04,5.999999999999874e-04,1.257674520083185e-17
10200,27,5.000000000000000e-04,5.000000000000006e-04,-5.421010862427522e-19
10200,28,-4.000000000000000e-04,-3.999999999999767e-04,-2.331034670843835e-17
10200,29,3.000000000000000e-04,3.000000000000098e-04,-9.866239769618090e-18
10300,0,1.200000000000000e-01,1.200000000000000e-01,-1.387778780781446e-17
10300,1,-8.000000000000000e-02,-8.000000000000000e-02,0.000000000000000e+00
10300,2,5.500000000000000e-02,5.499999999999999e-02,1.387778780781446e-17
10300,3,4.000000000000000e-02,4.000000000000000e-02,0.000000000000000e+00
10300,4,-3.000000000000000e-02,-3.000000000000000e-02,-3.469446951953614e-18
10300,5,2.500000000000000e-02,2.499999999999999e-02,1.040834085586084e-17
10300,6,2.000000000000000e-02,1.999999999999999e-02,6.938893903907228e-18
10300,7,-1.800000000000000e-02,-1.799999999999998e-02,-1.734723475976807e-17
10300,8,1.500000000000000e-02,1.499999999999998e-02,1.561251128379126e-17
10300,9,1.200000000000000e-02,1.200000000000001e-02,-1.214306433183765e-17
10300,10,-1.000000000000000e-02,-9.999999999999995e-03,-5.204170427930421e-18
10300,11,8.999999999999999e-03,9.000000000000011e-03,-1.214306433183765e-17
10300,12,8.000000000000000e-03,7.999999999999990e-03,1.040834085586084e-17
10300,13,-7.000000000000000e-03,-6.999999999999991e-03,-9.540979117872439e-18
10300,14,6.000000000000000e-03,6.000000000000004e-03,-4.336808689942018e-18
10300,15,5.000000000000000e-03,4.999999999999999e-03,8.673617379884035e-19
10300,16,-4.000000000000000e-03,-3.999999999999988e-03,-1.214306433183765e-17
10300,17,3.500000000000000e-03,3.500000000000020e-03,-2.038300084272748e-17
10300,18,3.000000000000000e-03,2.999999999999976e-03,2.385244779468110e-17
10300,19,-2.500000000000000e-03,-2.499999999999987e-03,-1.257674520083185e-17
10300,20,2.000000000000000e-03,2.000000000000005e-03,-5.204170427930421e-18
10300,21,1.800000000000000e-03,1.800000000000012e-03,-1.214306433183765e-17
10300,22,-1.500000000000000e-03,-1.500000000000006e-03,5.854691731421724e-18
10300,23,1.200000000000000e-03,1.200000000000004e-03,-4.553649124439119e-18
10300,24,1.000000000000000e-03,1.000000000000005e-03,-5.421010862427522e-18
10300,25,-8.000000000000000e-04,-8.000000000000056e-04,5.529431079676073e-18
10300,26,5.999999999999999e-04,6.000000000000042e-04,-4.228388472693467e-18
10300,27,5.000000000000000e-04,4.999999999999908e-04,9.215718466126788e-18
10300,28,-4.000000000000000e-04,-3.999999999999984e-04,-1.626303258728257e-18
10300,29,3.000000000000000e-04,2.999999999999915e-04,8.456776945386935e-18
10400,0,1.200000000000000e-01,1.200000000000000e-01,-2.775557561562891e-17
10400,1,-8.000000000000000e-02,-7.999999999999999e-02,-1.387778780781446e-17
10400,2,5.500000000000000e-02,5.499999999999999e-02,1.387778780781446e-17
10400,3,4.000000000000000e-02,4.000000000000003e-02,-2.775557561562891e-17
10400,4,-3.000000000000000e-02,-3.000000000000001e-02,6.938893903907228e-18
10400,5,2.500000000000000e-02,2.500000000000000e-02,3.469446951953614e-18
10400,6,2.000000000000000e-02,2.000000000000001e-02,-6.938893903907228e-18
10400,7,-1.800000000000000e-02,-1.800000000000000e-02,0.000000000000000e+00
10400,8,1.500000000000000e-02,1.500000000000000e-02,3.469446951953614e-18
10400,9,1.200000000000000e-02,1.199999999999999e-02,6.938893903907228e-18
10400,10,-1.000000000000000e-02,-1.000000000000001e-02,5.204170427930421e-18
10400,11,8.999999999999999e-03,9.000000000000008e-03,-8.673617379884035e-18
10400,12,8.000000000000000e-03,8.000000000000007e-03,-6.938893903907228e-18
10400,13,-7.000000000000000e-03,-6.999999999999995e-03,-5.204170427930421e-18
10400,14,6.000000000000000e-03,6.000000000000013e-03,-1.301042606982605e-17
10400,15,5.000000000000000e-03,4.999999999999982e-03,1.821459649775647e-17
10400,16,-4.000000000000000e-03,-4.000000000000001e-03,8.673617379884035e-19
10400,17,3.500000000000000e-03,3.499999999999988e-03,1.170938346284345e-17
10400,18,3.000000000000000e-03,2.999999999999997e-03,2.602085213965211e-18
10400,19,-2.500000000000000e-03,-2.500000000000004e-03,4.336808689942018e-18
10400,20,2.000000000000000e-03,1.999999999999992e-03,7.806255641895632e-18
10400,21,1.800000000000000e-03,1.800000000000007e-03,-7.372574772901430e-18
10400,22,-1.500000000000000e-03,-1.499999999999990e-03,-1.040834085586084e-17
10400,23,1.200000000000000e-03,1.200000000000000e-03,-2.168404344971009e-19
10400,24,1.000000000000000e-03,1.000000000000003e-03,-3.252606517456513e-18
10400,25,-8.000000000000000e-04,-8.000000000000090e-04,8.998878031629687e-18
10400,26,5.999999999999999e-04,6.000000000000137e-04,-1.376936759056591e-17
10400,27,5.000000000000000e-04,5.000000000000170e-04,-1.702197410802242e-17
10400,28,-4.000000000000000e-04,-3.999999999999929e-04,-7.155734338404329e-18
10400,29,3.000000000000000e-04,3.000000000000050e-04,-5.041540102057596e-18
10500,0,1.200000000000000e-01,1.200000000000000e-01,-1.387778780781446e-17
10500,1,-8.000000000000000e-02,-7.999999999999997e-02,-2.775557561562891e-17
10500,2,5.500000000000000e-02,5.499999999999999e-02,1.387778780781446e-17
10500,3,4.000000000000000e-02,4.000000000000001e-02,-6.938893903907228e-18
10500,4,-3.000000000000000e-02,-2.999999999999999e-02,-1.387778780781446e-17
10500,5,2.500000000000000e-02,2.500000000000000e-02,0.000000000000000e+00
10500,6,2.000000000000000e-02,2.000000000000000e-02,3.469446951953614e-18
10500,7,-1.800000000000000e-02,-1.800000000000001e-02,1.387778780781446e-17
10500,8,1.500000000000000e-02,1.499999999999999e-02,5.204170427930421e-18
10500,9,1.200000000000000e-02,1.200000000000000e-02,-1.734723475976807e-18
10500,10,-1.000000000000000e-02,-1.000000000000001e-02,1.040834085586084e-17
10500,11,8.999999999999999e-03,8.999999999999994e-03,5.204170427930421e-18
10500,12,8.000000000000000e-03,7.999999999999983e-03,1.734723475976807e-17
10500,13,-7.000000000000000e-03,-6.999999999999988e-03,-1.214306433183765e-17
10500,14,6.000000000000000e-03,6.000000000000004e-03,-4.336808689942018e-18
10500,15,5.000000000000000e-03,5.000000000000021e-03,-2.081668171172169e-17
10500,16,-4.000000000000000e-03,-4.000000000000016e-03,1.561251128379126e-17
10500,17,3.500000000000000e-03,3.500000000000014e-03,-1.387778780781446e-17
10500,18,3.000000000000000e-03,2.999999999999997e-03,3.035766082959412e-18
10500,19,-2.500000000000000e-03,-2.499999999999987e-03,-1.301042606982605e-17
10500,20,2.000000000000000e-03,2.000000000000006e-03,-5.637851296924623e-18
10500,21,1.800000000000000e-03,1.800000000000008e-03,-8.023096076392733e-18
10500,22,-1.500000000000000e-03,-1.499999999999996e-03,-3.903127820947816e-18
10500,23,1.200000000000000e-03,1.199999999999998e-03,2.168404344971009e-18
10500,24,1.000000000000000e-03,9.999999999999920e-04,8.023096076392733e-18
10500,25,-8.000000000000000e-04,-8.000000000000136e-04,1.355252715606881e-17
10500,26,5.999999999999999e-04,5.999999999999976e-04,2.385244779468110e-18
10500,27,5.000000000000000e-04,5.000000000000030e-04,-3.035766082959412e-18
10500,28,-4.000000000000000e-04,-3.999999999999962e-04,-3.794707603699266e-18
10500,29,3.000000000000000e-04,3.000000000000149e-04,-1.490777987167569e-17
10600,0,1.200000000000000e-01,1.200000000000000e-01,-2.775557561562891e-17
10600,1,-8.000000000000000e-02,-7.999999999999999e-02,-1.387778780781446e-17
10600,2,5.500000000000000e-02,5.499999999999999e-02,6.938893903907228e-18
10600,3,4.000000000000000e-02,4.000000000000001e-02,-6.938893903907228e-18
10600,4,-3.000000000000000e-02,-2.999999999999998e-02,-2.081668171172169e-17
10600,5,2.500000000000000e-02,2.500000000000000e-02,-3.469446951953614e-18
10600,6,2.000000000000000e-02,2.000000000000001e-02,-1.387778780781446e-17
10600,7,-1.800000000000000e-02,-1.799999999999999e-02,-1.040834085586084e-17
10600,8,1.500000000000000e-02,1.500000000000000e-02,0.000000000000000e+00
10600,9,1.200000000000000e-02,1.200000000000001e-02,-1.040834085586084e-17
10600,10,-1.000000000000000e-02,-1.000000000000000e-02,0.000000000000000e+00
10600,11,8.999999999999999e-03,8.999999999999999e-03,0.000000000000000e+00
10600,12,8.000000000000000e-03,7.999999999999997e-03,3.469446951953614e-18
10600,13,-7.000000000000000e-03,-7.000000000000000e-03,0.000000000000000e+00
10600,14,6.000000000000000e-03,5.999999999999996e-03,4.336808689942018e-18
10600,15,5.000000000000000e-03,5.000000000000019e-03,-1.908195823574488e-17
10600,16,-4.000000000000000e-03,-3.999999999999984e-03,-1.561251128379126e-17
10600,17,3.500000000000000e-03,3.499999999999997e-03,3.469446951953614e-18
10600,18,3.000000000000000e-03,3.000000000000003e-03,-3.035766082959412e-18
10600,19,-2.500000000000000e-03,-2.500000000000001e-03,8.673617379884035e-19
10600,20,2.000000000000000e-03,2.000000000000002e-03,-2.168404344971009e-18
10600,21,1.800000000000000e-03,1.800000000000005e-03,-5.204170427930421e-18
10600,22,-1.500000000000000e-03,-1.500000000000004e-03,4.119968255444917e-18
10600,23,1.200000000000000e-03,1.199999999999991e-03,8.673617379884035e-18
10600,24,1.000000000000000e-03,1.000000000000009e-03,-9.324138683375338e-18
10600,25,-8.000000000000000e-04,-7.999999999999986e-04,-1.409462824231156e-18
10600,26,5.999999999999999e-04,5.999999999999922e-04,7.697835424647081e-18
10600,27,5.000000000000000e-04,4.999999999999971e-04,2.927345865710862e-18
10600,28,-4.000000000000000e-04,-3.999999999999982e-04,-1.788933584601082e-18
10600,29,3.000000000000000e-04,3.000000000000135e-04,-1.349831704744453e-17
10700,0,1.200000000000000e-01,1.200000000000000e-01,0.000000000000000e+00
10700,1,-8.000000000000000e-02,-7.999999999999999e-02,-1.387778780781446e-17
10700,2,5.500000000000000e-02,5.500000000000000e-02,0.000000000000000e+00
10700,3,4.000000000000000e-02,3.999999999999998e-02,2.081668171172169e-17
10700,4,-3.000000000000000e-02,-2.999999999999999e-02,-1.040834085586084e-17
10700,5,2.500000000000000e-02,2.500000000000001e-02,-6.938893903907228e-18
10700,6,2.000000000000000e-02,2.000000000000000e-02,-3.469446951953614e-18
10700,7,-1.800000000000000e-02,-1.800000000000000e-02,-3.469446951953614e-18
10700,8,1.500000000000000e-02,1.500000000000002e-02,-2.081668171172169e-17
10700,9,1.200000000000000e-02,1.199999999999999e-02,8.673617379884035e-18
10700,10,-1.000000000000000e-02,-1.000000000000001e-02,1.040834085586084e-17
10700,11,8.999999999999999e-03,8.999999999999998e-03,1.734723475976807e-18
10700,12,8.000000000000000e-03,8.000000000000019e-03,-1.908195823574488e-17
10700,13,-7.000000000000000e-03,-6.999999999999974e-03,-2.602085213965211e-17
10700,14,6.000000000000000e-03,5.999999999999998e-03,1.734723475976807e-18
10700,15,5.000000000000000e-03,4.999999999999991e-03,8.673617379884035e-18
10700,16,-4.000000000000000e-03,-3.999999999999997e-03,-3.469446951953614e-18
10700,17,3.500000000000000e-03,3.500000000000008e-03,-7.806255641895632e-18
10700,18,3.000000000000000e-03,3.000000000000014e-03,-1.431146867680866e-17
10700,19,-2.500000000000000e-03,-2.499999999999991e-03,-9.540979117872439e-18
10700,20,2.000000000000000e-03,1.999999999999999e-03,1.301042606982605e-18
10700,21,1.800000000000000e-03,1.800000000000003e-03,-3.035766082959412e-18
10700,22,-1.500000000000000e-03,-1.500000000000019e-03,1.929879867024198e-17
10700,23,1.200000000000000e-03,1.200000000000013e-03,-1.301042606982605e-17
10700,24,1.000000000000000e-03,1.000000000000002e-03,-2.385244779468110e-18
10700,25,-8.000000000000000e-04,-7.999999999999973e-04,-2.710505431213761e-18
10700,26,5.999999999999999e-04,6.000000000000037e-04,-3.794707603699266e-18
10700,27,5.000000000000000e-04,5.000000000000002e-04,-2.168404344971009e-19
10700,28,-4.000000000000000e-04,-4.000000000000063e-04,6.234162491791650e-18
10700,29,3.000000000000000e-04,2.999999999999894e-04,1.057097118173367e-17
10800,0,1.200000000000000e-01,1.200000000000000e-01,-2.775557561562891e-17
10800,1,-8.000000000000000e-02,-8.000000000000000e-02,0.000000000000000e+00
10800,2,5.500000000000000e-02,5.499999999999999e-02,1.387778780781446e-17
10800,3,4.000000000000000e-02,4.000000000000000e-02,0.000000000000000e+00
10800,4,-3.000000000000000e-02,-3.000000000000001e-02,1.387778780781446e-17
10800,5,2.500000000000000e-02,2.499999999999998e-02,1.734723475976807e-17
10800,6,2.000000000000000e-02,2.000000000000000e-02,0.000000000000000e+00
10800,7,-1.800000000000000e-02,-1.800000000000002e-02,1.734723475976807e-17
10800,8,1.500000000000000e-02,1.499999999999999e-02,1.040834085586084e-17
10800,9,1.200000000000000e-02,1.200000000000001e-02,-8.673617379884035e-18
10800,10,-1.000000000000000e-02,-9.999999999999983e-03,-1.734723475976807e-17
10800,11,8.999999999999999e-03,8.999999999999992e-03,6.938893903907228e-18
10800,12,8.000000000000000e-03,8.000000000000004e-03,-3.469446951953614e-18
10800,13,-7.000000000000000e-03,-6.999999999999991e-03,-8.673617379884035e-18
10800,14,6.000000000000000e-03,6.000000000000010e-03,-9.540979117872439e-18
10800,15,5.000000000000000e-03,5.000000000000007e-03,-6.938893903907228e-18
10800,16,-4.000000000000000e-03,-3.999999999999987e-03,-1.301042606982605e-17
10800,17,3.500000000000000e-03,3.499999999999996e-03,4.336808689942018e-18
10800,18,3.000000000000000e-03,3.000000000000005e-03,-5.204170427930421e-18
10800,19,-2.500000000000000e-03,-2.500000000000001e-03,1.301042606982605e-18
10800,20,2.000000000000000e-03,2.000000000000013e-03,-1.301042606982605e-17
10800,21,1.800000000000000e-03,1.800000000000002e-03,-2.385244779468110e-18
10800,22,-1.500000000000000e-03,-1.499999999999991e-03,-8.673617379884035e-18
10800,23,1.200000000000000e-03,1.199999999999994e-03,6.071532165918825e-18
10800,24,1.000000000000000e-03,9.999999999999788e-04,2.125036258071589e-17
10800,25,-8.000000000000000e-04,-8.000000000000059e-04,5.854691731421724e-18
10800,26,5.999999999999999e-04,6.000000000000078e-04,-7.806255641895632e-18
10800,27,5.000000000000000e-04,5.000000000000081e-04,-8.131516293641283e-18
10800,28,-4.000000000000000e-04,-3.999999999999838e-04,-1.626303258728257e-17
10800,29,3.000000000000000e-04,2.999999999999924e-04,7.589415207398531e-18
10900,0,1.200000000000000e-01,1.200000000000000e-01,0.000000000000000e+00
10900,1,-8.000000000000000e-02,-8.000000000000000e-02,0.000000000000000e+00
10900,2,5.500000000000000e-02,5.499999999999998e-02,2.081668171172169e-17
10900,3,4.000000000000000e-02,3.999999999999999e-02,6.938893903907228e-18
10900,4,-3.000000000000000e-02,-3.000000000000001e-02,1.387778780781446e-17
10900,5,2.500000000000000e-02,2.500000000000001e-02,-6.938893903907228e-18
10900,6,2.000000000000000e-02,2.000000000000001e-02,-1.387778780781446e-17
10900,7,-1.800000000000000e-02,-1.800000000000000e-02,-3.469446951953614e-18
10900,8,1.500000000000000e-02,1.500000000000001e-02,-8.673617379884035e-18
10900,9,1.200000000000000e-02,1.199999999999998e-02,2.081668171172169e-17
10900,10,-1.000000000000000e-02,-9.999999999999983e-03,-1.734723475976807e-17
10900,11,8.999999999999999e-03,9.000000000000003e-03,-3.469446951953614e-18
10900,12,8.000000000000000e-03,7.999999999999971e-03,2.949029909160572e-17
10900,13,-7.000000000000000e-03,-7.000000000000000e-03,0.000000000000000e+00
10900,14,6.000000000000000e-03,5.999999999999995e-03,5.204170427930421e-18
10900,15,5.000000000000000e-03,5.000000000000008e-03,-7.806255641895632e-18
10900,16,-4.000000000000000e-03,-3.999999999999977e-03,-2.341876692568690e-17
10900,17,3.500000000000000e-03,3.500000000000007e-03,-6.505213034913027e-18
10900,18,3.000000000000000e-03,2.999999999999998e-03,1.734723475976807e-18
10900,19,-2.500000000000000e-03,-2.500000000000009e-03,9.107298248878237e-18
10900,20,2.000000000000000e-03,1.999999999999994e-03,5.637851296924623e-18
10900,21,1.800000000000000e-03,1.799999999999999e-03,8.673617379884035e-19
10900,22,-1.500000000000000e-03,-1.499999999999989e-03,-1.084202172485504e-17
10900,23,1.200000000000000e-03,1.200000000000028e-03,-2.818925648462312e-17
10900,24,1.000000000000000e-03,9.999999999999974e-04,2.602085213965211e-18
10900,25,-8.000000000000000e-04,-8.000000000000086e-04,8.565197162635485e-18
10900,26,5.999999999999999e-04,6.000000000000044e-04,-4.445228907190568e-18
10900,27,5.000000000000000e-04,4.999999999999927e-04,7.264154555652880e-18
10900,28,-4.000000000000000e-04,-4.000000000000093e-04,9.324138683375338e-18
10900,29,3.000000000000000e-04,2.999999999999863e-04,1.371515748194163e-17
11000,0,1.200000000000000e-01,1.200000000000000e-01,-1.387778780781446e-17
11000,1,-8.000000000000000e-02,-8.000000000000000e-02,0.000000000000000e+00
11000,2,5.500000000000000e-02,5.500000000000001e-02,-6.938893903907228e-18
11000,3,4.000000000000000e-02,3.999999999999999e-02,1.387778780781446e-17
11000,4,-3.000000000000000e-02,-3.000000000000000e-02,3.469446951953614e-18
11000,5,2.500000000000000e-02,2.500000000000000e-02,-3.469446951953614e-18
11000,6,2.000000000000000e-02,1.999999999999999e-02,1.387778780781446e-17
11000,7,-1.800000000000000e-02,-1.800000000000000e-02,-3.469446951953614e-18
11000,8,1.500000000000000e-02,1.499999999999999e-02,1.387778780781446e-17
11000,9,1.200000000000000e-02,1.200000000000001e-02,-6.938893903907228e-18
11000,10,-1.000000000000000e-02,-9.999999999999998e-03,-1.734723475976807e-18
11000,11,8.999999999999999e-03,8.999999999999989e-03,1.040834085586084e-17
11000,12,8.000000000000000e-03,7.999999999999993e-03,6.938893903907228e-18
11000,13,-7.000000000000000e-03,-6.999999999999983e-03,-1.734723475976807e-17
11000,14,6.000000000000000e-03,5.999999999999999e-03,8.673617379884035e-19
11000,15,5.000000000000000e-03,4.999999999999998e-03,2.602085213965211e-18
11000,16,-4.000000000000000e-03,-4.000000000000004e-03,3.469446951953614e-18
11000,17,3.500000000000000e-03,3.499999999999990e-03,9.974659986866641e-18
11000,18,3.000000000000000e-03,3.000000000000005e-03,-4.770489558936220e-18
11000,19,-2.500000000000000e-03,-2.500000000000008e-03,7.806255641895632e-18
11000,20,2.000000000000000e-03,1.999999999999998e-03,2.168404344971009e-18
11000,21,1.800000000000000e-03,1.800000000000002e-03,-1.734723475976807e-18
11000,22,-1.500000000000000e-03,-1.499999999999995e-03,-4.987329993433320e-18
11000,23,1.200000000000000e-03,1.199999999999988e-03,1.235990476633475e-17
11000,24,1.000000000000000e-03,1.000000000000007e-03,-7.372574772901430e-18
11000,25,-8.000000000000000e-04,-7.999999999999940e-04,-6.071532165918825e-18
11000,26,5.999999999999999e-04,5.999999999999957e-04,4.228388472693467e-18
11000,27,5.000000000000000e-04,4.999999999999962e-04,3.794707603699266e-18
11000,28,-4.000000000000000e-04,-3.999999999999993e-04,-7.047314121155779e-19
11000,29,3.000000000000000e-04,3.000000000000009e-04,-9.757819552369540e-19
11100,0,1.200000000000000e-01,1.200000000000000e-01,0.000000000000000e+00
11100,1,-8.000000000000000e-02,-8.000000000000000e-02,0.000000000000000e+00
11100,2,5.500000000000000e-02,5.500000000000000e-02,0.000000000000000e+00
11100,3,4.000000000000000e-02,4.000000000000001e-02,-1.387778780781446e-17
11100,4,-3.000000000000000e-02,-3.000000000000002e-02,2.081668171172169e-17
11100,5,2.500000000000000e-02,2.500000000000002e-02,-1.734723475976807e-17
11100,6,2.000000000000000e-02,2.000000000000002e-02,-1.734723475976807e-17
11100,7,-1.800000000000000e-02,-1.800000000000000e-02,3.469446951953614e-18
11100,8,1.500000000000000e-02,1.499999999999999e-02,5.204170427930421e-18
11100,9,1.200000000000000e-02,1.199999999999999e-02,1.040834085586084e-17
11100,10,-1.000000000000000e-02,-1.000000000000002e-02,2.255140518769849e-17
11100,11,8.999999999999999e-03,8.999999999999998e-03,1.734723475976807e-18
11100,12,8.000000000000000e-03,8.000000000000000e-03,0.000000000000000e+00
11100,13,-7.000000000000000e-03,-7.000000000000033e-03,3.295974604355933e-17
11100,14,6.000000000000000e-03,6.000000000000005e-03,-5.204170427930421e-18
11100,15,5.000000000000000e-03,5.000000000000011e-03,-1.040834085586084e-17
11100,16,-4.000000000000000e-03,-3.999999999999984e-03,-1.561251128379126e-17
11100,17,3.500000000000000e-03,3.500000000000015e-03,-1.517883041479706e-17
11100,18,3.000000000000000e-03,3.000000000000009e-03,-9.107298248878237e-18
11100,19,-2.500000000000000e-03,-2.500000000000002e-03,1.734723475976807e-18
11100,20,2.000000000000000e-03,2.000000000000004e-03,-4.336808689942018e-18
11100,21,1.800000000000000e-03,1.800000000000006e-03,-5.637851296924623e-18
11100,22,-1.500000000000000e-03,-1.499999999999996e-03,-4.119968255444917e-18
11100,23,1.200000000000000e-03,1.199999999999995e-03,5.204170427930421e-18
11100,24,1.000000000000000e-03,9.999999999999939e-04,6.071532165918825e-18
11100,25,-8.000000000000000e-04,-8.000000000000049e-04,4.878909776184770e-18
11100,26,5.999999999999999e-04,5.999999999999878e-04,1.214306433183765e-17
11100,27,5.000000000000000e-04,4.999999999999917e-04,8.348356728138384e-18
11100,28,-4.000000000000000e-04,-4.000000000000111e-04,1.111307226797642e-17
11100,29,3.000000000000000e-04,3.000000000000253e-04,-2.537033083616080e-17
11200,0,1.200000000000000e-01,1.200000000000000e-01,0.000000000000000e+00
11200,1,-8.000000000000000e-02,-8.000000000000000e-02,0.000000000000000e+00
11200,2,5.500000000000000e-02,5.499999999999999e-02,1.387778780781446e-17
11200,3,4.000000000000000e-02,4.000000000000001e-02,-6.938893903907228e-18
11200,4,-3.000000000000000e-02,-3.000000000000000e-02,3.469446951953614e-18
11200,5,2.500000000000000e-02,2.500000000000000e-02,0.000000000000000e+00
11200,6,2.000000000000000e-02,1.999999999999998e-02,2.081668171172169e-17
11200,7,-1.800000000000000e-02,-1.800000000000000e-02,-3.469446951953614e-18
11200,8,1.500000000000000e-02,1.500000000000000e-02,-3.469446951953614e-18
11200,9,1.200000000000000e-02,1.199999999999999e-02,8.673617379884035e-18
11200,10,-1.000000000000000e-02,-9.999999999999998e-03,-1.734723475976807e-18
11200,11,8.999999999999999e-03,9.000000000000001e-03,-1.734723475976807e-18
11200,12,8.000000000000000e-03,8.000000000000007e-03,-6.938893903907228e-18
11200,13,-7.000000000000000e-03,-6.999999999999998e-03,-2.602085213965211e-18
11200,14,6.000000000000000e-03,5.999999999999997e-03,3.469446951953614e-18
11200,15,5.000000000000000e-03,5.000000000000003e-03,-2.602085213965211e-18
11200,16,-4.000000000000000e-03,-3.999999999999997e-03,-2.602085213965211e-18
11200,17,3.500000000000000e-03,3.500000000000003e-03,-3.035766082959412e-18
11200,18,3.000000000000000e-03,3.000000000000013e-03,-1.257674520083185e-17
11200,19,-2.500000000000000e-03,-2.500000000000010e-03,9.974659986866641e-18
11200,20,2.000000000000000e-03,2.000000000000006e-03,-6.071532165918825e-18
11200,21,1.800000000000000e-03,1.800000000000005e-03,-5.204170427930421e-18
11200,22,-1.500000000000000e-03,-1.499999999999994e-03,-6.288372600415926e-18
11200,23,1.200000000000000e-03,1.199999999999996e-03,4.119968255444917e-18
11200,24,1.000000000000000e-03,1.000000000000006e-03,-6.071532165918825e-18
11200,25,-8.000000000000000e-04,-8.000000000000029e-04,2.818925648462312e-18
11200,26,5.999999999999999e-04,6.000000000000017e-04,-1.734723475976807e-18
11200,27,5.000000000000000e-04,5.000000000000071e-04,-7.047314121155779e-18
11200,28,-4.000000000000000e-04,-4.000000000000028e-04,2.764715539838036e-18
11200,29,3.000000000000000e-04,2.999999999999989e-04,1.029992063861229e-18
11300,0,1.200000000000000e-01,1.200000000000000e-01,-1.387778780781446e-17
11300,1,-8.000000000000000e-02,-8.000000000000002e-02,1.387778780781446e-17
11300,2,5.500000000000000e-02,5.500000000000000e-02,0.000000000000000e+00
11300,3,4.000000000000000e-02,3.999999999999999e-02,1.387778780781446e-17
11300,4,-3.000000000000000e-02,-2.999999999999999e-02,-1.040834085586084e-17
11300,5,2.500000000000000e-02,2.500000000000000e-02,-3.469446951953614e-18
11300,6,2.000000000000000e-02,2.000000000000002e-02,-2.081668171172169e-17
11300,7,-1.800000000000000e-02,-1.800000000000000e-02,-3.469446951953614e-18
11300,8,1.500000000000000e-02,1.500000000000001e-02,-6.938893903907228e-18
11300,9,1.200000000000000e-02,1.200000000000000e-02,-3.469446951953614e-18
11300,10,-1.000000000000000e-02,-1.000000000000001e-02,1.214306433183765e-17
11300,11,8.999999999999999e-03,8.999999999999999e-03,0.000000000000000e+00
11300,12,8.000000000000000e-03,7.999999999999981e-03,1.908195823574488e-17
11300,13,-7.000000000000000e-03,-6.999999999999998e-03,-2.602085213965211e-18
11300,14,6.000000000000000e-03,6.000000000000004e-03,-4.336808689942018e-18
11300,15,5.000000000000000e-03,5.000000000000022e-03,-2.168404344971009e-17
11300,16,-4.000000000000000e-03,-4.000000000000005e-03,5.204170427930421e-18
11300,17,3.500000000000000e-03,3.500000000000010e-03,-9.974659986866641e-18
11300,18,3.000000000000000e-03,3.000000000000006e-03,-5.637851296924623e-18
11300,19,-2.500000000000000e-03,-2.499999999999997e-03,-3.035766082959412e-18
11300,20,2.000000000000000e-03,1.999999999999990e-03,9.974659986866641e-18
11300,21,1.800000000000000e-03,1.799999999999996e-03,3.469446951953614e-18
11300,22,-1.500000000000000e-03,-1.499999999999990e-03,-1.040834085586084e-17
11300,23,1.200000000000000e-03,1.199999999999999e-03,4.336808689942018e-19
11300,24,1.000000000000000e-03,9.999999999999900e-04,9.974659986866641e-18
11300,25,-8.000000000000000e-04,-8.000000000000087e-04,8.673617379884035e-18
11300,26,5.999999999999999e-04,6.000000000000046e-04,-4.662069341687669e-18
11300,27,5.000000000000000e-04,4.999999999999948e-04,5.204170427930421e-18
11300,28,-4.000000000000000e-04,-4.000000000000174e-04,1.734723475976807e-17
11300,29,3.000000000000000e-04,3.000000000000108e-04,-1.084202172485504e-17
11400,0,1.200000000000000e-01,1.200000000000000e-01,2.775557561562891e-17
11400,1,-8.000000000000000e-02,-8.000000000000000e-02,0.000000000000000e+00
11400,2,5.500000000000000e-02,5.499999999999999e-02,6.938893903907228e-18
11400,3,4.000000000000000e-02,3.999999999999999e-02,6.938893903907228e-18
11400,4,-3.000000000000000e-02,-2.999999999999997e-02,-2.428612866367530e-17
11400,5,2.500000000000000e-02,2.500000000000002e-02,-2.081668171172169e-17
11400,6,2.000000000000000e-02,1.999999999999999e-02,6.938893903907228e-18
11400,7,-1.800000000000000e-02,-1.800000000000001e-02,6.938893903907228e-18
11400,8,1.500000000000000e-02,1.500000000000000e-02,-3.469446951953614e-18
11400,9,1.200000000000000e-02,1.199999999999999e-02,8.673617379884035e-18
11400,10,-1.000000000000000e-02,-1.000000000000000e-02,3.469446951953614e-18
11400,11,8.999999999999999e-03,8.999999999999996e-03,3.469446951953614e-18
11400,12,8.000000000000000e-03,8.000000000000004e-03,-3.469446951953614e-18
11400,13,-7.000000000000000e-03,-7.000000000000011e-03,1.127570259384925e-17
11400,14,6.000000000000000e-03,6.000000000000004e-03,-4.336808689942018e-18
11400,15,5.000000000000000e-03,4.999999999999984e-03,1.647987302177967e-17
11400,16,-4.000000000000000e-03,-3.999999999999999e-03,-8.673617379884035e-19
11400,17,3.500000000000000e-03,3.500000000000001e-03,-4.336808689942018e-19
11400,18,3.000000000000000e-03,2.999999999999998e-03,2.168404344971009e-18
11400,19,-2.500000000000000e-03,-2.499999999999991e-03,-9.107298248878237e-18
11400,20,2.000000000000000e-03,2.000000000000002e-03,-1.734723475976807e-18
11400,21,1.800000000000000e-03,1.799999999999987e-03,1.322726650432315e-17
11400,22,-1.500000000000000e-03,-1.499999999999992e-03,-7.806255641895632e-18
11400,23,1.200000000000000e-03,1.199999999999995e-03,4.987329993433320e-18
11400,24,1.000000000000000e-03,9.999999999999974e-04,2.602085213965211e-18
11400,25,-8.000000000000000e-04,-7.999999999999902e-04,-9.866239769618090e-18
11400,26,5.999999999999999e-04,6.000000000000207e-04,-2.070826149447313e-17
11400,27,5.000000000000000e-04,4.999999999999946e-04,5.421010862427522e-18
11400,28,-4.000000000000000e-04,-4.000000000000001e-04,5.421010862427522e-20
11400,29,3.000000000000000e-04,2.999999999999901e-04,9.866239769618090e-18
11500,0,1.200000000000000e-01,1.200000000000000e-01,1.387778780781446e-17
11500,1,-8.000000000000000e-02,-8.000000000000000e-02,0.000000000000000e+00
11500,2,5.500000000000000e-02,5.499999999999999e-02,1.387778780781446e-17
11500,3,4.000000000000000e-02,3.999999999999999e-02,1.387778780781446e-17
11500,4,-3.000000000000000e-02,-3.000000000000001e-02,6.938893903907228e-18
11500,5,2.500000000000000e-02,2.500000000000000e-02,0.000000000000000e+00
11500,6,2.000000000000000e-02,2.000000000000002e-02,-1.734723475976807e-17
11500,7,-1.800000000000000e-02,-1.800000000000000e-02,0.000000000000000e+00
11500,8,1.500000000000000e-02,1.499999999999998e-02,2.255140518769849e-17
11500,9,1.200000000000000e-02,1.199999999999999e-02,6.938893903907228e-18
11500,10,-1.000000000000000e-02,-1.000000000000000e-02,0.000000000000000e+00
11500,11,8.999999999999999e-03,8.999999999999996e-03,3.469446951953614e-18
11500,12,8.000000000000000e-03,8.000000000000016e-03,-1.561251128379126e-17
11500,13,-7.000000000000000e-03,-7.000000000000003e-03,2.602085213965211e-18
11500,14,6.000000000000000e-03,6.000000000000010e-03,-9.540979117872439e-18
11500,15,5.000000000000000e-03,5.000000000000016e-03,-1.561251128379126e-17
11500,16,-4.000000000000000e-03,-4.000000000000024e-03,2.341876692568690e-17
11500,17,3.500000000000000e-03,3.500000000000023e-03,-2.341876692568690e-17
11500,18,3.000000000000000e-03,2.999999999999994e-03,5.637851296924623e-18
11500,19,-2.500000000000000e-03,-2.500000000000010e-03,1.040834085586084e-17
11500,20,2.000000000000000e-03,2.000000000000000e-03,-4.336808689942018e-19
11500,21,1.800000000000000e-03,1.800000000000000e-03,4.336808689942018e-19
11500,22,-1.500000000000000e-03,-1.499999999999993e-03,-6.722053469410127e-18
11500,23,1.200000000000000e-03,1.199999999999973e-03,2.667137344314341e-17
11500,24,1.000000000000000e-03,9.999999999999942e-04,5.854691731421724e-18
11500,25,-8.000000000000000e-04,-8.000000000000067e-04,6.613633252161577e-18
11500,26,5.999999999999999e-04,5.999999999999920e-04,7.914675859144182e-18
11500,27,5.000000000000000e-04,5.000000000000059e-04,-5.854691731421724e-18
11500,28,-4.000000000000000e-04,-3.999999999999920e-04,-8.023096076392733e-18
11500,29,3.000000000000000e-04,2.999999999999838e-04,1.615461237003402e-17
11600,0,1.200000000000000e-01,1.200000000000000e-01,-2.775557561562891e-17
11600,1,-8.000000000000000e-02,-8.000000000000002e-02,1.387778780781446e-17
11600,2,5.500000000000000e-02,5.500000000000001e-02,-6.938893903907228e-18
11600,3,4.000000000000000e-02,3.999999999999999e-02,6.938893903907228e-18
11600,4,-3.000000000000000e-02,-3.000000000000001e-02,6.938893903907228e-18
11600,5,2.500000000000000e-02,2.500000000000001e-02,-1.040834085586084e-17
11600,6,2.000000000000000e-02,2.000000000000001e-02,-1.387778780781446e-17
11600,7,-1.800000000000000e-02,-1.800000000000002e-02,2.081668171172169e-17
11600,8,1.500000000000000e-02,1.499999999999999e-02,1.387778780781446e-17
11600,9,1.200000000000000e-02,1.200000000000002e-02,-2.255140518769849e-17
11600,10,-1.000000000000000e-02,-1.000000000000002e-02,1.561251128379126e-17
11600,11,8.999999999999999e-03,9.000000000000011e-03,-1.214306433183765e-17
11600,12,8.000000000000000e-03,7.999999999999990e-03,1.040834085586084e-17
11600,13,-7.000000000000000e-03,-6.999999999999985e-03,-1.474514954580286e-17
11600,14,6.000000000000000e-03,5.999999999999979e-03,2.081668171172169e-17
11600,15,5.000000000000000e-03,4.999999999999999e-03,8.673617379884035e-19
11600,16,-4.000000000000000e-03,-4.000000000000004e-03,3.469446951953614e-18
11600,17,3.500000000000000e-03,3.500000000000001e-03,-1.301042606982605e-18
11600,18,3.000000000000000e-03,3.000000000000007e-03,-7.372574772901430e-18
11600,19,-2.500000000000000e-03,-2.499999999999981e-03,-1.864827736675068e-17
11600,20,2.000000000000000e-03,2.000000000000015e-03,-1.517883041479706e-17
11600,21,1.800000000000000e-03,1.799999999999995e-03,4.987329993433320e-18
11600,22,-1.500000000000000e-03,-1.500000000000005e-03,5.204170427930421e-18
11600,23,1.200000000000000e-03,1.200000000000005e-03,-5.421010862427522e-18
11600,24,1.000000000000000e-03,9.999999999999968e-04,3.252606517456513e-18
11600,25,-8.000000000000000e-04,-8.000000000000148e-04,1.474514954580286e-17
11600,26,5.999999999999999e-04,5.999999999999890e-04,1.095044194210359e-17
11600,27,5.000000000000000e-04,4.999999999999973e-04,2.710505431213761e-18
11600,28,-4.000000000000000e-04,-3.999999999999961e-04,-3.957337929572091e-18
11600,29,3.000000000000000e-04,2.999999999999974e-04,2.547875105340935e-18
11700,0,1.200000000000000e-01,1.200000000000000e-01,2.775557561562891e-17
11700,1,-8.000000000000000e-02,-8.000000000000000e-02,0.000000000000000e+00
11700,2,5.500000000000000e-02,5.500000000000001e-02,-6.938893903907228e-18
11700,3,4.000000000000000e-02,4.000000000000000e-02,0.000000000000000e+00
11700,4,-3.000000000000000e-02,-3.000000000000002e-02,2.081668171172169e-17
11700,5,2.500000000000000e-02,2.500000000000000e-02,-3.469446951953614e-18
11700,6,2.000000000000000e-02,2.000000000000001e-02,-6.938893903907228e-18
11700,7,-1.800000000000000e-02,-1.800000000000000e-02,3.469446951953614e-18
11700,8,1.500000000000000e-02,1.500000000000001e-02,-6.938893903907228e-18
11700,9,1.200000000000000e-02,1.200000000000001e-02,-1.040834085586084e-17
11700,10,-1.000000000000000e-02,-1.000000000000001e-02,5.204170427930421e-18
11700,11,8.999999999999999e-03,9.000000000000015e-03,-1.561251128379126e-17
11700,12,8.000000000000000e-03,7.999999999999986e-03,1.387778780781446e-17
11700,13,-7.000000000000000e-03,-6.999999999999989e-03,-1.127570259384925e-17
11700,14,6.000000000000000e-03,5.999999999999983e-03,1.734723475976807e-17
11700,15,5.000000000000000e-03,4.999999999999998e-03,2.602085213965211e-18
11700,16,-4.000000000000000e-03,-3.999999999999997e-03,-2.602085213965211e-18
11700,17,3.500000000000000e-03,3.499999999999997e-03,3.469446951953614e-18
11700,18,3.000000000000000e-03,3.000000000000000e-03,-4.336808689942018e-19
11700,19,-2.500000000000000e-03,-2.500000000000023e-03,2.341876692568690e-17
11700,20,2.000000000000000e-03,1.999999999999999e-03,1.301042606982605e-18
11700,21,1.800000000000000e-03,1.799999999999996e-03,4.336808689942018e-18
11700,22,-1.500000000000000e-03,-1.499999999999996e-03,-4.119968255444917e-18
11700,23,1.200000000000000e-03,1.199999999999982e-03,1.821459649775647e-17
11700,24,1.000000000000000e-03,9.999999999999976e-04,2.385244779468110e-18
11700,25,-8.000000000000000e-04,-8.000000000000036e-04,3.577867169202165e-18
11700,26,5.999999999999999e-04,5.999999999999990e-04,9.757819552369540e-19
11700,27,5.000000000000000e-04,5.000000000000150e-04,-1.496198998029996e-17
11700,28,-4.000000000000000e-04,-3.999999999999981e-04,-1.897353801849633e-18
11700,29,3.000000000000000e-04,3.000000000000109e-04,-1.089623183347932e-17
11800,0,1.200000000000000e-01,1.200000000000000e-01,-2.775557561562891e-17
11800,1,-8.000000000000000e-02,-8.000000000000002e-02,1.387778780781446e-17
11800,2,5.500000000000000e-02,5.500000000000000e-02,0.000000000000000e+00
11800,3,4.000000000000000e-02,4.000000000000000e-02,0.000000000000000e+00
11800,4,-3.000000000000000e-02,-3.000000000000001e-02,6.938893903907228e-18
11800,5,2.500000000000000e-02,2.500000000000000e-02,0.000000000000000e+00
11800,6,2.000000000000000e-02,2.000000000000000e-02,0.000000000000000e+00
11800,7,-1.800000000000000e-02,-1.800000000000001e-02,1.040834085586084e-17
11800,8,1.500000000000000e-02,1.500000000000001e-02,-8.673617379884035e-18
11800,9,1.200000000000000e-02,1.200000000000000e-02,0.000000000000000e+00
11800,10,-1.000000000000000e-02,-9.999999999999983e-03,-1.734723475976807e-17
11800,11,8.999999999999999e-03,9.000000000000003e-03,-3.469446951953614e-18
11800,12,8.000000000000000e-03,8.000000000000014e-03,-1.387778780781446e-17
11800,13,-7.000000000000000e-03,-7.000000000000004e-03,4.336808689942018e-18
11800,14,6.000000000000000e-03,5.999999999999982e-03,1.821459649775647e-17
11800,15,5.000000000000000e-03,5.000000000000007e-03,-6.938893903907228e-18
11800,16,-4.000000000000000e-03,-3.999999999999986e-03,-1.387778780781446e-17
11800,17,3.500000000000000e-03,3.500000000000003e-03,-3.035766082959412e-18
11800,18,3.000000000000000e-03,3.000000000000001e-03,-1.301042606982605e-18
11800,19,-2.500000000000000e-03,-2.500000000000002e-03,2.168404344971009e-18
11800,20,2.000000000000000e-03,2.000000000000019e-03,-1.864827736675068e-17
11800,21,1.800000000000000e-03,1.800000000000001e-03,-1.301042606982605e-18
11800,22,-1.500000000000000e-03,-1.500000000000012e-03,1.170938346284345e-17
11800,23,1.200000000000000e-03,1.199999999999994e-03,5.854691731421724e-18
11800,24,1.000000000000000e-03,9.999999999999870e-04,1.301042606982605e-17
11800,25,-8.000000000000000e-04,-8.000000000000143e-04,1.431146867680866e-17
11800,26,5.999999999999999e-04,5.999999999999941e-04,5.854691731421724e-18
11800,27,5.000000000000000e-04,4.999999999999907e-04,9.324138683375338e-18
11800,28,-4.000000000000000e-04,-3.999999999999827e-04,-1.729302465114380e-17
11800,29,3.000000000000000e-04,2.999999999999990e-04,9.757819552369540e-19
11900,0,1.200000000000000e-01,1.200000000000000e-01,-2.775557561562891e-17
11900,1,-8.000000000000000e-02,-8.000000000000002e-02,1.387778780781446e-17
11900,2,5.500000000000000e-02,5.500000000000000e-02,0.000000000000000e+00
11900,3,4.000000000000000e-02,3.999999999999998e-02,2.081668171172169e-17
11900,4,-3.000000000000000e-02,-3.000000000000000e-02,3.469446951953614e-18
11900,5,2.500000000000000e-02,2.499999999999999e-02,6.938893903907228e-18
11900,6,2.000000000000000e-02,2.000000000000000e-02,0.000000000000000e+00
11900,7,-1.800000000000000e-02,-1.800000000000001e-02,1.387778780781446e-17
11900,8,1.500000000000000e-02,1.500000000000001e-02,-6.938893903907228e-18
11900,9,1.200000000000000e-02,1.200000000000001e-02,-6.938893903907228e-18
11900,10,-1.000000000000000e-02,-9.999999999999978e-03,-2.255140518769849e-17
11900,11,8.999999999999999e-03,8.999999999999996e-03,3.469446951953614e-18
11900,12,8.000000000000000e-03,7.999999999999993e-03,6.938893903907228e-18
11900,13,-7.000000000000000e-03,-6.999999999999996e-03,-4.336808689942018e-18
11900,14,6.000000000000000e-03,5.999999999999998e-03,2.602085213965211e-18
11900,15,5.000000000000000e-03,4.999999999999988e-03,1.214306433183765e-17
11900,16,-4.000000000000000e-03,-3.999999999999987e-03,-1.301042606982605e-17
11900,17,3.500000000000000e-03,3.500000000000013e-03,-1.257674520083185e-17
11900,18,3.000000000000000e-03,3.000000000000001e-03,-1.301042606982605e-18
11900,19,-2.500000000000000e-03,-2.499999999999998e-03,-2.168404344971009e-18
11900,20,2.000000000000000e-03,2.000000000000013e-03,-1.301042606982605e-17
11900,21,1.800000000000000e-03,1.799999999999998e-03,2.385244779468110e-18
11900,22,-1.500000000000000e-03,-1.500000000000013e-03,1.322726650432315e-17
11900,23,1.200000000000000e-03,1.199999999999985e-03,1.474514954580286e-17
11900,24,1.000000000000000e-03,1.000000000000001e-03,-6.505213034913027e-19
11900,25,-8.000000000000000e-04,-8.000000000000129e-04,1.290200585257750e-17
11900,26,5.999999999999999e-04,6.000000000000025e-04,-2.602085213965211e-18
11900,27,5.000000000000000e-04,5.000000000000040e-04,-4.011548038196366e-18
11900,28,-4.000000000000000e-04,-3.999999999999976e-04,-2.385244779468110e-18
11900,29,3.000000000000000e-04,2.999999999999779e-04,2.211772431870429e-17
12000,0,1.200000000000000e-01,1.200000000000000e-01,-1.387778780781446e-17
12000,1,-8.000000000000000e-02,-8.000000000000002e-02,1.387778780781446e-17
12000,2,5.500000000000000e-02,5.499999999999999e-02,1.387778780781446e-17
12000,3,4.000000000000000e-02,4.000000000000001e-02,-6.938893903907228e-18
12000,4,-3.000000000000000e-02,-3.000000000000001e-02,6.938893903907228e-18
12000,5,2.500000000000000e-02,2.499999999999999e-02,1.040834085586084e-17
12000,6,2.000000000000000e-02,2.000000000000000e-02,3.469446951953614e-18
12000,7,-1.800000000000000e-02,-1.800000000000001e-02,1.040834085586084e-17
12000,8,1.500000000000000e-02,1.500000000000000e-02,-5.204170427930421e-18
12000,9,1.200000000000000e-02,1.200000000000001e-02,-6.938893903907228e-18
12000,10,-1.000000000000000e-02,-1.000000000000001e-02,6.938893903907228e-18
12000,11,8.999999999999999e-03,9.000000000000003e-03,-3.469446951953614e-18
12000,12,8.000000000000000e-03,7.999999999999995e-03,5.204170427930421e-18
12000,13,-7.000000000000000e-03,-7.000000000000000e-03,0.000000000000000e+00
12000,14,6.000000000000000e-03,5.999999999999998e-03,1.734723475976807e-18
12000,15,5.000000000000000e-03,4.999999999999991e-03,9.540979117872439e-18
12000,16,-4.000000000000000e-03,-4.000000000000005e-03,5.204170427930421e-18
12000,17,3.500000000000000e-03,3.500000000000004e-03,-3.469446951953614e-18
12000,18,3.000000000000000e-03,3.000000000000002e-03,-1.734723475976807e-18
12000,19,-2.500000000000000e-03,-2.500000000000006e-03,5.637851296924623e-18
12000,20,2.000000000000000e-03,1.999999999999996e-03,4.336808689942018e-18
12000,21,1.800000000000000e-03,1.800000000000000e-03,4.336808689942018e-19
12000,22,-1.500000000000000e-03,-1.499999999999998e-03,-2.385244779468110e-18
12000,23,1.200000000000000e-03,1.200000000000002e-03,-1.734723475976807e-18
12000,24,1.000000000000000e-03,1.000000000000006e-03,-6.071532165918825e-18
12000,25,-8.000000000000000e-04,-8.000000000000032e-04,3.144186300207963e-18
12000,26,5.999999999999999e-04,5.999999999999952e-04,4.770489558936220e-18
12000,27,5.000000000000000e-04,5.000000000000071e-04,-7.047314121155779e-18
12000,28,-4.000000000000000e-04,-3.999999999999907e-04,-9.269928574751063e-18
12000,29,3.000000000000000e-04,3.000000000000007e-04,-7.589415207398531e-19
12100,0,1.200000000000000e-01,1.200000000000000e-01,-1.387778780781446e-17
12100,1,-8.000000000000000e-02,-8.000000000000002e-02,1.387778780781446e-17
12100,2,5.500000000000000e-02,5.499999999999999e-02,6.938893903907228e-18
12100,3,4.000000000000000e-02,4.000000000000002e-02,-2.081668171172169e-17
12100,4,-3.000000000000000e-02,-3.000000000000000e-02,0.000000000000000e+00
12100,5,2.500000000000000e-02,2.500000000000002e-02,-2.081668171172169e-17
12100,6,2.000000000000000e-02,2.000000000000000e-02,-3.469446951953614e-18
12100,7,-1.800000000000000e-02,-1.800000000000000e-02,0.000000000000000e+00
12100,8,1.500000000000000e-02,1.500000000000001e-02,-8.673617379884035e-18
12100,9,1.200000000000000e-02,1.200000000000001e-02,-1.040834085586084e-17
12100,10,-1.000000000000000e-02,-9.999999999999978e-03,-2.255140518769849e-17
12100,11,8.999999999999999e-03,8.999999999999994e-03,5.204170427930421e-18
12100,12,8.000000000000000e-03,7.999999999999995e-03,5.204170427930421e-18
12100,13,-7.000000000000000e-03,-6.999999999999992e-03,-7.806255641895632e-18
12100,14,6.000000000000000e-03,6.000000000000016e-03,-1.561251128379126e-17
12100,15,5.000000000000000e-03,5.000000000000009e-03,-8.673617379884035e-18
12100,16,-4.000000000000000e-03,-3.999999999999989e-03,-1.127570259384925e-17
12100,17,3.500000000000000e-03,3.499999999999987e-03,1.344410693882025e-17
12100,18,3.000000000000000e-03,3.000000000000002e-03,-2.168404344971009e-18
12100,19,-2.500000000000000e-03,-2.499999999999988e-03,-1.214306433183765e-17
12100,20,2.000000000000000e-03,1.999999999999997e-03,2.602085213965211e-18
12100,21,1.800000000000000e-03,1.800000000000008e-03,-7.589415207398531e-18
12100,22,-1.500000000000000e-03,-1.500000000000007e-03,7.372574772901430e-18
12100,23,1.200000000000000e-03,1.199999999999999e-03,1.084202172485504e-18
12100,24,1.000000000000000e-03,1.000000000000000e-03,-2.168404344971009e-19
12100,25,-8.000000000000000e-04,-8.000000000000070e-04,6.938893903907228e-18
12100,26,5.999999999999999e-04,5.999999999999978e-04,2.168404344971009e-18
12100,27,5.000000000000000e-04,5.000000000000037e-04,-3.686287386450715e-18
12100,28,-4.000000000000000e-04,-3.999999999999915e-04,-8.510987054011210e-18
12100,29,3.000000000000000e-04,3.000000000000026e-04,-2.656295322589486e-18
12200,0,1.200000000000000e-01,1.200000000000000e-01,0.000000000000000e+00
12200,1,-8.000000000000000e-02,-8.000000000000002e-02,1.387778780781446e-17
12200,2,5.500000000000000e-02,5.500000000000001e-02,-6.938893903907228e-18
12200,3,4.000000000000000e-02,4.000000000000001e-02,-1.387778780781446e-17
12200,4,-3.000000000000000e-02,-3.000000000000000e-02,-3.469446951953614e-18
12200,5,2.500000000000000e-02,2.500000000000000e-02,-3.469446951953614e-18
12200,6,2.000000000000000e-02,2.000000000000001e-02,-1.040834085586084e-17
12200,7,-1.800000000000000e-02,-1.800000000000001e-02,6.938893903907228e-18
12200,8,1.500000000000000e-02,1.500000000000002e-02,-1.561251128379126e-17
12200,9,1.200000000000000e-02,1.199999999999999e-02,1.387778780781446e-17
12200,10,-1.000000000000000e-02,-1.000000000000001e-02,1.214306433183765e-17
12200,11,8.999999999999999e-03,9.000000000000003e-03,-3.469446951953614e-18
12200,12,8.000000000000000e-03,7.999999999999995e-03,5.204170427930421e-18
12200,13,-7.000000000000000e-03,-7.000000000000006e-03,6.071532165918825e-18
12200,14,6.000000000000000e-03,5.999999999999996e-03,4.336808689942018e-18
12200,15,5.000000000000000e-03,5.000000000000008e-03,-7.806255641895632e-18
12200,16,-4.000000000000000e-03,-3.999999999999992e-03,-7.806255641895632e-18
12200,17,3.500000000000000e-03,3.500000000000007e-03,-6.505213034913027e-18
12200,18,3.000000000000000e-03,3.000000000000000e-03,0.000000000000000e+00
12200,19,-2.500000000000000e-03,-2.499999999999999e-03,-1.301042606982605e-18
12200,20,2.000000000000000e-03,1.999999999999997e-03,2.602085213965211e-18
12200,21,1.800000000000000e-03,1.800000000000005e-03,-4.987329993433320e-18
12200,22,-1.500000000000000e-03,-1.500000000000007e-03,6.722053469410127e-18
12200,23,1.200000000000000e-03,1.199999999999997e-03,2.818925648462312e-18
12200,24,1.000000000000000e-03,1.000000000000005e-03,-5.421010862427522e-18
12200,25,-8.000000000000000e-04,-8.000000000000123e-04,1.225148454908620e-17
12200,26,5.999999999999999e-04,5.999999999999998e-04,1.084202172485504e-19
12200,27,5.000000000000000e-04,5.000000000000197e-04,-1.973247953923618e-17
12200,28,-4.000000000000000e-04,-4.000000000000064e-04,6.396792817664476e-18
12200,29,3.000000000000000e-04,2.999999999999918e-04,8.131516293641283e-18
12300,0,1.200000000000000e-01,1.200000000000000e-01,0.000000000000000e+00
12300,1,-8.000000000000000e-02,-8.000000000000000e-02,0.000000000000000e+00
12300,2,5.500000000000000e-02,5.500000000000001e-02,-6.938893903907228e-18
12300,3,4.000000000000000e-02,3.999999999999997e-02,2.775557561562891e-17
12300,4,-3.000000000000000e-02,-3.000000000000002e-02,2.081668171172169e-17
12300,5,2.500000000000000e-02,2.500000000000000e-02,-3.469446951953614e-18
12300,6,2.000000000000000e-02,2.000000000000000e-02,0.000000000000000e+00
12300,7,-1.800000000000000e-02,-1.800000000000000e-02,0.000000000000000e+00
12300,8,1.500000000000000e-02,1.500000000000001e-02,-6.938893903907228e-18
12300,9,1.200000000000000e-02,1.199999999999999e-02,6.938893903907228e-18
12300,10,-1.000000000000000e-02,-9.999999999999998e-03,-1.734723475976807e-18
12300,11,8.999999999999999e-03,8.999999999999989e-03,1.040834085586084e-17
12300,12,8.000000000000000e-03,8.000000000000009e-03,-8.673617379884035e-18
12300,13,-7.000000000000000e-03,-6.999999999999995e-03,-5.204170427930421e-18
12300,14,6.000000000000000e-03,6.000000000000001e-03,-8.673617379884035e-19
12300,15,5.000000000000000e-03,5.000000000000014e-03,-1.387778780781446e-17
12300,16,-4.000000000000000e-03,-4.000000000000017e-03,1.734723475976807e-17
12300,17,3.500000000000000e-03,3.500000000000002e-03,-2.168404344971009e-18
12300,18,3.000000000000000e-03,3.000000000000010e-03,-9.540979117872439e-18
12300,19,-2.500000000000000e-03,-2.499999999999998e-03,-2.168404344971009e-18
12300,20,2.000000000000000e-03,1.999999999999999e-03,1.301042606982605e-18
12300,21,1.800000000000000e-03,1.800000000000006e-03,-6.288372600415926e-18
12300,22,-1.500000000000000e-03,-1.499999999999983e-03,-1.734723475976807e-17
12300,23,1.200000000000000e-03,1.199999999999999e-03,8.673617379884035e-19
12300,24,1.000000000000000e-03,1.000000000000008e-03,-8.023096076392733e-18
12300,25,-8.000000000000000e-04,-8.000000000000063e-04,6.288372600415926e-18
12300,26,5.999999999999999e-04,6.000000000000218e-04,-2.190088388420719e-17
12300,27,5.000000000000000e-04,4.999999999999999e-04,1.084202172485504e-19
12300,28,-4.000000000000000e-04,-3.999999999999885e-04,-1.154675313697062e-17
12300,29,3.000000000000000e-04,3.000000000000072e-04,-7.264154555652880e-18
12400,0,1.200000000000000e-01,1.200000000000000e-01,1.387778780781446e-17
12400,1,-8.000000000000000e-02,-7.999999999999997e-02,-2.775557561562891e-17
12400,2,5.500000000000000e-02,5.500000000000001e-02,-6.938893903907228e-18
12400,3,4.000000000000000e-02,3.999999999999999e-02,1.387778780781446e-17
12400,4,-3.000000000000000e-02,-3.000000000000000e-02,0.000000000000000e+00
12400,5,2.500000000000000e-02,2.499999999999999e-02,1.387778780781446e-17
12400,6,2.000000000000000e-02,2.000000000000001e-02,-6.938893903907228e-18
12400,7,-1.800000000000000e-02,-1.800000000000001e-02,1.040834085586084e-17
12400,8,1.500000000000000e-02,1.499999999999998e-02,1.734723475976807e-17
12400,9,1.200000000000000e-02,1.199999999999999e-02,8.673617379884035e-18
12400,10,-1.000000000000000e-02,-9.999999999999997e-03,-3.469446951953614e-18
12400,11,8.999999999999999e-03,9.000000000000003e-03,-3.469446951953614e-18
12400,12,8.000000000000000e-03,8.000000000000005e-03,-5.204170427930421e-18
12400,13,-7.000000000000000e-03,-6.999999999999982e-03,-1.821459649775647e-17
12400,14,6.000000000000000e-03,6.000000000000001e-03,-8.673617379884035e-19
12400,15,5.000000000000000e-03,5.000000000000008e-03,-7.806255641895632e-18
12400,16,-4.000000000000000e-03,-4.000000000000007e-03,6.938893903907228e-18
12400,17,3.500000000000000e-03,3.500000000000002e-03,-1.734723475976807e-18
12400,18,3.000000000000000e-03,2.999999999999996e-03,3.903127820947816e-18
12400,19,-2.500000000000000e-03,-2.500000000000025e-03,2.515349040166370e-17
12400,20,2.000000000000000e-03,1.999999999999989e-03,1.084202172485504e-17
12400,21,1.800000000000000e-03,1.799999999999997e-03,3.252606517456513e-18
12400,22,-1.500000000000000e-03,-1.499999999999988e-03,-1.170938346284345e-17
12400,23,1.200000000000000e-03,1.200000000000001e-03,-8.673617379884035e-19
12400,24,1.000000000000000e-03,9.999999999999855e-04,1.452830911130576e-17
12400,25,-8.000000000000000e-04,-8.000000000000030e-04,2.927345865710862e-18
12400,26,5.999999999999999e-04,5.999999999999946e-04,5.312590645178972e-18
12400,27,5.000000000000000e-04,5.000000000000036e-04,-3.577867169202165e-18
12400,28,-4.000000000000000e-04,-4.000000000000222e-04,2.222614453595284e-17
12400,29,3.000000000000000e-04,2.999999999999807e-04,1.924458856161770e-17
12500,0,1.200000000000000e-01,1.200000000000000e-01,0.000000000000000e+00
12500,1,-8.000000000000000e-02,-7.999999999999999e-02,-1.387778780781446e-17
12500,2,5.500000000000000e-02,5.500000000000000e-02,0.000000000000000e+00
12500,3,4.000000000000000e-02,3.999999999999999e-02,6.938893903907228e-18
12500,4,-3.000000000000000e-02,-2.999999999999998e-02,-1.734723475976807e-17
12500,5,2.500000000000000e-02,2.499999999999999e-02,6.938893903907228e-18
12500,6,2.000000000000000e-02,2.000000000000001e-02,-6.938893903907228e-18
12500,7,-1.800000000000000e-02,-1.800000000000002e-02,1.734723475976807e-17
12500,8,1.500000000000000e-02,1.499999999999999e-02,1.387778780781446e-17
12500,9,1.200000000000000e-02,1.200000000000000e-02,-1.734723475976807e-18
12500,10,-1.000000000000000e-02,-1.000000000000001e-02,6.938893903907228e-18
12500,11,8.999999999999999e-03,8.999999999999992e-03,6.938893903907228e-18
12500,12,8.000000000000000e-03,8.000000000000014e-03,-1.387778780781446e-17
12500,13,-7.000000000000000e-03,-7.000000000000009e-03,8.673617379884035e-18
12500,14,6.000000000000000e-03,6.000000000000009e-03,-8.673617379884035e-18
12500,15,5.000000000000000e-03,4.999999999999986e-03,1.387778780781446e-17
12500,16,-4.000000000000000e-03,-4.000000000000005e-03,5.204170427930421e-18
12500,17,3.500000000000000e-03,3.500000000000015e-03,-1.474514954580286e-17
12500,18,3.000000000000000e-03,3.000000000000005e-03,-4.770489558936220e-18
12500,19,-2.500000000000000e-03,-2.500000000000010e-03,9.974659986866641e-18
12500,20,2.000000000000000e-03,2.000000000000009e-03,-8.673617379884035e-18
12500,21,1.800000000000000e-03,1.800000000000011e-03,-1.062518129035794e-17
12500,22,-1.500000000000000e-03,-1.500000000000022e-03,2.190088388420719e-17
12500,23,1.200000000000000e-03,1.199999999999998e-03,1.734723475976807e-18
12500,24,1.000000000000000e-03,9.999999999999970e-04,3.035766082959412e-18
12500,25,-8.000000000000000e-04,-7.999999999999951e-04,-4.987329993433320e-18
12500,26,5.999999999999999e-04,5.999999999999947e-04,5.204170427930421e-18
12500,27,5.000000000000000e-04,5.000000000000028e-04,-2.818925648462312e-18
12500,28,-4.000000000000000e-04,-3.999999999999967e-04,-3.361026734705064e-18
12500,29,3.000000000000000e-04,2.999999999999862e-04,1.382357769919018e-17
12600,0,1.200000000000000e-01,1.200000000000000e-01,1.387778780781446e-17
12600,1,-8.000000000000000e-02,-8.000000000000000e-02,0.000000000000000e+00
12600,2,5.500000000000000e-02,5.499999999999998e-02,2.081668171172169e-17
12600,3,4.000000000000000e-02,3.999999999999999e-02,6.938893903907228e-18
12600,4,-3.000000000000000e-02,-2.999999999999999e-02,-1.387778780781446e-17
12600,5,2.500000000000000e-02,2.500000000000000e-02,0.000000000000000e+00
12600,6,2.000000000000000e-02,1.999999999999999e-02,6.938893903907228e-18
12600,7,-1.800000000000000e-02,-1.799999999999998e-02,-1.734723475976807e-17
12600,8,1.500000000000000e-02,1.499999999999999e-02,6.938893903907228e-18
12600,9,1.200000000000000e-02,1.200000000000000e-02,1.734723475976807e-18
12600,10,-1.000000000000000e-02,-1.000000000000001e-02,6.938893903907228e-18
12600,11,8.999999999999999e-03,8.999999999999998e-03,1.734723475976807e-18
12600,12,8.000000000000000e-03,8.000000000000009e-03,-8.673617379884035e-18
12600,13,-7.000000000000000e-03,-6.999999999999982e-03,-1.821459649775647e-17
12600,14,6.000000000000000e-03,6.000000000000000e-03,0.000000000000000e+00
12600,15,5.000000000000000e-03,4.999999999999999e-03,8.673617379884035e-19
12600,16,-4.000000000000000e-03,-3.999999999999988e-03,-1.214306433183765e-17
12600,17,3.500000000000000e-03,3.499999999999990e-03,9.974659986866641e-18
12600,18,3.000000000000000e-03,2.999999999999990e-03,1.040834085586084e-17
12600,19,-2.500000000000000e-03,-2.500000000000008e-03,7.806255641895632e-18
12600,20,2.000000000000000e-03,1.999999999999996e-03,4.336808689942018e-18
12600,21,1.800000000000000e-03,1.800000000000004e-03,-3.903127820947816e-18
12600,22,-1.500000000000000e-03,-1.500000000000010e-03,9.540979117872439e-18
12600,23,1.200000000000000e-03,1.200000000000000e-03,-4.336808689942018e-19
12600,24,1.000000000000000e-03,1.000000000000001e-03,-1.301042606982605e-18
12600,25,-8.000000000000000e-04,-8.000000000000091e-04,9.107298248878237e-18
12600,26,5.999999999999999e-04,5.999999999999829e-04,1.702197410802242e-17
12600,27,5.000000000000000e-04,5.000000000000068e-04,-6.830473686658678e-18
12600,28,-4.000000000000000e-04,-4.000000000000117e-04,1.170938346284345e-17
12600,29,3.000000000000000e-04,2.999999999999929e-04,7.047314121155779e-18
12700,0,1.200000000000000e-01,1.200000000000000e-01,1.387778780781446e-17
12700,1,-8.000000000000000e-02,-8.000000000000000e-02,0.000000000000000e+00
12700,2,5.500000000000000e-02,5.499999999999998e-02,2.081668171172169e-17
12700,3,4.000000000000000e-02,3.999999999999999e-02,6.938893903907228e-18
12700,4,-3.000000000000000e-02,-3.000000000000000e-02,-3.469446951953614e-18
12700,5,2.500000000000000e-02,2.500000000000000e-02,3.469446951953614e-18
12700,6,2.000000000000000e-02,1.999999999999999e-02,6.938893903907228e-18
12700,7,-1.800000000000000e-02,-1.800000000000000e-02,0.000000000000000e+00
12700,8,1.500000000000000e-02,1.500000000000000e-02,3.469446951953614e-18
12700,9,1.200000000000000e-02,1.200000000000001e-02,-8.673617379884035e-18
12700,10,-1.000000000000000e-02,-9.999999999999993e-03,-6.938893903907228e-18
12700,11,8.999999999999999e-03,9.000000000000010e-03,-1.040834085586084e-17
12700,12,8.000000000000000e-03,7.999999999999990e-03,1.040834085586084e-17
12700,13,-7.000000000000000e-03,-6.999999999999996e-03,-4.336808689942018e-18
12700,14,6.000000000000000e-03,5.999999999999993e-03,6.938893903907228e-18
12700,15,5.000000000000000e-03,5.000000000000021e-03,-2.081668171172169e-17
12700,16,-4.000000000000000e-03,-3.999999999999978e-03,-2.168404344971009e-17
12700,17,3.500000000000000e-03,3.499999999999997e-03,3.035766082959412e-18
12700,18,3.000000000000000e-03,2.999999999999995e-03,4.770489558936220e-18
12700,19,-2.500000000000000e-03,-2.500000000000000e-03,4.336808689942018e-19
12700,20,2.000000000000000e-03,1.999999999999984e-03,1.561251128379126e-17
12700,21,1.800000000000000e-03,1.799999999999994e-03,5.854691731421724e-18
12700,22,-1.500000000000000e-03,-1.499999999999991e-03,-8.673617379884035e-18
12700,23,1.200000000000000e-03,1.200000000000006e-03,-6.071532165918825e-18
12700,24,1.000000000000000e-03,1.000000000000012e-03,-1.149254302834635e-17
12700,25,-8.000000000000000e-04,-7.999999999999946e-04,-5.421010862427522e-18
12700,26,5.999999999999999e-04,6.000000000000020e-04,-2.059984127722458e-18
12700,27,5.000000000000000e-04,4.999999999999930e-04,7.047314121155779e-18
12700,28,-4.000000000000000e-04,-4.000000000000019e-04,1.843143693225358e-18
12700,29,3.000000000000000e-04,2.999999999999919e-04,8.077306185017008e-18
12800,0,1.200000000000000e-01,1.200000000000000e-01,0.000000000000000e+00
12800,1,-8.000000000000000e-02,-8.000000000000000e-02,0.000000000000000e+00
12800,2,5.500000000000000e-02,5.499999999999999e-02,6.938893903907228e-18
12800,3,4.000000000000000e-02,3.999999999999999e-02,1.387778780781446e-17
12800,4,-3.000000000000000e-02,-3.000000000000000e-02,-3.469446951953614e-18
12800,5,2.500000000000000e-02,2.500000000000001e-02,-6.938893903907228e-18
12800,6,2.000000000000000e-02,2.000000000000001e-02,-6.938893903907228e-18
12800,7,-1.800000000000000e-02,-1.800000000000001e-02,1.040834085586084e-17
12800,8,1.500000000000000e-02,1.500000000000000e-02,1.734723475976807e-18
12800,9,1.200000000000000e-02,1.200000000000001e-02,-8.673617379884035e-18
12800,10,-1.000000000000000e-02,-1.000000000000001e-02,5.204170427930421e-18
12800,11,8.999999999999999e-03,8.999999999999998e-03,1.734723475976807e-18
12800,12,8.000000000000000e-03,7.999999999999983e-03,1.734723475976807e-17
12800,13,-7.000000000000000e-03,-7.000000000000004e-03,3.469446951953614e-18
12800,14,6.000000000000000e-03,6.000000000000006e-03,-6.071532165918825e-18
12800,15,5.000000000000000e-03,5.000000000000006e-03,-6.071532165918825e-18
12800,16,-4.000000000000000e-03,-3.999999999999998e-03,-1.734723475976807e-18
12800,17,3.500000000000000e-03,3.500000000000002e-03,-1.734723475976807e-18
12800,18,3.000000000000000e-03,3.000000000000009e-03,-9.107298248878237e-18
12800,19,-2.500000000000000e-03,-2.499999999999995e-03,-5.204170427930421e-18
12800,20,2.000000000000000e-03,2.000000000000000e-03,0.000000000000000e+00
12800,21,1.800000000000000e-03,1.799999999999990e-03,1.040834085586084e-17
12800,22,-1.500000000000000e-03,-1.500000000000000e-03,4.336808689942018e-19
12800,23,1.200000000000000e-03,1.200000000000011e-03,-1.084202172485504e-17
12800,24,1.000000000000000e-03,1.000000000000002e-03,-2.168404344971009e-18
12800,25,-8.000000000000000e-04,-8.000000000000080e-04,7.914675859144182e-18
12800,26,5.999999999999999e-04,5.999999999999989e-04,1.084202172485504e-18
12800,27,5.000000000000000e-04,5.000000000000001e-04,-1.084202172485504e-19
12800,28,-4.000000000000000e-04,-4.000000000000040e-04,4.011548038196366e-18
12800,29,3.000000000000000e-04,3.000000000000017e-04,-1.734723475976807e-18
12900,0,1.200000000000000e-01,1.200000000000000e-01,1.387778780781446e-17
12900,1,-8.000000000000000e-02,-8.000000000000000e-02,0.000000000000000e+00
12900,2,5.500000000000000e-02,5.500000000000000e-02,0.000000000000000e+00
12900,3,4.000000000000000e-02,4.000000000000000e-02,0.000000000000000e+00
12900,4,-3.000000000000000e-02,-2.999999999999999e-02,-6.938893903907228e-18
12900,5,2.500000000000000e-02,2.499999999999999e-02,1.387778780781446e-17
12900,6,2.000000000000000e-02,2.000000000000001e-02,-1.040834085586084e-17
12900,7,-1.800000000000000e-02,-1.800000000000000e-02,-3.469446951953614e-18
12900,8,1.500000000000000e-02,1.499999999999999e-02,5.204170427930421e-18
12900,9,1.200000000000000e-02,1.200000000000000e-02,-1.734723475976807e-18
12900,10,-1.000000000000000e-02,-1.000000000000001e-02,1.214306433183765e-17
12900,11,8.999999999999999e-03,8.999999999999998e-03,1.734723475976807e-18
12900,12,8.000000000000000e-03,7.999999999999993e-03,6.938893903907228e-18
12900,13,-7.000000000000000e-03,-7.000000000000008e-03,7.806255641895632e-18
12900,14,6.000000000000000e-03,6.000000000000011e-03,-1.040834085586084e-17
12900,15,5.000000000000000e-03,4.999999999999998e-03,1.734723475976807e-18
12900,16,-4.000000000000000e-03,-4.000000000000002e-03,1.734723475976807e-18
12900,17,3.500000000000000e-03,3.499999999999999e-03,8.673617379884035e-19
12900,18,3.000000000000000e-03,3.000000000000000e-03,-4.336808689942018e-19
12900,19,-2.500000000000000e-03,-2.500000000000009e-03,9.107298248878237e-18
12900,20,2.000000000000000e-03,1.999999999999981e-03,1.864827736675068e-17
12900,21,1.800000000000000e-03,1.799999999999986e-03,1.409462824231156e-17
12900,22,-1.500000000000000e-03,-1.500000000000011e-03,1.127570259384925e-17
12900,23,1.200000000000000e-03,1.200000000000002e-03,-1.734723475976807e-18
12900,24,1.000000000000000e-03,9.999999999999981e-04,1.951563910473908e-18
12900,25,-8.000000000000000e-04,-7.999999999999987e-04,-1.301042606982605e-18
12900,26,5.999999999999999e-04,5.999999999999909e-04,8.998878031629687e-18
12900,27,5.000000000000000e-04,4.999999999999918e-04,8.239936510889834e-18
12900,28,-4.000000000000000e-04,-3.999999999999887e-04,-1.127570259384925e-17
12900,29,3.000000000000000e-04,3.000000000000040e-04,-4.065758146820642e-18
13000,0,1.200000000000000e-01,1.200000000000000e-01,1.387778780781446e-17
13000,1,-8.000000000000000e-02,-8.000000000000000e-02,0.000000000000000e+00
13000,2,5.500000000000000e-02,5.499999999999999e-02,1.387778780781446e-17
13000,3,4.000000000000000e-02,3.999999999999999e-02,1.387778780781446e-17
13000,4,-3.000000000000000e-02,-2.999999999999999e-02,-6.938893903907228e-18
13000,5,2.500000000000000e-02,2.499999999999999e-02,1.387778780781446e-17
13000,6,2.000000000000000e-02,1.999999999999998e-02,2.428612866367530e-17
13000,7,-1.800000000000000e-02,-1.800000000000001e-02,6.938893903907228e-18
13000,8,1.500000000000000e-02,1.500000000000001e-02,-8.673617379884035e-18
13000,9,1.200000000000000e-02,1.199999999999999e-02,6.938893903907228e-18
13000,10,-1.000000000000000e-02,-9.999999999999988e-03,-1.214306433183765e-17
13000,11,8.999999999999999e-03,8.999999999999985e-03,1.387778780781446e-17
13000,12,8.000000000000000e-03,7.999999999999998e-03,1.734723475976807e-18
13000,13,-7.000000000000000e-03,-6.999999999999995e-03,-5.204170427930421e-18
13000,14,6.000000000000000e-03,6.000000000000001e-03,-8.673617379884035e-19
13000,15,5.000000000000000e-03,4.999999999999992e-03,7.806255641895632e-18
13000,16,-4.000000000000000e-03,-4.000000000000008e-03,7.806255641895632e-18
13000,17,3.500000000000000e-03,3.499999999999995e-03,4.770489558936220e-18
13000,18,3.000000000000000e-03,2.999999999999997e-03,2.602085213965211e-18
13000,19,-2.500000000000000e-03,-2.500000000000001e-03,1.301042606982605e-18
13000,20,2.000000000000000e-03,2.000000000000006e-03,-6.071532165918825e-18
13000,21,1.800000000000000e-03,1.799999999999974e-03,2.602085213965211e-17
13000,22,-1.500000000000000e-03,-1.499999999999994e-03,-5.854691731421724e-18
13000,23,1.200000000000000e-03,1.200000000000013e-03,-1.344410693882025e-17
13000,24,1.000000000000000e-03,9.999999999999944e-04,5.637851296924623e-18
13000,25,-8.000000000000000e-04,-8.000000000000073e-04,7.264154555652880e-18
13000,26,5.999999999999999e-04,6.000000000000065e-04,-6.505213034913027e-18
13000,27,5.000000000000000e-04,4.999999999999964e-04,3.577867169202165e-18
13000,28,-4.000000000000000e-04,-4.000000000000011e-04,1.084202172485504e-18
13000,29,3.000000000000000e-04,3.000000000000050e-04,-5.041540102057596e-18
13100,0,1.200000000000000e-01,1.200000000000000e-01,0.000000000000000e+00
13100,1,-8.000000000000000e-02,-8.000000000000000e-02,0.000000000000000e+00
13100,2,5.500000000000000e-02,5.499999999999999e-02,1.387778780781446e-17
13100,3,4.000000000000000e-02,4.000000000000000e-02,0.000000000000000e+00
13100,4,-3.000000000000000e-02,-2.999999999999999e-02,-1.040834085586084e-17
13100,5,2.500000000000000e-02,2.500000000000000e-02,0.000000000000000e+00
13100,6,2.000000000000000e-02,2.000000000000000e-02,-3.469446951953614e-18
13100,7,-1.800000000000000e-02,-1.800000000000001e-02,6.938893903907228e-18
13100,8,1.500000000000000e-02,1.500000000000000e-02,3.469446951953614e-18
13100,9,1.200000000000000e-02,1.199999999999999e-02,6.938893903907228e-18
13100,10,-1.000000000000000e-02,-1.000000000000001e-02,1.040834085586084e-17
13100,11,8.999999999999999e-03,9.000000000000011e-03,-1.214306433183765e-17
13100,12,8.000000000000000e-03,8.000000000000002e-03,-1.734723475976807e-18
13100,13,-7.000000000000000e-03,-6.999999999999992e-03,-7.806255641895632e-18
13100,14,6.000000000000000e-03,6.000000000000007e-03,-6.938893903907228e-18
13100,15,5.000000000000000e-03,5.000000000000003e-03,-2.602085213965211e-18
13100,16,-4.000000000000000e-03,-4.000000000000007e-03,6.938893903907228e-18
13100,17,3.500000000000000e-03,3.500000000000007e-03,-6.938893903907228e-18
13100,18,3.000000000000000e-03,3.000000000000010e-03,-1.040834085586084e-17
13100,19,-2.500000000000000e-03,-2.499999999999997e-03,-3.469446951953614e-18
13100,20,2.000000000000000e-03,1.999999999999992e-03,8.239936510889834e-18
13100,21,1.800000000000000e-03,1.799999999999998e-03,1.734723475976807e-18
13100,22,-1.500000000000000e-03,-1.499999999999989e-03,-1.084202172485504e-17
13100,23,1.200000000000000e-03,1.199999999999999e-03,8.673617379884035e-19
13100,24,1.000000000000000e-03,9.999999999999968e-04,3.252606517456513e-18
13100,25,-8.000000000000000e-04,-7.999999999999979e-04,-2.168404344971009e-18
13100,26,5.999999999999999e-04,5.999999999999942e-04,5.746271514173174e-18
13100,27,5.000000000000000e-04,5.000000000000041e-04,-4.119968255444917e-18
13100,28,-4.000000000000000e-04,-3.999999999999982e-04,-1.843143693225358e-18
13100,29,3.000000000000000e-04,2.999999999999840e-04,1.593777193553692e-17
13200,0,1.200000000000000e-01,1.200000000000000e-01,-1.387778780781446e-17
13200,1,-8.000000000000000e-02,-8.000000000000000e-02,0.000000000000000e+00
13200,2,5.500000000000000e-02,5.500000000000001e-02,-6.938893903907228e-18
13200,3,4.000000000000000e-02,4.000000000000001e-02,-1.387778780781446e-17
13200,4,-3.000000000000000e-02,-2.999999999999999e-02,-1.040834085586084e-17
13200,5,2.500000000000000e-02,2.499999999999999e-02,1.040834085586084e-17
13200,6,2.000000000000000e-02,2.000000000000000e-02,-3.469446951953614e-18
13200,7,-1.800000000000000e-02,-1.799999999999999e-02,-6.938893903907228e-18
13200,8,1.500000000000000e-02,1.499999999999999e-02,6.938893903907228e-18
13200,9,1.200000000000000e-02,1.200000000000000e-02,1.734723475976807e-18
13200,10,-1.000000000000000e-02,-1.000000000000000e-02,3.469446951953614e-18
13200,11,8.999999999999999e-03,9.000000000000001e-03,-1.734723475976807e-18
13200,12,8.000000000000000e-03,8.000000000000000e-03,0.000000000000000e+00
13200,13,-7.000000000000000e-03,-7.000000000000009e-03,8.673617379884035e-18
13200,14,6.000000000000000e-03,5.999999999999998e-03,1.734723475976807e-18
13200,15,5.000000000000000e-03,5.000000000000000e-03,0.000000000000000e+00
13200,16,-4.000000000000000e-03,-3.999999999999999e-03,-8.673617379884035e-19
13200,17,3.500000000000000e-03,3.500000000000002e-03,-1.734723475976807e-18
13200,18,3.000000000000000e-03,2.999999999999995e-03,5.204170427930421e-18
13200,19,-2.500000000000000e-03,-2.500000000000007e-03,7.372574772901430e-18
13200,20,2.000000000000000e-03,2.000000000000011e-03,-1.084202172485504e-17
13200,21,1.800000000000000e-03,1.800000000000013e-03,-1.344410693882025e-17
13200,22,-1.500000000000000e-03,-1.500000000000002e-03,2.168404344971009e-18
13200,23,1.200000000000000e-03,1.199999999999993e-03,6.505213034913027e-18
13200,24,1.000000000000000e-03,9.999999999999989e-04,1.084202172485504e-18
13200,25,-8.000000000000000e-04,-7.999999999999981e-04,-1.951563910473908e-18
13200,26,5.999999999999999e-04,6.000000000000054e-04,-5.421010862427522e-18
13200,27,5.000000000000000e-04,5.000000000000029e-04,-2.927345865710862e-18
13200,28,-4.000000000000000e-04,-3.999999999999999e-04,-1.084202172485504e-19
13200,29,3.000000000000000e-04,2.999999999999942e-04,5.800481622797449e-18
13300,0,1.200000000000000e-01,1.200000000000000e-01,1.387778780781446e-17
13300,1,-8.000000000000000e-02,-8.000000000000000e-02,0.000000000000000e+00
13300,2,5.500000000000000e-02,5.499999999999998e-02,2.081668171172169e-17
13300,3,4.000000000000000e-02,3.999999999999998e-02,2.081668171172169e-17
13300,4,-3.000000000000000e-02,-3.000000000000000e-02,0.000000000000000e+00
13300,5,2.500000000000000e-02,2.500000000000001e-02,-1.040834085586084e-17
13300,6,2.000000000000000e-02,1.999999999999999e-02,6.938893903907228e-18
13300,7,-1.800000000000000e-02,-1.800000000000000e-02,0.000000000000000e+00
13300,8,1.500000000000000e-02,1.500000000000002e-02,-1.561251128379126e-17
13300,9,1.200000000000000e-02,1.200000000000000e-02,1.734723475976807e-18
13300,10,-1.000000000000000e-02,-1.000000000000001e-02,1.214306433183765e-17
13300,11,8.999999999999999e-03,8.999999999999992e-03,6.938893903907228e-18
13300,12,8.000000000000000e-03,8.000000000000011e-03,-1.040834085586084e-17
13300,13,-7.000000000000000e-03,-6.999999999999993e-03,-6.938893903907228e-18
13300,14,6.000000000000000e-03,5.999999999999985e-03,1.474514954580286e-17
13300,15,5.000000000000000e-03,4.999999999999991e-03,8.673617379884035e-18
13300,16,-4.000000000000000e-03,-4.000000000000017e-03,1.647987302177967e-17
13300,17,3.500000000000000e-03,3.500000000000005e-03,-4.770489558936220e-18
13300,18,3.000000000000000e-03,3.000000000000006e-03,-5.637851296924623e-18
13300,19,-2.500000000000000e-03,-2.499999999999986e-03,-1.387778780781446e-17
13300,20,2.000000000000000e-03,2.000000000000013e-03,-1.301042606982605e-17
13300,21,1.800000000000000e-03,1.800000000000014e-03,-1.452830911130576e-17
13300,22,-1.500000000000000e-03,-1.499999999999993e-03,-7.372574772901430e-18
13300,23,1.200000000000000e-03,1.200000000000004e-03,-3.903127820947816e-18
13300,24,1.000000000000000e-03,1.000000000000023e-03,-2.320192649118979e-17
13300,25,-8.000000000000000e-04,-7.999999999999711e-04,-2.894819800536297e-17
13300,26,5.999999999999999e-04,5.999999999999938e-04,6.179952383167375e-18
13300,27,5.000000000000000e-04,4.999999999999945e-04,5.529431079676073e-18
13300,28,-4.000000000000000e-04,-4.000000000000186e-04,1.859406725812640e-17
13300,29,3.000000000000000e-04,3.000000000000078e-04,-7.860465750519907e-18
13400,0,1.200000000000000e-01,1.200000000000000e-01,-1.387778780781446e-17
13400,1,-8.000000000000000e-02,-7.999999999999999e-02,-1.387778780781446e-17
13400,2,5.500000000000000e-02,5.500000000000003e-02,-2.775557561562891e-17
13400,3,4.000000000000000e-02,4.000000000000001e-02,-6.938893903907228e-18
13400,4,-3.000000000000000e-02,-2.999999999999999e-02,-6.938893903907228e-18
13400,5,2.500000000000000e-02,2.500000000000001e-02,-1.040834085586084e-17
13400,6,2.000000000000000e-02,1.999999999999999e-02,1.040834085586084e-17
13400,7,-1.800000000000000e-02,-1.800000000000000e-02,-3.469446951953614e-18
13400,8,1.500000000000000e-02,1.500000000000000e-02,0.000000000000000e+00
13400,9,1.200000000000000e-02,1.200000000000000e-02,5.204170427930421e-18
13400,10,-1.000000000000000e-02,-1.000000000000001e-02,1.214306433183765e-17
13400,11,8.999999999999999e-03,9.000000000000008e-03,-8.673617379884035e-18
13400,12,8.000000000000000e-03,8.000000000000018e-03,-1.734723475976807e-17
13400,13,-7.000000000000000e-03,-7.000000000000008e-03,7.806255641895632e-18
13400,14,6.000000000000000e-03,6.000000000000006e-03,-6.071532165918825e-18
13400,15,5.000000000000000e-03,5.000000000000008e-03,-7.806255641895632e-18
13400,16,-4.000000000000000e-03,-3.999999999999995e-03,-5.204170427930421e-18
13400,17,3.500000000000000e-03,3.500000000000004e-03,-3.903127820947816e-18
13400,18,3.000000000000000e-03,3.000000000000020e-03,-2.038300084272748e-17
13400,19,-2.500000000000000e-03,-2.500000000000004e-03,4.336808689942018e-18
13400,20,2.000000000000000e-03,2.000000000000004e-03,-3.469446951953614e-18
13400,21,1.800000000000000e-03,1.800000000000006e-03,-5.637851296924623e-18
13400,22,-1.500000000000000e-03,-1.499999999999981e-03,-1.951563910473908e-17
13400,23,1.200000000000000e-03,1.200000000000009e-03,-9.540979117872439e-18
13400,24,1.000000000000000e-03,1.000000000000003e-03,-3.252606517456513e-18
13400,25,-8.000000000000000e-04,-8.000000000000072e-04,7.155734338404329e-18
13400,26,5.999999999999999e-04,6.000000000000291e-04,-2.916503843986007e-17
13400,27,5.000000000000000e-04,5.000000000000086e-04,-8.565197162635485e-18
13400,28,-4.000000000000000e-04,-3.999999999999796e-04,-2.038300084272748e-17
13400,29,3.000000000000000e-04,2.999999999999884e-04,1.154675313697062e-17
13500,0,1.200000000000000e-01,1.200000000000000e-01,-1.387778780781446e-17
13500,1,-8.000000000000000e-02,-7.999999999999999e-02,-1.387778780781446e-17
13500,2,5.500000000000000e-02,5.500000000000000e-02,0.000000000000000e+00
13500,3,4.000000000000000e-02,3.999999999999997e-02,2.775557561562891e-17
13500,4,-3.000000000000000e-02,-3.000000000000000e-02,3.469446951953614e-18
13500,5,2.500000000000000e-02,2.500000000000000e-02,0.000000000000000e+00
13500,6,2.000000000000000e-02,2.000000000000001e-02,-6.938893903907228e-18
13500,7,-1.800000000000000e-02,-1.800000000000000e-02,3.469446951953614e-18
13500,8,1.500000000000000e-02,1.500000000000000e-02,-1.734723475976807e-18
13500,9,1.200000000000000e-02,1.199999999999999e-02,8.673617379884035e-18
13500,10,-1.000000000000000e-02,-1.000000000000000e-02,0.000000000000000e+00
13500,11,8.999999999999999e-03,8.999999999999999e-03,0.000000000000000e+00
13500,12,8.000000000000000e-03,8.000000000000005e-03,-5.204170427930421e-18
13500,13,-7.000000000000000e-03,-6.999999999999998e-03,-2.602085213965211e-18
13500,14,6.000000000000000e-03,6.000000000000011e-03,-1.040834085586084e-17
13500,15,5.000000000000000e-03,4.999999999999998e-03,1.734723475976807e-18
13500,16,-4.000000000000000e-03,-4.000000000000011e-03,1.127570259384925e-17
13500,17,3.500000000000000e-03,3.500000000000008e-03,-7.806255641895632e-18
13500,18,3.000000000000000e-03,3.000000000000003e-03,-2.602085213965211e-18
13500,19,-2.500000000000000e-03,-2.499999999999987e-03,-1.301042606982605e-17
13500,20,2.000000000000000e-03,2.000000000000009e-03,-8.673617379884035e-18
13500,21,1.800000000000000e-03,1.799999999999995e-03,4.553649124439119e-18
13500,22,-1.500000000000000e-03,-1.500000000000001e-03,1.084202172485504e-18
13500,23,1.200000000000000e-03,1.200000000000006e-03,-6.288372600415926e-18
13500,24,1.000000000000000e-03,1.000000000000018e-03,-1.799775606325937e-17
13500,25,-8.000000000000000e-04,-8.000000000000006e-04,5.421010862427522e-19
13500,26,5.999999999999999e-04,5.999999999999925e-04,7.480994990149981e-18
13500,27,5.000000000000000e-04,4.999999999999894e-04,1.062518129035794e-17
13500,28,-4.000000000000000e-04,-4.000000000000070e-04,6.938893903907228e-18
13500,29,3.000000000000000e-04,3.000000000000093e-04,-9.324138683375338e-18
13600,0,1.200000000000000e-01,1.200000000000000e-01,0.000000000000000e+00
13600,1,-8.000000000000000e-02,-8.000000000000000e-02,0.000000000000000e+00
13600,2,5.500000000000000e-02,5.500000000000001e-02,-6.938893903907228e-18
13600,3,4.000000000000000e-02,3.999999999999999e-02,1.387778780781446e-17
13600,4,-3.000000000000000e-02,-3.000000000000000e-02,0.000000000000000e+00
13600,5,2.500000000000000e-02,2.500000000000000e-02,3.469446951953614e-18
13600,6,2.000000000000000e-02,2.000000000000000e-02,3.469446951953614e-18
13600,7,-1.800000000000000e-02,-1.799999999999999e-02,-6.938893903907228e-18
13600,8,1.500000000000000e-02,1.500000000000000e-02,1.734723475976807e-18
13600,9,1.200000000000000e-02,1.199999999999999e-02,6.938893903907228e-18
13600,10,-1.000000000000000e-02,-1.000000000000000e-02,0.000000000000000e+00
13600,11,8.999999999999999e-03,8.999999999999991e-03,8.673617379884035e-18
13600,12,8.000000000000000e-03,8.000000000000000e-03,0.000000000000000e+00
13600,13,-7.000000000000000e-03,-6.999999999999991e-03,-9.540979117872439e-18
13600,14,6.000000000000000e-03,6.000000000000001e-03,-8.673617379884035e-19
13600,15,5.000000000000000e-03,5.000000000000001e-03,-8.673617379884035e-19
13600,16,-4.000000000000000e-03,-3.999999999999994e-03,-6.071532165918825e-18
13600,17,3.500000000000000e-03,3.499999999999995e-03,4.770489558936220e-18
13600,18,3.000000000000000e-03,3.000000000000014e-03,-1.387778780781446e-17
13600,19,-2.500000000000000e-03,-2.500000000000000e-03,0.000000000000000e+00
13600,20,2.000000000000000e-03,1.999999999999991e-03,8.673617379884035e-18
13600,21,1.800000000000000e-03,1.800000000000003e-03,-3.035766082959412e-18
13600,22,-1.500000000000000e-03,-1.499999999999994e-03,-5.854691731421724e-18
13600,23,1.200000000000000e-03,1.199999999999989e-03,1.127570259384925e-17
13600,24,1.000000000000000e-03,1.000000000000001e-03,-1.301042606982605e-18
13600,25,-8.000000000000000e-04,-8.000000000000013e-04,1.301042606982605e-18
13600,26,5.999999999999999e-04,6.000000000000043e-04,-4.336808689942018e-18
13600,27,5.000000000000000e-04,5.000000000000032e-04,-3.144186300207963e-18
13600,28,-4.000000000000000e-04,-4.000000000000104e-04,1.035413074723657e-17
13600,29,3.000000000000000e-04,2.999999999999945e-04,5.475220971051797e-18
13700,0,1.200000000000000e-01,1.200000000000000e-01,0.000000000000000e+00
13700,1,-8.000000000000000e-02,-8.000000000000000e-02,0.000000000000000e+00
13700,2,5.500000000000000e-02,5.499999999999999e-02,6.938893903907228e-18
13700,3,4.000000000000000e-02,3.999999999999998e-02,2.081668171172169e-17
13700,4,-3.000000000000000e-02,-3.000000000000000e-02,3.469446951953614e-18
13700,5,2.500000000000000e-02,2.500000000000000e-02,-3.469446951953614e-18
13700,6,2.000000000000000e-02,2.000000000000000e-02,3.469446951953614e-18
13700,7,-1.800000000000000e-02,-1.800000000000000e-02,-3.469446951953614e-18
13700,8,1.500000000000000e-02,1.500000000000000e-02,-3.469446951953614e-18
13700,9,1.200000000000000e-02,1.200000000000000e-02,-1.734723475976807e-18
13700,10,-1.000000000000000e-02,-1.000000000000000e-02,1.734723475976807e-18
13700,11,8.999999999999999e-03,8.999999999999984e-03,1.561251128379126e-17
13700,12,8.000000000000000e-03,8.000000000000011e-03,-1.040834085586084e-17
13700,13,-7.000000000000000e-03,-7.000000000000017e-03,1.734723475976807e-17
13700,14,6.000000000000000e-03,6.000000000000004e-03,-4.336808689942018e-18
13700,15,5.000000000000000e-03,5.000000000000005e-03,-5.204170427930421e-18
13700,16,-4.000000000000000e-03,-4.000000000000002e-03,1.734723475976807e-18
13700,17,3.500000000000000e-03,3.499999999999991e-03,8.673617379884035e-18
13700,18,3.000000000000000e-03,2.999999999999999e-03,8.673617379884035e-19
13700,19,-2.500000000000000e-03,-2.499999999999996e-03,-3.903127820947816e-18
13700,20,2.000000000000000e-03,2.000000000000010e-03,-9.974659986866641e-18
13700,21,1.800000000000000e-03,1.800000000000000e-03,-4.336808689942018e-19
13700,22,-1.500000000000000e-03,-1.499999999999997e-03,-2.602085213965211e-18
13700,23,1.200000000000000e-03,1.199999999999997e-03,2.602085213965211e-18
13700,24,1.000000000000000e-03,1.000000000000002e-03,-2.385244779468110e-18
13700,25,-8.000000000000000e-04,-8.000000000000033e-04,3.252606517456513e-18
13700,26,5.999999999999999e-04,5.999999999999973e-04,2.602085213965211e-18
13700,27,5.000000000000000e-04,5.000000000000086e-04,-8.565197162635485e-18
13700,28,-4.000000000000000e-04,-4.000000000000076e-04,7.589415207398531e-18
13700,29,3.000000000000000e-04,2.999999999999968e-04,3.144186300207963e-18
13800,0,1.200000000000000e-01,1.200000000000000e-01,0.000000000000000e+00
13800,1,-8.000000000000000e-02,-8.000000000000000e-02,0.000000000000000e+00
13800,2,5.500000000000000e-02,5.500000000000001e-02,-6.938893903907228e-18
13800,3,4.000000000000000e-02,4.000000000000001e-02,-1.387778780781446e-17
13800,4,-3.000000000000000e-02,-3.000000000000000e-02,0.000000000000000e+00
13800,5,2.500000000000000e-02,2.500000000000001e-02,-6.938893903907228e-18
13800,6,2.000000000000000e-02,1.999999999999999e-02,1.040834085586084e-17
13800,7,-1.800000000000000e-02,-1.800000000000000e-02,0.000000000000000e+00
13800,8,1.500000000000000e-02,1.500000000000001e-02,-6.938893903907228e-18
13800,9,1.200000000000000e-02,1.200000000000000e-02,0.000000000000000e+00
13800,10,-1.000000000000000e-02,-9.999999999999988e-03,-1.214306433183765e-17
13800,11,8.999999999999999e-03,8.999999999999994e-03,5.204170427930421e-18
13800,12,8.000000000000000e-03,7.999999999999998e-03,1.734723475976807e-18
13800,13,-7.000000000000000e-03,-7.000000000000015e-03,1.474514954580286e-17
13800,14,6.000000000000000e-03,6.000000000000005e-03,-5.204170427930421e-18
13800,15,5.000000000000000e-03,5.000000000000005e-03,-5.204170427930421e-18
13800,16,-4.000000000000000e-03,-4.000000000000010e-03,1.040834085586084e-17
13800,17,3.500000000000000e-03,3.499999999999993e-03,6.938893903907228e-18
13800,18,3.000000000000000e-03,2.999999999999988e-03,1.170938346284345e-17
13800,19,-2.500000000000000e-03,-2.500000000000008e-03,7.806255641895632e-18
13800,20,2.000000000000000e-03,1.999999999999996e-03,4.336808689942018e-18
13800,21,1.800000000000000e-03,1.799999999999994e-03,6.071532165918825e-18
13800,22,-1.500000000000000e-03,-1.500000000000008e-03,7.806255641895632e-18
13800,23,1.200000000000000e-03,1.200000000000012e-03,-1.170938346284345e-17
13800,24,1.000000000000000e-03,9.999999999999879e-04,1.214306433183765e-17
13800,25,-8.000000000000000e-04,-7.999999999999994e-04,-6.505213034913027e-19
13800,26,5.999999999999999e-04,5.999999999999991e-04,8.673617379884035e-19
13800,27,5.000000000000000e-04,5.000000000000157e-04,-1.572093150103981e-17
13800,28,-4.000000000000000e-04,-3.999999999999895e-04,-1.051676107310939e-17
13800,29,3.000000000000000e-04,3.000000000000018e-04,-1.843143693225358e-18
13900,0,1.200000000000000e-01,1.200000000000000e-01,0.000000000000000e+00
13900,1,-8.000000000000000e-02,-8.000000000000000e-02,0.000000000000000e+00
13900,2,5.500000000000000e-02,5.499999999999999e-02,6.938893903907228e-18
13900,3,4.000000000000000e-02,3.999999999999999e-02,6.938893903907228e-18
13900,4,-3.000000000000000e-02,-2.999999999999999e-02,-6.938893903907228e-18
13900,5,2.500000000000000e-02,2.500000000000000e-02,0.000000000000000e+00
13900,6,2.000000000000000e-02,2.000000000000000e-02,0.000000000000000e+00
13900,7,-1.800000000000000e-02,-1.800000000000001e-02,6.938893903907228e-18
13900,8,1.500000000000000e-02,1.500000000000002e-02,-2.428612866367530e-17
13900,9,1.200000000000000e-02,1.199999999999998e-02,2.081668171172169e-17
13900,10,-1.000000000000000e-02,-1.000000000000001e-02,6.938893903907228e-18
13900,11,8.999999999999999e-03,9.000000000000011e-03,-1.214306433183765e-17
13900,12,8.000000000000000e-03,7.999999999999993e-03,6.938893903907228e-18
13900,13,-7.000000000000000e-03,-6.999999999999983e-03,-1.734723475976807e-17
13900,14,6.000000000000000e-03,5.999999999999990e-03,1.040834085586084e-17
13900,15,5.000000000000000e-03,5.000000000000017e-03,-1.734723475976807e-17
13900,16,-4.000000000000000e-03,-4.000000000000010e-03,1.040834085586084e-17
13900,17,3.500000000000000e-03,3.500000000000000e-03,0.000000000000000e+00
13900,18,3.000000000000000e-03,2.999999999999998e-03,2.168404344971009e-18
13900,19,-2.500000000000000e-03,-2.500000000000004e-03,3.903127820947816e-18
13900,20,2.000000000000000e-03,2.000000000000014e-03,-1.431146867680866e-17
13900,21,1.800000000000000e-03,1.799999999999996e-03,3.686287386450715e-18
13900,22,-1.500000000000000e-03,-1.500000000000001e-03,1.084202172485504e-18
13900,23,1.200000000000000e-03,1.199999999999986e-03,1.344410693882025e-17
13900,24,1.000000000000000e-03,9.999999999999887e-04,1.127570259384925e-17
13900,25,-8.000000000000000e-04,-7.999999999999861e-04,-1.398620802506301e-17
13900,26,5.999999999999999e-04,6.000000000000080e-04,-8.023096076392733e-18
13900,27,5.000000000000000e-04,4.999999999999936e-04,6.396792817664476e-18
13900,28,-4.000000000000000e-04,-4.000000000000157e-04,1.572093150103981e-17
13900,29,3.000000000000000e-04,3.000000000000038e-04,-3.794707603699266e-18
14000,0,1.200000000000000e-01,1.200000000000000e-01,0.000000000000000e+00
14000,1,-8.000000000000000e-02,-8.000000000000002e-02,1.387778780781446e-17
14000,2,5.500000000000000e-02,5.499999999999999e-02,6.938893903907228e-18
14000,3,4.000000000000000e-02,3.999999999999999e-02,6.938893903907228e-18
14000,4,-3.000000000000000e-02,-2.999999999999999e-02,-1.387778780781446e-17
14000,5,2.500000000000000e-02,2.500000000000000e-02,0.000000000000000e+00
14000,6,2.000000000000000e-02,2.000000000000000e-02,0.000000000000000e+00
14000,7,-1.800000000000000e-02,-1.800000000000000e-02,3.469446951953614e-18
14000,8,1.500000000000000e-02,1.500000000000001e-02,-1.040834085586084e-17
14000,9,1.200000000000000e-02,1.200000000000001e-02,-8.673617379884035e-18
14000,10,-1.000000000000000e-02,-9.999999999999995e-03,-5.204170427930421e-18
14000,11,8.999999999999999e-03,8.999999999999992e-03,6.938893903907228e-18
14000,12,8.000000000000000e-03,8.000000000000004e-03,-3.469446951953614e-18
14000,13,-7.000000000000000e-03,-7.000000000000001e-03,8.673617379884035e-19
14000,14,6.000000000000000e-03,6.000000000000004e-03,-4.336808689942018e-18
14000,15,5.000000000000000e-03,5.000000000000007e-03,-6.938893903907228e-18
14000,16,-4.000000000000000e-03,-4.000000000000003e-03,2.602085213965211e-18
14000,17,3.500000000000000e-03,3.500000000000003e-03,-2.602085213965211e-18
14000,18,3.000000000000000e-03,3.000000000000005e-03,-5.204170427930421e-18
14000,19,-2.500000000000000e-03,-2.500000000000004e-03,3.469446951953614e-18
14000,20,2.000000000000000e-03,2.000000000000001e-03,-1.301042606982605e-18
14000,21,1.800000000000000e-03,1.799999999999999e-03,1.301042606982605e-18
14000,22,-1.500000000000000e-03,-1.499999999999995e-03,-5.421010862427522e-18
14000,23,1.200000000000000e-03,1.199999999999984e-03,1.561251128379126e-17
14000,24,1.000000000000000e-03,1.000000000000002e-03,-2.385244779468110e-18
14000,25,-8.000000000000000e-04,-7.999999999999865e-04,-1.355252715606881e-17
14000,26,5.999999999999999e-04,5.999999999999924e-04,7.589415207398531e-18
14000,27,5.000000000000000e-04,5.000000000000051e-04,-5.095750210681871e-18
14000,28,-4.000000000000000e-04,-3.999999999999833e-04,-1.675092356490104e-17
14000,29,3.000000000000000e-04,3.000000000000133e-04,-1.333568672157170e-17
14100,0,1.200000000000000e-01,1.200000000000000e-01,0.000000000000000e+00
14100,1,-8.000000000000000e-02,-8.000000000000000e-02,0.000000000000000e+00
14100,2,5.500000000000000e-02,5.499999999999999e-02,6.938893903907228e-18
14100,3,4.000000000000000e-02,4.000000000000000e-02,0.000000000000000e+00
14100,4,-3.000000000000000e-02,-3.000000000000001e-02,1.387778780781446e-17
14100,5,2.500000000000000e-02,2.500000000000002e-02,-1.387778780781446e-17
14100,6,2.000000000000000e-02,1.999999999999999e-02,1.040834085586084e-17
14100,7,-1.800000000000000e-02,-1.800000000000000e-02,3.469446951953614e-18
14100,8,1.500000000000000e-02,1.500000000000000e-02,0.000000000000000e+00
14100,9,1.200000000000000e-02,1.200000000000000e-02,-1.734723475976807e-18
14100,10,-1.000000000000000e-02,-1.000000000000001e-02,8.673617379884035e-18
14100,11,8.999999999999999e-03,9.000000000000008e-03,-8.673617379884035e-18
14100,12,8.000000000000000e-03,8.000000000000009e-03,-8.673617379884035e-18
14100,13,-7.000000000000000e-03,-6.999999999999991e-03,-9.540979117872439e-18
14100,14,6.000000000000000e-03,6.000000000000011e-03,-1.040834085586084e-17
14100,15,5.000000000000000e-03,4.999999999999985e-03,1.474514954580286e-17
14100,16,-4.000000000000000e-03,-3.999999999999996e-03,-4.336808689942018e-18
14100,17,3.500000000000000e-03,3.499999999999991e-03,9.107298248878237e-18
14100,18,3.000000000000000e-03,3.000000000000010e-03,-9.974659986866641e-18
14100,19,-2.500000000000000e-03,-2.499999999999999e-03,-1.301042606982605e-18
14100,20,2.000000000000000e-03,2.000000000000004e-03,-3.903127820947816e-18
14100,21,1.800000000000000e-03,1.799999999999988e-03,1.170938346284345e-17
14100,22,-1.500000000000000e-03,-1.500000000000005e-03,4.770489558936220e-18
14100,23,1.200000000000000e-03,1.200000000000003e-03,-3.035766082959412e-18
14100,24,1.000000000000000e-03,1.000000000000002e-03,-2.385244779468110e-18
14100,25,-8.000000000000000e-04,-7.999999999999946e-04,-5.421010862427522e-18
14100,26,5.999999999999999e-04,6.000000000000096e-04,-9.649399335120989e-18
14100,27,5.000000000000000e-04,4.999999999999916e-04,8.456776945386935e-18
14100,28,-4.000000000000000e-04,-3.999999999999941e-04,-5.908901840045999e-18
14100,29,3.000000000000000e-04,3.000000000000032e-04,-3.198396408832238e-18
14200,0,1.200000000000000e-01,1.200000000000000e-01,0.000000000000000e+00
14200,1,-8.000000000000000e-02,-8.000000000000003e-02,2.775557561562891e-17
14200,2,5.500000000000000e-02,5.499999999999999e-02,6.938893903907228e-18
14200,3,4.000000000000000e-02,4.000000000000001e-02,-6.938893903907228e-18
14200,4,-3.000000000000000e-02,-3.000000000000000e-02,-3.469446951953614e-18
14200,5,2.500000000000000e-02,2.499999999999999e-02,6.938893903907228e-18
14200,6,2.000000000000000e-02,1.999999999999999e-02,1.387778780781446e-17
14200,7,-1.800000000000000e-02,-1.800000000000000e-02,-3.469446951953614e-18
14200,8,1.500000000000000e-02,1.500000000000002e-02,-2.081668171172169e-17
14200,9,1.200000000000000e-02,1.200000000000001e-02,-1.387778780781446e-17
14200,10,-1.000000000000000e-02,-9.999999999999990e-03,-1.040834085586084e-17
14200,11,8.999999999999999e-03,8.999999999999994e-03,5.204170427930421e-18
14200,12,8.000000000000000e-03,7.999999999999997e-03,3.469446951953614e-18
14200,13,-7.000000000000000e-03,-7.000000000000001e-03,8.673617379884035e-19
14200,14,6.000000000000000e-03,6.000000000000021e-03,-2.081668171172169e-17
14200,15,5.000000000000000e-03,5.000000000000023e-03,-2.255140518769849e-17
14200,16,-4.000000000000000e-03,-3.999999999999975e-03,-2.515349040166370e-17
14200,17,3.500000000000000e-03,3.500000000000013e-03,-1.301042606982605e-17
14200,18,3.000000000000000e-03,2.999999999999997e-03,3.035766082959412e-18
14200,19,-2.500000000000000e-03,-2.500000000000001e-03,1.301042606982605e-18
14200,20,2.000000000000000e-03,1.999999999999994e-03,6.505213034913027e-18
14200,21,1.800000000000000e-03,1.799999999999997e-03,2.818925648462312e-18
14200,22,-1.500000000000000e-03,-1.500000000000008e-03,7.806255641895632e-18
14200,23,1.200000000000000e-03,1.199999999999983e-03,1.734723475976807e-17
14200,24,1.000000000000000e-03,1.000000000000008e-03,-7.589415207398531e-18
14200,25,-8.000000000000000e-04,-7.999999999999798e-04,-2.027458062547893e-17
14200,26,5.999999999999999e-04,5.999999999999827e-04,1.723881454251952e-17
14200,27,5.000000000000000e-04,5.000000000000140e-04,-1.398620802506301e-17
14200,28,-4.000000000000000e-04,-3.999999999999959e-04,-4.119968255444917e-18
14200,29,3.000000000000000e-04,2.999999999999925e-04,7.480994990149981e-18
14300,0,1.200000000000000e-01,1.200000000000000e-01,0.000000000000000e+00
14300,1,-8.000000000000000e-02,-8.000000000000002e-02,1.387778780781446e-17
14300,2,5.500000000000000e-02,5.500000000000001e-02,-6.938893903907228e-18
14300,3,4.000000000000000e-02,3.999999999999999e-02,6.938893903907228e-18
14300,4,-3.000000000000000e-02,-3.000000000000001e-02,1.040834085586084e-17
14300,5,2.500000000000000e-02,2.500000000000001e-02,-6.938893903907228e-18
14300,6,2.000000000000000e-02,2.000000000000001e-02,-6.938893903907228e-18
14300,7,-1.800000000000000e-02,-1.799999999999998e-02,-1.387778780781446e-17
14300,8,1.500000000000000e-02,1.500000000000000e-02,3.469446951953614e-18
14300,9,1.200000000000000e-02,1.200000000000000e-02,5.204170427930421e-18
14300,10,-1.000000000000000e-02,-9.999999999999992e-03,-8.673617379884035e-18
14300,11,8.999999999999999e-03,8.999999999999998e-03,1.734723475976807e-18
14300,12,8.000000000000000e-03,8.000000000000002e-03,-1.734723475976807e-18
14300,13,-7.000000000000000e-03,-7.000000000000007e-03,6.938893903907228e-18
14300,14,6.000000000000000e-03,5.999999999999996e-03,4.336808689942018e-18
14300,15,5.000000000000000e-03,5.000000000000004e-03,-3.469446951953614e-18
14300,16,-4.000000000000000e-03,-3.999999999999998e-03,-1.734723475976807e-18
14300,17,3.500000000000000e-03,3.499999999999993e-03,7.372574772901430e-18
14300,18,3.000000000000000e-03,3.000000000000002e-03,-2.168404344971009e-18
14300,19,-2.500000000000000e-03,-2.499999999999997e-03,-3.469446951953614e-18
14300,20,2.000000000000000e-03,2.000000000000000e-03,0.000000000000000e+00
14300,21,1.800000000000000e-03,1.800000000000008e-03,-7.806255641895632e-18
14300,22,-1.500000000000000e-03,-1.500000000000003e-03,3.035766082959412e-18
14300,23,1.200000000000000e-03,1.199999999999997e-03,3.252606517456513e-18
14300,24,1.000000000000000e-03,9.999999999999968e-04,3.252606517456513e-18
14300,25,-8.000000000000000e-04,-8.000000000000013e-04,1.301042606982605e-18
14300,26,5.999999999999999e-04,5.999999999999972e-04,2.710505431213761e-18
14300,27,5.000000000000000e-04,5.000000000000036e-04,-3.577867169202165e-18
14300,28,-4.000000000000000e-04,-4.000000000000066e-04,6.613633252161577e-18
14300,29,3.000000000000000e-04,2.999999999999982e-04,1.788933584601082e-18
14400,0,1.200000000000000e-01,1.200000000000000e-01,1.387778780781446e-17
14400,1,-8.000000000000000e-02,-8.000000000000000e-02,0.000000000000000e+00
14400,2,5.500000000000000e-02,5.499999999999998e-02,2.081668171172169e-17
14400,3,4.000000000000000e-02,3.999999999999999e-02,1.387778780781446e-17
14400,4,-3.000000000000000e-02,-2.999999999999999e-02,-1.387778780781446e-17
14400,5,2.500000000000000e-02,2.499999999999998e-02,2.428612866367530e-17
14400,6,2.000000000000000e-02,2.000000000000000e-02,-3.469446951953614e-18
14400,7,-1.800000000000000e-02,-1.799999999999998e-02,-1.734723475976807e-17
14400,8,1.500000000000000e-02,1.500000000000000e-02,-1.734723475976807e-18
14400,9,1.200000000000000e-02,1.200000000000001e-02,-5.204170427930421e-18
14400,10,-1.000000000000000e-02,-1.000000000000001e-02,5.204170427930421e-18
14400,11,8.999999999999999e-03,8.999999999999994e-03,5.204170427930421e-18
14400,12,8.000000000000000e-03,7.999999999999998e-03,1.734723475976807e-18
14400,13,-7.000000000000000e-03,-6.999999999999991e-03,-8.673617379884035e-18
14400,14,6.000000000000000e-03,6.000000000000014e-03,-1.387778780781446e-17
14400,15,5.000000000000000e-03,4.999999999999999e-03,8.673617379884035e-19
14400,16,-4.000000000000000e-03,-4.000000000000004e-03,3.469446951953614e-18
14400,17,3.500000000000000e-03,3.500000000000007e-03,-7.372574772901430e-18
14400,18,3.000000000000000e-03,3.000000000000004e-03,-4.336808689942018e-18
14400,19,-2.500000000000000e-03,-2.499999999999987e-03,-1.301042606982605e-17
14400,20,2.000000000000000e-03,1.999999999999989e-03,1.084202172485504e-17
14400,21,1.800000000000000e-03,1.799999999999980e-03,2.038300084272748e-17
14400,22,-1.500000000000000e-03,-1.500000000000000e-03,2.168404344971009e-19
14400,23,1.200000000000000e-03,1.199999999999996e-03,3.469446951953614e-18
14400,24,1.000000000000000e-03,1.000000000000017e-03,-1.669671345627677e-17
14400,25,-8.000000000000000e-04,-7.999999999999816e-04,-1.843143693225358e-17
14400,26,5.999999999999999e-04,6.000000000000044e-04,-4.445228907190568e-18
14400,27,5.000000000000000e-04,4.999999999999972e-04,2.818925648462312e-18
14400,28,-4.000000000000000e-04,-4.000000000000266e-04,2.661716333451913e-17
14400,29,3.000000000000000e-04,2.999999999999807e-04,1.929879867024198e-17
14500,0,1.200000000000000e-01,1.200000000000000e-01,4.163336342344337e-17
14500,1,-8.000000000000000e-02,-8.000000000000000e-02,0.000000000000000e+00
14500,2,5.500000000000000e-02,5.499999999999999e-02,6.938893903907228e-18
14500,3,4.000000000000000e-02,4.000000000000001e-02,-6.938893903907228e-18
14500,4,-3.000000000000000e-02,-3.000000000000000e-02,3.469446951953614e-18
14500,5,2.500000000000000e-02,2.499999999999999e-02,6.938893903907228e-18
14500,6,2.000000000000000e-02,2.000000000000000e-02,3.469446951953614e-18
14500,7,-1.800000000000000e-02,-1.800000000000000e-02,3.469446951953614e-18
14500,8,1.500000000000000e-02,1.500000000000001e-02,-1.040834085586084e-17
14500,9,1.200000000000000e-02,1.200000000000001e-02,-6.938893903907228e-18
14500,10,-1.000000000000000e-02,-9.999999999999998e-03,-1.734723475976807e-18
14500,11,8.999999999999999e-03,9.000000000000005e-03,-5.204170427930421e-18
14500,12,8.000000000000000e-03,7.999999999999993e-03,6.938893903907228e-18
14500,13,-7.000000000000000e-03,-6.999999999999990e-03,-1.040834085586084e-17
14500,14,6.000000000000000e-03,6.000000000000012e-03,-1.214306433183765e-17
14500,15,5.000000000000000e-03,5.000000000000008e-03,-7.806255641895632e-18
14500,16,-4.000000000000000e-03,-4.000000000000009e-03,8.673617379884035e-18
14500,17,3.500000000000000e-03,3.499999999999998e-03,1.734723475976807e-18
14500,18,3.000000000000000e-03,3.000000000000004e-03,-3.903127820947816e-18
14500,19,-2.500000000000000e-03,-2.499999999999985e-03,-1.517883041479706e-17
14500,20,2.000000000000000e-03,1.999999999999990e-03,1.040834085586084e-17
14500,21,1.800000000000000e-03,1.799999999999997e-03,2.602085213965211e-18
14500,22,-1.500000000000000e-03,-1.500000000000003e-03,3.035766082959412e-18
14500,23,1.200000000000000e-03,1.199999999999992e-03,7.589415207398531e-18
14500,24,1.000000000000000e-03,9.999999999999961e-04,3.903127820947816e-18
14500,25,-8.000000000000000e-04,-7.999999999999964e-04,-3.686287386450715e-18
14500,26,5.999999999999999e-04,6.000000000000063e-04,-6.396792817664476e-18
14500,27,5.000000000000000e-04,5.000000000000141e-04,-1.409462824231156e-17
14500,28,-4.000000000000000e-04,-4.000000000000208e-04,2.076247160309741e-17
14500,29,3.000000000000000e-04,3.000000000000067e-04,-6.776263578034403e-18
14600,0,1.200000000000000e-01,1.200000000000000e-01,1.387778780781446e-17
14600,1,-8.000000000000000e-02,-7.999999999999999e-02,-1.387778780781446e-17
14600,2,5.500000000000000e-02,5.499999999999999e-02,1.387778780781446e-17
14600,3,4.000000000000000e-02,4.000000000000000e-02,0.000000000000000e+00
14600,4,-3.000000000000000e-02,-2.999999999999998e-02,-1.734723475976807e-17
14600,5,2.500000000000000e-02,2.500000000000001e-02,-6.938893903907228e-18
14600,6,2.000000000000000e-02,2.000000000000000e-02,-3.469446951953614e-18
14600,7,-1.800000000000000e-02,-1.800000000000002e-02,2.081668171172169e-17
14600,8,1.500000000000000e-02,1.499999999999999e-02,6.938893903907228e-18
14600,9,1.200000000000000e-02,1.200000000000001e-02,-1.387778780781446e-17
14600,10,-1.000000000000000e-02,-1.000000000000001e-02,6.938893903907228e-18
14600,11,8.999999999999999e-03,9.000000000000011e-03,-1.214306433183765e-17
14600,12,8.000000000000000e-03,7.999999999999988e-03,1.214306433183765e-17
14600,13,-7.000000000000000e-03,-7.000000000000004e-03,3.469446951953614e-18
14600,14,6.000000000000000e-03,6.000000000000004e-03,-4.336808689942018e-18
14600,15,5.000000000000000e-03,5.000000000000006e-03,-6.071532165918825e-18
14600,16,-4.000000000000000e-03,-3.999999999999997e-03,-2.602085213965211e-18
14600,17,3.500000000000000e-03,3.499999999999993e-03,6.938893903907228e-18
14600,18,3.000000000000000e-03,2.999999999999997e-03,2.602085213965211e-18
14600,19,-2.500000000000000e-03,-2.500000000000003e-03,2.602085213965211e-18
14600,20,2.000000000000000e-03,2.000000000000000e-03,0.000000000000000e+00
14600,21,1.800000000000000e-03,1.799999999999997e-03,2.602085213965211e-18
14600,22,-1.500000000000000e-03,-1.500000000000003e-03,3.252606517456513e-18
14600,23,1.200000000000000e-03,1.200000000000012e-03,-1.214306433183765e-17
14600,24,1.000000000000000e-03,9.999999999999812e-04,1.886511780124778e-17
14600,25,-8.000000000000000e-04,-8.000000000000022e-04,2.168404344971009e-18
14600,26,5.999999999999999e-04,5.999999999999912e-04,8.782037597132586e-18
14600,27,5.000000000000000e-04,5.000000000000012e-04,-1.192622389734055e-18
14600,28,-4.000000000000000e-04,-4.000000000000040e-04,4.011548038196366e-18
14600,29,3.000000000000000e-04,3.000000000000275e-04,-2.748452507250754e-17
14700,0,1.200000000000000e-01,1.200000000000000e-01,1.387778780781446e-17
14700,1,-8.000000000000000e-02,-7.999999999999999e-02,-1.387778780781446e-17
14700,2,5.500000000000000e-02,5.500000000000001e-02,-6.938893903907228e-18
14700,3,4.000000000000000e-02,4.000000000000000e-02,0.000000000000000e+00
14700,4,-3.000000000000000e-02,-3.000000000000001e-02,6.938893903907228e-18
14700,5,2.500000000000000e-02,2.500000000000000e-02,0.000000000000000e+00
14700,6,2.000000000000000e-02,2.000000000000000e-02,-3.469446951953614e-18
14700,7,-1.800000000000000e-02,-1.800000000000000e-02,-3.469446951953614e-18
14700,8,1.500000000000000e-02,1.500000000000001e-02,-8.673617379884035e-18
14700,9,1.200000000000000e-02,1.200000000000000e-02,1.734723475976807e-18
14700,10,-1.000000000000000e-02,-9.999999999999998e-03,-1.734723475976807e-18
14700,11,8.999999999999999e-03,9.000000000000008e-03,-8.673617379884035e-18
14700,12,8.000000000000000e-03,8.000000000000004e-03,-3.469446951953614e-18
14700,13,-7.000000000000000e-03,-7.000000000000004e-03,4.336808689942018e-18
14700,14,6.000000000000000e-03,5.999999999999996e-03,4.336808689942018e-18
14700,15,5.000000000000000e-03,5.000000000000004e-03,-4.336808689942018e-18
14700,16,-4.000000000000000e-03,-4.000000000000001e-03,8.673617379884035e-19
14700,17,3.500000000000000e-03,3.500000000000001e-03,-4.336808689942018e-19
14700,18,3.000000000000000e-03,3.000000000000000e-03,4.336808689942018e-19
14700,19,-2.500000000000000e-03,-2.500000000000003e-03,3.035766082959412e-18
14700,20,2.000000000000000e-03,2.000000000000009e-03,-8.673617379884035e-18
14700,21,1.800000000000000e-03,1.799999999999994e-03,6.288372600415926e-18
14700,22,-1.500000000000000e-03,-1.499999999999999e-03,-8.673617379884035e-19
14700,23,1.200000000000000e-03,1.200000000000001e-03,-1.301042606982605e-18
14700,24,1.000000000000000e-03,1.000000000000004e-03,-4.336808689942018e-18
14700,25,-8.000000000000000e-04,-7.999999999999974e-04,-2.602085213965211e-18
14700,26,5.999999999999999e-04,6.000000000000044e-04,-4.445228907190568e-18
14700,27,5.000000000000000e-04,5.000000000000071e-04,-7.047314121155779e-18
14700,28,-4.000000000000000e-04,-4.000000000000006e-04,5.421010862427522e-19
14700,29,3.000000000000000e-04,2.999999999999949e-04,5.041540102057596e-18
14800,0,1.200000000000000e-01,1.200000000000000e-01,1.387778780781446e-17
14800,1,-8.000000000000000e-02,-7.999999999999999e-02,-1.387778780781446e-17
14800,2,5.500000000000000e-02,5.500000000000000e-02,0.000000000000000e+00
14800,3,4.000000000000000e-02,4.000000000000001e-02,-6.938893903907228e-18
14800,4,-3.000000000000000e-02,-3.000000000000002e-02,2.081668171172169e-17
14800,5,2.500000000000000e-02,2.500000000000000e-02,-3.469446951953614e-18
14800,6,2.000000000000000e-02,2.000000000000000e-02,0.000000000000000e+00
14800,7,-1.800000000000000e-02,-1.799999999999999e-02,-1.040834085586084e-17
14800,8,1.500000000000000e-02,1.500000000000000e-02,-1.734723475976807e-18
14800,9,1.200000000000000e-02,1.200000000000001e-02,-5.204170427930421e-18
14800,10,-1.000000000000000e-02,-9.999999999999998e-03,-1.734723475976807e-18
14800,11,8.999999999999999e-03,8.999999999999998e-03,1.734723475976807e-18
14800,12,8.000000000000000e-03,8.000000000000004e-03,-3.469446951953614e-18
14800,13,-7.000000000000000e-03,-6.999999999999998e-03,-2.602085213965211e-18
14800,14,6.000000000000000e-03,5.999999999999992e-03,7.806255641895632e-18
14800,15,5.000000000000000e-03,5.000000000000002e-03,-1.734723475976807e-18
14800,16,-4.000000000000000e-03,-3.999999999999997e-03,-3.469446951953614e-18
14800,17,3.500000000000000e-03,3.499999999999997e-03,3.035766082959412e-18
14800,18,3.000000000000000e-03,2.999999999999994e-03,5.637851296924623e-18
14800,19,-2.500000000000000e-03,-2.499999999999975e-03,-2.471980953266950e-17
14800,20,2.000000000000000e-03,2.000000000000010e-03,-1.040834085586084e-17
14800,21,1.800000000000000e-03,1.799999999999998e-03,2.385244779468110e-18
14800,22,-1.500000000000000e-03,-1.500000000000007e-03,6.722053469410127e-18
14800,23,1.200000000000000e-03,1.200000000000008e-03,-8.239936510889834e-18
14800,24,1.000000000000000e-03,9.999999999999922e-04,7.806255641895632e-18
14800,25,-8.000000000000000e-04,-7.999999999999968e-04,-3.252606517456513e-18
14800,26,5.999999999999999e-04,6.000000000000080e-04,-8.023096076392733e-18
14800,27,5.000000000000000e-04,4.999999999999887e-04,1.127570259384925e-17
14800,28,-4.000000000000000e-04,-4.000000000000043e-04,4.282598581317743e-18
14800,29,3.000000000000000e-04,2.999999999999963e-04,3.686287386450715e-18
14900,0,1.200000000000000e-01,1.200000000000000e-01,2.775557561562891e-17
14900,1,-8.000000000000000e-02,-7.999999999999999e-02,-1.387778780781446e-17
14900,2,5.500000000000000e-02,5.499999999999998e-02,2.081668171172169e-17
14900,3,4.000000000000000e-02,4.000000000000001e-02,-6.938893903907228e-18
14900,4,-3.000000000000000e-02,-3.000000000000001e-02,6.938893903907228e-18
14900,5,2.500000000000000e-02,2.500000000000000e-02,3.469446951953614e-18
14900,6,2.000000000000000e-02,2.000000000000000e-02,3.469446951953614e-18
14900,7,-1.800000000000000e-02,-1.800000000000000e-02,-3.469446951953614e-18
14900,8,1.500000000000000e-02,1.499999999999999e-02,1.214306433183765e-17
14900,9,1.200000000000000e-02,1.200000000000001e-02,-6.938893903907228e-18
14900,10,-1.000000000000000e-02,-1.000000000000001e-02,8.673617379884035e-18
14900,11,8.999999999999999e-03,8.999999999999984e-03,1.561251128379126e-17
14900,12,8.000000000000000e-03,8.000000000000005e-03,-5.204170427930421e-18
14900,13,-7.000000000000000e-03,-6.999999999999993e-03,-6.938893903907228e-18
14900,14,6.000000000000000e-03,5.999999999999976e-03,2.428612866367530e-17
14900,15,5.000000000000000e-03,4.999999999999996e-03,4.336808689942018e-18
14900,16,-4.000000000000000e-03,-3.999999999999997e-03,-3.469446951953614e-18
14900,17,3.500000000000000e-03,3.500000000000013e-03,-1.301042606982605e-17
14900,18,3.000000000000000e-03,2.999999999999982e-03,1.778091562876227e-17
14900,19,-2.500000000000000e-03,-2.499999999999979e-03,-2.081668171172169e-17
14900,20,2.000000000000000e-03,2.000000000000003e-03,-3.035766082959412e-18
14900,21,1.800000000000000e-03,1.799999999999979e-03,2.125036258071589e-17
14900,22,-1.500000000000000e-03,-1.500000000000003e-03,3.035766082959412e-18
14900,23,1.200000000000000e-03,1.200000000000002e-03,-2.602085213965211e-18
14900,24,1.000000000000000e-03,1.000000000000002e-03,-1.951563910473908e-18
14900,25,-8.000000000000000e-04,-7.999999999999954e-04,-4.662069341687669e-18
14900,26,5.999999999999999e-04,5.999999999999941e-04,5.854691731421724e-18
14900,27,5.000000000000000e-04,5.000000000000177e-04,-1.767249541151372e-17
14900,28,-4.000000000000000e-04,-4.000000000000136e-04,1.355252715606881e-17
14900,29,3.000000000000000e-04,3.000000000000036e-04,-3.632077277826440e-18
15000,0,1.200000000000000e-01,1.200000000000000e-01,1.387778780781446e-17
15000,1,-8.000000000000000e-02,-8.000000000000000e-02,0.000000000000000e+00
15000,2,5.500000000000000e-02,5.500000000000002e-02,-2.081668171172169e-17
15000,3,4.000000000000000e-02,4.000000000000000e-02,0.000000000000000e+00
15000,4,-3.000000000000000e-02,-3.000000000000001e-02,1.387778780781446e-17
15000,5,2.500000000000000e-02,2.500000000000000e-02,0.000000000000000e+00
15000,6,2.000000000000000e-02,2.000000000000001e-02,-6.938893903907228e-18
15000,7,-1.800000000000000e-02,-1.799999999999998e-02,-1.387778780781446e-17
15000,8,1.500000000000000e-02,1.499999999999998e-02,1.561251128379126e-17
15000,9,1.200000000000000e-02,1.200000000000001e-02,-5.204170427930421e-18
15000,10,-1.000000000000000e-02,-9.999999999999998e-03,-1.734723475976807e-18
15000,11,8.999999999999999e-03,8.999999999999998e-03,1.734723475976807e-18
15000,12,8.000000000000000e-03,8.000000000000004e-03,-3.469446951953614e-18
15000,13,-7.000000000000000e-03,-6.999999999999996e-03,-4.336808689942018e-18
15000,14,6.000000000000000e-03,5.999999999999978e-03,2.255140518769849e-17
15000,15,5.000000000000000e-03,5.000000000000010e-03,-9.540979117872439e-18
15000,16,-4.000000000000000e-03,-4.000000000000007e-03,6.938893903907228e-18
15000,17,3.500000000000000e-03,3.500000000000000e-03,0.000000000000000e+00
15000,18,3.000000000000000e-03,3.000000000000004e-03,-3.469446951953614e-18
15000,19,-2.500000000000000e-03,-2.500000000000002e-03,1.734723475976807e-18
15000,20,2.000000000000000e-03,1.999999999999966e-03,3.426078865054194e-17
15000,21,1.800000000000000e-03,1.800000000000000e-03,2.168404344971009e-19
15000,22,-1.500000000000000e-03,-1.500000000000010e-03,9.540979117872439e-18
15000,23,1.200000000000000e-03,1.200000000000027e-03,-2.688821387764051e-17
15000,24,1.000000000000000e-03,1.000000000000008e-03,-8.023096076392733e-18
15000,25,-8.000000000000000e-04,-8.000000000000072e-04,7.155734338404329e-18
15000,26,5.999999999999999e-04,5.999999999999960e-04,3.903127820947816e-18
15000,27,5.000000000000000e-04,5.000000000000046e-04,-4.553649124439119e-18
15000,28,-4.000000000000000e-04,-3.999999999999962e-04,-3.848917712323541e-18
15000,29,3.000000000000000e-04,2.999999999999850e-04,1.496198998029996e-17
15100,0,1.200000000000000e-01,1.200000000000000e-01,1.387778780781446e-17
15100,1,-8.000000000000000e-02,-8.000000000000002e-02,1.387778780781446e-17
15100,2,5.500000000000000e-02,5.500000000000001e-02,-1.387778780781446e-17
15100,3,4.000000000000000e-02,3.999999999999999e-02,6.938893903907228e-18
15100,4,-3.000000000000000e-02,-3.000000000000001e-02,1.040834085586084e-17
15100,5,2.500000000000000e-02,2.500000000000001e-02,-6.938893903907228e-18
15100,6,2.000000000000000e-02,2.000000000000001e-02,-1.040834085586084e-17
15100,7,-1.800000000000000e-02,-1.799999999999999e-02,-6.938893903907228e-18
15100,8,1.500000000000000e-02,1.500000000000000e-02,1.734723475976807e-18
15100,9,1.200000000000000e-02,1.200000000000001e-02,-1.040834085586084e-17
15100,10,-1.000000000000000e-02,-1.000000000000001e-02,5.204170427930421e-18
15100,11,8.999999999999999e-03,9.000000000000001e-03,-1.734723475976807e-18
15100,12,8.000000000000000e-03,7.999999999999988e-03,1.214306433183765e-17
15100,13,-7.000000000000000e-03,-6.999999999999978e-03,-2.168404344971009e-17
15100,14,6.000000000000000e-03,5.999999999999989e-03,1.127570259384925e-17
15100,15,5.000000000000000e-03,4.999999999999986e-03,1.387778780781446e-17
15100,16,-4.000000000000000e-03,-4.000000000000001e-03,8.673617379884035e-19
15100,17,3.500000000000000e-03,3.500000000000007e-03,-6.938893903907228e-18
15100,18,3.000000000000000e-03,2.999999999999994e-03,6.071532165918825e-18
15100,19,-2.500000000000000e-03,-2.499999999999974e-03,-2.645453300864631e-17
15100,20,2.000000000000000e-03,1.999999999999996e-03,3.903127820947816e-18
15100,21,1.800000000000000e-03,1.800000000000010e-03,-9.974659986866641e-18
15100,22,-1.500000000000000e-03,-1.500000000000017e-03,1.691355389077387e-17
15100,23,1.200000000000000e-03,1.199999999999984e-03,1.539567084929416e-17
15100,24,1.000000000000000e-03,1.000000000000006e-03,-6.071532165918825e-18
15100,25,-8.000000000000000e-04,-8.000000000000082e-04,8.131516293641283e-18
15100,26,5.999999999999999e-04,6.000000000000190e-04,-1.908195823574488e-17
15100,27,5.000000000000000e-04,4.999999999999936e-04,6.396792817664476e-18
15100,28,-4.000000000000000e-04,-3.999999999999950e-04,-4.987329993433320e-18
15100,29,3.000000000000000e-04,3.000000000000057e-04,-5.692061405548898e-18
15200,0,1.200000000000000e-01,1.200000000000000e-01,1.387778780781446e-17
15200,1,-8.000000000000000e-02,-8.000000000000000e-02,0.000000000000000e+00
15200,2,5.500000000000000e-02,5.500000000000000e-02,0.000000000000000e+00
15200,3,4.000000000000000e-02,4.000000000000001e-02,-6.938893903907228e-18
15200,4,-3.000000000000000e-02,-3.000000000000001e-02,6.938893903907228e-18
15200,5,2.500000000000000e-02,2.500000000000000e-02,-3.469446951953614e-18
15200,6,2.000000000000000e-02,2.000000000000000e-02,-3.469446951953614e-18
15200,7,-1.800000000000000e-02,-1.800000000000000e-02,-3.469446951953614e-18
15200,8,1.500000000000000e-02,1.500000000000000e-02,3.469446951953614e-18
15200,9,1.200000000000000e-02,1.200000000000000e-02,5.204170427930421e-18
15200,10,-1.000000000000000e-02,-9.999999999999992e-03,-8.673617379884035e-18
15200,11,8.999999999999999e-03,9.000000000000003e-03,-3.469446951953614e-18
15200,12,8.000000000000000e-03,8.000000000000004e-03,-3.469446951953614e-18
15200,13,-7.000000000000000e-03,-7.000000000000011e-03,1.127570259384925e-17
15200,14,6.000000000000000e-03,5.999999999999990e-03,1.040834085586084e-17
15200,15,5.000000000000000e-03,5.000000000000008e-03,-7.806255641895632e-18
15200,16,-4.000000000000000e-03,-4.000000000000006e-03,6.071532165918825e-18
15200,17,3.500000000000000e-03,3.499999999999995e-03,4.770489558936220e-18
15200,18,3.000000000000000e-03,2.999999999999998e-03,2.168404344971009e-18
15200,19,-2.500000000000000e-03,-2.500000000000005e-03,5.204170427930421e-18
15200,20,2.000000000000000e-03,1.999999999999991e-03,8.673617379884035e-18
15200,21,1.800000000000000e-03,1.800000000000016e-03,-1.626303258728257e-17
15200,22,-1.500000000000000e-03,-1.499999999999983e-03,-1.713039432527097e-17
15200,23,1.200000000000000e-03,1.199999999999991e-03,8.456776945386935e-18
15200,24,1.000000000000000e-03,9.999999999999853e-04,1.474514954580286e-17
15200,25,-8.000000000000000e-04,-7.999999999999944e-04,-5.637851296924623e-18
15200,26,5.999999999999999e-04,6.000000000000007e-04,-7.589415207398531e-19
15200,27,5.000000000000000e-04,4.999999999999886e-04,1.138412281109780e-17
15200,28,-4.000000000000000e-04,-3.999999999999954e-04,-4.607859233063394e-18
15200,29,3.000000000000000e-04,3.000000000000072e-04,-7.209944447028604e-18
15300,0,1.200000000000000e-01,1.200000000000000e-01,1.387778780781446e-17
15300,1,-8.000000000000000e-02,-7.999999999999999e-02,-1.387778780781446e-17
15300,2,5.500000000000000e-02,5.500000000000001e-02,-6.938893903907228e-18
15300,3,4.000000000000000e-02,4.000000000000000e-02,0.000000000000000e+00
15300,4,-3.000000000000000e-02,-3.000000000000000e-02,3.469446951953614e-18
15300,5,2.500000000000000e-02,2.499999999999999e-02,6.938893903907228e-18
15300,6,2.000000000000000e-02,2.000000000000000e-02,-3.469446951953614e-18
15300,7,-1.800000000000000e-02,-1.799999999999999e-02,-6.938893903907228e-18
15300,8,1.500000000000000e-02,1.499999999999999e-02,5.204170427930421e-18
15300,9,1.200000000000000e-02,1.200000000000001e-02,-6.938893903907228e-18
15300,10,-1.000000000000000e-02,-9.999999999999992e-03,-8.673617379884035e-18
15300,11,8.999999999999999e-03,9.000000000000001e-03,-1.734723475976807e-18
15300,12,8.000000000000000e-03,8.000000000000011e-03,-1.040834085586084e-17
15300,13,-7.000000000000000e-03,-6.999999999999987e-03,-1.301042606982605e-17
15300,14,6.000000000000000e-03,5.999999999999984e-03,1.647987302177967e-17
15300,15,5.000000000000000e-03,4.999999999999983e-03,1.734723475976807e-17
15300,16,-4.000000000000000e-03,-3.999999999999994e-03,-6.071532165918825e-18
15300,17,3.500000000000000e-03,3.500000000000009e-03,-8.673617379884035e-18
15300,18,3.000000000000000e-03,2.999999999999992e-03,8.239936510889834e-18
15300,19,-2.500000000000000e-03,-2.500000000000018e-03,1.778091562876227e-17
15300,20,2.000000000000000e-03,2.000000000000004e-03,-4.336808689942018e-18
15300,21,1.800000000000000e-03,1.800000000000007e-03,-7.155734338404329e-18
15300,22,-1.500000000000000e-03,-1.500000000000008e-03,8.239936510889834e-18
15300,23,1.200000000000000e-03,1.199999999999996e-03,4.336808689942018e-18
15300,24,1.000000000000000e-03,1.000000000000001e-03,-6.505213034913027e-19
15300,25,-8.000000000000000e-04,-8.000000000000049e-04,4.878909776184770e-18
15300,26,5.999999999999999e-04,6.000000000000035e-04,-3.577867169202165e-18
15300,27,5.000000000000000e-04,5.000000000000099e-04,-9.866239769618090e-18
15300,28,-4.000000000000000e-04,-3.999999999999883e-04,-1.170938346284345e-17
15300,29,3.000000000000000e-04,3.000000000000037e-04,-3.686287386450715e-18
15400,0,1.200000000000000e-01,1.200000000000000e-01,0.000000000000000e+00
15400,1,-8.000000000000000e-02,-8.000000000000000e-02,0.000000000000000e+00
15400,2,5.500000000000000e-02,5.500000000000003e-02,-2.775557561562891e-17
15400,3,4.000000000000000e-02,3.999999999999999e-02,6.938893903907228e-18
15400,4,-3.000000000000000e-02,-3.000000000000002e-02,1.734723475976807e-17
15400,5,2.500000000000000e-02,2.499999999999999e-02,1.387778780781446e-17
15400,6,2.000000000000000e-02,1.999999999999999e-02,6.938893903907228e-18
15400,7,-1.800000000000000e-02,-1.799999999999999e-02,-6.938893903907228e-18
15400,8,1.500000000000000e-02,1.500000000000000e-02,3.469446951953614e-18
15400,9,1.200000000000000e-02,1.200000000000001e-02,-6.938893903907228e-18
15400,10,-1.000000000000000e-02,-1.000000000000001e-02,8.673617379884035e-18
15400,11,8.999999999999999e-03,8.999999999999992e-03,6.938893903907228e-18
15400,12,8.000000000000000e-03,7.999999999999995e-03,5.204170427930421e-18
15400,13,-7.000000000000000e-03,-6.999999999999983e-03,-1.734723475976807e-17
15400,14,6.000000000000000e-03,5.999999999999994e-03,6.071532165918825e-18
15400,15,5.000000000000000e-03,4.999999999999983e-03,1.734723475976807e-17
15400,16,-4.000000000000000e-03,-3.999999999999999e-03,-8.673617379884035e-19
15400,17,3.500000000000000e-03,3.499999999999997e-03,2.602085213965211e-18
15400,18,3.000000000000000e-03,2.999999999999991e-03,8.673617379884035e-18
15400,19,-2.500000000000000e-03,-2.499999999999980e-03,-1.994931997373328e-17
15400,20,2.000000000000000e-03,2.000000000000002e-03,-1.734723475976807e-18
15400,21,1.800000000000000e-03,1.799999999999995e-03,5.421010862427522e-18
15400,22,-1.500000000000000e-03,-1.500000000000009e-03,8.673617379884035e-18
15400,23,1.200000000000000e-03,1.200000000000004e-03,-4.119968255444917e-18
15400,24,1.000000000000000e-03,9.999999999999944e-04,5.637851296924623e-18
15400,25,-8.000000000000000e-04,-8.000000000000016e-04,1.517883041479706e-18
15400,26,5.999999999999999e-04,6.000000000000083e-04,-8.348356728138384e-18
15400,27,5.000000000000000e-04,4.999999999999924e-04,7.589415207398531e-18
15400,28,-4.000000000000000e-04,-3.999999999999973e-04,-2.710505431213761e-18
15400,29,3.000000000000000e-04,2.999999999999931e-04,6.830473686658678e-18
15500,0,1.200000000000000e-01,1.200000000000000e-01,-1.387778780781446e-17
15500,1,-8.000000000000000e-02,-8.000000000000002e-02,1.387778780781446e-17
15500,2,5.500000000000000e-02,5.500000000000001e-02,-6.938893903907228e-18
15500,3,4.000000000000000e-02,4.000000000000000e-02,0.000000000000000e+00
15500,4,-3.000000000000000e-02,-3.000000000000000e-02,3.469446951953614e-18
15500,5,2.500000000000000e-02,2.500000000000002e-02,-2.081668171172169e-17
15500,6,2.000000000000000e-02,2.000000000000000e-02,0.000000000000000e+00
15500,7,-1.800000000000000e-02,-1.800000000000000e-02,3.469446951953614e-18
15500,8,1.500000000000000e-02,1.499999999999999e-02,1.214306433183765e-17
15500,9,1.200000000000000e-02,1.200000000000002e-02,-1.734723475976807e-17
15500,10,-1.000000000000000e-02,-9.999999999999993e-03,-6.938893903907228e-18
15500,11,8.999999999999999e-03,8.999999999999996e-03,3.469446951953614e-18
15500,12,8.000000000000000e-03,7.999999999999995e-03,5.204170427930421e-18
15500,13,-7.000000000000000e-03,-7.000000000000015e-03,1.474514954580286e-17
15500,14,6.000000000000000e-03,6.000000000000002e-03,-1.734723475976807e-18
15500,15,5.000000000000000e-03,4.999999999999997e-03,3.469446951953614e-18
15500,16,-4.000000000000000e-03,-4.000000000000007e-03,6.938893903907228e-18
15500,17,3.500000000000000e-03,3.499999999999999e-03,8.673617379884035e-19
15500,18,3.000000000000000e-03,3.000000000000006e-03,-5.637851296924623e-18
15500,19,-2.500000000000000e-03,-2.499999999999987e-03,-1.344410693882025e-17
15500,20,2.000000000000000e-03,2.000000000000006e-03,-5.637851296924623e-18
15500,21,1.800000000000000e-03,1.799999999999986e-03,1.431146867680866e-17
15500,22,-1.500000000000000e-03,-1.499999999999973e-03,-2.667137344314341e-17
15500,23,1.200000000000000e-03,1.200000000000003e-03,-3.469446951953614e-18
15500,24,1.000000000000000e-03,9.999999999999770e-04,2.298508605669269e-17
15500,25,-8.000000000000000e-04,-8.000000000000080e-04,7.914675859144182e-18
15500,26,5.999999999999999e-04,5.999999999999907e-04,9.215718466126788e-18
15500,27,5.000000000000000e-04,4.999999999999936e-04,6.396792817664476e-18
15500,28,-4.000000000000000e-04,-3.999999999999929e-04,-7.155734338404329e-18
15500,29,3.000000000000000e-04,2.999999999999943e-04,5.692061405548898e-18
15600,0,1.200000000000000e-01,1.200000000000000e-01,0.000000000000000e+00
15600,1,-8.000000000000000e-02,-8.000000000000002e-02,1.387778780781446e-17
15600,2,5.500000000000000e-02,5.500000000000001e-02,-6.938893903907228e-18
15600,3,4.000000000000000e-02,4.000000000000000e-02,0.000000000000000e+00
15600,4,-3.000000000000000e-02,-3.000000000000000e-02,3.469446951953614e-18
15600,5,2.500000000000000e-02,2.500000000000000e-02,-3.469446951953614e-18
15600,6,2.000000000000000e-02,2.000000000000001e-02,-1.040834085586084e-17
15600,7,-1.800000000000000e-02,-1.799999999999998e-02,-1.387778780781446e-17
15600,8,1.500000000000000e-02,1.500000000000002e-02,-1.908195823574488e-17
15600,9,1.200000000000000e-02,1.200000000000001e-02,-8.673617379884035e-18
15600,10,-1.000000000000000e-02,-1.000000000000000e-02,0.000000000000000e+00
15600,11,8.999999999999999e-03,9.000000000000001e-03,-1.734723475976807e-18
15600,12,8.000000000000000e-03,8.000000000000004e-03,-3.469446951953614e-18
15600,13,-7.000000000000000e-03,-7.000000000000003e-03,2.602085213965211e-18
15600,14,6.000000000000000e-03,6.000000000000016e-03,-1.561251128379126e-17
15600,15,5.000000000000000e-03,5.000000000000000e-03,0.000000000000000e+00
15600,16,-4.000000000000000e-03,-4.000000000000005e-03,5.204170427930421e-18
15600,17,3.500000000000000e-03,3.500000000000015e-03,-1.517883041479706e-17
15600,18,3.000000000000000e-03,2.999999999999997e-03,3.035766082959412e-18
15600,19,-2.500000000000000e-03,-2.500000000000016e-03,1.561251128379126e-17
15600,20,2.000000000000000e-03,1.999999999999997e-03,2.602085213965211e-18
15600,21,1.800000000000000e-03,1.799999999999978e-03,2.190088388420719e-17
15600,22,-1.500000000000000e-03,-1.499999999999987e-03,-1.257674520083185e-17
15600,23,1.200000000000000e-03,1.200000000000004e-03,-4.336808689942018e-18
15600,24,1.000000000000000e-03,1.000000000000005e-03,-5.421010862427522e-18
15600,25,-8.000000000000000e-04,-8.000000000000017e-04,1.626303258728257e-18
15600,26,5.999999999999999e-04,5.999999999999982e-04,1.734723475976807e-18
15600,27,5.000000000000000e-04,5.000000000000020e-04,-1.951563910473908e-18
15600,28,-4.000000000000000e-04,-3.999999999999987e-04,-1.355252715606881e-18
15600,29,3.000000000000000e-04,2.999999999999972e-04,2.764715539838036e-18
15700,0,1.200000000000000e-01,1.200000000000000e-01,0.000000000000000e+00
15700,1,-8.000000000000000e-02,-8.000000000000002e-02,1.387778780781446e-17
15700,2,5.500000000000000e-02,5.499999999999999e-02,6.938893903907228e-18
15700,3,4.000000000000000e-02,4.000000000000001e-02,-1.387778780781446e-17
15700,4,-3.000000000000000e-02,-2.999999999999999e-02,-1.040834085586084e-17
15700,5,2.500000000000000e-02,2.500000000000001e-02,-6.938893903907228e-18
15700,6,2.000000000000000e-02,2.000000000000001e-02,-6.938893903907228e-18
15700,7,-1.800000000000000e-02,-1.799999999999999e-02,-6.938893903907228e-18
15700,8,1.500000000000000e-02,1.500000000000000e-02,-1.734723475976807e-18
15700,9,1.200000000000000e-02,1.200000000000001e-02,-5.204170427930421e-18
15700,10,-1.000000000000000e-02,-9.999999999999998e-03,-1.734723475976807e-18
15700,11,8.999999999999999e-03,8.999999999999985e-03,1.387778780781446e-17
15700,12,8.000000000000000e-03,7.999999999999995e-03,5.204170427930421e-18
15700,13,-7.000000000000000e-03,-7.000000000000004e-03,3.469446951953614e-18
15700,14,6.000000000000000e-03,6.000000000000004e-03,-3.469446951953614e-18
15700,15,5.000000000000000e-03,4.999999999999998e-03,1.734723475976807e-18
15700,16,-4.000000000000000e-03,-4.000000000000001e-03,8.673617379884035e-19
15700,17,3.500000000000000e-03,3.499999999999999e-03,8.673617379884035e-19
15700,18,3.000000000000000e-03,3.000000000000015e-03,-1.474514954580286e-17
15700,19,-2.500000000000000e-03,-2.500000000000000e-03,4.336808689942018e-19
15700,20,2.000000000000000e-03,1.999999999999991e-03,9.540979117872439e-18
15700,21,1.800000000000000e-03,1.799999999999993e-03,6.722053469410127e-18
15700,22,-1.500000000000000e-03,-1.499999999999999e-03,-6.505213034913027e-19
15700,23,1.200000000000000e-03,1.199999999999992e-03,8.239936510889834e-18
15700,24,1.000000000000000e-03,9.999999999999992e-04,8.673617379884035e-19
15700,25,-8.000000000000000e-04,-7.999999999999984e-04,-1.626303258728257e-18
15700,26,5.999999999999999e-04,6.000000000000010e-04,-1.084202172485504e-18
15700,27,5.000000000000000e-04,5.000000000000037e-04,-3.686287386450715e-18
15700,28,-4.000000000000000e-04,-4.000000000000097e-04,9.649399335120989e-18
15700,29,3.000000000000000e-04,3.000000000000019e-04,-1.897353801849633e-18
15800,0,1.200000000000000e-01,1.200000000000000e-01,0.000000000000000e+00
15800,1,-8.000000000000000e-02,-8.000000000000002e-02,1.387778780781446e-17
15800,2,5.500000000000000e-02,5.499999999999999e-02,1.387778780781446e-17
15800,3,4.000000000000000e-02,3.999999999999999e-02,1.387778780781446e-17
15800,4,-3.000000000000000e-02,-3.000000000000000e-02,0.000000000000000e+00
15800,5,2.500000000000000e-02,2.500000000000002e-02,-1.387778780781446e-17
15800,6,2.000000000000000e-02,2.000000000000000e-02,3.469446951953614e-18
15800,7,-1.800000000000000e-02,-1.800000000000000e-02,0.000000000000000e+00
15800,8,1.500000000000000e-02,1.500000000000000e-02,-3.469446951953614e-18
15800,9,1.200000000000000e-02,1.200000000000001e-02,-6.938893903907228e-18
15800,10,-1.000000000000000e-02,-1.000000000000001e-02,6.938893903907228e-18
15800,11,8.999999999999999e-03,8.999999999999999e-03,0.000000000000000e+00
15800,12,8.000000000000000e-03,8.000000000000004e-03,-3.469446951953614e-18
15800,13,-7.000000000000000e-03,-6.999999999999993e-03,-6.938893903907228e-18
15800,14,6.000000000000000e-03,6.000000000000002e-03,-1.734723475976807e-18
15800,15,5.000000000000000e-03,4.999999999999994e-03,6.071532165918825e-18
15800,16,-4.000000000000000e-03,-4.000000000000020e-03,1.994931997373328e-17
15800,17,3.500000000000000e-03,3.499999999999994e-03,5.637851296924623e-18
15800,18,3.000000000000000e-03,3.000000000000007e-03,-6.938893903907228e-18
15800,19,-2.500000000000000e-03,-2.499999999999999e-03,-8.673617379884035e-19
15800,20,2.000000000000000e-03,2.000000000000005e-03,-5.204170427930421e-18
15800,21,1.800000000000000e-03,1.799999999999996e-03,4.119968255444917e-18
15800,22,-1.500000000000000e-03,-1.499999999999997e-03,-3.252606517456513e-18
15800,23,1.200000000000000e-03,1.199999999999991e-03,9.107298248878237e-18
15800,24,1.000000000000000e-03,1.000000000000003e-03,-2.602085213965211e-18
15800,25,-8.000000000000000e-04,-7.999999999999979e-04,-2.168404344971009e-18
15800,26,5.999999999999999e-04,5.999999999999907e-04,9.215718466126788e-18
15800,27,5.000000000000000e-04,4.999999999999957e-04,4.336808689942018e-18
15800,28,-4.000000000000000e-04,-4.000000000000003e-04,3.252606517456513e-19
15800,29,3.000000000000000e-04,2.999999999999987e-04,1.246832498358330e-18
15900,0,1.200000000000000e-01,1.200000000000000e-01,0.000000000000000e+00
15900,1,-8.000000000000000e-02,-8.000000000000002e-02,1.387778780781446e-17
15900,2,5.500000000000000e-02,5.500000000000001e-02,-1.387778780781446e-17
15900,3,4.000000000000000e-02,3.999999999999999e-02,1.387778780781446e-17
15900,4,-3.000000000000000e-02,-3.000000000000001e-02,6.938893903907228e-18
15900,5,2.500000000000000e-02,2.500000000000000e-02,-3.469446951953614e-18
15900,6,2.000000000000000e-02,1.999999999999999e-02,1.387778780781446e-17
15900,7,-1.800000000000000e-02,-1.800000000000001e-02,1.387778780781446e-17
15900,8,1.500000000000000e-02,1.500000000000000e-02,3.469446951953614e-18
15900,9,1.200000000000000e-02,1.199999999999999e-02,1.040834085586084e-17
15900,10,-1.000000000000000e-02,-9.999999999999995e-03,-5.204170427930421e-18
15900,11,8.999999999999999e-03,9.000000000000001e-03,-1.734723475976807e-18
15900,12,8.000000000000000e-03,7.999999999999997e-03,3.469446951953614e-18
15900,13,-7.000000000000000e-03,-6.999999999999989e-03,-1.127570259384925e-17
15900,14,6.000000000000000e-03,6.000000000000000e-03,0.000000000000000e+00
15900,15,5.000000000000000e-03,5.000000000000001e-03,-8.673617379884035e-19
15900,16,-4.000000000000000e-03,-3.999999999999982e-03,-1.821459649775647e-17
15900,17,3.500000000000000e-03,3.500000000000000e-03,4.336808689942018e-19
15900,18,3.000000000000000e-03,2.999999999999997e-03,2.602085213965211e-18
15900,19,-2.500000000000000e-03,-2.500000000000009e-03,9.107298248878237e-18
15900,20,2.000000000000000e-03,1.999999999999986e-03,1.387778780781446e-17
15900,21,1.800000000000000e-03,1.799999999999991e-03,9.107298248878237e-18
15900,22,-1.500000000000000e-03,-1.499999999999999e-03,-8.673617379884035e-19
15900,23,1.200000000000000e-03,1.200000000000007e-03,-7.372574772901430e-18
15900,24,1.000000000000000e-03,1.000000000000007e-03,-7.155734338404329e-18
15900,25,-8.000000000000000e-04,-8.000000000000093e-04,9.215718466126788e-18
15900,26,5.999999999999999e-04,6.000000000000048e-04,-4.878909776184770e-18
15900,27,5.000000000000000e-04,4.999999999999898e-04,1.019150042136374e-17
15900,28,-4.000000000000000e-04,-3.999999999999963e-04,-3.686287386450715e-18
15900,29,3.000000000000000e-04,3.000000000000047e-04,-4.770489558936220e-18
16000,0,1.200000000000000e-01,1.200000000000000e-01,2.775557561562891e-17
16000,1,-8.000000000000000e-02,-8.000000000000000e-02,0.000000000000000e+00
16000,2,5.500000000000000e-02,5.500000000000001e-02,-6.938893903907228e-18
16000,3,4.000000000000000e-02,4.000000000000004e-02,-3.469446951953614e-17
16000,4,-3.000000000000000e-02,-2.999999999999997e-02,-3.122502256758253e-17
16000,5,2.500000000000000e-02,2.499999999999999e-02,6.938893903907228e-18
16000,6,2.000000000000000e-02,2.000000000000001e-02,-6.938893903907228e-18
16000,7,-1.800000000000000e-02,-1.800000000000001e-02,6.938893903907228e-18
16000,8,1.500000000000000e-02,1.500000000000001e-02,-1.214306433183765e-17
16000,9,1.200000000000000e-02,1.200000000000000e-02,5.204170427930421e-18
16000,10,-1.000000000000000e-02,-9.999999999999990e-03,-1.040834085586084e-17
16000,11,8.999999999999999e-03,8.999999999999985e-03,1.387778780781446e-17
16000,12,8.000000000000000e-03,7.999999999999998e-03,1.734723475976807e-18
16000,13,-7.000000000000000e-03,-7.000000000000004e-03,4.336808689942018e-18
16000,14,6.000000000000000e-03,5.999999999999964e-03,3.642919299551295e-17
16000,15,5.000000000000000e-03,5.000000000000001e-03,-8.673617379884035e-19
16000,16,-4.000000000000000e-03,-3.999999999999993e-03,-6.938893903907228e-18
16000,17,3.500000000000000e-03,3.499999999999979e-03,2.125036258071589e-17
16000,18,3.000000000000000e-03,2.999999999999992e-03,7.806255641895632e-18
16000,19,-2.500000000000000e-03,-2.500000000000001e-03,1.301042606982605e-18
16000,20,2.000000000000000e-03,2.000000000000018e-03,-1.778091562876227e-17
16000,21,1.800000000000000e-03,1.800000000000006e-03,-5.854691731421724e-18
16000,22,-1.500000000000000e-03,-1.500000000000004e-03,4.336808689942018e-18
16000,23,1.200000000000000e-03,1.199999999999976e-03,2.406928822917820e-17
16000,24,1.000000000000000e-03,1.000000000000014e-03,-1.431146867680866e-17
16000,25,-8.000000000000000e-04,-7.999999999999986e-04,-1.409462824231156e-18
16000,26,5.999999999999999e-04,6.000000000000088e-04,-8.890457814381136e-18
16000,27,5.000000000000000e-04,5.000000000000014e-04,-1.409462824231156e-18
16000,28,-4.000000000000000e-04,-4.000000000000213e-04,2.130457268934016e-17
16000,29,3.000000000000000e-04,3.000000000000070e-04,-6.993104012531504e-18
16100,0,1.200000000000000e-01,1.200000000000000e-01,-1.387778780781446e-17
16100,1,-8.000000000000000e-02,-7.999999999999999e-02,-1.387778780781446e-17
16100,2,5.500000000000000e-02,5.500000000000001e-02,-6.938893903907228e-18
16100,3,4.000000000000000e-02,4.000000000000000e-02,0.000000000000000e+00
16100,4,-3.000000000000000e-02,-3.000000000000001e-02,1.387778780781446e-17
16100,5,2.500000000000000e-02,2.499999999999999e-02,6.938893903907228e-18
16100,6,2.000000000000000e-02,2.000000000000000e-02,-3.469446951953614e-18
16100,7,-1.800000000000000e-02,-1.800000000000000e-02,0.000000000000000e+00
16100,8,1.500000000000000e-02,1.500000000000000e-02,-1.734723475976807e-18
16100,9,1.200000000000000e-02,1.199999999999999e-02,1.214306433183765e-17
16100,10,-1.000000000000000e-02,-1.000000000000001e-02,6.938893903907228e-18
16100,11,8.999999999999999e-03,8.999999999999998e-03,1.734723475976807e-18
16100,12,8.000000000000000e-03,8.000000000000000e-03,0.000000000000000e+00
16100,13,-7.000000000000000e-03,-6.999999999999994e-03,-6.071532165918825e-18
16100,14,6.000000000000000e-03,5.999999999999998e-03,1.734723475976807e-18
16100,15,5.000000000000000e-03,4.999999999999998e-03,2.602085213965211e-18
16100,16,-4.000000000000000e-03,-4.000000000000001e-03,8.673617379884035e-19
16100,17,3.500000000000000e-03,3.500000000000002e-03,-2.168404344971009e-18
16100,18,3.000000000000000e-03,3.000000000000003e-03,-3.035766082959412e-18
16100,19,-2.500000000000000e-03,-2.499999999999993e-03,-6.938893903907228e-18
16100,20,2.000000000000000e-03,2.000000000000011e-03,-1.084202172485504e-17
16100,21,1.800000000000000e-03,1.799999999999994e-03,5.637851296924623e-18
16100,22,-1.500000000000000e-03,-1.500000000000020e-03,1.973247953923618e-17
16100,23,1.200000000000000e-03,1.200000000000001e-03,-1.517883041479706e-18
16100,24,1.000000000000000e-03,1.000000000000007e-03,-7.372574772901430e-18
16100,25,-8.000000000000000e-04,-8.000000000000016e-04,1.517883041479706e-18
16100,26,5.999999999999999e-04,5.999999999999938e-04,6.179952383167375e-18
16100,27,5.000000000000000e-04,4.999999999999904e-04,9.649399335120989e-18
16100,28,-4.000000000000000e-04,-4.000000000000050e-04,4.987329993433320e-18
16100,29,3.000000000000000e-04,3.000000000000037e-04,-3.740497495074990e-18
16200,0,1.200000000000000e-01,1.200000000000000e-01,2.775557561562891e-17
16200,1,-8.000000000000000e-02,-7.999999999999999e-02,-1.387778780781446e-17
16200,2,5.500000000000000e-02,5.500000000000001e-02,-6.938893903907228e-18
16200,3,4.000000000000000e-02,3.999999999999999e-02,6.938893903907228e-18
16200,4,-3.000000000000000e-02,-3.000000000000000e-02,3.469446951953614e-18
16200,5,2.500000000000000e-02,2.500000000000000e-02,-3.469446951953614e-18
16200,6,2.000000000000000e-02,2.000000000000000e-02,-3.469446951953614e-18
16200,7,-1.800000000000000e-02,-1.799999999999998e-02,-1.734723475976807e-17
16200,8,1.500000000000000e-02,1.500000000000000e-02,0.000000000000000e+00
16200,9,1.200000000000000e-02,1.200000000000001e-02,-6.938893903907228e-18
16200,10,-1.000000000000000e-02,-9.999999999999998e-03,-1.734723475976807e-18
16200,11,8.999999999999999e-03,9.000000000000011e-03,-1.214306433183765e-17
16200,12,8.000000000000000e-03,8.000000000000009e-03,-8.673617379884035e-18
16200,13,-7.000000000000000e-03,-7.000000000000004e-03,4.336808689942018e-18
16200,14,6.000000000000000e-03,6.000000000000000e-03,0.000000000000000e+00
16200,15,5.000000000000000e-03,5.000000000000010e-03,-9.540979117872439e-18
16200,16,-4.000000000000000e-03,-4.000000000000021e-03,2.081668171172169e-17
16200,17,3.500000000000000e-03,3.499999999999989e-03,1.084202172485504e-17
16200,18,3.000000000000000e-03,3.000000000000008e-03,-7.806255641895632e-18
16200,19,-2.500000000000000e-03,-2.499999999999996e-03,-4.336808689942018e-18
16200,20,2.000000000000000e-03,1.999999999999999e-03,1.301042606982605e-18
16200,21,1.800000000000000e-03,1.800000000000001e-03,-1.084202172485504e-18
16200,22,-1.500000000000000e-03,-1.499999999999996e-03,-3.903127820947816e-18
16200,23,1.200000000000000e-03,1.199999999999987e-03,1.301042606982605e-17
16200,24,1.000000000000000e-03,1.000000000000010e-03,-9.974659986866641e-18
16200,25,-8.000000000000000e-04,-7.999999999999826e-04,-1.745565497701662e-17
16200,26,5.999999999999999e-04,6.000000000000069e-04,-6.938893903907228e-18
16200,27,5.000000000000000e-04,5.000000000000053e-04,-5.312590645178972e-18
16200,28,-4.000000000000000e-04,-4.000000000000074e-04,7.426784881525705e-18
16200,29,3.000000000000000e-04,3.000000000000182e-04,-1.826880660638075e-17
16300,0,1.200000000000000e-01,1.200000000000000e-01,-1.387778780781446e-17
16300,1,-8.000000000000000e-02,-7.999999999999999e-02,-1.387778780781446e-17
16300,2,5.500000000000000e-02,5.500000000000001e-02,-6.938893903907228e-18
16300,3,4.000000000000000e-02,4.000000000000000e-02,0.000000000000000e+00
16300,4,-3.000000000000000e-02,-2.999999999999999e-02,-1.040834085586084e-17
16300,5,2.500000000000000e-02,2.500000000000002e-02,-1.387778780781446e-17
16300,6,2.000000000000000e-02,2.000000000000000e-02,0.000000000000000e+00
16300,7,-1.800000000000000e-02,-1.800000000000000e-02,-3.469446951953614e-18
16300,8,1.500000000000000e-02,1.500000000000001e-02,-8.673617379884035e-18
16300,9,1.200000000000000e-02,1.200000000000001e-02,-5.204170427930421e-18
16300,10,-1.000000000000000e-02,-1.000000000000001e-02,6.938893903907228e-18
16300,11,8.999999999999999e-03,8.999999999999998e-03,1.734723475976807e-18
16300,12,8.000000000000000e-03,8.000000000000009e-03,-8.673617379884035e-18
16300,13,-7.000000000000000e-03,-7.000000000000001e-03,8.673617379884035e-19
16300,14,6.000000000000000e-03,6.000000000000022e-03,-2.168404344971009e-17
16300,15,5.000000000000000e-03,5.000000000000011e-03,-1.127570259384925e-17
16300,16,-4.000000000000000e-03,-3.999999999999992e-03,-7.806255641895632e-18
16300,17,3.500000000000000e-03,3.499999999999996e-03,3.903127820947816e-18
16300,18,3.000000000000000e-03,2.999999999999990e-03,1.040834085586084e-17
16300,19,-2.500000000000000e-03,-2.499999999999997e-03,-2.602085213965211e-18
16300,20,2.000000000000000e-03,2.000000000000000e-03,-4.336808689942018e-19
16300,21,1.800000000000000e-03,1.800000000000020e-03,-2.016616040823038e-17
16300,22,-1.500000000000000e-03,-1.500000000000024e-03,2.428612866367530e-17
16300,23,1.200000000000000e-03,1.199999999999993e-03,7.372574772901430e-18
16300,24,1.000000000000000e-03,1.000000000000007e-03,-6.938893903907228e-18
16300,25,-8.000000000000000e-04,-7.999999999999926e-04,-7.480994990149981e-18
16300,26,5.999999999999999e-04,5.999999999999977e-04,2.276824562219559e-18
16300,27,5.000000000000000e-04,4.999999999999976e-04,2.385244779468110e-18
16300,28,-4.000000000000000e-04,-3.999999999999907e-04,-9.324138683375338e-18
16300,29,3.000000000000000e-04,3.000000000000094e-04,-9.378348791999613e-18
16400,0,1.200000000000000e-01,1.200000000000000e-01,0.000000000000000e+00
16400,1,-8.000000000000000e-02,-8.000000000000000e-02,0.000000000000000e+00
16400,2,5.500000000000000e-02,5.500000000000000e-02,0.000000000000000e+00
16400,3,4.000000000000000e-02,4.000000000000001e-02,-1.387778780781446e-17
16400,4,-3.000000000000000e-02,-3.000000000000001e-02,1.387778780781446e-17
16400,5,2.500000000000000e-02,2.499999999999999e-02,6.938893903907228e-18
16400,6,2.000000000000000e-02,2.000000000000000e-02,0.000000000000000e+00
16400,7,-1.800000000000000e-02,-1.800000000000000e-02,-3.469446951953614e-18
16400,8,1.500000000000000e-02,1.500000000000000e-02,-5.204170427930421e-18
16400,9,1.200000000000000e-02,1.200000000000000e-02,-3.469446951953614e-18
16400,10,-1.000000000000000e-02,-1.000000000000001e-02,5.204170427930421e-18
16400,11,8.999999999999999e-03,8.999999999999992e-03,6.938893903907228e-18
16400,12,8.000000000000000e-03,7.999999999999993e-03,6.938893903907228e-18
16400,13,-7.000000000000000e-03,-6.999999999999995e-03,-5.204170427930421e-18
16400,14,6.000000000000000e-03,5.999999999999998e-03,1.734723475976807e-18
16400,15,5.000000000000000e-03,5.000000000000008e-03,-7.806255641895632e-18
16400,16,-4.000000000000000e-03,-4.000000000000009e-03,8.673617379884035e-18
16400,17,3.500000000000000e-03,3.500000000000012e-03,-1.214306433183765e-17
16400,18,3.000000000000000e-03,3.000000000000000e-03,-4.336808689942018e-19
16400,19,-2.500000000000000e-03,-2.500000000000008e-03,8.239936510889834e-18
16400,20,2.000000000000000e-03,1.999999999999995e-03,4.770489558936220e-18
16400,21,1.800000000000000e-03,1.800000000000006e-03,-5.637851296924623e-18
16400,22,-1.500000000000000e-03,-1.499999999999995e-03,-4.553649124439119e-18
16400,23,1.200000000000000e-03,1.199999999999984e-03,1.539567084929416e-17
16400,24,1.000000000000000e-03,9.999999999999872e-04,1.279358563532895e-17
16400,25,-8.000000000000000e-04,-7.999999999999956e-04,-4.445228907190568e-18
16400,26,5.999999999999999e-04,5.999999999999916e-04,8.348356728138384e-18
16400,27,5.000000000000000e-04,5.000000000000008e-04,-7.589415207398531e-19
16400,28,-4.000000000000000e-04,-3.999999999999982e-04,-1.788933584601082e-18
16400,29,3.000000000000000e-04,2.999999999999912e-04,8.782037597132586e-18
16500,0,1.200000000000000e-01,1.200000000000000e-01,0.000000000000000e+00
16500,1,-8.000000000000000e-02,-7.999999999999999e-02,-1.387778780781446e-17
16500,2,5.500000000000000e-02,5.500000000000002e-02,-2.081668171172169e-17
16500,3,4.000000000000000e-02,4.000000000000000e-02,0.000000000000000e+00
16500,4,-3.000000000000000e-02,-2.999999999999999e-02,-6.938893903907228e-18
16500,5,2.500000000000000e-02,2.500000000000002e-02,-1.734723475976807e-17
16500,6,2.000000000000000e-02,2.000000000000000e-02,3.469446951953614e-18
16500,7,-1.800000000000000e-02,-1.800000000000000e-02,-3.469446951953614e-18
16500,8,1.500000000000000e-02,1.500000000000001e-02,-6.938893903907228e-18
16500,9,1.200000000000000e-02,1.199999999999997e-02,3.122502256758253e-17
16500,10,-1.000000000000000e-02,-9.999999999999995e-03,-5.204170427930421e-18
16500,11,8.999999999999999e-03,9.000000000000006e-03,-6.938893903907228e-18
16500,12,8.000000000000000e-03,8.000000000000011e-03,-1.040834085586084e-17
16500,13,-7.000000000000000e-03,-7.000000000000015e-03,1.474514954580286e-17
16500,14,6.000000000000000e-03,6.000000000000027e-03,-2.688821387764051e-17
16500,15,5.000000000000000e-03,4.999999999999998e-03,2.602085213965211e-18
16500,16,-4.000000000000000e-03,-4.000000000000006e-03,6.071532165918825e-18
16500,17,3.500000000000000e-03,3.499999999999996e-03,4.336808689942018e-18
16500,18,3.000000000000000e-03,2.999999999999987e-03,1.344410693882025e-17
16500,19,-2.500000000000000e-03,-2.499999999999998e-03,-2.168404344971009e-18
16500,20,2.000000000000000e-03,1.999999999999987e-03,1.257674520083185e-17
16500,21,1.800000000000000e-03,1.799999999999988e-03,1.214306433183765e-17
16500,22,-1.500000000000000e-03,-1.500000000000003e-03,3.252606517456513e-18
16500,23,1.200000000000000e-03,1.199999999999998e-03,2.385244779468110e-18
16500,24,1.000000000000000e-03,1.000000000000020e-03,-1.994931997373328e-17
16500,25,-8.000000000000000e-04,-8.000000000000026e-04,2.602085213965211e-18
16500,26,5.999999999999999e-04,5.999999999999854e-04,1.452830911130576e-17
16500,27,5.000000000000000e-04,5.000000000000007e-04,-6.505213034913027e-19
16500,28,-4.000000000000000e-04,-3.999999999999788e-04,-2.119615247209161e-17
16500,29,3.000000000000000e-04,2.999999999999769e-04,2.309350627394124e-17
16600,0,1.200000000000000e-01,1.200000000000000e-01,0.000000000000000e+00
16600,1,-8.000000000000000e-02,-7.999999999999999e-02,-1.387778780781446e-17
16600,2,5.500000000000000e-02,5.500000000000000e-02,0.000000000000000e+00
16600,3,4.000000000000000e-02,3.999999999999998e-02,2.081668171172169e-17
16600,4,-3.000000000000000e-02,-3.000000000000000e-02,0.000000000000000e+00
16600,5,2.500000000000000e-02,2.500000000000002e-02,-1.734723475976807e-17
16600,6,2.000000000000000e-02,2.000000000000000e-02,0.000000000000000e+00
16600,7,-1.800000000000000e-02,-1.799999999999999e-02,-6.938893903907228e-18
16600,8,1.500000000000000e-02,1.500000000000002e-02,-1.561251128379126e-17
16600,9,1.200000000000000e-02,1.200000000000000e-02,1.734723475976807e-18
16600,10,-1.000000000000000e-02,-9.999999999999997e-03,-3.469446951953614e-18
16600,11,8.999999999999999e-03,9.000000000000006e-03,-6.938893903907228e-18
16600,12,8.000000000000000e-03,8.000000000000002e-03,-1.734723475976807e-18
16600,13,-7.000000000000000e-03,-7.000000000000003e-03,2.602085213965211e-18
16600,14,6.000000000000000e-03,6.000000000000011e-03,-1.040834085586084e-17
16600,15,5.000000000000000e-03,4.999999999999998e-03,1.734723475976807e-18
16600,16,-4.000000000000000e-03,-4.000000000000000e-03,0.000000000000000e+00
16600,17,3.500000000000000e-03,3.499999999999982e-03,1.821459649775647e-17
16600,18,3.000000000000000e-03,2.999999999999987e-03,1.257674520083185e-17
16600,19,-2.500000000000000e-03,-2.500000000000000e-03,4.336808689942018e-19
16600,20,2.000000000000000e-03,2.000000000000001e-03,-1.301042606982605e-18
16600,21,1.800000000000000e-03,1.799999999999986e-03,1.409462824231156e-17
16600,22,-1.500000000000000e-03,-1.500000000000007e-03,6.722053469410127e-18
16600,23,1.200000000000000e-03,1.200000000000011e-03,-1.062518129035794e-17
16600,24,1.000000000000000e-03,1.000000000000002e-03,-1.951563910473908e-18
16600,25,-8.000000000000000e-04,-7.999999999999996e-04,-4.336808689942018e-19
16600,26,5.999999999999999e-04,5.999999999999904e-04,9.540979117872439e-18
16600,27,5.000000000000000e-04,5.000000000000014e-04,-1.409462824231156e-18
16600,28,-4.000000000000000e-04,-3.999999999999870e-04,-1.306463617845033e-17
16600,29,3.000000000000000e-04,3.000000000000026e-04,-2.602085213965211e-18
16700,0,1.200000000000000e-01,1.200000000000000e-01,0.000000000000000e+00
16700,1,-8.000000000000000e-02,-7.999999999999995e-02,-5.551115123125783e-17
16700,2,5.500000000000000e-02,5.500000000000001e-02,-1.387778780781446e-17
16700,3,4.000000000000000e-02,3.999999999999999e-02,6.938893903907228e-18
16700,4,-3.000000000000000e-02,-3.000000000000000e-02,3.469446951953614e-18
16700,5,2.500000000000000e-02,2.500000000000000e-02,3.469446951953614e-18
16700,6,2.000000000000000e-02,2.000000000000001e-02,-6.938893903907228e-18
16700,7,-1.800000000000000e-02,-1.799999999999998e-02,-1.734723475976807e-17
16700,8,1.500000000000000e-02,1.499999999999999e-02,5.204170427930421e-18
16700,9,1.200000000000000e-02,1.199999999999998e-02,1.734723475976807e-17
16700,10,-1.000000000000000e-02,-1.000000000000001e-02,8.673617379884035e-18
16700,11,8.999999999999999e-03,8.999999999999999e-03,0.000000000000000e+00
16700,12,8.000000000000000e-03,8.000000000000005e-03,-5.204170427930421e-18
16700,13,-7.000000000000000e-03,-6.999999999999990e-03,-1.040834085586084e-17
16700,14,6.000000000000000e-03,6.000000000000001e-03,-8.673617379884035e-19
16700,15,5.000000000000000e-03,4.999999999999995e-03,5.204170427930421e-18
16700,16,-4.000000000000000e-03,-4.000000000000002e-03,1.734723475976807e-18
16700,17,3.500000000000000e-03,3.499999999999997e-03,3.469446951953614e-18
16700,18,3.000000000000000e-03,2.999999999999991e-03,9.540979117872439e-18
16700,19,-2.500000000000000e-03,-2.500000000000009e-03,9.107298248878237e-18
16700,20,2.000000000000000e-03,1.999999999999987e-03,1.344410693882025e-17
16700,21,1.800000000000000e-03,1.799999999999998e-03,1.734723475976807e-18
16700,22,-1.500000000000000e-03,-1.499999999999999e-03,-1.084202172485504e-18
16700,23,1.200000000000000e-03,1.199999999999987e-03,1.322726650432315e-17
16700,24,1.000000000000000e-03,9.999999999999948e-04,5.204170427930421e-18
16700,25,-8.000000000000000e-04,-8.000000000000199e-04,1.984089975648473e-17
16700,26,5.999999999999999e-04,5.999999999999659e-04,3.404394821604484e-17
16700,27,5.000000000000000e-04,4.999999999999783e-04,2.168404344971009e-17
16700,28,-4.000000000000000e-04,-3.999999999999991e-04,-9.215718466126788e-19
16700,29,3.000000000000000e-04,2.999999999999979e-04,2.114194236346734e-18
16800,0,1.200000000000000e-01,1.200000000000000e-01,-1.387778780781446e-17
16800,1,-8.000000000000000e-02,-8.000000000000002e-02,1.387778780781446e-17
16800,2,5.500000000000000e-02,5.499999999999999e-02,1.387778780781446e-17
16800,3,4.000000000000000e-02,4.000000000000001e-02,-6.938893903907228e-18
16800,4,-3.000000000000000e-02,-2.999999999999999e-02,-6.938893903907228e-18
16800,5,2.500000000000000e-02,2.500000000000001e-02,-1.040834085586084e-17
16800,6,2.000000000000000e-02,2.000000000000002e-02,-1.734723475976807e-17
16800,7,-1.800000000000000e-02,-1.799999999999999e-02,-1.040834085586084e-17
16800,8,1.500000000000000e-02,1.499999999999999e-02,5.204170427930421e-18
16800,9,1.200000000000000e-02,1.200000000000000e-02,3.469446951953614e-18
16800,10,-1.000000000000000e-02,-1.000000000000001e-02,1.040834085586084e-17
16800,11,8.999999999999999e-03,9.000000000000003e-03,-3.469446951953614e-18
16800,12,8.000000000000000e-03,8.000000000000004e-03,-3.469446951953614e-18
16800,13,-7.000000000000000e-03,-6.999999999999998e-03,-1.734723475976807e-18
16800,14,6.000000000000000e-03,5.999999999999998e-03,1.734723475976807e-18
16800,15,5.000000000000000e-03,4.999999999999998e-03,1.734723475976807e-18
16800,16,-4.000000000000000e-03,-3.999999999999998e-03,-1.734723475976807e-18
16800,17,3.500000000000000e-03,3.499999999999994e-03,6.071532165918825e-18
16800,18,3.000000000000000e-03,2.999999999999987e-03,1.257674520083185e-17
16800,19,-2.500000000000000e-03,-2.499999999999983e-03,-1.691355389077387e-17
16800,20,2.000000000000000e-03,1.999999999999987e-03,1.344410693882025e-17
16800,21,1.800000000000000e-03,1.800000000000003e-03,-2.818925648462312e-18
16800,22,-1.500000000000000e-03,-1.500000000000001e-03,8.673617379884035e-19
16800,23,1.200000000000000e-03,1.199999999999999e-03,1.084202172485504e-18
16800,24,1.000000000000000e-03,9.999999999999957e-04,4.336808689942018e-18
16800,25,-8.000000000000000e-04,-7.999999999999936e-04,-6.396792817664476e-18
16800,26,5.999999999999999e-04,5.999999999999983e-04,1.626303258728257e-18
16800,27,5.000000000000000e-04,4.999999999999983e-04,1.734723475976807e-18
16800,28,-4.000000000000000e-04,-3.999999999999926e-04,-7.372574772901430e-18
16800,29,3.000000000000000e-04,2.999999999999988e-04,1.192622389734055e-18
16900,0,1.200000000000000e-01,1.200000000000000e-01,0.000000000000000e+00
16900,1,-8.000000000000000e-02,-8.000000000000002e-02,1.387778780781446e-17
16900,2,5.500000000000000e-02,5.499999999999999e-02,6.938893903907228e-18
16900,3,4.000000000000000e-02,3.999999999999999e-02,6.938893903907228e-18
16900,4,-3.000000000000000e-02,-3.000000000000000e-02,-3.469446951953614e-18
16900,5,2.500000000000000e-02,2.500000000000001e-02,-1.040834085586084e-17
16900,6,2.000000000000000e-02,2.000000000000000e-02,-3.469446951953614e-18
16900,7,-1.800000000000000e-02,-1.799999999999999e-02,-6.938893903907228e-18
16900,8,1.500000000000000e-02,1.500000000000000e-02,0.000000000000000e+00
16900,9,1.200000000000000e-02,1.200000000000000e-02,3.469446951953614e-18
16900,10,-1.000000000000000e-02,-1.000000000000001e-02,8.673617379884035e-18
16900,11,8.999999999999999e-03,8.999999999999999e-03,0.000000000000000e+00
16900,12,8.000000000000000e-03,8.000000000000005e-03,-5.204170427930421e-18
16900,13,-7.000000000000000e-03,-7.000000000000002e-03,1.734723475976807e-18
16900,14,6.000000000000000e-03,6.000000000000013e-03,-1.301042606982605e-17
16900,15,5.000000000000000e-03,5.000000000000000e-03,0.000000000000000e+00
16900,16,-4.000000000000000e-03,-3.999999999999997e-03,-2.602085213965211e-18
16900,17,3.500000000000000e-03,3.499999999999992e-03,8.239936510889834e-18
16900,18,3.000000000000000e-03,2.999999999999999e-03,1.301042606982605e-18
16900,19,-2.500000000000000e-03,-2.499999999999998e-03,-2.168404344971009e-18
16900,20,2.000000000000000e-03,1.999999999999996e-03,3.903127820947816e-18
16900,21,1.800000000000000e-03,1.800000000000008e-03,-7.806255641895632e-18
16900,22,-1.500000000000000e-03,-1.500000000000005e-03,4.987329993433320e-18
16900,23,1.200000000000000e-03,1.200000000000006e-03,-6.288372600415926e-18
16900,24,1.000000000000000e-03,9.999999999999961e-04,3.903127820947816e-18
16900,25,-8.000000000000000e-04,-7.999999999999959e-04,-4.119968255444917e-18
16900,26,5.999999999999999e-04,5.999999999999900e-04,9.974659986866641e-18
16900,27,5.000000000000000e-04,4.999999999999963e-04,3.686287386450715e-18
16900,28,-4.000000000000000e-04,-3.999999999999896e-04,-1.040834085586084e-17
16900,29,3.000000000000000e-04,2.999999999999948e-04,5.149960319306146e-18
17000,0,1.200000000000000e-01,1.200000000000000e-01,2.775557561562891e-17
17000,1,-8.000000000000000e-02,-8.000000000000000e-02,0.000000000000000e+00
17000,2,5.500000000000000e-02,5.500000000000001e-02,-6.938893903907228e-18
17000,3,4.000000000000000e-02,4.000000000000001e-02,-1.387778780781446e-17
17000,4,-3.000000000000000e-02,-2.999999999999999e-02,-1.040834085586084e-17
17000,5,2.500000000000000e-02,2.500000000000000e-02,0.000000000000000e+00
17000,6,2.000000000000000e-02,2.000000000000001e-02,-6.938893903907228e-18
17000,7,-1.800000000000000e-02,-1.800000000000000e-02,-3.469446951953614e-18
17000,8,1.500000000000000e-02,1.499999999999999e-02,6.938893903907228e-18
17000,9,1.200000000000000e-02,1.200000000000001e-02,-5.204170427930421e-18
17000,10,-1.000000000000000e-02,-9.999999999999998e-03,-1.734723475976807e-18
17000,11,8.999999999999999e-03,9.000000000000006e-03,-6.938893903907228e-18
17000,12,8.000000000000000e-03,7.999999999999991e-03,8.673617379884035e-18
17000,13,-7.000000000000000e-03,-7.000000000000004e-03,4.336808689942018e-18
17000,14,6.000000000000000e-03,6.000000000000004e-03,-3.469446951953614e-18
17000,15,5.000000000000000e-03,5.000000000000003e-03,-2.602085213965211e-18
17000,16,-4.000000000000000e-03,-4.000000000000001e-03,8.673617379884035e-19
17000,17,3.500000000000000e-03,3.500000000000016e-03,-1.561251128379126e-17
17000,18,3.000000000000000e-03,3.000000000000006e-03,-6.071532165918825e-18
17000,19,-2.500000000000000e-03,-2.500000000000008e-03,8.239936510889834e-18
17000,20,2.000000000000000e-03,1.999999999999984e-03,1.561251128379126e-17
17000,21,1.800000000000000e-03,1.800000000000002e-03,-1.951563910473908e-18
17000,22,-1.500000000000000e-03,-1.500000000000000e-03,2.168404344971009e-19
17000,23,1.200000000000000e-03,1.199999999999997e-03,2.818925648462312e-18
17000,24,1.000000000000000e-03,1.000000000000008e-03,-8.239936510889834e-18
17000,25,-8.000000000000000e-04,-8.000000000000104e-04,1.040834085586084e-17
17000,26,5.999999999999999e-04,6.000000000000006e-04,-6.505213034913027e-19
17000,27,5.000000000000000e-04,5.000000000000055e-04,-5.529431079676073e-18
17000,28,-4.000000000000000e-04,-3.999999999999962e-04,-3.794707603699266e-18
17000,29,3.000000000000000e-04,2.999999999999929e-04,7.047314121155779e-18
17100,0,1.200000000000000e-01,1.200000000000000e-01,2.775557561562891e-17
17100,1,-8.000000000000000e-02,-8.000000000000003e-02,2.775557561562891e-17
17100,2,5.500000000000000e-02,5.499999999999998e-02,2.081668171172169e-17
17100,3,4.000000000000000e-02,3.999999999999999e-02,1.387778780781446e-17
17100,4,-3.000000000000000e-02,-2.999999999999998e-02,-1.734723475976807e-17
17100,5,2.500000000000000e-02,2.500000000000001e-02,-1.040834085586084e-17
17100,6,2.000000000000000e-02,2.000000000000001e-02,-6.938893903907228e-18
17100,7,-1.800000000000000e-02,-1.800000000000000e-02,0.000000000000000e+00
17100,8,1.500000000000000e-02,1.499999999999999e-02,6.938893903907228e-18
17100,9,1.200000000000000e-02,1.199999999999998e-02,1.561251128379126e-17
17100,10,-1.000000000000000e-02,-1.000000000000001e-02,6.938893903907228e-18
17100,11,8.999999999999999e-03,8.999999999999994e-03,5.204170427930421e-18
17100,12,8.000000000000000e-03,7.999999999999979e-03,2.081668171172169e-17
17100,13,-7.000000000000000e-03,-7.000000000000001e-03,8.673617379884035e-19
17100,14,6.000000000000000e-03,6.000000000000005e-03,-5.204170427930421e-18
17100,15,5.000000000000000e-03,5.000000000000000e-03,0.000000000000000e+00
17100,16,-4.000000000000000e-03,-3.999999999999991e-03,-9.540979117872439e-18
17100,17,3.500000000000000e-03,3.500000000000022e-03,-2.211772431870429e-17
17100,18,3.000000000000000e-03,2.999999999999998e-03,2.168404344971009e-18
17100,19,-2.500000000000000e-03,-2.500000000000003e-03,2.602085213965211e-18
17100,20,2.000000000000000e-03,1.999999999999991e-03,9.107298248878237e-18
17100,21,1.800000000000000e-03,1.800000000000016e-03,-1.647987302177967e-17
17100,22,-1.500000000000000e-03,-1.499999999999993e-03,-7.155734338404329e-18
17100,23,1.200000000000000e-03,1.199999999999993e-03,6.505213034913027e-18
17100,24,1.000000000000000e-03,9.999999999999944e-04,5.637851296924623e-18
17100,25,-8.000000000000000e-04,-8.000000000000150e-04,1.496198998029996e-17
17100,26,5.999999999999999e-04,6.000000000000001e-04,-1.084202172485504e-19
17100,27,5.000000000000000e-04,4.999999999999835e-04,1.647987302177967e-17
17100,28,-4.000000000000000e-04,-3.999999999999950e-04,-5.041540102057596e-18
17100,29,3.000000000000000e-04,3.000000000000017e-04,-1.734723475976807e-18
17200,0,1.200000000000000e-01,1.200000000000000e-01,0.000000000000000e+00
17200,1,-8.000000000000000e-02,-8.000000000000002e-02,1.387778780781446e-17
17200,2,5.500000000000000e-02,5.499999999999999e-02,1.387778780781446e-17
17200,3,4.000000000000000e-02,3.999999999999999e-02,6.938893903907228e-18
17200,4,-3.000000000000000e-02,-3.000000000000000e-02,3.469446951953614e-18
17200,5,2.500000000000000e-02,2.500000000000001e-02,-6.938893903907228e-18
17200,6,2.000000000000000e-02,2.000000000000000e-02,-3.469446951953614e-18
17200,7,-1.800000000000000e-02,-1.799999999999999e-02,-1.040834085586084e-17
17200,8,1.500000000000000e-02,1.500000000000002e-02,-1.561251128379126e-17
17200,9,1.200000000000000e-02,1.200000000000001e-02,-6.938893903907228e-18
17200,10,-1.000000000000000e-02,-1.000000000000000e-02,1.734723475976807e-18
17200,11,8.999999999999999e-03,9.000000000000001e-03,-1.734723475976807e-18
17200,12,8.000000000000000e-03,8.000000000000004e-03,-3.469446951953614e-18
17200,13,-7.000000000000000e-03,-6.999999999999981e-03,-1.908195823574488e-17
17200,14,6.000000000000000e-03,6.000000000000005e-03,-5.204170427930421e-18
17200,15,5.000000000000000e-03,4.999999999999991e-03,8.673617379884035e-18
17200,16,-4.000000000000000e-03,-3.999999999999980e-03,-1.994931997373328e-17
17200,17,3.500000000000000e-03,3.499999999999992e-03,7.806255641895632e-18
17200,18,3.000000000000000e-03,3.000000000000003e-03,-3.035766082959412e-18
17200,19,-2.500000000000000e-03,-2.499999999999994e-03,-5.637851296924623e-18
17200,20,2.000000000000000e-03,1.999999999999988e-03,1.170938346284345e-17
17200,21,1.800000000000000e-03,1.800000000000018e-03,-1.778091562876227e-17
17200,22,-1.500000000000000e-03,-1.499999999999992e-03,-8.023096076392733e-18
17200,23,1.200000000000000e-03,1.199999999999996e-03,4.336808689942018e-18
17200,24,1.000000000000000e-03,9.999999999999929e-04,7.155734338404329e-18
17200,25,-8.000000000000000e-04,-8.000000000000121e-04,1.203464411458910e-17
17200,26,5.999999999999999e-04,5.999999999999982e-04,1.734723475976807e-18
17200,27,5.000000000000000e-04,5.000000000000119e-04,-1.192622389734055e-17
17200,28,-4.000000000000000e-04,-4.000000000000082e-04,8.131516293641283e-18
17200,29,3.000000000000000e-04,3.000000000000110e-04,-1.105886215935215e-17
17300,0,1.200000000000000e-01,1.200000000000000e-01,1.387778780781446e-17
17300,1,-8.000000000000000e-02,-8.000000000000000e-02,0.000000000000000e+00
17300,2,5.500000000000000e-02,5.499999999999999e-02,1.387778780781446e-17
17300,3,4.000000000000000e-02,4.000000000000000e-02,0.000000000000000e+00
17300,4,-3.000000000000000e-02,-3.000000000000000e-02,3.469446951953614e-18
17300,5,2.500000000000000e-02,2.499999999999999e-02,1.040834085586084e-17
17300,6,2.000000000000000e-02,1.999999999999999e-02,1.387778780781446e-17
17300,7,-1.800000000000000e-02,-1.799999999999998e-02,-1.387778780781446e-17
17300,8,1.500000000000000e-02,1.500000000000001e-02,-1.387778780781446e-17
17300,9,1.200000000000000e-02,1.199999999999999e-02,1.040834085586084e-17
17300,10,-1.000000000000000e-02,-9.999999999999985e-03,-1.561251128379126e-17
17300,11,8.999999999999999e-03,8.999999999999999e-03,0.000000000000000e+00
17300,12,8.000000000000000e-03,7.999999999999990e-03,1.040834085586084e-17
17300,13,-7.000000000000000e-03,-6.999999999999999e-03,-8.673617379884035e-19
17300,14,6.000000000000000e-03,6.000000000000026e-03,-2.602085213965211e-17
17300,15,5.000000000000000e-03,5.000000000000008e-03,-7.806255641895632e-18
17300,16,-4.000000000000000e-03,-4.000000000000023e-03,2.255140518769849e-17
17300,17,3.500000000000000e-03,3.500000000000014e-03,-1.387778780781446e-17
17300,18,3.000000000000000e-03,3.000000000000004e-03,-4.336808689942018e-18
17300,19,-2.500000000000000e-03,-2.500000000000004e-03,4.336808689942018e-18
17300,20,2.000000000000000e-03,2.000000000000007e-03,-6.938893903907228e-18
17300,21,1.800000000000000e-03,1.800000000000008e-03,-7.806255641895632e-18
17300,22,-1.500000000000000e-03,-1.500000000000017e-03,1.713039432527097e-17
17300,23,1.200000000000000e-03,1.200000000000003e-03,-3.469446951953614e-18
17300,24,1.000000000000000e-03,1.000000000000003e-03,-3.469446951953614e-18
17300,25,-8.000000000000000e-04,-7.999999999999969e-04,-3.144186300207963e-18
17300,26,5.999999999999999e-04,5.999999999999914e-04,8.565197162635485e-18
17300,27,5.000000000000000e-04,5.000000000000035e-04,-3.469446951953614e-18
17300,28,-4.000000000000000e-04,-4.000000000000042e-04,4.228388472693467e-18
17300,29,3.000000000000000e-04,3.000000000000023e-04,-2.331034670843835e-18
17400,0,1.200000000000000e-01,1.200000000000000e-01,-1.387778780781446e-17
17400,1,-8.000000000000000e-02,-7.999999999999999e-02,-1.387778780781446e-17
17400,2,5.500000000000000e-02,5.500000000000001e-02,-1.387778780781446e-17
17400,3,4.000000000000000e-02,4.000000000000003e-02,-2.775557561562891e-17
17400,4,-3.000000000000000e-02,-3.000000000000000e-02,0.000000000000000e+00
17400,5,2.500000000000000e-02,2.500000000000000e-02,-3.469446951953614e-18
17400,6,2.000000000000000e-02,2.000000000000000e-02,3.469446951953614e-18
17400,7,-1.800000000000000e-02,-1.800000000000000e-02,-3.469446951953614e-18
17400,8,1.500000000000000e-02,1.500000000000002e-02,-1.734723475976807e-17
17400,9,1.200000000000000e-02,1.200000000000000e-02,-1.734723475976807e-18
17400,10,-1.000000000000000e-02,-9.999999999999992e-03,-8.673617379884035e-18
17400,11,8.999999999999999e-03,9.000000000000001e-03,-1.734723475976807e-18
17400,12,8.000000000000000e-03,8.000000000000012e-03,-1.214306433183765e-17
17400,13,-7.000000000000000e-03,-6.999999999999999e-03,-8.673617379884035e-19
17400,14,6.000000000000000e-03,5.999999999999998e-03,1.734723475976807e-18
17400,15,5.000000000000000e-03,4.999999999999990e-03,1.040834085586084e-17
17400,16,-4.000000000000000e-03,-4.000000000000003e-03,2.602085213965211e-18
17400,17,3.500000000000000e-03,3.499999999999997e-03,3.035766082959412e-18
17400,18,3.000000000000000e-03,3.000000000000001e-03,-8.673617379884035e-19
17400,19,-2.500000000000000e-03,-2.499999999999993e-03,-7.372574772901430e-18
17400,20,2.000000000000000e-03,2.000000000000017e-03,-1.647987302177967e-17
17400,21,1.800000000000000e-03,1.800000000000000e-03,-4.336808689942018e-19
17400,22,-1.500000000000000e-03,-1.500000000000002e-03,1.734723475976807e-18
17400,23,1.200000000000000e-03,1.200000000000001e-03,-6.505213034913027e-19
17400,24,1.000000000000000e-03,9.999999999999937e-04,6.288372600415926e-18
17400,25,-8.000000000000000e-04,-7.999999999999959e-04,-4.119968255444917e-18
17400,26,5.999999999999999e-04,6.000000000000095e-04,-9.540979117872439e-18
17400,27,5.000000000000000e-04,4.999999999999975e-04,2.493664996716660e-18
17400,28,-4.000000000000000e-04,-3.999999999999995e-04,-4.878909776184770e-19
17400,29,3.000000000000000e-04,3.000000000000174e-04,-1.740144486839235e-17
17500,0,1.200000000000000e-01,1.200000000000000e-01,-1.387778780781446e-17
17500,1,-8.000000000000000e-02,-7.999999999999999e-02,-1.387778780781446e-17
17500,2,5.500000000000000e-02,5.500000000000001e-02,-6.938893903907228e-18
17500,3,4.000000000000000e-02,4.000000000000003e-02,-2.775557561562891e-17
17500,4,-3.000000000000000e-02,-3.000000000000001e-02,6.938893903907228e-18
17500,5,2.500000000000000e-02,2.500000000000000e-02,3.469446951953614e-18
17500,6,2.000000000000000e-02,1.999999999999999e-02,6.938893903907228e-18
17500,7,-1.800000000000000e-02,-1.800000000000000e-02,0.000000000000000e+00
17500,8,1.500000000000000e-02,1.499999999999999e-02,1.214306433183765e-17
17500,9,1.200000000000000e-02,1.200000000000001e-02,-6.938893903907228e-18
17500,10,-1.000000000000000e-02,-9.999999999999974e-03,-2.602085213965211e-17
17500,11,8.999999999999999e-03,9.000000000000005e-03,-5.204170427930421e-18
17500,12,8.000000000000000e-03,8.000000000000030e-03,-2.949029909160572e-17
17500,13,-7.000000000000000e-03,-7.000000000000004e-03,4.336808689942018e-18
17500,14,6.000000000000000e-03,5.999999999999986e-03,1.387778780781446e-17
17500,15,5.000000000000000e-03,5.000000000000003e-03,-2.602085213965211e-18
17500,16,-4.000000000000000e-03,-3.999999999999994e-03,-6.071532165918825e-18
17500,17,3.500000000000000e-03,3.500000000000004e-03,-4.336808689942018e-18
17500,18,3.000000000000000e-03,2.999999999999994e-03,5.637851296924623e-18
17500,19,-2.500000000000000e-03,-2.500000000000001e-03,8.673617379884035e-19
17500,20,2.000000000000000e-03,2.000000000000000e-03,4.336808689942018e-19
17500,21,1.800000000000000e-03,1.800000000000006e-03,-5.854691731421724e-18
17500,22,-1.500000000000000e-03,-1.499999999999997e-03,-3.252606517456513e-18
17500,23,1.200000000000000e-03,1.199999999999996e-03,4.336808689942018e-18
17500,24,1.000000000000000e-03,1.000000000000001e-03,-6.505213034913027e-19
17500,25,-8.000000000000000e-04,-8.000000000000123e-04,1.225148454908620e-17
17500,26,5.999999999999999e-04,5.999999999999979e-04,2.059984127722458e-18
17500,27,5.000000000000000e-04,5.000000000000006e-04,-5.421010862427522e-19
17500,28,-4.000000000000000e-04,-4.000000000000067e-04,6.667843360785852e-18
17500,29,3.000000000000000e-04,3.000000000000101e-04,-1.013729031273947e-17
17600,0,1.200000000000000e-01,1.200000000000000e-01,-1.387778780781446e-17
17600,1,-8.000000000000000e-02,-7.999999999999999e-02,-1.387778780781446e-17
17600,2,5.500000000000000e-02,5.500000000000001e-02,-6.938893903907228e-18
17600,3,4.000000000000000e-02,4.000000000000001e-02,-6.938893903907228e-18
17600,4,-3.000000000000000e-02,-3.000000000000000e-02,-3.469446951953614e-18
17600,5,2.500000000000000e-02,2.500000000000000e-02,0.000000000000000e+00
17600,6,2.000000000000000e-02,1.999999999999998e-02,1.734723475976807e-17
17600,7,-1.800000000000000e-02,-1.800000000000000e-02,-3.469446951953614e-18
17600,8,1.500000000000000e-02,1.499999999999999e-02,5.204170427930421e-18
17600,9,1.200000000000000e-02,1.200000000000001e-02,-6.938893903907228e-18
17600,10,-1.000000000000000e-02,-1.000000000000001e-02,6.938893903907228e-18
17600,11,8.999999999999999e-03,9.000000000000001e-03,-1.734723475976807e-18
17600,12,8.000000000000000e-03,8.000000000000005e-03,-5.204170427930421e-18
17600,13,-7.000000000000000e-03,-6.999999999999997e-03,-3.469446951953614e-18
17600,14,6.000000000000000e-03,6.000000000000010e-03,-9.540979117872439e-18
17600,15,5.000000000000000e-03,4.999999999999998e-03,1.734723475976807e-18
17600,16,-4.000000000000000e-03,-3.999999999999994e-03,-6.071532165918825e-18
17600,17,3.500000000000000e-03,3.500000000000001e-03,-8.673617379884035e-19
17600,18,3.000000000000000e-03,2.999999999999997e-03,2.602085213965211e-18
17600,19,-2.500000000000000e-03,-2.499999999999998e-03,-1.734723475976807e-18
17600,20,2.000000000000000e-03,1.999999999999997e-03,3.469446951953614e-18
17600,21,1.800000000000000e-03,1.799999999999988e-03,1.149254302834635e-17
17600,22,-1.500000000000000e-03,-1.500000000000003e-03,3.252606517456513e-18
17600,23,1.200000000000000e-03,1.199999999999997e-03,3.035766082959412e-18
17600,24,1.000000000000000e-03,9.999999999999966e-04,3.469446951953614e-18
17600,25,-8.000000000000000e-04,-7.999999999999993e-04,-7.589415207398531e-19
17600,26,5.999999999999999e-04,6.000000000000147e-04,-1.474514954580286e-17
17600,27,5.000000000000000e-04,4.999999999999894e-04,1.062518129035794e-17
17600,28,-4.000000000000000e-04,-4.000000000000010e-04,9.757819552369540e-19
17600,29,3.000000000000000e-04,3.000000000000040e-04,-4.011548038196366e-18
17700,0,1.200000000000000e-01,1.200000000000000e-01,0.000000000000000e+00
17700,1,-8.000000000000000e-02,-8.000000000000000e-02,0.000000000000000e+00
17700,2,5.500000000000000e-02,5.500000000000001e-02,-6.938893903907228e-18
17700,3,4.000000000000000e-02,4.000000000000000e-02,0.000000000000000e+00
17700,4,-3.000000000000000e-02,-2.999999999999999e-02,-6.938893903907228e-18
17700,5,2.500000000000000e-02,2.499999999999999e-02,6.938893903907228e-18
17700,6,2.000000000000000e-02,2.000000000000001e-02,-1.040834085586084e-17
17700,7,-1.800000000000000e-02,-1.799999999999999e-02,-1.040834085586084e-17
17700,8,1.500000000000000e-02,1.500000000000000e-02,3.469446951953614e-18
17700,9,1.200000000000000e-02,1.200000000000000e-02,-1.734723475976807e-18
17700,10,-1.000000000000000e-02,-9.999999999999997e-03,-3.469446951953614e-18
17700,11,8.999999999999999e-03,9.000000000000001e-03,-1.734723475976807e-18
17700,12,8.000000000000000e-03,7.999999999999991e-03,8.673617379884035e-18
17700,13,-7.000000000000000e-03,-6.999999999999992e-03,-7.806255641895632e-18
17700,14,6.000000000000000e-03,5.999999999999995e-03,5.204170427930421e-18
17700,15,5.000000000000000e-03,4.999999999999999e-03,8.673617379884035e-19
17700,16,-4.000000000000000e-03,-4.000000000000003e-03,2.602085213965211e-18
17700,17,3.500000000000000e-03,3.499999999999995e-03,5.204170427930421e-18
17700,18,3.000000000000000e-03,3.000000000000001e-03,-8.673617379884035e-19
17700,19,-2.500000000000000e-03,-2.500000000000007e-03,7.372574772901430e-18
17700,20,2.000000000000000e-03,1.999999999999995e-03,5.204170427930421e-18
17700,21,1.800000000000000e-03,1.799999999999993e-03,6.722053469410127e-18
17700,22,-1.500000000000000e-03,-1.500000000000000e-03,-2.168404344971009e-19
17700,23,1.200000000000000e-03,1.199999999999990e-03,9.757819552369540e-18
17700,24,1.000000000000000e-03,1.000000000000006e-03,-6.071532165918825e-18
17700,25,-8.000000000000000e-04,-7.999999999999953e-04,-4.770489558936220e-18
17700,26,5.999999999999999e-04,5.999999999999814e-04,1.853985714950213e-17
17700,27,5.000000000000000e-04,4.999999999999986e-04,1.409462824231156e-18
17700,28,-4.000000000000000e-04,-4.000000000000141e-04,1.409462824231156e-17
17700,29,3.000000000000000e-04,2.999999999999980e-04,1.951563910473908e-18
17800,0,1.200000000000000e-01,1.200000000000000e-01,0.000000000000000e+00
17800,1,-8.000000000000000e-02,-7.999999999999999e-02,-1.387778780781446e-17
17800,2,5.500000000000000e-02,5.500000000000000e-02,0.000000000000000e+00
17800,3,4.000000000000000e-02,4.000000000000001e-02,-1.387778780781446e-17
17800,4,-3.000000000000000e-02,-3.000000000000001e-02,6.938893903907228e-18
17800,5,2.500000000000000e-02,2.500000000000000e-02,-3.469446951953614e-18
17800,6,2.000000000000000e-02,2.000000000000001e-02,-1.387778780781446e-17
17800,7,-1.800000000000000e-02,-1.799999999999999e-02,-1.040834085586084e-17
17800,8,1.500000000000000e-02,1.500000000000002e-02,-1.561251128379126e-17
17800,9,1.200000000000000e-02,1.200000000000001e-02,-1.040834085586084e-17
17800,10,-1.000000000000000e-02,-9.999999999999993e-03,-6.938893903907228e-18
17800,11,8.999999999999999e-03,9.000000000000003e-03,-3.469446951953614e-18
17800,12,8.000000000000000e-03,7.999999999999993e-03,6.938893903907228e-18
17800,13,-7.000000000000000e-03,-7.000000000000000e-03,0.000000000000000e+00
17800,14,6.000000000000000e-03,6.000000000000015e-03,-1.474514954580286e-17
17800,15,5.000000000000000e-03,5.000000000000017e-03,-1.734723475976807e-17
17800,16,-4.000000000000000e-03,-3.999999999999985e-03,-1.474514954580286e-17
17800,17,3.500000000000000e-03,3.500000000000028e-03,-2.775557561562891e-17
17800,18,3.000000000000000e-03,3.000000000000001e-03,-1.301042606982605e-18
17800,19,-2.500000000000000e-03,-2.499999999999997e-03,-3.035766082959412e-18
17800,20,2.000000000000000e-03,1.999999999999981e-03,1.951563910473908e-17
17800,21,1.800000000000000e-03,1.800000000000000e-03,-2.168404344971009e-19
17800,22,-1.500000000000000e-03,-1.500000000000014e-03,1.366094737331736e-17
17800,23,1.200000000000000e-03,1.199999999999980e-03,2.016616040823038e-17
17800,24,1.000000000000000e-03,1.000000000000004e-03,-3.686287386450715e-18
17800,25,-8.000000000000000e-04,-7.999999999999913e-04,-8.782037597132586e-18
17800,26,5.999999999999999e-04,6.000000000000114e-04,-1.149254302834635e-17
17800,27,5.000000000000000e-04,4.999999999999793e-04,2.070826149447313e-17
17800,28,-4.000000000000000e-04,-3.999999999999832e-04,-1.685934378214959e-17
17800,29,3.000000000000000e-04,2.999999999999983e-04,1.680513367352532e-18
17900,0,1.200000000000000e-01,1.200000000000000e-01,1.387778780781446e-17
17900,1,-8.000000000000000e-02,-7.999999999999997e-02,-2.775557561562891e-17
17900,2,5.500000000000000e-02,5.500000000000002e-02,-2.081668171172169e-17
17900,3,4.000000000000000e-02,3.999999999999998e-02,2.081668171172169e-17
17900,4,-3.000000000000000e-02,-3.000000000000000e-02,3.469446951953614e-18
17900,5,2.500000000000000e-02,2.500000000000000e-02,0.000000000000000e+00
17900,6,2.000000000000000e-02,1.999999999999999e-02,1.040834085586084e-17
17900,7,-1.800000000000000e-02,-1.799999999999999e-02,-1.040834085586084e-17
17900,8,1.500000000000000e-02,1.500000000000002e-02,-2.428612866367530e-17
17900,9,1.200000000000000e-02,1.200000000000001e-02,-1.040834085586084e-17
17900,10,-1.000000000000000e-02,-9.999999999999988e-03,-1.214306433183765e-17
17900,11,8.999999999999999e-03,8.999999999999985e-03,1.387778780781446e-17
17900,12,8.000000000000000e-03,7.999999999999988e-03,1.214306433183765e-17
17900,13,-7.000000000000000e-03,-6.999999999999988e-03,-1.214306433183765e-17
17900,14,6.000000000000000e-03,5.999999999999991e-03,9.540979117872439e-18
17900,15,5.000000000000000e-03,4.999999999999993e-03,6.938893903907228e-18
17900,16,-4.000000000000000e-03,-3.999999999999999e-03,-8.673617379884035e-19
17900,17,3.500000000000000e-03,3.500000000000016e-03,-1.561251128379126e-17
17900,18,3.000000000000000e-03,3.000000000000007e-03,-6.505213034913027e-18
17900,19,-2.500000000000000e-03,-2.500000000000032e-03,3.209238430557093e-17
17900,20,2.000000000000000e-03,2.000000000000003e-03,-3.035766082959412e-18
17900,21,1.800000000000000e-03,1.799999999999993e-03,6.938893903907228e-18
17900,22,-1.500000000000000e-03,-1.500000000000008e-03,8.456776945386935e-18
17900,23,1.200000000000000e-03,1.200000000000016e-03,-1.647987302177967e-17
17900,24,1.000000000000000e-03,1.000000000000003e-03,-2.818925648462312e-18
17900,25,-8.000000000000000e-04,-7.999999999999914e-04,-8.673617379884035e-18
17900,26,5.999999999999999e-04,6.000000000000033e-04,-3.361026734705064e-18
17900,27,5.000000000000000e-04,4.999999999999878e-04,1.225148454908620e-17
17900,28,-4.000000000000000e-04,-4.000000000000000e-04,-5.421010862427522e-20
17900,29,3.000000000000000e-04,2.999999999999946e-04,5.421010862427522e-18
18000,0,1.200000000000000e-01,1.200000000000000e-01,1.387778780781446e-17
18000,1,-8.000000000000000e-02,-8.000000000000000e-02,0.000000000000000e+00
18000,2,5.500000000000000e-02,5.500000000000000e-02,0.000000000000000e+00
18000,3,4.000000000000000e-02,3.999999999999999e-02,6.938893903907228e-18
18000,4,-3.000000000000000e-02,-3.000000000000000e-02,-3.469446951953614e-18
18000,5,2.500000000000000e-02,2.499999999999998e-02,2.428612866367530e-17
18000,6,2.000000000000000e-02,2.000000000000002e-02,-1.734723475976807e-17
18000,7,-1.800000000000000e-02,-1.800000000000001e-02,6.938893903907228e-18
18000,8,1.500000000000000e-02,1.499999999999999e-02,8.673617379884035e-18
18000,9,1.200000000000000e-02,1.199999999999998e-02,1.908195823574488e-17
18000,10,-1.000000000000000e-02,-1.000000000000002e-02,2.428612866367530e-17
18000,11,8.999999999999999e-03,8.999999999999999e-03,0.000000000000000e+00
18000,12,8.000000000000000e-03,7.999999999999979e-03,2.081668171172169e-17
18000,13,-7.000000000000000e-03,-7.000000000000025e-03,2.515349040166370e-17
18000,14,6.000000000000000e-03,6.000000000000004e-03,-3.469446951953614e-18
18000,15,5.000000000000000e-03,5.000000000000016e-03,-1.561251128379126e-17
18000,16,-4.000000000000000e-03,-3.999999999999996e-03,-4.336808689942018e-18
18000,17,3.500000000000000e-03,3.499999999999998e-03,1.734723475976807e-18
18000,18,3.000000000000000e-03,3.000000000000002e-03,-2.168404344971009e-18
18000,19,-2.500000000000000e-03,-2.500000000000010e-03,9.540979117872439e-18
18000,20,2.000000000000000e-03,1.999999999999989e-03,1.127570259384925e-17
18000,21,1.800000000000000e-03,1.800000000000001e-03,-1.517883041479706e-18
18000,22,-1.500000000000000e-03,-1.499999999999993e-03,-7.372574772901430e-18
18000,23,1.200000000000000e-03,1.199999999999992e-03,8.023096076392733e-18
18000,24,1.000000000000000e-03,1.000000000000010e-03,-1.040834085586084e-17
18000,25,-8.000000000000000e-04,-7.999999999999830e-04,-1.702197410802242e-17
18000,26,5.999999999999999e-04,5.999999999999793e-04,2.059984127722458e-17
18000,27,5.000000000000000e-04,4.999999999999898e-04,1.019150042136374e-17
18000,28,-4.000000000000000e-04,-4.000000000000050e-04,4.933119884809045e-18
18000,29,3.000000000000000e-04,2.999999999999915e-04,8.510987054011210e-18
18100,0,1.200000000000000e-01,1.200000000000000e-01,2.775557561562891e-17
18100,1,-8.000000000000000e-02,-7.999999999999997e-02,-2.775557561562891e-17
18100,2,5.500000000000000e-02,5.499999999999997e-02,2.775557561562891e-17
18100,3,4.000000000000000e-02,3.999999999999998e-02,2.081668171172169e-17
18100,4,-3.000000000000000e-02,-2.999999999999999e-02,-1.387778780781446e-17
18100,5,2.500000000000000e-02,2.499999999999998e-02,2.081668171172169e-17
18100,6,2.000000000000000e-02,1.999999999999999e-02,1.040834085586084e-17
18100,7,-1.800000000000000e-02,-1.800000000000002e-02,2.081668171172169e-17
18100,8,1.500000000000000e-02,1.500000000000000e-02,3.469446951953614e-18
18100,9,1.200000000000000e-02,1.200000000000001e-02,-1.387778780781446e-17
18100,10,-1.000000000000000e-02,-9.999999999999998e-03,-1.734723475976807e-18
18100,11,8.999999999999999e-03,9.000000000000010e-03,-1.040834085586084e-17
18100,12,8.000000000000000e-03,8.000000000000005e-03,-5.204170427930421e-18
18100,13,-7.000000000000000e-03,-7.000000000000000e-03,0.000000000000000e+00
18100,14,6.000000000000000e-03,5.999999999999989e-03,1.127570259384925e-17
18100,15,5.000000000000000e-03,5.000000000000011e-03,-1.040834085586084e-17
18100,16,-4.000000000000000e-03,-3.999999999999997e-03,-3.469446951953614e-18
18100,17,3.500000000000000e-03,3.499999999999999e-03,8.673617379884035e-19
18100,18,3.000000000000000e-03,2.999999999999996e-03,4.336808689942018e-18
18100,19,-2.500000000000000e-03,-2.500000000000007e-03,7.372574772901430e-18
18100,20,2.000000000000000e-03,2.000000000000004e-03,-3.903127820947816e-18
18100,21,1.800000000000000e-03,1.799999999999975e-03,2.493664996716660e-17
18100,22,-1.500000000000000e-03,-1.500000000000020e-03,1.994931997373328e-17
18100,23,1.200000000000000e-03,1.199999999999998e-03,2.168404344971009e-18
18100,24,1.000000000000000e-03,1.000000000000003e-03,-3.252606517456513e-18
18100,25,-8.000000000000000e-04,-7.999999999999900e-04,-1.008308020411519e-17
18100,26,5.999999999999999e-04,6.000000000000114e-04,-1.149254302834635e-17
18100,27,5.000000000000000e-04,4.999999999999901e-04,9.866239769618090e-18
18100,28,-4.000000000000000e-04,-4.000000000000054e-04,5.366800753803247e-18
18100,29,3.000000000000000e-04,3.000000000000040e-04,-4.065758146820642e-18
18200,0,1.200000000000000e-01,1.200000000000000e-01,-2.775557561562891e-17
18200,1,-8.000000000000000e-02,-8.000000000000000e-02,0.000000000000000e+00
18200,2,5.500000000000000e-02,5.500000000000001e-02,-6.938893903907228e-18
18200,3,4.000000000000000e-02,3.999999999999999e-02,6.938893903907228e-18
18200,4,-3.000000000000000e-02,-3.000000000000000e-02,-3.469446951953614e-18
18200,5,2.500000000000000e-02,2.499999999999999e-02,6.938893903907228e-18
18200,6,2.000000000000000e-02,1.999999999999999e-02,6.938893903907228e-18
18200,7,-1.800000000000000e-02,-1.799999999999999e-02,-1.040834085586084e-17
18200,8,1.500000000000000e-02,1.500000000000000e-02,0.000000000000000e+00
18200,9,1.200000000000000e-02,1.200000000000000e-02,-1.734723475976807e-18
18200,10,-1.000000000000000e-02,-9.999999999999998e-03,-1.734723475976807e-18
18200,11,8.999999999999999e-03,8.999999999999991e-03,8.673617379884035e-18
18200,12,8.000000000000000e-03,8.000000000000011e-03,-1.040834085586084e-17
18200,13,-7.000000000000000e-03,-7.000000000000012e-03,1.214306433183765e-17
18200,14,6.000000000000000e-03,6.000000000000004e-03,-3.469446951953614e-18
18200,15,5.000000000000000e-03,4.999999999999991e-03,9.540979117872439e-18
18200,16,-4.000000000000000e-03,-3.999999999999994e-03,-6.071532165918825e-18
18200,17,3.500000000000000e-03,3.499999999999996e-03,4.336808689942018e-18
18200,18,3.000000000000000e-03,3.000000000000007e-03,-6.938893903907228e-18
18200,19,-2.500000000000000e-03,-2.500000000000012e-03,1.170938346284345e-17
18200,20,2.000000000000000e-03,2.000000000000003e-03,-2.602085213965211e-18
18200,21,1.800000000000000e-03,1.800000000000001e-03,-8.673617379884035e-19
18200,22,-1.500000000000000e-03,-1.499999999999996e-03,-4.119968255444917e-18
18200,23,1.200000000000000e-03,1.199999999999983e-03,1.691355389077387e-17
18200,24,1.000000000000000e-03,1.000000000000014e-03,-1.431146867680866e-17
18200,25,-8.000000000000000e-04,-7.999999999999957e-04,-4.336808689942018e-18
18200,26,5.999999999999999e-04,6.000000000000126e-04,-1.268516541808040e-17
18200,27,5.000000000000000e-04,5.000000000000027e-04,-2.710505431213761e-18
18200,28,-4.000000000000000e-04,-3.999999999999842e-04,-1.582935171828836e-17
18200,29,3.000000000000000e-04,3.000000000000097e-04,-9.757819552369540e-18
18300,0,1.200000000000000e-01,1.200000000000000e-01,-2.775557561562891e-17
18300,1,-8.000000000000000e-02,-8.000000000000000e-02,0.000000000000000e+00
18300,2,5.500000000000000e-02,5.499999999999999e-02,6.938893903907228e-18
18300,3,4.000000000000000e-02,3.999999999999999e-02,1.387778780781446e-17
18300,4,-3.000000000000000e-02,-2.999999999999997e-02,-2.428612866367530e-17
18300,5,2.500000000000000e-02,2.500000000000000e-02,-3.469446951953614e-18
18300,6,2.000000000000000e-02,2.000000000000001e-02,-1.387778780781446e-17
18300,7,-1.800000000000000e-02,-1.800000000000001e-02,6.938893903907228e-18
18300,8,1.500000000000000e-02,1.500000000000002e-02,-1.908195823574488e-17
18300,9,1.200000000000000e-02,1.200000000000000e-02,-3.469446951953614e-18
18300,10,-1.000000000000000e-02,-9.999999999999995e-03,-5.204170427930421e-18
18300,11,8.999999999999999e-03,8.999999999999984e-03,1.561251128379126e-17
18300,12,8.000000000000000e-03,8.000000000000004e-03,-3.469446951953614e-18
18300,13,-7.000000000000000e-03,-7.000000000000004e-03,4.336808689942018e-18
18300,14,6.000000000000000e-03,5.999999999999998e-03,1.734723475976807e-18
18300,15,5.000000000000000e-03,5.000000000000003e-03,-2.602085213965211e-18
18300,16,-4.000000000000000e-03,-4.000000000000002e-03,1.734723475976807e-18
18300,17,3.500000000000000e-03,3.499999999999990e-03,1.040834085586084e-17
18300,18,3.000000000000000e-03,3.000000000000007e-03,-6.938893903907228e-18
18300,19,-2.500000000000000e-03,-2.500000000000003e-03,3.035766082959412e-18
18300,20,2.000000000000000e-03,1.999999999999997e-03,3.469446951953614e-18
18300,21,1.800000000000000e-03,1.800000000000000e-03,2.168404344971009e-19
18300,22,-1.500000000000000e-03,-1.500000000000009e-03,8.673617379884035e-18
18300,23,1.200000000000000e-03,1.200000000000000e-03,-2.168404344971009e-19
18300,24,1.000000000000000e-03,9.999999999999948e-04,5.204170427930421e-18
18300,25,-8.000000000000000e-04,-8.000000000000069e-04,6.830473686658678e-18
18300,26,5.999999999999999e-04,5.999999999999942e-04,5.746271514173174e-18
18300,27,5.000000000000000e-04,5.000000000000046e-04,-4.553649124439119e-18
18300,28,-4.000000000000000e-04,-4.000000000000068e-04,6.776263578034403e-18
18300,29,3.000000000000000e-04,3.000000000000031e-04,-3.144186300207963e-18
18400,0,1.200000000000000e-01,1.200000000000000e-01,-2.775557561562891e-17
18400,1,-8.000000000000000e-02,-7.999999999999999e-02,-1.387778780781446e-17
18400,2,5.500000000000000e-02,5.500000000000001e-02,-1.387778780781446e-17
18400,3,4.000000000000000e-02,4.000000000000001e-02,-6.938893903907228e-18
18400,4,-3.000000000000000e-02,-2.999999999999999e-02,-6.938893903907228e-18
18400,5,2.500000000000000e-02,2.500000000000001e-02,-1.040834085586084e-17
18400,6,2.000000000000000e-02,2.000000000000001e-02,-6.938893903907228e-18
18400,7,-1.800000000000000e-02,-1.799999999999999e-02,-1.040834085586084e-17
18400,8,1.500000000000000e-02,1.500000000000001e-02,-6.938893903907228e-18
18400,9,1.200000000000000e-02,1.200000000000001e-02,-1.214306433183765e-17
18400,10,-1.000000000000000e-02,-9.999999999999988e-03,-1.214306433183765e-17
18400,11,8.999999999999999e-03,8.999999999999991e-03,8.673617379884035e-18
18400,12,8.000000000000000e-03,8.000000000000002e-03,-1.734723475976807e-18
18400,13,-7.000000000000000e-03,-7.000000000000001e-03,8.673617379884035e-19
18400,14,6.000000000000000e-03,5.999999999999973e-03,2.688821387764051e-17
18400,15,5.000000000000000e-03,4.999999999999983e-03,1.734723475976807e-17
18400,16,-4.000000000000000e-03,-4.000000000000003e-03,2.602085213965211e-18
18400,17,3.500000000000000e-03,3.500000000000007e-03,-7.372574772901430e-18
18400,18,3.000000000000000e-03,3.000000000000010e-03,-9.540979117872439e-18
18400,19,-2.500000000000000e-03,-2.500000000000004e-03,4.336808689942018e-18
18400,20,2.000000000000000e-03,2.000000000000017e-03,-1.691355389077387e-17
18400,21,1.800000000000000e-03,1.799999999999996e-03,3.686287386450715e-18
18400,22,-1.500000000000000e-03,-1.500000000000020e-03,1.973247953923618e-17
18400,23,1.200000000000000e-03,1.200000000000015e-03,-1.517883041479706e-17
18400,24,1.000000000000000e-03,1.000000000000000e-03,0.000000000000000e+00
18400,25,-8.000000000000000e-04,-8.000000000000026e-04,2.602085213965211e-18
18400,26,5.999999999999999e-04,5.999999999999981e-04,1.843143693225358e-18
18400,27,5.000000000000000e-04,5.000000000000059e-04,-5.854691731421724e-18
18400,28,-4.000000000000000e-04,-4.000000000000140e-04,1.393199791643873e-17
18400,29,3.000000000000000e-04,2.999999999999999e-04,5.421010862427522e-20
18500,0,1.200000000000000e-01,1.200000000000000e-01,0.000000000000000e+00
18500,1,-8.000000000000000e-02,-8.000000000000002e-02,1.387778780781446e-17
18500,2,5.500000000000000e-02,5.499999999999997e-02,3.469446951953614e-17
18500,3,4.000000000000000e-02,3.999999999999999e-02,6.938893903907228e-18
18500,4,-3.000000000000000e-02,-3.000000000000001e-02,1.040834085586084e-17
18500,5,2.500000000000000e-02,2.500000000000000e-02,-3.469446951953614e-18
18500,6,2.000000000000000e-02,2.000000000000000e-02,-3.469446951953614e-18
18500,7,-1.800000000000000e-02,-1.800000000000001e-02,6.938893903907228e-18
18500,8,1.500000000000000e-02,1.500000000000000e-02,-5.204170427930421e-18
18500,9,1.200000000000000e-02,1.200000000000001e-02,-5.204170427930421e-18
18500,10,-1.000000000000000e-02,-1.000000000000000e-02,3.469446951953614e-18
18500,11,8.999999999999999e-03,8.999999999999992e-03,6.938893903907228e-18
18500,12,8.000000000000000e-03,7.999999999999997e-03,3.469446951953614e-18
18500,13,-7.000000000000000e-03,-6.999999999999983e-03,-1.734723475976807e-17
18500,14,6.000000000000000e-03,5.999999999999992e-03,7.806255641895632e-18
18500,15,5.000000000000000e-03,5.000000000000007e-03,-6.938893903907228e-18
18500,16,-4.000000000000000e-03,-3.999999999999988e-03,-1.214306433183765e-17
18500,17,3.500000000000000e-03,3.499999999999985e-03,1.517883041479706e-17
18500,18,3.000000000000000e-03,3.000000000000001e-03,-1.301042606982605e-18
18500,19,-2.500000000000000e-03,-2.499999999999994e-03,-5.637851296924623e-18
18500,20,2.000000000000000e-03,1.999999999999989e-03,1.084202172485504e-17
18500,21,1.800000000000000e-03,1.800000000000000e-03,2.168404344971009e-19
18500,22,-1.500000000000000e-03,-1.499999999999987e-03,-1.257674520083185e-17
18500,23,1.200000000000000e-03,1.200000000000018e-03,-1.843143693225358e-17
18500,24,1.000000000000000e-03,1.000000000000001e-03,-1.084202172485504e-18
18500,25,-8.000000000000000e-04,-8.000000000000010e-04,9.757819552369540e-19
18500,26,5.999999999999999e-04,5.999999999999831e-04,1.680513367352532e-17
18500,27,5.000000000000000e-04,5.000000000000028e-04,-2.818925648462312e-18
18500,28,-4.000000000000000e-04,-3.999999999999957e-04,-4.282598581317743e-18
18500,29,3.000000000000000e-04,2.999999999999916e-04,8.402566836762659e-18
18600,0,1.200000000000000e-01,1.200000000000000e-01,0.000000000000000e+00
18600,1,-8.000000000000000e-02,-8.000000000000002e-02,1.387778780781446e-17
18600,2,5.500000000000000e-02,5.500000000000000e-02,0.000000000000000e+00
18600,3,4.000000000000000e-02,4.000000000000001e-02,-6.938893903907228e-18
18600,4,-3.000000000000000e-02,-2.999999999999999e-02,-6.938893903907228e-18
18600,5,2.500000000000000e-02,2.499999999999999e-02,1.040834085586084e-17
18600,6,2.000000000000000e-02,1.999999999999999e-02,6.938893903907228e-18
18600,7,-1.800000000000000e-02,-1.800000000000000e-02,-3.469446951953614e-18
18600,8,1.500000000000000e-02,1.500000000000000e-02,3.469446951953614e-18
18600,9,1.200000000000000e-02,1.199999999999998e-02,1.734723475976807e-17
18600,10,-1.000000000000000e-02,-9.999999999999998e-03,-1.734723475976807e-18
18600,11,8.999999999999999e-03,8.999999999999994e-03,5.204170427930421e-18
18600,12,8.000000000000000e-03,8.000000000000011e-03,-1.040834085586084e-17
18600,13,-7.000000000000000e-03,-6.999999999999993e-03,-6.938893903907228e-18
18600,14,6.000000000000000e-03,5.999999999999995e-03,5.204170427930421e-18
18600,15,5.000000000000000e-03,4.999999999999998e-03,1.734723475976807e-18
18600,16,-4.000000000000000e-03,-3.999999999999993e-03,-6.938893903907228e-18
18600,17,3.500000000000000e-03,3.499999999999996e-03,3.903127820947816e-18
18600,18,3.000000000000000e-03,2.999999999999991e-03,9.107298248878237e-18
18600,19,-2.500000000000000e-03,-2.500000000000004e-03,4.336808689942018e-18
18600,20,2.000000000000000e-03,2.000000000000007e-03,-6.938893903907228e-18
18600,21,1.800000000000000e-03,1.800000000000005e-03,-4.987329993433320e-18
18600,22,-1.500000000000000e-03,-1.500000000000013e-03,1.257674520083185e-17
18600,23,1.200000000000000e-03,1.199999999999999e-03,4.336808689942018e-19
18600,24,1.000000000000000e-03,9.999999999999851e-04,1.496198998029996e-17
18600,25,-8.000000000000000e-04,-8.000000000000136e-04,1.355252715606881e-17
18600,26,5.999999999999999e-04,5.999999999999975e-04,2.493664996716660e-18
18600,27,5.000000000000000e-04,4.999999999999963e-04,3.686287386450715e-18
18600,28,-4.000000000000000e-04,-4.000000000000172e-04,1.718460443389525e-17
18600,29,3.000000000000000e-04,2.999999999999934e-04,6.613633252161577e-18
18700,0,1.200000000000000e-01,1.200000000000000e-01,2.775557561562891e-17
18700,1,-8.000000000000000e-02,-8.000000000000000e-02,0.000000000000000e+00
18700,2,5.500000000000000e-02,5.499999999999999e-02,1.387778780781446e-17
18700,3,4.000000000000000e-02,3.999999999999999e-02,6.938893903907228e-18
18700,4,-3.000000000000000e-02,-3.000000000000001e-02,1.040834085586084e-17
18700,5,2.500000000000000e-02,2.500000000000002e-02,-1.734723475976807e-17
18700,6,2.000000000000000e-02,2.000000000000000e-02,3.469446951953614e-18
18700,7,-1.800000000000000e-02,-1.800000000000000e-02,-3.469446951953614e-18
18700,8,1.500000000000000e-02,1.500000000000000e-02,1.734723475976807e-18
18700,9,1.200000000000000e-02,1.200000000000001e-02,-6.938893903907228e-18
18700,10,-1.000000000000000e-02,-9.999999999999993e-03,-6.938893903907228e-18
18700,11,8.999999999999999e-03,9.000000000000022e-03,-2.255140518769849e-17
18700,12,8.000000000000000e-03,7.999999999999993e-03,6.938893903907228e-18
18700,13,-7.000000000000000e-03,-7.000000000000010e-03,9.540979117872439e-18
18700,14,6.000000000000000e-03,5.999999999999984e-03,1.647987302177967e-17
18700,15,5.000000000000000e-03,4.999999999999991e-03,8.673617379884035e-18
18700,16,-4.000000000000000e-03,-4.000000000000000e-03,0.000000000000000e+00
18700,17,3.500000000000000e-03,3.499999999999999e-03,8.673617379884035e-19
18700,18,3.000000000000000e-03,2.999999999999984e-03,1.561251128379126e-17
18700,19,-2.500000000000000e-03,-2.500000000000021e-03,2.081668171172169e-17
18700,20,2.000000000000000e-03,1.999999999999995e-03,4.770489558936220e-18
18700,21,1.800000000000000e-03,1.800000000000011e-03,-1.149254302834635e-17
18700,22,-1.500000000000000e-03,-1.499999999999989e-03,-1.062518129035794e-17
18700,23,1.200000000000000e-03,1.200000000000018e-03,-1.778091562876227e-17
18700,24,1.000000000000000e-03,9.999999999999961e-04,3.903127820947816e-18
18700,25,-8.000000000000000e-04,-7.999999999999833e-04,-1.669671345627677e-17
18700,26,5.999999999999999e-04,6.000000000000097e-04,-9.757819552369540e-18
18700,27,5.000000000000000e-04,5.000000000000019e-04,-1.843143693225358e-18
18700,28,-4.000000000000000e-04,-4.000000000000138e-04,1.376936759056591e-17
18700,29,3.000000000000000e-04,2.999999999999924e-04,7.535205098774256e-18
18800,0,1.200000000000000e-01,1.200000000000000e-01,1.387778780781446e-17
18800,1,-8.000000000000000e-02,-8.000000000000000e-02,0.000000000000000e+00
18800,2,5.500000000000000e-02,5.500000000000000e-02,0.000000000000000e+00
18800,3,4.000000000000000e-02,3.999999999999999e-02,1.387778780781446e-17
18800,4,-3.000000000000000e-02,-3.000000000000000e-02,0.000000000000000e+00
18800,5,2.500000000000000e-02,2.499999999999999e-02,1.040834085586084e-17
18800,6,2.000000000000000e-02,2.000000000000001e-02,-1.040834085586084e-17
18800,7,-1.800000000000000e-02,-1.800000000000000e-02,0.000000000000000e+00
18800,8,1.500000000000000e-02,1.500000000000000e-02,1.734723475976807e-18
18800,9,1.200000000000000e-02,1.200000000000000e-02,-3.469446951953614e-18
18800,10,-1.000000000000000e-02,-1.000000000000000e-02,0.000000000000000e+00
18800,11,8.999999999999999e-03,9.000000000000008e-03,-8.673617379884035e-18
18800,12,8.000000000000000e-03,7.999999999999991e-03,8.673617379884035e-18
18800,13,-7.000000000000000e-03,-6.999999999999999e-03,-8.673617379884035e-19
18800,14,6.000000000000000e-03,5.999999999999997e-03,3.469446951953614e-18
18800,15,5.000000000000000e-03,5.000000000000001e-03,-8.673617379884035e-19
18800,16,-4.000000000000000e-03,-3.999999999999987e-03,-1.301042606982605e-17
18800,17,3.500000000000000e-03,3.500000000000010e-03,-9.540979117872439e-18
18800,18,3.000000000000000e-03,3.000000000000006e-03,-5.637851296924623e-18
18800,19,-2.500000000000000e-03,-2.499999999999999e-03,-1.301042606982605e-18
18800,20,2.000000000000000e-03,1.999999999999995e-03,5.204170427930421e-18
18800,21,1.800000000000000e-03,1.799999999999984e-03,1.582935171828836e-17
18800,22,-1.500000000000000e-03,-1.500000000000003e-03,3.252606517456513e-18
18800,23,1.200000000000000e-03,1.200000000000009e-03,-8.673617379884035e-18
18800,24,1.000000000000000e-03,1.000000000000005e-03,-4.770489558936220e-18
18800,25,-8.000000000000000e-04,-7.999999999999922e-04,-7.806255641895632e-18
18800,26,5.999999999999999e-04,6.000000000000046e-04,-4.662069341687669e-18
18800,27,5.000000000000000e-04,4.999999999999901e-04,9.866239769618090e-18
18800,28,-4.000000000000000e-04,-4.000000000000028e-04,2.764715539838036e-18
18800,29,3.000000000000000e-04,2.999999999999944e-04,5.529431079676073e-18
18900,0,1.200000000000000e-01,1.200000000000000e-01,1.387778780781446e-17
18900,1,-8.000000000000000e-02,-8.000000000000000e-02,0.000000000000000e+00
18900,2,5.500000000000000e-02,5.500000000000001e-02,-6.938893903907228e-18
18900,3,4.000000000000000e-02,4.000000000000000e-02,0.000000000000000e+00
18900,4,-3.000000000000000e-02,-2.999999999999999e-02,-6.938893903907228e-18
18900,5,2.500000000000000e-02,2.500000000000002e-02,-1.734723475976807e-17
18900,6,2.000000000000000e-02,2.000000000000001e-02,-1.387778780781446e-17
18900,7,-1.800000000000000e-02,-1.800000000000001e-02,6.938893903907228e-18
18900,8,1.500000000000000e-02,1.500000000000000e-02,1.734723475976807e-18
18900,9,1.200000000000000e-02,1.200000000000000e-02,1.734723475976807e-18
18900,10,-1.000000000000000e-02,-9.999999999999997e-03,-3.469446951953614e-18
18900,11,8.999999999999999e-03,9.000000000000003e-03,-3.469446951953614e-18
18900,12,8.000000000000000e-03,7.999999999999997e-03,3.469446951953614e-18
18900,13,-7.000000000000000e-03,-6.999999999999997e-03,-3.469446951953614e-18
18900,14,6.000000000000000e-03,6.000000000000001e-03,-8.673617379884035e-19
18900,15,5.000000000000000e-03,4.999999999999993e-03,6.938893903907228e-18
18900,16,-4.000000000000000e-03,-4.000000000000003e-03,2.602085213965211e-18
18900,17,3.500000000000000e-03,3.500000000000005e-03,-4.770489558936220e-18
18900,18,3.000000000000000e-03,2.999999999999994e-03,6.505213034913027e-18
18900,19,-2.500000000000000e-03,-2.499999999999989e-03,-1.084202172485504e-17
18900,20,2.000000000000000e-03,1.999999999999990e-03,1.040834085586084e-17
18900,21,1.800000000000000e-03,1.799999999999982e-03,1.843143693225358e-17
18900,22,-1.500000000000000e-03,-1.499999999999989e-03,-1.062518129035794e-17
18900,23,1.200000000000000e-03,1.199999999999995e-03,4.553649124439119e-18
18900,24,1.000000000000000e-03,1.000000000000005e-03,-4.553649124439119e-18
18900,25,-8.000000000000000e-04,-7.999999999999980e-04,-2.059984127722458e-18
18900,26,5.999999999999999e-04,5.999999999999976e-04,2.385244779468110e-18
18900,27,5.000000000000000e-04,4.999999999999975e-04,2.493664996716660e-18
18900,28,-4.000000000000000e-04,-4.000000000000001e-04,5.421010862427522e-20
18900,29,3.000000000000000e-04,2.999999999999967e-04,3.306816626080789e-18
19000,0,1.200000000000000e-01,1.200000000000000e-01,1.387778780781446e-17
19000,1,-8.000000000000000e-02,-8.000000000000000e-02,0.000000000000000e+00
19000,2,5.500000000000000e-02,5.500000000000001e-02,-6.938893903907228e-18
19000,3,4.000000000000000e-02,3.999999999999999e-02,6.938893903907228e-18
19000,4,-3.000000000000000e-02,-3.000000000000001e-02,1.040834085586084e-17
19000,5,2.500000000000000e-02,2.500000000000000e-02,0.000000000000000e+00
19000,6,2.000000000000000e-02,1.999999999999999e-02,1.387778780781446e-17
19000,7,-1.800000000000000e-02,-1.800000000000001e-02,1.040834085586084e-17
19000,8,1.500000000000000e-02,1.500000000000000e-02,3.469446951953614e-18
19000,9,1.200000000000000e-02,1.200000000000000e-02,0.000000000000000e+00
19000,10,-1.000000000000000e-02,-9.999999999999992e-03,-8.673617379884035e-18
19000,11,8.999999999999999e-03,8.999999999999996e-03,3.469446951953614e-18
19000,12,8.000000000000000e-03,7.999999999999983e-03,1.734723475976807e-17
19000,13,-7.000000000000000e-03,-6.999999999999996e-03,-4.336808689942018e-18
19000,14,6.000000000000000e-03,6.000000000000008e-03,-7.806255641895632e-18
19000,15,5.000000000000000e-03,4.999999999999987e-03,1.301042606982605e-17
19000,16,-4.000000000000000e-03,-4.000000000000004e-03,3.469446951953614e-18
19000,17,3.500000000000000e-03,3.500000000000016e-03,-1.604619215278547e-17
19000,18,3.000000000000000e-03,2.999999999999987e-03,1.344410693882025e-17
19000,19,-2.500000000000000e-03,-2.499999999999994e-03,-6.071532165918825e-18
19000,20,2.000000000000000e-03,1.999999999999990e-03,9.974659986866641e-18
19000,21,1.800000000000000e-03,1.799999999999992e-03,7.806255641895632e-18
19000,22,-1.500000000000000e-03,-1.500000000000003e-03,3.035766082959412e-18
19000,23,1.200000000000000e-03,1.200000000000010e-03,-9.757819552369540e-18
19000,24,1.000000000000000e-03,9.999999999999981e-04,1.951563910473908e-18
19000,25,-8.000000000000000e-04,-8.000000000000127e-04,1.268516541808040e-17
19000,26,5.999999999999999e-04,5.999999999999968e-04,3.144186300207963e-18
19000,27,5.000000000000000e-04,5.000000000000199e-04,-1.984089975648473e-17
19000,28,-4.000000000000000e-04,-3.999999999999993e-04,-7.047314121155779e-19
19000,29,3.000000000000000e-04,3.000000000000004e-04,-4.336808689942018e-19
19100,0,1.200000000000000e-01,1.200000000000000e-01,-1.387778780781446e-17
19100,1,-8.000000000000000e-02,-8.000000000000000e-02,0.000000000000000e+00
19100,2,5.500000000000000e-02,5.500000000000001e-02,-6.938893903907228e-18
19100,3,4.000000000000000e-02,4.000000000000001e-02,-6.938893903907228e-18
19100,4,-3.000000000000000e-02,-3.000000000000001e-02,6.938893903907228e-18
19100,5,2.500000000000000e-02,2.500000000000000e-02,-3.469446951953614e-18
19100,6,2.000000000000000e-02,2.000000000000000e-02,3.469446951953614e-18
19100,7,-1.800000000000000e-02,-1.799999999999997e-02,-2.428612866367530e-17
19100,8,1.500000000000000e-02,1.500000000000000e-02,3.469446951953614e-18
19100,9,1.200000000000000e-02,1.199999999999999e-02,8.673617379884035e-18
19100,10,-1.000000000000000e-02,-9.999999999999990e-03,-1.040834085586084e-17
19100,11,8.999999999999999e-03,8.999999999999994e-03,5.204170427930421e-18
19100,12,8.000000000000000e-03,7.999999999999991e-03,8.673617379884035e-18
19100,13,-7.000000000000000e-03,-6.999999999999998e-03,-2.602085213965211e-18
19100,14,6.000000000000000e-03,6.000000000000010e-03,-9.540979117872439e-18
19100,15,5.000000000000000e-03,5.000000000000013e-03,-1.301042606982605e-17
19100,16,-4.000000000000000e-03,-3.999999999999984e-03,-1.561251128379126e-17
19100,17,3.500000000000000e-03,3.499999999999992e-03,7.806255641895632e-18
19100,18,3.000000000000000e-03,3.000000000000002e-03,-1.734723475976807e-18
19100,19,-2.500000000000000e-03,-2.500000000000012e-03,1.214306433183765e-17
19100,20,2.000000000000000e-03,2.000000000000000e-03,4.336808689942018e-19
19100,21,1.800000000000000e-03,1.799999999999979e-03,2.081668171172169e-17
19100,22,-1.500000000000000e-03,-1.500000000000001e-03,1.301042606982605e-18
19100,23,1.200000000000000e-03,1.199999999999997e-03,2.818925648462312e-18
19100,24,1.000000000000000e-03,1.000000000000001e-03,-8.673617379884035e-19
19100,25,-8.000000000000000e-04,-7.999999999999919e-04,-8.131516293641283e-18
19100,26,5.999999999999999e-04,6.000000000000071e-04,-7.155734338404329e-18
19100,27,5.000000000000000e-04,5.000000000000099e-04,-9.866239769618090e-18
19100,28,-4.000000000000000e-04,-3.999999999999961e-04,-3.957337929572091e-18
19100,29,3.000000000000000e-04,2.999999999999974e-04,2.602085213965211e-18
19200,0,1.200000000000000e-01,1.200000000000000e-01,-1.387778780781446e-17
19200,1,-8.000000000000000e-02,-7.999999999999997e-02,-2.775557561562891e-17
19200,2,5.500000000000000e-02,5.500000000000001e-02,-1.387778780781446e-17
19200,3,4.000000000000000e-02,3.999999999999999e-02,1.387778780781446e-17
19200,4,-3.000000000000000e-02,-2.999999999999999e-02,-6.938893903907228e-18
19200,5,2.500000000000000e-02,2.500000000000004e-02,-3.816391647148976e-17
19200,6,2.000000000000000e-02,2.000000000000000e-02,-3.469446951953614e-18
19200,7,-1.800000000000000e-02,-1.799999999999998e-02,-2.081668171172169e-17
19200,8,1.500000000000000e-02,1.499999999999999e-02,8.673617379884035e-18
19200,9,1.200000000000000e-02,1.199999999999999e-02,1.387778780781446e-17
19200,10,-1.000000000000000e-02,-9.999999999999993e-03,-6.938893903907228e-18
19200,11,8.999999999999999e-03,8.999999999999989e-03,1.040834085586084e-17
19200,12,8.000000000000000e-03,7.999999999999986e-03,1.387778780781446e-17
19200,13,-7.000000000000000e-03,-6.999999999999993e-03,-6.938893903907228e-18
19200,14,6.000000000000000e-03,5.999999999999996e-03,4.336808689942018e-18
19200,15,5.000000000000000e-03,4.999999999999998e-03,2.602085213965211e-18
19200,16,-4.000000000000000e-03,-4.000000000000000e-03,0.000000000000000e+00
19200,17,3.500000000000000e-03,3.499999999999989e-03,1.127570259384925e-17
19200,18,3.000000000000000e-03,3.000000000000019e-03,-1.908195823574488e-17
19200,19,-2.500000000000000e-03,-2.500000000000008e-03,8.239936510889834e-18
19200,20,2.000000000000000e-03,2.000000000000001e-03,-8.673617379884035e-19
19200,21,1.800000000000000e-03,1.800000000000024e-03,-2.406928822917820e-17
19200,22,-1.500000000000000e-03,-1.500000000000003e-03,3.035766082959412e-18
19200,23,1.200000000000000e-03,1.200000000000005e-03,-5.421010862427522e-18
19200,24,1.000000000000000e-03,1.000000000000008e-03,-7.806255641895632e-18
19200,25,-8.000000000000000e-04,-8.000000000000132e-04,1.311884628707460e-17
19200,26,5.999999999999999e-04,6.000000000000025e-04,-2.602085213965211e-18
19200,27,5.000000000000000e-04,4.999999999999966e-04,3.361026734705064e-18
19200,28,-4.000000000000000e-04,-4.000000000000142e-04,1.420304845956011e-17
19200,29,3.000000000000000e-04,3.000000000000028e-04,-2.873135757086587e-18
19300,0,1.200000000000000e-01,1.200000000000000e-01,-1.387778780781446e-17
19300,1,-8.000000000000000e-02,-8.000000000000000e-02,0.000000000000000e+00
19300,2,5.500000000000000e-02,5.500000000000002e-02,-2.081668171172169e-17
19300,3,4.000000000000000e-02,4.000000000000000e-02,0.000000000000000e+00
19300,4,-3.000000000000000e-02,-3.000000000000002e-02,1.734723475976807e-17
19300,5,2.500000000000000e-02,2.499999999999999e-02,1.387778780781446e-17
19300,6,2.000000000000000e-02,1.999999999999999e-02,6.938893903907228e-18
19300,7,-1.800000000000000e-02,-1.799999999999999e-02,-6.938893903907228e-18
19300,8,1.500000000000000e-02,1.500000000000000e-02,3.469446951953614e-18
19300,9,1.200000000000000e-02,1.200000000000001e-02,-1.387778780781446e-17
19300,10,-1.000000000000000e-02,-1.000000000000000e-02,3.469446951953614e-18
19300,11,8.999999999999999e-03,8.999999999999992e-03,6.938893903907228e-18
19300,12,8.000000000000000e-03,7.999999999999997e-03,3.469446951953614e-18
19300,13,-7.000000000000000e-03,-7.000000000000019e-03,1.908195823574488e-17
19300,14,6.000000000000000e-03,5.999999999999991e-03,9.540979117872439e-18
19300,15,5.000000000000000e-03,5.000000000000006e-03,-6.071532165918825e-18
19300,16,-4.000000000000000e-03,-4.000000000000002e-03,1.734723475976807e-18
19300,17,3.500000000000000e-03,3.499999999999982e-03,1.778091562876227e-17
19300,18,3.000000000000000e-03,3.000000000000017e-03,-1.734723475976807e-17
19300,19,-2.500000000000000e-03,-2.500000000000001e-03,1.301042606982605e-18
19300,20,2.000000000000000e-03,2.000000000000007e-03,-6.505213034913027e-18
19300,21,1.800000000000000e-03,1.799999999999990e-03,9.974659986866641e-18
19300,22,-1.500000000000000e-03,-1.500000000000011e-03,1.062518129035794e-17
19300,23,1.200000000000000e-03,1.199999999999996e-03,3.903127820947816e-18
19300,24,1.000000000000000e-03,9.999999999999939e-04,6.071532165918825e-18
19300,25,-8.000000000000000e-04,-8.000000000000112e-04,1.116728237660070e-17
19300,26,5.999999999999999e-04,6.000000000000042e-04,-4.228388472693467e-18
19300,27,5.000000000000000e-04,4.999999999999964e-04,3.577867169202165e-18
19300,28,-4.000000000000000e-04,-3.999999999999897e-04,-1.035413074723657e-17
19300,29,3.000000000000000e-04,3.000000000000007e-04,-7.589415207398531e-19
19400,0,1.200000000000000e-01,1.200000000000000e-01,-1.387778780781446e-17
19400,1,-8.000000000000000e-02,-8.000000000000000e-02,0.000000000000000e+00
19400,2,5.500000000000000e-02,5.500000000000000e-02,0.000000000000000e+00
19400,3,4.000000000000000e-02,3.999999999999999e-02,1.387778780781446e-17
19400,4,-3.000000000000000e-02,-2.999999999999999e-02,-6.938893903907228e-18
19400,5,2.500000000000000e-02,2.500000000000000e-02,3.469446951953614e-18
19400,6,2.000000000000000e-02,2.000000000000001e-02,-6.938893903907228e-18
19400,7,-1.800000000000000e-02,-1.800000000000001e-02,6.938893903907228e-18
19400,8,1.500000000000000e-02,1.500000000000000e-02,1.734723475976807e-18
19400,9,1.200000000000000e-02,1.199999999999999e-02,6.938893903907228e-18
19400,10,-1.000000000000000e-02,-9.999999999999998e-03,-1.734723475976807e-18
19400,11,8.999999999999999e-03,9.000000000000001e-03,-1.734723475976807e-18
19400,12,8.000000000000000e-03,7.999999999999997e-03,3.469446951953614e-18
19400,13,-7.000000000000000e-03,-6.999999999999993e-03,-6.938893903907228e-18
19400,14,6.000000000000000e-03,6.000000000000000e-03,0.000000000000000e+00
19400,15,5.000000000000000e-03,5.000000000000002e-03,-1.734723475976807e-18
19400,16,-4.000000000000000e-03,-4.000000000000011e-03,1.127570259384925e-17
19400,17,3.500000000000000e-03,3.500000000000001e-03,-8.673617379884035e-19
19400,18,3.000000000000000e-03,2.999999999999978e-03,2.255140518769849e-17
19400,19,-2.500000000000000e-03,-2.499999999999995e-03,-5.204170427930421e-18
19400,20,2.000000000000000e-03,2.000000000000005e-03,-5.204170427930421e-18
19400,21,1.800000000000000e-03,1.799999999999989e-03,1.062518129035794e-17
19400,22,-1.500000000000000e-03,-1.500000000000002e-03,1.951563910473908e-18
19400,23,1.200000000000000e-03,1.199999999999999e-03,8.673617379884035e-19
19400,24,1.000000000000000e-03,9.999999999999953e-04,4.770489558936220e-18
19400,25,-8.000000000000000e-04,-8.000000000000113e-04,1.127570259384925e-17
19400,26,5.999999999999999e-04,5.999999999999992e-04,7.589415207398531e-19
19400,27,5.000000000000000e-04,4.999999999999976e-04,2.385244779468110e-18
19400,28,-4.000000000000000e-04,-3.999999999999970e-04,-2.981555974335137e-18
19400,29,3.000000000000000e-04,3.000000000000036e-04,-3.632077277826440e-18
19500,0,1.200000000000000e-01,1.200000000000000e-01,0.000000000000000e+00
19500,1,-8.000000000000000e-02,-8.000000000000000e-02,0.000000000000000e+00
19500,2,5.500000000000000e-02,5.499999999999999e-02,6.938893903907228e-18
19500,3,4.000000000000000e-02,4.000000000000001e-02,-1.387778780781446e-17
19500,4,-3.000000000000000e-02,-3.000000000000001e-02,1.040834085586084e-17
19500,5,2.500000000000000e-02,2.499999999999999e-02,6.938893903907228e-18
19500,6,2.000000000000000e-02,1.999999999999998e-02,1.734723475976807e-17
19500,7,-1.800000000000000e-02,-1.800000000000001e-02,1.040834085586084e-17
19500,8,1.500000000000000e-02,1.500000000000002e-02,-1.561251128379126e-17
19500,9,1.200000000000000e-02,1.200000000000001e-02,-1.040834085586084e-17
19500,10,-1.000000000000000e-02,-1.000000000000002e-02,2.081668171172169e-17
19500,11,8.999999999999999e-03,9.000000000000011e-03,-1.214306433183765e-17
19500,12,8.000000000000000e-03,7.999999999999997e-03,3.469446951953614e-18
19500,13,-7.000000000000000e-03,-7.000000000000021e-03,2.081668171172169e-17
19500,14,6.000000000000000e-03,5.999999999999999e-03,8.673617379884035e-19
19500,15,5.000000000000000e-03,5.000000000000003e-03,-2.602085213965211e-18
19500,16,-4.000000000000000e-03,-4.000000000000000e-03,0.000000000000000e+00
19500,17,3.500000000000000e-03,3.500000000000013e-03,-1.257674520083185e-17
19500,18,3.000000000000000e-03,3.000000000000003e-03,-2.602085213965211e-18
19500,19,-2.500000000000000e-03,-2.500000000000021e-03,2.081668171172169e-17
19500,20,2.000000000000000e-03,1.999999999999971e-03,2.949029909160572e-17
19500,21,1.800000000000000e-03,1.800000000000000e-03,2.168404344971009e-19
19500,22,-1.500000000000000e-03,-1.500000000000004e-03,4.119968255444917e-18
19500,23,1.200000000000000e-03,1.199999999999992e-03,8.023096076392733e-18
19500,24,1.000000000000000e-03,1.000000000000008e-03,-7.589415207398531e-18
19500,25,-8.000000000000000e-04,-7.999999999999881e-04,-1.192622389734055e-17
19500,26,5.999999999999999e-04,6.000000000000094e-04,-9.432558900623889e-18
19500,27,5.000000000000000e-04,4.999999999999956e-04,4.445228907190568e-18
19500,28,-4.000000000000000e-04,-4.000000000000000e-04,-5.421010862427522e-20
19500,29,3.000000000000000e-04,3.000000000000015e-04,-1.517883041479706e-18
19600,0,1.200000000000000e-01,1.200000000000000e-01,1.387778780781446e-17
19600,1,-8.000000000000000e-02,-8.000000000000002e-02,1.387778780781446e-17
19600,2,5.500000000000000e-02,5.500000000000000e-02,0.000000000000000e+00
19600,3,4.000000000000000e-02,4.000000000000001e-02,-6.938893903907228e-18
19600,4,-3.000000000000000e-02,-3.000000000000000e-02,0.000000000000000e+00
19600,5,2.500000000000000e-02,2.499999999999998e-02,1.734723475976807e-17
19600,6,2.000000000000000e-02,2.000000000000000e-02,-3.469446951953614e-18
19600,7,-1.800000000000000e-02,-1.800000000000000e-02,0.000000000000000e+00
19600,8,1.500000000000000e-02,1.500000000000001e-02,-1.214306433183765e-17
19600,9,1.200000000000000e-02,1.200000000000000e-02,-1.734723475976807e-18
19600,10,-1.000000000000000e-02,-1.000000000000002e-02,1.561251128379126e-17
19600,11,8.999999999999999e-03,8.999999999999999e-03,0.000000000000000e+00
19600,12,8.000000000000000e-03,8.000000000000011e-03,-1.040834085586084e-17
19600,13,-7.000000000000000e-03,-7.000000000000011e-03,1.040834085586084e-17
19600,14,6.000000000000000e-03,6.000000000000005e-03,-5.204170427930421e-18
19600,15,5.000000000000000e-03,5.000000000000001e-03,-8.673617379884035e-19
19600,16,-4.000000000000000e-03,-4.000000000000007e-03,6.938893903907228e-18
19600,17,3.500000000000000e-03,3.500000000000016e-03,-1.604619215278547e-17
19600,18,3.000000000000000e-03,2.999999999999986e-03,1.387778780781446e-17
19600,19,-2.500000000000000e-03,-2.500000000000009e-03,9.107298248878237e-18
19600,20,2.000000000000000e-03,1.999999999999985e-03,1.474514954580286e-17
19600,21,1.800000000000000e-03,1.799999999999993e-03,6.722053469410127e-18
19600,22,-1.500000000000000e-03,-1.500000000000002e-03,2.385244779468110e-18
19600,23,1.200000000000000e-03,1.200000000000004e-03,-4.119968255444917e-18
19600,24,1.000000000000000e-03,9.999999999999913e-04,8.673617379884035e-18
19600,25,-8.000000000000000e-04,-8.000000000000049e-04,4.878909776184770e-18
19600,26,5.999999999999999e-04,6.000000000000024e-04,-2.493664996716660e-18
19600,27,5.000000000000000e-04,5.000000000000013e-04,-1.301042606982605e-18
19600,28,-4.000000000000000e-04,-4.000000000000063e-04,6.288372600415926e-18
19600,29,3.000000000000000e-04,3.000000000000169e-04,-1.691355389077387e-17
19700,0,1.200000000000000e-01,1.200000000000000e-01,-2.775557561562891e-17
19700,1,-8.000000000000000e-02,-8.000000000000000e-02,0.000000000000000e+00
19700,2,5.500000000000000e-02,5.499999999999999e-02,6.938893903907228e-18
19700,3,4.000000000000000e-02,4.000000000000000e-02,0.000000000000000e+00
19700,4,-3.000000000000000e-02,-2.999999999999999e-02,-1.040834085586084e-17
19700,5,2.500000000000000e-02,2.500000000000000e-02,-3.469446951953614e-18
19700,6,2.000000000000000e-02,2.000000000000000e-02,0.000000000000000e+00
19700,7,-1.800000000000000e-02,-1.800000000000000e-02,-3.469446951953614e-18
19700,8,1.500000000000000e-02,1.500000000000000e-02,3.469446951953614e-18
19700,9,1.200000000000000e-02,1.200000000000001e-02,-5.204170427930421e-18
19700,10,-1.000000000000000e-02,-9.999999999999997e-03,-3.469446951953614e-18
19700,11,8.999999999999999e-03,8.999999999999999e-03,0.000000000000000e+00
19700,12,8.000000000000000e-03,7.999999999999993e-03,6.938893903907228e-18
19700,13,-7.000000000000000e-03,-7.000000000000004e-03,3.469446951953614e-18
19700,14,6.000000000000000e-03,5.999999999999985e-03,1.474514954580286e-17
19700,15,5.000000000000000e-03,5.000000000000022e-03,-2.168404344971009e-17
19700,16,-4.000000000000000e-03,-4.000000000000015e-03,1.474514954580286e-17
19700,17,3.500000000000000e-03,3.499999999999996e-03,4.336808689942018e-18
19700,18,3.000000000000000e-03,3.000000000000007e-03,-6.505213034913027e-18
19700,19,-2.500000000000000e-03,-2.500000000000004e-03,3.903127820947816e-18
19700,20,2.000000000000000e-03,1.999999999999989e-03,1.127570259384925e-17
19700,21,1.800000000000000e-03,1.799999999999987e-03,1.301042606982605e-17
19700,22,-1.500000000000000e-03,-1.500000000000000e-03,-4.336808689942018e-19
19700,23,1.200000000000000e-03,1.200000000000013e-03,-1.322726650432315e-17
19700,24,1.000000000000000e-03,9.999999999999948e-04,5.204170427930421e-18
19700,25,-8.000000000000000e-04,-7.999999999999857e-04,-1.431146867680866e-17
19700,26,5.999999999999999e-04,5.999999999999988e-04,1.192622389734055e-18
19700,27,5.000000000000000e-04,4.999999999999892e-04,1.084202172485504e-17
19700,28,-4.000000000000000e-04,-4.000000000000097e-04,9.703609443745265e-18
19700,29,3.000000000000000e-04,3.000000000000128e-04,-1.284779574395323e-17
19800,0,1.200000000000000e-01,1.200000000000000e-01,0.000000000000000e+00
19800,1,-8.000000000000000e-02,-7.999999999999997e-02,-2.775557561562891e-17
19800,2,5.500000000000000e-02,5.499999999999999e-02,6.938893903907228e-18
19800,3,4.000000000000000e-02,4.000000000000001e-02,-6.938893903907228e-18
19800,4,-3.000000000000000e-02,-2.999999999999999e-02,-1.040834085586084e-17
19800,5,2.500000000000000e-02,2.499999999999999e-02,6.938893903907228e-18
19800,6,2.000000000000000e-02,2.000000000000000e-02,-3.469446951953614e-18
19800,7,-1.800000000000000e-02,-1.799999999999998e-02,-1.387778780781446e-17
19800,8,1.500000000000000e-02,1.500000000000001e-02,-6.938893903907228e-18
19800,9,1.200000000000000e-02,1.200000000000000e-02,5.204170427930421e-18
19800,10,-1.000000000000000e-02,-1.000000000000000e-02,0.000000000000000e+00
19800,11,8.999999999999999e-03,8.999999999999999e-03,0.000000000000000e+00
19800,12,8.000000000000000e-03,7.999999999999991e-03,8.673617379884035e-18
19800,13,-7.000000000000000e-03,-6.999999999999993e-03,-6.938893903907228e-18
19800,14,6.000000000000000e-03,5.999999999999993e-03,6.938893903907228e-18
19800,15,5.000000000000000e-03,4.999999999999984e-03,1.561251128379126e-17
19800,16,-4.000000000000000e-03,-3.999999999999990e-03,-1.040834085586084e-17
19800,17,3.500000000000000e-03,3.499999999999992e-03,7.806255641895632e-18
19800,18,3.000000000000000e-03,2.999999999999999e-03,8.673617379884035e-19
19800,19,-2.500000000000000e-03,-2.499999999999994e-03,-6.505213034913027e-18
19800,20,2.000000000000000e-03,2.000000000000001e-03,-8.673617379884035e-19
19800,21,1.800000000000000e-03,1.800000000000003e-03,-2.818925648462312e-18
19800,22,-1.500000000000000e-03,-1.500000000000008e-03,7.806255641895632e-18
19800,23,1.200000000000000e-03,1.200000000000010e-03,-1.040834085586084e-17
19800,24,1.000000000000000e-03,9.999999999999992e-04,8.673617379884035e-19
19800,25,-8.000000000000000e-04,-8.000000000000052e-04,5.204170427930421e-18
19800,26,5.999999999999999e-04,6.000000000000028e-04,-2.818925648462312e-18
19800,27,5.000000000000000e-04,5.000000000000141e-04,-1.409462824231156e-17
19800,28,-4.000000000000000e-04,-3.999999999999959e-04,-4.119968255444917e-18
19800,29,3.000000000000000e-04,2.999999999999908e-04,9.215718466126788e-18
19900,0,1.200000000000000e-01,1.200000000000000e-01,-2.775557561562891e-17
19900,1,-8.000000000000000e-02,-7.999999999999999e-02,-1.387778780781446e-17
19900,2,5.500000000000000e-02,5.500000000000002e-02,-2.081668171172169e-17
19900,3,4.000000000000000e-02,4.000000000000002e-02,-2.081668171172169e-17
19900,4,-3.000000000000000e-02,-3.000000000000000e-02,0.000000000000000e+00
19900,5,2.500000000000000e-02,2.499999999999998e-02,2.081668171172169e-17
19900,6,2.000000000000000e-02,2.000000000000000e-02,0.000000000000000e+00
19900,7,-1.800000000000000e-02,-1.800000000000000e-02,-3.469446951953614e-18
19900,8,1.500000000000000e-02,1.500000000000000e-02,-3.469446951953614e-18
19900,9,1.200000000000000e-02,1.199999999999999e-02,8.673617379884035e-18
19900,10,-1.000000000000000e-02,-1.000000000000000e-02,3.469446951953614e-18
19900,11,8.999999999999999e-03,9.000000000000001e-03,-1.734723475976807e-18
19900,12,8.000000000000000e-03,8.000000000000007e-03,-6.938893903907228e-18
19900,13,-7.000000000000000e-03,-7.000000000000007e-03,6.938893903907228e-18
19900,14,6.000000000000000e-03,5.999999999999990e-03,1.040834085586084e-17
19900,15,5.000000000000000e-03,5.000000000000007e-03,-6.938893903907228e-18
19900,16,-4.000000000000000e-03,-4.000000000000004e-03,3.469446951953614e-18
19900,17,3.500000000000000e-03,3.500000000000004e-03,-3.469446951953614e-18
19900,18,3.000000000000000e-03,3.000000000000000e-03,-4.336808689942018e-19
19900,19,-2.500000000000000e-03,-2.500000000000001e-03,1.301042606982605e-18
19900,20,2.000000000000000e-03,2.000000000000010e-03,-9.974659986866641e-18
19900,21,1.800000000000000e-03,1.800000000000022e-03,-2.233456475320139e-17
19900,22,-1.500000000000000e-03,-1.500000000000010e-03,9.540979117872439e-18
19900,23,1.200000000000000e-03,1.200000000000003e-03,-2.818925648462312e-18
19900,24,1.000000000000000e-03,9.999999999999950e-04,4.987329993433320e-18
19900,25,-8.000000000000000e-04,-7.999999999999949e-04,-5.095750210681871e-18
19900,26,5.999999999999999e-04,5.999999999999990e-04,9.757819552369540e-19
19900,27,5.000000000000000e-04,5.000000000000074e-04,-7.372574772901430e-18
19900,28,-4.000000000000000e-04,-4.000000000000117e-04,1.170938346284345e-17
19900,29,3.000000000000000e-04,2.999999999999945e-04,5.475220971051797e-18
20000,0,1.200000000000000e-01,1.200000000000000e-01,-2.775557561562891e-17
20000,1,-8.000000000000000e-02,-7.999999999999997e-02,-2.775557561562891e-17
20000,2,5.500000000000000e-02,5.500000000000001e-02,-6.938893903907228e-18
20000,3,4.000000000000000e-02,4.000000000000001e-02,-1.387778780781446e-17
20000,4,-3.000000000000000e-02,-3.000000000000002e-02,1.734723475976807e-17
20000,5,2.500000000000000e-02,2.500000000000000e-02,-3.469446951953614e-18
20000,6,2.000000000000000e-02,1.999999999999999e-02,1.040834085586084e-17
20000,7,-1.800000000000000e-02,-1.799999999999998e-02,-2.081668171172169e-17
20000,8,1.500000000000000e-02,1.500000000000003e-02,-2.602085213965211e-17
20000,9,1.200000000000000e-02,1.200000000000001e-02,-6.938893903907228e-18
20000,10,-1.000000000000000e-02,-9.999999999999998e-03,-1.734723475976807e-18
20000,11,8.999999999999999e-03,8.999999999999996e-03,3.469446951953614e-18
20000,12,8.000000000000000e-03,8.000000000000007e-03,-6.938893903907228e-18
20000,13,-7.000000000000000e-03,-7.000000000000003e-03,2.602085213965211e-18
20000,14,6.000000000000000e-03,6.000000000000002e-03,-1.734723475976807e-18
20000,15,5.000000000000000e-03,5.000000000000003e-03,-2.602085213965211e-18
20000,16,-4.000000000000000e-03,-4.000000000000001e-03,8.673617379884035e-19
20000,17,3.500000000000000e-03,3.500000000000017e-03,-1.647987302177967e-17
20000,18,3.000000000000000e-03,2.999999999999988e-03,1.214306433183765e-17
20000,19,-2.500000000000000e-03,-2.499999999999988e-03,-1.170938346284345e-17
20000,20,2.000000000000000e-03,2.000000000000009e-03,-9.107298248878237e-18
20000,21,1.800000000000000e-03,1.800000000000001e-03,-1.084202172485504e-18
20000,22,-1.500000000000000e-03,-1.500000000000009e-03,9.324138683375338e-18
20000,23,1.200000000000000e-03,1.200000000000009e-03,-8.673617379884035e-18
20000,24,1.000000000000000e-03,9.999999999999979e-04,2.168404344971009e-18
20000,25,-8.000000000000000e-04,-7.999999999999862e-04,-1.387778780781446e-17
20000,26,5.999999999999999e-04,5.999999999999956e-04,4.336808689942018e-18
20000,27,5.000000000000000e-04,5.000000000000133e-04,-1.333568672157170e-17
20000,28,-4.000000000000000e-04,-4.000000000000073e-04,7.264154555652880e-18
20000,29,3.000000000000000e-04,2.999999999999920e-04,7.968885967768458e-18
