n,i,h,w,h_minus_w
100,0,1.200000000000000e-01,1.058521094299166e-02,1.094147890570083e-01
100,1,-8.000000000000000e-02,-5.635172345100038e-03,-7.436482765489996e-02
100,2,5.500000000000000e-02,4.286939764879423e-03,5.071306023512058e-02
100,3,4.000000000000000e-02,2.426332023332923e-03,3.757366797666708e-02
100,4,-3.000000000000000e-02,-1.720184816533156e-03,-2.827981518346684e-02
100,5,2.500000000000000e-02,3.824273598858802e-03,2.117572640114120e-02
100,6,2.000000000000000e-02,-7.342481141857729e-05,2.007342481141858e-02
100,7,-1.800000000000000e-02,-3.143525301860230e-04,-1.768564746981397e-02
100,8,1.500000000000000e-02,1.103805883150399e-03,1.389619411684960e-02
100,9,1.200000000000000e-02,-1.241444030650565e-03,1.324144403065057e-02
100,10,-1.000000000000000e-02,-2.583316962850673e-04,-9.741668303714934e-03
100,11,8.999999999999999e-03,5.674708053546440e-04,8.432529194645355e-03
100,12,8.000000000000000e-03,-1.431424988279491e-03,9.431424988279490e-03
100,13,-7.000000000000000e-03,1.277612975793506e-03,-8.277612975793505e-03
100,14,6.000000000000000e-03,-1.810456330228267e-03,7.810456330228267e-03
100,15,5.000000000000000e-03,-6.115484482773829e-04,5.611548448277383e-03
100,16,-4.000000000000000e-03,1.810321779118274e-03,-5.810321779118274e-03
100,17,3.500000000000000e-03,-2.182661595550371e-03,5.682661595550371e-03
100,18,3.000000000000000e-03,1.872715573850947e-03,1.127284426149053e-03
100,19,-2.500000000000000e-03,-3.867029355936391e-04,-2.113297064406361e-03
100,20,2.000000000000000e-03,-1.763984323302268e-04,2.176398432330227e-03
100,21,1.800000000000000e-03,-5.688328431560182e-04,2.368832843156018e-03
100,22,-1.500000000000000e-03,-3.012567625318133e-04,-1.198743237468187e-03
100,23,1.200000000000000e-03,-3.411067402152240e-04,1.541106740215224e-03
100,24,1.000000000000000e-03,-1.282644936148017e-03,2.282644936148017e-03
100,25,-8.000000000000000e-04,6.091980963140606e-04,-1.409198096314061e-03
100,26,5.999999999999999e-04,-1.490215728421065e-03,2.090215728421065e-03
100,27,5.000000000000000e-04,8.242038176604057e-04,-3.242038176604057e-04
100,28,-4.000000000000000e-04,-7.854403457651269e-04,3.854403457651269e-04
100,29,3.000000000000000e-04,-6.519423234107078e-05,3.651942323410708e-04
200,0,1.200000000000000e-01,2.463942337927539e-02,9.536057662072460e-02
200,1,-8.000000000000000e-02,-1.520104012130468e-02,-6.479895987869533e-02
200,2,5.500000000000000e-02,9.063825408205209e-03,4.593617459179479e-02
200,3,4.000000000000000e-02,8.776067897969947e-03,3.122393210203005e-02
200,4,-3.000000000000000e-02,-6.868239981756206e-03,-2.313176001824379e-02
200,5,2.500000000000000e-02,7.967214901455029e-03,1.703278509854497e-02
200,6,2.000000000000000e-02,2.151154872474875e-03,1.784884512752512e-02
200,7,-1.800000000000000e-02,-3.426851755796180e-03,-1.457314824420382e-02
200,8,1.500000000000000e-02,4.606147194702034e-03,1.039385280529797e-02
200,9,1.200000000000000e-02,-1.868883717366901e-03,1.386888371736690e-02
200,10,-1.000000000000000e-02,-3.624650336286740e-04,-9.637534966371326e-03
200,11,8.999999999999999e-03,4.501761382891316e-03,4.498238617108683e-03
200,12,8.000000000000000e-03,-3.113557620003619e-03,1.111355762000362e-02
200,13,-7.000000000000000e-03,-2.969139540608391e-04,-6.703086045939161e-03
200,14,6.000000000000000e-03,1.067160798656095e-03,4.932839201343905e-03
200,15,5.000000000000000e-03,-2.003786160130201e-03,7.003786160130201e-03
200,16,-4.000000000000000e-03,8.620150074368736e-04,-4.862015007436874e-03
200,17,3.500000000000000e-03,-3.376228294803859e-04,3.837622829480386e-03
200,18,3.000000000000000e-03,-3.762032137950943e-04,3.376203213795094e-03
200,19,-2.500000000000000e-03,6.424976981553698e-04,-3.142497698155370e-03
200,20,2.000000000000000e-03,-9.045900323082547e-04,2.904590032308255e-03
200,21,1.800000000000000e-03,-6.232076706478613e-04,2.423207670647861e-03
200,22,-1.500000000000000e-03,1.060202929045274e-03,-2.560202929045274e-03
200,23,1.200000000000000e-03,-2.058756315200513e-03,3.258756315200513e-03
200,24,1.000000000000000e-03,-2.243125738531858e-03,3.243125738531858e-03
200,25,-8.000000000000000e-04,4.073199080340444e-04,-1.207319908034044e-03
200,26,5.999999999999999e-04,-2.851648570105623e-03,3.451648570105623e-03
200,27,5.000000000000000e-04,1.536290511306732e-03,-1.036290511306732e-03
200,28,-4.000000000000000e-04,-1.641518509085965e-03,1.241518509085965e-03
200,29,3.000000000000000e-04,-2.270831692040173e-03,2.570831692040173e-03
300,0,1.200000000000000e-01,3.452910778396486e-02,8.547089221603513e-02
300,1,-8.000000000000000e-02,-2.029079555983800e-02,-5.970920444016201e-02
300,2,5.500000000000000e-02,1.403424989951208e-02,4.096575010048792e-02
300,3,4.000000000000000e-02,1.347246352533238e-02,2.652753647466762e-02
300,4,-3.000000000000000e-02,-9.743958940194744e-03,-2.025604105980525e-02
300,5,2.500000000000000e-02,1.090140053076342e-02,1.409859946923658e-02
300,6,2.000000000000000e-02,5.028559785868042e-03,1.497144021413196e-02
300,7,-1.800000000000000e-02,-5.281604893835319e-03,-1.271839510616468e-02
300,8,1.500000000000000e-02,7.366331914630623e-03,7.633668085369376e-03
300,9,1.200000000000000e-02,8.030962638793500e-05,1.191969037361207e-02
300,10,-1.000000000000000e-02,-2.247632119975598e-03,-7.752367880024402e-03
300,11,8.999999999999999e-03,6.202832228753644e-03,2.797167771246356e-03
300,12,8.000000000000000e-03,-2.002249175733985e-03,1.000224917573398e-02
300,13,-7.000000000000000e-03,-1.412144899889311e-03,-5.587855100110689e-03
300,14,6.000000000000000e-03,2.921070334611877e-03,3.078929665388123e-03
300,15,5.000000000000000e-03,-1.193519937525376e-03,6.193519937525377e-03
300,16,-4.000000000000000e-03,6.020792246499199e-04,-4.602079224649920e-03
300,17,3.500000000000000e-03,1.105825221721665e-03,2.394174778278335e-03
300,18,3.000000000000000e-03,3.262333805780069e-04,2.673766619421993e-03
300,19,-2.500000000000000e-03,1.069844523772187e-04,-2.606984452377219e-03
300,20,2.000000000000000e-03,9.792040302579171e-04,1.020795969742083e-03
300,21,1.800000000000000e-03,-1.046242502766425e-03,2.846242502766425e-03
300,22,-1.500000000000000e-03,2.486095933761138e-03,-3.986095933761138e-03
300,23,1.200000000000000e-03,-3.187900120070026e-03,4.387900120070025e-03
300,24,1.000000000000000e-03,-1.205645484503944e-03,2.205645484503944e-03
300,25,-8.000000000000000e-04,1.462196453905833e-03,-2.262196453905833e-03
300,26,5.999999999999999e-04,-3.181727056736645e-03,3.781727056736645e-03
300,27,5.000000000000000e-04,2.049583491053888e-03,-1.549583491053888e-03
300,28,-4.000000000000000e-04,7.950913932416065e-04,-1.195091393241607e-03
300,29,3.000000000000000e-04,-2.867667840218589e-03,3.167667840218589e-03
400,0,1.200000000000000e-01,4.433448213957612e-02,7.566551786042387e-02
400,1,-8.000000000000000e-02,-2.932880214313389e-02,-5.067119785686611e-02
400,2,5.500000000000000e-02,1.906914738550178e-02,3.593085261449822e-02
400,3,4.000000000000000e-02,1.844986759928102e-02,2.155013240071898e-02
400,4,-3.000000000000000e-02,-1.406967606524523e-02,-1.593032393475477e-02
400,5,2.500000000000000e-02,1.219252696788251e-02,1.280747303211749e-02
400,6,2.000000000000000e-02,9.738285447127428e-03,1.026171455287257e-02
400,7,-1.800000000000000e-02,-9.618137787958113e-03,-8.381862212041886e-03
400,8,1.500000000000000e-02,7.667107836376397e-03,7.332892163623602e-03
400,9,1.200000000000000e-02,3.582118268284524e-03,8.417881731715477e-03
400,10,-1.000000000000000e-02,-5.257524959394632e-03,-4.742475040605368e-03
400,11,8.999999999999999e-03,5.446849978853995e-03,3.553150021146005e-03
400,12,8.000000000000000e-03,-5.937444613516202e-05,8.059374446135163e-03
400,13,-7.000000000000000e-03,-2.521450827974418e-03,-4.478549172025581e-03
400,14,6.000000000000000e-03,1.051826739913452e-03,4.948173260086548e-03
400,15,5.000000000000000e-03,5.365161169335713e-04,4.463483883066429e-03
400,16,-4.000000000000000e-03,-3.078411272195594e-04,-3.692158872780441e-03
400,17,3.500000000000000e-03,-1.360020771166889e-05,3.513600207711669e-03
400,18,3.000000000000000e-03,5.321863582762729e-04,2.467813641723727e-03
400,19,-2.500000000000000e-03,2.521378495482867e-04,-2.752137849548287e-03
400,20,2.000000000000000e-03,7.451020619390703e-05,1.925489793806093e-03
400,21,1.800000000000000e-03,-4.678476735043647e-04,2.267847673504365e-03
400,22,-1.500000000000000e-03,1.746035485126929e-03,-3.246035485126929e-03
400,23,1.200000000000000e-03,-4.348667397476774e-03,5.548667397476774e-03
400,24,1.000000000000000e-03,3.989940258290191e-04,6.010059741709810e-04
400,25,-8.000000000000000e-04,-7.182579208090938e-04,-8.174207919090621e-05
400,26,5.999999999999999e-04,-3.008435656883613e-03,3.608435656883613e-03
400,27,5.000000000000000e-04,2.853420495266111e-03,-2.353420495266111e-03
400,28,-4.000000000000000e-04,-4.898724406460401e-04,8.987244064604007e-05
400,29,3.000000000000000e-04,-1.997385842713213e-03,2.297385842713213e-03
500,0,1.200000000000000e-01,5.193272295064044e-02,6.806727704935955e-02
500,1,-8.000000000000000e-02,-3.527161093268505e-02,-4.472838906731495e-02
500,2,5.500000000000000e-02,2.228686198052760e-02,3.271313801947240e-02
500,3,4.000000000000000e-02,2.027878294466840e-02,1.972121705533160e-02
500,4,-3.000000000000000e-02,-1.674975695811367e-02,-1.325024304188633e-02
500,5,2.500000000000000e-02,1.442836909184630e-02,1.057163090815371e-02
500,6,2.000000000000000e-02,1.021712272925451e-02,9.782877270745493e-03
500,7,-1.800000000000000e-02,-1.159144031139805e-02,-6.408559688601947e-03
500,8,1.500000000000000e-02,8.539612877691036e-03,6.460387122308963e-03
500,9,1.200000000000000e-02,4.665285897073608e-03,7.334714102926392e-03
500,10,-1.000000000000000e-02,-5.827477414864723e-03,-4.172522585135277e-03
500,11,8.999999999999999e-03,6.290705344306068e-03,2.709294655693932e-03
500,12,8.000000000000000e-03,4.496966362213159e-04,7.550303363778684e-03
500,13,-7.000000000000000e-03,-2.764007775095933e-03,-4.235992224904067e-03
500,14,6.000000000000000e-03,6.350087230688720e-04,5.364991276931129e-03
500,15,5.000000000000000e-03,2.636680967246360e-03,2.363319032753640e-03
500,16,-4.000000000000000e-03,-2.585117476083373e-03,-1.414882523916627e-03
500,17,3.500000000000000e-03,6.833659101635249e-04,2.816634089836475e-03
500,18,3.000000000000000e-03,1.443321710399858e-03,1.556678289600142e-03
500,19,-2.500000000000000e-03,-5.791952318863338e-04,-1.920804768113666e-03
500,20,2.000000000000000e-03,2.656306182306314e-04,1.734369381769369e-03
500,21,1.800000000000000e-03,2.454929475936587e-04,1.554507052406341e-03
500,22,-1.500000000000000e-03,3.750633807878743e-04,-1.875063380787874e-03
500,23,1.200000000000000e-03,-3.028909752501286e-03,4.228909752501286e-03
500,24,1.000000000000000e-03,1.049995934113985e-03,-4.999593411398511e-05
500,25,-8.000000000000000e-04,-8.855190466582191e-04,8.551904665821911e-05
500,26,5.999999999999999e-04,-4.260013886428229e-03,4.860013886428229e-03
500,27,5.000000000000000e-04,3.073090495316226e-03,-2.573090495316226e-03
500,28,-4.000000000000000e-04,-3.475411308784349e-04,-5.245886912156510e-05
500,29,3.000000000000000e-04,-2.483229935634912e-03,2.783229935634912e-03
600,0,1.200000000000000e-01,5.961088897720636e-02,6.038911102279364e-02
600,1,-8.000000000000000e-02,-4.159611239242041e-02,-3.840388760757960e-02
600,2,5.500000000000000e-02,2.655286151346196e-02,2.844713848653804e-02
600,3,4.000000000000000e-02,2.186142409378808e-02,1.813857590621193e-02
600,4,-3.000000000000000e-02,-1.890440759071179e-02,-1.109559240928821e-02
600,5,2.500000000000000e-02,1.510989380232209e-02,9.890106197677913e-03
600,6,2.000000000000000e-02,1.139085644267541e-02,8.609143557324591e-03
600,7,-1.800000000000000e-02,-1.255673996421969e-02,-5.443260035780309e-03
600,8,1.500000000000000e-02,8.152730218625077e-03,6.847269781374923e-03
600,9,1.200000000000000e-02,5.541906783079704e-03,6.458093216920296e-03
600,10,-1.000000000000000e-02,-5.662660267460293e-03,-4.337339732539708e-03
600,11,8.999999999999999e-03,5.560324572788194e-03,3.439675427211806e-03
600,12,8.000000000000000e-03,1.621010328794146e-03,6.378989671205854e-03
600,13,-7.000000000000000e-03,-3.589526887216205e-03,-3.410473112783796e-03
600,14,6.000000000000000e-03,1.656811099430831e-03,4.343188900569169e-03
600,15,5.000000000000000e-03,2.911441845698446e-03,2.088558154301554e-03
600,16,-4.000000000000000e-03,-3.425177737520589e-03,-5.748222624794106e-04
600,17,3.500000000000000e-03,1.134628914449206e-03,2.365371085550795e-03
600,18,3.000000000000000e-03,2.124601440014591e-03,8.753985599854091e-04
600,19,-2.500000000000000e-03,-2.558818775753000e-03,5.881877575300001e-05
600,20,2.000000000000000e-03,2.586969090715536e-03,-5.869690907155355e-04
600,21,1.800000000000000e-03,-7.277043453055162e-04,2.527704345305516e-03
600,22,-1.500000000000000e-03,-1.854308054021175e-06,-1.498145691945979e-03
600,23,1.200000000000000e-03,-1.330457608219281e-03,2.530457608219281e-03
600,24,1.000000000000000e-03,-5.218479217501553e-04,1.521847921750155e-03
600,25,-8.000000000000000e-04,7.984616254508327e-06,-8.079846162545083e-04
600,26,5.999999999999999e-04,-3.023367682825617e-03,3.623367682825617e-03
600,27,5.000000000000000e-04,1.538991650322469e-03,-1.038991650322469e-03
600,28,-4.000000000000000e-04,4.736233570064755e-04,-8.736233570064756e-04
600,29,3.000000000000000e-04,-1.828470805722065e-03,2.128470805722065e-03
700,0,1.200000000000000e-01,6.687796604068144e-02,5.312203395931855e-02
700,1,-8.000000000000000e-02,-4.733161797393670e-02,-3.266838202606330e-02
700,2,5.500000000000000e-02,3.024916951760066e-02,2.475083048239934e-02
700,3,4.000000000000000e-02,2.277711789822435e-02,1.722288210177565e-02
700,4,-3.000000000000000e-02,-2.014515124866882e-02,-9.854848751331177e-03
700,5,2.500000000000000e-02,1.644081805130884e-02,8.559181948691163e-03
700,6,2.000000000000000e-02,1.156938135133147e-02,8.430618648668529e-03
700,7,-1.800000000000000e-02,-1.312227100594063e-02,-4.877728994059367e-03
700,8,1.500000000000000e-02,8.606963984529615e-03,6.393036015470385e-03
700,9,1.200000000000000e-02,5.872896786218588e-03,6.127103213781412e-03
700,10,-1.000000000000000e-02,-6.249843591410501e-03,-3.750156408589499e-03
700,11,8.999999999999999e-03,5.825986411008984e-03,3.174013588991016e-03
700,12,8.000000000000000e-03,2.068819434885536e-03,5.931180565114464e-03
700,13,-7.000000000000000e-03,-5.119894596043043e-03,-1.880105403956957e-03
700,14,6.000000000000000e-03,2.996172155916856e-03,3.003827844083144e-03
700,15,5.000000000000000e-03,2.411723569671899e-03,2.588276430328101e-03
700,16,-4.000000000000000e-03,-4.060381184057120e-03,6.038118405712022e-05
700,17,3.500000000000000e-03,1.417208864376468e-03,2.082791135623532e-03
700,18,3.000000000000000e-03,2.112511660944829e-03,8.874883390551707e-04
700,19,-2.500000000000000e-03,-3.479610301992032e-03,9.796103019920322e-04
700,20,2.000000000000000e-03,2.852421069444095e-03,-8.524210694440949e-04
700,21,1.800000000000000e-03,-5.512174483210322e-04,2.351217448321032e-03
700,22,-1.500000000000000e-03,-8.686566994653581e-04,-6.313433005346419e-04
700,23,1.200000000000000e-03,-1.375945803703893e-03,2.575945803703893e-03
700,24,1.000000000000000e-03,4.046063707474334e-04,5.953936292525667e-04
700,25,-8.000000000000000e-04,-1.074112369075941e-03,2.741123690759411e-04
700,26,5.999999999999999e-04,-1.163857740893147e-03,1.763857740893147e-03
700,27,5.000000000000000e-04,1.326255548416895e-04,3.673744451583106e-04
700,28,-4.000000000000000e-04,1.320425524483991e-03,-1.720425524483991e-03
700,29,3.000000000000000e-04,-1.873198034368183e-03,2.173198034368183e-03
800,0,1.200000000000000e-01,7.115042246347461e-02,4.884957753652538e-02
800,1,-8.000000000000000e-02,-4.947232616880129e-02,-3.052767383119871e-02
800,2,5.500000000000000e-02,3.233520732459690e-02,2.266479267540310e-02
800,3,4.000000000000000e-02,2.405526663711647e-02,1.594473336288353e-02
800,4,-3.000000000000000e-02,-2.062640424266587e-02,-9.373595757334131e-03
800,5,2.500000000000000e-02,1.764164301508507e-02,7.358356984914931e-03
800,6,2.000000000000000e-02,1.215262192043326e-02,7.847378079566741e-03
800,7,-1.800000000000000e-02,-1.318312984535237e-02,-4.816870154647629e-03
800,8,1.500000000000000e-02,8.819775086073359e-03,6.180224913926641e-03
800,9,1.200000000000000e-02,6.170633561848875e-03,5.829366438151126e-03
800,10,-1.000000000000000e-02,-7.027885336122402e-03,-2.972114663877598e-03
800,11,8.999999999999999e-03,6.126497795853785e-03,2.873502204146215e-03
800,12,8.000000000000000e-03,2.655557578290422e-03,5.344442421709578e-03
800,13,-7.000000000000000e-03,-5.658634399650307e-03,-1.341365600349693e-03
800,14,6.000000000000000e-03,3.337893066092681e-03,2.662106933907320e-03
800,15,5.000000000000000e-03,1.657506392942658e-03,3.342493607057342e-03
800,16,-4.000000000000000e-03,-4.294225981231321e-03,2.942259812313214e-04
800,17,3.500000000000000e-03,1.709441991309628e-03,1.790558008690372e-03
800,18,3.000000000000000e-03,9.037151234030114e-04,2.096284876596989e-03
800,19,-2.500000000000000e-03,-3.356961020567495e-03,8.569610205674950e-04
800,20,2.000000000000000e-03,2.049016790742781e-03,-4.901679074278097e-05
800,21,1.800000000000000e-03,-4.870403360085430e-04,2.287040336008543e-03
800,22,-1.500000000000000e-03,-1.483052455850037e-03,-1.694754414996338e-05
800,23,1.200000000000000e-03,-1.366681653118481e-03,2.566681653118482e-03
800,24,1.000000000000000e-03,9.475866027221551e-04,5.241339727784491e-05
800,25,-8.000000000000000e-04,-1.524050404507478e-03,7.240504045074779e-04
800,26,5.999999999999999e-04,-5.784705299696037e-04,1.178470529969604e-03
800,27,5.000000000000000e-04,8.112640645544563e-05,4.188735935445544e-04
800,28,-4.000000000000000e-04,1.806207194005644e-03,-2.206207194005644e-03
800,29,3.000000000000000e-04,-1.663517746782856e-03,1.963517746782856e-03
900,0,1.200000000000000e-01,7.557548092965771e-02,4.442451907034228e-02
900,1,-8.000000000000000e-02,-5.206945192633022e-02,-2.793054807366979e-02
900,2,5.500000000000000e-02,3.450244786794270e-02,2.049755213205730e-02
900,3,4.000000000000000e-02,2.524663225379030e-02,1.475336774620970e-02
900,4,-3.000000000000000e-02,-2.099074656020707e-02,-9.009253439792926e-03
900,5,2.500000000000000e-02,1.791206010577291e-02,7.087939894227090e-03
900,6,2.000000000000000e-02,1.341193986594462e-02,6.588060134055381e-03
900,7,-1.800000000000000e-02,-1.335490300086965e-02,-4.645096999130351e-03
900,8,1.500000000000000e-02,9.248456419032332e-03,5.751543580967668e-03
900,9,1.200000000000000e-02,5.772102940990423e-03,6.227897059009577e-03
900,10,-1.000000000000000e-02,-6.639685283990953e-03,-3.360314716009047e-03
900,11,8.999999999999999e-03,5.836762253565518e-03,3.163237746434481e-03
900,12,8.000000000000000e-03,2.615491036798959e-03,5.384508963201041e-03
900,13,-7.000000000000000e-03,-5.553490073551138e-03,-1.446509926448862e-03
900,14,6.000000000000000e-03,3.223637477017190e-03,2.776362522982810e-03
900,15,5.000000000000000e-03,1.977796445895649e-03,3.022203554104352e-03
900,16,-4.000000000000000e-03,-4.545613593503055e-03,5.456135935030552e-04
900,17,3.500000000000000e-03,2.370587172426534e-03,1.129412827573466e-03
900,18,3.000000000000000e-03,2.385548775119267e-04,2.761445122488073e-03
900,19,-2.500000000000000e-03,-3.151295591792632e-03,6.512955917926323e-04
900,20,2.000000000000000e-03,2.211317624706424e-03,-2.113176247064237e-04
900,21,1.800000000000000e-03,-9.415159578698290e-04,2.741515957869829e-03
900,22,-1.500000000000000e-03,-1.271832699311253e-03,-2.281673006887467e-04
900,23,1.200000000000000e-03,-6.883167013722040e-04,1.888316701372204e-03
900,24,1.000000000000000e-03,8.309451486963568e-04,1.690548513036432e-04
900,25,-8.000000000000000e-04,-1.577014691314906e-03,7.770146913149055e-04
900,26,5.999999999999999e-04,-8.927186124482690e-04,1.492718612448269e-03
900,27,5.000000000000000e-04,1.590526183317128e-03,-1.090526183317128e-03
900,28,-4.000000000000000e-04,1.136036387384581e-03,-1.536036387384581e-03
900,29,3.000000000000000e-04,-1.208521862513922e-03,1.508521862513922e-03
1000,0,1.200000000000000e-01,8.032078669789239e-02,3.967921330210761e-02
1000,1,-8.000000000000000e-02,-5.560711760952553e-02,-2.439288239047447e-02
1000,2,5.500000000000000e-02,3.714976427780196e-02,1.785023572219804e-02
1000,3,4.000000000000000e-02,2.686592684245973e-02,1.313407315754027e-02
1000,4,-3.000000000000000e-02,-2.188234752353697e-02,-8.117652476463032e-03
1000,5,2.500000000000000e-02,1.830944129213634e-02,6.690558707863659e-03
1000,6,2.000000000000000e-02,1.443750773088083e-02,5.562492269119174e-03
1000,7,-1.800000000000000e-02,-1.388087946200450e-02,-4.119120537995496e-03
1000,8,1.500000000000000e-02,9.042386964449299e-03,5.957613035550700e-03
1000,9,1.200000000000000e-02,6.989329206453207e-03,5.010670793546793e-03
1000,10,-1.000000000000000e-02,-6.974459196398369e-03,-3.025540803601631e-03
1000,11,8.999999999999999e-03,5.596124983787618e-03,3.403875016212381e-03
1000,12,8.000000000000000e-03,3.392294992155076e-03,4.607705007844924e-03
1000,13,-7.000000000000000e-03,-6.231300583383090e-03,-7.686994166169105e-04
1000,14,6.000000000000000e-03,3.339435530541675e-03,2.660564469458325e-03
1000,15,5.000000000000000e-03,2.124579619343155e-03,2.875420380656845e-03
1000,16,-4.000000000000000e-03,-3.909321369945054e-03,-9.067863005494600e-05
1000,17,3.500000000000000e-03,1.987981351691555e-03,1.512018648308445e-03
1000,18,3.000000000000000e-03,1.304934559576908e-03,1.695065440423092e-03
1000,19,-2.500000000000000e-03,-2.533124915498736e-03,3.312491549873611e-05
1000,20,2.000000000000000e-03,2.473284427163441e-03,-4.732844271634405e-04
1000,21,1.800000000000000e-03,-9.783830738161017e-04,2.778383073816101e-03
1000,22,-1.500000000000000e-03,-7.696655016322078e-04,-7.303344983677923e-04
1000,23,1.200000000000000e-03,-7.123170994356350e-04,1.912317099435635e-03
1000,24,1.000000000000000e-03,1.026844470479073e-03,-2.684447047907306e-05
1000,25,-8.000000000000000e-04,-2.049713185427178e-03,1.249713185427178e-03
1000,26,5.999999999999999e-04,-1.766015837652250e-04,7.766015837652250e-04
1000,27,5.000000000000000e-04,1.419942678863098e-03,-9.199426788630983e-04
1000,28,-4.000000000000000e-04,4.387122549958204e-04,-8.387122549958204e-04
1000,29,3.000000000000000e-04,-1.025702215836906e-03,1.325702215836905e-03
1100,0,1.200000000000000e-01,8.400234911184322e-02,3.599765088815678e-02
1100,1,-8.000000000000000e-02,-5.739123091579988e-02,-2.260876908420012e-02
1100,2,5.500000000000000e-02,3.844384725812262e-02,1.655615274187738e-02
1100,3,4.000000000000000e-02,2.845217800122145e-02,1.154782199877855e-02
1100,4,-3.000000000000000e-02,-2.280717567421485e-02,-7.192824325785149e-03
1100,5,2.500000000000000e-02,1.893933346418185e-02,6.060666535818150e-03
1100,6,2.000000000000000e-02,1.536202640580148e-02,4.637973594198522e-03
1100,7,-1.800000000000000e-02,-1.497409095435508e-02,-3.025909045644915e-03
1100,8,1.500000000000000e-02,9.988291869262207e-03,5.011708130737792e-03
1100,9,1.200000000000000e-02,7.114560804176552e-03,4.885439195823449e-03
1100,10,-1.000000000000000e-02,-7.915040766071387e-03,-2.084959233928613e-03
1100,11,8.999999999999999e-03,6.867871120673459e-03,2.132128879326540e-03
1100,12,8.000000000000000e-03,2.958492765913235e-03,5.041507234086765e-03
1100,13,-7.000000000000000e-03,-6.554082299058321e-03,-4.459177009416794e-04
1100,14,6.000000000000000e-03,4.756080687163673e-03,1.243919312836328e-03
1100,15,5.000000000000000e-03,1.910331911344160e-03,3.089668088655840e-03
1100,16,-4.000000000000000e-03,-4.558239228647178e-03,5.582392286471779e-04
1100,17,3.500000000000000e-03,3.296875740015535e-03,2.031242599844652e-04
1100,18,3.000000000000000e-03,5.657887245718399e-04,2.434211275428160e-03
1100,19,-2.500000000000000e-03,-2.634661684432361e-03,1.346616844323614e-04
1100,20,2.000000000000000e-03,2.986696836567751e-03,-9.866968365677513e-04
1100,21,1.800000000000000e-03,-9.265794098958446e-04,2.726579409895845e-03
1100,22,-1.500000000000000e-03,-6.743259927004764e-04,-8.256740072995236e-04
1100,23,1.200000000000000e-03,-4.935929009648696e-04,1.693592900964869e-03
1100,24,1.000000000000000e-03,8.821636903887690e-04,1.178363096112310e-04
1100,25,-8.000000000000000e-04,-1.145847029023553e-03,3.458470290235532e-04
1100,26,5.999999999999999e-04,-2.234762820398092e-05,6.223476282039809e-04
1100,27,5.000000000000000e-04,9.468139843380991e-04,-4.468139843380991e-04
1100,28,-4.000000000000000e-04,1.053097327115411e-03,-1.453097327115411e-03
1100,29,3.000000000000000e-04,-9.012627295703934e-04,1.201262729570393e-03
1200,0,1.200000000000000e-01,8.761557013658662e-02,3.238442986341337e-02
1200,1,-8.000000000000000e-02,-5.947605355464213e-02,-2.052394644535787e-02
1200,2,5.500000000000000e-02,4.007232094741945e-02,1.492767905258055e-02
1200,3,4.000000000000000e-02,2.962509713690073e-02,1.037490286309927e-02
1200,4,-3.000000000000000e-02,-2.358853648539619e-02,-6.411463514603814e-03
1200,5,2.500000000000000e-02,2.018598345314276e-02,4.814016546857237e-03
1200,6,2.000000000000000e-02,1.560353449352034e-02,4.396465506479664e-03
1200,7,-1.800000000000000e-02,-1.527732914067084e-02,-2.722670859329155e-03
1200,8,1.500000000000000e-02,1.014568704024077e-02,4.854312959759233e-03
1200,9,1.200000000000000e-02,7.519326489403599e-03,4.480673510596401e-03
1200,10,-1.000000000000000e-02,-8.424666919523049e-03,-1.575333080476951e-03
1200,11,8.999999999999999e-03,7.338268255406266e-03,1.661731744593734e-03
1200,12,8.000000000000000e-03,3.024161004184537e-03,4.975838995815463e-03
1200,13,-7.000000000000000e-03,-6.464274301496451e-03,-5.357256985035492e-04
1200,14,6.000000000000000e-03,4.537781385360922e-03,1.462218614639078e-03
1200,15,5.000000000000000e-03,2.598532026292826e-03,2.401467973707174e-03
1200,16,-4.000000000000000e-03,-4.479178175555991e-03,4.791781755559910e-04
1200,17,3.500000000000000e-03,3.242538036546256e-03,2.574619634537439e-04
1200,18,3.000000000000000e-03,1.375471243300173e-03,1.624528756699827e-03
1200,19,-2.500000000000000e-03,-3.143343121675891e-03,6.433431216758909e-04
1200,20,2.000000000000000e-03,2.921707907629164e-03,-9.217079076291636e-04
1200,21,1.800000000000000e-03,-9.752737310596169e-04,2.775273731059617e-03
1200,22,-1.500000000000000e-03,-1.023977142913632e-03,-4.760228570863680e-04
1200,23,1.200000000000000e-03,-2.253793041873051e-04,1.425379304187305e-03
1200,24,1.000000000000000e-03,3.723678554782665e-04,6.276321445217335e-04
1200,25,-8.000000000000000e-04,-1.453239501282125e-03,6.532395012821252e-04
1200,26,5.999999999999999e-04,-1.943852010823772e-04,7.943852010823772e-04
1200,27,5.000000000000000e-04,4.573227569109491e-04,4.267724308905092e-05
1200,28,-4.000000000000000e-04,8.308277614994245e-04,-1.230827761499425e-03
1200,29,3.000000000000000e-04,-1.038298259763670e-03,1.338298259763670e-03
1300,0,1.200000000000000e-01,9.081034361371830e-02,2.918965638628170e-02
1300,1,-8.000000000000000e-02,-6.174945064118020e-02,-1.825054935881980e-02
1300,2,5.500000000000000e-02,4.166406240417524e-02,1.333593759582476e-02
1300,3,4.000000000000000e-02,3.104462578219814e-02,8.955374217801865e-03
1300,4,-3.000000000000000e-02,-2.442275678084324e-02,-5.577243219156761e-03
1300,5,2.500000000000000e-02,2.050295295730414e-02,4.497047042695858e-03
1300,6,2.000000000000000e-02,1.659477388618396e-02,3.405226113816041e-03
1300,7,-1.800000000000000e-02,-1.607677623326667e-02,-1.923223766733331e-03
1300,8,1.500000000000000e-02,1.091175561078713e-02,4.088244389212865e-03
1300,9,1.200000000000000e-02,8.399790558344758e-03,3.600209441655242e-03
1300,10,-1.000000000000000e-02,-9.126674686977169e-03,-8.733253130228311e-04
1300,11,8.999999999999999e-03,7.672920243390597e-03,1.327079756609402e-03
1300,12,8.000000000000000e-03,4.174122801892775e-03,3.825877198107225e-03
1300,13,-7.000000000000000e-03,-7.185440600882506e-03,1.854406008825055e-04
1300,14,6.000000000000000e-03,5.083199773116562e-03,9.168002268834380e-04
1300,15,5.000000000000000e-03,2.945204023244317e-03,2.054795976755683e-03
1300,16,-4.000000000000000e-03,-4.786096355212746e-03,7.860963552127455e-04
1300,17,3.500000000000000e-03,3.539806199518838e-03,-3.980619951883839e-05
1300,18,3.000000000000000e-03,1.617106973438438e-03,1.382893026561562e-03
1300,19,-2.500000000000000e-03,-3.379098683861130e-03,8.790986838611296e-04
1300,20,2.000000000000000e-03,2.800352572810196e-03,-8.003525728101958e-04
1300,21,1.800000000000000e-03,-8.923597637073442e-04,2.692359763707344e-03
1300,22,-1.500000000000000e-03,-1.384834239180665e-03,-1.151657608193352e-04
1300,23,1.200000000000000e-03,-4.413752318858186e-05,1.244137523188582e-03
1300,24,1.000000000000000e-03,-3.099075142638831e-04,1.309907514263883e-03
1300,25,-8.000000000000000e-04,-1.204217866429647e-03,4.042178664296472e-04
1300,26,5.999999999999999e-04,-4.011435888667691e-04,1.001143588866769e-03
1300,27,5.000000000000000e-04,7.406332382499458e-04,-2.406332382499458e-04
1300,28,-4.000000000000000e-04,2.777233856128049e-04,-6.777233856128050e-04
1300,29,3.000000000000000e-04,-7.211274039779029e-04,1.021127403977903e-03
1400,0,1.200000000000000e-01,9.388444043366238e-02,2.611555956633761e-02
1400,1,-8.000000000000000e-02,-6.347928514297202e-02,-1.652071485702798e-02
1400,2,5.500000000000000e-02,4.297556553279946e-02,1.202443446720054e-02
1400,3,4.000000000000000e-02,3.223373213753794e-02,7.766267862462060e-03
1400,4,-3.000000000000000e-02,-2.494052801300079e-02,-5.059471986999207e-03
1400,5,2.500000000000000e-02,2.109799912409768e-02,3.902000875902326e-03
1400,6,2.000000000000000e-02,1.728318584893284e-02,2.716814151067160e-03
1400,7,-1.800000000000000e-02,-1.646658780894003e-02,-1.533412191059968e-03
1400,8,1.500000000000000e-02,1.143272351061816e-02,3.567276489381844e-03
1400,9,1.200000000000000e-02,8.877928393347874e-03,3.122071606652127e-03
1400,10,-1.000000000000000e-02,-9.528802900214746e-03,-4.711970997852543e-04
1400,11,8.999999999999999e-03,8.157957362862529e-03,8.420426371374707e-04
1400,12,8.000000000000000e-03,4.874301675258241e-03,3.125698324741759e-03
1400,13,-7.000000000000000e-03,-7.767463188790868e-03,7.674631887908678e-04
1400,14,6.000000000000000e-03,5.028708579956250e-03,9.712914200437498e-04
1400,15,5.000000000000000e-03,3.153676312533157e-03,1.846323687466843e-03
1400,16,-4.000000000000000e-03,-5.060001101387645e-03,1.060001101387645e-03
1400,17,3.500000000000000e-03,3.280645558780336e-03,2.193544412196643e-04
1400,18,3.000000000000000e-03,1.444900527246583e-03,1.555099472753417e-03
1400,19,-2.500000000000000e-03,-3.500059503366721e-03,1.000059503366720e-03
1400,20,2.000000000000000e-03,2.933485826603684e-03,-9.334858266036835e-04
1400,21,1.800000000000000e-03,-8.722731652602919e-04,2.672273165260292e-03
1400,22,-1.500000000000000e-03,-2.019541058642937e-03,5.195410586429370e-04
1400,23,1.200000000000000e-03,8.348583476803829e-04,3.651416523196170e-04
1400,24,1.000000000000000e-03,-6.628748938741674e-04,1.662874893874167e-03
1400,25,-8.000000000000000e-04,-1.173263279293685e-03,3.732632792936853e-04
1400,26,5.999999999999999e-04,-6.450277294430703e-04,1.245027729443070e-03
1400,27,5.000000000000000e-04,6.591494505400377e-04,-1.591494505400377e-04
1400,28,-4.000000000000000e-04,2.501282410686655e-04,-6.501282410686655e-04
1400,29,3.000000000000000e-04,-6.608539337780819e-04,9.608539337780818e-04
1500,0,1.200000000000000e-01,9.614084677203744e-02,2.385915322796256e-02
1500,1,-8.000000000000000e-02,-6.462668348135683e-02,-1.537331651864317e-02
1500,2,5.500000000000000e-02,4.416463411023950e-02,1.083536588976050e-02
1500,3,4.000000000000000e-02,3.239430432773777e-02,7.605695672262235e-03
1500,4,-3.000000000000000e-02,-2.492850696548982e-02,-5.071493034510176e-03
1500,5,2.500000000000000e-02,2.088484060878130e-02,4.115159391218697e-03
1500,6,2.000000000000000e-02,1.771851386067205e-02,2.281486139327955e-03
1500,7,-1.800000000000000e-02,-1.658108593357944e-02,-1.418914066420560e-03
1500,8,1.500000000000000e-02,1.166308116744168e-02,3.336918832558322e-03
1500,9,1.200000000000000e-02,8.978996272097813e-03,3.021003727902188e-03
1500,10,-1.000000000000000e-02,-9.181628248865934e-03,-8.183717511340664e-04
1500,11,8.999999999999999e-03,8.232965731707341e-03,7.670342682926587e-04
1500,12,8.000000000000000e-03,5.110400637846044e-03,2.889599362153957e-03
1500,13,-7.000000000000000e-03,-7.875515823858878e-03,8.755158238588781e-04
1500,14,6.000000000000000e-03,5.086697248698121e-03,9.133027513018787e-04
1500,15,5.000000000000000e-03,3.425819271913837e-03,1.574180728086164e-03
1500,16,-4.000000000000000e-03,-4.744112832295063e-03,7.441128322950626e-04
1500,17,3.500000000000000e-03,3.089052561309758e-03,4.109474386902422e-04
1500,18,3.000000000000000e-03,2.229004548746136e-03,7.709954512538642e-04
1500,19,-2.500000000000000e-03,-3.734814993531287e-03,1.234814993531287e-03
1500,20,2.000000000000000e-03,3.014367897749973e-03,-1.014367897749973e-03
1500,21,1.800000000000000e-03,-5.807378836096424e-04,2.380737883609642e-03
1500,22,-1.500000000000000e-03,-1.620017461676148e-03,1.200174616761479e-04
1500,23,1.200000000000000e-03,9.643624161814981e-04,2.356375838185018e-04
1500,24,1.000000000000000e-03,2.276393869329438e-05,9.772360613067056e-04
1500,25,-8.000000000000000e-04,-9.313121921583736e-04,1.313121921583736e-04
1500,26,5.999999999999999e-04,-1.266603875931918e-04,7.266603875931918e-04
1500,27,5.000000000000000e-04,1.026896126258839e-03,-5.268961262588391e-04
1500,28,-4.000000000000000e-04,3.015405869210292e-05,-4.301540586921029e-04
1500,29,3.000000000000000e-04,-2.571549512557200e-04,5.571549512557199e-04
1600,0,1.200000000000000e-01,9.879708112031720e-02,2.120291887968280e-02
1600,1,-8.000000000000000e-02,-6.621613666504397e-02,-1.378386333495603e-02
1600,2,5.500000000000000e-02,4.528878402042586e-02,9.711215979574139e-03
1600,3,4.000000000000000e-02,3.335665437334627e-02,6.643345626653731e-03
1600,4,-3.000000000000000e-02,-2.583226274544786e-02,-4.167737254552134e-03
1600,5,2.500000000000000e-02,2.167224883519682e-02,3.327751164803178e-03
1600,6,2.000000000000000e-02,1.738766547741028e-02,2.612334522589719e-03
1600,7,-1.800000000000000e-02,-1.648520549841645e-02,-1.514794501583552e-03
1600,8,1.500000000000000e-02,1.198760174219477e-02,3.012398257805231e-03
1600,9,1.200000000000000e-02,9.347598783567708e-03,2.652401216432293e-03
1600,10,-1.000000000000000e-02,-9.518566776098761e-03,-4.814332239012394e-04
1600,11,8.999999999999999e-03,8.136790257537297e-03,8.632097424627026e-04
1600,12,8.000000000000000e-03,5.566610441191695e-03,2.433389558808305e-03
1600,13,-7.000000000000000e-03,-8.341231795046844e-03,1.341231795046843e-03
1600,14,6.000000000000000e-03,5.494685552270303e-03,5.053144477296968e-04
1600,15,5.000000000000000e-03,3.234068679417034e-03,1.765931320582966e-03
1600,16,-4.000000000000000e-03,-4.476706908132901e-03,4.767069081329008e-04
1600,17,3.500000000000000e-03,3.031131085514405e-03,4.688689144855952e-04
1600,18,3.000000000000000e-03,1.925514858852783e-03,1.074485141147217e-03
1600,19,-2.500000000000000e-03,-3.472597615994279e-03,9.725976159942785e-04
1600,20,2.000000000000000e-03,2.677143391819977e-03,-6.771433918199769e-04
1600,21,1.800000000000000e-03,-2.510697221342831e-04,2.051069722134283e-03
1600,22,-1.500000000000000e-03,-1.725176568682566e-03,2.251765686825658e-04
1600,23,1.200000000000000e-03,7.575141130496763e-04,4.424858869503236e-04
1600,24,1.000000000000000e-03,4.168513520113655e-04,5.831486479886346e-04
1600,25,-8.000000000000000e-04,-9.574586289368809e-04,1.574586289368808e-04
1600,26,5.999999999999999e-04,8.854342409941895e-05,5.114565759005810e-04
1600,27,5.000000000000000e-04,8.143743350649866e-04,-3.143743350649866e-04
1600,28,-4.000000000000000e-04,2.562655857408775e-04,-6.562655857408775e-04
1600,29,3.000000000000000e-04,-2.393886719166203e-04,5.393886719166202e-04
1700,0,1.200000000000000e-01,1.013301443946168e-01,1.866985560538323e-02
1700,1,-8.000000000000000e-02,-6.809117238606806e-02,-1.190882761393194e-02
1700,2,5.500000000000000e-02,4.621382854022738e-02,8.786171459772618e-03
1700,3,4.000000000000000e-02,3.404536417689186e-02,5.954635823108137e-03
1700,4,-3.000000000000000e-02,-2.670811932956277e-02,-3.291880670437227e-03
1700,5,2.500000000000000e-02,2.257178789469665e-02,2.428212105303355e-03
1700,6,2.000000000000000e-02,1.691950275407986e-02,3.080497245920143e-03
1700,7,-1.800000000000000e-02,-1.654362673392147e-02,-1.456373266078524e-03
1700,8,1.500000000000000e-02,1.277305447407389e-02,2.226945525926113e-03
1700,9,1.200000000000000e-02,9.071166431015123e-03,2.928833568984877e-03
1700,10,-1.000000000000000e-02,-9.542506622811647e-03,-4.574933771883533e-04
1700,11,8.999999999999999e-03,8.586155894621686e-03,4.138441053783137e-04
1700,12,8.000000000000000e-03,5.431311619551212e-03,2.568688380448788e-03
1700,13,-7.000000000000000e-03,-7.888022952011169e-03,8.880229520111691e-04
1700,14,6.000000000000000e-03,5.294528877202970e-03,7.054711227970304e-04
1700,15,5.000000000000000e-03,3.731988018879145e-03,1.268011981120855e-03
1700,16,-4.000000000000000e-03,-4.621864474799386e-03,6.218644747993862e-04
1700,17,3.500000000000000e-03,3.047622425954596e-03,4.523775740454040e-04
1700,18,3.000000000000000e-03,2.135703229577620e-03,8.642967704223800e-04
1700,19,-2.500000000000000e-03,-3.708653143497620e-03,1.208653143497620e-03
1700,20,2.000000000000000e-03,3.214300133545625e-03,-1.214300133545625e-03
1700,21,1.800000000000000e-03,-6.082395083752115e-04,2.408239508375211e-03
1700,22,-1.500000000000000e-03,-1.017907079744652e-03,-4.820929202553482e-04
1700,23,1.200000000000000e-03,6.907641943816335e-04,5.092358056183664e-04
1700,24,1.000000000000000e-03,3.649474113050124e-04,6.350525886949876e-04
1700,25,-8.000000000000000e-04,-6.426937232915519e-04,-1.573062767084481e-04
1700,26,5.999999999999999e-04,-1.855007558983457e-04,7.855007558983456e-04
1700,27,5.000000000000000e-04,9.390140639205470e-04,-4.390140639205470e-04
1700,28,-4.000000000000000e-04,6.115214257228764e-04,-1.011521425722876e-03
1700,29,3.000000000000000e-04,-5.990634396881656e-04,8.990634396881655e-04
1800,0,1.200000000000000e-01,1.033056712565884e-01,1.669432874341159e-02
1800,1,-8.000000000000000e-02,-6.896161272835261e-02,-1.103838727164740e-02
1800,2,5.500000000000000e-02,4.733164419342065e-02,7.668355806579347e-03
1800,3,4.000000000000000e-02,3.486636659912355e-02,5.133633400876456e-03
1800,4,-3.000000000000000e-02,-2.685090247370754e-02,-3.149097526292461e-03
1800,5,2.500000000000000e-02,2.322573671294704e-02,1.774263287052963e-03
1800,6,2.000000000000000e-02,1.745162602222925e-02,2.548373977770746e-03
1800,7,-1.800000000000000e-02,-1.646683012169608e-02,-1.533169878303924e-03
1800,8,1.500000000000000e-02,1.333389700048065e-02,1.666102999519354e-03
1800,9,1.200000000000000e-02,9.344937553274327e-03,2.655062446725674e-03
1800,10,-1.000000000000000e-02,-9.075036200641739e-03,-9.249637993582610e-04
1800,11,8.999999999999999e-03,8.509346152235555e-03,4.906538477644443e-04
1800,12,8.000000000000000e-03,5.997528348746036e-03,2.002471651253964e-03
1800,13,-7.000000000000000e-03,-7.580108824004168e-03,5.801088240041680e-04
1800,14,6.000000000000000e-03,5.317348518732585e-03,6.826514812674151e-04
1800,15,5.000000000000000e-03,4.163844480376558e-03,8.361555196234422e-04
1800,16,-4.000000000000000e-03,-4.498861878473049e-03,4.988618784730493e-04
1800,17,3.500000000000000e-03,3.231897609506685e-03,2.681023904933153e-04
1800,18,3.000000000000000e-03,2.575880555618352e-03,4.241194443816484e-04
1800,19,-2.500000000000000e-03,-3.800103582089333e-03,1.300103582089333e-03
1800,20,2.000000000000000e-03,3.498656356173145e-03,-1.498656356173145e-03
1800,21,1.800000000000000e-03,-6.223154881803019e-04,2.422315488180302e-03
1800,22,-1.500000000000000e-03,-7.671726056777778e-04,-7.328273943222222e-04
1800,23,1.200000000000000e-03,7.794532332374037e-04,4.205467667625962e-04
1800,24,1.000000000000000e-03,4.349387156057901e-04,5.650612843942100e-04
1800,25,-8.000000000000000e-04,-5.020757631067196e-04,-2.979242368932805e-04
1800,26,5.999999999999999e-04,-9.276081026983000e-05,6.927608102698299e-04
1800,27,5.000000000000000e-04,9.815950717412165e-04,-4.815950717412165e-04
1800,28,-4.000000000000000e-04,4.559435078291873e-04,-8.559435078291873e-04
1800,29,3.000000000000000e-04,-4.758315234514717e-04,7.758315234514717e-04
1900,0,1.200000000000000e-01,1.054237200279615e-01,1.457627997203850e-02
1900,1,-8.000000000000000e-02,-7.075062285193612e-02,-9.249377148063884e-03
1900,2,5.500000000000000e-02,4.823122144551317e-02,6.768778554486835e-03
1900,3,4.000000000000000e-02,3.532524649039116e-02,4.674753509608838e-03
1900,4,-3.000000000000000e-02,-2.719639820534416e-02,-2.803601794655840e-03
1900,5,2.500000000000000e-02,2.316636106554230e-02,1.833638934457701e-03
1900,6,2.000000000000000e-02,1.797367123305298e-02,2.026328766947021e-03
1900,7,-1.800000000000000e-02,-1.689900328243282e-02,-1.100996717567176e-03
1900,8,1.500000000000000e-02,1.382872813899193e-02,1.171271861008065e-03
1900,9,1.200000000000000e-02,9.503061949009340e-03,2.496938050990660e-03
1900,10,-1.000000000000000e-02,-9.286521434692187e-03,-7.134785653078127e-04
1900,11,8.999999999999999e-03,8.874476865779414e-03,1.255231342205849e-04
1900,12,8.000000000000000e-03,6.197430217519502e-03,1.802569782480498e-03
1900,13,-7.000000000000000e-03,-7.612921706104251e-03,6.129217061042512e-04
1900,14,6.000000000000000e-03,5.535097218655572e-03,4.649027813444281e-04
1900,15,5.000000000000000e-03,4.342087370056395e-03,6.579126299436052e-04
1900,16,-4.000000000000000e-03,-4.689647454151487e-03,6.896474541514871e-04
1900,17,3.500000000000000e-03,3.405712469312135e-03,9.428753068786537e-05
1900,18,3.000000000000000e-03,2.720518114117994e-03,2.794818858820056e-04
1900,19,-2.500000000000000e-03,-3.772295756312972e-03,1.272295756312972e-03
1900,20,2.000000000000000e-03,3.338541062378068e-03,-1.338541062378068e-03
1900,21,1.800000000000000e-03,-9.573675431228092e-05,1.895736754312281e-03
1900,22,-1.500000000000000e-03,-7.123806438169277e-04,-7.876193561830723e-04
1900,23,1.200000000000000e-03,6.033470096146184e-04,5.966529903853815e-04
1900,24,1.000000000000000e-03,7.486101156563917e-04,2.513898843436083e-04
1900,25,-8.000000000000000e-04,-5.616956067346168e-04,-2.383043932653832e-04
1900,26,5.999999999999999e-04,-1.376015274843066e-05,6.137601527484306e-04
1900,27,5.000000000000000e-04,8.863234935403042e-04,-3.863234935403042e-04
1900,28,-4.000000000000000e-04,2.950373776879265e-04,-6.950373776879265e-04
1900,29,3.000000000000000e-04,-1.051174783142997e-04,4.051174783142997e-04
2000,0,1.200000000000000e-01,1.068095619443827e-01,1.319043805561730e-02
2000,1,-8.000000000000000e-02,-7.142513586273545e-02,-8.574864137264548e-03
2000,2,5.500000000000000e-02,4.893534224697066e-02,6.064657753029341e-03
2000,3,4.000000000000000e-02,3.542001731074641e-02,4.579982689253588e-03
2000,4,-3.000000000000000e-02,-2.738063453661302e-02,-2.619365463386977e-03
2000,5,2.500000000000000e-02,2.317644227151255e-02,1.823557728487447e-03
2000,6,2.000000000000000e-02,1.793804476212069e-02,2.061955237879314e-03
2000,7,-1.800000000000000e-02,-1.696476175677104e-02,-1.035238243228959e-03
2000,8,1.500000000000000e-02,1.396051550278189e-02,1.039484497218111e-03
2000,9,1.200000000000000e-02,9.624022043071261e-03,2.375977956928739e-03
2000,10,-1.000000000000000e-02,-9.343359437916456e-03,-6.566405620835446e-04
2000,11,8.999999999999999e-03,8.795105352457493e-03,2.048946475425063e-04
2000,12,8.000000000000000e-03,6.240671342756576e-03,1.759328657243424e-03
2000,13,-7.000000000000000e-03,-7.719470555462798e-03,7.194705554627980e-04
2000,14,6.000000000000000e-03,5.655864838209702e-03,3.441351617902979e-04
2000,15,5.000000000000000e-03,4.267453318688882e-03,7.325466813111184e-04
2000,16,-4.000000000000000e-03,-4.385587874101347e-03,3.855878741013466e-04
2000,17,3.500000000000000e-03,3.374396373302458e-03,1.256036266975426e-04
2000,18,3.000000000000000e-03,2.712808253731084e-03,2.871917462689156e-04
2000,19,-2.500000000000000e-03,-3.365964231639101e-03,8.659642316391010e-04
2000,20,2.000000000000000e-03,2.880927612480738e-03,-8.809276124807377e-04
2000,21,1.800000000000000e-03,3.166208618331834e-04,1.483379138166816e-03
2000,22,-1.500000000000000e-03,-1.009522823364290e-03,-4.904771766357095e-04
2000,23,1.200000000000000e-03,9.361715938036170e-04,2.638284061963829e-04
2000,24,1.000000000000000e-03,8.048887949850060e-04,1.951112050149940e-04
2000,25,-8.000000000000000e-04,-6.798618781527507e-04,-1.201381218472493e-04
2000,26,5.999999999999999e-04,-5.883354932222742e-05,6.588335493222274e-04
2000,27,5.000000000000000e-04,1.018204909198786e-03,-5.182049091987859e-04
2000,28,-4.000000000000000e-04,1.424047742531667e-04,-5.424047742531667e-04
2000,29,3.000000000000000e-04,-2.838130967325677e-05,3.283813096732567e-04
2100,0,1.200000000000000e-01,1.081670044358487e-01,1.183299556415134e-02
2100,1,-8.000000000000000e-02,-7.226095683466352e-02,-7.739043165336482e-03
2100,2,5.500000000000000e-02,4.948477777144521e-02,5.515222228554793e-03
2100,3,4.000000000000000e-02,3.601806618238985e-02,3.981933817610153e-03
2100,4,-3.000000000000000e-02,-2.779212651562184e-02,-2.207873484378155e-03
2100,5,2.500000000000000e-02,2.360162648445317e-02,1.398373515546829e-03
2100,6,2.000000000000000e-02,1.810514190364394e-02,1.894858096356058e-03
2100,7,-1.800000000000000e-02,-1.719933650246027e-02,-8.006634975397317e-04
2100,8,1.500000000000000e-02,1.429541517789230e-02,7.045848221077042e-04
2100,9,1.200000000000000e-02,9.726689419195050e-03,2.273310580804950e-03
2100,10,-1.000000000000000e-02,-9.483757037138729e-03,-5.162429628612717e-04
2100,11,8.999999999999999e-03,8.970409303661279e-03,2.959069633872054e-05
2100,12,8.000000000000000e-03,6.281658638281961e-03,1.718341361718039e-03
2100,13,-7.000000000000000e-03,-7.573386544963539e-03,5.733865449635391e-04
2100,14,6.000000000000000e-03,5.716623386034966e-03,2.833766139650343e-04
2100,15,5.000000000000000e-03,4.259622928619051e-03,7.403770713809493e-04
2100,16,-4.000000000000000e-03,-4.163650090815962e-03,1.636500908159619e-04
2100,17,3.500000000000000e-03,3.249397295061200e-03,2.506027049388004e-04
2100,18,3.000000000000000e-03,2.879044400855186e-03,1.209555991448139e-04
2100,19,-2.500000000000000e-03,-3.381916187572510e-03,8.819161875725100e-04
2100,20,2.000000000000000e-03,2.762760737084240e-03,-7.627607370842395e-04
2100,21,1.800000000000000e-03,4.426317936651389e-04,1.357368206334861e-03
2100,22,-1.500000000000000e-03,-1.302087686027759e-03,-1.979123139722410e-04
2100,23,1.200000000000000e-03,1.034434445145425e-03,1.655655548545752e-04
2100,24,1.000000000000000e-03,6.620105307678055e-04,3.379894692321946e-04
2100,25,-8.000000000000000e-04,-7.055028182224051e-04,-9.449718177759496e-05
2100,26,5.999999999999999e-04,2.006473176010864e-04,3.993526823989135e-04
2100,27,5.000000000000000e-04,7.653348253123249e-04,-2.653348253123249e-04
2100,28,-4.000000000000000e-04,1.329374290573345e-04,-5.329374290573345e-04
2100,29,3.000000000000000e-04,2.183104895557642e-04,8.168951044423573e-05
2200,0,1.200000000000000e-01,1.093976059386851e-01,1.060239406131488e-02
2200,1,-8.000000000000000e-02,-7.329803596598201e-02,-6.701964034017988e-03
2200,2,5.500000000000000e-02,4.991003515100564e-02,5.089964848994363e-03
2200,3,4.000000000000000e-02,3.652539736122566e-02,3.474602638774339e-03
2200,4,-3.000000000000000e-02,-2.835287700231501e-02,-1.647122997684991e-03
2200,5,2.500000000000000e-02,2.396218637695606e-02,1.037813623043938e-03
2200,6,2.000000000000000e-02,1.813215813832737e-02,1.867841861672635e-03
2200,7,-1.800000000000000e-02,-1.734028404879660e-02,-6.597159512033990e-04
2200,8,1.500000000000000e-02,1.416326110552282e-02,8.367388944771799e-04
2200,9,1.200000000000000e-02,9.993829114092372e-03,2.006170885907628e-03
2200,10,-1.000000000000000e-02,-9.655625419318017e-03,-3.443745806819831e-04
2200,11,8.999999999999999e-03,8.829954564050453e-03,1.700454359495462e-04
2200,12,8.000000000000000e-03,6.471218572664017e-03,1.528781427335983e-03
2200,13,-7.000000000000000e-03,-7.598778400082511e-03,5.987784000825109e-04
2200,14,6.000000000000000e-03,5.612891768309029e-03,3.871082316909708e-04
2200,15,5.000000000000000e-03,4.317291116860467e-03,6.827088831395335e-04
2200,16,-4.000000000000000e-03,-3.864240246404455e-03,-1.357597535955450e-04
2200,17,3.500000000000000e-03,2.866513292173477e-03,6.334867078265230e-04
2200,18,3.000000000000000e-03,3.048152735275406e-03,-4.815273527540619e-05
2200,19,-2.500000000000000e-03,-3.149343797173931e-03,6.493437971739307e-04
2200,20,2.000000000000000e-03,2.434850618435506e-03,-4.348506184355060e-04
2200,21,1.800000000000000e-03,6.984309703671386e-04,1.101569029632861e-03
2200,22,-1.500000000000000e-03,-1.378155544107342e-03,-1.218444558926581e-04
2200,23,1.200000000000000e-03,9.664190938384217e-04,2.335809061615782e-04
2200,24,1.000000000000000e-03,7.106034705948307e-04,2.893965294051694e-04
2200,25,-8.000000000000000e-04,-8.062781605934706e-04,6.278160593470566e-06
2200,26,5.999999999999999e-04,3.130463886332249e-04,2.869536113667750e-04
2200,27,5.000000000000000e-04,7.807423096153491e-04,-2.807423096153490e-04
2200,28,-4.000000000000000e-04,-8.023233983297451e-05,-3.197676601670255e-04
2200,29,3.000000000000000e-04,4.582351511660500e-04,-1.582351511660500e-04
2300,0,1.200000000000000e-01,1.103850255437321e-01,9.614974456267911e-03
2300,1,-8.000000000000000e-02,-7.405203949254487e-02,-5.947960507455136e-03
2300,2,5.500000000000000e-02,5.042581444124129e-02,4.574185558758707e-03
2300,3,4.000000000000000e-02,3.669526686087100e-02,3.304733139128997e-03
2300,4,-3.000000000000000e-02,-2.856917869708941e-02,-1.430821302910584e-03
2300,5,2.500000000000000e-02,2.402299805779090e-02,9.770019422090971e-04
2300,6,2.000000000000000e-02,1.818208742647222e-02,1.817912573527782e-03
2300,7,-1.800000000000000e-02,-1.714391076608349e-02,-8.560892339165085e-04
2300,8,1.500000000000000e-02,1.406666609991365e-02,9.333339000863524e-04
2300,9,1.200000000000000e-02,1.021074237551042e-02,1.789257624489581e-03
2300,10,-1.000000000000000e-02,-9.678873454751184e-03,-3.211265452488163e-04
2300,11,8.999999999999999e-03,8.763160022414245e-03,2.368399775857545e-04
2300,12,8.000000000000000e-03,6.385328294808303e-03,1.614671705191697e-03
2300,13,-7.000000000000000e-03,-7.679977346580923e-03,6.799773465809228e-04
2300,14,6.000000000000000e-03,5.789427666517090e-03,2.105723334829097e-04
2300,15,5.000000000000000e-03,4.219246973697955e-03,7.807530263020451e-04
2300,16,-4.000000000000000e-03,-3.777927769666267e-03,-2.220722303337328e-04
2300,17,3.500000000000000e-03,2.757514880013134e-03,7.424851199868657e-04
2300,18,3.000000000000000e-03,3.093101936802774e-03,-9.310193680277419e-05
2300,19,-2.500000000000000e-03,-3.235129325085340e-03,7.351293250853395e-04
2300,20,2.000000000000000e-03,2.328923308856651e-03,-3.289233088566513e-04
2300,21,1.800000000000000e-03,9.123910028786477e-04,8.876089971213523e-04
2300,22,-1.500000000000000e-03,-1.508621892805930e-03,8.621892805930420e-06
2300,23,1.200000000000000e-03,9.724617843833185e-04,2.275382156166814e-04
2300,24,1.000000000000000e-03,7.635370966084580e-04,2.364629033915420e-04
2300,25,-8.000000000000000e-04,-8.672437353248592e-04,6.724373532485920e-05
2300,26,5.999999999999999e-04,1.519040286932631e-04,4.480959713067368e-04
2300,27,5.000000000000000e-04,8.093609890726054e-04,-3.093609890726053e-04
2300,28,-4.000000000000000e-04,-1.244736554873772e-04,-2.755263445126228e-04
2300,29,3.000000000000000e-04,3.118328722556925e-04,-1.183287225569257e-05
2400,0,1.200000000000000e-01,1.114395658473644e-01,8.560434152635618e-03
2400,1,-8.000000000000000e-02,-7.467734029732172e-02,-5.322659702678284e-03
2400,2,5.500000000000000e-02,5.106336535644106e-02,3.936634643558944e-03
2400,3,4.000000000000000e-02,3.686972902590775e-02,3.130270974092256e-03
2400,4,-3.000000000000000e-02,-2.867803761521336e-02,-1.321962384786639e-03
2400,5,2.500000000000000e-02,2.406782311840912e-02,9.321768815908800e-04
2400,6,2.000000000000000e-02,1.833089104424048e-02,1.669108955759523e-03
2400,7,-1.800000000000000e-02,-1.716051015844104e-02,-8.394898415589602e-04
2400,8,1.500000000000000e-02,1.398955601476183e-02,1.010443985238167e-03
2400,9,1.200000000000000e-02,1.053030792313887e-02,1.469692076861127e-03
2400,10,-1.000000000000000e-02,-9.722561408640362e-03,-2.774385913596380e-04
2400,11,8.999999999999999e-03,8.770827821244342e-03,2.291721787556576e-04
2400,12,8.000000000000000e-03,6.629629426526620e-03,1.370370573473380e-03
2400,13,-7.000000000000000e-03,-7.709121838993653e-03,7.091218389936533e-04
2400,14,6.000000000000000e-03,5.718049185555195e-03,2.819508144448054e-04
2400,15,5.000000000000000e-03,4.391249622461525e-03,6.087503775384752e-04
2400,16,-4.000000000000000e-03,-3.984639005041266e-03,-1.536099495873418e-05
2400,17,3.500000000000000e-03,2.919523050975639e-03,5.804769490243612e-04
2400,18,3.000000000000000e-03,2.916710986794631e-03,8.328901320536937e-05
2400,19,-2.500000000000000e-03,-2.886579781951890e-03,3.865797819518901e-04
2400,20,2.000000000000000e-03,2.019092981054271e-03,-1.909298105427087e-05
2400,21,1.800000000000000e-03,1.122732014652202e-03,6.772679853477980e-04
2400,22,-1.500000000000000e-03,-1.613014749335742e-03,1.130147493357419e-04
2400,23,1.200000000000000e-03,1.026667668150169e-03,1.733323318498310e-04
2400,24,1.000000000000000e-03,7.086540602033107e-04,2.913459397966893e-04
2400,25,-8.000000000000000e-04,-8.425427026181921e-04,4.254270261819205e-05
2400,26,5.999999999999999e-04,1.515767241059137e-04,4.484232758940863e-04
2400,27,5.000000000000000e-04,7.592646973062992e-04,-2.592646973062992e-04
2400,28,-4.000000000000000e-04,-5.939496918284610e-05,-3.406050308171539e-04
2400,29,3.000000000000000e-04,3.356416011036516e-04,-3.564160110365166e-05
2500,0,1.200000000000000e-01,1.122886710104208e-01,7.711328989579241e-03
2500,1,-8.000000000000000e-02,-7.501301408452704e-02,-4.986985915472961e-03
2500,2,5.500000000000000e-02,5.148059835978705e-02,3.519401640212950e-03
2500,3,4.000000000000000e-02,3.717763958100156e-02,2.822360418998443e-03
2500,4,-3.000000000000000e-02,-2.867499908789159e-02,-1.325000912108406e-03
2500,5,2.500000000000000e-02,2.444180186553215e-02,5.581981344678563e-04
2500,6,2.000000000000000e-02,1.822482720519561e-02,1.775172794804387e-03
2500,7,-1.800000000000000e-02,-1.686980963191742e-02,-1.130190368082581e-03
2500,8,1.500000000000000e-02,1.415950484437860e-02,8.404951556213996e-04
2500,9,1.200000000000000e-02,1.067347321088914e-02,1.326526789110863e-03
2500,10,-1.000000000000000e-02,-9.521518602859226e-03,-4.784813971407745e-04
2500,11,8.999999999999999e-03,8.809175701786401e-03,1.908242982135988e-04
2500,12,8.000000000000000e-03,7.017504100458967e-03,9.824958995410336e-04
2500,13,-7.000000000000000e-03,-7.531113439848611e-03,5.311134398486104e-04
2500,14,6.000000000000000e-03,5.833179389927150e-03,1.668206100728506e-04
2500,15,5.000000000000000e-03,4.495783840682483e-03,5.042161593175176e-04
2500,16,-4.000000000000000e-03,-3.949557264657542e-03,-5.044273534245830e-05
2500,17,3.500000000000000e-03,3.172385966124832e-03,3.276140338751682e-04
2500,18,3.000000000000000e-03,2.799045085109303e-03,2.009549148906972e-04
2500,19,-2.500000000000000e-03,-2.703711702980159e-03,2.037117029801585e-04
2500,20,2.000000000000000e-03,2.011065566711989e-03,-1.106556671198874e-05
2500,21,1.800000000000000e-03,1.267666820303512e-03,5.323331796964884e-04
2500,22,-1.500000000000000e-03,-1.492535075964787e-03,-7.464924035212707e-06
2500,23,1.200000000000000e-03,9.740380956360237e-04,2.259619043639762e-04
2500,24,1.000000000000000e-03,8.567228812950864e-04,1.432771187049137e-04
2500,25,-8.000000000000000e-04,-8.520696740165932e-04,5.206967401659315e-05
2500,26,5.999999999999999e-04,2.002220136017384e-04,3.997779863982616e-04
2500,27,5.000000000000000e-04,7.768867585602802e-04,-2.768867585602802e-04
2500,28,-4.000000000000000e-04,-2.124246921316910e-04,-1.875753078683090e-04
2500,29,3.000000000000000e-04,4.598053846618838e-04,-1.598053846618838e-04
2600,0,1.200000000000000e-01,1.130586290504162e-01,6.941370949583747e-03
2600,1,-8.000000000000000e-02,-7.533050076169791e-02,-4.669499238302094e-03
2600,2,5.500000000000000e-02,5.186584103546725e-02,3.134158964532750e-03
2600,3,4.000000000000000e-02,3.766494904897028e-02,2.335050951029718e-03
2600,4,-3.000000000000000e-02,-2.866456303878734e-02,-1.335436961212657e-03
2600,5,2.500000000000000e-02,2.453855515277066e-02,4.614448472293441e-04
2600,6,2.000000000000000e-02,1.859646505848841e-02,1.403534941511592e-03
2600,7,-1.800000000000000e-02,-1.688266020118106e-02,-1.117339798818943e-03
2600,8,1.500000000000000e-02,1.432855658959612e-02,6.714434104038765e-04
2600,9,1.200000000000000e-02,1.100413108816217e-02,9.958689118378279e-04
2600,10,-1.000000000000000e-02,-9.547621203186630e-03,-4.523787968133703e-04
2600,11,8.999999999999999e-03,9.033606880899058e-03,-3.360688089905882e-05
2600,12,8.000000000000000e-03,7.333667879722574e-03,6.663321202774264e-04
2600,13,-7.000000000000000e-03,-7.534254678287132e-03,5.342546782871318e-04
2600,14,6.000000000000000e-03,6.028901969158559e-03,-2.890196915855854e-05
2600,15,5.000000000000000e-03,4.758889180620017e-03,2.411108193799832e-04
2600,16,-4.000000000000000e-03,-3.933546549646568e-03,-6.645345035343180e-05
2600,17,3.500000000000000e-03,3.323195711739828e-03,1.768042882601718e-04
2600,18,3.000000000000000e-03,2.959013487764653e-03,4.098651223534682e-05
2600,19,-2.500000000000000e-03,-2.742299243967757e-03,2.422992439677567e-04
2600,20,2.000000000000000e-03,2.141263094368752e-03,-1.412630943687524e-04
2600,21,1.800000000000000e-03,1.313963296928290e-03,4.860367030717096e-04
2600,22,-1.500000000000000e-03,-1.473005165087403e-03,-2.699483491259698e-05
2600,23,1.200000000000000e-03,9.740089139325208e-04,2.259910860674791e-04
2600,24,1.000000000000000e-03,9.434742715706345e-04,5.652572842936552e-05
2600,25,-8.000000000000000e-04,-9.264968904429314e-04,1.264968904429313e-04
2600,26,5.999999999999999e-04,2.688628340137162e-04,3.311371659862838e-04
2600,27,5.000000000000000e-04,7.133769687630299e-04,-2.133769687630299e-04
2600,28,-4.000000000000000e-04,-2.076027747052040e-04,-1.923972252947961e-04
2600,29,3.000000000000000e-04,4.135506759075611e-04,-1.135506759075612e-04
2700,0,1.200000000000000e-01,1.135889067338807e-01,6.411093266119314e-03
2700,1,-8.000000000000000e-02,-7.568525945350901e-02,-4.314740546490989e-03
2700,2,5.500000000000000e-02,5.214662794580661e-02,2.853372054193393e-03
2700,3,4.000000000000000e-02,3.787435650979618e-02,2.125643490203825e-03
2700,4,-3.000000000000000e-02,-2.882966826347335e-02,-1.170331736526645e-03
2700,5,2.500000000000000e-02,2.465245566625858e-02,3.475443337414216e-04
2700,6,2.000000000000000e-02,1.871953879815639e-02,1.280461201843615e-03
2700,7,-1.800000000000000e-02,-1.688512303736680e-02,-1.114876962633203e-03
2700,8,1.500000000000000e-02,1.427513833677338e-02,7.248616632266197e-04
2700,9,1.200000000000000e-02,1.118344365482002e-02,8.165563451799761e-04
2700,10,-1.000000000000000e-02,-9.540679439562435e-03,-4.593205604375653e-04
2700,11,8.999999999999999e-03,8.900710630745611e-03,9.928936925438815e-05
2700,12,8.000000000000000e-03,7.372318411761330e-03,6.276815882386702e-04
2700,13,-7.000000000000000e-03,-7.472183395815880e-03,4.721833958158802e-04
2700,14,6.000000000000000e-03,5.891145470358341e-03,1.088545296416589e-04
2700,15,5.000000000000000e-03,4.732241716089231e-03,2.677582839107689e-04
2700,16,-4.000000000000000e-03,-3.787026143492187e-03,-2.129738565078130e-04
2700,17,3.500000000000000e-03,3.242962802478875e-03,2.570371975211252e-04
2700,18,3.000000000000000e-03,2.908650601468480e-03,9.134939853152040e-05
2700,19,-2.500000000000000e-03,-2.527324883718866e-03,2.732488371886633e-05
2700,20,2.000000000000000e-03,1.982472076834289e-03,1.752792316571080e-05
2700,21,1.800000000000000e-03,1.390142192721828e-03,4.098578072781718e-04
2700,22,-1.500000000000000e-03,-1.402535988501998e-03,-9.746401149800222e-05
2700,23,1.200000000000000e-03,9.363411108011422e-04,2.636588891988577e-04
2700,24,1.000000000000000e-03,9.366363762933656e-04,6.336362370663439e-05
2700,25,-8.000000000000000e-04,-8.909491753710119e-04,9.094917537101187e-05
2700,26,5.999999999999999e-04,3.375592059873787e-04,2.624407940126212e-04
2700,27,5.000000000000000e-04,6.133575787585300e-04,-1.133575787585299e-04
2700,28,-4.000000000000000e-04,-1.982119360074454e-04,-2.017880639925546e-04
2700,29,3.000000000000000e-04,5.032826858599298e-04,-2.032826858599298e-04
2800,0,1.200000000000000e-01,1.142350348708292e-01,5.764965129170796e-03
2800,1,-8.000000000000000e-02,-7.599724620083494e-02,-4.002753799165065e-03
2800,2,5.500000000000000e-02,5.243297859412600e-02,2.567021405873997e-03
2800,3,4.000000000000000e-02,3.815933196677927e-02,1.840668033220728e-03
2800,4,-3.000000000000000e-02,-2.897342021972235e-02,-1.026579780277651e-03
2800,5,2.500000000000000e-02,2.479694020878271e-02,2.030597912172916e-04
2800,6,2.000000000000000e-02,1.877383219872792e-02,1.226167801272077e-03
2800,7,-1.800000000000000e-02,-1.696919662366899e-02,-1.030803376331008e-03
2800,8,1.500000000000000e-02,1.443399704084108e-02,5.660029591589150e-04
2800,9,1.200000000000000e-02,1.116503955096732e-02,8.349604490326765e-04
2800,10,-1.000000000000000e-02,-9.527549193095728e-03,-4.724508069042718e-04
2800,11,8.999999999999999e-03,8.904461974227078e-03,9.553802577292117e-05
2800,12,8.000000000000000e-03,7.410421702297016e-03,5.895782977029841e-04
2800,13,-7.000000000000000e-03,-7.382651944295730e-03,3.826519442957296e-04
2800,14,6.000000000000000e-03,5.849084753567715e-03,1.509152464322849e-04
2800,15,5.000000000000000e-03,4.811614716298346e-03,1.883852837016543e-04
2800,16,-4.000000000000000e-03,-3.819829893454587e-03,-1.801701065454134e-04
2800,17,3.500000000000000e-03,3.276598428657843e-03,2.234015713421574e-04
2800,18,3.000000000000000e-03,2.990943682758738e-03,9.056317241262248e-06
2800,19,-2.500000000000000e-03,-2.576797968899261e-03,7.679796889926115e-05
2800,20,2.000000000000000e-03,2.058568440602820e-03,-5.856844060281958e-05
2800,21,1.800000000000000e-03,1.481398782638215e-03,3.186012173617850e-04
2800,22,-1.500000000000000e-03,-1.432853785506264e-03,-6.714621449373562e-05
2800,23,1.200000000000000e-03,9.706618755382137e-04,2.293381244617862e-04
2800,24,1.000000000000000e-03,1.031291189458651e-03,-3.129118945865072e-05
2800,25,-8.000000000000000e-04,-8.295521281912173e-04,2.955212819121726e-05
2800,26,5.999999999999999e-04,3.557117528848779e-04,2.442882471151221e-04
2800,27,5.000000000000000e-04,6.929765906941999e-04,-1.929765906941999e-04
2800,28,-4.000000000000000e-04,-2.197852090879301e-04,-1.802147909120699e-04
2800,29,3.000000000000000e-04,4.725576409171144e-04,-1.725576409171144e-04
2900,0,1.200000000000000e-01,1.147391625849097e-01,5.260837415090272e-03
2900,1,-8.000000000000000e-02,-7.635589328233250e-02,-3.644106717667503e-03
2900,2,5.500000000000000e-02,5.264722219485569e-02,2.352777805144306e-03
2900,3,4.000000000000000e-02,3.816861589700046e-02,1.831384102999545e-03
2900,4,-3.000000000000000e-02,-2.898225094453231e-02,-1.017749055467691e-03
2900,5,2.500000000000000e-02,2.472647064430668e-02,2.735293556933201e-04
2900,6,2.000000000000000e-02,1.883303194146901e-02,1.166968058530990e-03
2900,7,-1.800000000000000e-02,-1.708979582013651e-02,-9.102041798634865e-04
2900,8,1.500000000000000e-02,1.453558278736128e-02,4.644172126387243e-04
2900,9,1.200000000000000e-02,1.117883198864939e-02,8.211680113506120e-04
2900,10,-1.000000000000000e-02,-9.579339599057823e-03,-4.206604009421768e-04
2900,11,8.999999999999999e-03,8.923491398585656e-03,7.650860141434311e-05
2900,12,8.000000000000000e-03,7.367239031114706e-03,6.327609688852945e-04
2900,13,-7.000000000000000e-03,-7.226075387817211e-03,2.260753878172107e-04
2900,14,6.000000000000000e-03,5.800856454040047e-03,1.991435459599532e-04
2900,15,5.000000000000000e-03,4.877327075689858e-03,1.226729243101422e-04
2900,16,-4.000000000000000e-03,-3.820667213730201e-03,-1.793327862697992e-04
2900,17,3.500000000000000e-03,3.314613138423310e-03,1.853868615766903e-04
2900,18,3.000000000000000e-03,2.952117984852657e-03,4.788201514734297e-05
2900,19,-2.500000000000000e-03,-2.602161769518246e-03,1.021617695182464e-04
2900,20,2.000000000000000e-03,2.003925241498529e-03,-3.925241498528749e-06
2900,21,1.800000000000000e-03,1.532552843498879e-03,2.674471565011210e-04
2900,22,-1.500000000000000e-03,-1.445353972536956e-03,-5.464602746304355e-05
2900,23,1.200000000000000e-03,9.621446903112637e-04,2.378553096887362e-04
2900,24,1.000000000000000e-03,1.043721300738158e-03,-4.372130073815837e-05
2900,25,-8.000000000000000e-04,-9.194814208613301e-04,1.194814208613301e-04
2900,26,5.999999999999999e-04,5.171549303472182e-04,8.284506965278171e-05
2900,27,5.000000000000000e-04,6.069815849734931e-04,-1.069815849734931e-04
2900,28,-4.000000000000000e-04,-2.463717275255148e-04,-1.536282724744852e-04
2900,29,3.000000000000000e-04,4.634680798834924e-04,-1.634680798834925e-04
3000,0,1.200000000000000e-01,1.152063547522171e-01,4.793645247782904e-03
3000,1,-8.000000000000000e-02,-7.664943679894258e-02,-3.350563201057422e-03
3000,2,5.500000000000000e-02,5.284114816977461e-02,2.158851830225392e-03
3000,3,4.000000000000000e-02,3.837127817820506e-02,1.628721821794937e-03
3000,4,-3.000000000000000e-02,-2.906149685191261e-02,-9.385031480873864e-04
3000,5,2.500000000000000e-02,2.471929849173877e-02,2.807015082612330e-04
3000,6,2.000000000000000e-02,1.894895566871568e-02,1.051044331284317e-03
3000,7,-1.800000000000000e-02,-1.720874189600665e-02,-7.912581039933482e-04
3000,8,1.500000000000000e-02,1.464948051412211e-02,3.505194858778853e-04
3000,9,1.200000000000000e-02,1.118706104578148e-02,8.129389542185193e-04
3000,10,-1.000000000000000e-02,-9.618386662442977e-03,-3.816133375570234e-04
3000,11,8.999999999999999e-03,8.906037457376720e-03,9.396254262327916e-05
3000,12,8.000000000000000e-03,7.474520686421899e-03,5.254793135781007e-04
3000,13,-7.000000000000000e-03,-7.255353059187120e-03,2.553530591871203e-04
3000,14,6.000000000000000e-03,5.807322343701837e-03,1.926776562981630e-04
3000,15,5.000000000000000e-03,4.912997353150541e-03,8.700264684945950e-05
3000,16,-4.000000000000000e-03,-3.857750750872360e-03,-1.422492491276401e-04
3000,17,3.500000000000000e-03,3.454685405216258e-03,4.531459478374252e-05
3000,18,3.000000000000000e-03,2.918186858551048e-03,8.181314144895240e-05
3000,19,-2.500000000000000e-03,-2.559888062990086e-03,5.988806299008637e-05
3000,20,2.000000000000000e-03,2.034065166021525e-03,-3.406516602152488e-05
3000,21,1.800000000000000e-03,1.630285271452719e-03,1.697147285472807e-04
3000,22,-1.500000000000000e-03,-1.481337936673885e-03,-1.866206332611520e-05
3000,23,1.200000000000000e-03,1.035422908331601e-03,1.645770916683992e-04
3000,24,1.000000000000000e-03,1.081428038023674e-03,-8.142803802367441e-05
3000,25,-8.000000000000000e-04,-8.257554198736934e-04,2.575541987369335e-05
3000,26,5.999999999999999e-04,4.263749570913151e-04,1.736250429086849e-04
3000,27,5.000000000000000e-04,7.105009470584299e-04,-2.105009470584299e-04
3000,28,-4.000000000000000e-04,-2.969772164787738e-04,-1.030227835212262e-04
3000,29,3.000000000000000e-04,4.523052868604808e-04,-1.523052868604808e-04
3100,0,1.200000000000000e-01,1.157018445794439e-01,4.298155420556102e-03
3100,1,-8.000000000000000e-02,-7.700939838153298e-02,-2.990601618467023e-03
3100,2,5.500000000000000e-02,5.301786849559607e-02,1.982131504403926e-03
3100,3,4.000000000000000e-02,3.859472095889330e-02,1.405279041106697e-03
3100,4,-3.000000000000000e-02,-2.925026730966072e-02,-7.497326903392783e-04
3100,5,2.500000000000000e-02,2.479632458908762e-02,2.036754109123809e-04
3100,6,2.000000000000000e-02,1.907772246069419e-02,9.222775393058144e-04
3100,7,-1.800000000000000e-02,-1.732406070458856e-02,-6.759392954114353e-04
3100,8,1.500000000000000e-02,1.474210711374545e-02,2.578928862545515e-04
3100,9,1.200000000000000e-02,1.124863805255244e-02,7.513619474475638e-04
3100,10,-1.000000000000000e-02,-9.713718184926983e-03,-2.862818150730171e-04
3100,11,8.999999999999999e-03,8.963559600332847e-03,3.644039966715223e-05
3100,12,8.000000000000000e-03,7.507432413135805e-03,4.925675868641954e-04
3100,13,-7.000000000000000e-03,-7.271741783349971e-03,2.717417833499707e-04
3100,14,6.000000000000000e-03,5.865606893393253e-03,1.343931066067469e-04
3100,15,5.000000000000000e-03,4.924664771053679e-03,7.533522894632126e-05
3100,16,-4.000000000000000e-03,-3.881535973138395e-03,-1.184640268616049e-04
3100,17,3.500000000000000e-03,3.419646854168866e-03,8.035314583113452e-05
3100,18,3.000000000000000e-03,3.116488704858852e-03,-1.164887048588515e-04
3100,19,-2.500000000000000e-03,-2.633475150099717e-03,1.334751500997166e-04
3100,20,2.000000000000000e-03,1.953424389085056e-03,4.657561091494372e-05
3100,21,1.800000000000000e-03,1.841805847693897e-03,-4.180584769389729e-05
3100,22,-1.500000000000000e-03,-1.597797364485879e-03,9.779736448587914e-05
3100,23,1.200000000000000e-03,1.060571313682591e-03,1.394286863174085e-04
3100,24,1.000000000000000e-03,1.178557922264609e-03,-1.785579222646091e-04
3100,25,-8.000000000000000e-04,-8.939354856908222e-04,9.393548569082216e-05
3100,26,5.999999999999999e-04,5.049430253023396e-04,9.505697469766030e-05
3100,27,5.000000000000000e-04,7.447233676348366e-04,-2.447233676348366e-04
3100,28,-4.000000000000000e-04,-3.625520200370245e-04,-3.744797996297554e-05
3100,29,3.000000000000000e-04,5.188949015662253e-04,-2.188949015662253e-04
3200,0,1.200000000000000e-01,1.161089068216917e-01,3.891093178308255e-03
3200,1,-8.000000000000000e-02,-7.725447195252874e-02,-2.745528047471260e-03
3200,2,5.500000000000000e-02,5.318708812110058e-02,1.812911878899419e-03
3200,3,4.000000000000000e-02,3.874798059258641e-02,1.252019407413589e-03
3200,4,-3.000000000000000e-02,-2.927135130739956e-02,-7.286486926004407e-04
3200,5,2.500000000000000e-02,2.484068434690507e-02,1.593156530949359e-04
3200,6,2.000000000000000e-02,1.918353045597830e-02,8.164695440216960e-04
3200,7,-1.800000000000000e-02,-1.737799008113333e-02,-6.220099188666700e-04
3200,8,1.500000000000000e-02,1.480392929039424e-02,1.960707096057644e-04
3200,9,1.200000000000000e-02,1.136263664834855e-02,6.373633516514546e-04
3200,10,-1.000000000000000e-02,-9.744361204141860e-03,-2.556387958581405e-04
3200,11,8.999999999999999e-03,8.977211775493521e-03,2.278822450647866e-05
3200,12,8.000000000000000e-03,7.580386240560534e-03,4.196137594394663e-04
3200,13,-7.000000000000000e-03,-7.242461325471977e-03,2.424613254719769e-04
3200,14,6.000000000000000e-03,5.904264991208144e-03,9.573500879185657e-05
3200,15,5.000000000000000e-03,4.873939183200464e-03,1.260608167995359e-04
3200,16,-4.000000000000000e-03,-3.781842140987650e-03,-2.181578590123500e-04
3200,17,3.500000000000000e-03,3.434258867001859e-03,6.574113299814095e-05
3200,18,3.000000000000000e-03,3.113271493637892e-03,-1.132714936378917e-04
3200,19,-2.500000000000000e-03,-2.586311903830948e-03,8.631190383094752e-05
3200,20,2.000000000000000e-03,1.979116743775820e-03,2.088325622418051e-05
3200,21,1.800000000000000e-03,1.877843181182001e-03,-7.784318118200144e-05
3200,22,-1.500000000000000e-03,-1.558918163064033e-03,5.891816306403345e-05
3200,23,1.200000000000000e-03,1.098631621651802e-03,1.013683783481984e-04
3200,24,1.000000000000000e-03,1.173282093942695e-03,-1.732820939426948e-04
3200,25,-8.000000000000000e-04,-9.203528826930093e-04,1.203528826930093e-04
3200,26,5.999999999999999e-04,6.158301807745466e-04,-1.583018077454669e-05
3200,27,5.000000000000000e-04,6.680420720073049e-04,-1.680420720073049e-04
3200,28,-4.000000000000000e-04,-3.331720246838484e-04,-6.682797531615161e-05
3200,29,3.000000000000000e-04,5.068534757425798e-04,-2.068534757425798e-04
3300,0,1.200000000000000e-01,1.164789209595325e-01,3.521079040467542e-03
3300,1,-8.000000000000000e-02,-7.747292351556370e-02,-2.527076484436300e-03
3300,2,5.500000000000000e-02,5.333681715368013e-02,1.663182846319874e-03
3300,3,4.000000000000000e-02,3.897306557440951e-02,1.026934425590487e-03
3300,4,-3.000000000000000e-02,-2.942934722656080e-02,-5.706527734391995e-04
3300,5,2.500000000000000e-02,2.489613834220520e-02,1.038616577947980e-04
3300,6,2.000000000000000e-02,1.925403997031699e-02,7.459600296830064e-04
3300,7,-1.800000000000000e-02,-1.748845113720421e-02,-5.115488627957868e-04
3300,8,1.500000000000000e-02,1.485627492620824e-02,1.437250737917582e-04
3300,9,1.200000000000000e-02,1.145654738462517e-02,5.434526153748256e-04
3300,10,-1.000000000000000e-02,-9.807344522605895e-03,-1.926554773941051e-04
3300,11,8.999999999999999e-03,9.000756575093000e-03,-7.565750930003251e-07
3300,12,8.000000000000000e-03,7.644305996411165e-03,3.556940035888351e-04
3300,13,-7.000000000000000e-03,-7.252869049176182e-03,2.528690491761815e-04
3300,14,6.000000000000000e-03,5.891344259461201e-03,1.086557405387996e-04
3300,15,5.000000000000000e-03,4.881787755721697e-03,1.182122442783028e-04
3300,16,-4.000000000000000e-03,-3.804383579504916e-03,-1.956164204950841e-04
3300,17,3.500000000000000e-03,3.440607699866953e-03,5.939230013304658e-05
3300,18,3.000000000000000e-03,3.042390230419579e-03,-4.239023041957904e-05
3300,19,-2.500000000000000e-03,-2.538052089312975e-03,3.805208931297478e-05
3300,20,2.000000000000000e-03,2.000667014762250e-03,-6.670147622497846e-07
3300,21,1.800000000000000e-03,1.786868129635961e-03,1.313187036403865e-05
3300,22,-1.500000000000000e-03,-1.467276307383952e-03,-3.272369261604819e-05
3300,23,1.200000000000000e-03,1.055445401618729e-03,1.445545983812704e-04
3300,24,1.000000000000000e-03,1.117325539210344e-03,-1.173255392103441e-04
3300,25,-8.000000000000000e-04,-8.524165495070848e-04,5.241654950708481e-05
3300,26,5.999999999999999e-04,5.667408269066291e-04,3.325917309337080e-05
3300,27,5.000000000000000e-04,6.080086750965946e-04,-1.080086750965946e-04
3300,28,-4.000000000000000e-04,-3.050335742396798e-04,-9.496642576032021e-05
3300,29,3.000000000000000e-04,5.277596540725842e-04,-2.277596540725842e-04
3400,0,1.200000000000000e-01,1.168321126854229e-01,3.167887314577081e-03
3400,1,-8.000000000000000e-02,-7.776819710263175e-02,-2.231802897368254e-03
3400,2,5.500000000000000e-02,5.346371680768144e-02,1.536283192318563e-03
3400,3,4.000000000000000e-02,3.908915151394649e-02,9.108484860535088e-04
3400,4,-3.000000000000000e-02,-2.956393507464775e-02,-4.360649253522496e-04
3400,5,2.500000000000000e-02,2.491149222375491e-02,8.850777624509407e-05
3400,6,2.000000000000000e-02,1.931034626775920e-02,6.896537322408011e-04
3400,7,-1.800000000000000e-02,-1.758540174896659e-02,-4.145982510334045e-04
3400,8,1.500000000000000e-02,1.489612081920747e-02,1.038791807925314e-04
3400,9,1.200000000000000e-02,1.147499140111792e-02,5.250085988820798e-04
3400,10,-1.000000000000000e-02,-9.850574848680132e-03,-1.494251513198680e-04
3400,11,8.999999999999999e-03,9.024274117110981e-03,-2.427411711098185e-05
3400,12,8.000000000000000e-03,7.673952611557432e-03,3.260473884425684e-04
3400,13,-7.000000000000000e-03,-7.258752554685506e-03,2.587525546855060e-04
3400,14,6.000000000000000e-03,5.969372621875738e-03,3.062737812426202e-05
3400,15,5.000000000000000e-03,4.874529749864591e-03,1.254702501354088e-04
3400,16,-4.000000000000000e-03,-3.867844563088223e-03,-1.321554369117768e-04
3400,17,3.500000000000000e-03,3.541567839802231e-03,-4.156783980223053e-05
3400,18,3.000000000000000e-03,3.003713349048206e-03,-3.713349048205944e-06
3400,19,-2.500000000000000e-03,-2.566109385279757e-03,6.610938527975728e-05
3400,20,2.000000000000000e-03,2.066139063157412e-03,-6.613906315741181e-05
3400,21,1.800000000000000e-03,1.713623484597884e-03,8.637651540211572e-05
3400,22,-1.500000000000000e-03,-1.476454837200751e-03,-2.354516279924916e-05
3400,23,1.200000000000000e-03,1.119116215382350e-03,8.088378461764941e-05
3400,24,1.000000000000000e-03,1.093733282916883e-03,-9.373328291688255e-05
3400,25,-8.000000000000000e-04,-8.289331439573738e-04,2.893314395737377e-05
3400,26,5.999999999999999e-04,5.883570432256814e-04,1.164295677431859e-05
3400,27,5.000000000000000e-04,6.314065045079833e-04,-1.314065045079833e-04
3400,28,-4.000000000000000e-04,-3.144254557180940e-04,-8.557454428190599e-05
3400,29,3.000000000000000e-04,4.913502168880458e-04,-1.913502168880458e-04
3500,0,1.200000000000000e-01,1.171628278026498e-01,2.837172197350177e-03
3500,1,-8.000000000000000e-02,-7.795901295491915e-02,-2.040987045080850e-03
3500,2,5.500000000000000e-02,5.361378925408954e-02,1.386210745910457e-03
3500,3,4.000000000000000e-02,3.912787044026891e-02,8.721295597310941e-04
3500,4,-3.000000000000000e-02,-2.958089287660265e-02,-4.191071233973533e-04
3500,5,2.500000000000000e-02,2.491947347754225e-02,8.052652245775505e-05
3500,6,2.000000000000000e-02,1.931108446949644e-02,6.889155305035560e-04
3500,7,-1.800000000000000e-02,-1.761770934235308e-02,-3.822906576469200e-04
3500,8,1.500000000000000e-02,1.491485620687202e-02,8.514379312798102e-05
3500,9,1.200000000000000e-02,1.151311055049388e-02,4.868894495061223e-04
3500,10,-1.000000000000000e-02,-9.891806968069048e-03,-1.081930319309522e-04
3500,11,8.999999999999999e-03,9.051412769135320e-03,-5.141276913532035e-05
3500,12,8.000000000000000e-03,7.699187771506284e-03,3.008122284937163e-04
3500,13,-7.000000000000000e-03,-7.190447384284030e-03,1.904473842840298e-04
3500,14,6.000000000000000e-03,5.966308218265428e-03,3.369178173457180e-05
3500,15,5.000000000000000e-03,4.842102021813551e-03,1.578979781864491e-04
3500,16,-4.000000000000000e-03,-3.879625223918769e-03,-1.203747760812313e-04
3500,17,3.500000000000000e-03,3.542230758027935e-03,-4.223075802793500e-05
3500,18,3.000000000000000e-03,2.985264842500837e-03,1.473515749916355e-05
3500,19,-2.500000000000000e-03,-2.563172836356281e-03,6.317283635628047e-05
3500,20,2.000000000000000e-03,2.042485165709346e-03,-4.248516570934608e-05
3500,21,1.800000000000000e-03,1.780971822532290e-03,1.902817746771016e-05
3500,22,-1.500000000000000e-03,-1.516498102213224e-03,1.649810221322355e-05
3500,23,1.200000000000000e-03,1.173905417121978e-03,2.609458287802205e-05
3500,24,1.000000000000000e-03,1.031917679003351e-03,-3.191767900335139e-05
3500,25,-8.000000000000000e-04,-7.265552925841502e-04,-7.344470741584984e-05
3500,26,5.999999999999999e-04,5.231988505425868e-04,7.680114945741317e-05
3500,27,5.000000000000000e-04,6.529657897242605e-04,-1.529657897242605e-04
3500,28,-4.000000000000000e-04,-3.337700111698388e-04,-6.622998883016126e-05
3500,29,3.000000000000000e-04,4.418197841315451e-04,-1.418197841315451e-04
3600,0,1.200000000000000e-01,1.173808249971577e-01,2.619175002842283e-03
3600,1,-8.000000000000000e-02,-7.810311382425225e-02,-1.896886175747750e-03
3600,2,5.500000000000000e-02,5.371858574536246e-02,1.281414254637542e-03
3600,3,4.000000000000000e-02,3.923868069994811e-02,7.613193000518895e-04
3600,4,-3.000000000000000e-02,-2.964196644561199e-02,-3.580335543880118e-04
3600,5,2.500000000000000e-02,2.495300624395318e-02,4.699375604682102e-05
3600,6,2.000000000000000e-02,1.936852001243130e-02,6.314799875686977e-04
3600,7,-1.800000000000000e-02,-1.764051016630649e-02,-3.594898336935076e-04
3600,8,1.500000000000000e-02,1.491944319935659e-02,8.055680064341340e-05
3600,9,1.200000000000000e-02,1.153736184158821e-02,4.626381584117885e-04
3600,10,-1.000000000000000e-02,-9.918168864550150e-03,-8.183113544985021e-05
3600,11,8.999999999999999e-03,9.046390258905490e-03,-4.639025890549112e-05
3600,12,8.000000000000000e-03,7.702836550753590e-03,2.971634492464105e-04
3600,13,-7.000000000000000e-03,-7.191961230126984e-03,1.919612301269835e-04
3600,14,6.000000000000000e-03,5.963701361560559e-03,3.629863843944078e-05
3600,15,5.000000000000000e-03,4.859114644393430e-03,1.408853556065705e-04
3600,16,-4.000000000000000e-03,-3.899338561211760e-03,-1.006614387882398e-04
3600,17,3.500000000000000e-03,3.557683658218953e-03,-5.768365821895265e-05
3600,18,3.000000000000000e-03,2.968232152299344e-03,3.176784770065558e-05
3600,19,-2.500000000000000e-03,-2.546979651157788e-03,4.697965115778822e-05
3600,20,2.000000000000000e-03,2.015710981356501e-03,-1.571098135650121e-05
3600,21,1.800000000000000e-03,1.773954904229724e-03,2.604509577027554e-05
3600,22,-1.500000000000000e-03,-1.506972421082657e-03,6.972421082657295e-06
3600,23,1.200000000000000e-03,1.178829197903172e-03,2.117080209682758e-05
3600,24,1.000000000000000e-03,1.023650795665921e-03,-2.365079566592145e-05
3600,25,-8.000000000000000e-04,-7.255649343417277e-04,-7.443506565827230e-05
3600,26,5.999999999999999e-04,5.182351611026778e-04,8.176483889732217e-05
3600,27,5.000000000000000e-04,6.719873304855250e-04,-1.719873304855250e-04
3600,28,-4.000000000000000e-04,-3.754404376387537e-04,-2.455956236124628e-05
3600,29,3.000000000000000e-04,4.523252133295980e-04,-1.523252133295980e-04
3700,0,1.200000000000000e-01,1.175768538413663e-01,2.423146158633677e-03
3700,1,-8.000000000000000e-02,-7.822713066674421e-02,-1.772869333255794e-03
3700,2,5.500000000000000e-02,5.379542525299769e-02,1.204574747002314e-03
3700,3,4.000000000000000e-02,3.931133485574421e-02,6.886651442557859e-04
3700,4,-3.000000000000000e-02,-2.971645390595688e-02,-2.835460940431161e-04
3700,5,2.500000000000000e-02,2.499033521234091e-02,9.664787659093704e-06
3700,6,2.000000000000000e-02,1.940534401357136e-02,5.946559864286431e-04
3700,7,-1.800000000000000e-02,-1.765409864725201e-02,-3.459013527479862e-04
3700,8,1.500000000000000e-02,1.494372026435796e-02,5.627973564203623e-05
3700,9,1.200000000000000e-02,1.158104958841786e-02,4.189504115821429e-04
3700,10,-1.000000000000000e-02,-9.929882312667991e-03,-7.011768733200877e-05
3700,11,8.999999999999999e-03,9.040878139099505e-03,-4.087813909950562e-05
3700,12,8.000000000000000e-03,7.726960443473287e-03,2.730395565267128e-04
3700,13,-7.000000000000000e-03,-7.225320807422478e-03,2.253208074224780e-04
3700,14,6.000000000000000e-03,6.012295004273843e-03,-1.229500427384327e-05
3700,15,5.000000000000000e-03,4.840767738549218e-03,1.592322614507825e-04
3700,16,-4.000000000000000e-03,-3.887344542633519e-03,-1.126554573664808e-04
3700,17,3.500000000000000e-03,3.573858944396777e-03,-7.385894439677649e-05
3700,18,3.000000000000000e-03,2.921448489882016e-03,7.855151011798393e-05
3700,19,-2.500000000000000e-03,-2.524136869485320e-03,2.413686948532024e-05
3700,20,2.000000000000000e-03,2.027410301976550e-03,-2.741030197654995e-05
3700,21,1.800000000000000e-03,1.721190270520188e-03,7.880972947981227e-05
3700,22,-1.500000000000000e-03,-1.508522847530282e-03,8.522847530282457e-06
3700,23,1.200000000000000e-03,1.211763160509875e-03,-1.176316050987484e-05
3700,24,1.000000000000000e-03,9.528145909233730e-04,4.718540907662700e-05
3700,25,-8.000000000000000e-04,-7.180847778837090e-04,-8.191522211629108e-05
3700,26,5.999999999999999e-04,5.312544161752224e-04,6.874558382477752e-05
3700,27,5.000000000000000e-04,6.107439985829776e-04,-1.107439985829775e-04
3700,28,-4.000000000000000e-04,-3.620142908692089e-04,-3.798570913079107e-05
3700,29,3.000000000000000e-04,4.298047087035153e-04,-1.298047087035153e-04
3800,0,1.200000000000000e-01,1.178095956202506e-01,2.190404379749378e-03
3800,1,-8.000000000000000e-02,-7.843212303118528e-02,-1.567876968814719e-03
3800,2,5.500000000000000e-02,5.390096488396271e-02,1.099035116037289e-03
3800,3,4.000000000000000e-02,3.936396137880525e-02,6.360386211947539e-04
3800,4,-3.000000000000000e-02,-2.970538877842059e-02,-2.946112215794078e-04
3800,5,2.500000000000000e-02,2.495900454237160e-02,4.099545762840592e-05
3800,6,2.000000000000000e-02,1.951188247193492e-02,4.881175280650844e-04
3800,7,-1.800000000000000e-02,-1.774130521320882e-02,-2.586947867911811e-04
3800,8,1.500000000000000e-02,1.497327162907154e-02,2.672837092845999e-05
3800,9,1.200000000000000e-02,1.164753205561512e-02,3.524679443848780e-04
3800,10,-1.000000000000000e-02,-9.947058996929072e-03,-5.294100307092799e-05
3800,11,8.999999999999999e-03,9.014717881860682e-03,-1.471788186068260e-05
3800,12,8.000000000000000e-03,7.789905775944163e-03,2.100942240558373e-04
3800,13,-7.000000000000000e-03,-7.250885135019599e-03,2.508851350195990e-04
3800,14,6.000000000000000e-03,6.027534110305717e-03,-2.753411030571688e-05
3800,15,5.000000000000000e-03,4.865205940181234e-03,1.347940598187660e-04
3800,16,-4.000000000000000e-03,-3.883988372332428e-03,-1.160116276675721e-04
3800,17,3.500000000000000e-03,3.526411475815015e-03,-2.641147581501505e-05
3800,18,3.000000000000000e-03,2.954164210704998e-03,4.583578929500190e-05
3800,19,-2.500000000000000e-03,-2.535996247540894e-03,3.599624754089354e-05
3800,20,2.000000000000000e-03,1.996160786580436e-03,3.839213419563978e-06
3800,21,1.800000000000000e-03,1.700979941741431e-03,9.902005825856942e-05
3800,22,-1.500000000000000e-03,-1.489766384234972e-03,-1.023361576502806e-05
3800,23,1.200000000000000e-03,1.175923916959652e-03,2.407608304034808e-05
3800,24,1.000000000000000e-03,9.357910416584422e-04,6.420895834155786e-05
3800,25,-8.000000000000000e-04,-7.152267748233089e-04,-8.477322517669111e-05
3800,26,5.999999999999999e-04,5.380248311055642e-04,6.197516889443579e-05
3800,27,5.000000000000000e-04,5.626844277043398e-04,-6.268442770433974e-05
3800,28,-4.000000000000000e-04,-3.136400491125583e-04,-8.635995088744175e-05
3800,29,3.000000000000000e-04,3.918225751157399e-04,-9.182257511573989e-05
3900,0,1.200000000000000e-01,1.180124973798830e-01,1.987502620117015e-03
3900,1,-8.000000000000000e-02,-7.858420223301067e-02,-1.415797766989330e-03
3900,2,5.500000000000000e-02,5.398366460782821e-02,1.016335392171795e-03
3900,3,4.000000000000000e-02,3.948817847030967e-02,5.118215296903289e-04
3900,4,-3.000000000000000e-02,-2.978001716913508e-02,-2.199828308649190e-04
3900,5,2.500000000000000e-02,2.496586314151561e-02,3.413685848438833e-05
3900,6,2.000000000000000e-02,1.958934641245502e-02,4.106535875449818e-04
3900,7,-1.800000000000000e-02,-1.778514829340781e-02,-2.148517065921896e-04
3900,8,1.500000000000000e-02,1.498659724979113e-02,1.340275020886815e-05
3900,9,1.200000000000000e-02,1.169579138277712e-02,3.042086172228755e-04
3900,10,-1.000000000000000e-02,-9.949001124032113e-03,-5.099887596788678e-05
3900,11,8.999999999999999e-03,8.982671045003457e-03,1.732895499654240e-05
3900,12,8.000000000000000e-03,7.842555636093679e-03,1.574443639063214e-04
3900,13,-7.000000000000000e-03,-7.233217140987884e-03,2.332171409878837e-04
3900,14,6.000000000000000e-03,5.986600441898227e-03,1.339955810177301e-05
3900,15,5.000000000000000e-03,4.901945107361531e-03,9.805489263846941e-05
3900,16,-4.000000000000000e-03,-3.868460191571511e-03,-1.315398084284886e-04
3900,17,3.500000000000000e-03,3.466271230502111e-03,3.372876949788882e-05
3900,18,3.000000000000000e-03,2.975477448599325e-03,2.452255140067547e-05
3900,19,-2.500000000000000e-03,-2.514906659143845e-03,1.490665914384527e-05
3900,20,2.000000000000000e-03,1.921206578988796e-03,7.879342101120373e-05
3900,21,1.800000000000000e-03,1.732620338517491e-03,6.737966148250940e-05
3900,22,-1.500000000000000e-03,-1.448947936810275e-03,-5.105206318972515e-05
3900,23,1.200000000000000e-03,1.116115009687741e-03,8.388499031225841e-05
3900,24,1.000000000000000e-03,9.637248007389648e-04,3.627519926103519e-05
3900,25,-8.000000000000000e-04,-7.009270437202478e-04,-9.907295627975229e-05
3900,26,5.999999999999999e-04,5.016371736217453e-04,9.836282637825462e-05
3900,27,5.000000000000000e-04,5.587861715959382e-04,-5.878617159593821e-05
3900,28,-4.000000000000000e-04,-3.112777359517147e-04,-8.872226404828531e-05
3900,29,3.000000000000000e-04,3.527399417351350e-04,-5.273994173513502e-05
4000,0,1.200000000000000e-01,1.181855776446130e-01,1.814422355387008e-03
4000,1,-8.000000000000000e-02,-7.871269369431831e-02,-1.287306305681690e-03
4000,2,5.500000000000000e-02,5.405627641448622e-02,9.437235855137768e-04
4000,3,4.000000000000000e-02,3.952792222784285e-02,4.720777721571520e-04
4000,4,-3.000000000000000e-02,-2.981452740134762e-02,-1.854725986523836e-04
4000,5,2.500000000000000e-02,2.496780602002395e-02,3.219397997605497e-05
4000,6,2.000000000000000e-02,1.961458533566405e-02,3.854146643359480e-04
4000,7,-1.800000000000000e-02,-1.781779196003532e-02,-1.822080399646805e-04
4000,8,1.500000000000000e-02,1.496283981043984e-02,3.716018956016406e-05
4000,9,1.200000000000000e-02,1.173960450712189e-02,2.603954928781082e-04
4000,10,-1.000000000000000e-02,-9.991551810066251e-03,-8.448189933748726e-06
4000,11,8.999999999999999e-03,8.982746497002878e-03,1.725350299712144e-05
4000,12,8.000000000000000e-03,7.859990927167378e-03,1.400090728326218e-04
4000,13,-7.000000000000000e-03,-7.232790649584776e-03,2.327906495847758e-04
4000,14,6.000000000000000e-03,5.988274269126211e-03,1.172573087378920e-05
4000,15,5.000000000000000e-03,4.920868194969326e-03,7.913180503067371e-05
4000,16,-4.000000000000000e-03,-3.913388962449176e-03,-8.661103755082389e-05
4000,17,3.500000000000000e-03,3.509228955863460e-03,-9.228955863459579e-06
4000,18,3.000000000000000e-03,2.967073130314410e-03,3.292686968558957e-05
4000,19,-2.500000000000000e-03,-2.504075701182198e-03,4.075701182197460e-06
4000,20,2.000000000000000e-03,1.931391878202951e-03,6.860812179704896e-05
4000,21,1.800000000000000e-03,1.736371488582464e-03,6.362851141753618e-05
4000,22,-1.500000000000000e-03,-1.458093713110293e-03,-4.190628688970706e-05
4000,23,1.200000000000000e-03,1.150318925946483e-03,4.968107405351700e-05
4000,24,1.000000000000000e-03,9.738333695530835e-04,2.616663044691656e-05
4000,25,-8.000000000000000e-04,-7.182788300721170e-04,-8.172116992788306e-05
4000,26,5.999999999999999e-04,4.968185870725933e-04,1.031814129274066e-04
4000,27,5.000000000000000e-04,5.602088729656333e-04,-6.020887296563334e-05
4000,28,-4.000000000000000e-04,-3.154451458127182e-04,-8.455485418728181e-05
4000,29,3.000000000000000e-04,3.304516776890016e-04,-3.045167768900167e-05
4100,0,1.200000000000000e-01,1.183619208810369e-01,1.638079118963104e-03
4100,1,-8.000000000000000e-02,-7.884954620197150e-02,-1.150453798028500e-03
4100,2,5.500000000000000e-02,5.414218112781895e-02,8.578188721810459e-04
4100,3,4.000000000000000e-02,3.960100773390744e-02,3.989922660925585e-04
4100,4,-3.000000000000000e-02,-2.986644179905718e-02,-1.335582009428203e-04
4100,5,2.500000000000000e-02,2.496780564161722e-02,3.219435838278453e-05
4100,6,2.000000000000000e-02,1.967058589858138e-02,3.294141014186201e-04
4100,7,-1.800000000000000e-02,-1.782145441201731e-02,-1.785455879826890e-04
4100,8,1.500000000000000e-02,1.491334582012156e-02,8.665417987844398e-05
4100,9,1.200000000000000e-02,1.180491280322966e-02,1.950871967703379e-04
4100,10,-1.000000000000000e-02,-1.001224497406217e-02,1.224497406216579e-05
4100,11,8.999999999999999e-03,8.948154692478760e-03,5.184530752123939e-05
4100,12,8.000000000000000e-03,7.904157716446460e-03,9.584228355354052e-05
4100,13,-7.000000000000000e-03,-7.231681639826325e-03,2.316816398263248e-04
4100,14,6.000000000000000e-03,5.992555787237757e-03,7.444212762243267e-06
4100,15,5.000000000000000e-03,4.928081495131948e-03,7.191850486805255e-05
4100,16,-4.000000000000000e-03,-3.905149105845796e-03,-9.485089415420429e-05
4100,17,3.500000000000000e-03,3.504127412325633e-03,-4.127412325632875e-06
4100,18,3.000000000000000e-03,2.946916679895261e-03,5.308332010473937e-05
4100,19,-2.500000000000000e-03,-2.475192715089278e-03,-2.480728491072171e-05
4100,20,2.000000000000000e-03,1.940970343107190e-03,5.902965689281049e-05
4100,21,1.800000000000000e-03,1.752720734624734e-03,4.727926537526593e-05
4100,22,-1.500000000000000e-03,-1.464523867445446e-03,-3.547613255455392e-05
4100,23,1.200000000000000e-03,1.160574160755703e-03,3.942583924429694e-05
4100,24,1.000000000000000e-03,9.871844972700874e-04,1.281550272991261e-05
4100,25,-8.000000000000000e-04,-7.054585019706088e-04,-9.454149802939123e-05
4100,26,5.999999999999999e-04,5.082697595397182e-04,9.173024046028172e-05
4100,27,5.000000000000000e-04,5.609446830025017e-04,-6.094468300250173e-05
4100,28,-4.000000000000000e-04,-2.896885685264615e-04,-1.103114314735385e-04
4100,29,3.000000000000000e-04,2.890463798442268e-04,1.095362015577321e-05
4200,0,1.200000000000000e-01,1.185286896283902e-01,1.471310371609802e-03
4200,1,-8.000000000000000e-02,-7.895215956863413e-02,-1.047840431365868e-03
4200,2,5.500000000000000e-02,5.423755822430803e-02,7.624417756919716e-04
4200,3,4.000000000000000e-02,3.962594455451763e-02,3.740554454823714e-04
4200,4,-3.000000000000000e-02,-2.987286034073353e-02,-1.271396592664661e-04
4200,5,2.500000000000000e-02,2.497144049441318e-02,2.855950558682332e-05
4200,6,2.000000000000000e-02,1.968970760728636e-02,3.102923927136431e-04
4200,7,-1.800000000000000e-02,-1.781603037076114e-02,-1.839696292388580e-04
4200,8,1.500000000000000e-02,1.490263422840314e-02,9.736577159685615e-05
4200,9,1.200000000000000e-02,1.184743395218792e-02,1.525660478120822e-04
4200,10,-1.000000000000000e-02,-1.001632397223786e-02,1.632397223786351e-05
4200,11,8.999999999999999e-03,8.964046625288710e-03,3.595337471128980e-05
4200,12,8.000000000000000e-03,7.903238558047065e-03,9.676144195293508e-05
4200,13,-7.000000000000000e-03,-7.195731128533983e-03,1.957311285339831e-04
4200,14,6.000000000000000e-03,5.970668952403971e-03,2.933104759602918e-05
4200,15,5.000000000000000e-03,4.946454945379893e-03,5.354505462010738e-05
4200,16,-4.000000000000000e-03,-3.941500699677271e-03,-5.849930032272941e-05
4200,17,3.500000000000000e-03,3.482566725483515e-03,1.743327451648536e-05
4200,18,3.000000000000000e-03,2.928105694963188e-03,7.189430503681208e-05
4200,19,-2.500000000000000e-03,-2.502261394942233e-03,2.261394942232927e-06
4200,20,2.000000000000000e-03,1.938929165906016e-03,6.107083409398386e-05
4200,21,1.800000000000000e-03,1.759117722420635e-03,4.088227757936477e-05
4200,22,-1.500000000000000e-03,-1.476309965078457e-03,-2.369003492154313e-05
4200,23,1.200000000000000e-03,1.153143405289893e-03,4.685659471010653e-05
4200,24,1.000000000000000e-03,9.749483976472518e-04,2.505160235274819e-05
4200,25,-8.000000000000000e-04,-7.156905250724069e-04,-8.430947492759310e-05
4200,26,5.999999999999999e-04,5.094968152190889e-04,9.050318478091108e-05
4200,27,5.000000000000000e-04,5.356824948867017e-04,-3.568249488670170e-05
4200,28,-4.000000000000000e-04,-2.761176251905971e-04,-1.238823748094029e-04
4200,29,3.000000000000000e-04,2.632499612233940e-04,3.675003877660595e-05
4300,0,1.200000000000000e-01,1.186690692472209e-01,1.330930752779083e-03
4300,1,-8.000000000000000e-02,-7.905758086423773e-02,-9.424191357622763e-04
4300,2,5.500000000000000e-02,5.431382998970742e-02,6.861700102925791e-04
4300,3,4.000000000000000e-02,3.963962462654198e-02,3.603753734580245e-04
4300,4,-3.000000000000000e-02,-2.986155447930860e-02,-1.384455206913972e-04
4300,5,2.500000000000000e-02,2.496706725172906e-02,3.293274827094114e-05
4300,6,2.000000000000000e-02,1.970820433769920e-02,2.917956623007985e-04
4300,7,-1.800000000000000e-02,-1.782237061073013e-02,-1.776293892698649e-04
4300,8,1.500000000000000e-02,1.490528322191578e-02,9.471677808422369e-05
4300,9,1.200000000000000e-02,1.190524541608791e-02,9.475458391208606e-05
4300,10,-1.000000000000000e-02,-1.006416129537996e-02,6.416129537996189e-05
4300,11,8.999999999999999e-03,9.000657290812855e-03,-6.572908128558291e-07
4300,12,8.000000000000000e-03,7.897079643121686e-03,1.029203568783145e-04
4300,13,-7.000000000000000e-03,-7.165677910988938e-03,1.656779109889374e-04
4300,14,6.000000000000000e-03,5.954832282273765e-03,4.516771772623482e-05
4300,15,5.000000000000000e-03,4.968280103473337e-03,3.171989652666317e-05
4300,16,-4.000000000000000e-03,-3.950380787766750e-03,-4.961921223324995e-05
4300,17,3.500000000000000e-03,3.480345893846938e-03,1.965410615306206e-05
4300,18,3.000000000000000e-03,2.966273858952933e-03,3.372614104706680e-05
4300,19,-2.500000000000000e-03,-2.524434707553121e-03,2.443470755312052e-05
4300,20,2.000000000000000e-03,1.933040786093529e-03,6.695921390647121e-05
4300,21,1.800000000000000e-03,1.758440715831451e-03,4.155928416854854e-05
4300,22,-1.500000000000000e-03,-1.454588395430380e-03,-4.541160456961960e-05
4300,23,1.200000000000000e-03,1.123597636773619e-03,7.640236322638098e-05
4300,24,1.000000000000000e-03,9.891405068215388e-04,1.085949317846118e-05
4300,25,-8.000000000000000e-04,-7.409558399405899e-04,-5.904416005941013e-05
4300,26,5.999999999999999e-04,5.472023189673371e-04,5.279768103266282e-05
4300,27,5.000000000000000e-04,5.050250847798252e-04,-5.025084779825169e-06
4300,28,-4.000000000000000e-04,-2.612651613946839e-04,-1.387348386053162e-04
4300,29,3.000000000000000e-04,2.418612625296738e-04,5.813873747032616e-05
4400,0,1.200000000000000e-01,1.188420897078790e-01,1.157910292121034e-03
4400,1,-8.000000000000000e-02,-7.915812581133881e-02,-8.418741886611902e-04
4400,2,5.500000000000000e-02,5.441808722119166e-02,5.819127788083411e-04
4400,3,4.000000000000000e-02,3.968092182511225e-02,3.190781748877505e-04
4400,4,-3.000000000000000e-02,-2.987308222730310e-02,-1.269177726968967e-04
4400,5,2.500000000000000e-02,2.498744075640246e-02,1.255924359754024e-05
4400,6,2.000000000000000e-02,1.974912790693585e-02,2.508720930641459e-04
4400,7,-1.800000000000000e-02,-1.784132272606679e-02,-1.586772739332089e-04
4400,8,1.500000000000000e-02,1.493134981596667e-02,6.865018403333367e-05
4400,9,1.200000000000000e-02,1.192739195262732e-02,7.260804737267701e-05
4400,10,-1.000000000000000e-02,-1.004445705700207e-02,4.445705700207095e-05
4400,11,8.999999999999999e-03,9.017893008596404e-03,-1.789300859640457e-05
4400,12,8.000000000000000e-03,7.919116870342116e-03,8.088312965788373e-05
4400,13,-7.000000000000000e-03,-7.144060369813104e-03,1.440603698131043e-04
4400,14,6.000000000000000e-03,5.956241302326651e-03,4.375869767334929e-05
4400,15,5.000000000000000e-03,4.978049429101761e-03,2.195057089823902e-05
4400,16,-4.000000000000000e-03,-3.971277158439587e-03,-2.872284156041262e-05
4400,17,3.500000000000000e-03,3.493214929414268e-03,6.785070585731742e-06
4400,18,3.000000000000000e-03,2.942199333895071e-03,5.780066610492881e-05
4400,19,-2.500000000000000e-03,-2.490962731665688e-03,-9.037268334312169e-06
4400,20,2.000000000000000e-03,1.914590104409967e-03,8.540989559003274e-05
4400,21,1.800000000000000e-03,1.785318110719848e-03,1.468188928015245e-05
4400,22,-1.500000000000000e-03,-1.462423666170279e-03,-3.757633382972113e-05
4400,23,1.200000000000000e-03,1.133078767849237e-03,6.692123215076254e-05
4400,24,1.000000000000000e-03,9.847369665754487e-04,1.526303342455127e-05
4400,25,-8.000000000000000e-04,-7.671089133851984e-04,-3.289108661480166e-05
4400,26,5.999999999999999e-04,5.605586271047955e-04,3.944137289520449e-05
4400,27,5.000000000000000e-04,4.825375311808590e-04,1.746246881914100e-05
4400,28,-4.000000000000000e-04,-2.932151051697076e-04,-1.067848948302924e-04
4400,29,3.000000000000000e-04,2.560558194109414e-04,4.394418058905860e-05
4500,0,1.200000000000000e-01,1.189639434163351e-01,1.036056583664929e-03
4500,1,-8.000000000000000e-02,-7.925505036923831e-02,-7.449496307616876e-04
4500,2,5.500000000000000e-02,5.448541982601085e-02,5.145801739891501e-04
4500,3,4.000000000000000e-02,3.968888347721696e-02,3.111165227830393e-04
4500,4,-3.000000000000000e-02,-2.985864166038442e-02,-1.413583396155799e-04
4500,5,2.500000000000000e-02,2.497968607178352e-02,2.031392821648034e-05
4500,6,2.000000000000000e-02,1.977079528434698e-02,2.292047156530232e-04
4500,7,-1.800000000000000e-02,-1.784790311981526e-02,-1.520968801847350e-04
4500,8,1.500000000000000e-02,1.493724043288693e-02,6.275956711306735e-05
4500,9,1.200000000000000e-02,1.193660426992454e-02,6.339573007546097e-05
4500,10,-1.000000000000000e-02,-1.003653765366835e-02,3.653765366835177e-05
4500,11,8.999999999999999e-03,9.012649716716652e-03,-1.264971671665303e-05
4500,12,8.000000000000000e-03,7.931287039067363e-03,6.871296093263757e-05
4500,13,-7.000000000000000e-03,-7.132310275914021e-03,1.323102759140209e-04
4500,14,6.000000000000000e-03,5.960921757306855e-03,3.907824269314478e-05
4500,15,5.000000000000000e-03,4.992819384765175e-03,7.180615234824751e-06
4500,16,-4.000000000000000e-03,-3.993761305246857e-03,-6.238694753142593e-06
4500,17,3.500000000000000e-03,3.511615176523082e-03,-1.161517652308172e-05
4500,18,3.000000000000000e-03,2.928470631225291e-03,7.152936877470898e-05
4500,19,-2.500000000000000e-03,-2.473683007729474e-03,-2.631699227052635e-05
4500,20,2.000000000000000e-03,1.909326225183571e-03,9.067377481642921e-05
4500,21,1.800000000000000e-03,1.784935225012488e-03,1.506477498751206e-05
4500,22,-1.500000000000000e-03,-1.493508693957730e-03,-6.491306042270047e-06
4500,23,1.200000000000000e-03,1.160031825630592e-03,3.996817436940827e-05
4500,24,1.000000000000000e-03,9.735788519952438e-04,2.642114800475623e-05
4500,25,-8.000000000000000e-04,-7.713444246034110e-04,-2.865557539658903e-05
4500,26,5.999999999999999e-04,5.691945392748703e-04,3.080546072512967e-05
4500,27,5.000000000000000e-04,4.754726849330965e-04,2.452731506690349e-05
4500,28,-4.000000000000000e-04,-2.972208639394430e-04,-1.027791360605570e-04
4500,29,3.000000000000000e-04,2.742968250444210e-04,2.570317495557902e-05
4600,0,1.200000000000000e-01,1.190476235574974e-01,9.523764425025810e-04
4600,1,-8.000000000000000e-02,-7.932123887874157e-02,-6.787611212584338e-04
4600,2,5.500000000000000e-02,5.451559960772664e-02,4.844003922733556e-04
4600,3,4.000000000000000e-02,3.972659476323498e-02,2.734052367650217e-04
4600,4,-3.000000000000000e-02,-2.987961893697833e-02,-1.203810630216670e-04
4600,5,2.500000000000000e-02,2.497869549942720e-02,2.130450057280173e-05
4600,6,2.000000000000000e-02,1.980375276196623e-02,1.962472380337733e-04
4600,7,-1.800000000000000e-02,-1.786842924705202e-02,-1.315707529479793e-04
4600,8,1.500000000000000e-02,1.493252578595699e-02,6.747421404300694e-05
4600,9,1.200000000000000e-02,1.195738789732004e-02,4.261210267995745e-05
4600,10,-1.000000000000000e-02,-1.004727980883401e-02,4.727980883400748e-05
4600,11,8.999999999999999e-03,9.016875918669001e-03,-1.687591866900151e-05
4600,12,8.000000000000000e-03,7.943179606180944e-03,5.682039381905632e-05
4600,13,-7.000000000000000e-03,-7.132270661024161e-03,1.322706610241611e-04
4600,14,6.000000000000000e-03,5.962660015734089e-03,3.733998426591091e-05
4600,15,5.000000000000000e-03,5.003318693654621e-03,-3.318693654621140e-06
4600,16,-4.000000000000000e-03,-3.995160375109790e-03,-4.839624890210295e-06
4600,17,3.500000000000000e-03,3.517801522572487e-03,-1.780152257248703e-05
4600,18,3.000000000000000e-03,2.918618530094997e-03,8.138146990500309e-05
4600,19,-2.500000000000000e-03,-2.474541136118459e-03,-2.545886388154086e-05
4600,20,2.000000000000000e-03,1.933611429043684e-03,6.638857095631577e-05
4600,21,1.800000000000000e-03,1.762271469269226e-03,3.772853073077346e-05
4600,22,-1.500000000000000e-03,-1.498228627533684e-03,-1.771372466315623e-06
4600,23,1.200000000000000e-03,1.177835891472923e-03,2.216410852707651e-05
4600,24,1.000000000000000e-03,9.607349226827543e-04,3.926507731724573e-05
4600,25,-8.000000000000000e-04,-7.629866979330087e-04,-3.701330206699134e-05
4600,26,5.999999999999999e-04,5.727134177668065e-04,2.728658223319347e-05
4600,27,5.000000000000000e-04,4.754782390961061e-04,2.452176090389393e-05
4600,28,-4.000000000000000e-04,-3.044375148175372e-04,-9.556248518246283e-05
4600,29,3.000000000000000e-04,2.872305764032495e-04,1.276942359675049e-05
4700,0,1.200000000000000e-01,1.191268660927534e-01,8.731339072465538e-04
4700,1,-8.000000000000000e-02,-7.939199854582686e-02,-6.080014541731404e-04
4700,2,5.500000000000000e-02,5.455519790068723e-02,4.448020993127744e-04
4700,3,4.000000000000000e-02,3.975526628136522e-02,2.447337186347806e-04
4700,4,-3.000000000000000e-02,-2.988118604532103e-02,-1.188139546789702e-04
4700,5,2.500000000000000e-02,2.496339284024009e-02,3.660715975990769e-05
4700,6,2.000000000000000e-02,1.984040212299744e-02,1.595978770025652e-04
4700,7,-1.800000000000000e-02,-1.787867200087034e-02,-1.213279991296619e-04
4700,8,1.500000000000000e-02,1.493947686105683e-02,6.052313894317277e-05
4700,9,1.200000000000000e-02,1.196027311387484e-02,3.972688612516144e-05
4700,10,-1.000000000000000e-02,-1.002693081926244e-02,2.693081926244054e-05
4700,11,8.999999999999999e-03,9.007511202689946e-03,-7.511202689946400e-06
4700,12,8.000000000000000e-03,7.936688997628961e-03,6.331100237103905e-05
4700,13,-7.000000000000000e-03,-7.109885597112455e-03,1.098855971124546e-04
4700,14,6.000000000000000e-03,5.967878550539586e-03,3.212144946041374e-05
4700,15,5.000000000000000e-03,4.989442197595508e-03,1.055780240449226e-05
4700,16,-4.000000000000000e-03,-3.987964775566514e-03,-1.203522443348620e-05
4700,17,3.500000000000000e-03,3.509875359502863e-03,-9.875359502863144e-06
4700,18,3.000000000000000e-03,2.916565650568695e-03,8.343434943130536e-05
4700,19,-2.500000000000000e-03,-2.474610546042284e-03,-2.538945395771626e-05
4700,20,2.000000000000000e-03,1.946556713366750e-03,5.344328663325014e-05
4700,21,1.800000000000000e-03,1.732121673294698e-03,6.787832670530187e-05
4700,22,-1.500000000000000e-03,-1.483695031894327e-03,-1.630496810567351e-05
4700,23,1.200000000000000e-03,1.174139241199383e-03,2.586075880061734e-05
4700,24,1.000000000000000e-03,9.496972405915890e-04,5.030275940841105e-05
4700,25,-8.000000000000000e-04,-7.803815968049299e-04,-1.961840319507011e-05
4700,26,5.999999999999999e-04,5.982176543049590e-04,1.782345695040930e-06
4700,27,5.000000000000000e-04,4.554872053720556e-04,4.451279462794436e-05
4700,28,-4.000000000000000e-04,-3.172640338518235e-04,-8.273596614817656e-05
4700,29,3.000000000000000e-04,2.999579529678260e-04,4.204703217395613e-08
4800,0,1.200000000000000e-01,1.192132879591960e-01,7.867120408040079e-04
4800,1,-8.000000000000000e-02,-7.944811550705812e-02,-5.518844929418842e-04
4800,2,5.500000000000000e-02,5.460143073908506e-02,3.985692609149438e-04
4800,3,4.000000000000000e-02,3.976471889491084e-02,2.352811050891565e-04
4800,4,-3.000000000000000e-02,-2.988538284761515e-02,-1.146171523848487e-04
4800,5,2.500000000000000e-02,2.496196071084760e-02,3.803928915239660e-05
4800,6,2.000000000000000e-02,1.984616771801572e-02,1.538322819842793e-04
4800,7,-1.800000000000000e-02,-1.788459502549599e-02,-1.154049745040117e-04
4800,8,1.500000000000000e-02,1.494931081975224e-02,5.068918024776423e-05
4800,9,1.200000000000000e-02,1.195872651089346e-02,4.127348910653965e-05
4800,10,-1.000000000000000e-02,-1.001699736662638e-02,1.699736662638326e-05
4800,11,8.999999999999999e-03,9.025589146693946e-03,-2.558914669394639e-05
4800,12,8.000000000000000e-03,7.930168999772148e-03,6.983100022785182e-05
4800,13,-7.000000000000000e-03,-7.076278133015004e-03,7.627813301500346e-05
4800,14,6.000000000000000e-03,5.956199969638045e-03,4.380003036195523e-05
4800,15,5.000000000000000e-03,4.989454939313800e-03,1.054506068619981e-05
4800,16,-4.000000000000000e-03,-3.966514060880078e-03,-3.348593911992222e-05
4800,17,3.500000000000000e-03,3.483980035572904e-03,1.601996442709584e-05
4800,18,3.000000000000000e-03,2.935255936685686e-03,6.474406331431412e-05
4800,19,-2.500000000000000e-03,-2.475885681203966e-03,-2.411431879603384e-05
4800,20,2.000000000000000e-03,1.963481210647761e-03,3.651878935223909e-05
4800,21,1.800000000000000e-03,1.728692993816555e-03,7.130700618344465e-05
4800,22,-1.500000000000000e-03,-1.464713956143775e-03,-3.528604385622490e-05
4800,23,1.200000000000000e-03,1.172285525051847e-03,2.771447494815294e-05
4800,24,1.000000000000000e-03,9.533398627503270e-04,4.666013724967302e-05
4800,25,-8.000000000000000e-04,-7.860720358389011e-04,-1.392796416109889e-05
4800,26,5.999999999999999e-04,6.049531409258870e-04,-4.953140925887094e-06
4800,27,5.000000000000000e-04,4.632566247725825e-04,3.674337522741749e-05
4800,28,-4.000000000000000e-04,-3.344782665475453e-04,-6.552173345245472e-05
4800,29,3.000000000000000e-04,3.119915615012165e-04,-1.199156150121655e-05
4900,0,1.200000000000000e-01,1.193011242524707e-01,6.988757475293178e-04
4900,1,-8.000000000000000e-02,-7.951763304647089e-02,-4.823669535291147e-04
4900,2,5.500000000000000e-02,5.464699122278376e-02,3.530087772162446e-04
4900,3,4.000000000000000e-02,3.978083708927650e-02,2.191629107235055e-04
4900,4,-3.000000000000000e-02,-2.989491890918810e-02,-1.050810908119031e-04
4900,5,2.500000000000000e-02,2.497406204229297e-02,2.593795770703192e-05
4900,6,2.000000000000000e-02,1.985678562441253e-02,1.432143755874700e-04
4900,7,-1.800000000000000e-02,-1.789078274321705e-02,-1.092172567829473e-04
4900,8,1.500000000000000e-02,1.496354442010409e-02,3.645557989591375e-05
4900,9,1.200000000000000e-02,1.195313966137086e-02,4.686033862914482e-05
4900,10,-1.000000000000000e-02,-1.000739554055302e-02,7.395540553021065e-06
4900,11,8.999999999999999e-03,9.015531624486423e-03,-1.553162448642356e-05
4900,12,8.000000000000000e-03,7.945108359962663e-03,5.489164003733699e-05
4900,13,-7.000000000000000e-03,-7.075447277068990e-03,7.544727706898947e-05
4900,14,6.000000000000000e-03,5.944635213041997e-03,5.536478695800269e-05
4900,15,5.000000000000000e-03,5.024714005672068e-03,-2.471400567206818e-05
4900,16,-4.000000000000000e-03,-4.001384122047591e-03,1.384122047590891e-06
4900,17,3.500000000000000e-03,3.492436935203198e-03,7.563064796801966e-06
4900,18,3.000000000000000e-03,2.947987960040800e-03,5.201203995920016e-05
4900,19,-2.500000000000000e-03,-2.485211127957715e-03,-1.478887204228469e-05
4900,20,2.000000000000000e-03,1.976583105109895e-03,2.341689489010479e-05
4900,21,1.800000000000000e-03,1.728914281404871e-03,7.108571859512853e-05
4900,22,-1.500000000000000e-03,-1.467157104310156e-03,-3.284289568984428e-05
4900,23,1.200000000000000e-03,1.169036730789624e-03,3.096326921037573e-05
4900,24,1.000000000000000e-03,9.663867540668844e-04,3.361324593311561e-05
4900,25,-8.000000000000000e-04,-8.124484882668192e-04,1.244848826681920e-05
4900,26,5.999999999999999e-04,6.186459980111068e-04,-1.864599801110688e-05
4900,27,5.000000000000000e-04,4.602411729530636e-04,3.975882704693640e-05
4900,28,-4.000000000000000e-04,-3.480482418879175e-04,-5.195175811208250e-05
4900,29,3.000000000000000e-04,3.027966647913303e-04,-2.796664791330334e-06
5000,0,1.200000000000000e-01,1.193678185849328e-01,6.321814150672400e-04
5000,1,-8.000000000000000e-02,-7.957562415343798e-02,-4.243758465620195e-04
5000,2,5.500000000000000e-02,5.467690051265631e-02,3.230994873436865e-04
5000,3,4.000000000000000e-02,3.980641327730287e-02,1.935867226971338e-04
5000,4,-3.000000000000000e-02,-2.991738832129804e-02,-8.261167870195901e-05
5000,5,2.500000000000000e-02,2.498089983746693e-02,1.910016253307140e-05
5000,6,2.000000000000000e-02,1.987511938226331e-02,1.248806177366925e-04
5000,7,-1.800000000000000e-02,-1.790759331103187e-02,-9.240668896812534e-05
5000,8,1.500000000000000e-02,1.497290573456956e-02,2.709426543043639e-05
5000,9,1.200000000000000e-02,1.194875414931126e-02,5.124585068873831e-05
5000,10,-1.000000000000000e-02,-9.998917316008936e-03,-1.082683991064648e-06
5000,11,8.999999999999999e-03,9.005281741099573e-03,-5.281741099573412e-06
5000,12,8.000000000000000e-03,7.945627394833807e-03,5.437260516619365e-05
5000,13,-7.000000000000000e-03,-7.064610210326876e-03,6.461021032687538e-05
5000,14,6.000000000000000e-03,5.948231820575552e-03,5.176817942444817e-05
5000,15,5.000000000000000e-03,5.008657678323943e-03,-8.657678323942611e-06
5000,16,-4.000000000000000e-03,-4.000320060250240e-03,3.200602502395275e-07
5000,17,3.500000000000000e-03,3.500291667875675e-03,-2.916678756748232e-07
5000,18,3.000000000000000e-03,2.950430592023132e-03,4.956940797686818e-05
5000,19,-2.500000000000000e-03,-2.488711434415780e-03,-1.128856558421957e-05
5000,20,2.000000000000000e-03,1.978988214733832e-03,2.101178526616810e-05
5000,21,1.800000000000000e-03,1.728272631048051e-03,7.172736895194902e-05
5000,22,-1.500000000000000e-03,-1.463589822872590e-03,-3.641017712741035e-05
5000,23,1.200000000000000e-03,1.169006593510727e-03,3.099340648927301e-05
5000,24,1.000000000000000e-03,9.649749272174925e-04,3.502507278250750e-05
5000,25,-8.000000000000000e-04,-8.115112030242846e-04,1.151120302428452e-05
5000,26,5.999999999999999e-04,6.150686406035300e-04,-1.506864060353010e-05
5000,27,5.000000000000000e-04,4.593315616122368e-04,4.066843838776321e-05
5000,28,-4.000000000000000e-04,-3.537678071955239e-04,-4.623219280447616e-05
5000,29,3.000000000000000e-04,3.093619201349591e-04,-9.361920134959105e-06
5100,0,1.200000000000000e-01,1.194203966979115e-01,5.796033020884495e-04
5100,1,-8.000000000000000e-02,-7.961092367186037e-02,-3.890763281396287e-04
5100,2,5.500000000000000e-02,5.470372128107042e-02,2.962787189295796e-04
5100,3,4.000000000000000e-02,3.982846666446570e-02,1.715333355342963e-04
5100,4,-3.000000000000000e-02,-2.993372297838260e-02,-6.627702161739885e-05
5100,5,2.500000000000000e-02,2.497767025924834e-02,2.232974075166289e-05
5100,6,2.000000000000000e-02,1.988433240483313e-02,1.156675951668705e-04
5100,7,-1.800000000000000e-02,-1.792089360245392e-02,-7.910639754607485e-05
5100,8,1.500000000000000e-02,1.497721672619782e-02,2.278327380218423e-05
5100,9,1.200000000000000e-02,1.195342639505235e-02,4.657360494764867e-05
5100,10,-1.000000000000000e-02,-9.977989739560451e-03,-2.201026043954953e-05
5100,11,8.999999999999999e-03,8.985749109436168e-03,1.425089056383139e-05
5100,12,8.000000000000000e-03,7.964952067818032e-03,3.504793218196862e-05
5100,13,-7.000000000000000e-03,-7.059428575336054e-03,5.942857533605336e-05
5100,14,6.000000000000000e-03,5.949511715238897e-03,5.048828476110316e-05
5100,15,5.000000000000000e-03,5.010837944766496e-03,-1.083794476649559e-05
5100,16,-4.000000000000000e-03,-4.001372735465011e-03,1.372735465011293e-06
5100,17,3.500000000000000e-03,3.500241831909853e-03,-2.418319098532878e-07
5100,18,3.000000000000000e-03,2.962882476731705e-03,3.711752326829515e-05
5100,19,-2.500000000000000e-03,-2.501752535022410e-03,1.752535022409886e-06
5100,20,2.000000000000000e-03,1.989701864711561e-03,1.029813528843904e-05
5100,21,1.800000000000000e-03,1.725708213522461e-03,7.429178647753846e-05
5100,22,-1.500000000000000e-03,-1.457861760999604e-03,-4.213823900039602e-05
5100,23,1.200000000000000e-03,1.162720722752994e-03,3.727927724700561e-05
5100,24,1.000000000000000e-03,9.730358832057918e-04,2.696411679420818e-05
5100,25,-8.000000000000000e-04,-8.081056304487350e-04,8.105630448734997e-06
5100,26,5.999999999999999e-04,6.089778020803380e-04,-8.977802080338093e-06
5100,27,5.000000000000000e-04,4.556994296687149e-04,4.430057033128507e-05
5100,28,-4.000000000000000e-04,-3.399015886387281e-04,-6.009841136127194e-05
5100,29,3.000000000000000e-04,2.874314375221829e-04,1.256856247781706e-05
5200,0,1.200000000000000e-01,1.194735537757330e-01,5.264462242670076e-04
5200,1,-8.000000000000000e-02,-7.964238787530886e-02,-3.576121246911396e-04
5200,2,5.500000000000000e-02,5.473058528661437e-02,2.694147133856309e-04
5200,3,4.000000000000000e-02,3.985314232918025e-02,1.468576708197541e-04
5200,4,-3.000000000000000e-02,-2.994262275260461e-02,-5.737724739538971e-05
5200,5,2.500000000000000e-02,2.498227617390217e-02,1.772382609782977e-05
5200,6,2.000000000000000e-02,1.990137634739850e-02,9.862365260149622e-05
5200,7,-1.800000000000000e-02,-1.793899502193514e-02,-6.100497806486166e-05
5200,8,1.500000000000000e-02,1.497858158426724e-02,2.141841573275599e-05
5200,9,1.200000000000000e-02,1.196115369660423e-02,3.884630339576547e-05
5200,10,-1.000000000000000e-02,-9.979818983923248e-03,-2.018101607675210e-05
5200,11,8.999999999999999e-03,8.986258411107636e-03,1.374158889236310e-05
5200,12,8.000000000000000e-03,7.980302934644181e-03,1.969706535581879e-05
5200,13,-7.000000000000000e-03,-7.061488733343890e-03,6.148873334389012e-05
5200,14,6.000000000000000e-03,5.961067933988367e-03,3.893206601163299e-05
5200,15,5.000000000000000e-03,5.010474304573119e-03,-1.047430457311923e-05
5200,16,-4.000000000000000e-03,-4.004447635636853e-03,4.447635636853353e-06
5200,17,3.500000000000000e-03,3.501063369161467e-03,-1.063369161466519e-06
5200,18,3.000000000000000e-03,2.965766993025701e-03,3.423300697429901e-05
5200,19,-2.500000000000000e-03,-2.503049534555690e-03,3.049534555689837e-06
5200,20,2.000000000000000e-03,1.990685347593032e-03,9.314652406968143e-06
5200,21,1.800000000000000e-03,1.735386975998010e-03,6.461302400198967e-05
5200,22,-1.500000000000000e-03,-1.464809409886149e-03,-3.519059011385128e-05
5200,23,1.200000000000000e-03,1.156140352596240e-03,4.385964740375955e-05
5200,24,1.000000000000000e-03,9.847451544987189e-04,1.525484550128110e-05
5200,25,-8.000000000000000e-04,-8.178964858003272e-04,1.789648580032715e-05
5200,26,5.999999999999999e-04,6.022380495736899e-04,-2.238049573689989e-06
5200,27,5.000000000000000e-04,4.680152587411175e-04,3.198474125888249e-05
5200,28,-4.000000000000000e-04,-3.507365540109462e-04,-4.926344598905381e-05
5200,29,3.000000000000000e-04,2.828307047979360e-04,1.716929520206395e-05
5300,0,1.200000000000000e-01,1.195292636251067e-01,4.707363748932547e-04
5300,1,-8.000000000000000e-02,-7.967502728788729e-02,-3.249727121127088e-04
5300,2,5.500000000000000e-02,5.476277581057080e-02,2.372241894292026e-04
5300,3,4.000000000000000e-02,3.986963411696230e-02,1.303658830376989e-04
5300,4,-3.000000000000000e-02,-2.994857457012598e-02,-5.142542987402257e-05
5300,5,2.500000000000000e-02,2.498832903828388e-02,1.167096171611828e-05
5300,6,2.000000000000000e-02,1.991109780339169e-02,8.890219660830784e-05
5300,7,-1.800000000000000e-02,-1.794579098808593e-02,-5.420901191406646e-05
5300,8,1.500000000000000e-02,1.498553491861215e-02,1.446508138784781e-05
5300,9,1.200000000000000e-02,1.196577370787425e-02,3.422629212574725e-05
5300,10,-1.000000000000000e-02,-9.981162365430710e-03,-1.883763456929019e-05
5300,11,8.999999999999999e-03,9.001792407599156e-03,-1.792407599156276e-06
5300,12,8.000000000000000e-03,7.979054754789966e-03,2.094524521003421e-05
5300,13,-7.000000000000000e-03,-7.053818743721840e-03,5.381874372183994e-05
5300,14,6.000000000000000e-03,5.976472101552863e-03,2.352789844713762e-05
5300,15,5.000000000000000e-03,5.005520719813785e-03,-5.520719813785144e-06
5300,16,-4.000000000000000e-03,-3.999031771659793e-03,-9.682283402066144e-07
5300,17,3.500000000000000e-03,3.503483876547439e-03,-3.483876547439105e-06
5300,18,3.000000000000000e-03,2.968048855844688e-03,3.195114415531237e-05
5300,19,-2.500000000000000e-03,-2.505986180482488e-03,5.986180482487821e-06
5300,20,2.000000000000000e-03,1.994254181978894e-03,5.745818021105856e-06
5300,21,1.800000000000000e-03,1.739564624066318e-03,6.043537593368215e-05
5300,22,-1.500000000000000e-03,-1.469318915819618e-03,-3.068108418038192e-05
5300,23,1.200000000000000e-03,1.158804013882887e-03,4.119598611711326e-05
5300,24,1.000000000000000e-03,9.834311526343326e-04,1.656884736566744e-05
5300,25,-8.000000000000000e-04,-8.126697061858588e-04,1.266970618585880e-05
5300,26,5.999999999999999e-04,5.986547534071693e-04,1.345246592830609e-06
5300,27,5.000000000000000e-04,4.735060613691828e-04,2.649393863081721e-05
5300,28,-4.000000000000000e-04,-3.564792907002262e-04,-4.352070929977377e-05
5300,29,3.000000000000000e-04,2.918011163771720e-04,8.198883622828016e-06
5400,0,1.200000000000000e-01,1.195702323651884e-01,4.297676348116036e-04
5400,1,-8.000000000000000e-02,-7.970649240594258e-02,-2.935075940574267e-04
5400,2,5.500000000000000e-02,5.477988513340278e-02,2.201148665972180e-04
5400,3,4.000000000000000e-02,3.988882943697263e-02,1.111705630273685e-04
5400,4,-3.000000000000000e-02,-2.996254355789651e-02,-3.745644210349092e-05
5400,5,2.500000000000000e-02,2.499630211683713e-02,3.697883162873117e-06
5400,6,2.000000000000000e-02,1.991791565878180e-02,8.208434121819916e-05
5400,7,-1.800000000000000e-02,-1.795500703856352e-02,-4.499296143648315e-05
5400,8,1.500000000000000e-02,1.499025559837222e-02,9.744401627776941e-06
5400,9,1.200000000000000e-02,1.196803368843013e-02,3.196631156987366e-05
5400,10,-1.000000000000000e-02,-9.978948125748703e-03,-2.105187425129745e-05
5400,11,8.999999999999999e-03,8.998520389609414e-03,1.479610390585709e-06
5400,12,8.000000000000000e-03,7.978053570386572e-03,2.194642961342828e-05
5400,13,-7.000000000000000e-03,-7.051822680331130e-03,5.182268033112995e-05
5400,14,6.000000000000000e-03,5.983755460795045e-03,1.624453920495532e-05
5400,15,5.000000000000000e-03,5.002375031456923e-03,-2.375031456922777e-06
5400,16,-4.000000000000000e-03,-4.003244341926272e-03,3.244341926272355e-06
5400,17,3.500000000000000e-03,3.509566880065047e-03,-9.566880065046794e-06
5400,18,3.000000000000000e-03,2.964785319929657e-03,3.521468007034291e-05
5400,19,-2.500000000000000e-03,-2.500724706985606e-03,7.247069856055992e-07
5400,20,2.000000000000000e-03,1.996898684871053e-03,3.101315128946954e-06
5400,21,1.800000000000000e-03,1.741054003855475e-03,5.894599614452464e-05
5400,22,-1.500000000000000e-03,-1.474085844907679e-03,-2.591415509232108e-05
5400,23,1.200000000000000e-03,1.162682334839244e-03,3.731766516075572e-05
5400,24,1.000000000000000e-03,9.852664962083548e-04,1.473350379164518e-05
5400,25,-8.000000000000000e-04,-8.129929894964877e-04,1.299298949648765e-05
5400,26,5.999999999999999e-04,5.979910929068919e-04,2.008907093108050e-06
5400,27,5.000000000000000e-04,4.733541679106600e-04,2.664583208934003e-05
5400,28,-4.000000000000000e-04,-3.564602231102585e-04,-4.353977688974155e-05
5400,29,3.000000000000000e-04,2.974842444738289e-04,2.515755526171111e-06
5500,0,1.200000000000000e-01,1.196150310272189e-01,3.849689727810912e-04
5500,1,-8.000000000000000e-02,-7.972752971460528e-02,-2.724702853947186e-04
5500,2,5.500000000000000e-02,5.480302990045903e-02,1.969700995409704e-04
5500,3,4.000000000000000e-02,3.990265832292724e-02,9.734167707275976e-05
5500,4,-3.000000000000000e-02,-2.996742609578534e-02,-3.257390421465903e-05
5500,5,2.500000000000000e-02,2.500057553477061e-02,-5.755347706089264e-07
5500,6,2.000000000000000e-02,1.992719279397882e-02,7.280720602117693e-05
5500,7,-1.800000000000000e-02,-1.796365765502705e-02,-3.634234497294775e-05
5500,8,1.500000000000000e-02,1.499321814365829e-02,6.781856341710191e-06
5500,9,1.200000000000000e-02,1.197041577469543e-02,2.958422530457104e-05
5500,10,-1.000000000000000e-02,-9.977931227772394e-03,-2.206877222760660e-05
5500,11,8.999999999999999e-03,8.994321161195515e-03,5.678838804484485e-06
5500,12,8.000000000000000e-03,7.988226578211381e-03,1.177342178861930e-05
5500,13,-7.000000000000000e-03,-7.044349629977744e-03,4.434962997774353e-05
5500,14,6.000000000000000e-03,5.984718140538804e-03,1.528185946119646e-05
5500,15,5.000000000000000e-03,5.009208148024327e-03,-9.208148024327303e-06
5500,16,-4.000000000000000e-03,-4.003403584428466e-03,3.403584428465604e-06
5500,17,3.500000000000000e-03,3.517223874653042e-03,-1.722387465304164e-05
5500,18,3.000000000000000e-03,2.968197745025032e-03,3.180225497496827e-05
5500,19,-2.500000000000000e-03,-2.495162354050285e-03,-4.837645949715315e-06
5500,20,2.000000000000000e-03,2.003820239699266e-03,-3.820239699265510e-06
5500,21,1.800000000000000e-03,1.744859688082348e-03,5.514031191765183e-05
5500,22,-1.500000000000000e-03,-1.475734647926941e-03,-2.426535207305895e-05
5500,23,1.200000000000000e-03,1.174901347623578e-03,2.509865237642185e-05
5500,24,1.000000000000000e-03,9.791635042980357e-04,2.083649570196427e-05
5500,25,-8.000000000000000e-04,-8.061252069595392e-04,6.125206959539187e-06
5500,26,5.999999999999999e-04,6.015070612071542e-04,-1.507061207154238e-06
5500,27,5.000000000000000e-04,4.737425858064568e-04,2.625741419354320e-05
5500,28,-4.000000000000000e-04,-3.575173381364720e-04,-4.248266186352806e-05
5500,29,3.000000000000000e-04,3.050395695640341e-04,-5.039569564034151e-06
5600,0,1.200000000000000e-01,1.196550119593992e-01,3.449880406007910e-04
5600,1,-8.000000000000000e-02,-7.975887047237873e-02,-2.411295276212727e-04
5600,2,5.500000000000000e-02,5.482090643343131e-02,1.790935665686930e-04
5600,3,4.000000000000000e-02,3.991184713166701e-02,8.815286833298991e-05
5600,4,-3.000000000000000e-02,-2.997761611518277e-02,-2.238388481723072e-05
5600,5,2.500000000000000e-02,2.500346914345241e-02,-3.469143452405204e-06
5600,6,2.000000000000000e-02,1.992773639843395e-02,7.226360156604647e-05
5600,7,-1.800000000000000e-02,-1.796942742464925e-02,-3.057257535074923e-05
5600,8,1.500000000000000e-02,1.499377069884423e-02,6.229301155773886e-06
5600,9,1.200000000000000e-02,1.197110412621901e-02,2.889587378098607e-05
5600,10,-1.000000000000000e-02,-9.980847112323953e-03,-1.915288767604696e-05
5600,11,8.999999999999999e-03,8.995196434679695e-03,4.803565320303863e-06
5600,12,8.000000000000000e-03,7.983086939120655e-03,1.691306087934531e-05
5600,13,-7.000000000000000e-03,-7.031700204283294e-03,3.170020428329423e-05
5600,14,6.000000000000000e-03,5.982801132994114e-03,1.719886700588587e-05
5600,15,5.000000000000000e-03,5.014896981722770e-03,-1.489698172276940e-05
5600,16,-4.000000000000000e-03,-4.006448742020475e-03,6.448742020474622e-06
5600,17,3.500000000000000e-03,3.514535525781429e-03,-1.453552578142923e-05
5600,18,3.000000000000000e-03,2.973927448744357e-03,2.607255125564338e-05
5600,19,-2.500000000000000e-03,-2.501259413823837e-03,1.259413823837159e-06
5600,20,2.000000000000000e-03,2.005810434406337e-03,-5.810434406336613e-06
5600,21,1.800000000000000e-03,1.750989298914467e-03,4.901070108553288e-05
5600,22,-1.500000000000000e-03,-1.477452049363448e-03,-2.254795063655248e-05
5600,23,1.200000000000000e-03,1.175433007350314e-03,2.456699264968593e-05
5600,24,1.000000000000000e-03,9.838429969116296e-04,1.615700308837042e-05
5600,25,-8.000000000000000e-04,-8.047339820920575e-04,4.733982092057455e-06
5600,26,5.999999999999999e-04,5.954512875616431e-04,4.548712438356842e-06
5600,27,5.000000000000000e-04,4.758904379553550e-04,2.410956204464506e-05
5600,28,-4.000000000000000e-04,-3.585612930076071e-04,-4.143870699239288e-05
5600,29,3.000000000000000e-04,2.954074380885251e-04,4.592561911474855e-06
5700,0,1.200000000000000e-01,1.196877174493051e-01,3.122825506949173e-04
5700,1,-8.000000000000000e-02,-7.977715795614453e-02,-2.228420438554757e-04
5700,2,5.500000000000000e-02,5.484047446707948e-02,1.595255329205209e-04
5700,3,4.000000000000000e-02,3.992497637372337e-02,7.502362627662823e-05
5700,4,-3.000000000000000e-02,-2.997506810186965e-02,-2.493189813035368e-05
5700,5,2.500000000000000e-02,2.500541422265015e-02,-5.414222650147044e-06
5700,6,2.000000000000000e-02,1.993461847508054e-02,6.538152491945837e-05
5700,7,-1.800000000000000e-02,-1.796776613076016e-02,-3.223386923983593e-05
5700,8,1.500000000000000e-02,1.499726172490203e-02,2.738275097972573e-06
5700,9,1.200000000000000e-02,1.197606019694956e-02,2.393980305044098e-05
5700,10,-1.000000000000000e-02,-9.978121266664104e-03,-2.187873333589670e-05
5700,11,8.999999999999999e-03,9.001038669655572e-03,-1.038669655572394e-06
5700,12,8.000000000000000e-03,7.981689839995766e-03,1.831016000423437e-05
5700,13,-7.000000000000000e-03,-7.021850602808129e-03,2.185060280812841e-05
5700,14,6.000000000000000e-03,5.987037489331938e-03,1.296251066806170e-05
5700,15,5.000000000000000e-03,5.008346134831534e-03,-8.346134831534180e-06
5700,16,-4.000000000000000e-03,-4.000803188755052e-03,8.031887550521283e-07
5700,17,3.500000000000000e-03,3.515050662813906e-03,-1.505066281390615e-05
5700,18,3.000000000000000e-03,2.975465775905918e-03,2.453422409408193e-05
5700,19,-2.500000000000000e-03,-2.499505589647685e-03,-4.944103523148169e-07
5700,20,2.000000000000000e-03,2.006488486015919e-03,-6.488486015919157e-06
5700,21,1.800000000000000e-03,1.753851715890261e-03,4.614828410973919e-05
5700,22,-1.500000000000000e-03,-1.469697556411000e-03,-3.030244358900001e-05
5700,23,1.200000000000000e-03,1.173084123132403e-03,2.691587686759651e-05
5700,24,1.000000000000000e-03,9.871827825835525e-04,1.281721741644751e-05
5700,25,-8.000000000000000e-04,-8.026374351256269e-04,2.637435125626823e-06
5700,26,5.999999999999999e-04,5.917552013345196e-04,8.244798665480346e-06
5700,27,5.000000000000000e-04,4.761297847303287e-04,2.387021526967134e-05
5700,28,-4.000000000000000e-04,-3.634297268434000e-04,-3.657027315660002e-05
5700,29,3.000000000000000e-04,2.932163490255386e-04,6.783650974461354e-06
5800,0,1.200000000000000e-01,1.197308550576647e-01,2.691449423352504e-04
5800,1,-8.000000000000000e-02,-7.981912322414857e-02,-1.808767758514351e-04
5800,2,5.500000000000000e-02,5.486643452785822e-02,1.335654721417792e-04
5800,3,4.000000000000000e-02,3.993057510854051e-02,6.942489145949499e-05
5800,4,-3.000000000000000e-02,-2.998072644327759e-02,-1.927355672240796e-05
5800,5,2.500000000000000e-02,2.500248658197880e-02,-2.486581978794478e-06
5800,6,2.000000000000000e-02,1.994090806251538e-02,5.909193748461841e-05
5800,7,-1.800000000000000e-02,-1.796716934944130e-02,-3.283065055870171e-05
5800,8,1.500000000000000e-02,1.498868910427787e-02,1.131089572213410e-05
5800,9,1.200000000000000e-02,1.198258558234305e-02,1.741441765695448e-05
5800,10,-1.000000000000000e-02,-9.981339662195773e-03,-1.866033780422750e-05
5800,11,8.999999999999999e-03,9.001541327498419e-03,-1.541327498419745e-06
5800,12,8.000000000000000e-03,7.982601361889391e-03,1.739863811060956e-05
5800,13,-7.000000000000000e-03,-7.025318127585762e-03,2.531812758576214e-05
5800,14,6.000000000000000e-03,5.994081711451923e-03,5.918288548077515e-06
5800,15,5.000000000000000e-03,5.001934201464791e-03,-1.934201464791341e-06
5800,16,-4.000000000000000e-03,-3.996606704215437e-03,-3.393295784563481e-06
5800,17,3.500000000000000e-03,3.507368373740671e-03,-7.368373740671008e-06
5800,18,3.000000000000000e-03,2.984528651910459e-03,1.547134808954067e-05
5800,19,-2.500000000000000e-03,-2.503071980125911e-03,3.071980125911311e-06
5800,20,2.000000000000000e-03,2.003065430460652e-03,-3.065430460651945e-06
5800,21,1.800000000000000e-03,1.755218597816009e-03,4.478140218399144e-05
5800,22,-1.500000000000000e-03,-1.468614444021106e-03,-3.138555597889388e-05
5800,23,1.200000000000000e-03,1.169563568481983e-03,3.043643151801707e-05
5800,24,1.000000000000000e-03,9.822083132950744e-04,1.779168670492564e-05
5800,25,-8.000000000000000e-04,-7.967413755635373e-04,-3.258624436462730e-06
5800,26,5.999999999999999e-04,5.851239290399387e-04,1.487607096006122e-05
5800,27,5.000000000000000e-04,4.788854035251576e-04,2.111459647484242e-05
5800,28,-4.000000000000000e-04,-3.632062674039678e-04,-3.679373259603226e-05
5800,29,3.000000000000000e-04,2.907250197850536e-04,9.274980214946408e-06
5900,0,1.200000000000000e-01,1.197514106758205e-01,2.485893241795240e-04
5900,1,-8.000000000000000e-02,-7.983350723374288e-02,-1.664927662571175e-04
5900,2,5.500000000000000e-02,5.487343488837670e-02,1.265651116232960e-04
5900,3,4.000000000000000e-02,3.993834983955056e-02,6.165016044944183e-05
5900,4,-3.000000000000000e-02,-2.998302365825467e-02,-1.697634174532836e-05
5900,5,2.500000000000000e-02,2.500120569280799e-02,-1.205692807985242e-06
5900,6,2.000000000000000e-02,1.994406558491683e-02,5.593441508317323e-05
5900,7,-1.800000000000000e-02,-1.797256036869015e-02,-2.743963130985225e-05
5900,8,1.500000000000000e-02,1.499129968107969e-02,8.700318920312408e-06
5900,9,1.200000000000000e-02,1.198498363519140e-02,1.501636480859617e-05
5900,10,-1.000000000000000e-02,-9.984610566061446e-03,-1.538943393855456e-05
5900,11,8.999999999999999e-03,9.000225480457780e-03,-2.254804577807301e-07
5900,12,8.000000000000000e-03,7.982349633494241e-03,1.765036650575903e-05
5900,13,-7.000000000000000e-03,-7.021883474069908e-03,2.188347406990778e-05
5900,14,6.000000000000000e-03,5.992898658909948e-03,7.101341090051845e-06
5900,15,5.000000000000000e-03,5.002244180230943e-03,-2.244180230943221e-06
5900,16,-4.000000000000000e-03,-3.998024812955781e-03,-1.975187044219069e-06
5900,17,3.500000000000000e-03,3.505363958362790e-03,-5.363958362790151e-06
5900,18,3.000000000000000e-03,2.987402143302399e-03,1.259785669760136e-05
5900,19,-2.500000000000000e-03,-2.501852684483079e-03,1.852684483078827e-06
5900,20,2.000000000000000e-03,2.002390791297415e-03,-2.390791297415297e-06
5900,21,1.800000000000000e-03,1.754216648038775e-03,4.578335196122447e-05
5900,22,-1.500000000000000e-03,-1.471155425578777e-03,-2.884457442122292e-05
5900,23,1.200000000000000e-03,1.176378327705587e-03,2.362167229441256e-05
5900,24,1.000000000000000e-03,9.783685098838698e-04,2.163149011613023e-05
5900,25,-8.000000000000000e-04,-7.974650445637096e-04,-2.534955436290414e-06
5900,26,5.999999999999999e-04,5.868981825629913e-04,1.310181743700866e-05
5900,27,5.000000000000000e-04,4.800673701719356e-04,1.993262982806444e-05
5900,28,-4.000000000000000e-04,-3.669455161437618e-04,-3.305448385623825e-05
5900,29,3.000000000000000e-04,2.918575547867709e-04,8.142445213229121e-06
6000,0,1.200000000000000e-01,1.197758499971624e-01,2.241500028375559e-04
6000,1,-8.000000000000000e-02,-7.984913835899125e-02,-1.508616410087482e-04
6000,2,5.500000000000000e-02,5.488680973611693e-02,1.131902638830673e-04
6000,3,4.000000000000000e-02,3.994322513618030e-02,5.677486381969882e-05
6000,4,-3.000000000000000e-02,-2.998383879293201e-02,-1.616120706798493e-05
6000,5,2.500000000000000e-02,2.500123616856299e-02,-1.236168562988166e-06
6000,6,2.000000000000000e-02,1.995107553443874e-02,4.892446556126195e-05
6000,7,-1.800000000000000e-02,-1.797443908902462e-02,-2.556091097537586e-05
6000,8,1.500000000000000e-02,1.499033911234410e-02,9.660887655901784e-06
6000,9,1.200000000000000e-02,1.198861336358795e-02,1.138663641205191e-05
6000,10,-1.000000000000000e-02,-9.988068359433968e-03,-1.193164056603226e-05
6000,11,8.999999999999999e-03,9.000602860570816e-03,-6.028605708165852e-07
6000,12,8.000000000000000e-03,7.982517942113933e-03,1.748205788606669e-05
6000,13,-7.000000000000000e-03,-7.021949869163672e-03,2.194986916367186e-05
6000,14,6.000000000000000e-03,5.994390406723897e-03,5.609593276102894e-06
6000,15,5.000000000000000e-03,5.001380496787572e-03,-1.380496787571628e-06
6000,16,-4.000000000000000e-03,-3.998102469791790e-03,-1.897530208210506e-06
6000,17,3.500000000000000e-03,3.507845932214887e-03,-7.845932214887129e-06
6000,18,3.000000000000000e-03,2.987937414277180e-03,1.206258572281982e-05
6000,19,-2.500000000000000e-03,-2.501176847071437e-03,1.176847071437167e-06
6000,20,2.000000000000000e-03,2.003013369557557e-03,-3.013369557556926e-06
6000,21,1.800000000000000e-03,1.760849299751060e-03,3.915070024894038e-05
6000,22,-1.500000000000000e-03,-1.479535522102069e-03,-2.046447789793085e-05
6000,23,1.200000000000000e-03,1.181976318332073e-03,1.802368166792722e-05
6000,24,1.000000000000000e-03,9.775966283185455e-04,2.240337168145454e-05
6000,25,-8.000000000000000e-04,-8.005629241002793e-04,5.629241002792209e-07
6000,26,5.999999999999999e-04,5.889968092226803e-04,1.100319077731960e-05
6000,27,5.000000000000000e-04,4.804481477215053e-04,1.955185227849472e-05
6000,28,-4.000000000000000e-04,-3.708677799657931e-04,-2.913222003420691e-05
6000,29,3.000000000000000e-04,2.882729569635135e-04,1.172704303648649e-05
6100,0,1.200000000000000e-01,1.198000644124052e-01,1.999355875948183e-04
6100,1,-8.000000000000000e-02,-7.986379341588967e-02,-1.362065841103294e-04
6100,2,5.500000000000000e-02,5.489997566929317e-02,1.000243307068341e-04
6100,3,4.000000000000000e-02,3.994894052787856e-02,5.105947212144524e-05
6100,4,-3.000000000000000e-02,-2.998217542886557e-02,-1.782457113443103e-05
6100,5,2.500000000000000e-02,2.499850642113721e-02,1.493578862789280e-06
6100,6,2.000000000000000e-02,1.995828917755241e-02,4.171082244759303e-05
6100,7,-1.800000000000000e-02,-1.797985522024692e-02,-2.014477975307780e-05
6100,8,1.500000000000000e-02,1.499392116223181e-02,6.078837768191264e-06
6100,9,1.200000000000000e-02,1.198742879996744e-02,1.257120003256285e-05
6100,10,-1.000000000000000e-02,-9.985904134581088e-03,-1.409586541891231e-05
6100,11,8.999999999999999e-03,8.999825724906284e-03,1.742750937155230e-07
6100,12,8.000000000000000e-03,7.985716123194042e-03,1.428387680595805e-05
6100,13,-7.000000000000000e-03,-7.016777624969649e-03,1.677762496964889e-05
6100,14,6.000000000000000e-03,5.995982142201796e-03,4.017857798204252e-06
6100,15,5.000000000000000e-03,5.001315553195391e-03,-1.315553195390534e-06
6100,16,-4.000000000000000e-03,-3.999701124959835e-03,-2.988750401654652e-07
6100,17,3.500000000000000e-03,3.511125384283403e-03,-1.112538428340269e-05
6100,18,3.000000000000000e-03,2.987075143012713e-03,1.292485698728679e-05
6100,19,-2.500000000000000e-03,-2.501946128494184e-03,1.946128494184109e-06
6100,20,2.000000000000000e-03,2.002876932190643e-03,-2.876932190643434e-06
6100,21,1.800000000000000e-03,1.766312986437142e-03,3.368701356285843e-05
6100,22,-1.500000000000000e-03,-1.483241981509549e-03,-1.675801849045089e-05
6100,23,1.200000000000000e-03,1.187044185816436e-03,1.295581418356414e-05
6100,24,1.000000000000000e-03,9.798259925249829e-04,2.017400747501711e-05
6100,25,-8.000000000000000e-04,-7.991228243866249e-04,-8.771756133751181e-07
6100,26,5.999999999999999e-04,5.890658607983968e-04,1.093413920160314e-05
6100,27,5.000000000000000e-04,4.866999868077876e-04,1.330001319221246e-05
6100,28,-4.000000000000000e-04,-3.776702642675209e-04,-2.232973573247909e-05
6100,29,3.000000000000000e-04,2.912019108233918e-04,8.798089176608175e-06
6200,0,1.200000000000000e-01,1.198240605061796e-01,1.759394938204151e-04
6200,1,-8.000000000000000e-02,-7.987927778669235e-02,-1.207222133076530e-04
6200,2,5.500000000000000e-02,5.491271868533865e-02,8.728131466135408e-05
6200,3,4.000000000000000e-02,3.995321937782086e-02,4.678062217914475e-05
6200,4,-3.000000000000000e-02,-2.998164122192740e-02,-1.835877807259551e-05
6200,5,2.500000000000000e-02,2.499563544015649e-02,4.364559843511584e-06
6200,6,2.000000000000000e-02,1.996283080376042e-02,3.716919623958370e-05
6200,7,-1.800000000000000e-02,-1.798409704349806e-02,-1.590295650193488e-05
6200,8,1.500000000000000e-02,1.499518529589241e-02,4.814704107587026e-06
6200,9,1.200000000000000e-02,1.198818268718350e-02,1.181731281649917e-05
6200,10,-1.000000000000000e-02,-9.989416335516890e-03,-1.058366448311067e-05
6200,11,8.999999999999999e-03,8.998820160103513e-03,1.179839896486151e-06
6200,12,8.000000000000000e-03,7.986820325209138e-03,1.317967479086239e-05
6200,13,-7.000000000000000e-03,-7.016714935942500e-03,1.671493594249986e-05
6200,14,6.000000000000000e-03,5.996172677901749e-03,3.827322098251366e-06
6200,15,5.000000000000000e-03,5.001204400298001e-03,-1.204400298000785e-06
6200,16,-4.000000000000000e-03,-3.997841145456226e-03,-2.158854543773785e-06
6200,17,3.500000000000000e-03,3.510523754778061e-03,-1.052375477806093e-05
6200,18,3.000000000000000e-03,2.988797313779194e-03,1.120268622080639e-05
6200,19,-2.500000000000000e-03,-2.500216706076653e-03,2.167060766528062e-07
6200,20,2.000000000000000e-03,2.000344099611716e-03,-3.440996117157896e-07
6200,21,1.800000000000000e-03,1.773941972106260e-03,2.605802789373986e-05
6200,22,-1.500000000000000e-03,-1.488787815332804e-03,-1.121218466719584e-05
6200,23,1.200000000000000e-03,1.195295677543112e-03,4.704322456887703e-06
6200,24,1.000000000000000e-03,9.808470516729317e-04,1.915294832706828e-05
6200,25,-8.000000000000000e-04,-7.998046316334912e-04,-1.953683665088801e-07
6200,26,5.999999999999999e-04,5.929542324397960e-04,7.045767560203992e-06
6200,27,5.000000000000000e-04,4.888606995171399e-04,1.113930048286013e-05
6200,28,-4.000000000000000e-04,-3.821943173554986e-04,-1.780568264450139e-05
6200,29,3.000000000000000e-04,2.899518438494221e-04,1.004815615057784e-05
6300,0,1.200000000000000e-01,1.198430956102721e-01,1.569043897278882e-04
6300,1,-8.000000000000000e-02,-7.989224069001410e-02,-1.077593099858970e-04
6300,2,5.500000000000000e-02,5.492017901411293e-02,7.982098588706771e-05
6300,3,4.000000000000000e-02,3.995990955564721e-02,4.009044435279024e-05
6300,4,-3.000000000000000e-02,-2.998435808865367e-02,-1.564191134633200e-05
6300,5,2.500000000000000e-02,2.499975636423962e-02,2.436357603788353e-07
6300,6,2.000000000000000e-02,1.996732590292560e-02,3.267409707440050e-05
6300,7,-1.800000000000000e-02,-1.798611931557104e-02,-1.388068442895532e-05
6300,8,1.500000000000000e-02,1.499816604781262e-02,1.833952187375518e-06
6300,9,1.200000000000000e-02,1.199089403703050e-02,9.105962969503320e-06
6300,10,-1.000000000000000e-02,-9.992325709875488e-03,-7.674290124512137e-06
6300,11,8.999999999999999e-03,8.998897200194735e-03,1.102799805264773e-06
6300,12,8.000000000000000e-03,7.991696423015572e-03,8.303576984428421e-06
6300,13,-7.000000000000000e-03,-7.018724835688095e-03,1.872483568809459e-05
6300,14,6.000000000000000e-03,5.996521620500770e-03,3.478379499230119e-06
6300,15,5.000000000000000e-03,5.001954594461791e-03,-1.954594461790748e-06
6300,16,-4.000000000000000e-03,-3.998362420461527e-03,-1.637579538473280e-06
6300,17,3.500000000000000e-03,3.504841249653422e-03,-4.841249653421854e-06
6300,18,3.000000000000000e-03,2.994159190772292e-03,5.840809227708292e-06
6300,19,-2.500000000000000e-03,-2.502762847343292e-03,2.762847343292223e-06
6300,20,2.000000000000000e-03,1.999062580773580e-03,9.374192264199714e-07
6300,21,1.800000000000000e-03,1.779533312097309e-03,2.046668790269056e-05
6300,22,-1.500000000000000e-03,-1.495007687923909e-03,-4.992312076090551e-06
6300,23,1.200000000000000e-03,1.197194488687405e-03,2.805511312594950e-06
6300,24,1.000000000000000e-03,9.834270711234717e-04,1.657292887652828e-05
6300,25,-8.000000000000000e-04,-8.029354504085825e-04,2.935450408582418e-06
6300,26,5.999999999999999e-04,5.954199161548508e-04,4.580083845149153e-06
6300,27,5.000000000000000e-04,4.874698072231691e-04,1.253019277683087e-05
6300,28,-4.000000000000000e-04,-3.834644296963836e-04,-1.653557030361643e-05
6300,29,3.000000000000000e-04,2.907900426676294e-04,9.209957332370589e-06
6400,0,1.200000000000000e-01,1.198611462000393e-01,1.388537999607309e-04
6400,1,-8.000000000000000e-02,-7.990657639991310e-02,-9.342360008690598e-05
6400,2,5.500000000000000e-02,5.492950619981869e-02,7.049380018130796e-05
6400,3,4.000000000000000e-02,3.996333957299746e-02,3.666042700254529e-05
6400,4,-3.000000000000000e-02,-2.998635191415960e-02,-1.364808584039534e-05
6400,5,2.500000000000000e-02,2.499815187964684e-02,1.848120353163674e-06
6400,6,2.000000000000000e-02,1.997508301316177e-02,2.491698683822902e-05
6400,7,-1.800000000000000e-02,-1.798904250208730e-02,-1.095749791269612e-05
6400,8,1.500000000000000e-02,1.499572495629662e-02,4.275043703384426e-06
6400,9,1.200000000000000e-02,1.199688851411147e-02,3.111485888525681e-06
6400,10,-1.000000000000000e-02,-9.993472367340085e-03,-6.527632659915003e-06
6400,11,8.999999999999999e-03,8.996522292310224e-03,3.477707689774831e-06
6400,12,8.000000000000000e-03,7.996232389832467e-03,3.767610167532826e-06
6400,13,-7.000000000000000e-03,-7.017619581461898e-03,1.761958146189770e-05
6400,14,6.000000000000000e-03,5.995829140646443e-03,4.170859353557453e-06
6400,15,5.000000000000000e-03,5.005253774759430e-03,-5.253774759429557e-06
6400,16,-4.000000000000000e-03,-3.998961835702663e-03,-1.038164297337101e-06
6400,17,3.500000000000000e-03,3.506032215769933e-03,-6.032215769933170e-06
6400,18,3.000000000000000e-03,2.993714768321848e-03,6.285231678152328e-06
6400,19,-2.500000000000000e-03,-2.500912711619842e-03,9.127116198416607e-07
6400,20,2.000000000000000e-03,2.001543713671665e-03,-1.543713671665285e-06
6400,21,1.800000000000000e-03,1.780355868862455e-03,1.964413113754492e-05
6400,22,-1.500000000000000e-03,-1.494574571877129e-03,-5.425428122871230e-06
6400,23,1.200000000000000e-03,1.198189942334936e-03,1.810057665064223e-06
6400,24,1.000000000000000e-03,9.866713285684595e-04,1.332867143154053e-05
6400,25,-8.000000000000000e-04,-8.053075973531414e-04,5.307597353141312e-06
6400,26,5.999999999999999e-04,5.991465258414678e-04,8.534741585321942e-07
6400,27,5.000000000000000e-04,4.878071462884738e-04,1.219285371152623e-05
6400,28,-4.000000000000000e-04,-3.854093201621567e-04,-1.459067983784334e-05
6400,29,3.000000000000000e-04,2.930289158038127e-04,6.971084196187225e-06
6500,0,1.200000000000000e-01,1.198736427289106e-01,1.263572710894362e-04
6500,1,-8.000000000000000e-02,-7.991140577616215e-02,-8.859422383784843e-05
6500,2,5.500000000000000e-02,5.493641622328673e-02,6.358377671326909e-05
6500,3,4.000000000000000e-02,3.996824231922718e-02,3.175768077282037e-05
6500,4,-3.000000000000000e-02,-2.998697575970843e-02,-1.302424029156479e-05
6500,5,2.500000000000000e-02,2.499752374291274e-02,2.476257087262457e-06
6500,6,2.000000000000000e-02,1.997857717357938e-02,2.142282642061608e-05
6500,7,-1.800000000000000e-02,-1.799111852346700e-02,-8.881476532999338e-06
6500,8,1.500000000000000e-02,1.499436895323041e-02,5.631046769585465e-06
6500,9,1.200000000000000e-02,1.199892851692134e-02,1.071483078656996e-06
6500,10,-1.000000000000000e-02,-9.995285090424274e-03,-4.714909575726650e-06
6500,11,8.999999999999999e-03,8.996852573291766e-03,3.147426708233203e-06
6500,12,8.000000000000000e-03,7.999087340025498e-03,9.126599745026137e-07
6500,13,-7.000000000000000e-03,-7.017613464729711e-03,1.761346472971097e-05
6500,14,6.000000000000000e-03,5.996141808911992e-03,3.858191088008077e-06
6500,15,5.000000000000000e-03,5.005905396347835e-03,-5.905396347835254e-06
6500,16,-4.000000000000000e-03,-4.001237704078980e-03,1.237704078979433e-06
6500,17,3.500000000000000e-03,3.506011128257691e-03,-6.011128257690703e-06
6500,18,3.000000000000000e-03,2.995379043162892e-03,4.620956837107695e-06
6500,19,-2.500000000000000e-03,-2.503126483331409e-03,3.126483331409181e-06
6500,20,2.000000000000000e-03,2.002569839644954e-03,-2.569839644953834e-06
6500,21,1.800000000000000e-03,1.782835835223817e-03,1.716416477618257e-05
6500,22,-1.500000000000000e-03,-1.494973748843734e-03,-5.026251156266129e-06
6500,23,1.200000000000000e-03,1.198943681750101e-03,1.056318249898587e-06
6500,24,1.000000000000000e-03,9.888876808159699e-04,1.111231918403009e-05
6500,25,-8.000000000000000e-04,-8.052565817163012e-04,5.256581716301138e-06
6500,26,5.999999999999999e-04,5.995633054971548e-04,4.366945028451332e-07
6500,27,5.000000000000000e-04,4.900940759952158e-04,9.905924004784193e-06
6500,28,-4.000000000000000e-04,-3.883022262915351e-04,-1.169777370846488e-05
6500,29,3.000000000000000e-04,2.919217878719063e-04,8.078212128093695e-06
6600,0,1.200000000000000e-01,1.198852642600370e-01,1.147357399629845e-04
6600,1,-8.000000000000000e-02,-7.992044471987063e-02,-7.955528012937307e-05
6600,2,5.500000000000000e-02,5.494155351253120e-02,5.844648746880510e-05
6600,3,4.000000000000000e-02,3.997485976385488e-02,2.514023614512417e-05
6600,4,-3.000000000000000e-02,-2.999010833537469e-02,-9.891664625311103e-06
6600,5,2.500000000000000e-02,2.499616268154314e-02,3.837318456857697e-06
6600,6,2.000000000000000e-02,1.998302008968698e-02,1.697991031301624e-05
6600,7,-1.800000000000000e-02,-1.799288057497771e-02,-7.119425022291542e-06
6600,8,1.500000000000000e-02,1.499376392308341e-02,6.236076916594363e-06
6600,9,1.200000000000000e-02,1.200180543677620e-02,-1.805436776199099e-06
6600,10,-1.000000000000000e-02,-9.997107796202883e-03,-2.892203797117202e-06
6600,11,8.999999999999999e-03,8.997219836626885e-03,2.780163373114486e-06
6600,12,8.000000000000000e-03,8.001557637828147e-03,-1.557637828147190e-06
6600,13,-7.000000000000000e-03,-7.016721222302549e-03,1.672122230254869e-05
6600,14,6.000000000000000e-03,5.997077066580560e-03,2.922933419439652e-06
6600,15,5.000000000000000e-03,5.008480936899319e-03,-8.480936899319357e-06
6600,16,-4.000000000000000e-03,-4.001765748252113e-03,1.765748252112974e-06
6600,17,3.500000000000000e-03,3.505910783163541e-03,-5.910783163540559e-06
6600,18,3.000000000000000e-03,2.997100310814406e-03,2.899689185593794e-06
6600,19,-2.500000000000000e-03,-2.504492669551777e-03,4.492669551776473e-06
6600,20,2.000000000000000e-03,2.000986580871290e-03,-9.865808712899993e-07
6600,21,1.800000000000000e-03,1.783668977707703e-03,1.633102229229677e-05
6600,22,-1.500000000000000e-03,-1.496136810217357e-03,-3.863189782642726e-06
6600,23,1.200000000000000e-03,1.199076203392687e-03,9.237966073125624e-07
6600,24,1.000000000000000e-03,9.882528259909198e-04,1.174717400908025e-05
6600,25,-8.000000000000000e-04,-8.017919060849415e-04,1.791906084941462e-06
6600,26,5.999999999999999e-04,5.985495481269816e-04,1.450451873018341e-06
6600,27,5.000000000000000e-04,4.917105350871007e-04,8.289464912899277e-06
6600,28,-4.000000000000000e-04,-3.876848443041070e-04,-1.231515569589302e-05
6600,29,3.000000000000000e-04,2.928672838815789e-04,7.132716118421045e-06
6700,0,1.200000000000000e-01,1.198971902311516e-01,1.028097688484386e-04
6700,1,-8.000000000000000e-02,-7.992989904773584e-02,-7.010095226415991e-05
6700,2,5.500000000000000e-02,5.494742301134324e-02,5.257698865675925e-05
6700,3,4.000000000000000e-02,3.997727381470924e-02,2.272618529076259e-05
6700,4,-3.000000000000000e-02,-2.999202448248474e-02,-7.975517515263625e-06
6700,5,2.500000000000000e-02,2.499975644363590e-02,2.435563641045579e-07
6700,6,2.000000000000000e-02,1.998258855312941e-02,1.741144687059104e-05
6700,7,-1.800000000000000e-02,-1.799266155288436e-02,-7.338447115638747e-06
6700,8,1.500000000000000e-02,1.499462260339170e-02,5.377396608297405e-06
6700,9,1.200000000000000e-02,1.200293663140868e-02,-2.936631408682541e-06
6700,10,-1.000000000000000e-02,-9.998134490267990e-03,-1.865509732010273e-06
6700,11,8.999999999999999e-03,8.997820850001243e-03,2.179149998756194e-06
6700,12,8.000000000000000e-03,8.003299941385184e-03,-3.299941385183358e-06
6700,13,-7.000000000000000e-03,-7.017632769510056e-03,1.763276951005557e-05
6700,14,6.000000000000000e-03,5.999640660167590e-03,3.593398324097316e-07
6700,15,5.000000000000000e-03,5.008977206797424e-03,-8.977206797424093e-06
6700,16,-4.000000000000000e-03,-4.004024069413678e-03,4.024069413677972e-06
6700,17,3.500000000000000e-03,3.509213528711739e-03,-9.213528711738556e-06
6700,18,3.000000000000000e-03,2.994279094872028e-03,5.720905127972430e-06
6700,19,-2.500000000000000e-03,-2.502430705992576e-03,2.430705992575912e-06
6700,20,2.000000000000000e-03,2.001344802277982e-03,-1.344802277981807e-06
6700,21,1.800000000000000e-03,1.784108952792886e-03,1.589104720711438e-05
6700,22,-1.500000000000000e-03,-1.495286025639384e-03,-4.713974360616218e-06
6700,23,1.200000000000000e-03,1.197585816440619e-03,2.414183559380431e-06
6700,24,1.000000000000000e-03,9.910916679660253e-04,8.908332033974713e-06
6700,25,-8.000000000000000e-04,-8.036100466949797e-04,3.610046694979617e-06
6700,26,5.999999999999999e-04,6.013412449240853e-04,-1.341244924085326e-06
6700,27,5.000000000000000e-04,4.923235387339012e-04,7.676461266098856e-06
6700,28,-4.000000000000000e-04,-3.902565011634475e-04,-9.743498836552514e-06
6700,29,3.000000000000000e-04,2.970484934268091e-04,2.951506573190899e-06
6800,0,1.200000000000000e-01,1.199067382522792e-01,9.326174772082696e-05
6800,1,-8.000000000000000e-02,-7.993773381475756e-02,-6.226618524243777e-05
6800,2,5.500000000000000e-02,5.495338963585749e-02,4.661036414251030e-05
6800,3,4.000000000000000e-02,3.997707989862777e-02,2.292010137223272e-05
6800,4,-3.000000000000000e-02,-2.999175064254585e-02,-8.249357454147982e-06
6800,5,2.500000000000000e-02,2.499850926169041e-02,1.490738309590373e-06
6800,6,2.000000000000000e-02,1.998263815278789e-02,1.736184721211342e-05
6800,7,-1.800000000000000e-02,-1.799226017600492e-02,-7.739823995080164e-06
6800,8,1.500000000000000e-02,1.499367870574317e-02,6.321294256827342e-06
6800,9,1.200000000000000e-02,1.200243326645891e-02,-2.433266458906624e-06
6800,10,-1.000000000000000e-02,-9.998666343495189e-03,-1.333656504811515e-06
6800,11,8.999999999999999e-03,8.998562696750900e-03,1.437303249099409e-06
6800,12,8.000000000000000e-03,8.003237259457134e-03,-3.237259457134281e-06
6800,13,-7.000000000000000e-03,-7.017296327286077e-03,1.729632728607669e-05
6800,14,6.000000000000000e-03,6.001140630547606e-03,-1.140630547605617e-06
6800,15,5.000000000000000e-03,5.008366018893305e-03,-8.366018893304558e-06
6800,16,-4.000000000000000e-03,-4.004129154303889e-03,4.129154303889396e-06
6800,17,3.500000000000000e-03,3.509548148083165e-03,-9.548148083164936e-06
6800,18,3.000000000000000e-03,2.992144150739221e-03,7.855849260779511e-06
6800,19,-2.500000000000000e-03,-2.501115278510914e-03,1.115278510913868e-06
6800,20,2.000000000000000e-03,1.999796890660678e-03,2.031093393217200e-07
6800,21,1.800000000000000e-03,1.784121458931168e-03,1.587854106883187e-05
6800,22,-1.500000000000000e-03,-1.495146177270846e-03,-4.853822729153877e-06
6800,23,1.200000000000000e-03,1.197525926965332e-03,2.474073034668296e-06
6800,24,1.000000000000000e-03,9.915809494807097e-04,8.419050519290318e-06
6800,25,-8.000000000000000e-04,-8.035951672491553e-04,3.595167249155289e-06
6800,26,5.999999999999999e-04,6.014780925629297e-04,-1.478092562929721e-06
6800,27,5.000000000000000e-04,4.941656584701888e-04,5.834341529811185e-06
6800,28,-4.000000000000000e-04,-3.912649131078933e-04,-8.735086892106740e-06
6800,29,3.000000000000000e-04,2.975399367801777e-04,2.460063219822254e-06
6900,0,1.200000000000000e-01,1.199162782997272e-01,8.372170027279302e-05
6900,1,-8.000000000000000e-02,-7.994400232781275e-02,-5.599767218725238e-05
6900,2,5.500000000000000e-02,5.495913680964308e-02,4.086319035691982e-05
6900,3,4.000000000000000e-02,3.997732976024867e-02,2.267023975133231e-05
6900,4,-3.000000000000000e-02,-2.999103412241151e-02,-8.965877588491128e-06
6900,5,2.500000000000000e-02,2.499724172022976e-02,2.758279770236766e-06
6900,6,2.000000000000000e-02,1.998437316808356e-02,1.562683191643974e-05
6900,7,-1.800000000000000e-02,-1.799359889716302e-02,-6.401102836974676e-06
6900,8,1.500000000000000e-02,1.499514976086678e-02,4.850239133217388e-06
6900,9,1.200000000000000e-02,1.199987495655699e-02,1.250434430132008e-07
6900,10,-1.000000000000000e-02,-9.997719108995738e-03,-2.280891004262028e-06
6900,11,8.999999999999999e-03,8.998548742458694e-03,1.451257541305526e-06
6900,12,8.000000000000000e-03,8.002326087541041e-03,-2.326087541040800e-06
6900,13,-7.000000000000000e-03,-7.014471707789182e-03,1.447170778918171e-05
6900,14,6.000000000000000e-03,6.000248207201784e-03,-2.482072017839440e-07
6900,15,5.000000000000000e-03,5.008023687352677e-03,-8.023687352676744e-06
6900,16,-4.000000000000000e-03,-4.004563734753875e-03,4.563734753874893e-06
6900,17,3.500000000000000e-03,3.508787123326261e-03,-8.787123326261213e-06
6900,18,3.000000000000000e-03,2.993433788177732e-03,6.566211822267576e-06
6900,19,-2.500000000000000e-03,-2.500793887875081e-03,7.938878750805498e-07
6900,20,2.000000000000000e-03,2.000414655658082e-03,-4.146556580818771e-07
6900,21,1.800000000000000e-03,1.783851146092741e-03,1.614885390725926e-05
6900,22,-1.500000000000000e-03,-1.492386192363414e-03,-7.613807636586362e-06
6900,23,1.200000000000000e-03,1.195335952909673e-03,4.664047090326790e-06
6900,24,1.000000000000000e-03,9.927848835902392e-04,7.215116409760823e-06
6900,25,-8.000000000000000e-04,-8.043432275739324e-04,4.343227573932323e-06
6900,26,5.999999999999999e-04,6.009366649717861e-04,-9.366649717861778e-07
6900,27,5.000000000000000e-04,4.927934655725342e-04,7.206534427465767e-06
6900,28,-4.000000000000000e-04,-3.923296084417924e-04,-7.670391558207664e-06
6900,29,3.000000000000000e-04,2.961141037738533e-04,3.885896226146649e-06
7000,0,1.200000000000000e-01,1.199228241219743e-01,7.717587802572035e-05
7000,1,-8.000000000000000e-02,-7.994683132138834e-02,-5.316867861165919e-05
7000,2,5.500000000000000e-02,5.496245022724702e-02,3.754977275298443e-05
7000,3,4.000000000000000e-02,3.997935669888753e-02,2.064330111246904e-05
7000,4,-3.000000000000000e-02,-2.999110119669294e-02,-8.898803307059999e-06
7000,5,2.500000000000000e-02,2.499780438331769e-02,2.195616682316298e-06
7000,6,2.000000000000000e-02,1.998474375884711e-02,1.525624115289448e-05
7000,7,-1.800000000000000e-02,-1.799410851757004e-02,-5.891482429961487e-06
7000,8,1.500000000000000e-02,1.499536506336050e-02,4.634936639496753e-06
7000,9,1.200000000000000e-02,1.199930679511469e-02,6.932048853131034e-07
7000,10,-1.000000000000000e-02,-9.997408872038229e-03,-2.591127961771092e-06
7000,11,8.999999999999999e-03,8.998434071543075e-03,1.565928456924437e-06
7000,12,8.000000000000000e-03,8.001822267169370e-03,-1.822267169370242e-06
7000,13,-7.000000000000000e-03,-7.014395819009868e-03,1.439581900986812e-05
7000,14,6.000000000000000e-03,6.000850252111237e-03,-8.502521112365574e-07
7000,15,5.000000000000000e-03,5.006658480030081e-03,-6.658480030080453e-06
7000,16,-4.000000000000000e-03,-4.005633829758467e-03,5.633829758466477e-06
7000,17,3.500000000000000e-03,3.507696689801919e-03,-7.696689801918889e-06
7000,18,3.000000000000000e-03,2.992930043495854e-03,7.069956504145592e-06
7000,19,-2.500000000000000e-03,-2.502149818540023e-03,2.149818540022989e-06
7000,20,2.000000000000000e-03,2.000999237338411e-03,-9.992373384108688e-07
7000,21,1.800000000000000e-03,1.783406749942254e-03,1.659325005774564e-05
7000,22,-1.500000000000000e-03,-1.492450187880148e-03,-7.549812119851760e-06
7000,23,1.200000000000000e-03,1.195986870991747e-03,4.013129008253275e-06
7000,24,1.000000000000000e-03,9.942541093058727e-04,5.745890694127320e-06
7000,25,-8.000000000000000e-04,-8.040747956193852e-04,4.074795619385114e-06
7000,26,5.999999999999999e-04,6.000941462396778e-04,-9.414623967788152e-08
7000,27,5.000000000000000e-04,4.935198014840834e-04,6.480198515916601e-06
7000,28,-4.000000000000000e-04,-3.921167037822485e-04,-7.883296217751478e-06
7000,29,3.000000000000000e-04,2.953364095060466e-04,4.663590493953396e-06
7100,0,1.200000000000000e-01,1.199305152235409e-01,6.948477645907225e-05
7100,1,-8.000000000000000e-02,-7.995239834617432e-02,-4.760165382568238e-05
7100,2,5.500000000000000e-02,5.496704724381686e-02,3.295275618313970e-05
7100,3,4.000000000000000e-02,3.997943839374522e-02,2.056160625477782e-05
7100,4,-3.000000000000000e-02,-2.999172542164348e-02,-8.274578356521484e-06
7100,5,2.500000000000000e-02,2.499877898330514e-02,1.221016694863408e-06
7100,6,2.000000000000000e-02,1.998405410785347e-02,1.594589214652664e-05
7100,7,-1.800000000000000e-02,-1.799286813477446e-02,-7.131865225537548e-06
7100,8,1.500000000000000e-02,1.499468764667641e-02,5.312353323587773e-06
7100,9,1.200000000000000e-02,1.200085528175051e-02,-8.552817505128041e-07
7100,10,-1.000000000000000e-02,-9.999021173550570e-03,-9.788264494301618e-07
7100,11,8.999999999999999e-03,9.000323172542010e-03,-3.231725420101833e-07
7100,12,8.000000000000000e-03,8.000517128260960e-03,-5.171282609593708e-07
7100,13,-7.000000000000000e-03,-7.012646618456287e-03,1.264661845628689e-05
7100,14,6.000000000000000e-03,6.000456640085658e-03,-4.566400856574615e-07
7100,15,5.000000000000000e-03,5.006395180420575e-03,-6.395180420574499e-06
7100,16,-4.000000000000000e-03,-4.005228796089331e-03,5.228796089331092e-06
7100,17,3.500000000000000e-03,3.506524134664173e-03,-6.524134664173415e-06
7100,18,3.000000000000000e-03,2.994123151355516e-03,5.876848644484258e-06
7100,19,-2.500000000000000e-03,-2.503233853913199e-03,3.233853913198453e-06
7100,20,2.000000000000000e-03,2.001942903374371e-03,-1.942903374371405e-06
7100,21,1.800000000000000e-03,1.783487963831775e-03,1.651203616822531e-05
7100,22,-1.500000000000000e-03,-1.491816153780179e-03,-8.183846219821361e-06
7100,23,1.200000000000000e-03,1.195920802227853e-03,4.079197772146681e-06
7100,24,1.000000000000000e-03,9.943378881363929e-04,5.662111863607164e-06
7100,25,-8.000000000000000e-04,-8.021182086096769e-04,2.118208609676905e-06
7100,26,5.999999999999999e-04,5.978634535038559e-04,2.136546496144041e-06
7100,27,5.000000000000000e-04,4.950957332164446e-04,4.904266783555444e-06
7100,28,-4.000000000000000e-04,-3.927540687450991e-04,-7.245931254900955e-06
7100,29,3.000000000000000e-04,2.951103149526873e-04,4.889685047312659e-06
7200,0,1.200000000000000e-01,1.199374024399384e-01,6.259756006161965e-05
7200,1,-8.000000000000000e-02,-7.995757004237874e-02,-4.242995762125668e-05
7200,2,5.500000000000000e-02,5.497035969412952e-02,2.964030587047917e-05
7200,3,4.000000000000000e-02,3.997993245370762e-02,2.006754629237800e-05
7200,4,-3.000000000000000e-02,-2.999240112364266e-02,-7.598876357338413e-06
7200,5,2.500000000000000e-02,2.499831987234301e-02,1.680127656993047e-06
7200,6,2.000000000000000e-02,1.998636836693952e-02,1.363163306047910e-05
7200,7,-1.800000000000000e-02,-1.799214862624787e-02,-7.851373752126162e-06
7200,8,1.500000000000000e-02,1.499370963953902e-02,6.290360460977848e-06
7200,9,1.200000000000000e-02,1.200099198879059e-02,-9.919887905898706e-07
7200,10,-1.000000000000000e-02,-9.999329897444828e-03,-6.701025551721779e-07
7200,11,8.999999999999999e-03,9.000133401717051e-03,-1.334017170513679e-07
7200,12,8.000000000000000e-03,8.000678640873874e-03,-6.786408738735511e-07
7200,13,-7.000000000000000e-03,-7.011186723006411e-03,1.118672300641065e-05
7200,14,6.000000000000000e-03,6.001165062286109e-03,-1.165062286108583e-06
7200,15,5.000000000000000e-03,5.004206678331174e-03,-4.206678331173871e-06
7200,16,-4.000000000000000e-03,-4.005243263441509e-03,5.243263441509320e-06
7200,17,3.500000000000000e-03,3.506437734744293e-03,-6.437734744292514e-06
7200,18,3.000000000000000e-03,2.995498380601040e-03,4.501619398959711e-06
7200,19,-2.500000000000000e-03,-2.503096612307624e-03,3.096612307624050e-06
7200,20,2.000000000000000e-03,2.002378873690239e-03,-2.378873690239008e-06
7200,21,1.800000000000000e-03,1.784938870018857e-03,1.506112998114328e-05
7200,22,-1.500000000000000e-03,-1.493781702628305e-03,-6.218297371695519e-06
7200,23,1.200000000000000e-03,1.196067627349246e-03,3.932372650753682e-06
7200,24,1.000000000000000e-03,9.954704907431315e-04,4.529509256868524e-06
7200,25,-8.000000000000000e-04,-8.012195568398893e-04,1.219556839889306e-06
7200,26,5.999999999999999e-04,5.978354355032034e-04,2.164564496796558e-06
7200,27,5.000000000000000e-04,4.965344925129139e-04,3.465507487086122e-06
7200,28,-4.000000000000000e-04,-3.940792688878143e-04,-5.920731112185737e-06
7200,29,3.000000000000000e-04,2.943762228063970e-04,5.623777193602996e-06
7300,0,1.200000000000000e-01,1.199428308216773e-01,5.716917832267188e-05
7300,1,-8.000000000000000e-02,-7.996092574240495e-02,-3.907425759505645e-05
7300,2,5.500000000000000e-02,5.497267995016068e-02,2.732004983931752e-05
7300,3,4.000000000000000e-02,3.998188638165270e-02,1.811361834729713e-05
7300,4,-3.000000000000000e-02,-2.999379179887203e-02,-6.208201127965579e-06
7300,5,2.500000000000000e-02,2.499907352226970e-02,9.264777302980809e-07
7300,6,2.000000000000000e-02,1.998727612933863e-02,1.272387066136860e-05
7300,7,-1.800000000000000e-02,-1.799300456344366e-02,-6.995436556338913e-06
7300,8,1.500000000000000e-02,1.499450385184193e-02,5.496148158066344e-06
7300,9,1.200000000000000e-02,1.200018213955477e-02,-1.821395547649263e-07
7300,10,-1.000000000000000e-02,-9.999428908273456e-03,-5.710917265443205e-07
7300,11,8.999999999999999e-03,8.999903700404143e-03,9.629959585658043e-08
7300,12,8.000000000000000e-03,7.999909946156309e-03,9.005384369112357e-08
7300,13,-7.000000000000000e-03,-7.010055424110121e-03,1.005542411012129e-05
7300,14,6.000000000000000e-03,6.001110655118279e-03,-1.110655118278549e-06
7300,15,5.000000000000000e-03,5.003381471928051e-03,-3.381471928050675e-06
7300,16,-4.000000000000000e-03,-4.004776173503095e-03,4.776173503095310e-06
7300,17,3.500000000000000e-03,3.505884774391304e-03,-5.884774391303957e-06
7300,18,3.000000000000000e-03,2.995840383733377e-03,4.159616266623343e-06
7300,19,-2.500000000000000e-03,-2.502679781172393e-03,2.679781172392620e-06
7300,20,2.000000000000000e-03,2.003012740481260e-03,-3.012740481259796e-06
7300,21,1.800000000000000e-03,1.786054323963047e-03,1.394567603695300e-05
7300,22,-1.500000000000000e-03,-1.494927422339582e-03,-5.072577660418477e-06
7300,23,1.200000000000000e-03,1.196662259067407e-03,3.337740932593232e-06
7300,24,1.000000000000000e-03,9.961264097803249e-04,3.873590219675158e-06
7300,25,-8.000000000000000e-04,-8.025384860775569e-04,2.538486077556848e-06
7300,26,5.999999999999999e-04,5.980272447507721e-04,1.972755249227891e-06
7300,27,5.000000000000000e-04,4.965726873179474e-04,3.427312682052633e-06
7300,28,-4.000000000000000e-04,-3.949123278189740e-04,-5.087672181026037e-06
7300,29,3.000000000000000e-04,2.935209328169570e-04,6.479067183042973e-06
7400,0,1.200000000000000e-01,1.199485528066905e-01,5.144719330948955e-05
7400,1,-8.000000000000000e-02,-7.996530843274664e-02,-3.469156725335876e-05
7400,2,5.500000000000000e-02,5.497562836634247e-02,2.437163365753142e-05
7400,3,4.000000000000000e-02,3.998332728097455e-02,1.667271902545259e-05
7400,4,-3.000000000000000e-02,-2.999374756064209e-02,-6.252439357909423e-06
7400,5,2.500000000000000e-02,2.499833152089600e-02,1.668479104006276e-06
7400,6,2.000000000000000e-02,1.998846041061206e-02,1.153958938793914e-05
7400,7,-1.800000000000000e-02,-1.799330947757553e-02,-6.690522424464967e-06
7400,8,1.500000000000000e-02,1.499448004274028e-02,5.519957259714908e-06
7400,9,1.200000000000000e-02,1.200006101541369e-02,-6.101541368506991e-08
7400,10,-1.000000000000000e-02,-9.999693699787170e-03,-3.063002128305542e-07
7400,11,8.999999999999999e-03,8.999820800188376e-03,1.791998116233012e-07
7400,12,8.000000000000000e-03,7.998525265443880e-03,1.474734556120363e-06
7400,13,-7.000000000000000e-03,-7.007912609672395e-03,7.912609672394710e-06
7400,14,6.000000000000000e-03,5.999725982790531e-03,2.740172094688534e-07
7400,15,5.000000000000000e-03,5.002044517669014e-03,-2.044517669014083e-06
7400,16,-4.000000000000000e-03,-4.003692850291255e-03,3.692850291254525e-06
7400,17,3.500000000000000e-03,3.505553354173260e-03,-5.553354173259886e-06
7400,18,3.000000000000000e-03,2.995217630608470e-03,4.782369391530001e-06
7400,19,-2.500000000000000e-03,-2.502810344441483e-03,2.810344441483374e-06
7400,20,2.000000000000000e-03,2.003757359657274e-03,-3.757359657273647e-06
7400,21,1.800000000000000e-03,1.786965548336063e-03,1.303445166393660e-05
7400,22,-1.500000000000000e-03,-1.494943660180576e-03,-5.056339819423713e-06
7400,23,1.200000000000000e-03,1.196460603040972e-03,3.539396959027601e-06
7400,24,1.000000000000000e-03,9.975252835572005e-04,2.474716442799540e-06
7400,25,-8.000000000000000e-04,-8.026957639143150e-04,2.695763914314984e-06
7400,26,5.999999999999999e-04,5.983660799899661e-04,1.633920010033884e-06
7400,27,5.000000000000000e-04,4.971779411875278e-04,2.822058812472234e-06
7400,28,-4.000000000000000e-04,-3.953390258639607e-04,-4.660974136039330e-06
7400,29,3.000000000000000e-04,2.934295823808491e-04,6.570417619150863e-06
7500,0,1.200000000000000e-01,1.199533534835203e-01,4.664651647966200e-05
7500,1,-8.000000000000000e-02,-7.996873675248599e-02,-3.126324751401288e-05
7500,2,5.500000000000000e-02,5.497738128843927e-02,2.261871156072903e-05
7500,3,4.000000000000000e-02,3.998622426792143e-02,1.377573207857197e-05
7500,4,-3.000000000000000e-02,-2.999560388138141e-02,-4.396118618590905e-06
7500,5,2.500000000000000e-02,2.499975105227658e-02,2.489477234253468e-07
7500,6,2.000000000000000e-02,1.998921294058165e-02,1.078705941834693e-05
7500,7,-1.800000000000000e-02,-1.799417585531422e-02,-5.824144685782212e-06
7500,8,1.500000000000000e-02,1.499585171054140e-02,4.148289458598409e-06
7500,9,1.200000000000000e-02,1.199926382670589e-02,7.361732941059407e-07
7500,10,-1.000000000000000e-02,-9.999183388354203e-03,-8.166116457972161e-07
7500,11,8.999999999999999e-03,9.000519126375098e-03,-5.191263750987940e-07
7500,12,8.000000000000000e-03,7.997598671316697e-03,2.401328683303630e-06
7500,13,-7.000000000000000e-03,-7.006198921141711e-03,6.198921141710445e-06
7500,14,6.000000000000000e-03,6.000152729410175e-03,-1.527294101744125e-07
7500,15,5.000000000000000e-03,5.000749241623746e-03,-7.492416237457264e-07
7500,16,-4.000000000000000e-03,-4.002383232111964e-03,2.383232111964097e-06
7500,17,3.500000000000000e-03,3.504918851633859e-03,-4.918851633858943e-06
7500,18,3.000000000000000e-03,2.995091289278748e-03,4.908710721251899e-06
7500,19,-2.500000000000000e-03,-2.502705315524250e-03,2.705315524249505e-06
7500,20,2.000000000000000e-03,2.003489659696103e-03,-3.489659696103049e-06
7500,21,1.800000000000000e-03,1.787801526644899e-03,1.219847335510093e-05
7500,22,-1.500000000000000e-03,-1.495761226420208e-03,-4.238773579792396e-06
7500,23,1.200000000000000e-03,1.196404857015431e-03,3.595142984568530e-06
7500,24,1.000000000000000e-03,9.981913443975886e-04,1.808655602411396e-06
7500,25,-8.000000000000000e-04,-8.023797524342782e-04,2.379752434278131e-06
7500,26,5.999999999999999e-04,5.986276115044729e-04,1.372388495527008e-06
7500,27,5.000000000000000e-04,4.974286377383690e-04,2.571362261630998e-06
7500,28,-4.000000000000000e-04,-3.948750860020053e-04,-5.124913997994762e-06
7500,29,3.000000000000000e-04,2.931658396671410e-04,6.834160332859019e-06
7600,0,1.200000000000000e-01,1.199575734368722e-01,4.242656312775095e-05
7600,1,-8.000000000000000e-02,-7.997136302655777e-02,-2.863697344222815e-05
7600,2,5.500000000000000e-02,5.497961292819081e-02,2.038707180919419e-05
7600,3,4.000000000000000e-02,3.998762853710694e-02,1.237146289306129e-05
7600,4,-3.000000000000000e-02,-2.999607541777071e-02,-3.924582229284518e-06
7600,5,2.500000000000000e-02,2.500015079747707e-02,-1.507974770713350e-07
7600,6,2.000000000000000e-02,1.999045151586509e-02,9.548484134907359e-06
7600,7,-1.800000000000000e-02,-1.799454690185386e-02,-5.453098146139534e-06
7600,8,1.500000000000000e-02,1.499592974191420e-02,4.070258085801109e-06
7600,9,1.200000000000000e-02,1.199946978969733e-02,5.302103026731675e-07
7600,10,-1.000000000000000e-02,-9.998829154893592e-03,-1.170845106408455e-06
7600,11,8.999999999999999e-03,9.000243103198812e-03,-2.431031988128080e-07
7600,12,8.000000000000000e-03,7.997728677870169e-03,2.271322129831360e-06
7600,13,-7.000000000000000e-03,-7.004895304087216e-03,4.895304087215897e-06
7600,14,6.000000000000000e-03,6.000133198359858e-03,-1.331983598574366e-07
7600,15,5.000000000000000e-03,5.000895866692856e-03,-8.958666928562606e-07
7600,16,-4.000000000000000e-03,-4.001060778377723e-03,1.060778377723164e-06
7600,17,3.500000000000000e-03,3.504178228701088e-03,-4.178228701087663e-06
7600,18,3.000000000000000e-03,2.996337367754793e-03,3.662632245206906e-06
7600,19,-2.500000000000000e-03,-2.502668459322233e-03,2.668459322232534e-06
7600,20,2.000000000000000e-03,2.003571641810201e-03,-3.571641810200862e-06
7600,21,1.800000000000000e-03,1.788746145999198e-03,1.125385400080228e-05
7600,22,-1.500000000000000e-03,-1.496802705249618e-03,-3.197294750382010e-06
7600,23,1.200000000000000e-03,1.196606987607710e-03,3.393012392290074e-06
7600,24,1.000000000000000e-03,9.985751878292641e-04,1.424812170735916e-06
7600,25,-8.000000000000000e-04,-8.032141575053398e-04,3.214157505339798e-06
7600,26,5.999999999999999e-04,5.989449861095201e-04,1.055013890479827e-06
7600,27,5.000000000000000e-04,4.975376400956590e-04,2.462359904340980e-06
7600,28,-4.000000000000000e-04,-3.962540695763285e-04,-3.745930423671524e-06
7600,29,3.000000000000000e-04,2.940594371821624e-04,5.940562817837597e-06
7700,0,1.200000000000000e-01,1.199618970557128e-01,3.810294428716055e-05
7700,1,-8.000000000000000e-02,-7.997407532244244e-02,-2.592467755756223e-05
7700,2,5.500000000000000e-02,5.498161748901455e-02,1.838251098545268e-05
7700,3,4.000000000000000e-02,3.998961124650741e-02,1.038875349258783e-05
7700,4,-3.000000000000000e-02,-2.999639539446916e-02,-3.604605530838079e-06
7700,5,2.500000000000000e-02,2.500035529089033e-02,-3.552908903262098e-07
7700,6,2.000000000000000e-02,1.999138582908783e-02,8.614170912166902e-06
7700,7,-1.800000000000000e-02,-1.799458411500045e-02,-5.415884999551007e-06
7700,8,1.500000000000000e-02,1.499684648474847e-02,3.153515251529473e-06
7700,9,1.200000000000000e-02,1.199953526388933e-02,4.647361106727838e-07
7700,10,-1.000000000000000e-02,-9.998046257529997e-03,-1.953742470002864e-06
7700,11,8.999999999999999e-03,9.000437852534944e-03,-4.378525349443829e-07
7700,12,8.000000000000000e-03,7.997872801759611e-03,2.127198240388720e-06
7700,13,-7.000000000000000e-03,-7.003850593161029e-03,3.850593161028662e-06
7700,14,6.000000000000000e-03,6.000229278117881e-03,-2.292781178811834e-07
7700,15,5.000000000000000e-03,5.000727576081649e-03,-7.275760816492435e-07
7700,16,-4.000000000000000e-03,-4.000722638622121e-03,7.226386221212064e-07
7700,17,3.500000000000000e-03,3.504345171326149e-03,-4.345171326149231e-06
7700,18,3.000000000000000e-03,2.997101873991476e-03,2.898126008523804e-06
7700,19,-2.500000000000000e-03,-2.502765713188912e-03,2.765713188911632e-06
7700,20,2.000000000000000e-03,2.004365502175156e-03,-4.365502175155724e-06
7700,21,1.800000000000000e-03,1.789907631923086e-03,1.009236807691374e-05
7700,22,-1.500000000000000e-03,-1.496391861474156e-03,-3.608138525844438e-06
7700,23,1.200000000000000e-03,1.197491542410196e-03,2.508457589803746e-06
7700,24,1.000000000000000e-03,9.989516058421999e-04,1.048394157800170e-06
7700,25,-8.000000000000000e-04,-8.026784738694739e-04,2.678473869473816e-06
7700,26,5.999999999999999e-04,5.994455874481088e-04,5.544125518911359e-07
7700,27,5.000000000000000e-04,4.982196997732971e-04,1.780300226702928e-06
7700,28,-4.000000000000000e-04,-3.965488127842988e-04,-3.451187215701185e-06
7700,29,3.000000000000000e-04,2.951153718459809e-04,4.884628154019064e-06
7800,0,1.200000000000000e-01,1.199656723836188e-01,3.432761638122450e-05
7800,1,-8.000000000000000e-02,-7.997710648243643e-02,-2.289351756357139e-05
7800,2,5.500000000000000e-02,5.498332231298095e-02,1.667768701904548e-05
7800,3,4.000000000000000e-02,3.999046435929438e-02,9.535640705618520e-06
7800,4,-3.000000000000000e-02,-2.999768336223474e-02,-2.316637765262947e-06
7800,5,2.500000000000000e-02,2.500107987634437e-02,-1.079876344369651e-06
7800,6,2.000000000000000e-02,1.999171512278020e-02,8.284877219804504e-06
7800,7,-1.800000000000000e-02,-1.799492097508658e-02,-5.079024913416663e-06
7800,8,1.500000000000000e-02,1.499689603945514e-02,3.103960544861492e-06
7800,9,1.200000000000000e-02,1.199940509311220e-02,5.949068878022962e-07
7800,10,-1.000000000000000e-02,-9.997697648676859e-03,-2.302351323141619e-06
7800,11,8.999999999999999e-03,8.999823507897976e-03,1.764921020233623e-07
7800,12,8.000000000000000e-03,7.998507613359867e-03,1.492386640133611e-06
7800,13,-7.000000000000000e-03,-7.003451296191293e-03,3.451296191292648e-06
7800,14,6.000000000000000e-03,5.999967588224604e-03,3.241177539640289e-08
7800,15,5.000000000000000e-03,5.000721883168216e-03,-7.218831682160448e-07
7800,16,-4.000000000000000e-03,-4.000593921253159e-03,5.939212531589494e-07
7800,17,3.500000000000000e-03,3.503985412364101e-03,-3.985412364101385e-06
7800,18,3.000000000000000e-03,2.996703931261437e-03,3.296068738563307e-06
7800,19,-2.500000000000000e-03,-2.501720293057127e-03,1.720293057126503e-06
7800,20,2.000000000000000e-03,2.003203274316820e-03,-3.203274316820361e-06
7800,21,1.800000000000000e-03,1.790569701558341e-03,9.430298441659131e-06
7800,22,-1.500000000000000e-03,-1.497191556965063e-03,-2.808443034937056e-06
7800,23,1.200000000000000e-03,1.198216145902959e-03,1.783854097041349e-06
7800,24,1.000000000000000e-03,9.984768828489165e-04,1.523117151083558e-06
7800,25,-8.000000000000000e-04,-8.024849289849854e-04,2.484928984985372e-06
7800,26,5.999999999999999e-04,5.999324721741992e-04,6.752782580072419e-08
7800,27,5.000000000000000e-04,4.974535951015223e-04,2.546404898477674e-06
7800,28,-4.000000000000000e-04,-3.968221031855825e-04,-3.177896814417528e-06
7800,29,3.000000000000000e-04,2.955632935843754e-04,4.436706415624533e-06
7900,0,1.200000000000000e-01,1.199699097727478e-01,3.009022725217192e-05
7900,1,-8.000000000000000e-02,-7.998028528790894e-02,-1.971471209105680e-05
7900,2,5.500000000000000e-02,5.498609007916139e-02,1.390992083860620e-05
7900,3,4.000000000000000e-02,3.998930751381884e-02,1.069248618115748e-05
7900,4,-3.000000000000000e-02,-2.999717652160369e-02,-2.823478396307699e-06
7900,5,2.500000000000000e-02,2.500079916698198e-02,-7.991669819761016e-07
7900,6,2.000000000000000e-02,1.999200386451924e-02,7.996135480761724e-06
7900,7,-1.800000000000000e-02,-1.799437852146695e-02,-5.621478533050783e-06
7900,8,1.500000000000000e-02,1.499620095721636e-02,3.799042783639989e-06
7900,9,1.200000000000000e-02,1.199982571970495e-02,1.742802950462086e-07
7900,10,-1.000000000000000e-02,-9.998752995565850e-03,-1.247004434150323e-06
7900,11,8.999999999999999e-03,9.000256415252195e-03,-2.564152521960378e-07
7900,12,8.000000000000000e-03,7.998359464131358e-03,1.640535868641796e-06
7900,13,-7.000000000000000e-03,-7.003116874974064e-03,3.116874974063745e-06
7900,14,6.000000000000000e-03,6.000662062782207e-03,-6.620627822067487e-07
7900,15,5.000000000000000e-03,4.999774300486264e-03,2.256995137363965e-07
7900,16,-4.000000000000000e-03,-3.999794209822835e-03,-2.057901771646692e-07
7900,17,3.500000000000000e-03,3.502669490366411e-03,-2.669490366410520e-06
7900,18,3.000000000000000e-03,2.997616621292644e-03,2.383378707355738e-06
7900,19,-2.500000000000000e-03,-2.501853976822905e-03,1.853976822905126e-06
7900,20,2.000000000000000e-03,2.003748379275518e-03,-3.748379275517709e-06
7900,21,1.800000000000000e-03,1.790814550959821e-03,9.185449040179268e-06
7900,22,-1.500000000000000e-03,-1.496979470494517e-03,-3.020529505483142e-06
7900,23,1.200000000000000e-03,1.198117813348183e-03,1.882186651816975e-06
7900,24,1.000000000000000e-03,9.987094010001790e-04,1.290598999821027e-06
7900,25,-8.000000000000000e-04,-8.022768475967923e-04,2.276847596792289e-06
7900,26,5.999999999999999e-04,5.998686700839281e-04,1.313299160718949e-07
7900,27,5.000000000000000e-04,4.985293440315441e-04,1.470655968455930e-06
7900,28,-4.000000000000000e-04,-3.979576184507539e-04,-2.042381549246088e-06
7900,29,3.000000000000000e-04,2.965645597067089e-04,3.435440293291122e-06
8000,0,1.200000000000000e-01,1.199728608505057e-01,2.713914949434293e-05
8000,1,-8.000000000000000e-02,-7.998165306052907e-02,-1.834693947093402e-05
8000,2,5.500000000000000e-02,5.498738874569607e-02,1.261125430393473e-05
8000,3,4.000000000000000e-02,3.999066624728461e-02,9.333752715390276e-06
8000,4,-3.000000000000000e-02,-2.999729000831159e-02,-2.709991688405050e-06
8000,5,2.500000000000000e-02,2.500102750411343e-02,-1.027504113428751e-06
8000,6,2.000000000000000e-02,1.999299486788648e-02,7.005132113522411e-06
8000,7,-1.800000000000000e-02,-1.799505360906296e-02,-4.946390937041883e-06
8000,8,1.500000000000000e-02,1.499701106224513e-02,2.988937754872661e-06
8000,9,1.200000000000000e-02,1.199960983018689e-02,3.901698131091730e-07
8000,10,-1.000000000000000e-02,-9.999080463032791e-03,-9.195369672088116e-07
8000,11,8.999999999999999e-03,9.000582614395489e-03,-5.826143954900526e-07
8000,12,8.000000000000000e-03,7.998526269505831e-03,1.473730494168726e-06
8000,13,-7.000000000000000e-03,-7.002714083753882e-03,2.714083753881449e-06
8000,14,6.000000000000000e-03,6.000465946375338e-03,-4.659463753381790e-07
8000,15,5.000000000000000e-03,5.000184924546285e-03,-1.849245462853116e-07
8000,16,-4.000000000000000e-03,-3.999709956562003e-03,-2.900434379971353e-07
8000,17,3.500000000000000e-03,3.502961025679575e-03,-2.961025679574895e-06
8000,18,3.000000000000000e-03,2.998040607848760e-03,1.959392151240028e-06
8000,19,-2.500000000000000e-03,-2.501765403031190e-03,1.765403031189945e-06
8000,20,2.000000000000000e-03,2.004009735920921e-03,-4.009735920921121e-06
8000,21,1.800000000000000e-03,1.791428944963784e-03,8.571055036215788e-06
8000,22,-1.500000000000000e-03,-1.496853226599887e-03,-3.146773400112927e-06
8000,23,1.200000000000000e-03,1.197971348560986e-03,2.028651439013899e-06
8000,24,1.000000000000000e-03,9.992872907186748e-04,7.127092813252311e-07
8000,25,-8.000000000000000e-04,-8.021203311517427e-04,2.120331151742624e-06
8000,26,5.999999999999999e-04,5.998740300259547e-04,1.259699740452196e-07
8000,27,5.000000000000000e-04,4.985238989644649e-04,1.476101035535120e-06
8000,28,-4.000000000000000e-04,-3.979812830540202e-04,-2.018716945979859e-06
8000,29,3.000000000000000e-04,2.969518431055578e-04,3.048156894442169e-06
8100,0,1.200000000000000e-01,1.199749207305814e-01,2.507926941858196e-05
8100,1,-8.000000000000000e-02,-7.998287639848072e-02,-1.712360151928660e-05
8100,2,5.500000000000000e-02,5.498845604180230e-02,1.154395819770448e-05
8100,3,4.000000000000000e-02,3.999103954246918e-02,8.960457530821087e-06
8100,4,-3.000000000000000e-02,-2.999721615019064e-02,-2.783849809361028e-06
8100,5,2.500000000000000e-02,2.500056238989863e-02,-5.623898986333031e-07
8100,6,2.000000000000000e-02,1.999327987682501e-02,6.720123174989295e-06
8100,7,-1.800000000000000e-02,-1.799527731713570e-02,-4.722682864298500e-06
8100,8,1.500000000000000e-02,1.499744177870899e-02,2.558221291007814e-06
8100,9,1.200000000000000e-02,1.199946185374190e-02,5.381462581024316e-07
8100,10,-1.000000000000000e-02,-9.999183123078605e-03,-8.168769213955790e-07
8100,11,8.999999999999999e-03,9.001101853320767e-03,-1.101853320768093e-06
8100,12,8.000000000000000e-03,7.998238367560107e-03,1.761632439893288e-06
8100,13,-7.000000000000000e-03,-7.002207353463605e-03,2.207353463605337e-06
8100,14,6.000000000000000e-03,6.000278798101850e-03,-2.787981018496227e-07
8100,15,5.000000000000000e-03,5.000060462886326e-03,-6.046288632613472e-08
8100,16,-4.000000000000000e-03,-3.999987723219857e-03,-1.227678014283085e-08
8100,17,3.500000000000000e-03,3.502801301690148e-03,-2.801301690148316e-06
8100,18,3.000000000000000e-03,2.997925829538652e-03,2.074170461348508e-06
8100,19,-2.500000000000000e-03,-2.501330573353807e-03,1.330573353807048e-06
8100,20,2.000000000000000e-03,2.003636819377682e-03,-3.636819377681594e-06
8100,21,1.800000000000000e-03,1.791736060890360e-03,8.263939109640420e-06
8100,22,-1.500000000000000e-03,-1.496525447557876e-03,-3.474552442124220e-06
8100,23,1.200000000000000e-03,1.197707302918301e-03,2.292697081699097e-06
8100,24,1.000000000000000e-03,9.995191824521948e-04,4.808175478052470e-07
8100,25,-8.000000000000000e-04,-8.018789847180097e-04,1.878984718009687e-06
8100,26,5.999999999999999e-04,5.996544309525001e-04,3.455690474998873e-07
8100,27,5.000000000000000e-04,4.984685699351031e-04,1.531430064896926e-06
8100,28,-4.000000000000000e-04,-3.978597794573048e-04,-2.140220542695248e-06
8100,29,3.000000000000000e-04,2.971968863017458e-04,2.803113698254161e-06
8200,0,1.200000000000000e-01,1.199770065446174e-01,2.299345538255004e-05
8200,1,-8.000000000000000e-02,-7.998381007734620e-02,-1.618992265380037e-05
8200,2,5.500000000000000e-02,5.498954027887806e-02,1.045972112194427e-05
8200,3,4.000000000000000e-02,3.999195604117051e-02,8.043958829487274e-06
8200,4,-3.000000000000000e-02,-2.999723239649293e-02,-2.767603507067978e-06
8200,5,2.500000000000000e-02,2.500062749483456e-02,-6.274948345583176e-07
8200,6,2.000000000000000e-02,1.999422380185033e-02,5.776198149672757e-06
8200,7,-1.800000000000000e-02,-1.799579398861156e-02,-4.206011388434988e-06
8200,8,1.500000000000000e-02,1.499783806321700e-02,2.161936783000654e-06
8200,9,1.200000000000000e-02,1.199926448315533e-02,7.355168446711996e-07
8200,10,-1.000000000000000e-02,-9.999125426077579e-03,-8.745739224214066e-07
8200,11,8.999999999999999e-03,9.000843880787706e-03,-8.438807877070298e-07
8200,12,8.000000000000000e-03,7.998412332885597e-03,1.587667114402724e-06
8200,13,-7.000000000000000e-03,-7.001945540933658e-03,1.945540933657834e-06
8200,14,6.000000000000000e-03,6.000080199045059e-03,-8.019904505860570e-08
8200,15,5.000000000000000e-03,5.000428926722540e-03,-4.289267225400864e-07
8200,16,-4.000000000000000e-03,-4.000181979264644e-03,1.819792646443399e-07
8200,17,3.500000000000000e-03,3.502748563316640e-03,-2.748563316640196e-06
8200,18,3.000000000000000e-03,2.998368314208401e-03,1.631685791599058e-06
8200,19,-2.500000000000000e-03,-2.501236252086991e-03,1.236252086990984e-06
8200,20,2.000000000000000e-03,2.003491016414941e-03,-3.491016414940585e-06
8200,21,1.800000000000000e-03,1.792639469746378e-03,7.360530253621702e-06
8200,22,-1.500000000000000e-03,-1.496847539684454e-03,-3.152460315546286e-06
8200,23,1.200000000000000e-03,1.198158941179608e-03,1.841058820391739e-06
8200,24,1.000000000000000e-03,9.996321382057588e-04,3.678617942412532e-07
8200,25,-8.000000000000000e-04,-8.018370551126678e-04,1.837055112667769e-06
8200,26,5.999999999999999e-04,5.999467108614885e-04,5.328913851149458e-08
8200,27,5.000000000000000e-04,4.985437468153439e-04,1.456253184656123e-06
8200,28,-4.000000000000000e-04,-3.977245229847545e-04,-2.275477015245488e-06
8200,29,3.000000000000000e-04,2.974293454849652e-04,2.570654515034806e-06
8300,0,1.200000000000000e-01,1.199799638743577e-01,2.003612564227542e-05
8300,1,-8.000000000000000e-02,-7.998613348643727e-02,-1.386651356273527e-05
8300,2,5.500000000000000e-02,5.499137964599043e-02,8.620354009565567e-06
8300,3,4.000000000000000e-02,3.999228351800792e-02,7.716481992076085e-06
8300,4,-3.000000000000000e-02,-2.999728153075681e-02,-2.718469243188221e-06
8300,5,2.500000000000000e-02,2.500036358491994e-02,-3.635849199386254e-07
8300,6,2.000000000000000e-02,1.999480700414620e-02,5.192995853799814e-06
8300,7,-1.800000000000000e-02,-1.799690937854913e-02,-3.090621450863723e-06
8300,8,1.500000000000000e-02,1.499817614764168e-02,1.823852358322567e-06
8300,9,1.200000000000000e-02,1.199927818822685e-02,7.218117731543072e-07
8300,10,-1.000000000000000e-02,-9.999219497768065e-03,-7.805022319354316e-07
8300,11,8.999999999999999e-03,9.000527057295253e-03,-5.270572952537772e-07
8300,12,8.000000000000000e-03,7.998623325524338e-03,1.376674475661935e-06
8300,13,-7.000000000000000e-03,-7.001900798855588e-03,1.900798855587575e-06
8300,14,6.000000000000000e-03,5.999846152510010e-03,1.538474899897765e-07
8300,15,5.000000000000000e-03,5.000115261476165e-03,-1.152614761646895e-07
8300,16,-4.000000000000000e-03,-4.000077452877655e-03,7.745287765488496e-08
8300,17,3.500000000000000e-03,3.502266965833790e-03,-2.266965833789582e-06
8300,18,3.000000000000000e-03,2.997926864897805e-03,2.073135102194628e-06
8300,19,-2.500000000000000e-03,-2.500142152625108e-03,1.421526251081488e-07
8300,20,2.000000000000000e-03,2.002250778980026e-03,-2.250778980025531e-06
8300,21,1.800000000000000e-03,1.793839697284994e-03,6.160302715006337e-06
8300,22,-1.500000000000000e-03,-1.497049129091171e-03,-2.950870908828822e-06
8300,23,1.200000000000000e-03,1.198088667166174e-03,1.911332833825878e-06
8300,24,1.000000000000000e-03,1.000244034786669e-03,-2.440347866693605e-07
8300,25,-8.000000000000000e-04,-8.019440033355748e-04,1.944003335574798e-06
8300,26,5.999999999999999e-04,6.000353288122369e-04,-3.532881223699581e-08
8300,27,5.000000000000000e-04,4.985694531561267e-04,1.430546843873316e-06
8300,28,-4.000000000000000e-04,-3.982432010128956e-04,-1.756798987104398e-06
8300,29,3.000000000000000e-04,2.976039869566999e-04,2.396013043300105e-06
8400,0,1.200000000000000e-01,1.199814635271786e-01,1.853647282139270e-05
8400,1,-8.000000000000000e-02,-7.998748939458297e-02,-1.251060541702931e-05
8400,2,5.500000000000000e-02,5.499204979546180e-02,7.950204538198502e-06
8400,3,4.000000000000000e-02,3.999319032027766e-02,6.809679722344364e-06
8400,4,-3.000000000000000e-02,-2.999784441295583e-02,-2.155587044166962e-06
8400,5,2.500000000000000e-02,2.500021595865886e-02,-2.159586588619533e-07
8400,6,2.000000000000000e-02,1.999544656537975e-02,4.553434620253871e-06
8400,7,-1.800000000000000e-02,-1.799716241875097e-02,-2.837581249026666e-06
8400,8,1.500000000000000e-02,1.499815816317723e-02,1.841836822766285e-06
8400,9,1.200000000000000e-02,1.199925615920620e-02,7.438407937966629e-07
8400,10,-1.000000000000000e-02,-9.999038708562301e-03,-9.612914376993381e-07
8400,11,8.999999999999999e-03,9.000678474068931e-03,-6.784740689321639e-07
8400,12,8.000000000000000e-03,7.998488513329797e-03,1.511486670203316e-06
8400,13,-7.000000000000000e-03,-7.001423263435645e-03,1.423263435644355e-06
8400,14,6.000000000000000e-03,5.999977697691624e-03,2.230230837594466e-08
8400,15,5.000000000000000e-03,5.000129870180014e-03,-1.298701800137372e-07
8400,16,-4.000000000000000e-03,-3.999928591003957e-03,-7.140899604355516e-08
8400,17,3.500000000000000e-03,3.501981745683530e-03,-1.981745683529972e-06
8400,18,3.000000000000000e-03,2.998247901603305e-03,1.752098396695136e-06
8400,19,-2.500000000000000e-03,-2.499903617874055e-03,-9.638212594481263e-08
8400,20,2.000000000000000e-03,2.001722305093493e-03,-1.722305093492579e-06
8400,21,1.800000000000000e-03,1.794577121971420e-03,5.422878028580333e-06
8400,22,-1.500000000000000e-03,-1.497107646432468e-03,-2.892353567532239e-06
8400,23,1.200000000000000e-03,1.197860235971880e-03,2.139764028120028e-06
8400,24,1.000000000000000e-03,1.000627854994957e-03,-6.278549949574348e-07
8400,25,-8.000000000000000e-04,-8.016990171832872e-04,1.699017183287208e-06
8400,26,5.999999999999999e-04,5.996791821471100e-04,3.208178528899550e-07
8400,27,5.000000000000000e-04,4.990382744789894e-04,9.617255210106262e-07
8400,28,-4.000000000000000e-04,-3.986239303193261e-04,-1.376069680673918e-06
8400,29,3.000000000000000e-04,2.977095996337908e-04,2.290400366209160e-06
8500,0,1.200000000000000e-01,1.199831509673225e-01,1.684903267745730e-05
8500,1,-8.000000000000000e-02,-7.998829625351332e-02,-1.170374648667982e-05
8500,2,5.500000000000000e-02,5.499298157842651e-02,7.018421573488920e-06
8500,3,4.000000000000000e-02,3.999361301621900e-02,6.386983781005162e-06
8500,4,-3.000000000000000e-02,-2.999766581285275e-02,-2.334187147248756e-06
8500,5,2.500000000000000e-02,2.500000719976527e-02,-7.199765266613367e-09
8500,6,2.000000000000000e-02,1.999560357042383e-02,4.396429576170036e-06
8500,7,-1.800000000000000e-02,-1.799757953410397e-02,-2.420465896026125e-06
8500,8,1.500000000000000e-02,1.499821820496252e-02,1.781795037479605e-06
8500,9,1.200000000000000e-02,1.199909587193586e-02,9.041280641438471e-07
8500,10,-1.000000000000000e-02,-9.999038226439267e-03,-9.617735607335420e-07
8500,11,8.999999999999999e-03,9.000179837230069e-03,-1.798372300694517e-07
8500,12,8.000000000000000e-03,7.998930387062248e-03,1.069612937752012e-06
8500,13,-7.000000000000000e-03,-7.001601887490791e-03,1.601887490790439e-06
8500,14,6.000000000000000e-03,5.999886084817121e-03,1.139151828795024e-07
8500,15,5.000000000000000e-03,4.999836231592594e-03,1.637684074063533e-07
8500,16,-4.000000000000000e-03,-4.000050582844728e-03,5.058284472791302e-08
8500,17,3.500000000000000e-03,3.501757944144323e-03,-1.757944144322853e-06
8500,18,3.000000000000000e-03,2.998181040057153e-03,1.818959942846785e-06
8500,19,-2.500000000000000e-03,-2.499850529044854e-03,-1.494709551464780e-07
8500,20,2.000000000000000e-03,2.001639686229531e-03,-1.639686229530993e-06
8500,21,1.800000000000000e-03,1.794872076959190e-03,5.127923040810405e-06
8500,22,-1.500000000000000e-03,-1.497121907830471e-03,-2.878092169528949e-06
8500,23,1.200000000000000e-03,1.198131843994090e-03,1.868156005909935e-06
8500,24,1.000000000000000e-03,1.000624201576059e-03,-6.242015760590802e-07
8500,25,-8.000000000000000e-04,-8.014468800491062e-04,1.446880049106179e-06
8500,26,5.999999999999999e-04,5.998730085763998e-04,1.269914236001497e-07
8500,27,5.000000000000000e-04,4.992039655897352e-04,7.960344102648500e-07
8500,28,-4.000000000000000e-04,-3.985672610151464e-04,-1.432738984853666e-06
8500,29,3.000000000000000e-04,2.980062652390273e-04,1.993734760972706e-06
8600,0,1.200000000000000e-01,1.199849558219953e-01,1.504417800474167e-05
8600,1,-8.000000000000000e-02,-7.998952170761091e-02,-1.047829238909337e-05
8600,2,5.500000000000000e-02,5.499358028290977e-02,6.419717090228039e-06
8600,3,4.000000000000000e-02,3.999433456095100e-02,5.665439049000465e-06
8600,4,-3.000000000000000e-02,-2.999813225073665e-02,-1.867749263351898e-06
8600,5,2.500000000000000e-02,2.500029141208185e-02,-2.914120818438282e-07
8600,6,2.000000000000000e-02,1.999608431468171e-02,3.915685318295337e-06
8600,7,-1.800000000000000e-02,-1.799817502891298e-02,-1.824971087020788e-06
8600,8,1.500000000000000e-02,1.499869889238672e-02,1.301107613279825e-06
8600,9,1.200000000000000e-02,1.199921663626030e-02,7.833637397040155e-07
8600,10,-1.000000000000000e-02,-9.999178242029698e-03,-8.217579703026501e-07
8600,11,8.999999999999999e-03,9.000062233151135e-03,-6.223315113587646e-08
8600,12,8.000000000000000e-03,7.999245561888994e-03,7.544381110061865e-07
8600,13,-7.000000000000000e-03,-7.001587999031877e-03,1.587999031877133e-06
8600,14,6.000000000000000e-03,5.999637068120528e-03,3.629318794723044e-07
8600,15,5.000000000000000e-03,5.000282733927068e-03,-2.827339270683113e-07
8600,16,-4.000000000000000e-03,-4.000205629599207e-03,2.056295992066207e-07
8600,17,3.500000000000000e-03,3.501402798838843e-03,-1.402798838843339e-06
8600,18,3.000000000000000e-03,2.998635031106844e-03,1.364968893156036e-06
8600,19,-2.500000000000000e-03,-2.499967426929958e-03,-3.257307004201140e-08
8600,20,2.000000000000000e-03,2.001310444884908e-03,-1.310444884908019e-06
8600,21,1.800000000000000e-03,1.795747308463135e-03,4.252691536864609e-06
8600,22,-1.500000000000000e-03,-1.497632311473685e-03,-2.367688526315470e-06
8600,23,1.200000000000000e-03,1.198276776882386e-03,1.723223117614144e-06
8600,24,1.000000000000000e-03,1.000760165191151e-03,-7.601651911513796e-07
8600,25,-8.000000000000000e-04,-8.012426328631002e-04,1.242632863100181e-06
8600,26,5.999999999999999e-04,5.995371116326342e-04,4.628883673657913e-07
8600,27,5.000000000000000e-04,4.995752707050601e-04,4.247292949399305e-07
8600,28,-4.000000000000000e-04,-3.988860575218118e-04,-1.113942478188172e-06
8600,29,3.000000000000000e-04,2.982846068772573e-04,1.715393122742645e-06
8700,0,1.200000000000000e-01,1.199864045818747e-01,1.359541812527565e-05
8700,1,-8.000000000000000e-02,-7.999059061898592e-02,-9.409381014083285e-06
8700,2,5.500000000000000e-02,5.499438281022781e-02,5.617189772190445e-06
8700,3,4.000000000000000e-02,3.999479403264279e-02,5.205967357209407e-06
8700,4,-3.000000000000000e-02,-2.999816950037186e-02,-1.830499628135279e-06
8700,5,2.500000000000000e-02,2.500005086643572e-02,-5.086643571627913e-08
8700,6,2.000000000000000e-02,1.999666658118898e-02,3.333418811025252e-06
8700,7,-1.800000000000000e-02,-1.799856441008353e-02,-1.435589916470859e-06
8700,8,1.500000000000000e-02,1.499880474843571e-02,1.195251564294411e-06
8700,9,1.200000000000000e-02,1.199925818692453e-02,7.418130754700825e-07
8700,10,-1.000000000000000e-02,-9.999399524801717e-03,-6.004751982834067e-07
8700,11,8.999999999999999e-03,9.000036594239582e-03,-3.659423958302099e-08
8700,12,8.000000000000000e-03,7.999158992557286e-03,8.410074427145364e-07
8700,13,-7.000000000000000e-03,-7.001523245831948e-03,1.523245831947483e-06
8700,14,6.000000000000000e-03,5.999615829654726e-03,3.841703452743192e-07
8700,15,5.000000000000000e-03,5.000196206698521e-03,-1.962066985211966e-07
8700,16,-4.000000000000000e-03,-4.000468635524775e-03,4.686355247751628e-07
8700,17,3.500000000000000e-03,3.501699675964315e-03,-1.699675964314876e-06
8700,18,3.000000000000000e-03,2.998344835639457e-03,1.655164360543117e-06
8700,19,-2.500000000000000e-03,-2.499837920385676e-03,-1.620796143239796e-07
8700,20,2.000000000000000e-03,2.000796004247217e-03,-7.960042472166841e-07
8700,21,1.800000000000000e-03,1.796174895615982e-03,3.825104384017975e-06
8700,22,-1.500000000000000e-03,-1.497916696344931e-03,-2.083303655068701e-06
8700,23,1.200000000000000e-03,1.198395492182709e-03,1.604507817290924e-06
8700,24,1.000000000000000e-03,1.000551350400467e-03,-5.513504004667821e-07
8700,25,-8.000000000000000e-04,-8.009603521778684e-04,9.603521778684017e-07
8700,26,5.999999999999999e-04,5.993188921335485e-04,6.811078664514369e-07
8700,27,5.000000000000000e-04,4.998924210779502e-04,1.075789220497886e-07
8700,28,-4.000000000000000e-04,-3.990666547357671e-04,-9.333452642329475e-07
8700,29,3.000000000000000e-04,2.983858346536184e-04,1.614165346381594e-06
8800,0,1.200000000000000e-01,1.199876219806185e-01,1.237801938148986e-05
8800,1,-8.000000000000000e-02,-7.999135642950321e-02,-8.643570496791320e-06
8800,2,5.500000000000000e-02,5.499489575928079e-02,5.104240719214226e-06
8800,3,4.000000000000000e-02,3.999527517050432e-02,4.724829495685035e-06
8800,4,-3.000000000000000e-02,-2.999834936084579e-02,-1.650639154207600e-06
8800,5,2.500000000000000e-02,2.500011108424631e-02,-1.110842463118711e-07
8800,6,2.000000000000000e-02,1.999699520752461e-02,3.004792475395229e-06
8800,7,-1.800000000000000e-02,-1.799825534221724e-02,-1.744657782756787e-06
8800,8,1.500000000000000e-02,1.499869730717813e-02,1.302692821874424e-06
8800,9,1.200000000000000e-02,1.199934655786506e-02,6.534421349430053e-07
8800,10,-1.000000000000000e-02,-9.999374338442685e-03,-6.256615573147634e-07
8800,11,8.999999999999999e-03,8.999897368869815e-03,1.026311301846605e-07
8800,12,8.000000000000000e-03,7.999236784168706e-03,7.632158312946558e-07
8800,13,-7.000000000000000e-03,-7.001224676419829e-03,1.224676419829193e-06
8800,14,6.000000000000000e-03,5.999578856983843e-03,4.211430161566582e-07
8800,15,5.000000000000000e-03,5.000181967913658e-03,-1.819679136582167e-07
8800,16,-4.000000000000000e-03,-4.000424104546472e-03,4.241045464719109e-07
8800,17,3.500000000000000e-03,3.501367425292964e-03,-1.367425292963988e-06
8800,18,3.000000000000000e-03,2.998801710804743e-03,1.198289195256715e-06
8800,19,-2.500000000000000e-03,-2.499868818636109e-03,-1.311813638909219e-07
8800,20,2.000000000000000e-03,2.000673314000539e-03,-6.733140005387578e-07
8800,21,1.800000000000000e-03,1.796539549422814e-03,3.460450577186074e-06
8800,22,-1.500000000000000e-03,-1.498102123758741e-03,-1.897876241259292e-06
8800,23,1.200000000000000e-03,1.198463661358990e-03,1.536338641009447e-06
8800,24,1.000000000000000e-03,1.000201961388015e-03,-2.019613880152246e-07
8800,25,-8.000000000000000e-04,-8.006000826388960e-04,6.000826388959579e-07
8800,26,5.999999999999999e-04,5.993353461877417e-04,6.646538122582861e-07
8800,27,5.000000000000000e-04,4.996767926608298e-04,3.232073391702369e-07
8800,28,-4.000000000000000e-04,-3.990694279108107e-04,-9.305720891892872e-07
8800,29,3.000000000000000e-04,2.984043704416148e-04,1.595629558385147e-06
8900,0,1.200000000000000e-01,1.199886868748437e-01,1.131312515627314e-05
8900,1,-8.000000000000000e-02,-7.999213861496542e-02,-7.861385034585444e-06
8900,2,5.500000000000000e-02,5.499538019680313e-02,4.619803196874439e-06
8900,3,4.000000000000000e-02,3.999576519171565e-02,4.234808284354907e-06
8900,4,-3.000000000000000e-02,-2.999837208894023e-02,-1.627911059769865e-06
8900,5,2.500000000000000e-02,2.499982932134462e-02,1.706786553826167e-07
8900,6,2.000000000000000e-02,1.999762211863524e-02,2.377881364756806e-06
8900,7,-1.800000000000000e-02,-1.799821753586810e-02,-1.782464131898365e-06
8900,8,1.500000000000000e-02,1.499854052485911e-02,1.459475140892438e-06
8900,9,1.200000000000000e-02,1.199955969733250e-02,4.403026675012939e-07
8900,10,-1.000000000000000e-02,-9.999417737989496e-03,-5.822620105042781e-07
8900,11,8.999999999999999e-03,8.999836769770533e-03,1.632302294666405e-07
8900,12,8.000000000000000e-03,7.999231086856511e-03,7.689131434895913e-07
8900,13,-7.000000000000000e-03,-7.001287868463009e-03,1.287868463008962e-06
8900,14,6.000000000000000e-03,5.999735883621712e-03,2.641163782879027e-07
8900,15,5.000000000000000e-03,5.000072034143444e-03,-7.203414344354730e-08
8900,16,-4.000000000000000e-03,-4.000693282690516e-03,6.932826905154885e-07
8900,17,3.500000000000000e-03,3.501465296448925e-03,-1.465296448925277e-06
8900,18,3.000000000000000e-03,2.998749792536945e-03,1.250207463054931e-06
8900,19,-2.500000000000000e-03,-2.499997879841963e-03,-2.120158037414305e-09
8900,20,2.000000000000000e-03,2.000596927499268e-03,-5.969274992677701e-07
8900,21,1.800000000000000e-03,1.796990258119307e-03,3.009741880693161e-06
8900,22,-1.500000000000000e-03,-1.498429416150099e-03,-1.570583849901152e-06
8900,23,1.200000000000000e-03,1.198458340987937e-03,1.541659012062454e-06
8900,24,1.000000000000000e-03,1.000308148466522e-03,-3.081484665219247e-07
8900,25,-8.000000000000000e-04,-8.006174132505299e-04,6.174132505298901e-07
8900,26,5.999999999999999e-04,5.991268247772883e-04,8.731752227116420e-07
8900,27,5.000000000000000e-04,4.997920921814525e-04,2.079078185475555e-07
8900,28,-4.000000000000000e-04,-3.989208025136721e-04,-1.079197486327931e-06
8900,29,3.000000000000000e-04,2.982516216246628e-04,1.748378375337177e-06
9000,0,1.200000000000000e-01,1.199896729832902e-01,1.032701670974912e-05
9000,1,-8.000000000000000e-02,-7.999263676730163e-02,-7.363232698370803e-06
9000,2,5.500000000000000e-02,5.499576624710202e-02,4.233752897979393e-06
9000,3,4.000000000000000e-02,3.999625357983348e-02,3.746420166518549e-06
9000,4,-3.000000000000000e-02,-2.999864438039784e-02,-1.355619602155800e-06
9000,5,2.500000000000000e-02,2.500003982200887e-02,-3.982200886751275e-08
9000,6,2.000000000000000e-02,1.999765602564903e-02,2.343974350973305e-06
9000,7,-1.800000000000000e-02,-1.799831446788227e-02,-1.685532117726152e-06
9000,8,1.500000000000000e-02,1.499858358901110e-02,1.416410988903244e-06
9000,9,1.200000000000000e-02,1.199970180508399e-02,2.981949160062169e-07
9000,10,-1.000000000000000e-02,-9.999561060203912e-03,-4.389397960883473e-07
9000,11,8.999999999999999e-03,8.999915027071212e-03,8.497292878703600e-08
9000,12,8.000000000000000e-03,7.999415236459053e-03,5.847635409471363e-07
9000,13,-7.000000000000000e-03,-7.001366681637125e-03,1.366681637124390e-06
9000,14,6.000000000000000e-03,5.999946856734234e-03,5.314326576629641e-08
9000,15,5.000000000000000e-03,4.999930535221541e-03,6.946477845888588e-08
9000,16,-4.000000000000000e-03,-4.000756019164694e-03,7.560191646934639e-07
9000,17,3.500000000000000e-03,3.501342138552164e-03,-1.342138552164196e-06
9000,18,3.000000000000000e-03,2.998866921800677e-03,1.133078199322835e-06
9000,19,-2.500000000000000e-03,-2.500216456861295e-03,2.164568612952542e-07
9000,20,2.000000000000000e-03,2.000764235860290e-03,-7.642358602895187e-07
9000,21,1.800000000000000e-03,1.797167702596904e-03,2.832297403095778e-06
9000,22,-1.500000000000000e-03,-1.498586986128336e-03,-1.413013871664473e-06
9000,23,1.200000000000000e-03,1.198852608065215e-03,1.147391934784928e-06
9000,24,1.000000000000000e-03,1.000258810367172e-03,-2.588103671721798e-07
9000,25,-8.000000000000000e-04,-8.004968225306513e-04,4.968225306512322e-07
9000,26,5.999999999999999e-04,5.994405645391343e-04,5.594354608656283e-07
9000,27,5.000000000000000e-04,4.997964177704664e-04,2.035822295336264e-07
9000,28,-4.000000000000000e-04,-3.990127364628194e-04,-9.872635371806671e-07
9000,29,3.000000000000000e-04,2.983497467064252e-04,1.650253293574767e-06
9100,0,1.200000000000000e-01,1.199905616771289e-01,9.438322871077598e-06
9100,1,-8.000000000000000e-02,-7.999318912105821e-02,-6.810878941790333e-06
9100,2,5.500000000000000e-02,5.499602351262135e-02,3.976487378647142e-06
9100,3,4.000000000000000e-02,3.999663639811605e-02,3.363601883951683e-06
9100,4,-3.000000000000000e-02,-2.999878345927783e-02,-1.216540722173698e-06
9100,5,2.500000000000000e-02,2.500006751862876e-02,-6.751862875742365e-08
9100,6,2.000000000000000e-02,1.999764107522211e-02,2.358924777894067e-06
9100,7,-1.800000000000000e-02,-1.799841893983561e-02,-1.581060164391329e-06
9100,8,1.500000000000000e-02,1.499888262014710e-02,1.117379852895797e-06
9100,9,1.200000000000000e-02,1.199941243857238e-02,5.875614276177471e-07
9100,10,-1.000000000000000e-02,-9.999558156963174e-03,-4.418430368264420e-07
9100,11,8.999999999999999e-03,9.000093929136428e-03,-9.392913642887468e-08
9100,12,8.000000000000000e-03,7.999310204829309e-03,6.897951706913430e-07
9100,13,-7.000000000000000e-03,-7.001089410525782e-03,1.089410525781896e-06
9100,14,6.000000000000000e-03,5.999739496284111e-03,2.605037158895027e-07
9100,15,5.000000000000000e-03,5.000034457001103e-03,-3.445700110307759e-08
9100,16,-4.000000000000000e-03,-4.000632027464202e-03,6.320274642023296e-07
9100,17,3.500000000000000e-03,3.501014893617658e-03,-1.014893617657438e-06
9100,18,3.000000000000000e-03,2.999142723555988e-03,8.572764440121540e-07
9100,19,-2.500000000000000e-03,-2.500365968296941e-03,3.659682969413269e-07
9100,20,2.000000000000000e-03,2.000824066672511e-03,-8.240666725112256e-07
9100,21,1.800000000000000e-03,1.797391105873425e-03,2.608894126574944e-06
9100,22,-1.500000000000000e-03,-1.498792727362529e-03,-1.207272637471007e-06
9100,23,1.200000000000000e-03,1.199022300784777e-03,9.776992152229266e-07
9100,24,1.000000000000000e-03,1.000370757880878e-03,-3.707578808780348e-07
9100,25,-8.000000000000000e-04,-8.006234390439844e-04,6.234390439843794e-07
9100,26,5.999999999999999e-04,5.995873950764799e-04,4.126049235200031e-07
9100,27,5.000000000000000e-04,4.998919905062479e-04,1.080094937521044e-07
9100,28,-4.000000000000000e-04,-3.991356702611676e-04,-8.643297388324271e-07
9100,29,3.000000000000000e-04,2.985585719266527e-04,1.441428073347306e-06
9200,0,1.200000000000000e-01,1.199913014126573e-01,8.698587342717556e-06
9200,1,-8.000000000000000e-02,-7.999358724416210e-02,-6.412755837903461e-06
9200,2,5.500000000000000e-02,5.499644972503986e-02,3.550274960135991e-06
9200,3,4.000000000000000e-02,3.999677115235337e-02,3.228847646634392e-06
9200,4,-3.000000000000000e-02,-2.999869534676938e-02,-1.304653230619485e-06
9200,5,2.500000000000000e-02,2.500006894189012e-02,-6.894189011688590e-08
9200,6,2.000000000000000e-02,1.999780461267282e-02,2.195387327184189e-06
9200,7,-1.800000000000000e-02,-1.799863681288516e-02,-1.363187114834796e-06
9200,8,1.500000000000000e-02,1.499903455029508e-02,9.654497049194771e-07
9200,9,1.200000000000000e-02,1.199918347033196e-02,8.165296680445050e-07
9200,10,-1.000000000000000e-02,-9.999491265031255e-03,-5.087349687453446e-07
9200,11,8.999999999999999e-03,9.000053163971799e-03,-5.316397179953858e-08
9200,12,8.000000000000000e-03,7.999109976157531e-03,8.900238424695839e-07
9200,13,-7.000000000000000e-03,-7.000869993814189e-03,8.699938141886257e-07
9200,14,6.000000000000000e-03,5.999580445841611e-03,4.195541583890822e-07
9200,15,5.000000000000000e-03,5.000111433340210e-03,-1.114333402097573e-07
9200,16,-4.000000000000000e-03,-4.000625031064915e-03,6.250310649151547e-07
9200,17,3.500000000000000e-03,3.501060739180972e-03,-1.060739180971850e-06
9200,18,3.000000000000000e-03,2.999165632790496e-03,8.343672095044614e-07
9200,19,-2.500000000000000e-03,-2.500281489332126e-03,2.814893321264472e-07
9200,20,2.000000000000000e-03,2.000675836523352e-03,-6.758365233522183e-07
9200,21,1.800000000000000e-03,1.797557269762888e-03,2.442730237112384e-06
9200,22,-1.500000000000000e-03,-1.498876376130312e-03,-1.123623869688124e-06
9200,23,1.200000000000000e-03,1.198928453035373e-03,1.071546964627077e-06
9200,24,1.000000000000000e-03,1.000318974807696e-03,-3.189748076961717e-07
9200,25,-8.000000000000000e-04,-8.006703939059625e-04,6.703939059624596e-07
9200,26,5.999999999999999e-04,5.996154193748816e-04,3.845806251183805e-07
9200,27,5.000000000000000e-04,4.998072766367077e-04,1.927233632923213e-07
9200,28,-4.000000000000000e-04,-3.991710457016797e-04,-8.289542983202971e-07
9200,29,3.000000000000000e-04,2.986295226012453e-04,1.370477398754638e-06
9300,0,1.200000000000000e-01,1.199919684614151e-01,8.031538584904463e-06
9300,1,-8.000000000000000e-02,-7.999420098747768e-02,-5.799012522317293e-06
9300,2,5.500000000000000e-02,5.499661242944510e-02,3.387570554902464e-06
9300,3,4.000000000000000e-02,3.999722204074691e-02,2.777959253089102e-06
9300,4,-3.000000000000000e-02,-2.999893131028344e-02,-1.068689716558074e-06
9300,5,2.500000000000000e-02,2.499996893423879e-02,3.106576121000848e-08
9300,6,2.000000000000000e-02,1.999789313642613e-02,2.106863573866913e-06
9300,7,-1.800000000000000e-02,-1.799866346415472e-02,-1.336535845275488e-06
9300,8,1.500000000000000e-02,1.499891725403251e-02,1.082745967485171e-06
9300,9,1.200000000000000e-02,1.199923887277141e-02,7.611272285906745e-07
9300,10,-1.000000000000000e-02,-9.999473916603737e-03,-5.260833962628109e-07
9300,11,8.999999999999999e-03,9.000064994137517e-03,-6.499413751810679e-08
9300,12,8.000000000000000e-03,7.999000931846642e-03,9.990681533577489e-07
9300,13,-7.000000000000000e-03,-7.000667053285219e-03,6.670532852184538e-07
9300,14,6.000000000000000e-03,5.999647202812593e-03,3.527971874067032e-07
9300,15,5.000000000000000e-03,5.000110349843537e-03,-1.103498435371664e-07
9300,16,-4.000000000000000e-03,-4.000517937167749e-03,5.179371677490122e-07
9300,17,3.500000000000000e-03,3.500897854796483e-03,-8.978547964828658e-07
9300,18,3.000000000000000e-03,2.999078581657011e-03,9.214183429892379e-07
9300,19,-2.500000000000000e-03,-2.500204028997044e-03,2.040289970440916e-07
9300,20,2.000000000000000e-03,2.000665028114455e-03,-6.650281144547285e-07
9300,21,1.800000000000000e-03,1.797558267702962e-03,2.441732297038274e-06
9300,22,-1.500000000000000e-03,-1.498914836369276e-03,-1.085163630724266e-06
9300,23,1.200000000000000e-03,1.198859170026237e-03,1.140829973763280e-06
9300,24,1.000000000000000e-03,1.000250914461925e-03,-2.509144619252703e-07
9300,25,-8.000000000000000e-04,-8.005664862229840e-04,5.664862229839886e-07
9300,26,5.999999999999999e-04,5.996847087787439e-04,3.152912212560669e-07
9300,27,5.000000000000000e-04,4.996371670188962e-04,3.628329811038600e-07
9300,28,-4.000000000000000e-04,-3.990129473515261e-04,-9.870526484739416e-07
9300,29,3.000000000000000e-04,2.986826633128026e-04,1.317336687197410e-06
9400,0,1.200000000000000e-01,1.199929664554466e-01,7.033544553419757e-06
9400,1,-8.000000000000000e-02,-7.999486172092153e-02,-5.138279078470420e-06
9400,2,5.500000000000000e-02,5.499704506418836e-02,2.954935811635973e-06
9400,3,4.000000000000000e-02,3.999749585416112e-02,2.504145838883032e-06
9400,4,-3.000000000000000e-02,-2.999897095228206e-02,-1.029047717940323e-06
9400,5,2.500000000000000e-02,2.500007956898147e-02,-7.956898147309932e-08
9400,6,2.000000000000000e-02,1.999810792129523e-02,1.892078704771732e-06
9400,7,-1.800000000000000e-02,-1.799865065323931e-02,-1.349346760683851e-06
9400,8,1.500000000000000e-02,1.499900295421104e-02,9.970457889620088e-07
9400,9,1.200000000000000e-02,1.199961769272448e-02,3.823072755246293e-07
9400,10,-1.000000000000000e-02,-9.999710370226376e-03,-2.896297736244141e-07
9400,11,8.999999999999999e-03,9.000294324560216e-03,-2.943245602168854e-07
9400,12,8.000000000000000e-03,7.999225369989572e-03,7.746300104277681e-07
9400,13,-7.000000000000000e-03,-7.000726126666236e-03,7.261266662360322e-07
9400,14,6.000000000000000e-03,5.999998788699520e-03,1.211300480058464e-09
9400,15,5.000000000000000e-03,5.000115851863570e-03,-1.158518635694522e-07
9400,16,-4.000000000000000e-03,-4.000522487019762e-03,5.224870197615208e-07
9400,17,3.500000000000000e-03,3.501003669126927e-03,-1.003669126926465e-06
9400,18,3.000000000000000e-03,2.999325872255155e-03,6.741277448450711e-07
9400,19,-2.500000000000000e-03,-2.500343926378144e-03,3.439263781437711e-07
9400,20,2.000000000000000e-03,2.000774192751621e-03,-7.741927516204811e-07
9400,21,1.800000000000000e-03,1.797767602881223e-03,2.232397118776897e-06
9400,22,-1.500000000000000e-03,-1.499037979868157e-03,-9.620201318434260e-07
9400,23,1.200000000000000e-03,1.199101413670667e-03,8.985863293332202e-07
9400,24,1.000000000000000e-03,1.000162915592688e-03,-1.629155926877700e-07
9400,25,-8.000000000000000e-04,-8.005645971101994e-04,5.645971101993826e-07
9400,26,5.999999999999999e-04,5.998042537340954e-04,1.957462659045754e-07
9400,27,5.000000000000000e-04,4.996628315259507e-04,3.371684740492665e-07
9400,28,-4.000000000000000e-04,-3.992100127596175e-04,-7.899872403824976e-07
9400,29,3.000000000000000e-04,2.989329422966557e-04,1.067057703344322e-06
9500,0,1.200000000000000e-01,1.199936572136294e-01,6.342786370572284e-06
9500,1,-8.000000000000000e-02,-7.999543668276551e-02,-4.563317234487774e-06
9500,2,5.500000000000000e-02,5.499723331383269e-02,2.766686167311738e-06
9500,3,4.000000000000000e-02,3.999773899837895e-02,2.261001621053915e-06
9500,4,-3.000000000000000e-02,-2.999906117497812e-02,-9.388250218830829e-07
9500,5,2.500000000000000e-02,2.500011175449854e-02,-1.117544985336505e-07
9500,6,2.000000000000000e-02,1.999809528075536e-02,1.904719244640030e-06
9500,7,-1.800000000000000e-02,-1.799871097448381e-02,-1.289025516184455e-06
9500,8,1.500000000000000e-02,1.499920740409104e-02,7.925959089639945e-07
9500,9,1.200000000000000e-02,1.199965725468034e-02,3.427453196622882e-07
9500,10,-1.000000000000000e-02,-9.999857795252675e-03,-1.422047473248478e-07
9500,11,8.999999999999999e-03,9.000317160236963e-03,-3.171602369640009e-07
9500,12,8.000000000000000e-03,7.999282191128705e-03,7.178088712953695e-07
9500,13,-7.000000000000000e-03,-7.000546183989058e-03,5.461839890580703e-07
9500,14,6.000000000000000e-03,5.999861229660533e-03,1.387703394669162e-07
9500,15,5.000000000000000e-03,4.999992089385008e-03,7.910614992050202e-09
9500,16,-4.000000000000000e-03,-4.000401523014533e-03,4.015230145332921e-07
9500,17,3.500000000000000e-03,3.500926563916484e-03,-9.265639164838732e-07
9500,18,3.000000000000000e-03,2.999406684946272e-03,5.933150537280191e-07
9500,19,-2.500000000000000e-03,-2.500526939692530e-03,5.269396925302108e-07
9500,20,2.000000000000000e-03,2.000777940037513e-03,-7.779400375126574e-07
9500,21,1.800000000000000e-03,1.798018749066924e-03,1.981250933076259e-06
9500,22,-1.500000000000000e-03,-1.499178820103070e-03,-8.211798969300597e-07
9500,23,1.200000000000000e-03,1.199083457605972e-03,9.165423940275894e-07
9500,24,1.000000000000000e-03,1.000077142173610e-03,-7.714217361036099e-08
9500,25,-8.000000000000000e-04,-8.005844529191049e-04,5.844529191048695e-07
9500,26,5.999999999999999e-04,5.998909700991805e-04,1.090299008194321e-07
9500,27,5.000000000000000e-04,4.996631279494517e-04,3.368720505482871e-07
9500,28,-4.000000000000000e-04,-3.994868901808566e-04,-5.131098191434166e-07
9500,29,3.000000000000000e-04,2.991549697967511e-04,8.450302032488336e-07
9600,0,1.200000000000000e-01,1.199942772089045e-01,5.722791095535973e-06
9600,1,-8.000000000000000e-02,-7.999584556573953e-02,-4.154434260467132e-06
9600,2,5.500000000000000e-02,5.499748285994612e-02,2.517140053878708e-06
9600,3,4.000000000000000e-02,3.999803257281757e-02,1.967427182433812e-06
9600,4,-3.000000000000000e-02,-2.999915000312605e-02,-8.499968739451857e-07
9600,5,2.500000000000000e-02,2.500013690975868e-02,-1.369097586793877e-07
9600,6,2.000000000000000e-02,1.999829819149530e-02,1.701808504697006e-06
9600,7,-1.800000000000000e-02,-1.799882403125877e-02,-1.175968741228689e-06
9600,8,1.500000000000000e-02,1.499928153592164e-02,7.184640783610557e-07
9600,9,1.200000000000000e-02,1.199980797243614e-02,1.920275638570001e-07
9600,10,-1.000000000000000e-02,-9.999909084504349e-03,-9.091549565097556e-08
9600,11,8.999999999999999e-03,9.000325131015063e-03,-3.251310150640535e-07
9600,12,8.000000000000000e-03,7.999371132185762e-03,6.288678142379184e-07
9600,13,-7.000000000000000e-03,-7.000438513606600e-03,4.385136066001327e-07
9600,14,6.000000000000000e-03,5.999949201431733e-03,5.079856826677165e-08
9600,15,5.000000000000000e-03,4.999951359551534e-03,4.864044846585036e-08
9600,16,-4.000000000000000e-03,-4.000321400806544e-03,3.214008065435120e-07
9600,17,3.500000000000000e-03,3.500884886127347e-03,-8.848861273468879e-07
9600,18,3.000000000000000e-03,2.999482841982837e-03,5.171580171633820e-07
9600,19,-2.500000000000000e-03,-2.500446248213392e-03,4.462482133915473e-07
9600,20,2.000000000000000e-03,2.000728747491935e-03,-7.287474919348558e-07
9600,21,1.800000000000000e-03,1.798193504785870e-03,1.806495214129933e-06
9600,22,-1.500000000000000e-03,-1.499297372895424e-03,-7.026271045763779e-07
9600,23,1.200000000000000e-03,1.199311132180463e-03,6.888678195364917e-07
9600,24,1.000000000000000e-03,1.000024712533020e-03,-2.471253301951012e-08
9600,25,-8.000000000000000e-04,-8.004822890733008e-04,4.822890733007781e-07
9600,26,5.999999999999999e-04,6.000151372034191e-04,-1.513720341910982e-08
9600,27,5.000000000000000e-04,4.996478327943998e-04,3.521672056001814e-07
9600,28,-4.000000000000000e-04,-3.995207854230708e-04,-4.792145769292027e-07
9600,29,3.000000000000000e-04,2.993521530655364e-04,6.478469344635830e-07
9700,0,1.200000000000000e-01,1.199947640363922e-01,5.235963607796990e-06
9700,1,-8.000000000000000e-02,-7.999613555434801e-02,-3.864445651993731e-06
9700,2,5.500000000000000e-02,5.499772515770506e-02,2.274842294938684e-06
9700,3,4.000000000000000e-02,3.999818809650501e-02,1.811903494991496e-06
9700,4,-3.000000000000000e-02,-2.999926711879236e-02,-7.328812076379254e-07
9700,5,2.500000000000000e-02,2.500021772430863e-02,-2.177243086237679e-07
9700,6,2.000000000000000e-02,1.999833274966140e-02,1.667250338604348e-06
9700,7,-1.800000000000000e-02,-1.799887073433903e-02,-1.129265660967937e-06
9700,8,1.500000000000000e-02,1.499926427473632e-02,7.357252636789463e-07
9700,9,1.200000000000000e-02,1.199980198583726e-02,1.980141627385551e-07
9700,10,-1.000000000000000e-02,-9.999966438889001e-03,-3.356111099965531e-08
9700,11,8.999999999999999e-03,9.000318844538172e-03,-3.188445381729216e-07
9700,12,8.000000000000000e-03,7.999371666952188e-03,6.283330478123322e-07
9700,13,-7.000000000000000e-03,-7.000533282917395e-03,5.332829173948506e-07
9700,14,6.000000000000000e-03,5.999958764314812e-03,4.123568518848292e-08
9700,15,5.000000000000000e-03,4.999846616605113e-03,1.533833948871507e-07
9700,16,-4.000000000000000e-03,-4.000360210231125e-03,3.602102311246400e-07
9700,17,3.500000000000000e-03,3.500855767089260e-03,-8.557670892598603e-07
9700,18,3.000000000000000e-03,2.999411062926822e-03,5.889370731778851e-07
9700,19,-2.500000000000000e-03,-2.500390796994265e-03,3.907969942651413e-07
9700,20,2.000000000000000e-03,2.000681147953454e-03,-6.811479534535141e-07
9700,21,1.800000000000000e-03,1.798284894129597e-03,1.715105870403379e-06
9700,22,-1.500000000000000e-03,-1.499290087827659e-03,-7.099121723411293e-07
9700,23,1.200000000000000e-03,1.199358009742778e-03,6.419902572219350e-07
9700,24,1.000000000000000e-03,1.000107303334821e-03,-1.073033348212953e-07
9700,25,-8.000000000000000e-04,-8.004609929990847e-04,4.609929990846305e-07
9700,26,5.999999999999999e-04,6.000535055130642e-04,-5.350551306420974e-08
9700,27,5.000000000000000e-04,4.996306399377605e-04,3.693600622395278e-07
9700,28,-4.000000000000000e-04,-3.994087071247732e-04,-5.912928752268187e-07
9700,29,3.000000000000000e-04,2.993851944331009e-04,6.148055668990667e-07
9800,0,1.200000000000000e-01,1.199954437335655e-01,4.556266434543876e-06
9800,1,-8.000000000000000e-02,-7.999663939681671e-02,-3.360603183288902e-06
9800,2,5.500000000000000e-02,5.499809236841083e-02,1.907631589165293e-06
9800,3,4.000000000000000e-02,3.999814808856751e-02,1.851911432489139e-06
9800,4,-3.000000000000000e-02,-2.999914910566313e-02,-8.508943368686073e-07
9800,5,2.500000000000000e-02,2.500006921319929e-02,-6.921319928646086e-08
9800,6,2.000000000000000e-02,1.999858865603684e-02,1.411343963163281e-06
9800,7,-1.800000000000000e-02,-1.799908238242502e-02,-9.176175749768534e-07
9800,8,1.500000000000000e-02,1.499944422859253e-02,5.557714074649889e-07
9800,9,1.200000000000000e-02,1.199973364001636e-02,2.663599836423558e-07
9800,10,-1.000000000000000e-02,-9.999959621567422e-03,-4.037843257843898e-08
9800,11,8.999999999999999e-03,9.000271020030211e-03,-2.710200302114690e-07
9800,12,8.000000000000000e-03,7.999458447608651e-03,5.415523913494119e-07
9800,13,-7.000000000000000e-03,-7.000543347839669e-03,5.433478396689451e-07
9800,14,6.000000000000000e-03,5.999931643396409e-03,6.835660359104379e-08
9800,15,5.000000000000000e-03,4.999933259430065e-03,6.674056993519195e-08
9800,16,-4.000000000000000e-03,-4.000422489777908e-03,4.224897779082568e-07
9800,17,3.500000000000000e-03,3.500799537408578e-03,-7.995374085778204e-07
9800,18,3.000000000000000e-03,2.999478900600085e-03,5.210993999152369e-07
9800,19,-2.500000000000000e-03,-2.500362900466265e-03,3.629004662647657e-07
9800,20,2.000000000000000e-03,2.000609811850020e-03,-6.098118500198757e-07
9800,21,1.800000000000000e-03,1.798579825102138e-03,1.420174897862276e-06
9800,22,-1.500000000000000e-03,-1.499547092492106e-03,-4.529075078940972e-07
9800,23,1.200000000000000e-03,1.199659630733607e-03,3.403692663925695e-07
9800,24,1.000000000000000e-03,9.998832019302315e-04,1.167980697685655e-07
9800,25,-8.000000000000000e-04,-8.002810372473834e-04,2.810372473833252e-07
9800,26,5.999999999999999e-04,5.999420885348909e-04,5.791146510903886e-08
9800,27,5.000000000000000e-04,4.997433537998285e-04,2.566462001715166e-07
9800,28,-4.000000000000000e-04,-3.996242174370811e-04,-3.757825629189214e-07
9800,29,3.000000000000000e-04,2.996198160488185e-04,3.801839511814557e-07
9900,0,1.200000000000000e-01,1.199958764759111e-01,4.123524088892050e-06
9900,1,-8.000000000000000e-02,-7.999688426294303e-02,-3.115737056968992e-06
9900,2,5.500000000000000e-02,5.499832067749933e-02,1.679322500669489e-06
9900,3,4.000000000000000e-02,3.999827685115372e-02,1.723148846284606e-06
9900,4,-3.000000000000000e-02,-2.999915100041579e-02,-8.489995842117515e-07
9900,5,2.500000000000000e-02,2.500012968461823e-02,-1.296846182316513e-07
9900,6,2.000000000000000e-02,1.999863315492471e-02,1.366845075290168e-06
9900,7,-1.800000000000000e-02,-1.799899364013943e-02,-1.006359860573208e-06
9900,8,1.500000000000000e-02,1.499935636959264e-02,6.436304073580840e-07
9900,9,1.200000000000000e-02,1.199991454837277e-02,8.545162723250233e-08
9900,10,-1.000000000000000e-02,-1.000002153298476e-02,2.153298476158250e-08
9900,11,8.999999999999999e-03,9.000248047022050e-03,-2.480470220507514e-07
9900,12,8.000000000000000e-03,7.999551366890831e-03,4.486331091693718e-07
9900,13,-7.000000000000000e-03,-7.000559759847353e-03,5.597598473532431e-07
9900,14,6.000000000000000e-03,5.999986960761401e-03,1.303923859944517e-08
9900,15,5.000000000000000e-03,4.999924085270537e-03,7.591472946360395e-08
9900,16,-4.000000000000000e-03,-4.000317839280485e-03,3.178392804850660e-07
9900,17,3.500000000000000e-03,3.500737608963473e-03,-7.376089634731839e-07
9900,18,3.000000000000000e-03,2.999514336012279e-03,4.856639877212979e-07
9900,19,-2.500000000000000e-03,-2.500326461986005e-03,3.264619860047190e-07
9900,20,2.000000000000000e-03,2.000601818001579e-03,-6.018180015790464e-07
9900,21,1.800000000000000e-03,1.798625301311887e-03,1.374698688112958e-06
9900,22,-1.500000000000000e-03,-1.499564530387692e-03,-4.354696123084773e-07
9900,23,1.200000000000000e-03,1.199755409267640e-03,2.445907323601025e-07
9900,24,1.000000000000000e-03,9.998007714318528e-04,1.992285681472541e-07
9900,25,-8.000000000000000e-04,-8.001420683039249e-04,1.420683039248666e-07
9900,26,5.999999999999999e-04,5.999766157772231e-04,2.338422277689545e-08
9900,27,5.000000000000000e-04,4.998115056199504e-04,1.884943800496263e-07
9900,28,-4.000000000000000e-04,-3.996283846616576e-04,-3.716153383424414e-07
9900,29,3.000000000000000e-04,2.996969735445943e-04,3.030264554056291e-07
10000,0,1.200000000000000e-01,1.199962540503366e-01,3.745949663402914e-06
10000,1,-8.000000000000000e-02,-7.999707420507217e-02,-2.925794927832737e-06
10000,2,5.500000000000000e-02,5.499847847010796e-02,1.521529892044293e-06
10000,3,4.000000000000000e-02,3.999845134872419e-02,1.548651275815049e-06
10000,4,-3.000000000000000e-02,-2.999922068879013e-02,-7.793112098697375e-07
10000,5,2.500000000000000e-02,2.500021662059411e-02,-2.166205941081523e-07
10000,6,2.000000000000000e-02,1.999873567071851e-02,1.264329281491783e-06
10000,7,-1.800000000000000e-02,-1.799904574123563e-02,-9.542587643719680e-07
10000,8,1.500000000000000e-02,1.499939518028070e-02,6.048197193023880e-07
10000,9,1.200000000000000e-02,1.199997314465340e-02,2.685534660276656e-08
10000,10,-1.000000000000000e-02,-1.000010757980011e-02,1.075798001081568e-07
10000,11,8.999999999999999e-03,9.000243034177223e-03,-2.430341772240163e-07
10000,12,8.000000000000000e-03,7.999598613396545e-03,4.013866034546787e-07
10000,13,-7.000000000000000e-03,-7.000581043822489e-03,5.810438224885389e-07
10000,14,6.000000000000000e-03,6.000050311067429e-03,-5.031106742933028e-08
10000,15,5.000000000000000e-03,4.999921222384410e-03,7.877761559055285e-08
10000,16,-4.000000000000000e-03,-4.000331417974053e-03,3.314179740530540e-07
10000,17,3.500000000000000e-03,3.500713944879546e-03,-7.139448795459753e-07
10000,18,3.000000000000000e-03,2.999552665018359e-03,4.473349816411579e-07
10000,19,-2.500000000000000e-03,-2.500336458606583e-03,3.364586065824834e-07
10000,20,2.000000000000000e-03,2.000583225180759e-03,-5.832251807592025e-07
10000,21,1.800000000000000e-03,1.798726848376115e-03,1.273151623885091e-06
10000,22,-1.500000000000000e-03,-1.499656668341665e-03,-3.433316583354318e-07
10000,23,1.200000000000000e-03,1.199792879355292e-03,2.071206447074470e-07
10000,24,1.000000000000000e-03,9.998270123935079e-04,1.729876064921355e-07
10000,25,-8.000000000000000e-04,-8.002275063220980e-04,2.275063220979600e-07
10000,26,5.999999999999999e-04,5.999995003759133e-04,4.996240866774609e-10
10000,27,5.000000000000000e-04,4.997992048827429e-04,2.007951172570879e-07
10000,28,-4.000000000000000e-04,-3.996885559555402e-04,-3.114440444598569e-07
10000,29,3.000000000000000e-04,2.997609855458952e-04,2.390144541048194e-07
10100,0,1.200000000000000e-01,1.199965432645392e-01,3.456735460843907e-06
10100,1,-8.000000000000000e-02,-7.999728195573455e-02,-2.718044265451192e-06
10100,2,5.500000000000000e-02,5.499853483550875e-02,1.465164491253057e-06
10100,3,4.000000000000000e-02,3.999868690432755e-02,1.313095672451914e-06
10100,4,-3.000000000000000e-02,-2.999929046325561e-02,-7.095367443865630e-07
10100,5,2.500000000000000e-02,2.500021284325686e-02,-2.128432568630767e-07
10100,6,2.000000000000000e-02,1.999883050611258e-02,1.169493887419326e-06
10100,7,-1.800000000000000e-02,-1.799910386272487e-02,-8.961372751289942e-07
10100,8,1.500000000000000e-02,1.499946999437242e-02,5.300056275751169e-07
10100,9,1.200000000000000e-02,1.200003395672945e-02,-3.395672944564443e-08
10100,10,-1.000000000000000e-02,-1.000016282777151e-02,1.628277715090554e-07
10100,11,8.999999999999999e-03,9.000198942528259e-03,-1.989425282601653e-07
10100,12,8.000000000000000e-03,7.999676380848218e-03,3.236191517819176e-07
10100,13,-7.000000000000000e-03,-7.000539046444002e-03,5.390464440022114e-07
10100,14,6.000000000000000e-03,5.999989823818795e-03,1.017618120498220e-08
10100,15,5.000000000000000e-03,4.999956768027380e-03,4.323197261985046e-08
10100,16,-4.000000000000000e-03,-4.000351074832872e-03,3.510748328716673e-07
10100,17,3.500000000000000e-03,3.500647477227363e-03,-6.474772273625494e-07
10100,18,3.000000000000000e-03,2.999686866153669e-03,3.131338463312032e-07
10100,19,-2.500000000000000e-03,-2.500419572154460e-03,4.195721544598616e-07
10100,20,2.000000000000000e-03,2.000482272663536e-03,-4.822726635358467e-07
10100,21,1.800000000000000e-03,1.798922836160551e-03,1.077163839448671e-06
10100,22,-1.500000000000000e-03,-1.499709452284646e-03,-2.905477153544202e-07
10100,23,1.200000000000000e-03,1.199797909061542e-03,2.020909384580806e-07
10100,24,1.000000000000000e-03,9.998457656361511e-04,1.542343638488968e-07
10100,25,-8.000000000000000e-04,-8.002421364870098e-04,2.421364870097524e-07
10100,26,5.999999999999999e-04,6.000242105044668e-04,-2.421050446688340e-08
10100,27,5.000000000000000e-04,4.998468835092062e-04,1.531164907938145e-07
10100,28,-4.000000000000000e-04,-3.997160766521199e-04,-2.839233478801537e-07
10100,29,3.000000000000000e-04,2.997125376251046e-04,2.874623748953895e-07
10200,0,1.200000000000000e-01,1.199969041524484e-01,3.095847551579101e-06
10200,1,-8.000000000000000e-02,-7.999756445439664e-02,-2.435545603363121e-06
10200,2,5.500000000000000e-02,5.499869506807809e-02,1.304931921908281e-06
10200,3,4.000000000000000e-02,3.999881433183388e-02,1.185668166120424e-06
10200,4,-3.000000000000000e-02,-2.999936326643031e-02,-6.367335696859378e-07
10200,5,2.500000000000000e-02,2.500019257414962e-02,-1.925741496162925e-07
10200,6,2.000000000000000e-02,1.999896671420301e-02,1.033285796991218e-06
10200,7,-1.800000000000000e-02,-1.799915884581912e-02,-8.411541808778233e-07
10200,8,1.500000000000000e-02,1.499949210611371e-02,5.078938862916604e-07
10200,9,1.200000000000000e-02,1.200004077393842e-02,-4.077393841832311e-08
10200,10,-1.000000000000000e-02,-1.000017359190246e-02,1.735919024636878e-07
10200,11,8.999999999999999e-03,9.000214387271251e-03,-2.143872712516426e-07
10200,12,8.000000000000000e-03,7.999707893699665e-03,2.921063003355484e-07
10200,13,-7.000000000000000e-03,-7.000504581932972e-03,5.045819329715581e-07
10200,14,6.000000000000000e-03,5.999983187644205e-03,1.681235579486379e-08
10200,15,5.000000000000000e-03,4.999985064176125e-03,1.493582387542686e-08
10200,16,-4.000000000000000e-03,-4.000287577747902e-03,2.875777479023275e-07
10200,17,3.500000000000000e-03,3.500515606611154e-03,-5.156066111540805e-07
10200,18,3.000000000000000e-03,2.999754366920566e-03,2.456330794337741e-07
10200,19,-2.500000000000000e-03,-2.500348154750812e-03,3.481547508122664e-07
10200,20,2.000000000000000e-03,2.000425839754276e-03,-4.258397542761770e-07
10200,21,1.800000000000000e-03,1.799017434911962e-03,9.825650880378439e-07
10200,22,-1.500000000000000e-03,-1.499709095632028e-03,-2.909043679717987e-07
10200,23,1.200000000000000e-03,1.199806975335851e-03,1.930246641488730e-07
10200,24,1.000000000000000e-03,9.998370453354745e-04,1.629546645255490e-07
10200,25,-8.000000000000000e-04,-8.001569537642812e-04,1.569537642811657e-07
10200,26,5.999999999999999e-04,6.000249838323056e-04,-2.498383230560650e-08
10200,27,5.000000000000000e-04,4.998184768620293e-04,1.815231379706907e-07
10200,28,-4.000000000000000e-04,-3.996917431902459e-04,-3.082568097541511e-07
10200,29,3.000000000000000e-04,2.997602915095383e-04,2.397084904616877e-07
10300,0,1.200000000000000e-01,1.199971901845032e-01,2.809815496759849e-06
10300,1,-8.000000000000000e-02,-7.999776478105979e-02,-2.235218940216388e-06
10300,2,5.500000000000000e-02,5.499879398293142e-02,1.206017068579313e-06
10300,3,4.000000000000000e-02,3.999902483809729e-02,9.751619027137393e-07
10300,4,-3.000000000000000e-02,-2.999948588280137e-02,-5.141171986258741e-07
10300,5,2.500000000000000e-02,2.500020410315199e-02,-2.041031519905978e-07
10300,6,2.000000000000000e-02,1.999910829081652e-02,8.917091834821644e-07
10300,7,-1.800000000000000e-02,-1.799923696806834e-02,-7.630319316560830e-07
10300,8,1.500000000000000e-02,1.499953955283288e-02,4.604471671165733e-07
10300,9,1.200000000000000e-02,1.200009010411904e-02,-9.010411904097904e-08
10300,10,-1.000000000000000e-02,-1.000017474992862e-02,1.747499286212928e-07
10300,11,8.999999999999999e-03,9.000242586699533e-03,-2.425866995336978e-07
10300,12,8.000000000000000e-03,7.999752464229851e-03,2.475357701488268e-07
10300,13,-7.000000000000000e-03,-7.000470601822918e-03,4.706018229177003e-07
10300,14,6.000000000000000e-03,5.999973931876906e-03,2.606812309416395e-08
10300,15,5.000000000000000e-03,5.000003714967165e-03,-3.714967164621108e-09
10300,16,-4.000000000000000e-03,-4.000299338318200e-03,2.993383181994561e-07
10300,17,3.500000000000000e-03,3.500432576947131e-03,-4.325769471309922e-07
10300,18,3.000000000000000e-03,2.999774385554807e-03,2.256144451926075e-07
10300,19,-2.500000000000000e-03,-2.500322954858569e-03,3.229548585690321e-07
10300,20,2.000000000000000e-03,2.000334636488403e-03,-3.346364884026197e-07
10300,21,1.800000000000000e-03,1.799112243480198e-03,8.877565198016444e-07
10300,22,-1.500000000000000e-03,-1.499734802535957e-03,-2.651974640433246e-07
10300,23,1.200000000000000e-03,1.199780835873915e-03,2.191641260847720e-07
10300,24,1.000000000000000e-03,9.998739618678205e-04,1.260381321795210e-07
10300,25,-8.000000000000000e-04,-8.001627258371451e-04,1.627258371451109e-07
10300,26,5.999999999999999e-04,5.999891831186424e-04,1.081688135752806e-08
10300,27,5.000000000000000e-04,4.998595705567678e-04,1.404294432322045e-07
10300,28,-4.000000000000000e-04,-3.997504977313944e-04,-2.495022686056303e-07
10300,29,3.000000000000000e-04,2.998091835565052e-04,1.908164434947439e-07
10400,0,1.200000000000000e-01,1.199974441623623e-01,2.555837637738256e-06
10400,1,-8.000000000000000e-02,-7.999798973483660e-02,-2.010265163401859e-06
10400,2,5.500000000000000e-02,5.499895505912754e-02,1.044940872461930e-06
10400,3,4.000000000000000e-02,3.999905098527327e-02,9.490147267338100e-07
10400,4,-3.000000000000000e-02,-2.999952751255768e-02,-4.724874423205072e-07
10400,5,2.500000000000000e-02,2.500014087504902e-02,-1.408750490150545e-07
10400,6,2.000000000000000e-02,1.999915129652996e-02,8.487034700403739e-07
10400,7,-1.800000000000000e-02,-1.799928121440770e-02,-7.187855923032616e-07
10400,8,1.500000000000000e-02,1.499949241306253e-02,5.075869374676634e-07
10400,9,1.200000000000000e-02,1.200008058591913e-02,-8.058591913044644e-08
10400,10,-1.000000000000000e-02,-1.000013797021551e-02,1.379702155093754e-07
10400,11,8.999999999999999e-03,9.000176028522820e-03,-1.760285228205594e-07
10400,12,8.000000000000000e-03,7.999770339373345e-03,2.296606266549706e-07
10400,13,-7.000000000000000e-03,-7.000427517060136e-03,4.275170601359193e-07
10400,14,6.000000000000000e-03,5.999988032905778e-03,1.196709422182640e-08
10400,15,5.000000000000000e-03,4.999960537523425e-03,3.946247657468649e-08
10400,16,-4.000000000000000e-03,-4.000233736863370e-03,2.337368633703249e-07
10400,17,3.500000000000000e-03,3.500390834213358e-03,-3.908342133584000e-07
10400,18,3.000000000000000e-03,2.999776308775930e-03,2.236912240703194e-07
10400,19,-2.500000000000000e-03,-2.500239408410919e-03,2.394084109192014e-07
10400,20,2.000000000000000e-03,2.000226789882978e-03,-2.267898829783413e-07
10400,21,1.800000000000000e-03,1.799222485777548e-03,7.775142224519284e-07
10400,22,-1.500000000000000e-03,-1.499750220162796e-03,-2.497798372038361e-07
10400,23,1.200000000000000e-03,1.199765326415101e-03,2.346735848987938e-07
10400,24,1.000000000000000e-03,9.998559336059235e-04,1.440663940765335e-07
10400,25,-8.000000000000000e-04,-8.001160756530145e-04,1.160756530144353e-07
10400,26,5.999999999999999e-04,5.999749022868747e-04,2.509771312520295e-08
10400,27,5.000000000000000e-04,4.998558764262744e-04,1.441235737255700e-07
10400,28,-4.000000000000000e-04,-3.997341333418618e-04,-2.658666581382648e-07
10400,29,3.000000000000000e-04,2.998259255424146e-04,1.740744575853630e-07
10500,0,1.200000000000000e-01,1.199976817901162e-01,2.318209883819811e-06
10500,1,-8.000000000000000e-02,-7.999817017988714e-02,-1.829820112861369e-06
10500,2,5.500000000000000e-02,5.499905348150613e-02,9.465184938745042e-07
10500,3,4.000000000000000e-02,3.999907761310971e-02,9.223868902910604e-07
10500,4,-3.000000000000000e-02,-2.999952415439027e-02,-4.758456097313235e-07
10500,5,2.500000000000000e-02,2.500007707613581e-02,-7.707613580709705e-08
10500,6,2.000000000000000e-02,1.999923494371219e-02,7.650562878144807e-07
10500,7,-1.800000000000000e-02,-1.799936517104782e-02,-6.348289521770911e-07
10500,8,1.500000000000000e-02,1.499959637507569e-02,4.036249243045270e-07
10500,9,1.200000000000000e-02,1.200002098111223e-02,-2.098111223126919e-08
10500,10,-1.000000000000000e-02,-1.000012487995572e-02,1.248799557148489e-07
10500,11,8.999999999999999e-03,9.000212860331019e-03,-2.128603310194016e-07
10500,12,8.000000000000000e-03,7.999787492481276e-03,2.125075187243974e-07
10500,13,-7.000000000000000e-03,-7.000403329832483e-03,4.033298324828891e-07
10500,14,6.000000000000000e-03,6.000030504469560e-03,-3.050446955969732e-08
10500,15,5.000000000000000e-03,4.999968025425362e-03,3.197457463816750e-08
10500,16,-4.000000000000000e-03,-4.000247426584956e-03,2.474265849558219e-07
10500,17,3.500000000000000e-03,3.500370197339937e-03,-3.701973399364636e-07
10500,18,3.000000000000000e-03,2.999746525463812e-03,2.534745361880940e-07
10500,19,-2.500000000000000e-03,-2.500208663317963e-03,2.086633179632959e-07
10500,20,2.000000000000000e-03,2.000221325095440e-03,-2.213250954396194e-07
10500,21,1.800000000000000e-03,1.799281734915739e-03,7.182650842612118e-07
10500,22,-1.500000000000000e-03,-1.499762607753318e-03,-2.373922466816867e-07
10500,23,1.200000000000000e-03,1.199817889970548e-03,1.821100294519592e-07
10500,24,1.000000000000000e-03,9.998297059953542e-04,1.702940046457904e-07
10500,25,-8.000000000000000e-04,-8.000378621345694e-04,3.786213456939604e-08
10500,26,5.999999999999999e-04,5.999369157507316e-04,6.308424926838516e-08
10500,27,5.000000000000000e-04,4.998784380065128e-04,1.215619934871823e-07
10500,28,-4.000000000000000e-04,-3.997707263634246e-04,-2.292736365753947e-07
10500,29,3.000000000000000e-04,2.998614382273583e-04,1.385617726416474e-07
10600,0,1.200000000000000e-01,1.199978807409760e-01,2.119259024033204e-06
10600,1,-8.000000000000000e-02,-7.999834457869498e-02,-1.655421305021831e-06
10600,2,5.500000000000000e-02,5.499912567233680e-02,8.743276632000585e-07
10600,3,4.000000000000000e-02,3.999919386571511e-02,8.061342848877939e-07
10600,4,-3.000000000000000e-02,-2.999961255781916e-02,-3.874421808415518e-07
10600,5,2.500000000000000e-02,2.500006868616568e-02,-6.868616568220243e-08
10600,6,2.000000000000000e-02,1.999928585845174e-02,7.141415482650459e-07
10600,7,-1.800000000000000e-02,-1.799939647135432e-02,-6.035286456741729e-07
10600,8,1.500000000000000e-02,1.499957881126793e-02,4.211887320686170e-07
10600,9,1.200000000000000e-02,1.200000860623761e-02,-8.606237611452627e-09
10600,10,-1.000000000000000e-02,-1.000012055381572e-02,1.205538157234703e-07
10600,11,8.999999999999999e-03,9.000200735126834e-03,-2.007351268349528e-07
10600,12,8.000000000000000e-03,7.999763500934934e-03,2.364990650659954e-07
10600,13,-7.000000000000000e-03,-7.000369090717639e-03,3.690907176391936e-07
10600,14,6.000000000000000e-03,6.000028317510953e-03,-2.831751095330043e-08
10600,15,5.000000000000000e-03,4.999952741141006e-03,4.725885899368315e-08
10600,16,-4.000000000000000e-03,-4.000229489045070e-03,2.294890450700929e-07
10600,17,3.500000000000000e-03,3.500327916367031e-03,-3.279163670304869e-07
10600,18,3.000000000000000e-03,2.999784291288717e-03,2.157087112832599e-07
10600,19,-2.500000000000000e-03,-2.500218822220530e-03,2.188222205296887e-07
10600,20,2.000000000000000e-03,2.000200830980790e-03,-2.008309807895008e-07
10600,21,1.800000000000000e-03,1.799359200585737e-03,6.407994142631872e-07
10600,22,-1.500000000000000e-03,-1.499795063855352e-03,-2.049361446480880e-07
10600,23,1.200000000000000e-03,1.199824442925536e-03,1.755570744634265e-07
10600,24,1.000000000000000e-03,9.998709041560436e-04,1.290958439564404e-07
10600,25,-8.000000000000000e-04,-8.000414430433270e-04,4.144304332695525e-08
10600,26,5.999999999999999e-04,5.999422370990147e-04,5.776290098525368e-08
10600,27,5.000000000000000e-04,4.998677951075328e-04,1.322048924671604e-07
10600,28,-4.000000000000000e-04,-3.997930428384264e-04,-2.069571615736241e-07
10600,29,3.000000000000000e-04,2.998877365667223e-04,1.122634332777163e-07
10700,0,1.200000000000000e-01,1.199981014580516e-01,1.898541948430754e-06
10700,1,-8.000000000000000e-02,-7.999853033628564e-02,-1.469663714365188e-06
10700,2,5.500000000000000e-02,5.499920221988017e-02,7.977801198266743e-07
10700,3,4.000000000000000e-02,3.999923273515369e-02,7.672648463102894e-07
10700,4,-3.000000000000000e-02,-2.999965676431409e-02,-3.432356859046914e-07
10700,5,2.500000000000000e-02,2.500006844604417e-02,-6.844604416578193e-08
10700,6,2.000000000000000e-02,1.999933486754840e-02,6.651324515986878e-07
10700,7,-1.800000000000000e-02,-1.799948143798058e-02,-5.185620194220197e-07
10700,8,1.500000000000000e-02,1.499968537868743e-02,3.146213125703595e-07
10700,9,1.200000000000000e-02,1.199993059869010e-02,6.940130990035209e-08
10700,10,-1.000000000000000e-02,-1.000007101437698e-02,7.101437697956681e-08
10700,11,8.999999999999999e-03,9.000170820323767e-03,-1.708203237679728e-07
10700,12,8.000000000000000e-03,7.999753178473375e-03,2.468215266251267e-07
10700,13,-7.000000000000000e-03,-7.000289366362068e-03,2.893663620679582e-07
10700,14,6.000000000000000e-03,5.999998781169786e-03,1.218830213839395e-09
10700,15,5.000000000000000e-03,4.999930718234118e-03,6.928176588243823e-08
10700,16,-4.000000000000000e-03,-4.000177143299736e-03,1.771432997354355e-07
10700,17,3.500000000000000e-03,3.500284754589929e-03,-2.847545899293050e-07
10700,18,3.000000000000000e-03,2.999776152635272e-03,2.238473647275807e-07
10700,19,-2.500000000000000e-03,-2.500222109898238e-03,2.221098982378884e-07
10700,20,2.000000000000000e-03,2.000195703090200e-03,-1.957030902003526e-07
10700,21,1.800000000000000e-03,1.799418712036294e-03,5.812879637059811e-07
10700,22,-1.500000000000000e-03,-1.499863349039480e-03,-1.366509605196190e-07
10700,23,1.200000000000000e-03,1.199829802999070e-03,1.701970009301834e-07
10700,24,1.000000000000000e-03,9.999124185358455e-04,8.758146415456351e-08
10700,25,-8.000000000000000e-04,-8.000574917722979e-04,5.749177229782704e-08
10700,26,5.999999999999999e-04,5.999465906076889e-04,5.340939231103427e-08
10700,27,5.000000000000000e-04,4.998866111292982e-04,1.133888707018516e-07
10700,28,-4.000000000000000e-04,-3.998302525256156e-04,-1.697474743844220e-07
10700,29,3.000000000000000e-04,2.998787412256712e-04,1.212587743287959e-07
10800,0,1.200000000000000e-01,1.199983089859465e-01,1.691014053450957e-06
10800,1,-8.000000000000000e-02,-7.999870479852815e-02,-1.295201471851470e-06
10800,2,5.500000000000000e-02,5.499930008251418e-02,6.999174858163260e-07
10800,3,4.000000000000000e-02,3.999932903253334e-02,6.709674666635634e-07
10800,4,-3.000000000000000e-02,-2.999970240640627e-02,-2.975935937329921e-07
10800,5,2.500000000000000e-02,2.500004841659516e-02,-4.841659515669727e-08
10800,6,2.000000000000000e-02,1.999939230825063e-02,6.076917493692824e-07
10800,7,-1.800000000000000e-02,-1.799951497601578e-02,-4.850239842153770e-07
10800,8,1.500000000000000e-02,1.499969587067452e-02,3.041293254752581e-07
10800,9,1.200000000000000e-02,1.199990158519375e-02,9.841480624536714e-08
10800,10,-1.000000000000000e-02,-1.000003781436268e-02,3.781436267585869e-08
10800,11,8.999999999999999e-03,9.000159930790745e-03,-1.599307907461378e-07
10800,12,8.000000000000000e-03,7.999764766143155e-03,2.352338568448187e-07
10800,13,-7.000000000000000e-03,-7.000267218487011e-03,2.672184870105773e-07
10800,14,6.000000000000000e-03,5.999999073037781e-03,9.269622187890736e-10
10800,15,5.000000000000000e-03,4.999914984020514e-03,8.501597948632617e-08
10800,16,-4.000000000000000e-03,-4.000146240397857e-03,1.462403978573501e-07
10800,17,3.500000000000000e-03,3.500237742558355e-03,-2.377425583548025e-07
10800,18,3.000000000000000e-03,2.999811352458727e-03,1.886475412726969e-07
10800,19,-2.500000000000000e-03,-2.500225941917837e-03,2.259419178370949e-07
10800,20,2.000000000000000e-03,2.000183864353659e-03,-1.838643536593472e-07
10800,21,1.800000000000000e-03,1.799506744498610e-03,4.932555013898582e-07
10800,22,-1.500000000000000e-03,-1.499891055361934e-03,-1.089446380656521e-07
10800,23,1.200000000000000e-03,1.199814768207021e-03,1.852317929784599e-07
10800,24,1.000000000000000e-03,9.999696522691014e-04,3.034773089858472e-08
10800,25,-8.000000000000000e-04,-8.001019699041046e-04,1.019699041045858e-07
10800,26,5.999999999999999e-04,5.999203012724748e-04,7.969872752510918e-08
10800,27,5.000000000000000e-04,4.999058941134819e-04,9.410588651815720e-08
10800,28,-4.000000000000000e-04,-3.998864886925168e-04,-1.135113074832682e-07
10800,29,3.000000000000000e-04,2.999414852481451e-04,5.851475185490208e-08
10900,0,1.200000000000000e-01,1.199985035594360e-01,1.496440563963919e-06
10900,1,-8.000000000000000e-02,-7.999884462279547e-02,-1.155377204534180e-06
10900,2,5.500000000000000e-02,5.499936405934565e-02,6.359406543518520e-07
10900,3,4.000000000000000e-02,3.999941821018101e-02,5.817898189874882e-07
10900,4,-3.000000000000000e-02,-2.999976227207061e-02,-2.377279293870604e-07
10900,5,2.500000000000000e-02,2.500004411063167e-02,-4.411063167161777e-08
10900,6,2.000000000000000e-02,1.999948360256883e-02,5.163974311737929e-07
10900,7,-1.800000000000000e-02,-1.799959392727377e-02,-4.060727262257535e-07
10900,8,1.500000000000000e-02,1.499975060513373e-02,2.493948662654621e-07
10900,9,1.200000000000000e-02,1.199992657897590e-02,7.342102409726992e-08
10900,10,-1.000000000000000e-02,-1.000002437328442e-02,2.437328441851072e-08
10900,11,8.999999999999999e-03,9.000123860398968e-03,-1.238603989685283e-07
10900,12,8.000000000000000e-03,7.999841107359408e-03,1.588926405917540e-07
10900,13,-7.000000000000000e-03,-7.000203627121403e-03,2.036271214023860e-07
10900,14,6.000000000000000e-03,5.999987409435328e-03,1.259056467244057e-08
10900,15,5.000000000000000e-03,4.999938383956838e-03,6.161604316178015e-08
10900,16,-4.000000000000000e-03,-4.000118786467189e-03,1.187864671885891e-07
10900,17,3.500000000000000e-03,3.500222723144931e-03,-2.227231449313319e-07
10900,18,3.000000000000000e-03,2.999838326862288e-03,1.616731377124953e-07
10900,19,-2.500000000000000e-03,-2.500216801013943e-03,2.168010139426066e-07
10900,20,2.000000000000000e-03,2.000194073964063e-03,-1.940739640629748e-07
10900,21,1.800000000000000e-03,1.799524117079049e-03,4.758829209507588e-07
10900,22,-1.500000000000000e-03,-1.499893196223834e-03,-1.068037761660021e-07
10900,23,1.200000000000000e-03,1.199830086704294e-03,1.699132957063733e-07
10900,24,1.000000000000000e-03,9.999775848519928e-04,2.241514800724667e-08
10900,25,-8.000000000000000e-04,-8.000795335836983e-04,7.953358369821879e-08
10900,26,5.999999999999999e-04,5.999643509118916e-04,3.564908810835786e-08
10900,27,5.000000000000000e-04,4.999144093174075e-04,8.559068259250246e-08
10900,28,-4.000000000000000e-04,-3.998606794605762e-04,-1.393205394238000e-07
10900,29,3.000000000000000e-04,2.999245224423164e-04,7.547755768359896e-08
11000,0,1.200000000000000e-01,1.199986432140467e-01,1.356785953324224e-06
11000,1,-8.000000000000000e-02,-7.999896913172061e-02,-1.030868279391917e-06
11000,2,5.500000000000000e-02,5.499944064981985e-02,5.593501801459677e-07
11000,3,4.000000000000000e-02,3.999945804013684e-02,5.419598631609124e-07
11000,4,-3.000000000000000e-02,-2.999979438088066e-02,-2.056191193387791e-07
11000,5,2.500000000000000e-02,2.500005514386688e-02,-5.514386687902051e-08
11000,6,2.000000000000000e-02,1.999951647965347e-02,4.835203465322624e-07
11000,7,-1.800000000000000e-02,-1.799962148450728e-02,-3.785154927202217e-07
11000,8,1.500000000000000e-02,1.499979642157819e-02,2.035784218059472e-07
11000,9,1.200000000000000e-02,1.199989141641754e-02,1.085835824587988e-07
11000,10,-1.000000000000000e-02,-9.999998464856925e-03,-1.535143075159784e-09
11000,11,8.999999999999999e-03,9.000151583361182e-03,-1.515833611825945e-07
11000,12,8.000000000000000e-03,7.999799469168003e-03,2.005308319969618e-07
11000,13,-7.000000000000000e-03,-7.000143474890793e-03,1.434748907926803e-07
11000,14,6.000000000000000e-03,5.999994950838542e-03,5.049161457860996e-09
11000,15,5.000000000000000e-03,4.999925447269620e-03,7.455273037977606e-08
11000,16,-4.000000000000000e-03,-4.000072282366766e-03,7.228236676565247e-08
11000,17,3.500000000000000e-03,3.500183976982982e-03,-1.839769829823160e-07
11000,18,3.000000000000000e-03,2.999837649793585e-03,1.623502064148144e-07
11000,19,-2.500000000000000e-03,-2.500159523179450e-03,1.595231794498594e-07
11000,20,2.000000000000000e-03,2.000130443475097e-03,-1.304434750970182e-07
11000,21,1.800000000000000e-03,1.799589722966463e-03,4.102770335369030e-07
11000,22,-1.500000000000000e-03,-1.499887613945006e-03,-1.123860549939910e-07
11000,23,1.200000000000000e-03,1.199810316153688e-03,1.896838463123079e-07
11000,24,1.000000000000000e-03,9.999854971017529e-04,1.450289824713770e-08
11000,25,-8.000000000000000e-04,-8.000562737955630e-04,5.627379556295050e-08
11000,26,5.999999999999999e-04,5.999303055868007e-04,6.969441319925381e-08
11000,27,5.000000000000000e-04,4.999386979363291e-04,6.130206367093577e-08
11000,28,-4.000000000000000e-04,-3.998877631630973e-04,-1.122368369027116e-07
11000,29,3.000000000000000e-04,2.999314868433459e-04,6.851315665403748e-08
11100,0,1.200000000000000e-01,1.199987845634249e-01,1.215436575122131e-06
11100,1,-8.000000000000000e-02,-7.999908750840984e-02,-9.124915901631558e-07
11100,2,5.500000000000000e-02,5.499950415007857e-02,4.958499214349765e-07
11100,3,4.000000000000000e-02,3.999951381213847e-02,4.861878615258775e-07
11100,4,-3.000000000000000e-02,-2.999983700722909e-02,-1.629927709086154e-07
11100,5,2.500000000000000e-02,2.500005671180574e-02,-5.671180573416090e-08
11100,6,2.000000000000000e-02,1.999955106906989e-02,4.489309301074218e-07
11100,7,-1.800000000000000e-02,-1.799967478944678e-02,-3.252105532230987e-07
11100,8,1.500000000000000e-02,1.499980523004916e-02,1.947699508411671e-07
11100,9,1.200000000000000e-02,1.199990854725078e-02,9.145274922073288e-08
11100,10,-1.000000000000000e-02,-1.000000052060887e-02,5.206088667802922e-10
11100,11,8.999999999999999e-03,9.000151690005833e-03,-1.516900058340376e-07
11100,12,8.000000000000000e-03,7.999793098208120e-03,2.069017918798766e-07
11100,13,-7.000000000000000e-03,-7.000110303340815e-03,1.103033408153542e-07
11100,14,6.000000000000000e-03,6.000021815209607e-03,-2.181520960663902e-08
11100,15,5.000000000000000e-03,4.999885825441585e-03,1.141745584153087e-07
11100,16,-4.000000000000000e-03,-4.000033246259482e-03,3.324625948240151e-08
11100,17,3.500000000000000e-03,3.500157653274258e-03,-1.576532742578012e-07
11100,18,3.000000000000000e-03,2.999818042018505e-03,1.819579814950519e-07
11100,19,-2.500000000000000e-03,-2.500130426399445e-03,1.304263994449280e-07
11100,20,2.000000000000000e-03,2.000116008946155e-03,-1.160089461551064e-07
11100,21,1.800000000000000e-03,1.799591906053995e-03,4.080939460049740e-07
11100,22,-1.500000000000000e-03,-1.499892537555718e-03,-1.074624442823618e-07
11100,23,1.200000000000000e-03,1.199818264076174e-03,1.817359238257075e-07
11100,24,1.000000000000000e-03,9.999745596700777e-04,2.544032992233235e-08
11100,25,-8.000000000000000e-04,-8.000246164467874e-04,2.461644678733183e-08
11100,26,5.999999999999999e-04,5.998881722640545e-04,1.118277359454453e-07
11100,27,5.000000000000000e-04,4.999565125986227e-04,4.348740137731424e-08
11100,28,-4.000000000000000e-04,-3.998907762561015e-04,-1.092237438984987e-07
11100,29,3.000000000000000e-04,2.999182202541366e-04,8.177974586339202e-08
11200,0,1.200000000000000e-01,1.199988994625925e-01,1.100537407497382e-06
11200,1,-8.000000000000000e-02,-7.999917178087525e-02,-8.282191247543924e-07
11200,2,5.500000000000000e-02,5.499954105255866e-02,4.589474413355110e-07
11200,3,4.000000000000000e-02,3.999953409074036e-02,4.659092596379089e-07
11200,4,-3.000000000000000e-02,-2.999983576201996e-02,-1.642379800388671e-07
11200,5,2.500000000000000e-02,2.500004190680030e-02,-4.190680030075056e-08
11200,6,2.000000000000000e-02,1.999959340741567e-02,4.065925843302343e-07
11200,7,-1.800000000000000e-02,-1.799970336932890e-02,-2.966306710990019e-07
11200,8,1.500000000000000e-02,1.499981646043348e-02,1.835395665155531e-07
11200,9,1.200000000000000e-02,1.199992978953343e-02,7.021046657430807e-08
11200,10,-1.000000000000000e-02,-1.000003136191491e-02,3.136191490532569e-08
11200,11,8.999999999999999e-03,9.000121744214527e-03,-1.217442145273057e-07
11200,12,8.000000000000000e-03,7.999822671361127e-03,1.773286388735695e-07
11200,13,-7.000000000000000e-03,-7.000117451848512e-03,1.174518485117307e-07
11200,14,6.000000000000000e-03,6.000013288229545e-03,-1.328822954449471e-08
11200,15,5.000000000000000e-03,4.999883328310715e-03,1.166716892854469e-07
11200,16,-4.000000000000000e-03,-4.000039049508638e-03,3.904950863792972e-08
11200,17,3.500000000000000e-03,3.500127043044462e-03,-1.270430444615979e-07
11200,18,3.000000000000000e-03,2.999843534897346e-03,1.564651026541609e-07
11200,19,-2.500000000000000e-03,-2.500125788924560e-03,1.257889245599199e-07
11200,20,2.000000000000000e-03,2.000117067139995e-03,-1.170671399949516e-07
11200,21,1.800000000000000e-03,1.799634147793439e-03,3.658522065609626e-07
11200,22,-1.500000000000000e-03,-1.499923299453381e-03,-7.670054661865731e-08
11200,23,1.200000000000000e-03,1.199843628172391e-03,1.563718276093549e-07
11200,24,1.000000000000000e-03,9.999579223654734e-04,4.207763452663930e-08
11200,25,-8.000000000000000e-04,-8.000233294506611e-04,2.332945066101620e-08
11200,26,5.999999999999999e-04,5.998868310865108e-04,1.131689134891431e-07
11200,27,5.000000000000000e-04,4.999761629493859e-04,2.383705061408028e-08
11200,28,-4.000000000000000e-04,-3.999504237349782e-04,-4.957626502182476e-08
11200,29,3.000000000000000e-04,2.999607743693295e-04,3.922563067046934e-08
11300,0,1.200000000000000e-01,1.199990291772362e-01,9.708227638183242e-07
11300,1,-8.000000000000000e-02,-7.999928289962284e-02,-7.171003771622164e-07
11300,2,5.500000000000000e-02,5.499957720069914e-02,4.227993008615316e-07
11300,3,4.000000000000000e-02,3.999959791220455e-02,4.020877954480362e-07
11300,4,-3.000000000000000e-02,-2.999988699717272e-02,-1.130028272795791e-07
11300,5,2.500000000000000e-02,2.500004855455759e-02,-4.855455758984162e-08
11300,6,2.000000000000000e-02,1.999964233355035e-02,3.576664496518500e-07
11300,7,-1.800000000000000e-02,-1.799975697938208e-02,-2.430206179140915e-07
11300,8,1.500000000000000e-02,1.499985843018319e-02,1.415698168052287e-07
11300,9,1.200000000000000e-02,1.199992348277812e-02,7.651722188500854e-08
11300,10,-1.000000000000000e-02,-1.000003854626475e-02,3.854626474779355e-08
11300,11,8.999999999999999e-03,9.000126820750094e-03,-1.268207500942226e-07
11300,12,8.000000000000000e-03,7.999829135884583e-03,1.708641154170992e-07
11300,13,-7.000000000000000e-03,-7.000102788409587e-03,1.027884095868362e-07
11300,14,6.000000000000000e-03,6.000004595762012e-03,-4.595762012268856e-09
11300,15,5.000000000000000e-03,4.999903574805851e-03,9.642519414876372e-08
11300,16,-4.000000000000000e-03,-4.000049876326337e-03,4.987632633724620e-08
11300,17,3.500000000000000e-03,3.500120508940071e-03,-1.205089400707973e-07
11300,18,3.000000000000000e-03,2.999873983592330e-03,1.260164076703936e-07
11300,19,-2.500000000000000e-03,-2.500138523247347e-03,1.385232473471477e-07
11300,20,2.000000000000000e-03,2.000097112796461e-03,-9.711279646109142e-08
11300,21,1.800000000000000e-03,1.799685577335816e-03,3.144226641844244e-07
11300,22,-1.500000000000000e-03,-1.499955369134054e-03,-4.463086594611379e-08
11300,23,1.200000000000000e-03,1.199856301814210e-03,1.436981857899731e-07
11300,24,1.000000000000000e-03,9.999595525056137e-04,4.044749438636072e-08
11300,25,-8.000000000000000e-04,-8.000295111761706e-04,2.951117617053418e-08
11300,26,5.999999999999999e-04,5.998929840241066e-04,1.070159758933013e-07
11300,27,5.000000000000000e-04,4.999892972267825e-04,1.070277321749049e-08
11300,28,-4.000000000000000e-04,-3.999668994570444e-04,-3.310054295561178e-08
11300,29,3.000000000000000e-04,2.999851941485647e-04,1.480585143528133e-08
11400,0,1.200000000000000e-01,1.199991284943270e-01,8.715056729474702e-07
11400,1,-8.000000000000000e-02,-7.999935840852086e-02,-6.415914791391142e-07
11400,2,5.500000000000000e-02,5.499962107175600e-02,3.789282440047614e-07
11400,3,4.000000000000000e-02,3.999963556896814e-02,3.644310318587363e-07
11400,4,-3.000000000000000e-02,-2.999988395869809e-02,-1.160413019077322e-07
11400,5,2.500000000000000e-02,2.500004619174738e-02,-4.619174737846565e-08
11400,6,2.000000000000000e-02,1.999968189698756e-02,3.181030124414785e-07
11400,7,-1.800000000000000e-02,-1.799978651058174e-02,-2.134894182583003e-07
11400,8,1.500000000000000e-02,1.499989026810421e-02,1.097318957938437e-07
11400,9,1.200000000000000e-02,1.199991622792304e-02,8.377207696280697e-08
11400,10,-1.000000000000000e-02,-1.000002655111901e-02,2.655111900999596e-08
11400,11,8.999999999999999e-03,9.000109864195796e-03,-1.098641957963942e-07
11400,12,8.000000000000000e-03,7.999834593521308e-03,1.654064786926063e-07
11400,13,-7.000000000000000e-03,-7.000081159411131e-03,8.115941113086278e-08
11400,14,6.000000000000000e-03,5.999987846972664e-03,1.215302733621748e-08
11400,15,5.000000000000000e-03,4.999912329329777e-03,8.767067022352748e-08
11400,16,-4.000000000000000e-03,-4.000033134653730e-03,3.313465372998398e-08
11400,17,3.500000000000000e-03,3.500123284765395e-03,-1.232847653951687e-07
11400,18,3.000000000000000e-03,2.999882135299793e-03,1.178647002068357e-07
11400,19,-2.500000000000000e-03,-2.500123054070005e-03,1.230540700048605e-07
11400,20,2.000000000000000e-03,2.000096012352790e-03,-9.601235278957482e-08
11400,21,1.800000000000000e-03,1.799705449066597e-03,2.945509334029237e-07
11400,22,-1.500000000000000e-03,-1.499946866946762e-03,-5.313305323799075e-08
11400,23,1.200000000000000e-03,1.199878721427782e-03,1.212785722178727e-07
11400,24,1.000000000000000e-03,9.999394581472803e-04,6.054185271967168e-08
11400,25,-8.000000000000000e-04,-8.000201913029172e-04,2.019130291718192e-08
11400,26,5.999999999999999e-04,5.999051827239780e-04,9.481727602199397e-08
11400,27,5.000000000000000e-04,4.999867431560444e-04,1.325684395559693e-08
11400,28,-4.000000000000000e-04,-3.999958546484404e-04,-4.145351559627433e-09
11400,29,3.000000000000000e-04,2.999950363421984e-04,4.963657801622390e-09
11500,0,1.200000000000000e-01,1.199992225061389e-01,7.774938610843884e-07
11500,1,-8.000000000000000e-02,-7.999943160963512e-02,-5.683903648856514e-07
11500,2,5.500000000000000e-02,5.499965621163110e-02,3.437883689047516e-07
11500,3,4.000000000000000e-02,3.999969086800550e-02,3.091319945025539e-07
11500,4,-3.000000000000000e-02,-2.999990957845131e-02,-9.042154868604824e-08
11500,5,2.500000000000000e-02,2.500005375717758e-02,-5.375717757397092e-08
11500,6,2.000000000000000e-02,1.999971071093708e-02,2.892890629165035e-07
11500,7,-1.800000000000000e-02,-1.799980849722079e-02,-1.915027792072366e-07
11500,8,1.500000000000000e-02,1.499990971197569e-02,9.028802431219896e-08
11500,9,1.200000000000000e-02,1.199993180976329e-02,6.819023670723290e-08
11500,10,-1.000000000000000e-02,-1.000002627608689e-02,2.627608689312333e-08
11500,11,8.999999999999999e-03,9.000092586232597e-03,-9.258623259733589e-08
11500,12,8.000000000000000e-03,7.999851854709344e-03,1.481452906564040e-07
11500,13,-7.000000000000000e-03,-7.000060924903988e-03,6.092490398811046e-08
11500,14,6.000000000000000e-03,5.999978816069925e-03,2.118393007538577e-08
11500,15,5.000000000000000e-03,4.999911564752979e-03,8.843524702123462e-08
11500,16,-4.000000000000000e-03,-4.000018619625019e-03,1.861962501889525e-08
11500,17,3.500000000000000e-03,3.500092656285585e-03,-9.265628558461844e-08
11500,18,3.000000000000000e-03,2.999932011343842e-03,6.798865615810501e-08
11500,19,-2.500000000000000e-03,-2.500121874623704e-03,1.218746237042524e-07
11500,20,2.000000000000000e-03,2.000072389268445e-03,-7.238926844543511e-08
11500,21,1.800000000000000e-03,1.799754847599492e-03,2.451524005076412e-07
11500,22,-1.500000000000000e-03,-1.499942418001671e-03,-5.758199832922584e-08
11500,23,1.200000000000000e-03,1.199883177866924e-03,1.168221330754681e-07
11500,24,1.000000000000000e-03,9.999533536265899e-04,4.664637341016478e-08
11500,25,-8.000000000000000e-04,-8.000129586963654e-04,1.295869636532172e-08
11500,26,5.999999999999999e-04,5.999115440980172e-04,8.845590198269977e-08
11500,27,5.000000000000000e-04,4.999976620668016e-04,2.337933198382977e-09
11500,28,-4.000000000000000e-04,-3.999969547072896e-04,-3.045292710438918e-09
11500,29,3.000000000000000e-04,3.000182805038639e-04,-1.828050386390966e-08
11600,0,1.200000000000000e-01,1.199993103520871e-01,6.896479128465360e-07
11600,1,-8.000000000000000e-02,-7.999949628987196e-02,-5.037101280386258e-07
11600,2,5.500000000000000e-02,5.499970653301200e-02,2.934669879953167e-07
11600,3,4.000000000000000e-02,3.999970771664722e-02,2.922833527777002e-07
11600,4,-3.000000000000000e-02,-2.999990698582009e-02,-9.301417991033900e-08
11600,5,2.500000000000000e-02,2.500003604681727e-02,-3.604681726374070e-08
11600,6,2.000000000000000e-02,1.999974572299511e-02,2.542770048928611e-07
11600,7,-1.800000000000000e-02,-1.799982791437108e-02,-1.720856289168238e-07
11600,8,1.500000000000000e-02,1.499991399403180e-02,8.600596819625939e-08
11600,9,1.200000000000000e-02,1.199992842967863e-02,7.157032136904939e-08
11600,10,-1.000000000000000e-02,-1.000001849103432e-02,1.849103432351173e-08
11600,11,8.999999999999999e-03,9.000077327893445e-03,-7.732789344613855e-08
11600,12,8.000000000000000e-03,7.999858634614007e-03,1.413653859926728e-07
11600,13,-7.000000000000000e-03,-7.000054899844701e-03,5.489984470068848e-08
11600,14,6.000000000000000e-03,5.999973552398489e-03,2.644760151073594e-08
11600,15,5.000000000000000e-03,4.999928706030210e-03,7.129396979027591e-08
11600,16,-4.000000000000000e-03,-4.000027893559249e-03,2.789355924882886e-08
11600,17,3.500000000000000e-03,3.500076148586823e-03,-7.614858682286271e-08
11600,18,3.000000000000000e-03,2.999939263942807e-03,6.073605719270417e-08
11600,19,-2.500000000000000e-03,-2.500106882910428e-03,1.068829104276456e-07
11600,20,2.000000000000000e-03,2.000049543343223e-03,-4.954334322307408e-08
11600,21,1.800000000000000e-03,1.799780476073265e-03,2.195239267345495e-07
11600,22,-1.500000000000000e-03,-1.499941754960168e-03,-5.824503983200419e-08
11600,23,1.200000000000000e-03,1.199891561926341e-03,1.084380736584775e-07
11600,24,1.000000000000000e-03,9.999517442592029e-04,4.825574079713423e-08
11600,25,-8.000000000000000e-04,-7.999948981214659e-04,-5.101878534116526e-09
11600,26,5.999999999999999e-04,5.999211753559936e-04,7.882464400632821e-08
11600,27,5.000000000000000e-04,4.999910820373109e-04,8.917962689061060e-09
11600,28,-4.000000000000000e-04,-3.999866687830095e-04,-1.333121699050857e-08
11600,29,3.000000000000000e-04,3.000295339991422e-04,-2.953399914223682e-08
11700,0,1.200000000000000e-01,1.199993841557853e-01,6.158442146936283e-07
11700,1,-8.000000000000000e-02,-7.999954151857754e-02,-4.584814224661837e-07
11700,2,5.500000000000000e-02,5.499973885909919e-02,2.611409008132504e-07
11700,3,4.000000000000000e-02,3.999974665957724e-02,2.533404227650360e-07
11700,4,-3.000000000000000e-02,-2.999991769956085e-02,-8.230043914772556e-08
11700,5,2.500000000000000e-02,2.500004357790316e-02,-4.357790315406840e-08
11700,6,2.000000000000000e-02,1.999977334284899e-02,2.266571510131654e-07
11700,7,-1.800000000000000e-02,-1.799985061173013e-02,-1.493882698655469e-07
11700,8,1.500000000000000e-02,1.499992753173491e-02,7.246826508496007e-08
11700,9,1.200000000000000e-02,1.199994557298203e-02,5.442701797239713e-08
11700,10,-1.000000000000000e-02,-1.000002107750152e-02,2.107750152365029e-08
11700,11,8.999999999999999e-03,9.000070975175597e-03,-7.097517559784272e-08
11700,12,8.000000000000000e-03,7.999875729680469e-03,1.242703195313000e-07
11700,13,-7.000000000000000e-03,-7.000043729401768e-03,4.372940176806950e-08
11700,14,6.000000000000000e-03,5.999972884274481e-03,2.711572551911123e-08
11700,15,5.000000000000000e-03,4.999936005484389e-03,6.399451561115571e-08
11700,16,-4.000000000000000e-03,-4.000018560403855e-03,1.856040385533192e-08
11700,17,3.500000000000000e-03,3.500067963897662e-03,-6.796389766163674e-08
11700,18,3.000000000000000e-03,2.999948509714160e-03,5.149028584018264e-08
11700,19,-2.500000000000000e-03,-2.500091121868650e-03,9.112186865039423e-08
11700,20,2.000000000000000e-03,2.000038764481363e-03,-3.876448136271027e-08
11700,21,1.800000000000000e-03,1.799805924502409e-03,1.940754975906199e-07
11700,22,-1.500000000000000e-03,-1.499937279919382e-03,-6.272008061785489e-08
11700,23,1.200000000000000e-03,1.199892771452291e-03,1.072285477085946e-07
11700,24,1.000000000000000e-03,9.999575585311509e-04,4.244146884911822e-08
11700,25,-8.000000000000000e-04,-7.999780837442594e-04,-2.191625574066419e-08
11700,26,5.999999999999999e-04,5.999166189785529e-04,8.338102144703815e-08
11700,27,5.000000000000000e-04,4.999875322785320e-04,1.246772146797342e-08
11700,28,-4.000000000000000e-04,-3.999827730018633e-04,-1.722699813675550e-08
11700,29,3.000000000000000e-04,3.000293010232664e-04,-2.930102326639513e-08
11800,0,1.200000000000000e-01,1.199994530197408e-01,5.469802591973050e-07
11800,1,-8.000000000000000e-02,-7.999958033951771e-02,-4.196604822953587e-07
11800,2,5.500000000000000e-02,5.499976545871325e-02,2.345412867463259e-07
11800,3,4.000000000000000e-02,3.999978009193168e-02,2.199080683246146e-07
11800,4,-3.000000000000000e-02,-2.999992566978719e-02,-7.433021280423002e-08
11800,5,2.500000000000000e-02,2.500004636526663e-02,-4.636526663298612e-08
11800,6,2.000000000000000e-02,1.999979517616096e-02,2.048238390388313e-07
11800,7,-1.800000000000000e-02,-1.799986948839160e-02,-1.305116083955005e-07
11800,8,1.500000000000000e-02,1.499993631063315e-02,6.368936684986171e-08
11800,9,1.200000000000000e-02,1.199995183102682e-02,4.816897317648505e-08
11800,10,-1.000000000000000e-02,-1.000002455180062e-02,2.455180061859685e-08
11800,11,8.999999999999999e-03,9.000061464213409e-03,-6.146421340988417e-08
11800,12,8.000000000000000e-03,7.999889738028503e-03,1.102619714976605e-07
11800,13,-7.000000000000000e-03,-7.000051166343570e-03,5.116634357003880e-08
11800,14,6.000000000000000e-03,5.999973240719584e-03,2.675928041651066e-08
11800,15,5.000000000000000e-03,4.999955659994223e-03,4.434000577726444e-08
11800,16,-4.000000000000000e-03,-4.000029225645184e-03,2.922564518430953e-08
11800,17,3.500000000000000e-03,3.500066351821525e-03,-6.635182152542676e-08
11800,18,3.000000000000000e-03,2.999971309759199e-03,2.869024080072100e-08
11800,19,-2.500000000000000e-03,-2.500090599315642e-03,9.059931564215154e-08
11800,20,2.000000000000000e-03,2.000039918247255e-03,-3.991824725456394e-08
11800,21,1.800000000000000e-03,1.799832157240782e-03,1.678427592182331e-07
11800,22,-1.500000000000000e-03,-1.499941521433759e-03,-5.847856624071820e-08
11800,23,1.200000000000000e-03,1.199913789858778e-03,8.621014122153423e-08
11800,24,1.000000000000000e-03,9.999692590970857e-04,3.074090291436266e-08
11800,25,-8.000000000000000e-04,-7.999782116042458e-04,-2.178839575428526e-08
11800,26,5.999999999999999e-04,5.999318083644698e-04,6.819163553013069e-08
11800,27,5.000000000000000e-04,4.999952308486019e-04,4.769151398125761e-09
11800,28,-4.000000000000000e-04,-3.999817112626333e-04,-1.828873736676485e-08
11800,29,3.000000000000000e-04,3.000362136600264e-04,-3.621366002638229e-08
11900,0,1.200000000000000e-01,1.199995050448461e-01,4.949551538901975e-07
11900,1,-8.000000000000000e-02,-7.999962014923818e-02,-3.798507618169022e-07
11900,2,5.500000000000000e-02,5.499978591475585e-02,2.140852441503971e-07
11900,3,4.000000000000000e-02,3.999979468765300e-02,2.053123470055485e-07
11900,4,-3.000000000000000e-02,-2.999992986004367e-02,-7.013995632909609e-08
11900,5,2.500000000000000e-02,2.500003946731039e-02,-3.946731038859119e-08
11900,6,2.000000000000000e-02,1.999980838894276e-02,1.916110572430796e-07
11900,7,-1.800000000000000e-02,-1.799988045774424e-02,-1.195422557609405e-07
11900,8,1.500000000000000e-02,1.499995097670227e-02,4.902329773376346e-08
11900,9,1.200000000000000e-02,1.199995090582345e-02,4.909417654526405e-08
11900,10,-1.000000000000000e-02,-1.000002029408625e-02,2.029408624829032e-08
11900,11,8.999999999999999e-03,9.000063712863758e-03,-6.371286375914109e-08
11900,12,8.000000000000000e-03,7.999895923872657e-03,1.040761273430474e-07
11900,13,-7.000000000000000e-03,-7.000043387074369e-03,4.338707436900291e-08
11900,14,6.000000000000000e-03,5.999974853634885e-03,2.514636511519175e-08
11900,15,5.000000000000000e-03,4.999961553354513e-03,3.844664548703636e-08
11900,16,-4.000000000000000e-03,-4.000032835542589e-03,3.283554258874666e-08
11900,17,3.500000000000000e-03,3.500062880453209e-03,-6.288045320936367e-08
11900,18,3.000000000000000e-03,2.999968878209528e-03,3.112179047196767e-08
11900,19,-2.500000000000000e-03,-2.500080070668143e-03,8.007066814317079e-08
11900,20,2.000000000000000e-03,2.000024863808027e-03,-2.486380802722149e-08
11900,21,1.800000000000000e-03,1.799849318912359e-03,1.506810876409064e-07
11900,22,-1.500000000000000e-03,-1.499948133494118e-03,-5.186650588249846e-08
11900,23,1.200000000000000e-03,1.199912451540263e-03,8.754845973678836e-08
11900,24,1.000000000000000e-03,9.999834177098629e-04,1.658229013714978e-08
11900,25,-8.000000000000000e-04,-7.999856439286029e-04,-1.435607139708885e-08
11900,26,5.999999999999999e-04,5.999401515895609e-04,5.984841043907806e-08
11900,27,5.000000000000000e-04,4.999872476794267e-04,1.275232057332352e-08
11900,28,-4.000000000000000e-04,-3.999863810695647e-04,-1.361893043531990e-08
11900,29,3.000000000000000e-04,3.000356645949605e-04,-3.566459496050787e-08
12000,0,1.200000000000000e-01,1.199995452724868e-01,4.547275132271711e-07
12000,1,-8.000000000000000e-02,-7.999965093053610e-02,-3.490694639035619e-07
12000,2,5.500000000000000e-02,5.499981623703008e-02,1.837629699241727e-07
12000,3,4.000000000000000e-02,3.999981002993647e-02,1.899700635341062e-07
12000,4,-3.000000000000000e-02,-2.999992095426468e-02,-7.904573532183101e-08
12000,5,2.500000000000000e-02,2.500003282008819e-02,-3.282008818536464e-08
12000,6,2.000000000000000e-02,1.999983158563176e-02,1.684143682394168e-07
12000,7,-1.800000000000000e-02,-1.799988351035259e-02,-1.164896474038779e-07
12000,8,1.500000000000000e-02,1.499995513004285e-02,4.486995714564346e-08
12000,9,1.200000000000000e-02,1.199995870540005e-02,4.129459995304285e-08
12000,10,-1.000000000000000e-02,-1.000000281278994e-02,2.812789940201399e-09
12000,11,8.999999999999999e-03,9.000063696409136e-03,-6.369640913675423e-08
12000,12,8.000000000000000e-03,7.999905168512572e-03,9.483148742835124e-08
12000,13,-7.000000000000000e-03,-7.000033163839274e-03,3.316383927372268e-08
12000,14,6.000000000000000e-03,5.999989037284966e-03,1.096271503436830e-08
12000,15,5.000000000000000e-03,4.999965751826530e-03,3.424817346994041e-08
12000,16,-4.000000000000000e-03,-4.000031779809185e-03,3.177980918527001e-08
12000,17,3.500000000000000e-03,3.500068230362802e-03,-6.823036280238781e-08
12000,18,3.000000000000000e-03,2.999977280976315e-03,2.271902368533932e-08
12000,19,-2.500000000000000e-03,-2.500076832201932e-03,7.683220193226148e-08
12000,20,2.000000000000000e-03,2.000027813737437e-03,-2.781373743734189e-08
12000,21,1.800000000000000e-03,1.799870165603014e-03,1.298343969859377e-07
12000,22,-1.500000000000000e-03,-1.499949540123180e-03,-5.045987681992145e-08
12000,23,1.200000000000000e-03,1.199917109657496e-03,8.289034250435687e-08
12000,24,1.000000000000000e-03,9.999956763478202e-04,4.323652179772514e-09
12000,25,-8.000000000000000e-04,-7.999852126818683e-04,-1.478731813170028e-08
12000,26,5.999999999999999e-04,5.999453331807247e-04,5.466681927523542e-08
12000,27,5.000000000000000e-04,4.999939803596165e-04,6.019640383489629e-09
12000,28,-4.000000000000000e-04,-3.999799498305203e-04,-2.005016947972558e-08
12000,29,3.000000000000000e-04,3.000367124800180e-04,-3.671248001798797e-08
12100,0,1.200000000000000e-01,1.199995877711786e-01,4.122288214253311e-07
12100,1,-8.000000000000000e-02,-7.999968518525952e-02,-3.148147404846702e-07
12100,2,5.500000000000000e-02,5.499982538538813e-02,1.746146118739023e-07
12100,3,4.000000000000000e-02,3.999983470665905e-02,1.652933409521107e-07
12100,4,-3.000000000000000e-02,-2.999993304259452e-02,-6.695740548123830e-08
12100,5,2.500000000000000e-02,2.500002944130905e-02,-2.944130905041531e-08
12100,6,2.000000000000000e-02,1.999984421527588e-02,1.557847241241694e-07
12100,7,-1.800000000000000e-02,-1.799989672998662e-02,-1.032700133810072e-07
12100,8,1.500000000000000e-02,1.499995803353541e-02,4.196646458815012e-08
12100,9,1.200000000000000e-02,1.199996872333697e-02,3.127666303032184e-08
12100,10,-1.000000000000000e-02,-1.000001186271409e-02,1.186271408881723e-08
12100,11,8.999999999999999e-03,9.000061853643857e-03,-6.185364385784264e-08
12100,12,8.000000000000000e-03,7.999919277756538e-03,8.072224346247769e-08
12100,13,-7.000000000000000e-03,-7.000038262702251e-03,3.826270225052580e-08
12100,14,6.000000000000000e-03,5.999992577408542e-03,7.422591458139394e-09
12100,15,5.000000000000000e-03,4.999971570036096e-03,2.842996390389763e-08
12100,16,-4.000000000000000e-03,-4.000036387884973e-03,3.638788497253853e-08
12100,17,3.500000000000000e-03,3.500056500461660e-03,-5.650046165954145e-08
12100,18,3.000000000000000e-03,2.999989299425634e-03,1.070057436582117e-08
12100,19,-2.500000000000000e-03,-2.500084656259721e-03,8.465625972106650e-08
12100,20,2.000000000000000e-03,2.000021917289603e-03,-2.191728960300454e-08
12100,21,1.800000000000000e-03,1.799888546675835e-03,1.114533241647862e-07
12100,22,-1.500000000000000e-03,-1.499959342828393e-03,-4.065717160682547e-08
12100,23,1.200000000000000e-03,1.199917743073847e-03,8.225692615330266e-08
12100,24,1.000000000000000e-03,1.000005594946146e-03,-5.594946145487736e-09
12100,25,-8.000000000000000e-04,-7.999968516105253e-04,-3.148389474691773e-09
12100,26,5.999999999999999e-04,5.999485972841473e-04,5.140271585267996e-08
12100,27,5.000000000000000e-04,4.999978730528626e-04,2.126947137403960e-09
12100,28,-4.000000000000000e-04,-3.999893823480233e-04,-1.061765197675956e-08
12100,29,3.000000000000000e-04,3.000325842518982e-04,-3.258425189823361e-08
12200,0,1.200000000000000e-01,1.199996210829213e-01,3.789170787416030e-07
12200,1,-8.000000000000000e-02,-7.999971533101617e-02,-2.846689838298389e-07
12200,2,5.500000000000000e-02,5.499983532160526e-02,1.646783947401032e-07
12200,3,4.000000000000000e-02,3.999985360718379e-02,1.463928162095951e-07
12200,4,-3.000000000000000e-02,-2.999994506572703e-02,-5.493427296734965e-08
12200,5,2.500000000000000e-02,2.500003009445065e-02,-3.009445064677818e-08
12200,6,2.000000000000000e-02,1.999985381987660e-02,1.461801233983151e-07
12200,7,-1.800000000000000e-02,-1.799990711925825e-02,-9.288074175051175e-08
12200,8,1.500000000000000e-02,1.499996111225863e-02,3.888774136734385e-08
12200,9,1.200000000000000e-02,1.199996898720509e-02,3.101279490852482e-08
12200,10,-1.000000000000000e-02,-1.000001025049873e-02,1.025049872586947e-08
12200,11,8.999999999999999e-03,9.000057088410996e-03,-5.708841099676121e-08
12200,12,8.000000000000000e-03,7.999919828473966e-03,8.017152603422006e-08
12200,13,-7.000000000000000e-03,-7.000035059346478e-03,3.505934647804465e-08
12200,14,6.000000000000000e-03,5.999989682934216e-03,1.031706578415864e-08
12200,15,5.000000000000000e-03,4.999972005163084e-03,2.799483691650478e-08
12200,16,-4.000000000000000e-03,-4.000029812040192e-03,2.981204019151390e-08
12200,17,3.500000000000000e-03,3.500046664731795e-03,-4.666473179485570e-08
12200,18,3.000000000000000e-03,2.999994429822668e-03,5.570177331968434e-09
12200,19,-2.500000000000000e-03,-2.500083666249590e-03,8.366624958946675e-08
12200,20,2.000000000000000e-03,2.000024674807752e-03,-2.467480775215566e-08
12200,21,1.800000000000000e-03,1.799891431633012e-03,1.085683669877716e-07
12200,22,-1.500000000000000e-03,-1.499961061730900e-03,-3.893826909973259e-08
12200,23,1.200000000000000e-03,1.199923827962541e-03,7.617203745882706e-08
12200,24,1.000000000000000e-03,1.000005340777655e-03,-5.340777655413534e-09
12200,25,-8.000000000000000e-04,-8.000005011544994e-04,5.011544994097672e-10
12200,26,5.999999999999999e-04,5.999593002801967e-04,4.069971980323692e-08
12200,27,5.000000000000000e-04,4.999914436193179e-04,8.556380682103737e-09
12200,28,-4.000000000000000e-04,-3.999865717876691e-04,-1.342821233092477e-08
12200,29,3.000000000000000e-04,3.000257399937297e-04,-2.573999372977240e-08
12300,0,1.200000000000000e-01,1.199996627890488e-01,3.372109511762256e-07
12300,1,-8.000000000000000e-02,-7.999973992640629e-02,-2.600735937163812e-07
12300,2,5.500000000000000e-02,5.499985807181089e-02,1.419281891110180e-07
12300,3,4.000000000000000e-02,3.999987217491077e-02,1.278250892286503e-07
12300,4,-3.000000000000000e-02,-2.999994645443689e-02,-5.354556310843694e-08
12300,5,2.500000000000000e-02,2.500002868537554e-02,-2.868537553671335e-08
12300,6,2.000000000000000e-02,1.999987245108901e-02,1.275489109886507e-07
12300,7,-1.800000000000000e-02,-1.799991269239693e-02,-8.730760306385754e-08
12300,8,1.500000000000000e-02,1.499996355577589e-02,3.644422411075432e-08
12300,9,1.200000000000000e-02,1.199998567794184e-02,1.432205816442877e-08
12300,10,-1.000000000000000e-02,-1.000001027324742e-02,1.027324742115809e-08
12300,11,8.999999999999999e-03,9.000059560411630e-03,-5.956041163046599e-08
12300,12,8.000000000000000e-03,7.999936535876722e-03,6.346412327780382e-08
12300,13,-7.000000000000000e-03,-7.000032661642431e-03,3.266164243058423e-08
12300,14,6.000000000000000e-03,5.999999359789101e-03,6.402108990513633e-10
12300,15,5.000000000000000e-03,4.999975308734044e-03,2.469126595631282e-08
12300,16,-4.000000000000000e-03,-4.000027703698830e-03,2.770369882977575e-08
12300,17,3.500000000000000e-03,3.500054788357274e-03,-5.478835727375925e-08
12300,18,3.000000000000000e-03,2.999990392072073e-03,9.607927927215987e-09
12300,19,-2.500000000000000e-03,-2.500071829846854e-03,7.182984685348559e-08
12300,20,2.000000000000000e-03,2.000027299102673e-03,-2.729910267285085e-08
12300,21,1.800000000000000e-03,1.799906511177567e-03,9.348882243245642e-08
12300,22,-1.500000000000000e-03,-1.499968209807677e-03,-3.179019232276217e-08
12300,23,1.200000000000000e-03,1.199939676034738e-03,6.032396526224615e-08
12300,24,1.000000000000000e-03,1.000001866804646e-03,-1.866804645979728e-09
12300,25,-8.000000000000000e-04,-7.999992941458979e-04,-7.058541021641440e-10
12300,26,5.999999999999999e-04,5.999607776595115e-04,3.922234048843194e-08
12300,27,5.000000000000000e-04,4.999940869307504e-04,5.913069249627485e-09
12300,28,-4.000000000000000e-04,-3.999898273481779e-04,-1.017265182214153e-08
12300,29,3.000000000000000e-04,3.000296794894508e-04,-2.967948945083957e-08
12400,0,1.200000000000000e-01,1.199996969779390e-01,3.030220609573364e-07
12400,1,-8.000000000000000e-02,-7.999976611133779e-02,-2.338886622155201e-07
12400,2,5.500000000000000e-02,5.499987734959296e-02,1.226504070389600e-07
12400,3,4.000000000000000e-02,3.999987888568367e-02,1.211143163259987e-07
12400,4,-3.000000000000000e-02,-2.999994600114300e-02,-5.399885699697293e-08
12400,5,2.500000000000000e-02,2.500002216972418e-02,-2.216972418145335e-08
12400,6,2.000000000000000e-02,1.999988521059275e-02,1.147894072468791e-07
12400,7,-1.800000000000000e-02,-1.799991886429841e-02,-8.113570158438388e-08
12400,8,1.500000000000000e-02,1.499996591965574e-02,3.408034426020945e-08
12400,9,1.200000000000000e-02,1.199998774707049e-02,1.225292950955692e-08
12400,10,-1.000000000000000e-02,-1.000000911455092e-02,9.114550919564479e-09
12400,11,8.999999999999999e-03,9.000057554418578e-03,-5.755441857824284e-08
12400,12,8.000000000000000e-03,7.999943186798357e-03,5.681320164319104e-08
12400,13,-7.000000000000000e-03,-7.000026888178973e-03,2.688817897240209e-08
12400,14,6.000000000000000e-03,5.999999975832948e-03,2.416705204011382e-11
12400,15,5.000000000000000e-03,4.999980592267708e-03,1.940773229191367e-08
12400,16,-4.000000000000000e-03,-4.000022890661360e-03,2.289066135946483e-08
12400,17,3.500000000000000e-03,3.500047901546615e-03,-4.790154661468704e-08
12400,18,3.000000000000000e-03,2.999992663818612e-03,7.336181387634227e-09
12400,19,-2.500000000000000e-03,-2.500063784180973e-03,6.378418097256061e-08
12400,20,2.000000000000000e-03,2.000022822682724e-03,-2.282268272372351e-08
12400,21,1.800000000000000e-03,1.799919594773837e-03,8.040522616313030e-08
12400,22,-1.500000000000000e-03,-1.499973786028616e-03,-2.621397138420634e-08
12400,23,1.200000000000000e-03,1.199943050671774e-03,5.694932822541965e-08
12400,24,1.000000000000000e-03,1.000004073787783e-03,-4.073787783238220e-09
12400,25,-8.000000000000000e-04,-8.000029074913519e-04,2.907491351844538e-09
12400,26,5.999999999999999e-04,5.999686830727948e-04,3.131692720512863e-08
12400,27,5.000000000000000e-04,4.999898222579714e-04,1.017774202860967e-08
12400,28,-4.000000000000000e-04,-3.999869402373436e-04,-1.305976265640000e-08
12400,29,3.000000000000000e-04,3.000227933744813e-04,-2.279337448131283e-08
12500,0,1.200000000000000e-01,1.199997291728514e-01,2.708271485962754e-07
12500,1,-8.000000000000000e-02,-7.999979109969116e-02,-2.089003088429076e-07
12500,2,5.500000000000000e-02,5.499988268900974e-02,1.173109902621872e-07
12500,3,4.000000000000000e-02,3.999989380280014e-02,1.061971998603251e-07
12500,4,-3.000000000000000e-02,-2.999995550826249e-02,-4.449173750947777e-08
12500,5,2.500000000000000e-02,2.500001589132926e-02,-1.589132925597370e-08
12500,6,2.000000000000000e-02,1.999989763833217e-02,1.023616678294537e-07
12500,7,-1.800000000000000e-02,-1.799993264651973e-02,-6.735348027225863e-08
12500,8,1.500000000000000e-02,1.499997353783143e-02,2.646216856923289e-08
12500,9,1.200000000000000e-02,1.199998796887548e-02,1.203112451851618e-08
12500,10,-1.000000000000000e-02,-1.000001264924532e-02,1.264924531611811e-08
12500,11,8.999999999999999e-03,9.000053168282385e-03,-5.316828238614846e-08
12500,12,8.000000000000000e-03,7.999953224222240e-03,4.677577775981379e-08
12500,13,-7.000000000000000e-03,-7.000030032863008e-03,3.003286300814340e-08
12500,14,6.000000000000000e-03,6.000005775911159e-03,-5.775911159078273e-09
12500,15,5.000000000000000e-03,4.999980716923040e-03,1.928307695985010e-08
12500,16,-4.000000000000000e-03,-4.000029561880730e-03,2.956188072979204e-08
12500,17,3.500000000000000e-03,3.500048134341653e-03,-4.813434165314157e-08
12500,18,3.000000000000000e-03,2.999991521655638e-03,8.478344362076312e-09
12500,19,-2.500000000000000e-03,-2.500065096312976e-03,6.509631297630519e-08
12500,20,2.000000000000000e-03,2.000021663006102e-03,-2.166300610206492e-08
12500,21,1.800000000000000e-03,1.799928013992732e-03,7.198600726837992e-08
12500,22,-1.500000000000000e-03,-1.499980900705027e-03,-1.909929497282553e-08
12500,23,1.200000000000000e-03,1.199946842145980e-03,5.315785401986163e-08
12500,24,1.000000000000000e-03,1.000005494820033e-03,-5.494820033008496e-09
12500,25,-8.000000000000000e-04,-8.000051791755626e-04,5.179175562594965e-09
12500,26,5.999999999999999e-04,5.999708182130161e-04,2.918178698381804e-08
12500,27,5.000000000000000e-04,4.999935220364328e-04,6.477963567256759e-09
12500,28,-4.000000000000000e-04,-3.999899798204612e-04,-1.002017953880734e-08
12500,29,3.000000000000000e-04,3.000147082623344e-04,-1.470826233441851e-08
12600,0,1.200000000000000e-01,1.199997520868956e-01,2.479131043786609e-07
12600,1,-8.000000000000000e-02,-7.999980511693024e-02,-1.948830697651172e-07
12600,2,5.500000000000000e-02,5.499989394144814e-02,1.060585518644630e-07
12600,3,4.000000000000000e-02,3.999990446700934e-02,9.553299065712118e-08
12600,4,-3.000000000000000e-02,-2.999995717357171e-02,-4.282642828562500e-08
12600,5,2.500000000000000e-02,2.500001894969544e-02,-1.894969543433933e-08
12600,6,2.000000000000000e-02,1.999990488981793e-02,9.511018207036814e-08
12600,7,-1.800000000000000e-02,-1.799993185459148e-02,-6.814540851399209e-08
12600,8,1.500000000000000e-02,1.499997781820553e-02,2.218179447066593e-08
12600,9,1.200000000000000e-02,1.199998880180634e-02,1.119819366401931e-08
12600,10,-1.000000000000000e-02,-1.000000873507573e-02,8.735075730445518e-09
12600,11,8.999999999999999e-03,9.000052344919450e-03,-5.234491945102504e-08
12600,12,8.000000000000000e-03,7.999956506636780e-03,4.349336321998742e-08
12600,13,-7.000000000000000e-03,-7.000024287507535e-03,2.428750753465103e-08
12600,14,6.000000000000000e-03,6.000006978547509e-03,-6.978547508959543e-09
12600,15,5.000000000000000e-03,4.999982229522178e-03,1.777047782189345e-08
12600,16,-4.000000000000000e-03,-4.000023228848544e-03,2.322884854345092e-08
12600,17,3.500000000000000e-03,3.500041232332514e-03,-4.123233251357439e-08
12600,18,3.000000000000000e-03,2.999993877839428e-03,6.122160572333973e-09
12600,19,-2.500000000000000e-03,-2.500056571642674e-03,5.657164267418302e-08
12600,20,2.000000000000000e-03,2.000020126773795e-03,-2.012677379446826e-08
12600,21,1.800000000000000e-03,1.799934527386070e-03,6.547261392981021e-08
12600,22,-1.500000000000000e-03,-1.499977712773569e-03,-2.228722643092020e-08
12600,23,1.200000000000000e-03,1.199946502226206e-03,5.349777379361383e-08
12600,24,1.000000000000000e-03,1.000005858128252e-03,-5.858128252021061e-09
12600,25,-8.000000000000000e-04,-7.999992242225862e-04,-7.757774138795331e-10
12600,26,5.999999999999999e-04,5.999746173065778e-04,2.538269342215911e-08
12600,27,5.000000000000000e-04,4.999940465117091e-04,5.953488290896813e-09
12600,28,-4.000000000000000e-04,-3.999916443085674e-04,-8.355691432650972e-09
12600,29,3.000000000000000e-04,3.000172387027049e-04,-1.723870270489702e-08
12700,0,1.200000000000000e-01,1.199997764434346e-01,2.235565654401528e-07
12700,1,-8.000000000000000e-02,-7.999982174820899e-02,-1.782517910081660e-07
12700,2,5.500000000000000e-02,5.499990249881741e-02,9.750118258600171e-08
12700,3,4.000000000000000e-02,3.999991005873593e-02,8.994126406841607e-08
12700,4,-3.000000000000000e-02,-2.999995651464054e-02,-4.348535946260834e-08
12700,5,2.500000000000000e-02,2.500001793642816e-02,-1.793642816216856e-08
12700,6,2.000000000000000e-02,1.999991348677391e-02,8.651322608993484e-08
12700,7,-1.800000000000000e-02,-1.799993743984292e-02,-6.256015707556406e-08
12700,8,1.500000000000000e-02,1.499998366150931e-02,1.633849068885529e-08
12700,9,1.200000000000000e-02,1.199998945129128e-02,1.054870871729230e-08
12700,10,-1.000000000000000e-02,-1.000000741025473e-02,7.410254725809251e-09
12700,11,8.999999999999999e-03,9.000048320934501e-03,-4.832093450195252e-08
12700,12,8.000000000000000e-03,7.999961371586655e-03,3.862841334474620e-08
12700,13,-7.000000000000000e-03,-7.000018779965476e-03,1.877996547595268e-08
12700,14,6.000000000000000e-03,6.000009432757507e-03,-9.432757506512568e-09
12700,15,5.000000000000000e-03,4.999987827945225e-03,1.217205477556382e-08
12700,16,-4.000000000000000e-03,-4.000024995746233e-03,2.499574623324174e-08
12700,17,3.500000000000000e-03,3.500039730894010e-03,-3.973089400966662e-08
12700,18,3.000000000000000e-03,2.999997760227525e-03,2.239772474692953e-09
12700,19,-2.500000000000000e-03,-2.500049320631829e-03,4.932063182904248e-08
12700,20,2.000000000000000e-03,2.000017631351230e-03,-1.763135122970216e-08
12700,21,1.800000000000000e-03,1.799944090766106e-03,5.590923389444530e-08
12700,22,-1.500000000000000e-03,-1.499980987484251e-03,-1.901251574904471e-08
12700,23,1.200000000000000e-03,1.199957683829339e-03,4.231617066084367e-08
12700,24,1.000000000000000e-03,1.000002702428953e-03,-2.702428952925523e-09
12700,25,-8.000000000000000e-04,-7.999927617790243e-04,-7.238220975716581e-09
12700,26,5.999999999999999e-04,5.999729109290358e-04,2.708907096413745e-08
12700,27,5.000000000000000e-04,5.000028549480586e-04,-2.854948058560527e-09
12700,28,-4.000000000000000e-04,-3.999906527301276e-04,-9.347269872396827e-09
12700,29,3.000000000000000e-04,3.000172763181841e-04,-1.727631818409636e-08
12800,0,1.200000000000000e-01,1.199997939329149e-01,2.060670850900781e-07
12800,1,-8.000000000000000e-02,-7.999983859074924e-02,-1.614092507568055e-07
12800,2,5.500000000000000e-02,5.499991103884726e-02,8.896115273604455e-08
12800,3,4.000000000000000e-02,3.999991847354822e-02,8.152645178394202e-08
12800,4,-3.000000000000000e-02,-2.999996125306812e-02,-3.874693187480571e-08
12800,5,2.500000000000000e-02,2.500001722172727e-02,-1.722172726995042e-08
12800,6,2.000000000000000e-02,1.999991925750890e-02,8.074249110284759e-08
12800,7,-1.800000000000000e-02,-1.799994012012241e-02,-5.987987758762636e-08
12800,8,1.500000000000000e-02,1.499997663528572e-02,2.336471428311671e-08
12800,9,1.200000000000000e-02,1.199999576699621e-02,4.233003786033307e-09
12800,10,-1.000000000000000e-02,-1.000000771327409e-02,7.713274092352451e-09
12800,11,8.999999999999999e-03,9.000038224564065e-03,-3.822456406607500e-08
12800,12,8.000000000000000e-03,7.999966827972448e-03,3.317202755190318e-08
12800,13,-7.000000000000000e-03,-7.000020536561920e-03,2.053656191977615e-08
12800,14,6.000000000000000e-03,6.000010260877286e-03,-1.026087728586006e-08
12800,15,5.000000000000000e-03,4.999986224808253e-03,1.377519174682734e-08
12800,16,-4.000000000000000e-03,-4.000020803302641e-03,2.080330264043334e-08
12800,17,3.500000000000000e-03,3.500037360973266e-03,-3.736097326607554e-08
12800,18,3.000000000000000e-03,2.999995787514152e-03,4.212485848423958e-09
12800,19,-2.500000000000000e-03,-2.500043730083765e-03,4.373008376506310e-08
12800,20,2.000000000000000e-03,2.000018262979892e-03,-1.826297989226955e-08
12800,21,1.800000000000000e-03,1.799946048855593e-03,5.395114440680075e-08
12800,22,-1.500000000000000e-03,-1.499982864877705e-03,-1.713512229458911e-08
12800,23,1.200000000000000e-03,1.199963291835517e-03,3.670816448313359e-08
12800,24,1.000000000000000e-03,1.000000938723188e-03,-9.387231883744435e-10
12800,25,-8.000000000000000e-04,-7.999949469436534e-04,-5.053056346612794e-09
12800,26,5.999999999999999e-04,5.999769594238560e-04,2.304057614393572e-08
12800,27,5.000000000000000e-04,5.000011358801522e-04,-1.135880152197850e-09
12800,28,-4.000000000000000e-04,-3.999889371688537e-04,-1.106283114632933e-08
12800,29,3.000000000000000e-04,3.000146607771641e-04,-1.466077716416299e-08
12900,0,1.200000000000000e-01,1.199998132724645e-01,1.867275354616726e-07
12900,1,-8.000000000000000e-02,-7.999985294426473e-02,-1.470557352695190e-07
12900,2,5.500000000000000e-02,5.499991983137847e-02,8.016862153292781e-08
12900,3,4.000000000000000e-02,3.999992522656290e-02,7.477343710177164e-08
12900,4,-3.000000000000000e-02,-2.999996580830538e-02,-3.419169461796323e-08
12900,5,2.500000000000000e-02,2.500001828319711e-02,-1.828319710905912e-08
12900,6,2.000000000000000e-02,1.999992412601292e-02,7.587398707931126e-08
12900,7,-1.800000000000000e-02,-1.799994355409409e-02,-5.644590591116772e-08
12900,8,1.500000000000000e-02,1.499997975892612e-02,2.024107387949003e-08
12900,9,1.200000000000000e-02,1.199999601037950e-02,3.989620498551227e-09
12900,10,-1.000000000000000e-02,-1.000000626697875e-02,6.266978746713447e-09
12900,11,8.999999999999999e-03,9.000035985024598e-03,-3.598502459900565e-08
12900,12,8.000000000000000e-03,7.999968395055651e-03,3.160494434911731e-08
12900,13,-7.000000000000000e-03,-7.000014635466626e-03,1.463546662593823e-08
12900,14,6.000000000000000e-03,6.000010678438823e-03,-1.067843882242292e-08
12900,15,5.000000000000000e-03,4.999982706001069e-03,1.729399893082850e-08
12900,16,-4.000000000000000e-03,-4.000015424932522e-03,1.542493252223998e-08
12900,17,3.500000000000000e-03,3.500034654108389e-03,-3.465410838843219e-08
12900,18,3.000000000000000e-03,2.999993712724653e-03,6.287275347051369e-09
12900,19,-2.500000000000000e-03,-2.500040397986374e-03,4.039798637365394e-08
12900,20,2.000000000000000e-03,2.000018317224590e-03,-1.831722458954521e-08
12900,21,1.800000000000000e-03,1.799953748286191e-03,4.625171380915824e-08
12900,22,-1.500000000000000e-03,-1.499988866539218e-03,-1.113346078242088e-08
12900,23,1.200000000000000e-03,1.199971433386067e-03,2.856661393264674e-08
12900,24,1.000000000000000e-03,9.999979501324381e-04,2.049867561934246e-09
12900,25,-8.000000000000000e-04,-7.999971632574895e-04,-2.836742510488842e-09
12900,26,5.999999999999999e-04,5.999843293349099e-04,1.567066508999758e-08
12900,27,5.000000000000000e-04,4.999987453073742e-04,1.254692625837772e-09
12900,28,-4.000000000000000e-04,-3.999934598688043e-04,-6.540131195669537e-09
12900,29,3.000000000000000e-04,3.000173200490674e-04,-1.732004906743146e-08
13000,0,1.200000000000000e-01,1.199998337870028e-01,1.662129971991000e-07
13000,1,-8.000000000000000e-02,-7.999986975597234e-02,-1.302440276601535e-07
13000,2,5.500000000000000e-02,5.499992609306718e-02,7.390693282371963e-08
13000,3,4.000000000000000e-02,3.999993766801722e-02,6.233198277666441e-08
13000,4,-3.000000000000000e-02,-2.999997769246963e-02,-2.230753037152367e-08
13000,5,2.500000000000000e-02,2.500002263908712e-02,-2.263908711538920e-08
13000,6,2.000000000000000e-02,1.999992881881320e-02,7.118118679899643e-08
13000,7,-1.800000000000000e-02,-1.799994947236315e-02,-5.052763684884609e-08
13000,8,1.500000000000000e-02,1.499998249226678e-02,1.750773322151122e-08
13000,9,1.200000000000000e-02,1.199999465565498e-02,5.344345016880525e-09
13000,10,-1.000000000000000e-02,-1.000000811636149e-02,8.116361490881352e-09
13000,11,8.999999999999999e-03,9.000035529339073e-03,-3.552933907323419e-08
13000,12,8.000000000000000e-03,7.999967411353533e-03,3.258864646714377e-08
13000,13,-7.000000000000000e-03,-7.000014653705684e-03,1.465370568377172e-08
13000,14,6.000000000000000e-03,6.000010867700802e-03,-1.086770080177546e-08
13000,15,5.000000000000000e-03,4.999982524395789e-03,1.747560421112154e-08
13000,16,-4.000000000000000e-03,-4.000014721854555e-03,1.472185455486663e-08
13000,17,3.500000000000000e-03,3.500034363431844e-03,-3.436343184439958e-08
13000,18,3.000000000000000e-03,2.999992556009297e-03,7.443990702928754e-09
13000,19,-2.500000000000000e-03,-2.500035042611233e-03,3.504261123334421e-08
13000,20,2.000000000000000e-03,2.000016126486223e-03,-1.612648622322313e-08
13000,21,1.800000000000000e-03,1.799956306169158e-03,4.369383084187363e-08
13000,22,-1.500000000000000e-03,-1.499986740569488e-03,-1.325943051232528e-08
13000,23,1.200000000000000e-03,1.199972718555298e-03,2.728144470184532e-08
13000,24,1.000000000000000e-03,9.999958139854097e-04,4.186014590295759e-09
13000,25,-8.000000000000000e-04,-7.999943818675813e-04,-5.618132418701641e-09
13000,26,5.999999999999999e-04,5.999840611475830e-04,1.593885241694439e-08
13000,27,5.000000000000000e-04,4.999957334322484e-04,4.266567751659220e-09
13000,28,-4.000000000000000e-04,-3.999883363759129e-04,-1.166362408711692e-08
13000,29,3.000000000000000e-04,3.000156155211711e-04,-1.561552117110678e-08
13100,0,1.200000000000000e-01,1.199998486567394e-01,1.513432605904086e-07
13100,1,-8.000000000000000e-02,-7.999988186673883e-02,-1.181332611732699e-07
13100,2,5.500000000000000e-02,5.499993181949456e-02,6.818050543588861e-08
13100,3,4.000000000000000e-02,3.999994431155850e-02,5.568844149705932e-08
13100,4,-3.000000000000000e-02,-2.999998230690558e-02,-1.769309442012368e-08
13100,5,2.500000000000000e-02,2.500002477427077e-02,-2.477427077027250e-08
13100,6,2.000000000000000e-02,1.999993532629429e-02,6.467370570681363e-08
13100,7,-1.800000000000000e-02,-1.799995486718753e-02,-4.513281247342515e-08
13100,8,1.500000000000000e-02,1.499998640460156e-02,1.359539843551194e-08
13100,9,1.200000000000000e-02,1.199999198467559e-02,8.015324407667501e-09
13100,10,-1.000000000000000e-02,-1.000000491722751e-02,4.917227514056322e-09
13100,11,8.999999999999999e-03,9.000033159091309e-03,-3.315909130954808e-08
13100,12,8.000000000000000e-03,7.999965310601140e-03,3.468939886036582e-08
13100,13,-7.000000000000000e-03,-7.000009016816245e-03,9.016816245044357e-09
13100,14,6.000000000000000e-03,6.000010200018476e-03,-1.020001847568119e-08
13100,15,5.000000000000000e-03,4.999981089180918e-03,1.891081908168141e-08
13100,16,-4.000000000000000e-03,-4.000009539823595e-03,9.539823595146324e-09
13100,17,3.500000000000000e-03,3.500031620537867e-03,-3.162053786691377e-08
13100,18,3.000000000000000e-03,2.999992009183362e-03,7.990816637722109e-09
13100,19,-2.500000000000000e-03,-2.500032183019993e-03,3.218301999332804e-08
13100,20,2.000000000000000e-03,2.000019243159690e-03,-1.924315969027354e-08
13100,21,1.800000000000000e-03,1.799960382530421e-03,3.961746957901156e-08
13100,22,-1.500000000000000e-03,-1.499990751226274e-03,-9.248773725828094e-09
13100,23,1.200000000000000e-03,1.199977215242625e-03,2.278475737509805e-08
13100,24,1.000000000000000e-03,9.999951724841715e-04,4.827515828493417e-09
13100,25,-8.000000000000000e-04,-7.999967959386076e-04,-3.204061392396949e-09
13100,26,5.999999999999999e-04,5.999855004405655e-04,1.449955943440447e-08
13100,27,5.000000000000000e-04,4.999960088666372e-04,3.991133362820851e-09
13100,28,-4.000000000000000e-04,-3.999890528210243e-04,-1.094717897576333e-08
13100,29,3.000000000000000e-04,3.000134522762274e-04,-1.345227622741654e-08
13200,0,1.200000000000000e-01,1.199998623824942e-01,1.376175058076523e-07
13200,1,-8.000000000000000e-02,-7.999989335655514e-02,-1.066434448665499e-07
13200,2,5.500000000000000e-02,5.499993912050500e-02,6.087949500077627e-08
13200,3,4.000000000000000e-02,3.999994883340282e-02,5.116659718140681e-08
13200,4,-3.000000000000000e-02,-2.999998446221233e-02,-1.553778766760772e-08
13200,5,2.500000000000000e-02,2.500002167617228e-02,-2.167617228071572e-08
13200,6,2.000000000000000e-02,1.999993978264531e-02,6.021735468944578e-08
13200,7,-1.800000000000000e-02,-1.799995566827331e-02,-4.433172668544261e-08
13200,8,1.500000000000000e-02,1.499998612462069e-02,1.387537931080152e-08
13200,9,1.200000000000000e-02,1.199999175261938e-02,8.247380618719991e-09
13200,10,-1.000000000000000e-02,-1.000000430166845e-02,4.301668445061413e-09
13200,11,8.999999999999999e-03,9.000030074255138e-03,-3.007425513831818e-08
13200,12,8.000000000000000e-03,7.999969388598668e-03,3.061140133216178e-08
13200,13,-7.000000000000000e-03,-7.000010049306607e-03,1.004930660734871e-08
13200,14,6.000000000000000e-03,6.000011470494335e-03,-1.147049433474628e-08
13200,15,5.000000000000000e-03,4.999982771450763e-03,1.722854923742051e-08
13200,16,-4.000000000000000e-03,-4.000010945601202e-03,1.094560120144805e-08
13200,17,3.500000000000000e-03,3.500031080984495e-03,-3.108098449488075e-08
13200,18,3.000000000000000e-03,2.999990530679566e-03,9.469320434545014e-09
13200,19,-2.500000000000000e-03,-2.500030341046217e-03,3.034104621713052e-08
13200,20,2.000000000000000e-03,2.000018846825997e-03,-1.884682599741228e-08
13200,21,1.800000000000000e-03,1.799960940035447e-03,3.905996455270955e-08
13200,22,-1.500000000000000e-03,-1.499992431470677e-03,-7.568529323013704e-09
13200,23,1.200000000000000e-03,1.199981870531349e-03,1.812946865071066e-08
13200,24,1.000000000000000e-03,9.999951911292715e-04,4.808870728489553e-09
13200,25,-8.000000000000000e-04,-8.000002273768190e-04,2.273768189790110e-10
13200,26,5.999999999999999e-04,5.999901349727904e-04,9.865027209509346e-09
13200,27,5.000000000000000e-04,4.999969725475094e-04,3.027452490631834e-09
13200,28,-4.000000000000000e-04,-3.999909375122125e-04,-9.062487787547119e-09
13200,29,3.000000000000000e-04,3.000130691632300e-04,-1.306916322998128e-08
13300,0,1.200000000000000e-01,1.199998764079807e-01,1.235920193409790e-07
13300,1,-8.000000000000000e-02,-7.999990934382449e-02,-9.065617551096139e-08
13300,2,5.500000000000000e-02,5.499994575920105e-02,5.424079894955636e-08
13300,3,4.000000000000000e-02,3.999995597885991e-02,4.402114008733582e-08
13300,4,-3.000000000000000e-02,-2.999998712843463e-02,-1.287156536911027e-08
13300,5,2.500000000000000e-02,2.500001641371969e-02,-1.641371968896799e-08
13300,6,2.000000000000000e-02,1.999994882385545e-02,5.117614455124597e-08
13300,7,-1.800000000000000e-02,-1.799995937112765e-02,-4.062887234979051e-08
13300,8,1.500000000000000e-02,1.499998590377912e-02,1.409622087632234e-08
13300,9,1.200000000000000e-02,1.199999431409962e-02,5.685900375529407e-09
13300,10,-1.000000000000000e-02,-1.000000350790129e-02,3.507901288890558e-09
13300,11,8.999999999999999e-03,9.000025911545315e-03,-2.591154531564333e-08
13300,12,8.000000000000000e-03,7.999974838092248e-03,2.516190775181393e-08
13300,13,-7.000000000000000e-03,-7.000009407030637e-03,9.407030637093028e-09
13300,14,6.000000000000000e-03,6.000009640952778e-03,-9.640952778298961e-09
13300,15,5.000000000000000e-03,4.999982995164695e-03,1.700483530462510e-08
13300,16,-4.000000000000000e-03,-4.000006444937347e-03,6.444937346826440e-09
13300,17,3.500000000000000e-03,3.500025862356274e-03,-2.586235627391464e-08
13300,18,3.000000000000000e-03,2.999990321506949e-03,9.678493051272496e-09
13300,19,-2.500000000000000e-03,-2.500024164340996e-03,2.416434099561729e-08
13300,20,2.000000000000000e-03,2.000012347625288e-03,-1.234762528811925e-08
13300,21,1.800000000000000e-03,1.799965780357112e-03,3.421964288774677e-08
13300,22,-1.500000000000000e-03,-1.499993051869947e-03,-6.948130053295934e-09
13300,23,1.200000000000000e-03,1.199982424847509e-03,1.757515249089722e-08
13300,24,1.000000000000000e-03,9.999947837066266e-04,5.216293373373065e-09
13300,25,-8.000000000000000e-04,-8.000000373219258e-04,3.732192571485882e-11
13300,26,5.999999999999999e-04,5.999901775807082e-04,9.822419291772785e-09
13300,27,5.000000000000000e-04,4.999992616981559e-04,7.383018441400879e-10
13300,28,-4.000000000000000e-04,-3.999923319302250e-04,-7.668069775066538e-09
13300,29,3.000000000000000e-04,3.000084884828251e-04,-8.488482825116331e-09
13400,0,1.200000000000000e-01,1.199998883205293e-01,1.116794707406443e-07
13400,1,-8.000000000000000e-02,-7.999991785055584e-02,-8.214944416384817e-08
13400,2,5.500000000000000e-02,5.499995286285061e-02,4.713714939208469e-08
13400,3,4.000000000000000e-02,3.999995729327572e-02,4.270672428197120e-08
13400,4,-3.000000000000000e-02,-2.999998642728459e-02,-1.357271540644578e-08
13400,5,2.500000000000000e-02,2.500001447857424e-02,-1.447857423883536e-08
13400,6,2.000000000000000e-02,1.999995142400345e-02,4.857599655155864e-08
13400,7,-1.800000000000000e-02,-1.799996240244081e-02,-3.759755918750218e-08
13400,8,1.500000000000000e-02,1.499998655770170e-02,1.344229830051169e-08
13400,9,1.200000000000000e-02,1.199999221226805e-02,7.787731945430032e-09
13400,10,-1.000000000000000e-02,-1.000000332463415e-02,3.324634146109617e-09
13400,11,8.999999999999999e-03,9.000024295568360e-03,-2.429556836096303e-08
13400,12,8.000000000000000e-03,7.999973742645968e-03,2.625735403237461e-08
13400,13,-7.000000000000000e-03,-7.000009540796767e-03,9.540796767210091e-09
13400,14,6.000000000000000e-03,6.000008428390651e-03,-8.428390651203654e-09
13400,15,5.000000000000000e-03,4.999982684398773e-03,1.731560122716913e-08
13400,16,-4.000000000000000e-03,-4.000005007813014e-03,5.007813014094864e-09
13400,17,3.500000000000000e-03,3.500023166219049e-03,-2.316621904854474e-08
13400,18,3.000000000000000e-03,2.999990562215124e-03,9.437784876092231e-09
13400,19,-2.500000000000000e-03,-2.500021154622784e-03,2.115462278354935e-08
13400,20,2.000000000000000e-03,2.000010441908224e-03,-1.044190822436369e-08
13400,21,1.800000000000000e-03,1.799969402128576e-03,3.059787142363143e-08
13400,22,-1.500000000000000e-03,-1.499994366728782e-03,-5.633271217553304e-09
13400,23,1.200000000000000e-03,1.199987175894610e-03,1.282410538958750e-08
13400,24,1.000000000000000e-03,9.999930124428107e-04,6.987557189331098e-09
13400,25,-8.000000000000000e-04,-7.999996451442484e-04,-3.548557516623932e-10
13400,26,5.999999999999999e-04,5.999929957926092e-04,7.004207390731015e-09
13400,27,5.000000000000000e-04,4.999973672848353e-04,2.632715164689430e-09
13400,28,-4.000000000000000e-04,-3.999923211091919e-04,-7.678890808155217e-09
13400,29,3.000000000000000e-04,3.000076532347701e-04,-7.653234770097286e-09
13500,0,1.200000000000000e-01,1.199998962522258e-01,1.037477742049653e-07
13500,1,-8.000000000000000e-02,-7.999992368968080e-02,-7.631031920252163e-08
13500,2,5.500000000000000e-02,5.499995583884329e-02,4.416115671063148e-08
13500,3,4.000000000000000e-02,3.999996188401581e-02,3.811598418834716e-08
13500,4,-3.000000000000000e-02,-2.999998787255439e-02,-1.212744561024381e-08
13500,5,2.500000000000000e-02,2.500001364997036e-02,-1.364997035888105e-08
13500,6,2.000000000000000e-02,1.999995479685595e-02,4.520314405079273e-08
13500,7,-1.800000000000000e-02,-1.799996460815503e-02,-3.539184496512138e-08
13500,8,1.500000000000000e-02,1.499998688605340e-02,1.311394660051535e-08
13500,9,1.200000000000000e-02,1.199999452474092e-02,5.475259077722394e-09
13500,10,-1.000000000000000e-02,-1.000000278034639e-02,2.780346394087863e-09
13500,11,8.999999999999999e-03,9.000023543841128e-03,-2.354384112841779e-08
13500,12,8.000000000000000e-03,7.999976379080865e-03,2.362091913558906e-08
13500,13,-7.000000000000000e-03,-7.000007942394770e-03,7.942394769644423e-09
13500,14,6.000000000000000e-03,6.000008447320489e-03,-8.447320488935706e-09
13500,15,5.000000000000000e-03,4.999984213175839e-03,1.578682416129157e-08
13500,16,-4.000000000000000e-03,-4.000004044789617e-03,4.044789616956812e-09
13500,17,3.500000000000000e-03,3.500021592603506e-03,-2.159260350555192e-08
13500,18,3.000000000000000e-03,2.999989114658714e-03,1.088534128590099e-08
13500,19,-2.500000000000000e-03,-2.500019125313274e-03,1.912531327362063e-08
13500,20,2.000000000000000e-03,2.000011381088151e-03,-1.138108815133473e-08
13500,21,1.800000000000000e-03,1.799969535663125e-03,3.046433687476161e-08
13500,22,-1.500000000000000e-03,-1.499994997536874e-03,-5.002463126027590e-09
13500,23,1.200000000000000e-03,1.199988741115854e-03,1.125888414617304e-08
13500,24,1.000000000000000e-03,9.999950211423952e-04,4.978857604844011e-09
13500,25,-8.000000000000000e-04,-8.000017644798456e-04,1.764479845545695e-09
13500,26,5.999999999999999e-04,5.999955549516430e-04,4.445048356954348e-09
13500,27,5.000000000000000e-04,4.999975002075365e-04,2.499792463523179e-09
13500,28,-4.000000000000000e-04,-3.999934183475118e-04,-6.581652488204387e-09
13500,29,3.000000000000000e-04,3.000059032448958e-04,-5.903244895786187e-09
13600,0,1.200000000000000e-01,1.199999064665403e-01,9.353345971352400e-08
13600,1,-8.000000000000000e-02,-7.999992913306105e-02,-7.086693895597129e-08
13600,2,5.500000000000000e-02,5.499995960803102e-02,4.039196897787090e-08
13600,3,4.000000000000000e-02,3.999996637029798e-02,3.362970201620241e-08
13600,4,-3.000000000000000e-02,-2.999998890121738e-02,-1.109878262212094e-08
13600,5,2.500000000000000e-02,2.500001357685970e-02,-1.357685970246325e-08
13600,6,2.000000000000000e-02,1.999995730592650e-02,4.269407349877241e-08
13600,7,-1.800000000000000e-02,-1.799996823714887e-02,-3.176285113051791e-08
13600,8,1.500000000000000e-02,1.499998744601980e-02,1.255398020434673e-08
13600,9,1.200000000000000e-02,1.199999426871563e-02,5.731284374171919e-09
13600,10,-1.000000000000000e-02,-1.000000406116074e-02,4.061160742765968e-09
13600,11,8.999999999999999e-03,9.000020063072397e-03,-2.006307239788008e-08
13600,12,8.000000000000000e-03,7.999978088696402e-03,2.191130359791016e-08
13600,13,-7.000000000000000e-03,-7.000008368595201e-03,8.368595200494711e-09
13600,14,6.000000000000000e-03,6.000006747666570e-03,-6.747666569592581e-09
13600,15,5.000000000000000e-03,4.999984651885009e-03,1.534811499073752e-08
13600,16,-4.000000000000000e-03,-4.000003813764931e-03,3.813764930596375e-09
13600,17,3.500000000000000e-03,3.500018520711006e-03,-1.852071100606409e-08
13600,18,3.000000000000000e-03,2.999992632196822e-03,7.367803177889959e-09
13600,19,-2.500000000000000e-03,-2.500018729451587e-03,1.872945158687411e-08
13600,20,2.000000000000000e-03,2.000011046437895e-03,-1.104643789504381e-08
13600,21,1.800000000000000e-03,1.799974406123481e-03,2.559387651855996e-08
13600,22,-1.500000000000000e-03,-1.499993471231402e-03,-6.528768598445742e-09
13600,23,1.200000000000000e-03,1.199988745370038e-03,1.125462996149490e-08
13600,24,1.000000000000000e-03,9.999973641766119e-04,2.635823388111996e-09
13600,25,-8.000000000000000e-04,-8.000026010854467e-04,2.601085446638993e-09
13600,26,5.999999999999999e-04,5.999958663536507e-04,4.133646349258752e-09
13600,27,5.000000000000000e-04,4.999975698164386e-04,2.430183561438932e-09
13600,28,-4.000000000000000e-04,-3.999938197362165e-04,-6.180263783486968e-09
13600,29,3.000000000000000e-04,3.000033551292450e-04,-3.355129245014455e-09
13700,0,1.200000000000000e-01,1.199999138185204e-01,8.618147960548495e-08
13700,1,-8.000000000000000e-02,-7.999993599499708e-02,-6.400500292269573e-08
13700,2,5.500000000000000e-02,5.499996202528045e-02,3.797471954947174e-08
13700,3,4.000000000000000e-02,3.999996951171581e-02,3.048828418894534e-08
13700,4,-3.000000000000000e-02,-2.999999023779521e-02,-9.762204787600037e-09
13700,5,2.500000000000000e-02,2.500001310874493e-02,-1.310874492982395e-08
13700,6,2.000000000000000e-02,1.999995894355397e-02,4.105644602764302e-08
13700,7,-1.800000000000000e-02,-1.799997108214506e-02,-2.891785493702725e-08
13700,8,1.500000000000000e-02,1.499998973465519e-02,1.026534480856600e-08
13700,9,1.200000000000000e-02,1.199999253354677e-02,7.466453231727566e-09
13700,10,-1.000000000000000e-02,-1.000000357036437e-02,3.570364368737922e-09
13700,11,8.999999999999999e-03,9.000019307428239e-03,-1.930742823952336e-08
13700,12,8.000000000000000e-03,7.999977725156661e-03,2.227484333962304e-08
13700,13,-7.000000000000000e-03,-7.000008079357834e-03,8.079357833798428e-09
13700,14,6.000000000000000e-03,6.000007079342052e-03,-7.079342051810600e-09
13700,15,5.000000000000000e-03,4.999984550065516e-03,1.544993448454601e-08
13700,16,-4.000000000000000e-03,-4.000003248743869e-03,3.248743869407877e-09
13700,17,3.500000000000000e-03,3.500017285495126e-03,-1.728549512552968e-08
13700,18,3.000000000000000e-03,2.999992903160448e-03,7.096839552220985e-09
13700,19,-2.500000000000000e-03,-2.500016919367950e-03,1.691936795007731e-08
13700,20,2.000000000000000e-03,2.000009652321416e-03,-9.652321415667270e-09
13700,21,1.800000000000000e-03,1.799976420025526e-03,2.357997447408229e-08
13700,22,-1.500000000000000e-03,-1.499995706360792e-03,-4.293639207630234e-09
13700,23,1.200000000000000e-03,1.199991073314246e-03,8.926685753432584e-09
13700,24,1.000000000000000e-03,9.999966430937067e-04,3.356906293303791e-09
13700,25,-8.000000000000000e-04,-8.000026916387697e-04,2.691638769617040e-09
13700,26,5.999999999999999e-04,5.999968269118256e-04,3.173088174374464e-09
13700,27,5.000000000000000e-04,4.999970314100378e-04,2.968589962173626e-09
13700,28,-4.000000000000000e-04,-3.999931459891300e-04,-6.854010869983013e-09
13700,29,3.000000000000000e-04,3.000037102592587e-04,-3.710259258681015e-09
13800,0,1.200000000000000e-01,1.199999212124349e-01,7.878756513868268e-08
13800,1,-8.000000000000000e-02,-7.999994132309704e-02,-5.867690296146311e-08
13800,2,5.500000000000000e-02,5.499996647057128e-02,3.352942871959197e-08
13800,3,4.000000000000000e-02,3.999997113839950e-02,2.886160049841990e-08
13800,4,-3.000000000000000e-02,-2.999998953546691e-02,-1.046453308728434e-08
13800,5,2.500000000000000e-02,2.500001076868430e-02,-1.076868429844557e-08
13800,6,2.000000000000000e-02,1.999996137086055e-02,3.862913944621682e-08
13800,7,-1.800000000000000e-02,-1.799997353387922e-02,-2.646612078105459e-08
13800,8,1.500000000000000e-02,1.499999053143681e-02,9.468563185247025e-09
13800,9,1.200000000000000e-02,1.199999229501004e-02,7.704989958556840e-09
13800,10,-1.000000000000000e-02,-1.000000225405481e-02,2.254054810857387e-09
13800,11,8.999999999999999e-03,9.000018489243769e-03,-1.848924376969541e-08
13800,12,8.000000000000000e-03,7.999979152654751e-03,2.084734524940290e-08
13800,13,-7.000000000000000e-03,-7.000006866633843e-03,6.866633843125025e-09
13800,14,6.000000000000000e-03,6.000006836479678e-03,-6.836479678369589e-09
13800,15,5.000000000000000e-03,4.999986013795027e-03,1.398620497281705e-08
13800,16,-4.000000000000000e-03,-4.000003051545190e-03,3.051545190146943e-09
13800,17,3.500000000000000e-03,3.500015266225924e-03,-1.526622592359569e-08
13800,18,3.000000000000000e-03,2.999993741975676e-03,6.258024323572975e-09
13800,19,-2.500000000000000e-03,-2.500016014844058e-03,1.601484405809248e-08
13800,20,2.000000000000000e-03,2.000008719960868e-03,-8.719960868392579e-09
13800,21,1.800000000000000e-03,1.799978919508417e-03,2.108049158280542e-08
13800,22,-1.500000000000000e-03,-1.499996726757145e-03,-3.273242855147268e-09
13800,23,1.200000000000000e-03,1.199992479530984e-03,7.520469015543860e-09
13800,24,1.000000000000000e-03,9.999962509288744e-04,3.749071125595804e-09
13800,25,-8.000000000000000e-04,-8.000019271746955e-04,1.927174695433992e-09
13800,26,5.999999999999999e-04,5.999956758049103e-04,4.324195089673577e-09
13800,27,5.000000000000000e-04,4.999969052935202e-04,3.094706479793430e-09
13800,28,-4.000000000000000e-04,-3.999940691350377e-04,-5.930864962284867e-09
13800,29,3.000000000000000e-04,3.000048109247306e-04,-4.810924730640209e-09
13900,0,1.200000000000000e-01,1.199999300688017e-01,6.993119827658489e-08
13900,1,-8.000000000000000e-02,-7.999994755925209e-02,-5.244074791077580e-08
13900,2,5.500000000000000e-02,5.499997078436304e-02,2.921563696522966e-08
13900,3,4.000000000000000e-02,3.999997211161699e-02,2.788838301265306e-08
13900,4,-3.000000000000000e-02,-2.999998845119050e-02,-1.154880949552628e-08
13900,5,2.500000000000000e-02,2.500000818181239e-02,-8.181812383850628e-09
13900,6,2.000000000000000e-02,1.999996665087072e-02,3.334912928101841e-08
13900,7,-1.800000000000000e-02,-1.799997713664165e-02,-2.286335834544850e-08
13900,8,1.500000000000000e-02,1.499999241957361e-02,7.580426387293615e-09
13900,9,1.200000000000000e-02,1.199999347374860e-02,6.526251403876637e-09
13900,10,-1.000000000000000e-02,-1.000000177628700e-02,1.776286999433108e-09
13900,11,8.999999999999999e-03,9.000017173072625e-03,-1.717307262540102e-08
13900,12,8.000000000000000e-03,7.999982375086673e-03,1.762491332740757e-08
13900,13,-7.000000000000000e-03,-7.000006600346708e-03,6.600346707553995e-09
13900,14,6.000000000000000e-03,6.000006724817072e-03,-6.724817072124856e-09
13900,15,5.000000000000000e-03,4.999987467782183e-03,1.253221781731539e-08
13900,16,-4.000000000000000e-03,-4.000004334311446e-03,4.334311446210770e-09
13900,17,3.500000000000000e-03,3.500014689212413e-03,-1.468921241283908e-08
13900,18,3.000000000000000e-03,2.999994139576298e-03,5.860423702309242e-09
13900,19,-2.500000000000000e-03,-2.500015084561411e-03,1.508456141073589e-08
13900,20,2.000000000000000e-03,2.000007868448390e-03,-7.868448389809074e-09
13900,21,1.800000000000000e-03,1.799982094354034e-03,1.790564596549846e-08
13900,22,-1.500000000000000e-03,-1.499998886587967e-03,-1.113412032710537e-09
13900,23,1.200000000000000e-03,1.199994972396904e-03,5.027603095777641e-09
13900,24,1.000000000000000e-03,9.999951067987452e-04,4.893201254775603e-09
13900,25,-8.000000000000000e-04,-8.000012247395742e-04,1.224739574188539e-09
13900,26,5.999999999999999e-04,5.999951237515161e-04,4.876248483882788e-09
13900,27,5.000000000000000e-04,4.999969770722425e-04,3.022927757504595e-09
13900,28,-4.000000000000000e-04,-3.999949203529535e-04,-5.079647046523847e-09
13900,29,3.000000000000000e-04,3.000036913274824e-04,-3.691327482395479e-09
14000,0,1.200000000000000e-01,1.199999372478612e-01,6.275213881856700e-08
14000,1,-8.000000000000000e-02,-7.999995184936431e-02,-4.815063568697209e-08
14000,2,5.500000000000000e-02,5.499997425296302e-02,2.574703698160485e-08
14000,3,4.000000000000000e-02,3.999997580258030e-02,2.419741969988953e-08
14000,4,-3.000000000000000e-02,-2.999999141222464e-02,-8.587775358892547e-09
14000,5,2.500000000000000e-02,2.500000924401728e-02,-9.244017277337813e-09
14000,6,2.000000000000000e-02,1.999996909600024e-02,3.090399975855251e-08
14000,7,-1.800000000000000e-02,-1.799997835950491e-02,-2.164049508687760e-08
14000,8,1.500000000000000e-02,1.499999171536130e-02,8.284638697286795e-09
14000,9,1.200000000000000e-02,1.199999443223224e-02,5.567767762462705e-09
14000,10,-1.000000000000000e-02,-1.000000154733866e-02,1.547338663449027e-09
14000,11,8.999999999999999e-03,9.000015191708564e-03,-1.519170856473240e-08
14000,12,8.000000000000000e-03,7.999983478576276e-03,1.652142372389476e-08
14000,13,-7.000000000000000e-03,-7.000005001092964e-03,5.001092964231069e-09
14000,14,6.000000000000000e-03,6.000004698000454e-03,-4.698000453939866e-09
14000,15,5.000000000000000e-03,4.999988163578149e-03,1.183642185133282e-08
14000,16,-4.000000000000000e-03,-4.000002816618269e-03,2.816618268480786e-09
14000,17,3.500000000000000e-03,3.500013046540534e-03,-1.304654053410972e-08
14000,18,3.000000000000000e-03,2.999994974944386e-03,5.025055613804008e-09
14000,19,-2.500000000000000e-03,-2.500013119521148e-03,1.311952114784951e-08
14000,20,2.000000000000000e-03,2.000008382965989e-03,-8.382965988908142e-09
14000,21,1.800000000000000e-03,1.799983996737956e-03,1.600326204388193e-08
14000,22,-1.500000000000000e-03,-1.499999613186884e-03,-3.868131160430360e-10
14000,23,1.200000000000000e-03,1.199997205322811e-03,2.794677188668396e-09
14000,24,1.000000000000000e-03,9.999954741766787e-04,4.525823321362490e-09
14000,25,-8.000000000000000e-04,-8.000013718403210e-04,1.371840320919630e-09
14000,26,5.999999999999999e-04,5.999967263924125e-04,3.273607587480146e-09
14000,27,5.000000000000000e-04,4.999971378030274e-04,2.862196972594662e-09
14000,28,-4.000000000000000e-04,-3.999953061462028e-04,-4.693853797234793e-09
14000,29,3.000000000000000e-04,3.000033672352930e-04,-3.367235293003611e-09
14100,0,1.200000000000000e-01,1.199999421491733e-01,5.785082671239117e-08
14100,1,-8.000000000000000e-02,-7.999995680448076e-02,-4.319551924480969e-08
14100,2,5.500000000000000e-02,5.499997621375050e-02,2.378624950477581e-08
14100,3,4.000000000000000e-02,3.999997750010807e-02,2.249989192876223e-08
14100,4,-3.000000000000000e-02,-2.999999264530999e-02,-7.354690013255949e-09
14100,5,2.500000000000000e-02,2.500000852083585e-02,-8.520835849401553e-09
14100,6,2.000000000000000e-02,1.999997111864954e-02,2.888135046050233e-08
14100,7,-1.800000000000000e-02,-1.799998058302397e-02,-1.941697602703130e-08
14100,8,1.500000000000000e-02,1.499999366852978e-02,6.331470219639312e-09
14100,9,1.200000000000000e-02,1.199999303093413e-02,6.969065867792890e-09
14100,10,-1.000000000000000e-02,-1.000000071913842e-02,7.191384154836555e-10
14100,11,8.999999999999999e-03,9.000014594530386e-03,-1.459453038629710e-08
14100,12,8.000000000000000e-03,7.999983224791150e-03,1.677520885048911e-08
14100,13,-7.000000000000000e-03,-7.000004413745584e-03,4.413745583430051e-09
14100,14,6.000000000000000e-03,6.000004052171182e-03,-4.052171181934128e-09
14100,15,5.000000000000000e-03,4.999988552388955e-03,1.144761104486525e-08
14100,16,-4.000000000000000e-03,-4.000001005876226e-03,1.005876226062297e-09
14100,17,3.500000000000000e-03,3.500009421108463e-03,-9.421108463237432e-09
14100,18,3.000000000000000e-03,2.999996001708560e-03,3.998291440553831e-09
14100,19,-2.500000000000000e-03,-2.500011084746624e-03,1.108474662362899e-08
14100,20,2.000000000000000e-03,2.000006370993534e-03,-6.370993534381836e-09
14100,21,1.800000000000000e-03,1.799984977643466e-03,1.502235653428642e-08
14100,22,-1.500000000000000e-03,-1.499999377729116e-03,-6.222708839095231e-10
14100,23,1.200000000000000e-03,1.199997179709267e-03,2.820290732940059e-09
14100,24,1.000000000000000e-03,9.999956820789773e-04,4.317921022687146e-09
14100,25,-8.000000000000000e-04,-8.000015645325690e-04,1.564532568928099e-09
14100,26,5.999999999999999e-04,5.999980245638211e-04,1.975436178893765e-09
14100,27,5.000000000000000e-04,4.999970180602233e-04,2.981939776700027e-09
14100,28,-4.000000000000000e-04,-3.999957062044018e-04,-4.293795598209974e-09
14100,29,3.000000000000000e-04,3.000036110109083e-04,-3.611010908311733e-09
14200,0,1.200000000000000e-01,1.199999481416419e-01,5.185835813548145e-08
14200,1,-8.000000000000000e-02,-7.999996190816988e-02,-3.809183012071227e-08
14200,2,5.500000000000000e-02,5.499997894906925e-02,2.105093074855624e-08
14200,3,4.000000000000000e-02,3.999997801076623e-02,2.198923376717232e-08
14200,4,-3.000000000000000e-02,-2.999999240481382e-02,-7.595186174436108e-09
14200,5,2.500000000000000e-02,2.500000728400364e-02,-7.284003639834724e-09
14200,6,2.000000000000000e-02,1.999997347943424e-02,2.652056575735973e-08
14200,7,-1.800000000000000e-02,-1.799998264852117e-02,-1.735147882667154e-08
14200,8,1.500000000000000e-02,1.499999448428949e-02,5.515710511591609e-09
14200,9,1.200000000000000e-02,1.199999264588604e-02,7.354113956692387e-09
14200,10,-1.000000000000000e-02,-1.000000080617317e-02,8.061731716219045e-10
14200,11,8.999999999999999e-03,9.000012867196117e-03,-1.286719611762188e-08
14200,12,8.000000000000000e-03,7.999983523864536e-03,1.647613546464088e-08
14200,13,-7.000000000000000e-03,-7.000004196037701e-03,4.196037701326150e-09
14200,14,6.000000000000000e-03,6.000004476196063e-03,-4.476196063113447e-09
14200,15,5.000000000000000e-03,4.999988943325570e-03,1.105667443018765e-08
14200,16,-4.000000000000000e-03,-4.000001309933283e-03,1.309933282504783e-09
14200,17,3.500000000000000e-03,3.500009169334883e-03,-9.169334882954544e-09
14200,18,3.000000000000000e-03,2.999995681631255e-03,4.318368745492157e-09
14200,19,-2.500000000000000e-03,-2.500009709554028e-03,9.709554027546169e-09
14200,20,2.000000000000000e-03,2.000005947807669e-03,-5.947807668691546e-09
14200,21,1.800000000000000e-03,1.799985930711547e-03,1.406928845280007e-08
14200,22,-1.500000000000000e-03,-1.499999907844258e-03,-9.215574223869760e-11
14200,23,1.200000000000000e-03,1.199997597325497e-03,2.402674503148086e-09
14200,24,1.000000000000000e-03,9.999951219775609e-04,4.878022439105956e-09
14200,25,-8.000000000000000e-04,-8.000008364957786e-04,8.364957785689589e-10
14200,26,5.999999999999999e-04,5.999974945719538e-04,2.505428046127058e-09
14200,27,5.000000000000000e-04,4.999976071458339e-04,2.392854166113206e-09
14200,28,-4.000000000000000e-04,-3.999962347305435e-04,-3.765269456521090e-09
14200,29,3.000000000000000e-04,3.000028843641761e-04,-2.884364176105811e-09
14300,0,1.200000000000000e-01,1.199999535200911e-01,4.647990885231490e-08
14300,1,-8.000000000000000e-02,-7.999996583320035e-02,-3.416679965340119e-08
14300,2,5.500000000000000e-02,5.499998087191083e-02,1.912808917509112e-08
14300,3,4.000000000000000e-02,3.999998004886515e-02,1.995113484837274e-08
14300,4,-3.000000000000000e-02,-2.999999301585812e-02,-6.984141875943095e-09
14300,5,2.500000000000000e-02,2.500000603369864e-02,-6.033698634472229e-09
14300,6,2.000000000000000e-02,1.999997665800677e-02,2.334199323411612e-08
14300,7,-1.800000000000000e-02,-1.799998455444900e-02,-1.544555100138623e-08
14300,8,1.500000000000000e-02,1.499999498989666e-02,5.010103342611982e-09
14300,9,1.200000000000000e-02,1.199999392900329e-02,6.070996705354048e-09
14300,10,-1.000000000000000e-02,-1.000000089331607e-02,8.933160704216458e-10
14300,11,8.999999999999999e-03,9.000011484533853e-03,-1.148453385342585e-08
14300,12,8.000000000000000e-03,7.999986239881629e-03,1.376011837112001e-08
14300,13,-7.000000000000000e-03,-7.000004310778735e-03,4.310778734840925e-09
14300,14,6.000000000000000e-03,6.000002998425426e-03,-2.998425426350981e-09
14300,15,5.000000000000000e-03,4.999991876849243e-03,8.123150757079201e-09
14300,16,-4.000000000000000e-03,-4.000003056049729e-03,3.056049729249777e-09
14300,17,3.500000000000000e-03,3.500008896496378e-03,-8.896496377693713e-09
14300,18,3.000000000000000e-03,2.999996260265284e-03,3.739734716345922e-09
14300,19,-2.500000000000000e-03,-2.500009187506804e-03,9.187506803520068e-09
14300,20,2.000000000000000e-03,2.000003909335477e-03,-3.909335477298576e-09
14300,21,1.800000000000000e-03,1.799988415145063e-03,1.158485493646388e-08
14300,22,-1.500000000000000e-03,-1.500001140836388e-03,1.140836388465599e-09
14300,23,1.200000000000000e-03,1.199997178933541e-03,2.821066458560950e-09
14300,24,1.000000000000000e-03,9.999960959020710e-04,3.904097929056244e-09
14300,25,-8.000000000000000e-04,-8.000009199614078e-04,9.199614077253990e-10
14300,26,5.999999999999999e-04,5.999965185993748e-04,3.481400625139457e-09
14300,27,5.000000000000000e-04,4.999990931153059e-04,9.068846940768482e-10
14300,28,-4.000000000000000e-04,-3.999976106646318e-04,-2.389335368229925e-09
14300,29,3.000000000000000e-04,3.000025254749251e-04,-2.525474925105936e-09
14400,0,1.200000000000000e-01,1.199999582438668e-01,4.175613324552963e-08
14400,1,-8.000000000000000e-02,-7.999996873523510e-02,-3.126476490200591e-08
14400,2,5.500000000000000e-02,5.499998280769455e-02,1.719230545427219e-08
14400,3,4.000000000000000e-02,3.999998192197511e-02,1.807802488956733e-08
14400,4,-3.000000000000000e-02,-2.999999393893294e-02,-6.061067054502489e-09
14400,5,2.500000000000000e-02,2.500000587739337e-02,-5.877393363662442e-09
14400,6,2.000000000000000e-02,1.999997915107858e-02,2.084892141568373e-08
14400,7,-1.800000000000000e-02,-1.799998559049704e-02,-1.440950295542032e-08
14400,8,1.500000000000000e-02,1.499999603866035e-02,3.961339650401796e-09
14400,9,1.200000000000000e-02,1.199999430662223e-02,5.693377770968344e-09
14400,10,-1.000000000000000e-02,-1.000000075053632e-02,7.505363171234070e-10
14400,11,8.999999999999999e-03,9.000011231929764e-03,-1.123192976473786e-08
14400,12,8.000000000000000e-03,7.999987101178184e-03,1.289882181620960e-08
14400,13,-7.000000000000000e-03,-7.000002891512753e-03,2.891512753191994e-09
14400,14,6.000000000000000e-03,6.000003107501868e-03,-3.107501867806450e-09
14400,15,5.000000000000000e-03,4.999992695901167e-03,7.304098833572914e-09
14400,16,-4.000000000000000e-03,-4.000003062079289e-03,3.062079288913833e-09
14400,17,3.500000000000000e-03,3.500008902951812e-03,-8.902951811971122e-09
14400,18,3.000000000000000e-03,2.999996175039562e-03,3.824960438224972e-09
14400,19,-2.500000000000000e-03,-2.500008253700027e-03,8.253700027258115e-09
14400,20,2.000000000000000e-03,2.000004035840346e-03,-4.035840345945063e-09
14400,21,1.800000000000000e-03,1.799989373908572e-03,1.062609142777476e-08
14400,22,-1.500000000000000e-03,-1.500001549057088e-03,1.549057088113745e-09
14400,23,1.200000000000000e-03,1.199998119234192e-03,1.880765807416723e-09
14400,24,1.000000000000000e-03,9.999960843202428e-04,3.915679757217697e-09
14400,25,-8.000000000000000e-04,-8.000009402225071e-04,9.402225070558046e-10
14400,26,5.999999999999999e-04,5.999971004568831e-04,2.899543116892389e-09
14400,27,5.000000000000000e-04,4.999994843772921e-04,5.156227079420456e-10
14400,28,-4.000000000000000e-04,-3.999976068764607e-04,-2.393123539341357e-09
14400,29,3.000000000000000e-04,3.000023031504033e-04,-2.303150403357677e-09
14500,0,1.200000000000000e-01,1.199999619039324e-01,3.809606757831929e-08
14500,1,-8.000000000000000e-02,-7.999997196980670e-02,-2.803019330532841e-08
14500,2,5.500000000000000e-02,5.499998419163020e-02,1.580836980069611e-08
14500,3,4.000000000000000e-02,3.999998345855808e-02,1.654144191759466e-08
14500,4,-3.000000000000000e-02,-2.999999440098038e-02,-5.599019615998291e-09
14500,5,2.500000000000000e-02,2.500000465097629e-02,-4.650976291598052e-09
14500,6,2.000000000000000e-02,1.999998144604920e-02,1.855395079936040e-08
14500,7,-1.800000000000000e-02,-1.799998627576177e-02,-1.372423822504354e-08
14500,8,1.500000000000000e-02,1.499999647829771e-02,3.521702287428985e-09
14500,9,1.200000000000000e-02,1.199999405513063e-02,5.944869369348127e-09
14500,10,-1.000000000000000e-02,-1.000000031162672e-02,3.116267157515784e-10
14500,11,8.999999999999999e-03,9.000010447190414e-03,-1.044719041484732e-08
14500,12,8.000000000000000e-03,7.999987971049918e-03,1.202895008253768e-08
14500,13,-7.000000000000000e-03,-7.000003162742617e-03,3.162742617281167e-09
14500,14,6.000000000000000e-03,6.000003679983355e-03,-3.679983354501482e-09
14500,15,5.000000000000000e-03,4.999993283993383e-03,6.716006617155101e-09
14500,16,-4.000000000000000e-03,-4.000003417256176e-03,3.417256175947125e-09
14500,17,3.500000000000000e-03,3.500009141320960e-03,-9.141320960175808e-09
14500,18,3.000000000000000e-03,2.999997098941192e-03,2.901058808110757e-09
14500,19,-2.500000000000000e-03,-2.500008688104417e-03,8.688104416454401e-09
14500,20,2.000000000000000e-03,2.000004500995949e-03,-4.500995948782810e-09
14500,21,1.800000000000000e-03,1.799990353891041e-03,9.646108958686131e-09
14500,22,-1.500000000000000e-03,-1.500001403143668e-03,1.403143667661616e-09
14500,23,1.200000000000000e-03,1.199997200507569e-03,2.799492431274087e-09
14500,24,1.000000000000000e-03,9.999974037523311e-04,2.596247668891147e-09
14500,25,-8.000000000000000e-04,-8.000014539953574e-04,1.453995357382672e-09
14500,26,5.999999999999999e-04,5.999972891705139e-04,2.710829486015850e-09
14500,27,5.000000000000000e-04,4.999994597597707e-04,5.402402292881137e-10
14500,28,-4.000000000000000e-04,-3.999974583906906e-04,-2.541609309407618e-09
14500,29,3.000000000000000e-04,3.000017656841554e-04,-1.765684155472218e-09
14600,0,1.200000000000000e-01,1.199999655730630e-01,3.442693703725741e-08
14600,1,-8.000000000000000e-02,-7.999997483840500e-02,-2.516159500198789e-08
14600,2,5.500000000000000e-02,5.499998530601071e-02,1.469398928921617e-08
14600,3,4.000000000000000e-02,3.999998448735652e-02,1.551264348226278e-08
14600,4,-3.000000000000000e-02,-2.999999480677647e-02,-5.193223528293656e-09
14600,5,2.500000000000000e-02,2.500000355320732e-02,-3.553207318651719e-09
14600,6,2.000000000000000e-02,1.999998343863434e-02,1.656136566080546e-08
14600,7,-1.800000000000000e-02,-1.799998770750864e-02,-1.229249135814570e-08
14600,8,1.500000000000000e-02,1.499999651104230e-02,3.488957699138151e-09
14600,9,1.200000000000000e-02,1.199999481264691e-02,5.187353087007796e-09
14600,10,-1.000000000000000e-02,-1.000000121528853e-02,1.215288534736625e-09
14600,11,8.999999999999999e-03,9.000009458678267e-03,-9.458678267709741e-09
14600,12,8.000000000000000e-03,7.999989228577366e-03,1.077142263404551e-08
14600,13,-7.000000000000000e-03,-7.000003422684072e-03,3.422684071927029e-09
14600,14,6.000000000000000e-03,6.000003204134864e-03,-3.204134863682429e-09
14600,15,5.000000000000000e-03,4.999994477880723e-03,5.522119277470705e-09
14600,16,-4.000000000000000e-03,-4.000004230300423e-03,4.230300423326006e-09
14600,17,3.500000000000000e-03,3.500008458285509e-03,-8.458285508626540e-09
14600,18,3.000000000000000e-03,2.999997376112160e-03,2.623887840509653e-09
14600,19,-2.500000000000000e-03,-2.500007889914243e-03,7.889914242775742e-09
14600,20,2.000000000000000e-03,2.000003426571192e-03,-3.426571191719741e-09
14600,21,1.800000000000000e-03,1.799991756913323e-03,8.243086676781863e-09
14600,22,-1.500000000000000e-03,-1.500001545008575e-03,1.545008575286680e-09
14600,23,1.200000000000000e-03,1.199996841190537e-03,3.158809462914733e-09
14600,24,1.000000000000000e-03,9.999978879565200e-04,2.112043479994205e-09
14600,25,-8.000000000000000e-04,-8.000016301793506e-04,1.630179350558571e-09
14600,26,5.999999999999999e-04,5.999967706269452e-04,3.229373054776732e-09
14600,27,5.000000000000000e-04,5.000005778238469e-04,-5.778238469297814e-10
14600,28,-4.000000000000000e-04,-3.999982728693112e-04,-1.727130688846442e-09
14600,29,3.000000000000000e-04,3.000012196320447e-04,-1.219632044717565e-09
14700,0,1.200000000000000e-01,1.199999680969535e-01,3.190304653788445e-08
14700,1,-8.000000000000000e-02,-7.999997712316433e-02,-2.287683567581134e-08
14700,2,5.500000000000000e-02,5.499998670365124e-02,1.329634876506836e-08
14700,3,4.000000000000000e-02,3.999998596881535e-02,1.403118465165276e-08
14700,4,-3.000000000000000e-02,-2.999999594467144e-02,-4.055328555602200e-09
14700,5,2.500000000000000e-02,2.500000346342206e-02,-3.463422059563070e-09
14700,6,2.000000000000000e-02,1.999998486673125e-02,1.513326874924559e-08
14700,7,-1.800000000000000e-02,-1.799998911696651e-02,-1.088303348828479e-08
14700,8,1.500000000000000e-02,1.499999711694868e-02,2.883051318514074e-09
14700,9,1.200000000000000e-02,1.199999497853519e-02,5.021464811669207e-09
14700,10,-1.000000000000000e-02,-1.000000101661645e-02,1.016616450744134e-09
14700,11,8.999999999999999e-03,9.000009003367320e-03,-9.003367320778444e-09
14700,12,8.000000000000000e-03,7.999989663670775e-03,1.033632922482763e-08
14700,13,-7.000000000000000e-03,-7.000002580704870e-03,2.580704870289163e-09
14700,14,6.000000000000000e-03,6.000003009423502e-03,-3.009423502065012e-09
14700,15,5.000000000000000e-03,4.999994242310886e-03,5.757689114545272e-09
14700,16,-4.000000000000000e-03,-4.000003380505664e-03,3.380505663591604e-09
14700,17,3.500000000000000e-03,3.500008059532920e-03,-8.059532919518775e-09
14700,18,3.000000000000000e-03,2.999996577165728e-03,3.422834272525516e-09
14700,19,-2.500000000000000e-03,-2.500006460477345e-03,6.460477344934212e-09
14700,20,2.000000000000000e-03,2.000003067216982e-03,-3.067216981702398e-09
14700,21,1.800000000000000e-03,1.799991415733808e-03,8.584266192194004e-09
14700,22,-1.500000000000000e-03,-1.500000983880230e-03,9.838802296751464e-10
14700,23,1.200000000000000e-03,1.199997499652502e-03,2.500347497840297e-09
14700,24,1.000000000000000e-03,9.999971289264464e-04,2.871073553597017e-09
14700,25,-8.000000000000000e-04,-8.000013574399368e-04,1.357439936714236e-09
14700,26,5.999999999999999e-04,5.999972704252227e-04,2.729574777250894e-09
14700,27,5.000000000000000e-04,5.000006566898025e-04,-6.566898024711401e-10
14700,28,-4.000000000000000e-04,-3.999991780521126e-04,-8.219478874653754e-10
14700,29,3.000000000000000e-04,3.000015974449704e-04,-1.597444970410661e-09
14800,0,1.200000000000000e-01,1.199999703522724e-01,2.964772755076339e-08
14800,1,-8.000000000000000e-02,-7.999997907991321e-02,-2.092008678789004e-08
14800,2,5.500000000000000e-02,5.499998750053953e-02,1.249946046666395e-08
14800,3,4.000000000000000e-02,3.999998728138722e-02,1.271861278101527e-08
14800,4,-3.000000000000000e-02,-2.999999620855465e-02,-3.791445348649836e-09
14800,5,2.500000000000000e-02,2.500000293602627e-02,-2.936026272798431e-09
14800,6,2.000000000000000e-02,1.999998601768462e-02,1.398231538538020e-08
14800,7,-1.800000000000000e-02,-1.799998960068388e-02,-1.039931611657163e-08
14800,8,1.500000000000000e-02,1.499999715442249e-02,2.845577504531627e-09
14800,9,1.200000000000000e-02,1.199999536208014e-02,4.637919855457473e-09
14800,10,-1.000000000000000e-02,-1.000000093037341e-02,9.303734067878100e-10
14800,11,8.999999999999999e-03,9.000008497897507e-03,-8.497897507203644e-09
14800,12,8.000000000000000e-03,7.999990069201048e-03,9.930798952270670e-09
14800,13,-7.000000000000000e-03,-7.000002631190508e-03,2.631190507661196e-09
14800,14,6.000000000000000e-03,6.000003038246174e-03,-3.038246173744930e-09
14800,15,5.000000000000000e-03,4.999994664521076e-03,5.335478924124726e-09
14800,16,-4.000000000000000e-03,-4.000003422425652e-03,3.422425651905536e-09
14800,17,3.500000000000000e-03,3.500007584487529e-03,-7.584487528907585e-09
14800,18,3.000000000000000e-03,2.999996642170621e-03,3.357829378696636e-09
14800,19,-2.500000000000000e-03,-2.500006057214676e-03,6.057214675583150e-09
14800,20,2.000000000000000e-03,2.000002702260218e-03,-2.702260218107738e-09
14800,21,1.800000000000000e-03,1.799991631866362e-03,8.368133638065808e-09
14800,22,-1.500000000000000e-03,-1.500000864160830e-03,8.641608303504994e-10
14800,23,1.200000000000000e-03,1.199998032940037e-03,1.967059962398182e-09
14800,24,1.000000000000000e-03,9.999966280561075e-04,3.371943892507834e-09
14800,25,-8.000000000000000e-04,-8.000012431586265e-04,1.243158626496217e-09
14800,26,5.999999999999999e-04,5.999978836086952e-04,2.116391304720321e-09
14800,27,5.000000000000000e-04,5.000001145498920e-04,-1.145498920327934e-10
14800,28,-4.000000000000000e-04,-3.999993781231152e-04,-6.218768847858318e-10
14800,29,3.000000000000000e-04,3.000018854866631e-04,-1.885486663121775e-09
14900,0,1.200000000000000e-01,1.199999734758538e-01,2.652414615722520e-08
14900,1,-8.000000000000000e-02,-7.999998049848864e-02,-1.950151136409506e-08
14900,2,5.500000000000000e-02,5.499998799823422e-02,1.200176578258771e-08
14900,3,4.000000000000000e-02,3.999998960747501e-02,1.039252499335230e-08
14900,4,-3.000000000000000e-02,-2.999999695055209e-02,-3.049447909464487e-09
14900,5,2.500000000000000e-02,2.500000261230399e-02,-2.612303991178511e-09
14900,6,2.000000000000000e-02,1.999998777922034e-02,1.222077966253621e-08
14900,7,-1.800000000000000e-02,-1.799999072006208e-02,-9.279937922268555e-09
14900,8,1.500000000000000e-02,1.499999688164556e-02,3.118354439252125e-09
14900,9,1.200000000000000e-02,1.199999672604719e-02,3.273952808510727e-09
14900,10,-1.000000000000000e-02,-1.000000189211352e-02,1.892113519683103e-09
14900,11,8.999999999999999e-03,9.000007847666271e-03,-7.847666272028930e-09
14900,12,8.000000000000000e-03,7.999991590271430e-03,8.409728569774844e-09
14900,13,-7.000000000000000e-03,-7.000003556383953e-03,3.556383952954545e-09
14900,14,6.000000000000000e-03,6.000002415324458e-03,-2.415324457799572e-09
14900,15,5.000000000000000e-03,4.999996003908048e-03,3.996091952132574e-09
14900,16,-4.000000000000000e-03,-4.000004251741387e-03,4.251741386913921e-09
14900,17,3.500000000000000e-03,3.500007044844522e-03,-7.044844522411525e-09
14900,18,3.000000000000000e-03,2.999997545888380e-03,2.454111619649979e-09
14900,19,-2.500000000000000e-03,-2.500006262372844e-03,6.262372844248465e-09
14900,20,2.000000000000000e-03,2.000002698765941e-03,-2.698765940757630e-09
14900,21,1.800000000000000e-03,1.799993112892924e-03,6.887107075609356e-09
14900,22,-1.500000000000000e-03,-1.500001313948904e-03,1.313948904107382e-09
14900,23,1.200000000000000e-03,1.199998306510147e-03,1.693489852690189e-09
14900,24,1.000000000000000e-03,9.999978344690775e-04,2.165530922550868e-09
14900,25,-8.000000000000000e-04,-8.000015206209202e-04,1.520620920196850e-09
14900,26,5.999999999999999e-04,5.999983111645831e-04,1.688835416890737e-09
14900,27,5.000000000000000e-04,5.000009248187110e-04,-9.248187109785894e-10
14900,28,-4.000000000000000e-04,-3.999997598456177e-04,-2.401543823288450e-10
14900,29,3.000000000000000e-04,3.000018277285759e-04,-1.827728575963267e-09
15000,0,1.200000000000000e-01,1.199999766134827e-01,2.338651733380104e-08
15000,1,-8.000000000000000e-02,-7.999998242003102e-02,-1.757996898055225e-08
15000,2,5.500000000000000e-02,5.499998944020530e-02,1.055979469838375e-08
15000,3,4.000000000000000e-02,3.999999058357088e-02,9.416429122555137e-09
15000,4,-3.000000000000000e-02,-2.999999751454243e-02,-2.485457572393157e-09
15000,5,2.500000000000000e-02,2.500000228615638e-02,-2.286156378789039e-09
15000,6,2.000000000000000e-02,1.999998919409717e-02,1.080590283225602e-08
15000,7,-1.800000000000000e-02,-1.799999207972689e-02,-7.920273110972875e-09
15000,8,1.500000000000000e-02,1.499999748341865e-02,2.516581353029235e-09
15000,9,1.200000000000000e-02,1.199999697813490e-02,3.021865103633448e-09
15000,10,-1.000000000000000e-02,-1.000000152319860e-02,1.523198596767306e-09
15000,11,8.999999999999999e-03,9.000007566036224e-03,-7.566036224621042e-09
15000,12,8.000000000000000e-03,7.999992428220224e-03,7.571779776088805e-09
15000,13,-7.000000000000000e-03,-7.000002656864917e-03,2.656864917308099e-09
15000,14,6.000000000000000e-03,6.000002197706454e-03,-2.197706453453685e-09
15000,15,5.000000000000000e-03,4.999996788786863e-03,3.211213137413460e-09
15000,16,-4.000000000000000e-03,-4.000004305120894e-03,4.305120893458025e-09
15000,17,3.500000000000000e-03,3.500006467736059e-03,-6.467736058963364e-09
15000,18,3.000000000000000e-03,2.999997306476859e-03,2.693523141073656e-09
15000,19,-2.500000000000000e-03,-2.500005165304572e-03,5.165304571650570e-09
15000,20,2.000000000000000e-03,2.000001579326590e-03,-1.579326589645769e-09
15000,21,1.800000000000000e-03,1.799994439645139e-03,5.560354860573158e-09
15000,22,-1.500000000000000e-03,-1.500001156994955e-03,1.156994955354637e-09
15000,23,1.200000000000000e-03,1.199998557717420e-03,1.442282579824927e-09
15000,24,1.000000000000000e-03,9.999979070627121e-04,2.092937287888341e-09
15000,25,-8.000000000000000e-04,-8.000005760480270e-04,5.760480269872970e-10
15000,26,5.999999999999999e-04,5.999976261001230e-04,2.373899876911660e-09
15000,27,5.000000000000000e-04,5.000010601744979e-04,-1.060174497887270e-09
15000,28,-4.000000000000000e-04,-3.999996335494766e-04,-3.664505234630619e-10
15000,29,3.000000000000000e-04,3.000011091691740e-04,-1.109169173987758e-09
15100,0,1.200000000000000e-01,1.199999787335864e-01,2.126641357458325e-08
15100,1,-8.000000000000000e-02,-7.999998442101416e-02,-1.557898583748329e-08
15100,2,5.500000000000000e-02,5.499999040173577e-02,9.598264232024700e-09
15100,3,4.000000000000000e-02,3.999999140087443e-02,8.599125571329136e-09
15100,4,-3.000000000000000e-02,-2.999999806008943e-02,-1.939910565518232e-09
15100,5,2.500000000000000e-02,2.500000228136803e-02,-2.281368028517194e-09
15100,6,2.000000000000000e-02,1.999999041481613e-02,9.585183872312664e-09
15100,7,-1.800000000000000e-02,-1.799999281503118e-02,-7.184968817824933e-09
15100,8,1.500000000000000e-02,1.499999777559072e-02,2.224409276566086e-09
15100,9,1.200000000000000e-02,1.199999741279533e-02,2.587204665782661e-09
15100,10,-1.000000000000000e-02,-1.000000151756353e-02,1.517563531436283e-09
15100,11,8.999999999999999e-03,9.000006969004539e-03,-6.969004540113843e-09
15100,12,8.000000000000000e-03,7.999993022144693e-03,6.977855307455094e-09
15100,13,-7.000000000000000e-03,-7.000001998654498e-03,1.998654497979702e-09
15100,14,6.000000000000000e-03,6.000001826791425e-03,-1.826791424727747e-09
15100,15,5.000000000000000e-03,4.999996918298502e-03,3.081701498153233e-09
15100,16,-4.000000000000000e-03,-4.000003472121393e-03,3.472121393351124e-09
15100,17,3.500000000000000e-03,3.500006047323060e-03,-6.047323060278526e-09
15100,18,3.000000000000000e-03,2.999997318187652e-03,2.681812347714307e-09
15100,19,-2.500000000000000e-03,-2.500004495120440e-03,4.495120439502315e-09
15100,20,2.000000000000000e-03,2.000001749153543e-03,-1.749153542927179e-09
15100,21,1.800000000000000e-03,1.799994492418210e-03,5.507581790371169e-09
15100,22,-1.500000000000000e-03,-1.500001077657631e-03,1.077657630884146e-09
15100,23,1.200000000000000e-03,1.199998671884558e-03,1.328115441841943e-09
15100,24,1.000000000000000e-03,9.999978409547699e-04,2.159045230142390e-09
15100,25,-8.000000000000000e-04,-8.000005683665907e-04,5.683665906626098e-10
15100,26,5.999999999999999e-04,5.999980191530970e-04,1.980846902954400e-09
15100,27,5.000000000000000e-04,5.000007447187402e-04,-7.447187402344346e-10
15100,28,-4.000000000000000e-04,-3.999990989394510e-04,-9.010605490369049e-10
15100,29,3.000000000000000e-04,3.000006899142765e-04,-6.899142764786419e-10
15200,0,1.200000000000000e-01,1.199999804283182e-01,1.957168184463232e-08
15200,1,-8.000000000000000e-02,-7.999998551636477e-02,-1.448363523559593e-08
15200,2,5.500000000000000e-02,5.499999120524472e-02,8.794755278207500e-09
15200,3,4.000000000000000e-02,3.999999203893669e-02,7.961063308581373e-09
15200,4,-3.000000000000000e-02,-2.999999834994717e-02,-1.650052830481918e-09
15200,5,2.500000000000000e-02,2.500000201399587e-02,-2.013995869382113e-09
15200,6,2.000000000000000e-02,1.999999093743629e-02,9.062563709888449e-09
15200,7,-1.800000000000000e-02,-1.799999332679348e-02,-6.673206518620356e-09
15200,8,1.500000000000000e-02,1.499999755911768e-02,2.440882324386551e-09
15200,9,1.200000000000000e-02,1.199999786538040e-02,2.134619602606191e-09
15200,10,-1.000000000000000e-02,-1.000000167331896e-02,1.673318962558401e-09
15200,11,8.999999999999999e-03,9.000006571810427e-03,-6.571810427444258e-09
15200,12,8.000000000000000e-03,7.999993494848687e-03,6.505151313451751e-09
15200,13,-7.000000000000000e-03,-7.000001819075863e-03,1.819075863031261e-09
15200,14,6.000000000000000e-03,6.000001497339077e-03,-1.497339076513005e-09
15200,15,5.000000000000000e-03,4.999997334438121e-03,2.665561878861800e-09
15200,16,-4.000000000000000e-03,-4.000003653601343e-03,3.653601342475110e-09
15200,17,3.500000000000000e-03,3.500005538622761e-03,-5.538622760946355e-09
15200,18,3.000000000000000e-03,2.999997439278772e-03,2.560721227944096e-09
15200,19,-2.500000000000000e-03,-2.500004035249293e-03,4.035249293130733e-09
15200,20,2.000000000000000e-03,2.000001364300605e-03,-1.364300605214558e-09
15200,21,1.800000000000000e-03,1.799995001337238e-03,4.998662762357997e-09
15200,22,-1.500000000000000e-03,-1.500000402835803e-03,4.028358031264029e-10
15200,23,1.200000000000000e-03,1.199998243025683e-03,1.756974316686685e-09
15200,24,1.000000000000000e-03,9.999980661485064e-04,1.933851493654201e-09
15200,25,-8.000000000000000e-04,-8.000001924723468e-04,1.924723467628189e-10
15200,26,5.999999999999999e-04,5.999978234374362e-04,2.176562563754696e-09
15200,27,5.000000000000000e-04,5.000006370989629e-04,-6.370989628868770e-10
15200,28,-4.000000000000000e-04,-3.999988964385686e-04,-1.103561431418845e-09
15200,29,3.000000000000000e-04,3.000001558973075e-04,-1.558973075415845e-10
15300,0,1.200000000000000e-01,1.199999819759844e-01,1.802401557171596e-08
15300,1,-8.000000000000000e-02,-7.999998625868693e-02,-1.374131307352311e-08
15300,2,5.500000000000000e-02,5.499999215760501e-02,7.842394990353885e-09
15300,3,4.000000000000000e-02,3.999999236755550e-02,7.632444495864199e-09
15300,4,-3.000000000000000e-02,-2.999999817307099e-02,-1.826929003911903e-09
15300,5,2.500000000000000e-02,2.500000181334633e-02,-1.813346323792375e-09
15300,6,2.000000000000000e-02,1.999999156383852e-02,8.436161477720638e-09
15300,7,-1.800000000000000e-02,-1.799999391263513e-02,-6.087364869122869e-09
15300,8,1.500000000000000e-02,1.499999787072431e-02,2.129275684589760e-09
15300,9,1.200000000000000e-02,1.199999750631666e-02,2.493683337947972e-09
15300,10,-1.000000000000000e-02,-1.000000145748839e-02,1.457488385189776e-09
15300,11,8.999999999999999e-03,9.000006042005453e-03,-6.042005453246735e-09
15300,12,8.000000000000000e-03,7.999993886460858e-03,6.113539141941460e-09
15300,13,-7.000000000000000e-03,-7.000001781100258e-03,1.781100257731982e-09
15300,14,6.000000000000000e-03,6.000001560937948e-03,-1.560937947474306e-09
15300,15,5.000000000000000e-03,4.999997436155604e-03,2.563844396334669e-09
15300,16,-4.000000000000000e-03,-4.000003523415766e-03,3.523415765746551e-09
15300,17,3.500000000000000e-03,3.500005147117523e-03,-5.147117522561612e-09
15300,18,3.000000000000000e-03,2.999997639435645e-03,2.360564355530920e-09
15300,19,-2.500000000000000e-03,-2.500004083543716e-03,4.083543716278809e-09
15300,20,2.000000000000000e-03,2.000001280728409e-03,-1.280728409176063e-09
15300,21,1.800000000000000e-03,1.799995409701903e-03,4.590298097141218e-09
15300,22,-1.500000000000000e-03,-1.500000176041830e-03,1.760418295512767e-10
15300,23,1.200000000000000e-03,1.199998116217404e-03,1.883782595841696e-09
15300,24,1.000000000000000e-03,9.999983957714742e-04,1.604228525844617e-09
15300,25,-8.000000000000000e-04,-8.000000775183516e-04,7.751835154681808e-11
15300,26,5.999999999999999e-04,5.999976816228725e-04,2.318377127427662e-09
15300,27,5.000000000000000e-04,5.000004588276332e-04,-4.588276332224278e-10
15300,28,-4.000000000000000e-04,-3.999984941115021e-04,-1.505888497937719e-09
15300,29,3.000000000000000e-04,2.999996976814835e-04,3.023185164664419e-10
15400,0,1.200000000000000e-01,1.199999838425129e-01,1.615748707051168e-08
15400,1,-8.000000000000000e-02,-7.999998715792160e-02,-1.284207840068774e-08
15400,2,5.500000000000000e-02,5.499999284034141e-02,7.159658588218321e-09
15400,3,4.000000000000000e-02,3.999999350358096e-02,6.496419041601698e-09
15400,4,-3.000000000000000e-02,-2.999999845500919e-02,-1.544990805429913e-09
15400,5,2.500000000000000e-02,2.500000185133114e-02,-1.851331140473311e-09
15400,6,2.000000000000000e-02,1.999999221320256e-02,7.786797442954629e-09
15400,7,-1.800000000000000e-02,-1.799999426752545e-02,-5.732474543662658e-09
15400,8,1.500000000000000e-02,1.499999783907152e-02,2.160928476088730e-09
15400,9,1.200000000000000e-02,1.199999791112001e-02,2.088879994324722e-09
15400,10,-1.000000000000000e-02,-1.000000163661128e-02,1.636611283994949e-09
15400,11,8.999999999999999e-03,9.000005577639298e-03,-5.577639298343096e-09
15400,12,8.000000000000000e-03,7.999994439464206e-03,5.560535793966426e-09
15400,13,-7.000000000000000e-03,-7.000001440284087e-03,1.440284086440258e-09
15400,14,6.000000000000000e-03,6.000001541315651e-03,-1.541315650631370e-09
15400,15,5.000000000000000e-03,4.999997796967332e-03,2.203032667749683e-09
15400,16,-4.000000000000000e-03,-4.000003067909129e-03,3.067909128996738e-09
15400,17,3.500000000000000e-03,3.500004748282299e-03,-4.748282299033707e-09
15400,18,3.000000000000000e-03,2.999998081853712e-03,1.918146288071992e-09
15400,19,-2.500000000000000e-03,-2.500003641755298e-03,3.641755298364191e-09
15400,20,2.000000000000000e-03,2.000001267096625e-03,-1.267096624672781e-09
15400,21,1.800000000000000e-03,1.799996058890550e-03,3.941109449857524e-09
15400,22,-1.500000000000000e-03,-1.500000005272277e-03,5.272277406320747e-12
15400,23,1.200000000000000e-03,1.199998202276014e-03,1.797723986384295e-09
15400,24,1.000000000000000e-03,9.999986478135489e-04,1.352186451133650e-09
15400,25,-8.000000000000000e-04,-7.999998767172500e-04,-1.232827500025416e-10
15400,26,5.999999999999999e-04,5.999975616033819e-04,2.438396618084301e-09
15400,27,5.000000000000000e-04,5.000003933086226e-04,-3.933086225411594e-10
15400,28,-4.000000000000000e-04,-3.999983500844469e-04,-1.649915553139647e-09
15400,29,3.000000000000000e-04,2.999993692381760e-04,6.307618239569449e-10
15500,0,1.200000000000000e-01,1.199999853583804e-01,1.464161958342203e-08
15500,1,-8.000000000000000e-02,-7.999998790912968e-02,-1.209087031883715e-08
15500,2,5.500000000000000e-02,5.499999366903738e-02,6.330962622203007e-09
15500,3,4.000000000000000e-02,3.999999422647228e-02,5.773527725350114e-09
15500,4,-3.000000000000000e-02,-2.999999850844591e-02,-1.491554092042380e-09
15500,5,2.500000000000000e-02,2.500000193755904e-02,-1.937559036824243e-09
15500,6,2.000000000000000e-02,1.999999268570029e-02,7.314299714511474e-09
15500,7,-1.800000000000000e-02,-1.799999454845908e-02,-5.451540916606712e-09
15500,8,1.500000000000000e-02,1.499999791403839e-02,2.085961608305764e-09
15500,9,1.200000000000000e-02,1.199999820077047e-02,1.799229534457658e-09
15500,10,-1.000000000000000e-02,-1.000000138125744e-02,1.381257434818206e-09
15500,11,8.999999999999999e-03,9.000005457435550e-03,-5.457435550346168e-09
15500,12,8.000000000000000e-03,7.999995039746658e-03,4.960253341748655e-09
15500,13,-7.000000000000000e-03,-7.000001351606578e-03,1.351606577527920e-09
15500,14,6.000000000000000e-03,6.000001453601443e-03,-1.453601443206221e-09
15500,15,5.000000000000000e-03,4.999998035222174e-03,1.964777826546360e-09
15500,16,-4.000000000000000e-03,-4.000002821170593e-03,2.821170593143851e-09
15500,17,3.500000000000000e-03,3.500004204084183e-03,-4.204084182776041e-09
15500,18,3.000000000000000e-03,2.999998404215660e-03,1.595784340172740e-09
15500,19,-2.500000000000000e-03,-2.500003131691116e-03,3.131691115633439e-09
15500,20,2.000000000000000e-03,2.000001122020474e-03,-1.122020474361024e-09
15500,21,1.800000000000000e-03,1.799996471261009e-03,3.528738991114000e-09
15500,22,-1.500000000000000e-03,-1.499999659903838e-03,-3.400961621699561e-10
15500,23,1.200000000000000e-03,1.199998247885771e-03,1.752114228443374e-09
15500,24,1.000000000000000e-03,9.999987140865811e-04,1.285913418932680e-09
15500,25,-8.000000000000000e-04,-7.999995244482176e-04,-4.755517824146793e-10
15500,26,5.999999999999999e-04,5.999975060352098e-04,2.493964790109895e-09
15500,27,5.000000000000000e-04,5.000001321603554e-04,-1.321603553591094e-10
15500,28,-4.000000000000000e-04,-3.999983516531388e-04,-1.648346861185968e-09
15500,29,3.000000000000000e-04,2.999990727103391e-04,9.272896608555903e-10
15600,0,1.200000000000000e-01,1.199999866549046e-01,1.334509538986062e-08
15600,1,-8.000000000000000e-02,-7.999998880055487e-02,-1.119944513516824e-08
15600,2,5.500000000000000e-02,5.499999401450212e-02,5.985497882055046e-09
15600,3,4.000000000000000e-02,3.999999511572674e-02,4.884273263616734e-09
15600,4,-3.000000000000000e-02,-2.999999852971468e-02,-1.470285320576137e-09
15600,5,2.500000000000000e-02,2.500000180161394e-02,-1.801613934426793e-09
15600,6,2.000000000000000e-02,1.999999372752715e-02,6.272472846680088e-09
15600,7,-1.800000000000000e-02,-1.799999514698662e-02,-4.853013383515625e-09
15600,8,1.500000000000000e-02,1.499999797034700e-02,2.029652999488429e-09
15600,9,1.200000000000000e-02,1.199999880843986e-02,1.191560138752434e-09
15600,10,-1.000000000000000e-02,-1.000000163531889e-02,1.635318894188664e-09
15600,11,8.999999999999999e-03,9.000004887560843e-03,-4.887560843894190e-09
15600,12,8.000000000000000e-03,7.999995465569868e-03,4.534430131722389e-09
15600,13,-7.000000000000000e-03,-7.000001260613975e-03,1.260613975186120e-09
15600,14,6.000000000000000e-03,6.000001385594055e-03,-1.385594055290651e-09
15600,15,5.000000000000000e-03,4.999998527783794e-03,1.472216206582777e-09
15600,16,-4.000000000000000e-03,-4.000002677376262e-03,2.677376261667197e-09
15600,17,3.500000000000000e-03,3.500003897200954e-03,-3.897200954311453e-09
15600,18,3.000000000000000e-03,2.999998489157034e-03,1.510842966359616e-09
15600,19,-2.500000000000000e-03,-2.500002497861927e-03,2.497861926846479e-09
15600,20,2.000000000000000e-03,2.000001305888936e-03,-1.305888936049826e-09
15600,21,1.800000000000000e-03,1.799996709032670e-03,3.290967329813016e-09
15600,22,-1.500000000000000e-03,-1.499999651466483e-03,-3.485335169344655e-10
15600,23,1.200000000000000e-03,1.199998619907847e-03,1.380092153188336e-09
15600,24,1.000000000000000e-03,9.999987988977032e-04,1.201102296831749e-09
15600,25,-8.000000000000000e-04,-7.999995021682739e-04,-4.978317261466331e-10
15600,26,5.999999999999999e-04,5.999976030173101e-04,2.396982689807994e-09
15600,27,5.000000000000000e-04,5.000001155419494e-04,-1.155419493805224e-10
15600,28,-4.000000000000000e-04,-3.999988274823667e-04,-1.172517633332704e-09
15600,29,3.000000000000000e-04,2.999995888166639e-04,4.111833360777306e-10
15700,0,1.200000000000000e-01,1.199999875025769e-01,1.249742309639146e-08
15700,1,-8.000000000000000e-02,-7.999998970278502e-02,-1.029721498346792e-08
15700,2,5.500000000000000e-02,5.499999464848226e-02,5.351517742835377e-09
15700,3,4.000000000000000e-02,3.999999534215506e-02,4.657844943078970e-09
15700,4,-3.000000000000000e-02,-2.999999845778276e-02,-1.542217239330901e-09
15700,5,2.500000000000000e-02,2.500000153981605e-02,-1.539816048973242e-09
15700,6,2.000000000000000e-02,1.999999424670109e-02,5.753298913668825e-09
15700,7,-1.800000000000000e-02,-1.799999538306917e-02,-4.616930827233690e-09
15700,8,1.500000000000000e-02,1.499999788406148e-02,2.115938518149063e-09
15700,9,1.200000000000000e-02,1.199999906123030e-02,9.387696991297600e-10
15700,10,-1.000000000000000e-02,-1.000000150408922e-02,1.504089216022853e-09
15700,11,8.999999999999999e-03,9.000004554352962e-03,-4.554352962468644e-09
15700,12,8.000000000000000e-03,7.999995653408509e-03,4.346591491247165e-09
15700,13,-7.000000000000000e-03,-7.000001015158686e-03,1.015158685412076e-09
15700,14,6.000000000000000e-03,6.000001325177083e-03,-1.325177082650564e-09
15700,15,5.000000000000000e-03,4.999998520732254e-03,1.479267745622959e-09
15700,16,-4.000000000000000e-03,-4.000002560165650e-03,2.560165649791168e-09
15700,17,3.500000000000000e-03,3.500003944706689e-03,-3.944706689334304e-09
15700,18,3.000000000000000e-03,2.999998341506860e-03,1.658493140131029e-09
15700,19,-2.500000000000000e-03,-2.500002251782747e-03,2.251782747243747e-09
15700,20,2.000000000000000e-03,2.000001246015269e-03,-1.246015268827755e-09
15700,21,1.800000000000000e-03,1.799997036530539e-03,2.963469460928389e-09
15700,22,-1.500000000000000e-03,-1.499999743614266e-03,-2.563857338239162e-10
15700,23,1.200000000000000e-03,1.199998721388232e-03,1.278611767678572e-09
15700,24,1.000000000000000e-03,9.999989415164544e-04,1.058483545604560e-09
15700,25,-8.000000000000000e-04,-7.999997613080717e-04,-2.386919283102820e-10
15700,26,5.999999999999999e-04,5.999979209704898e-04,2.079029510181074e-09
15700,27,5.000000000000000e-04,4.999998988358363e-04,1.011641637431102e-10
15700,28,-4.000000000000000e-04,-3.999986776503125e-04,-1.322349687485781e-09
15700,29,3.000000000000000e-04,2.999993063228162e-04,6.936771837278907e-10
15800,0,1.200000000000000e-01,1.199999884317538e-01,1.156824619430452e-08
15800,1,-8.000000000000000e-02,-7.999999042005287e-02,-9.579947127247301e-09
15800,2,5.500000000000000e-02,5.499999486012389e-02,5.139876108062325e-09
15800,3,4.000000000000000e-02,3.999999604689918e-02,3.953100818909761e-09
15800,4,-3.000000000000000e-02,-2.999999879854088e-02,-1.201459119692938e-09
15800,5,2.500000000000000e-02,2.500000178658394e-02,-1.786583939816788e-09
15800,6,2.000000000000000e-02,1.999999453465340e-02,5.465346602367971e-09
15800,7,-1.800000000000000e-02,-1.799999564370218e-02,-4.356297815533150e-09
15800,8,1.500000000000000e-02,1.499999816868105e-02,1.831318945447191e-09
15800,9,1.200000000000000e-02,1.199999933214809e-02,6.678519074571065e-10
15800,10,-1.000000000000000e-02,-1.000000140735417e-02,1.407354170701591e-09
15800,11,8.999999999999999e-03,9.000004419804437e-03,-4.419804437369446e-09
15800,12,8.000000000000000e-03,7.999995897457561e-03,4.102542439446411e-09
15800,13,-7.000000000000000e-03,-7.000000734355162e-03,7.343551617494670e-10
15800,14,6.000000000000000e-03,6.000001272027295e-03,-1.272027295128042e-09
15800,15,5.000000000000000e-03,4.999998718854353e-03,1.281145647034909e-09
15800,16,-4.000000000000000e-03,-4.000002417298307e-03,2.417298306835181e-09
15800,17,3.500000000000000e-03,3.500003752778199e-03,-3.752778199306306e-09
15800,18,3.000000000000000e-03,2.999998416357226e-03,1.583642773774624e-09
15800,19,-2.500000000000000e-03,-2.500002085658912e-03,2.085658912069632e-09
15800,20,2.000000000000000e-03,2.000001417400248e-03,-1.417400247519240e-09
15800,21,1.800000000000000e-03,1.799997013302475e-03,2.986697525365553e-09
15800,22,-1.500000000000000e-03,-1.499999878845047e-03,-1.211549528236378e-10
15800,23,1.200000000000000e-03,1.199998998986221e-03,1.001013778811899e-09
15800,24,1.000000000000000e-03,9.999989306594783e-04,1.069340521729981e-09
15800,25,-8.000000000000000e-04,-8.000000173616574e-04,1.736165735916756e-11
15800,26,5.999999999999999e-04,5.999982252721688e-04,1.774727831165522e-09
15800,27,5.000000000000000e-04,4.999999275047475e-04,7.249525253109207e-11
15800,28,-4.000000000000000e-04,-3.999989360119256e-04,-1.063988074403478e-09
15800,29,3.000000000000000e-04,2.999993106571704e-04,6.893428296174571e-10
15900,0,1.200000000000000e-01,1.199999895052053e-01,1.049479472770010e-08
15900,1,-8.000000000000000e-02,-7.999999108273334e-02,-8.917266661190304e-09
15900,2,5.500000000000000e-02,5.499999530600035e-02,4.693999654248326e-09
15900,3,4.000000000000000e-02,3.999999643462102e-02,3.565378985104228e-09
15900,4,-3.000000000000000e-02,-2.999999892346006e-02,-1.076539937056031e-09
15900,5,2.500000000000000e-02,2.500000159646733e-02,-1.596467329861850e-09
15900,6,2.000000000000000e-02,1.999999492824137e-02,5.071758634594969e-09
15900,7,-1.800000000000000e-02,-1.799999591523951e-02,-4.084760484718286e-09
15900,8,1.500000000000000e-02,1.499999823930743e-02,1.760692570906830e-09
15900,9,1.200000000000000e-02,1.199999922407353e-02,7.759264689100043e-10
15900,10,-1.000000000000000e-02,-1.000000136257202e-02,1.362572023960729e-09
15900,11,8.999999999999999e-03,9.000004021719901e-03,-4.021719901547982e-09
15900,12,8.000000000000000e-03,7.999996128772899e-03,3.871227101034935e-09
15900,13,-7.000000000000000e-03,-7.000000747742634e-03,7.477426334362436e-10
15900,14,6.000000000000000e-03,6.000001235426187e-03,-1.235426186699251e-09
15900,15,5.000000000000000e-03,4.999998663808598e-03,1.336191402315223e-09
15900,16,-4.000000000000000e-03,-4.000002274137940e-03,2.274137939593801e-09
15900,17,3.500000000000000e-03,3.500003379075935e-03,-3.379075935294046e-09
15900,18,3.000000000000000e-03,2.999998596151961e-03,1.403848038684929e-09
15900,19,-2.500000000000000e-03,-2.500001961012763e-03,1.961012762764780e-09
15900,20,2.000000000000000e-03,2.000001425067627e-03,-1.425067627271182e-09
15900,21,1.800000000000000e-03,1.799997259559233e-03,2.740440766891075e-09
15900,22,-1.500000000000000e-03,-1.500000056518779e-03,5.651877858954546e-11
15900,23,1.200000000000000e-03,1.199999433931021e-03,5.660689790173978e-10
15900,24,1.000000000000000e-03,9.999988969646208e-04,1.103035379181050e-09
15900,25,-8.000000000000000e-04,-8.000000126101012e-04,1.261010111434924e-11
15900,26,5.999999999999999e-04,5.999985695608800e-04,1.430439119909886e-09
15900,27,5.000000000000000e-04,5.000000804965414e-04,-8.049654139866830e-11
15900,28,-4.000000000000000e-04,-3.999991331033755e-04,-8.668966245263358e-10
15900,29,3.000000000000000e-04,2.999994307695911e-04,5.692304089026379e-10
16000,0,1.200000000000000e-01,1.199999907398480e-01,9.260151950796214e-09
16000,1,-8.000000000000000e-02,-7.999999219746957e-02,-7.802530427314380e-09
16000,2,5.500000000000000e-02,5.499999585038855e-02,4.149611446124801e-09
16000,3,4.000000000000000e-02,3.999999682897955e-02,3.171020453163198e-09
16000,4,-3.000000000000000e-02,-2.999999906806851e-02,-9.319314903111220e-10
16000,5,2.500000000000000e-02,2.500000137688966e-02,-1.376889661314218e-09
16000,6,2.000000000000000e-02,1.999999561724414e-02,4.382755859622112e-09
16000,7,-1.800000000000000e-02,-1.799999626487435e-02,-3.735125649745319e-09
16000,8,1.500000000000000e-02,1.499999843563523e-02,1.564364766198922e-09
16000,9,1.200000000000000e-02,1.199999915594978e-02,8.440502238110659e-10
16000,10,-1.000000000000000e-02,-1.000000112965544e-02,1.129655442105859e-09
16000,11,8.999999999999999e-03,9.000003617067499e-03,-3.617067499683824e-09
16000,12,8.000000000000000e-03,7.999996519618710e-03,3.480381290457690e-09
16000,13,-7.000000000000000e-03,-7.000000882404689e-03,8.824046892480508e-10
16000,14,6.000000000000000e-03,6.000001116346766e-03,-1.116346765896170e-09
16000,15,5.000000000000000e-03,4.999998962364201e-03,1.037635799332193e-09
16000,16,-4.000000000000000e-03,-4.000002205520958e-03,2.205520957705709e-09
16000,17,3.500000000000000e-03,3.500003017648491e-03,-3.017648491331071e-09
16000,18,3.000000000000000e-03,2.999998910578323e-03,1.089421676567920e-09
16000,19,-2.500000000000000e-03,-2.500001832374420e-03,1.832374419731553e-09
16000,20,2.000000000000000e-03,2.000001287798858e-03,-1.287798857569494e-09
16000,21,1.800000000000000e-03,1.799997425883960e-03,2.574116039462740e-09
16000,22,-1.500000000000000e-03,-1.499999978822007e-03,-2.117799338674509e-11
16000,23,1.200000000000000e-03,1.199999521472832e-03,4.785271677607700e-10
16000,24,1.000000000000000e-03,9.999989061082754e-04,1.093891724597562e-09
16000,25,-8.000000000000000e-04,-8.000001968830319e-04,1.968830319045919e-10
16000,26,5.999999999999999e-04,5.999988936406405e-04,1.106359359486463e-09
16000,27,5.000000000000000e-04,4.999997974810929e-04,2.025189071346370e-10
16000,28,-4.000000000000000e-04,-3.999990900275216e-04,-9.099724783911099e-10
16000,29,3.000000000000000e-04,2.999992512615006e-04,7.487384993693641e-10
16100,0,1.200000000000000e-01,1.199999917097332e-01,8.290266792498890e-09
16100,1,-8.000000000000000e-02,-7.999999308244264e-02,-6.917557360264226e-09
16100,2,5.500000000000000e-02,5.499999611186823e-02,3.888131767937342e-09
16100,3,4.000000000000000e-02,3.999999724405225e-02,2.755947754728982e-09
16100,4,-3.000000000000000e-02,-2.999999908543136e-02,-9.145686361011762e-10
16100,5,2.500000000000000e-02,2.500000111610535e-02,-1.116105350501551e-09
16100,6,2.000000000000000e-02,1.999999628433352e-02,3.715666482828617e-09
16100,7,-1.800000000000000e-02,-1.799999690521889e-02,-3.094781108464728e-09
16100,8,1.500000000000000e-02,1.499999868330594e-02,1.316694059338985e-09
16100,9,1.200000000000000e-02,1.199999938514447e-02,6.148555310725445e-10
16100,10,-1.000000000000000e-02,-1.000000090469367e-02,9.046936654683035e-10
16100,11,8.999999999999999e-03,9.000003112820495e-03,-3.112820496156687e-09
16100,12,8.000000000000000e-03,7.999997014030525e-03,2.985969475149952e-09
16100,13,-7.000000000000000e-03,-7.000000829797648e-03,8.297976481289049e-10
16100,14,6.000000000000000e-03,6.000000974360469e-03,-9.743604690443108e-10
16100,15,5.000000000000000e-03,4.999999341438860e-03,6.585611396492386e-10
16100,16,-4.000000000000000e-03,-4.000001947223923e-03,1.947223922903196e-09
16100,17,3.500000000000000e-03,3.500002420302176e-03,-2.420302176123906e-09
16100,18,3.000000000000000e-03,2.999999376016720e-03,6.239832804101619e-10
16100,19,-2.500000000000000e-03,-2.500001764078095e-03,1.764078094539101e-09
16100,20,2.000000000000000e-03,2.000001228997127e-03,-1.228997127157572e-09
16100,21,1.800000000000000e-03,1.799997851143911e-03,2.148856088511272e-09
16100,22,-1.500000000000000e-03,-1.500000123855447e-03,1.238554467319908e-10
16100,23,1.200000000000000e-03,1.199999380147689e-03,6.198523107552728e-10
16100,24,1.000000000000000e-03,9.999994036905917e-04,5.963094083186876e-10
16100,25,-8.000000000000000e-04,-8.000003412760148e-04,3.412760147180824e-10
16100,26,5.999999999999999e-04,5.999989280835835e-04,1.071916416414166e-09
16100,27,5.000000000000000e-04,4.999999475257666e-04,5.247423340033058e-11
16100,28,-4.000000000000000e-04,-3.999991243590974e-04,-8.756409026144073e-10
16100,29,3.000000000000000e-04,2.999991314267493e-04,8.685732506494293e-10
16200,0,1.200000000000000e-01,1.199999926534160e-01,7.346583952294594e-09
16200,1,-8.000000000000000e-02,-7.999999376648562e-02,-6.233514385223238e-09
16200,2,5.500000000000000e-02,5.499999647157438e-02,3.528425621124320e-09
16200,3,4.000000000000000e-02,3.999999751976855e-02,2.480231450774362e-09
16200,4,-3.000000000000000e-02,-2.999999917606445e-02,-8.239355517303260e-10
16200,5,2.500000000000000e-02,2.500000097773161e-02,-9.777316074821574e-10
16200,6,2.000000000000000e-02,1.999999656583006e-02,3.434169938004716e-09
16200,7,-1.800000000000000e-02,-1.799999728163013e-02,-2.718369872950488e-09
16200,8,1.500000000000000e-02,1.499999895071280e-02,1.049287197060766e-09
16200,9,1.200000000000000e-02,1.199999929774870e-02,7.022513039828260e-10
16200,10,-1.000000000000000e-02,-1.000000080818312e-02,8.081831176509624e-10
16200,11,8.999999999999999e-03,9.000002904555660e-03,-2.904555660224184e-09
16200,12,8.000000000000000e-03,7.999997226011354e-03,2.773988646426195e-09
16200,13,-7.000000000000000e-03,-7.000000629387229e-03,6.293872289661606e-10
16200,14,6.000000000000000e-03,6.000000720808467e-03,-7.208084667337245e-10
16200,15,5.000000000000000e-03,4.999999502040062e-03,4.979599380408595e-10
16200,16,-4.000000000000000e-03,-4.000001970612419e-03,1.970612418904227e-09
16200,17,3.500000000000000e-03,3.500002217428877e-03,-2.217428876800931e-09
16200,18,3.000000000000000e-03,2.999999462057514e-03,5.379424861291782e-10
16200,19,-2.500000000000000e-03,-2.500001773691278e-03,1.773691277618533e-09
16200,20,2.000000000000000e-03,2.000001071593181e-03,-1.071593180943659e-09
16200,21,1.800000000000000e-03,1.799998187107771e-03,1.812892228914356e-09
16200,22,-1.500000000000000e-03,-1.500000278558443e-03,2.785584425884363e-10
16200,23,1.200000000000000e-03,1.199999483286933e-03,5.167130670818282e-10
16200,24,1.000000000000000e-03,9.999994929575690e-04,5.070424310450738e-10
16200,25,-8.000000000000000e-04,-8.000002777703073e-04,2.777703072978990e-10
16200,26,5.999999999999999e-04,5.999989110677893e-04,1.088932210678226e-09
16200,27,5.000000000000000e-04,5.000000068303896e-04,-6.830389552570093e-12
16200,28,-4.000000000000000e-04,-3.999991394413651e-04,-8.605586348771690e-10
16200,29,3.000000000000000e-04,2.999992205516127e-04,7.794483872355581e-10
16300,0,1.200000000000000e-01,1.199999933454500e-01,6.654549966622625e-09
16300,1,-8.000000000000000e-02,-7.999999416359725e-02,-5.836402749981318e-09
16300,2,5.500000000000000e-02,5.499999684646137e-02,3.153538631617270e-09
16300,3,4.000000000000000e-02,3.999999787799922e-02,2.122000783422173e-09
16300,4,-3.000000000000000e-02,-2.999999926229225e-02,-7.377077525239084e-10
16300,5,2.500000000000000e-02,2.500000104507286e-02,-1.045072858113505e-09
16300,6,2.000000000000000e-02,1.999999675812789e-02,3.241872114506661e-09
16300,7,-1.800000000000000e-02,-1.799999736416053e-02,-2.635839470299661e-09
16300,8,1.500000000000000e-02,1.499999892305765e-02,1.076942353003818e-09
16300,9,1.200000000000000e-02,1.199999946966982e-02,5.303301825465567e-10
16300,10,-1.000000000000000e-02,-1.000000074639096e-02,7.463909577204442e-10
16300,11,8.999999999999999e-03,9.000002665633939e-03,-2.665633939274992e-09
16300,12,8.000000000000000e-03,7.999997653450604e-03,2.346549395765285e-09
16300,13,-7.000000000000000e-03,-7.000000625285014e-03,6.252850138707688e-10
16300,14,6.000000000000000e-03,6.000000799972291e-03,-7.999722906673612e-10
16300,15,5.000000000000000e-03,4.999999535540881e-03,4.644591187347169e-10
16300,16,-4.000000000000000e-03,-4.000001701952430e-03,1.701952429683518e-09
16300,17,3.500000000000000e-03,3.500002087852401e-03,-2.087852400949747e-09
16300,18,3.000000000000000e-03,2.999999412389151e-03,5.876108488678256e-10
16300,19,-2.500000000000000e-03,-2.500001474547306e-03,1.474547305872070e-09
16300,20,2.000000000000000e-03,2.000001070769855e-03,-1.070769854727427e-09
16300,21,1.800000000000000e-03,1.799998387570122e-03,1.612429878202273e-09
16300,22,-1.500000000000000e-03,-1.500000256588825e-03,2.565888252738235e-10
16300,23,1.200000000000000e-03,1.199999695768479e-03,3.042315204013907e-10
16300,24,1.000000000000000e-03,9.999995911112436e-04,4.088887564038940e-10
16300,25,-8.000000000000000e-04,-8.000002826687145e-04,2.826687144985920e-10
16300,26,5.999999999999999e-04,5.999990112085737e-04,9.887914262330863e-10
16300,27,5.000000000000000e-04,5.000000000700681e-04,-7.006808327991720e-14
16300,28,-4.000000000000000e-04,-3.999993007601274e-04,-6.992398726549977e-10
16300,29,3.000000000000000e-04,2.999991705754891e-04,8.294245108439458e-10
16400,0,1.200000000000000e-01,1.199999940629771e-01,5.937022914959122e-09
16400,1,-8.000000000000000e-02,-7.999999473816086e-02,-5.261839144954372e-09
16400,2,5.500000000000000e-02,5.499999719846803e-02,2.801531971685645e-09
16400,3,4.000000000000000e-02,3.999999807538467e-02,1.924615335158197e-09
16400,4,-3.000000000000000e-02,-2.999999935158950e-02,-6.484104989046280e-10
16400,5,2.500000000000000e-02,2.500000114135221e-02,-1.141352203720691e-09
16400,6,2.000000000000000e-02,1.999999679091180e-02,3.209088196565180e-09
16400,7,-1.800000000000000e-02,-1.799999754215366e-02,-2.457846343117964e-09
16400,8,1.500000000000000e-02,1.499999907795629e-02,9.220437070106557e-10
16400,9,1.200000000000000e-02,1.199999943002052e-02,5.699794768110333e-10
16400,10,-1.000000000000000e-02,-1.000000068464376e-02,6.846437583529763e-10
16400,11,8.999999999999999e-03,9.000002463763536e-03,-2.463763536936225e-09
16400,12,8.000000000000000e-03,7.999997698680553e-03,2.301319447506334e-09
16400,13,-7.000000000000000e-03,-7.000000536363972e-03,5.363639723338087e-10
16400,14,6.000000000000000e-03,6.000000671574544e-03,-6.715745442392729e-10
16400,15,5.000000000000000e-03,4.999999471327619e-03,5.286723810463134e-10
16400,16,-4.000000000000000e-03,-4.000001518951012e-03,1.518951011844627e-09
16400,17,3.500000000000000e-03,3.500001864075364e-03,-1.864075364118450e-09
16400,18,3.000000000000000e-03,2.999999509721133e-03,4.902788674175651e-10
16400,19,-2.500000000000000e-03,-2.500001328782442e-03,1.328782441717413e-09
16400,20,2.000000000000000e-03,2.000000888048114e-03,-8.880481137778229e-10
16400,21,1.800000000000000e-03,1.799998676104849e-03,1.323895150624754e-09
16400,22,-1.500000000000000e-03,-1.500000169628828e-03,1.696288281279740e-10
16400,23,1.200000000000000e-03,1.199999680379599e-03,3.196204013261594e-10
16400,24,1.000000000000000e-03,9.999997195933928e-04,2.804066072219225e-10
16400,25,-8.000000000000000e-04,-8.000002671381477e-04,2.671381476486781e-10
16400,26,5.999999999999999e-04,5.999992530769058e-04,7.469230941213600e-10
16400,27,5.000000000000000e-04,4.999999343231057e-04,6.567689426160983e-11
16400,28,-4.000000000000000e-04,-3.999993543593102e-04,-6.456406898371937e-10
16400,29,3.000000000000000e-04,2.999992030442553e-04,7.969557446699943e-10
16500,0,1.200000000000000e-01,1.199999946202612e-01,5.379738821087443e-09
16500,1,-8.000000000000000e-02,-7.999999523867957e-02,-4.761320435142657e-09
16500,2,5.500000000000000e-02,5.499999750309333e-02,2.496906674476218e-09
16500,3,4.000000000000000e-02,3.999999811734712e-02,1.882652880813573e-09
16500,4,-3.000000000000000e-02,-2.999999925637058e-02,-7.436294219287376e-10
16500,5,2.500000000000000e-02,2.500000084103760e-02,-8.410375937351056e-10
16500,6,2.000000000000000e-02,1.999999720201423e-02,2.797985773628220e-09
16500,7,-1.800000000000000e-02,-1.799999787675686e-02,-2.123243140333964e-09
16500,8,1.500000000000000e-02,1.499999933592334e-02,6.640766634508077e-10
16500,9,1.200000000000000e-02,1.199999923611104e-02,7.638889607669563e-10
16500,10,-1.000000000000000e-02,-1.000000057674056e-02,5.767405615586529e-10
16500,11,8.999999999999999e-03,9.000002294420105e-03,-2.294420105297679e-09
16500,12,8.000000000000000e-03,7.999997806991802e-03,2.193008198647650e-09
16500,13,-7.000000000000000e-03,-7.000000498631016e-03,4.986310158175411e-10
16500,14,6.000000000000000e-03,6.000000617227740e-03,-6.172277402724524e-10
16500,15,5.000000000000000e-03,4.999999512215881e-03,4.877841186523568e-10
16500,16,-4.000000000000000e-03,-4.000001482133198e-03,1.482133197422408e-09
16500,17,3.500000000000000e-03,3.500001719584950e-03,-1.719584949693570e-09
16500,18,3.000000000000000e-03,2.999999510209558e-03,4.897904417114352e-10
16500,19,-2.500000000000000e-03,-2.500001259801230e-03,1.259801230349411e-09
16500,20,2.000000000000000e-03,2.000000718391779e-03,-7.183917792238925e-10
16500,21,1.800000000000000e-03,1.799998967006719e-03,1.032993281191441e-09
16500,22,-1.500000000000000e-03,-1.500000264384098e-03,2.643840977308715e-10
16500,23,1.200000000000000e-03,1.199999711605532e-03,2.883944675950711e-10
16500,24,1.000000000000000e-03,9.999998887443619e-04,1.112556381657054e-10
16500,25,-8.000000000000000e-04,-8.000003450529511e-04,3.450529510555522e-10
16500,26,5.999999999999999e-04,5.999994040746093e-04,5.959253906312467e-10
16500,27,5.000000000000000e-04,4.999999307968029e-04,6.920319710074924e-11
16500,28,-4.000000000000000e-04,-3.999994266538112e-04,-5.733461888308804e-10
16500,29,3.000000000000000e-04,2.999993286489174e-04,6.713510825821084e-10
16600,0,1.200000000000000e-01,1.199999952652858e-01,4.734714217913272e-09
16600,1,-8.000000000000000e-02,-7.999999579663898e-02,-4.203361020360674e-09
16600,2,5.500000000000000e-02,5.499999775841270e-02,2.241587297724390e-09
16600,3,4.000000000000000e-02,3.999999832532214e-02,1.674677861662754e-09
16600,4,-3.000000000000000e-02,-2.999999934727445e-02,-6.527255472232874e-10
16600,5,2.500000000000000e-02,2.500000082473900e-02,-8.247389958471185e-10
16600,6,2.000000000000000e-02,1.999999745403990e-02,2.545960098992994e-09
16600,7,-1.800000000000000e-02,-1.799999802952165e-02,-1.970478353402472e-09
16600,8,1.500000000000000e-02,1.499999952544491e-02,4.745550879342586e-10
16600,9,1.200000000000000e-02,1.199999919106476e-02,8.089352365042712e-10
16600,10,-1.000000000000000e-02,-1.000000043086455e-02,4.308645506351239e-10
16600,11,8.999999999999999e-03,9.000002148558315e-03,-2.148558315637206e-09
16600,12,8.000000000000000e-03,7.999997958727380e-03,2.041272619685008e-09
16600,13,-7.000000000000000e-03,-7.000000403507851e-03,4.035078503966671e-10
16600,14,6.000000000000000e-03,6.000000576886545e-03,-5.768865446106886e-10
16600,15,5.000000000000000e-03,4.999999605877294e-03,3.941227058254504e-10
16600,16,-4.000000000000000e-03,-4.000001352553254e-03,1.352553254292677e-09
16600,17,3.500000000000000e-03,3.500001520971567e-03,-1.520971567008783e-09
16600,18,3.000000000000000e-03,2.999999654936130e-03,3.450638702724718e-10
16600,19,-2.500000000000000e-03,-2.500001060749600e-03,1.060749599702399e-09
16600,20,2.000000000000000e-03,2.000000501914677e-03,-5.019146773546646e-10
16600,21,1.800000000000000e-03,1.799999236435747e-03,7.635642532751591e-10
16600,22,-1.500000000000000e-03,-1.500000336881076e-03,3.368810762034019e-10
16600,23,1.200000000000000e-03,1.199999804344121e-03,1.956558784346057e-10
16600,24,1.000000000000000e-03,9.999998396534205e-04,1.603465795470965e-10
16600,25,-8.000000000000000e-04,-8.000002240181629e-04,2.240181628523560e-10
16600,26,5.999999999999999e-04,5.999993826731014e-04,6.173268985842223e-10
16600,27,5.000000000000000e-04,5.000000509711591e-04,-5.097115904264399e-11
16600,28,-4.000000000000000e-04,-3.999995128141314e-04,-4.871858685787447e-10
16600,29,3.000000000000000e-04,2.999994789667349e-04,5.210332650897563e-10
16700,0,1.200000000000000e-01,1.199999957138241e-01,4.286175900314326e-09
16700,1,-8.000000000000000e-02,-7.999999615558974e-02,-3.844410262354714e-09
16700,2,5.500000000000000e-02,5.499999800655208e-02,1.993447920622948e-09
16700,3,4.000000000000000e-02,3.999999849517571e-02,1.504824292952733e-09
16700,4,-3.000000000000000e-02,-2.999999935124914e-02,-6.487508551200616e-10
16700,5,2.500000000000000e-02,2.500000075457441e-02,-7.545744133696797e-10
16700,6,2.000000000000000e-02,1.999999771403021e-02,2.285969795401410e-09
16700,7,-1.800000000000000e-02,-1.799999820001758e-02,-1.799982423528190e-09
16700,8,1.500000000000000e-02,1.499999957301447e-02,4.269855320010452e-10
16700,9,1.200000000000000e-02,1.199999927599118e-02,7.240088216453611e-10
16700,10,-1.000000000000000e-02,-1.000000037944241e-02,3.794424063147117e-10
16700,11,8.999999999999999e-03,9.000001946304277e-03,-1.946304277467004e-09
16700,12,8.000000000000000e-03,7.999998075364372e-03,1.924635627953419e-09
16700,13,-7.000000000000000e-03,-7.000000310260863e-03,3.102608630081716e-10
16700,14,6.000000000000000e-03,6.000000462965003e-03,-4.629650031395816e-10
16700,15,5.000000000000000e-03,4.999999678335545e-03,3.216644546208403e-10
16700,16,-4.000000000000000e-03,-4.000001285737816e-03,1.285737815694132e-09
16700,17,3.500000000000000e-03,3.500001450458133e-03,-1.450458133375049e-09
16700,18,3.000000000000000e-03,2.999999712575667e-03,2.874243334657911e-10
16700,19,-2.500000000000000e-03,-2.500000946583979e-03,9.465839787350938e-10
16700,20,2.000000000000000e-03,2.000000448111306e-03,-4.481113058743547e-10
16700,21,1.800000000000000e-03,1.799999309286929e-03,6.907130709402076e-10
16700,22,-1.500000000000000e-03,-1.500000184408642e-03,1.844086415687951e-10
16700,23,1.200000000000000e-03,1.199999739830855e-03,2.601691446914994e-10
16700,24,1.000000000000000e-03,9.999998722255480e-04,1.277744520432333e-10
16700,25,-8.000000000000000e-04,-8.000001433064460e-04,1.433064459200467e-10
16700,26,5.999999999999999e-04,5.999994434620852e-04,5.565379147115523e-10
16700,27,5.000000000000000e-04,4.999999147057734e-04,8.529422665121827e-11
16700,28,-4.000000000000000e-04,-3.999993635232048e-04,-6.364767952049197e-10
16700,29,3.000000000000000e-04,2.999993899843506e-04,6.100156493761728e-10
16800,0,1.200000000000000e-01,1.199999962069863e-01,3.793013722552807e-09
16800,1,-8.000000000000000e-02,-7.999999648015825e-02,-3.519841751398189e-09
16800,2,5.500000000000000e-02,5.499999814675523e-02,1.853244765981366e-09
16800,3,4.000000000000000e-02,3.999999867896978e-02,1.321030222711794e-09
16800,4,-3.000000000000000e-02,-2.999999935458614e-02,-6.454138543054988e-10
16800,5,2.500000000000000e-02,2.500000063560473e-02,-6.356047320410507e-10
16800,6,2.000000000000000e-02,1.999999795358709e-02,2.046412910655659e-09
16800,7,-1.800000000000000e-02,-1.799999838397369e-02,-1.616026309297913e-09
16800,8,1.500000000000000e-02,1.499999967723364e-02,3.227663605137598e-10
16800,9,1.200000000000000e-02,1.199999936649696e-02,6.335030364873484e-10
16800,10,-1.000000000000000e-02,-1.000000036771714e-02,3.677171431931692e-10
16800,11,8.999999999999999e-03,9.000001857019803e-03,-1.857019803555571e-09
16800,12,8.000000000000000e-03,7.999998353328338e-03,1.646671661872934e-09
16800,13,-7.000000000000000e-03,-7.000000353426803e-03,3.534268025809362e-10
16800,14,6.000000000000000e-03,6.000000472534214e-03,-4.725342140146638e-10
16800,15,5.000000000000000e-03,4.999999829155556e-03,1.708444436268608e-10
16800,16,-4.000000000000000e-03,-4.000001310407302e-03,1.310407301766126e-09
16800,17,3.500000000000000e-03,3.500001400475938e-03,-1.400475938342916e-09
16800,18,3.000000000000000e-03,2.999999842665202e-03,1.573347979677564e-10
16800,19,-2.500000000000000e-03,-2.500000948580257e-03,9.485802573115654e-10
16800,20,2.000000000000000e-03,2.000000386158376e-03,-3.861583761088916e-10
16800,21,1.800000000000000e-03,1.799999477427046e-03,5.225729540932200e-10
16800,22,-1.500000000000000e-03,-1.500000191924461e-03,1.919244604822040e-10
16800,23,1.200000000000000e-03,1.199999774277290e-03,2.257227102713671e-10
16800,24,1.000000000000000e-03,9.999999388208905e-04,6.117910952146977e-11
16800,25,-8.000000000000000e-04,-8.000001572891825e-04,1.572891824381736e-10
16800,26,5.999999999999999e-04,5.999995269248053e-04,4.730751946863815e-10
16800,27,5.000000000000000e-04,4.999999380493238e-04,6.195067625124756e-11
16800,28,-4.000000000000000e-04,-3.999993550792893e-04,-6.449207107478254e-10
16800,29,3.000000000000000e-04,2.999993923965689e-04,6.076034311103262e-10
16900,0,1.200000000000000e-01,1.199999965169225e-01,3.483077465338269e-09
16900,1,-8.000000000000000e-02,-7.999999681950758e-02,-3.180492424981196e-09
16900,2,5.500000000000000e-02,5.499999823127120e-02,1.768728795370489e-09
16900,3,4.000000000000000e-02,3.999999891620481e-02,1.083795192480252e-09
16900,4,-3.000000000000000e-02,-2.999999949378991e-02,-5.062100877362141e-10
16900,5,2.500000000000000e-02,2.500000052297751e-02,-5.229775085213717e-10
16900,6,2.000000000000000e-02,1.999999826978353e-02,1.730216473566637e-09
16900,7,-1.800000000000000e-02,-1.799999857350952e-02,-1.426490481293285e-09
16900,8,1.500000000000000e-02,1.499999963415892e-02,3.658410761830933e-10
16900,9,1.200000000000000e-02,1.199999953570915e-02,4.642908488228237e-10
16900,10,-1.000000000000000e-02,-1.000000033611289e-02,3.361128892570564e-10
16900,11,8.999999999999999e-03,9.000001614237439e-03,-1.614237439898081e-09
16900,12,8.000000000000000e-03,7.999998583372185e-03,1.416627815054028e-09
16900,13,-7.000000000000000e-03,-7.000000350190817e-03,3.501908173164647e-10
16900,14,6.000000000000000e-03,6.000000410174768e-03,-4.101747682824786e-10
16900,15,5.000000000000000e-03,4.999999869654868e-03,1.303451322570703e-10
16900,16,-4.000000000000000e-03,-4.000001177580218e-03,1.177580218232610e-09
16900,17,3.500000000000000e-03,3.500001207598645e-03,-1.207598644779179e-09
16900,18,3.000000000000000e-03,2.999999900485221e-03,9.951477879591164e-11
16900,19,-2.500000000000000e-03,-2.500000855420123e-03,8.554201231907033e-10
16900,20,2.000000000000000e-03,2.000000355462346e-03,-3.554623461896056e-10
16900,21,1.800000000000000e-03,1.799999466820742e-03,5.331792574721911e-10
16900,22,-1.500000000000000e-03,-1.500000149928699e-03,1.499286987963200e-10
16900,23,1.200000000000000e-03,1.199999751582981e-03,2.484170185095697e-10
16900,24,1.000000000000000e-03,9.999999117347789e-04,8.826522108693058e-11
16900,25,-8.000000000000000e-04,-8.000001327859553e-04,1.327859552998842e-10
16900,26,5.999999999999999e-04,5.999996026577630e-04,3.973422369124915e-10
16900,27,5.000000000000000e-04,4.999998449915671e-04,1.550084329556695e-10
16900,28,-4.000000000000000e-04,-3.999993990022448e-04,-6.009977552515894e-10
16900,29,3.000000000000000e-04,2.999994606846134e-04,5.393153865661769e-10
17000,0,1.200000000000000e-01,1.199999967688402e-01,3.231159811933892e-09
17000,1,-8.000000000000000e-02,-7.999999706799671e-02,-2.932003292932528e-09
17000,2,5.500000000000000e-02,5.499999833917438e-02,1.660825615923400e-09
17000,3,4.000000000000000e-02,3.999999905333701e-02,9.466629910526159e-10
17000,4,-3.000000000000000e-02,-2.999999953486661e-02,-4.651333936067648e-10
17000,5,2.500000000000000e-02,2.500000049958280e-02,-4.995828022102966e-10
17000,6,2.000000000000000e-02,1.999999831549470e-02,1.684505299137662e-09
17000,7,-1.800000000000000e-02,-1.799999861555477e-02,-1.384445232066600e-09
17000,8,1.500000000000000e-02,1.499999958021515e-02,4.197848475079313e-10
17000,9,1.200000000000000e-02,1.199999963883667e-02,3.611633266759062e-10
17000,10,-1.000000000000000e-02,-1.000000035584183e-02,3.558418334298485e-10
17000,11,8.999999999999999e-03,9.000001437435854e-03,-1.437435854373392e-09
17000,12,8.000000000000000e-03,7.999998749004882e-03,1.250995118259879e-09
17000,13,-7.000000000000000e-03,-7.000000332849640e-03,3.328496402110748e-10
17000,14,6.000000000000000e-03,6.000000316705919e-03,-3.167059184350229e-10
17000,15,5.000000000000000e-03,4.999999903101199e-03,9.689880061530820e-11
17000,16,-4.000000000000000e-03,-4.000001116646159e-03,1.116646159218804e-09
17000,17,3.500000000000000e-03,3.500001118612889e-03,-1.118612888949266e-09
17000,18,3.000000000000000e-03,2.999999850399672e-03,1.496003282190628e-10
17000,19,-2.500000000000000e-03,-2.500000772221656e-03,7.722216559778727e-10
17000,20,2.000000000000000e-03,2.000000338527500e-03,-3.385275003028876e-10
17000,21,1.800000000000000e-03,1.799999461692105e-03,5.383078950042114e-10
17000,22,-1.500000000000000e-03,-1.500000085550643e-03,8.555064252499522e-11
17000,23,1.200000000000000e-03,1.199999737218680e-03,2.627813201414031e-10
17000,24,1.000000000000000e-03,9.999999226759238e-04,7.732407617845605e-11
17000,25,-8.000000000000000e-04,-8.000001366146962e-04,1.366146961181980e-10
17000,26,5.999999999999999e-04,5.999996580804074e-04,3.419195925740207e-10
17000,27,5.000000000000000e-04,4.999998379953080e-04,1.620046919965229e-10
17000,28,-4.000000000000000e-04,-3.999994275012842e-04,-5.724987158059643e-10
17000,29,3.000000000000000e-04,2.999994504286357e-04,5.495713642738979e-10
17100,0,1.200000000000000e-01,1.199999969919900e-01,3.008010007743422e-09
17100,1,-8.000000000000000e-02,-7.999999731215303e-02,-2.687846972770913e-09
17100,2,5.500000000000000e-02,5.499999849525924e-02,1.504740755609024e-09
17100,3,4.000000000000000e-02,3.999999911090079e-02,8.890992109211737e-10
17100,4,-3.000000000000000e-02,-2.999999953603500e-02,-4.639650018345431e-10
17100,5,2.500000000000000e-02,2.500000042038991e-02,-4.203899069132877e-10
17100,6,2.000000000000000e-02,1.999999846445076e-02,1.535549239845002e-09
17100,7,-1.800000000000000e-02,-1.799999877044322e-02,-1.229556782778030e-09
17100,8,1.500000000000000e-02,1.499999963185052e-02,3.681494744472991e-10
17100,9,1.200000000000000e-02,1.199999965104284e-02,3.489571600429064e-10
17100,10,-1.000000000000000e-02,-1.000000032191599e-02,3.219159851880482e-10
17100,11,8.999999999999999e-03,9.000001306122317e-03,-1.306122317940028e-09
17100,12,8.000000000000000e-03,7.999998827351947e-03,1.172648053313075e-09
17100,13,-7.000000000000000e-03,-7.000000312738210e-03,3.127382103285115e-10
17100,14,6.000000000000000e-03,6.000000296726251e-03,-2.967262512088009e-10
17100,15,5.000000000000000e-03,4.999999863586220e-03,1.364137804452104e-10
17100,16,-4.000000000000000e-03,-4.000001015244336e-03,1.015244335648979e-09
17100,17,3.500000000000000e-03,3.500001045426164e-03,-1.045426163606006e-09
17100,18,3.000000000000000e-03,2.999999806659227e-03,1.933407735126014e-10
17100,19,-2.500000000000000e-03,-2.500000717243678e-03,7.172436780784885e-10
17100,20,2.000000000000000e-03,2.000000366915237e-03,-3.669152369087381e-10
17100,21,1.800000000000000e-03,1.799999480750515e-03,5.192494849891316e-10
17100,22,-1.500000000000000e-03,-1.500000074573931e-03,7.457393058109274e-11
17100,23,1.200000000000000e-03,1.199999766004438e-03,2.339955622928519e-10
17100,24,1.000000000000000e-03,9.999999083250325e-04,9.167496753045845e-11
17100,25,-8.000000000000000e-04,-8.000001092130313e-04,1.092130313051429e-10
17100,26,5.999999999999999e-04,5.999996674300164e-04,3.325699835963689e-10
17100,27,5.000000000000000e-04,4.999998452855190e-04,1.547144810268991e-10
17100,28,-4.000000000000000e-04,-3.999994598129492e-04,-5.401870507978565e-10
17100,29,3.000000000000000e-04,2.999994941990528e-04,5.058009471328728e-10
17200,0,1.200000000000000e-01,1.199999972546942e-01,2.745305816009846e-09
17200,1,-8.000000000000000e-02,-7.999999762402361e-02,-2.375976387858358e-09
17200,2,5.500000000000000e-02,5.499999866440378e-02,1.335596223894786e-09
17200,3,4.000000000000000e-02,3.999999919887059e-02,8.011294128085211e-10
17200,4,-3.000000000000000e-02,-2.999999962484383e-02,-3.751561700182648e-10
17200,5,2.500000000000000e-02,2.500000035238829e-02,-3.523882921574462e-10
17200,6,2.000000000000000e-02,1.999999865875361e-02,1.341246391728390e-09
17200,7,-1.800000000000000e-02,-1.799999891045954e-02,-1.089540457854810e-09
17200,8,1.500000000000000e-02,1.499999962119921e-02,3.788007910815461e-10
17200,9,1.200000000000000e-02,1.199999974594822e-02,2.540517778787388e-10
17200,10,-1.000000000000000e-02,-1.000000032599765e-02,3.259976542185905e-10
17200,11,8.999999999999999e-03,9.000001120705869e-03,-1.120705870119587e-09
17200,12,8.000000000000000e-03,7.999998984148745e-03,1.015851255545264e-09
17200,13,-7.000000000000000e-03,-7.000000222962611e-03,2.229626110475391e-10
17200,14,6.000000000000000e-03,6.000000220047500e-03,-2.200475001865043e-10
17200,15,5.000000000000000e-03,4.999999825929664e-03,1.740703362701490e-10
17200,16,-4.000000000000000e-03,-4.000000850409971e-03,8.504099707415391e-10
17200,17,3.500000000000000e-03,3.500000941655678e-03,-9.416556783457819e-10
17200,18,3.000000000000000e-03,2.999999766516602e-03,2.334833984138363e-10
17200,19,-2.500000000000000e-03,-2.500000629187915e-03,6.291879153103030e-10
17200,20,2.000000000000000e-03,2.000000349400947e-03,-3.494009474108717e-10
17200,21,1.800000000000000e-03,1.799999471015439e-03,5.289845612325289e-10
17200,22,-1.500000000000000e-03,-1.500000069840354e-03,6.984035398616140e-11
17200,23,1.200000000000000e-03,1.199999837459150e-03,1.625408501369774e-10
17200,24,1.000000000000000e-03,9.999998041934914e-04,1.958065085939931e-10
17200,25,-8.000000000000000e-04,-8.000001296834911e-04,1.296834910508374e-10
17200,26,5.999999999999999e-04,5.999997737433849e-04,2.262566150060263e-10
17200,27,5.000000000000000e-04,4.999998701701181e-04,1.298298818713101e-10
17200,28,-4.000000000000000e-04,-3.999996209884256e-04,-3.790115744037661e-10
17200,29,3.000000000000000e-04,2.999995841473285e-04,4.158526714713277e-10
17300,0,1.200000000000000e-01,1.199999975543780e-01,2.445621982705148e-09
17300,1,-8.000000000000000e-02,-7.999999782130703e-02,-2.178692976029240e-09
17300,2,5.500000000000000e-02,5.499999878375771e-02,1.216242294377334e-09
17300,3,4.000000000000000e-02,3.999999923164140e-02,7.683585989681774e-10
17300,4,-3.000000000000000e-02,-2.999999960871716e-02,-3.912828394625478e-10
17300,5,2.500000000000000e-02,2.500000025894769e-02,-2.589476862102646e-10
17300,6,2.000000000000000e-02,1.999999878109966e-02,1.218900345240082e-09
17300,7,-1.800000000000000e-02,-1.799999903336641e-02,-9.666335926139524e-10
17300,8,1.500000000000000e-02,1.499999970576282e-02,2.942371797598486e-10
17300,9,1.200000000000000e-02,1.199999967260483e-02,3.273951700022426e-10
17300,10,-1.000000000000000e-02,-1.000000032923220e-02,3.292321953257682e-10
17300,11,8.999999999999999e-03,9.000001053660492e-03,-1.053660492189579e-09
17300,12,8.000000000000000e-03,7.999999098707862e-03,9.012921381446048e-10
17300,13,-7.000000000000000e-03,-7.000000284660289e-03,2.846602892639383e-10
17300,14,6.000000000000000e-03,6.000000239263462e-03,-2.392634614739597e-10
17300,15,5.000000000000000e-03,4.999999822549791e-03,1.774502090406971e-10
17300,16,-4.000000000000000e-03,-4.000000769426533e-03,7.694265329039052e-10
17300,17,3.500000000000000e-03,3.500000817987084e-03,-8.179870843172399e-10
17300,18,3.000000000000000e-03,2.999999850725700e-03,1.492742999521790e-10
17300,19,-2.500000000000000e-03,-2.500000675602985e-03,6.756029845809974e-10
17300,20,2.000000000000000e-03,2.000000357659905e-03,-3.576599047309947e-10
17300,21,1.800000000000000e-03,1.799999499442524e-03,5.005574758940728e-10
17300,22,-1.500000000000000e-03,-1.500000087190920e-03,8.719091984868421e-11
17300,23,1.200000000000000e-03,1.199999792140514e-03,2.078594859167976e-10
17300,24,1.000000000000000e-03,9.999998935311864e-04,1.064688135831576e-10
17300,25,-8.000000000000000e-04,-8.000001735888059e-04,1.735888058729956e-10
17300,26,5.999999999999999e-04,5.999998131191132e-04,1.868808867421315e-10
17300,27,5.000000000000000e-04,4.999999000273196e-04,9.997268041617852e-11
17300,28,-4.000000000000000e-04,-3.999996840325445e-04,-3.159674555417574e-10
17300,29,3.000000000000000e-04,2.999996673548277e-04,3.326451723122993e-10
17400,0,1.200000000000000e-01,1.199999978107589e-01,2.189241052330537e-09
17400,1,-8.000000000000000e-02,-7.999999804179815e-02,-1.958201850671415e-09
17400,2,5.500000000000000e-02,5.499999885892031e-02,1.141079689070956e-09
17400,3,4.000000000000000e-02,3.999999936287669e-02,6.371233124413678e-10
17400,4,-3.000000000000000e-02,-2.999999966567996e-02,-3.343200438710170e-10
17400,5,2.500000000000000e-02,2.500000018736935e-02,-1.873693492027151e-10
17400,6,2.000000000000000e-02,1.999999892769823e-02,1.072301771681827e-09
17400,7,-1.800000000000000e-02,-1.799999916957251e-02,-8.304274906612008e-10
17400,8,1.500000000000000e-02,1.499999971353884e-02,2.864611638175862e-10
17400,9,1.200000000000000e-02,1.199999976023036e-02,2.397696416411854e-10
17400,10,-1.000000000000000e-02,-1.000000035023946e-02,3.502394624321781e-10
17400,11,8.999999999999999e-03,9.000000951816559e-03,-9.518165595967520e-10
17400,12,8.000000000000000e-03,7.999999209000947e-03,7.909990527160682e-10
17400,13,-7.000000000000000e-03,-7.000000212306992e-03,2.123069922990717e-10
17400,14,6.000000000000000e-03,6.000000143489013e-03,-1.434890132059885e-10
17400,15,5.000000000000000e-03,4.999999901435037e-03,9.856496261534398e-11
17400,16,-4.000000000000000e-03,-4.000000737080239e-03,7.370802388578790e-10
17400,17,3.500000000000000e-03,3.500000733989658e-03,-7.339896576814831e-10
17400,18,3.000000000000000e-03,2.999999897844469e-03,1.021555309961564e-10
17400,19,-2.500000000000000e-03,-2.500000649386328e-03,6.493863281310797e-10
17400,20,2.000000000000000e-03,2.000000255201630e-03,-2.552016297938109e-10
17400,21,1.800000000000000e-03,1.799999594221764e-03,4.057782358821843e-10
17400,22,-1.500000000000000e-03,-1.500000075246901e-03,7.524690137476753e-11
17400,23,1.200000000000000e-03,1.199999744999618e-03,2.550003821381180e-10
17400,24,1.000000000000000e-03,9.999999493858905e-04,5.061410947478084e-11
17400,25,-8.000000000000000e-04,-8.000001474882520e-04,1.474882519716600e-10
17400,26,5.999999999999999e-04,5.999998224561545e-04,1.775438454023823e-10
17400,27,5.000000000000000e-04,4.999998968193948e-04,1.031806052273834e-10
17400,28,-4.000000000000000e-04,-3.999996291910925e-04,-3.708089075051858e-10
17400,29,3.000000000000000e-04,2.999996062324981e-04,3.937675018949455e-10
17500,0,1.200000000000000e-01,1.199999980411928e-01,1.958807199775592e-09
17500,1,-8.000000000000000e-02,-7.999999826373595e-02,-1.736264049201353e-09
17500,2,5.500000000000000e-02,5.499999894821535e-02,1.051784652428278e-09
17500,3,4.000000000000000e-02,3.999999942998362e-02,5.700163813182613e-10
17500,4,-3.000000000000000e-02,-2.999999970236680e-02,-2.976331958670642e-10
17500,5,2.500000000000000e-02,2.500000018033416e-02,-1.803341573292094e-10
17500,6,2.000000000000000e-02,1.999999900507703e-02,9.949229703987150e-10
17500,7,-1.800000000000000e-02,-1.799999928109678e-02,-7.189032147358887e-10
17500,8,1.500000000000000e-02,1.499999978458939e-02,2.154106060192618e-10
17500,9,1.200000000000000e-02,1.199999974651514e-02,2.534848650426191e-10
17500,10,-1.000000000000000e-02,-1.000000028661417e-02,2.866141664281674e-10
17500,11,8.999999999999999e-03,9.000000855346902e-03,-8.553469026811866e-10
17500,12,8.000000000000000e-03,7.999999265670143e-03,7.343298573381229e-10
17500,13,-7.000000000000000e-03,-7.000000206908019e-03,2.069080184963212e-10
17500,14,6.000000000000000e-03,6.000000136549934e-03,-1.365499336866693e-10
17500,15,5.000000000000000e-03,4.999999865457252e-03,1.345427484700235e-10
17500,16,-4.000000000000000e-03,-4.000000607636609e-03,6.076366085641660e-10
17500,17,3.500000000000000e-03,3.500000565271347e-03,-5.652713466579307e-10
17500,18,3.000000000000000e-03,2.999999967501066e-03,3.249893453308172e-11
17500,19,-2.500000000000000e-03,-2.500000580709393e-03,5.807093928986151e-10
17500,20,2.000000000000000e-03,2.000000186716437e-03,-1.867164374502739e-10
17500,21,1.800000000000000e-03,1.799999594649690e-03,4.053503103920025e-10
17500,22,-1.500000000000000e-03,-1.500000046291085e-03,4.629108511441937e-11
17500,23,1.200000000000000e-03,1.199999742574136e-03,2.574258640454519e-10
17500,24,1.000000000000000e-03,9.999999457069881e-04,5.429301192655389e-11
17500,25,-8.000000000000000e-04,-8.000001451037967e-04,1.451037967082139e-10
17500,26,5.999999999999999e-04,5.999998322594510e-04,1.677405489898878e-10
17500,27,5.000000000000000e-04,4.999998959996037e-04,1.040003962940114e-10
17500,28,-4.000000000000000e-04,-3.999996453266217e-04,-3.546733782860099e-10
17500,29,3.000000000000000e-04,2.999996161676720e-04,3.838323280090997e-10
17600,0,1.200000000000000e-01,1.199999982483477e-01,1.751652295434170e-09
17600,1,-8.000000000000000e-02,-7.999999843757799e-02,-1.562422011214259e-09
17600,2,5.500000000000000e-02,5.499999903590048e-02,9.640995224380333e-10
17600,3,4.000000000000000e-02,3.999999952887241e-02,4.711275883306776e-10
17600,4,-3.000000000000000e-02,-2.999999977609029e-02,-2.239097136869095e-10
17600,5,2.500000000000000e-02,2.500000019334687e-02,-1.933468662951299e-10
17600,6,2.000000000000000e-02,1.999999907119675e-02,9.288032530585522e-10
17600,7,-1.800000000000000e-02,-1.799999932441790e-02,-6.755820937398571e-10
17600,8,1.500000000000000e-02,1.499999976399570e-02,2.360043029059344e-10
17600,9,1.200000000000000e-02,1.199999979614295e-02,2.038570545009888e-10
17600,10,-1.000000000000000e-02,-1.000000029029161e-02,2.902916101943376e-10
17600,11,8.999999999999999e-03,9.000000788482980e-03,-7.884829802962123e-10
17600,12,8.000000000000000e-03,7.999999340229484e-03,6.597705159983036e-10
17600,13,-7.000000000000000e-03,-7.000000211649666e-03,2.116496656753841e-10
17600,14,6.000000000000000e-03,6.000000124501090e-03,-1.245010899930676e-10
17600,15,5.000000000000000e-03,4.999999871139048e-03,1.288609522906436e-10
17600,16,-4.000000000000000e-03,-4.000000556654166e-03,5.566541663379332e-10
17600,17,3.500000000000000e-03,3.500000509933837e-03,-5.099338364761286e-10
17600,18,3.000000000000000e-03,2.999999966528411e-03,3.347158921557236e-11
17600,19,-2.500000000000000e-03,-2.500000522349136e-03,5.223491357335408e-10
17600,20,2.000000000000000e-03,2.000000163669384e-03,-1.636693836015723e-10
17600,21,1.800000000000000e-03,1.799999643860330e-03,3.561396698381625e-10
17600,22,-1.500000000000000e-03,-1.500000024711728e-03,2.471172788967579e-11
17600,23,1.200000000000000e-03,1.199999745671593e-03,2.543284066420376e-10
17600,24,1.000000000000000e-03,9.999999538690052e-04,4.613099485739625e-11
17600,25,-8.000000000000000e-04,-8.000001570431425e-04,1.570431424876076e-10
17600,26,5.999999999999999e-04,5.999998987569654e-04,1.012430345722487e-10
17600,27,5.000000000000000e-04,4.999998148127147e-04,1.851872853198336e-10
17600,28,-4.000000000000000e-04,-3.999996431645220e-04,-3.568354780495581e-10
17600,29,3.000000000000000e-04,2.999996862229745e-04,3.137770254670220e-10
17700,0,1.200000000000000e-01,1.199999983602666e-01,1.639733404612542e-09
17700,1,-8.000000000000000e-02,-7.999999852556006e-02,-1.474439945137185e-09
17700,2,5.500000000000000e-02,5.499999907258184e-02,9.274181561602646e-10
17700,3,4.000000000000000e-02,3.999999958479582e-02,4.152041835348008e-10
17700,4,-3.000000000000000e-02,-2.999999981420777e-02,-1.857922288239777e-10
17700,5,2.500000000000000e-02,2.500000020256155e-02,-2.025615508660650e-10
17700,6,2.000000000000000e-02,1.999999912990597e-02,8.700940350159225e-10
17700,7,-1.800000000000000e-02,-1.799999937761656e-02,-6.223834433938258e-10
17700,8,1.500000000000000e-02,1.499999978296083e-02,2.170391713574027e-10
17700,9,1.200000000000000e-02,1.199999982783850e-02,1.721615038030588e-10
17700,10,-1.000000000000000e-02,-1.000000029465849e-02,2.946584885810122e-10
17700,11,8.999999999999999e-03,9.000000732953008e-03,-7.329530090499636e-10
17700,12,8.000000000000000e-03,7.999999373284468e-03,6.267155319011897e-10
17700,13,-7.000000000000000e-03,-7.000000193668658e-03,1.936686574999236e-10
17700,14,6.000000000000000e-03,6.000000122828337e-03,-1.228283369111849e-10
17700,15,5.000000000000000e-03,4.999999900412481e-03,9.958751878702543e-11
17700,16,-4.000000000000000e-03,-4.000000534070385e-03,5.340703851386408e-10
17700,17,3.500000000000000e-03,3.500000477978998e-03,-4.779789983949678e-10
17700,18,3.000000000000000e-03,2.999999967110288e-03,3.288971222106807e-11
17700,19,-2.500000000000000e-03,-2.500000498021200e-03,4.980212002340945e-10
17700,20,2.000000000000000e-03,2.000000197492772e-03,-1.974927721359876e-10
17700,21,1.800000000000000e-03,1.799999668463379e-03,3.315366210732140e-10
17700,22,-1.500000000000000e-03,-1.500000032833920e-03,3.283391982779327e-11
17700,23,1.200000000000000e-03,1.199999760707981e-03,2.392920184918212e-10
17700,24,1.000000000000000e-03,9.999999579855467e-04,4.201445333133769e-11
17700,25,-8.000000000000000e-04,-8.000001486523372e-04,1.486523371844323e-10
17700,26,5.999999999999999e-04,5.999999033525855e-04,9.664741446382963e-11
17700,27,5.000000000000000e-04,4.999998451772217e-04,1.548227782956213e-10
17700,28,-4.000000000000000e-04,-3.999996793889267e-04,-3.206110732803524e-10
17700,29,3.000000000000000e-04,2.999996871828027e-04,3.128171972757027e-10
17800,0,1.200000000000000e-01,1.199999984797234e-01,1.520276557420708e-09
17800,1,-8.000000000000000e-02,-7.999999865125001e-02,-1.348749986695985e-09
17800,2,5.500000000000000e-02,5.499999916200700e-02,8.379930013791004e-10
17800,3,4.000000000000000e-02,3.999999964765929e-02,3.523407121619471e-10
17800,4,-3.000000000000000e-02,-2.999999987210746e-02,-1.278925437775413e-10
17800,5,2.500000000000000e-02,2.500000022916001e-02,-2.291600069426192e-10
17800,6,2.000000000000000e-02,1.999999920069085e-02,7.993091501179439e-10
17800,7,-1.800000000000000e-02,-1.799999941415929e-02,-5.858407058079163e-10
17800,8,1.500000000000000e-02,1.499999978521277e-02,2.147872244645521e-10
17800,9,1.200000000000000e-02,1.199999986908236e-02,1.309176447805704e-10
17800,10,-1.000000000000000e-02,-1.000000026790603e-02,2.679060272237077e-10
17800,11,8.999999999999999e-03,9.000000654046682e-03,-6.540466831322922e-10
17800,12,8.000000000000000e-03,7.999999395532536e-03,6.044674639299474e-10
17800,13,-7.000000000000000e-03,-7.000000124340245e-03,1.243402446976516e-10
17800,14,6.000000000000000e-03,6.000000097159393e-03,-9.715939251059291e-11
17800,15,5.000000000000000e-03,4.999999890378790e-03,1.096212105464178e-10
17800,16,-4.000000000000000e-03,-4.000000445821062e-03,4.458210614913249e-10
17800,17,3.500000000000000e-03,3.500000420760664e-03,-4.207606641576378e-10
17800,18,3.000000000000000e-03,2.999999947804741e-03,5.219525939931247e-11
17800,19,-2.500000000000000e-03,-2.500000449901953e-03,4.499019529320691e-10
17800,20,2.000000000000000e-03,2.000000219494379e-03,-2.194943788356996e-10
17800,21,1.800000000000000e-03,1.799999652928799e-03,3.470712009890492e-10
17800,22,-1.500000000000000e-03,-1.500000002987718e-03,2.987717712121807e-12
17800,23,1.200000000000000e-03,1.199999797768981e-03,2.022310186065163e-10
17800,24,1.000000000000000e-03,9.999999524408166e-04,4.755918337102927e-11
17800,25,-8.000000000000000e-04,-8.000001681788681e-04,1.681788680757759e-10
17800,26,5.999999999999999e-04,5.999999479918287e-04,5.200817120715184e-11
17800,27,5.000000000000000e-04,4.999998604414661e-04,1.395585338915747e-10
17800,28,-4.000000000000000e-04,-3.999997443829764e-04,-2.556170235873921e-10
17800,29,3.000000000000000e-04,2.999997314559239e-04,2.685440760280371e-10
17900,0,1.200000000000000e-01,1.199999986281744e-01,1.371825583684760e-09
17900,1,-8.000000000000000e-02,-7.999999878660921e-02,-1.213390790621993e-09
17900,2,5.500000000000000e-02,5.499999924882353e-02,7.511764751888528e-10
17900,3,4.000000000000000e-02,3.999999969623142e-02,3.037685797346867e-10
17900,4,-3.000000000000000e-02,-2.999999989630328e-02,-1.036967178791315e-10
17900,5,2.500000000000000e-02,2.500000023334974e-02,-2.333497388373740e-10
17900,6,2.000000000000000e-02,1.999999926332729e-02,7.366727054758382e-10
17900,7,-1.800000000000000e-02,-1.799999947602801e-02,-5.239719907956797e-10
17900,8,1.500000000000000e-02,1.499999981906193e-02,1.809380718170717e-10
17900,9,1.200000000000000e-02,1.199999987829500e-02,1.217049967749961e-10
17900,10,-1.000000000000000e-02,-1.000000025224873e-02,2.522487305839372e-10
17900,11,8.999999999999999e-03,9.000000619593648e-03,-6.195936489566956e-10
17900,12,8.000000000000000e-03,7.999999410391629e-03,5.896083708073485e-10
17900,13,-7.000000000000000e-03,-7.000000072863180e-03,7.286317989935176e-11
17900,14,6.000000000000000e-03,6.000000054400180e-03,-5.440017967345279e-11
17900,15,5.000000000000000e-03,4.999999884926149e-03,1.150738506219828e-10
17900,16,-4.000000000000000e-03,-4.000000389487289e-03,3.894872887752476e-10
17900,17,3.500000000000000e-03,3.500000369036462e-03,-3.690364615456521e-10
17900,18,3.000000000000000e-03,2.999999945470544e-03,5.452945647105301e-11
17900,19,-2.500000000000000e-03,-2.500000402914729e-03,4.029147289245916e-10
17900,20,2.000000000000000e-03,2.000000197789670e-03,-1.977896696252202e-10
17900,21,1.800000000000000e-03,1.799999664642823e-03,3.353571773577479e-10
17900,22,-1.500000000000000e-03,-1.499999990357047e-03,-9.642952885843825e-12
17900,23,1.200000000000000e-03,1.199999803674276e-03,1.963257234734173e-10
17900,24,1.000000000000000e-03,9.999999767401852e-04,2.325981486410444e-11
17900,25,-8.000000000000000e-04,-8.000001688889255e-04,1.688889254142234e-10
17900,26,5.999999999999999e-04,5.999999596960151e-04,4.030398486742220e-11
17900,27,5.000000000000000e-04,4.999998864082188e-04,1.135917811635051e-10
17900,28,-4.000000000000000e-04,-3.999997597362309e-04,-2.402637691123304e-10
17900,29,3.000000000000000e-04,2.999997409998868e-04,2.590001131315758e-10
18000,0,1.200000000000000e-01,1.199999987739298e-01,1.226070148185876e-09
18000,1,-8.000000000000000e-02,-7.999999890301780e-02,-1.096982199522145e-09
18000,2,5.500000000000000e-02,5.499999931967667e-02,6.803233254526475e-10
18000,3,4.000000000000000e-02,3.999999972185229e-02,2.781477062563376e-10
18000,4,-3.000000000000000e-02,-2.999999993153534e-02,-6.846465408494318e-11
18000,5,2.500000000000000e-02,2.500000022770786e-02,-2.277078560430912e-10
18000,6,2.000000000000000e-02,1.999999929303501e-02,7.069649900215413e-10
18000,7,-1.800000000000000e-02,-1.799999950762229e-02,-4.923777080501068e-10
18000,8,1.500000000000000e-02,1.499999982264879e-02,1.773512066371996e-10
18000,9,1.200000000000000e-02,1.199999988499627e-02,1.150037270275517e-10
18000,10,-1.000000000000000e-02,-1.000000024947280e-02,2.494727948526565e-10
18000,11,8.999999999999999e-03,9.000000575023755e-03,-5.750237560414595e-10
18000,12,8.000000000000000e-03,7.999999444924712e-03,5.550752878169529e-10
18000,13,-7.000000000000000e-03,-7.000000057921624e-03,5.792162409423707e-11
18000,14,6.000000000000000e-03,6.000000077712966e-03,-7.771296540309836e-11
18000,15,5.000000000000000e-03,4.999999863225926e-03,1.367740738375534e-10
18000,16,-4.000000000000000e-03,-4.000000337572338e-03,3.375723381382478e-10
18000,17,3.500000000000000e-03,3.500000317911156e-03,-3.179111557338743e-10
18000,18,3.000000000000000e-03,2.999999956023623e-03,4.397637679356969e-11
18000,19,-2.500000000000000e-03,-2.500000371183514e-03,3.711835140467190e-10
18000,20,2.000000000000000e-03,2.000000163431861e-03,-1.634318604927520e-10
18000,21,1.800000000000000e-03,1.799999732339291e-03,2.676607084844268e-10
18000,22,-1.500000000000000e-03,-1.500000012598687e-03,1.259868685071774e-11
18000,23,1.200000000000000e-03,1.199999875451440e-03,1.245485598336260e-10
18000,24,1.000000000000000e-03,9.999999605222834e-04,3.947771666859556e-11
18000,25,-8.000000000000000e-04,-8.000001479390822e-04,1.479390822085175e-10
18000,26,5.999999999999999e-04,5.999999871115066e-04,1.288849333248160e-11
18000,27,5.000000000000000e-04,4.999998886362504e-04,1.113637496021752e-10
18000,28,-4.000000000000000e-04,-3.999997897091513e-04,-2.102908487535554e-10
18000,29,3.000000000000000e-04,2.999997740649281e-04,2.259350719208998e-10
18100,0,1.200000000000000e-01,1.199999988818709e-01,1.118129130950329e-09
18100,1,-8.000000000000000e-02,-7.999999900498138e-02,-9.950186230511804e-10
18100,2,5.500000000000000e-02,5.499999937227836e-02,6.277216385575102e-10
18100,3,4.000000000000000e-02,3.999999975604393e-02,2.439560706224420e-10
18100,4,-3.000000000000000e-02,-2.999999995276969e-02,-4.723030994080446e-11
18100,5,2.500000000000000e-02,2.500000019388499e-02,-1.938849913951657e-10
18100,6,2.000000000000000e-02,1.999999936763126e-02,6.323687407050471e-10
18100,7,-1.800000000000000e-02,-1.799999956492664e-02,-4.350733592839440e-10
18100,8,1.500000000000000e-02,1.499999982774443e-02,1.722555743877141e-10
18100,9,1.200000000000000e-02,1.199999991820993e-02,8.179006950881362e-11
18100,10,-1.000000000000000e-02,-1.000000023686168e-02,2.368616778408716e-10
18100,11,8.999999999999999e-03,9.000000514875426e-03,-5.148754270156708e-10
18100,12,8.000000000000000e-03,7.999999519995098e-03,4.800049021452812e-10
18100,13,-7.000000000000000e-03,-7.000000073791349e-03,7.379134889934358e-11
18100,14,6.000000000000000e-03,6.000000078556266e-03,-7.855626565911322e-11
18100,15,5.000000000000000e-03,4.999999864677306e-03,1.353226940226104e-10
18100,16,-4.000000000000000e-03,-4.000000311143228e-03,3.111432275021420e-10
18100,17,3.500000000000000e-03,3.500000287570749e-03,-2.875707484639722e-10
18100,18,3.000000000000000e-03,2.999999959600478e-03,4.039952226919663e-11
18100,19,-2.500000000000000e-03,-2.500000371616177e-03,3.716161766330328e-10
18100,20,2.000000000000000e-03,2.000000177048948e-03,-1.770489484187454e-10
18100,21,1.800000000000000e-03,1.799999728900632e-03,2.710993679978096e-10
18100,22,-1.500000000000000e-03,-1.499999998864879e-03,-1.135121293835417e-12
18100,23,1.200000000000000e-03,1.199999877773370e-03,1.222266302926267e-10
18100,24,1.000000000000000e-03,9.999999872434234e-04,1.275657661101159e-11
18100,25,-8.000000000000000e-04,-8.000001870683385e-04,1.870683384672805e-10
18100,26,5.999999999999999e-04,6.000000140797837e-04,-1.407978377984676e-11
18100,27,5.000000000000000e-04,4.999998862448662e-04,1.137551337848652e-10
18100,28,-4.000000000000000e-04,-3.999997940960145e-04,-2.059039855392859e-10
18100,29,3.000000000000000e-04,2.999997561954147e-04,2.438045852985911e-10
18200,0,1.200000000000000e-01,1.199999989793866e-01,1.020613440982920e-09
18200,1,-8.000000000000000e-02,-7.999999910324415e-02,-8.967558501327133e-10
18200,2,5.500000000000000e-02,5.499999945194953e-02,5.480504661203867e-10
18200,3,4.000000000000000e-02,3.999999974828711e-02,2.517128866452722e-10
18200,4,-3.000000000000000e-02,-2.999999993308197e-02,-6.691803014491349e-11
18200,5,2.500000000000000e-02,2.500000017123065e-02,-1.712306511858497e-10
18200,6,2.000000000000000e-02,1.999999942064954e-02,5.793504634366009e-10
18200,7,-1.800000000000000e-02,-1.799999959748402e-02,-4.025159823506375e-10
18200,8,1.500000000000000e-02,1.499999985001963e-02,1.499803684024137e-10
18200,9,1.200000000000000e-02,1.199999991376293e-02,8.623707130339664e-11
18200,10,-1.000000000000000e-02,-1.000000021175509e-02,2.117550891578279e-10
18200,11,8.999999999999999e-03,9.000000468147452e-03,-4.681474530948693e-10
18200,12,8.000000000000000e-03,7.999999555014826e-03,4.449851737087229e-10
18200,13,-7.000000000000000e-03,-7.000000065865852e-03,6.586585183515625e-11
18200,14,6.000000000000000e-03,6.000000076217783e-03,-7.621778295302528e-11
18200,15,5.000000000000000e-03,4.999999862435514e-03,1.375644858442326e-10
18200,16,-4.000000000000000e-03,-4.000000291174762e-03,2.911747622527661e-10
18200,17,3.500000000000000e-03,3.500000288631277e-03,-2.886312768651811e-10
18200,18,3.000000000000000e-03,2.999999945909343e-03,5.409065686676207e-11
18200,19,-2.500000000000000e-03,-2.500000332250949e-03,3.322509489755987e-10
18200,20,2.000000000000000e-03,2.000000150201436e-03,-1.502014354906600e-10
18200,21,1.800000000000000e-03,1.799999772759661e-03,2.272403389590172e-10
18200,22,-1.500000000000000e-03,-1.500000011972574e-03,1.197257397389517e-11
18200,23,1.200000000000000e-03,1.199999901358964e-03,9.864103544393599e-11
18200,24,1.000000000000000e-03,9.999999823642103e-04,1.763578974696423e-11
18200,25,-8.000000000000000e-04,-8.000001642398758e-04,1.642398757143240e-10
18200,26,5.999999999999999e-04,6.000000030329401e-04,-3.032940109996829e-12
18200,27,5.000000000000000e-04,4.999999106458123e-04,8.935418767744285e-11
18200,28,-4.000000000000000e-04,-3.999998187525721e-04,-1.812474278734683e-10
18200,29,3.000000000000000e-04,2.999997767329213e-04,2.232670786531804e-10
18300,0,1.200000000000000e-01,1.199999990679083e-01,9.320916677379998e-10
18300,1,-8.000000000000000e-02,-7.999999918510765e-02,-8.148923480444381e-10
18300,2,5.500000000000000e-02,5.499999948527173e-02,5.147282669537567e-10
18300,3,4.000000000000000e-02,3.999999979690861e-02,2.030913909267795e-10
18300,4,-3.000000000000000e-02,-2.999999997048323e-02,-2.951676750240217e-11
18300,5,2.500000000000000e-02,2.500000017519513e-02,-1.751951327066958e-10
18300,6,2.000000000000000e-02,1.999999945802563e-02,5.419743751011730e-10
18300,7,-1.800000000000000e-02,-1.799999963022569e-02,-3.697743049257962e-10
18300,8,1.500000000000000e-02,1.499999985333585e-02,1.466641478403696e-10
18300,9,1.200000000000000e-02,1.199999992851307e-02,7.148692575398297e-11
18300,10,-1.000000000000000e-02,-1.000000019782389e-02,1.978238874794647e-10
18300,11,8.999999999999999e-03,9.000000421375104e-03,-4.213751049475523e-10
18300,12,8.000000000000000e-03,7.999999589984798e-03,4.100152023456261e-10
18300,13,-7.000000000000000e-03,-7.000000053993801e-03,5.399380074988525e-11
18300,14,6.000000000000000e-03,6.000000042371578e-03,-4.237157760073051e-11
18300,15,5.000000000000000e-03,4.999999882284869e-03,1.177151310455260e-10
18300,16,-4.000000000000000e-03,-4.000000271321797e-03,2.713217966271442e-10
18300,17,3.500000000000000e-03,3.500000264436834e-03,-2.644368339750625e-10
18300,18,3.000000000000000e-03,2.999999948391274e-03,5.160872597331778e-11
18300,19,-2.500000000000000e-03,-2.500000306583495e-03,3.065834947024726e-10
18300,20,2.000000000000000e-03,2.000000133634375e-03,-1.336343748332969e-10
18300,21,1.800000000000000e-03,1.799999789774408e-03,2.102255917089957e-10
18300,22,-1.500000000000000e-03,-1.500000019002252e-03,1.900225181199200e-11
18300,23,1.200000000000000e-03,1.199999921643776e-03,7.835622341939574e-11
18300,24,1.000000000000000e-03,9.999999751413398e-04,2.485866026913364e-11
18300,25,-8.000000000000000e-04,-8.000001665127431e-04,1.665127430470342e-10
18300,26,5.999999999999999e-04,6.000000163712955e-04,-1.637129559521611e-11
18300,27,5.000000000000000e-04,4.999999131011513e-04,8.689884868542247e-11
18300,28,-4.000000000000000e-04,-3.999998497799550e-04,-1.502200450620092e-10
18300,29,3.000000000000000e-04,2.999998202096727e-04,1.797903273199723e-10
18400,0,1.200000000000000e-01,1.199999991632344e-01,8.367656151309077e-10
18400,1,-8.000000000000000e-02,-7.999999927261123e-02,-7.273887742131890e-10
18400,2,5.500000000000000e-02,5.499999953163580e-02,4.683642015890221e-10
18400,3,4.000000000000000e-02,3.999999981491199e-02,1.850880143594580e-10
18400,4,-3.000000000000000e-02,-2.999999996368402e-02,-3.631597800257680e-11
18400,5,2.500000000000000e-02,2.500000014178076e-02,-1.417807607428934e-10
18400,6,2.000000000000000e-02,1.999999951122217e-02,4.887778341788884e-10
18400,7,-1.800000000000000e-02,-1.799999968770138e-02,-3.122986175219111e-10
18400,8,1.500000000000000e-02,1.499999987477209e-02,1.252279096392028e-10
18400,9,1.200000000000000e-02,1.199999992335910e-02,7.664090369285947e-11
18400,10,-1.000000000000000e-02,-1.000000018756302e-02,1.875630224051905e-10
18400,11,8.999999999999999e-03,9.000000371369846e-03,-3.713698463331250e-10
18400,12,8.000000000000000e-03,7.999999630729816e-03,3.692701838753365e-10
18400,13,-7.000000000000000e-03,-7.000000074917126e-03,7.491712545465434e-11
18400,14,6.000000000000000e-03,6.000000052585096e-03,-5.258509599981309e-11
18400,15,5.000000000000000e-03,4.999999879956715e-03,1.200432852080380e-10
18400,16,-4.000000000000000e-03,-4.000000239075281e-03,2.390752812733710e-10
18400,17,3.500000000000000e-03,3.500000222127897e-03,-2.221278972390495e-10
18400,18,3.000000000000000e-03,2.999999979008027e-03,2.099197291688393e-11
18400,19,-2.500000000000000e-03,-2.500000305248939e-03,3.052489385389767e-10
18400,20,2.000000000000000e-03,2.000000129122063e-03,-1.291220628682477e-10
18400,21,1.800000000000000e-03,1.799999799202549e-03,2.007974511490651e-10
18400,22,-1.500000000000000e-03,-1.500000014196315e-03,1.419631513038810e-11
18400,23,1.200000000000000e-03,1.199999900049578e-03,9.995042228767848e-11
18400,24,1.000000000000000e-03,9.999999958194845e-04,4.180515525767370e-12
18400,25,-8.000000000000000e-04,-8.000001764380440e-04,1.764380439710569e-10
18400,26,5.999999999999999e-04,6.000000169318947e-04,-1.693189479682472e-11
18400,27,5.000000000000000e-04,4.999999170923129e-04,8.290768711751578e-11
18400,28,-4.000000000000000e-04,-3.999998517701535e-04,-1.482298465286906e-10
18400,29,3.000000000000000e-04,2.999998073251033e-04,1.926748967079513e-10
18500,0,1.200000000000000e-01,1.199999992560965e-01,7.439035221157297e-10
18500,1,-8.000000000000000e-02,-7.999999933962279e-02,-6.603772112478978e-10
18500,2,5.500000000000000e-02,5.499999959583637e-02,4.041636261775672e-10
18500,3,4.000000000000000e-02,3.999999983709929e-02,1.629007137515792e-10
18500,4,-3.000000000000000e-02,-2.999999996129017e-02,-3.870983047993271e-11
18500,5,2.500000000000000e-02,2.500000015100260e-02,-1.510026027828903e-10
18500,6,2.000000000000000e-02,1.999999956001884e-02,4.399811556754507e-10
18500,7,-1.800000000000000e-02,-1.799999972741067e-02,-2.725893261112944e-10
18500,8,1.500000000000000e-02,1.499999992700279e-02,7.299721417608485e-11
18500,9,1.200000000000000e-02,1.199999991136483e-02,8.863516864909826e-11
18500,10,-1.000000000000000e-02,-1.000000014873739e-02,1.487373904596190e-10
18500,11,8.999999999999999e-03,9.000000363273288e-03,-3.632732881869716e-10
18500,12,8.000000000000000e-03,7.999999639094780e-03,3.609052206393626e-10
18500,13,-7.000000000000000e-03,-7.000000039383008e-03,3.938300813938200e-11
18500,14,6.000000000000000e-03,6.000000058697216e-03,-5.869721549089935e-11
18500,15,5.000000000000000e-03,4.999999883704397e-03,1.162956033556872e-10
18500,16,-4.000000000000000e-03,-4.000000193397120e-03,1.933971203668672e-10
18500,17,3.500000000000000e-03,3.500000205196806e-03,-2.051968057276143e-10
18500,18,3.000000000000000e-03,2.999999975371896e-03,2.462810424347373e-11
18500,19,-2.500000000000000e-03,-2.500000247047100e-03,2.470471002248564e-10
18500,20,2.000000000000000e-03,2.000000103837547e-03,-1.038375470677200e-10
18500,21,1.800000000000000e-03,1.799999839956909e-03,1.600430907591766e-10
18500,22,-1.500000000000000e-03,-1.500000019264441e-03,1.926444095391722e-11
18500,23,1.200000000000000e-03,1.199999914877755e-03,8.512224475634711e-11
18500,24,1.000000000000000e-03,1.000000023318701e-03,-2.331870070301778e-11
18500,25,-8.000000000000000e-04,-8.000001711146843e-04,1.711146842709593e-10
18500,26,5.999999999999999e-04,6.000000353019659e-04,-3.530196599453583e-11
18500,27,5.000000000000000e-04,4.999999366225682e-04,6.337743177486921e-11
18500,28,-4.000000000000000e-04,-3.999998682042908e-04,-1.317957092203045e-10
18500,29,3.000000000000000e-04,2.999998389706713e-04,1.610293287059548e-10
18600,0,1.200000000000000e-01,1.199999993412784e-01,6.587215911624256e-10
18600,1,-8.000000000000000e-02,-7.999999940484133e-02,-5.951586723451641e-10
18600,2,5.500000000000000e-02,5.499999961772368e-02,3.822763217087299e-10
18600,3,4.000000000000000e-02,3.999999986940529e-02,1.305947155971765e-10
18600,4,-3.000000000000000e-02,-2.999999996431400e-02,-3.568599582504106e-11
18600,5,2.500000000000000e-02,2.500000013580098e-02,-1.358009815710659e-10
18600,6,2.000000000000000e-02,1.999999960511987e-02,3.948801285957870e-10
18600,7,-1.800000000000000e-02,-1.799999975760477e-02,-2.423952288888032e-10
18600,8,1.500000000000000e-02,1.499999991658658e-02,8.341342200290924e-11
18600,9,1.200000000000000e-02,1.199999994083992e-02,5.916008308237686e-11
18600,10,-1.000000000000000e-02,-1.000000014543088e-02,1.454308791448700e-10
18600,11,8.999999999999999e-03,9.000000321012495e-03,-3.210124960989491e-10
18600,12,8.000000000000000e-03,7.999999679906779e-03,3.200932210262186e-10
18600,13,-7.000000000000000e-03,-7.000000048288935e-03,4.828893448299842e-11
18600,14,6.000000000000000e-03,6.000000045721256e-03,-4.572125577445574e-11
18600,15,5.000000000000000e-03,4.999999907484592e-03,9.251540766114230e-11
18600,16,-4.000000000000000e-03,-4.000000182804359e-03,1.828043584561900e-10
18600,17,3.500000000000000e-03,3.500000170826096e-03,-1.708260963240171e-10
18600,18,3.000000000000000e-03,2.999999992277482e-03,7.722517937625017e-12
18600,19,-2.500000000000000e-03,-2.500000214086394e-03,2.140863940118531e-10
18600,20,2.000000000000000e-03,2.000000075340644e-03,-7.534064387984540e-11
18600,21,1.800000000000000e-03,1.799999866155846e-03,1.338441540758850e-10
18600,22,-1.500000000000000e-03,-1.500000000946598e-03,9.465976179984237e-13
18600,23,1.200000000000000e-03,1.199999893083219e-03,1.069167807673382e-10
18600,24,1.000000000000000e-03,1.000000048292045e-03,-4.829204484219085e-11
18600,25,-8.000000000000000e-04,-8.000001483334587e-04,1.483334586887750e-10
18600,26,5.999999999999999e-04,6.000000160940925e-04,-1.609409253002653e-11
18600,27,5.000000000000000e-04,4.999999443096835e-04,5.569031650762279e-11
18600,28,-4.000000000000000e-04,-3.999998624615857e-04,-1.375384143598515e-10
18600,29,3.000000000000000e-04,2.999998428464874e-04,1.571535125882532e-10
18700,0,1.200000000000000e-01,1.199999994056216e-01,5.943784353590331e-10
18700,1,-8.000000000000000e-02,-7.999999945753805e-02,-5.424619503591188e-10
18700,2,5.500000000000000e-02,5.499999963742068e-02,3.625793207340244e-10
18700,3,4.000000000000000e-02,3.999999989793475e-02,1.020652520833387e-10
18700,4,-3.000000000000000e-02,-2.999999997254366e-02,-2.745633581602291e-11
18700,5,2.500000000000000e-02,2.500000012913880e-02,-1.291388003477056e-10
18700,6,2.000000000000000e-02,1.999999964505604e-02,3.549439596406412e-10
18700,7,-1.800000000000000e-02,-1.799999979085598e-02,-2.091440146068102e-10
18700,8,1.500000000000000e-02,1.499999993510983e-02,6.489017136124264e-11
18700,9,1.200000000000000e-02,1.199999995009926e-02,4.990073979027621e-11
18700,10,-1.000000000000000e-02,-1.000000012853759e-02,1.285375937631894e-10
18700,11,8.999999999999999e-03,9.000000296966850e-03,-2.969668504160250e-10
18700,12,8.000000000000000e-03,7.999999704826347e-03,2.951736528811200e-10
18700,13,-7.000000000000000e-03,-7.000000044502923e-03,4.450292304808423e-11
18700,14,6.000000000000000e-03,6.000000044538268e-03,-4.453826803890726e-11
18700,15,5.000000000000000e-03,4.999999929779030e-03,7.022097053138721e-11
18700,16,-4.000000000000000e-03,-4.000000179880037e-03,1.798800370808595e-10
18700,17,3.500000000000000e-03,3.500000149986939e-03,-1.499869391012598e-10
18700,18,3.000000000000000e-03,3.000000001561178e-03,-1.561177836312266e-12
18700,19,-2.500000000000000e-03,-2.500000194926816e-03,1.949268155741757e-10
18700,20,2.000000000000000e-03,2.000000069224933e-03,-6.922493307748301e-11
18700,21,1.800000000000000e-03,1.799999888018735e-03,1.119812647557700e-10
18700,22,-1.500000000000000e-03,-1.500000012657357e-03,1.265735715023919e-11
18700,23,1.200000000000000e-03,1.199999908486772e-03,9.151322755140967e-11
18700,24,1.000000000000000e-03,1.000000043049267e-03,-4.304926662541952e-11
18700,25,-8.000000000000000e-04,-8.000001286794271e-04,1.286794270314098e-10
18700,26,5.999999999999999e-04,6.000000213856531e-04,-2.138565312250623e-11
18700,27,5.000000000000000e-04,4.999999381885829e-04,6.181141709582505e-11
18700,28,-4.000000000000000e-04,-3.999998653752529e-04,-1.346247471682195e-10
18700,29,3.000000000000000e-04,2.999998500056768e-04,1.499943231685757e-10
18800,0,1.200000000000000e-01,1.199999994351530e-01,5.648470441377285e-10
18800,1,-8.000000000000000e-02,-7.999999947533683e-02,-5.246631740174479e-10
18800,2,5.500000000000000e-02,5.499999965638198e-02,3.436180229243746e-10
18800,3,4.000000000000000e-02,3.999999990906519e-02,9.093480829447387e-11
18800,4,-3.000000000000000e-02,-2.999999998038309e-02,-1.961691226126661e-11
18800,5,2.500000000000000e-02,2.500000012988890e-02,-1.298888947787180e-10
18800,6,2.000000000000000e-02,1.999999965105113e-02,3.489488663299678e-10
18800,7,-1.800000000000000e-02,-1.799999980075760e-02,-1.992423968866230e-10
18800,8,1.500000000000000e-02,1.499999993792924e-02,6.207075825548358e-11
18800,9,1.200000000000000e-02,1.199999994493179e-02,5.506821214307234e-11
18800,10,-1.000000000000000e-02,-1.000000012228275e-02,1.222827481633937e-10
18800,11,8.999999999999999e-03,9.000000286067136e-03,-2.860671369925294e-10
18800,12,8.000000000000000e-03,7.999999709816189e-03,2.901838110080934e-10
18800,13,-7.000000000000000e-03,-7.000000029570381e-03,2.957038086615071e-11
18800,14,6.000000000000000e-03,6.000000037570860e-03,-3.757085961786366e-11
18800,15,5.000000000000000e-03,4.999999934513176e-03,6.548682429663444e-11
18800,16,-4.000000000000000e-03,-4.000000167204760e-03,1.672047595865922e-10
18800,17,3.500000000000000e-03,3.500000132809199e-03,-1.328091989681590e-10
18800,18,3.000000000000000e-03,3.000000004514368e-03,-4.514368046049100e-12
18800,19,-2.500000000000000e-03,-2.500000181789907e-03,1.817899073462692e-10
18800,20,2.000000000000000e-03,2.000000062218960e-03,-6.221896045252584e-11
18800,21,1.800000000000000e-03,1.799999897953555e-03,1.020464446450930e-10
18800,22,-1.500000000000000e-03,-1.500000008267804e-03,8.267803759329229e-12
18800,23,1.200000000000000e-03,1.199999907951948e-03,9.204805190635157e-11
18800,24,1.000000000000000e-03,1.000000048676275e-03,-4.867627503325755e-11
18800,25,-8.000000000000000e-04,-8.000001283921324e-04,1.283921323208190e-10
18800,26,5.999999999999999e-04,6.000000153196330e-04,-1.531963304043232e-11
18800,27,5.000000000000000e-04,4.999999458878930e-04,5.411210704780317e-11
18800,28,-4.000000000000000e-04,-3.999998770611707e-04,-1.229388293098356e-10
18800,29,3.000000000000000e-04,2.999998506790247e-04,1.493209752893854e-10
18900,0,1.200000000000000e-01,1.199999994854547e-01,5.145452675048290e-10
18900,1,-8.000000000000000e-02,-7.999999952721475e-02,-4.727852553898515e-10
18900,2,5.500000000000000e-02,5.499999969936304e-02,3.006369597713388e-10
18900,3,4.000000000000000e-02,3.999999991024378e-02,8.975621634821351e-11
18900,4,-3.000000000000000e-02,-2.999999997632664e-02,-2.367335841246820e-11
18900,5,2.500000000000000e-02,2.500000010098061e-02,-1.009806092910903e-10
18900,6,2.000000000000000e-02,1.999999969883444e-02,3.011655647089384e-10
18900,7,-1.800000000000000e-02,-1.799999983199834e-02,-1.680016542549012e-10
18900,8,1.500000000000000e-02,1.499999994422380e-02,5.577620136587580e-11
18900,9,1.200000000000000e-02,1.199999994035665e-02,5.964334581776143e-11
18900,10,-1.000000000000000e-02,-1.000000010145451e-02,1.014545114585985e-10
18900,11,8.999999999999999e-03,9.000000250381902e-03,-2.503819027110943e-10
18900,12,8.000000000000000e-03,7.999999738674055e-03,2.613259452582950e-10
18900,13,-7.000000000000000e-03,-7.000000021614649e-03,2.161464843913885e-11
18900,14,6.000000000000000e-03,6.000000031618725e-03,-3.161872499934937e-11
18900,15,5.000000000000000e-03,4.999999938865464e-03,6.113453580175454e-11
18900,16,-4.000000000000000e-03,-4.000000148828886e-03,1.488288858472742e-10
18900,17,3.500000000000000e-03,3.500000126390745e-03,-1.263907450921309e-10
18900,18,3.000000000000000e-03,2.999999998821134e-03,1.178866466250428e-12
18900,19,-2.500000000000000e-03,-2.500000165618112e-03,1.656181116728439e-10
18900,20,2.000000000000000e-03,2.000000053938755e-03,-5.393875493822642e-11
18900,21,1.800000000000000e-03,1.799999903150709e-03,9.684929139046339e-11
18900,22,-1.500000000000000e-03,-1.500000012830945e-03,1.283094464010759e-11
18900,23,1.200000000000000e-03,1.199999922623505e-03,7.737649453457007e-11
18900,24,1.000000000000000e-03,1.000000027237700e-03,-2.723769994272818e-11
18900,25,-8.000000000000000e-04,-8.000001092600648e-04,1.092600647543268e-10
18900,26,5.999999999999999e-04,6.000000171689584e-04,-1.716895842076432e-11
18900,27,5.000000000000000e-04,4.999999492287927e-04,5.077120733380791e-11
18900,28,-4.000000000000000e-04,-3.999998842491718e-04,-1.157508282474164e-10
18900,29,3.000000000000000e-04,2.999998751649187e-04,1.248350812370173e-10
19000,0,1.200000000000000e-01,1.199999995422811e-01,4.577189044452368e-10
19000,1,-8.000000000000000e-02,-7.999999957943572e-02,-4.205642778476459e-10
19000,2,5.500000000000000e-02,5.499999973704020e-02,2.629597997683142e-10
19000,3,4.000000000000000e-02,3.999999990984197e-02,9.015803381640097e-11
19000,4,-3.000000000000000e-02,-2.999999997814902e-02,-2.185097588980334e-11
19000,5,2.500000000000000e-02,2.500000007959305e-02,-7.959304396121247e-11
19000,6,2.000000000000000e-02,1.999999973223012e-02,2.677698757169722e-10
19000,7,-1.800000000000000e-02,-1.799999985750547e-02,-1.424945265948718e-10
19000,8,1.500000000000000e-02,1.499999994966328e-02,5.033672263732303e-11
19000,9,1.200000000000000e-02,1.199999994169885e-02,5.830115036575823e-11
19000,10,-1.000000000000000e-02,-1.000000008102360e-02,8.102359581874108e-11
19000,11,8.999999999999999e-03,9.000000209203100e-03,-2.092031010231254e-10
19000,12,8.000000000000000e-03,7.999999768446243e-03,2.315537570712900e-10
19000,13,-7.000000000000000e-03,-7.000000020138260e-03,2.013825998320451e-11
19000,14,6.000000000000000e-03,6.000000014512086e-03,-1.451208597735842e-11
19000,15,5.000000000000000e-03,4.999999946395203e-03,5.360479681665309e-11
19000,16,-4.000000000000000e-03,-4.000000137590155e-03,1.375901545475067e-10
19000,17,3.500000000000000e-03,3.500000114676091e-03,-1.146760906720057e-10
19000,18,3.000000000000000e-03,2.999999980693702e-03,1.930629787982863e-11
19000,19,-2.500000000000000e-03,-2.500000125183983e-03,1.251839825376633e-10
19000,20,2.000000000000000e-03,2.000000026023845e-03,-2.602384453764817e-11
19000,21,1.800000000000000e-03,1.799999918147261e-03,8.185273877962806e-11
19000,22,-1.500000000000000e-03,-1.500000013493663e-03,1.349366300119892e-11
19000,23,1.200000000000000e-03,1.199999938165575e-03,6.183442516696780e-11
19000,24,1.000000000000000e-03,1.000000006224051e-03,-6.224050571809747e-12
19000,25,-8.000000000000000e-04,-8.000000794624717e-04,7.946247165043635e-11
19000,26,5.999999999999999e-04,6.000000099576627e-04,-9.957662732568151e-12
19000,27,5.000000000000000e-04,4.999999531968091e-04,4.680319088019858e-11
19000,28,-4.000000000000000e-04,-3.999998958890999e-04,-1.041109000767849e-10
19000,29,3.000000000000000e-04,2.999998970101234e-04,1.029898765553781e-10
19100,0,1.200000000000000e-01,1.199999995953656e-01,4.046344370678412e-10
19100,1,-8.000000000000000e-02,-7.999999962373994e-02,-3.762600647716496e-10
19100,2,5.500000000000000e-02,5.499999976997485e-02,2.300251517040053e-10
19100,3,4.000000000000000e-02,3.999999991063707e-02,8.936293371952786e-11
19100,4,-3.000000000000000e-02,-2.999999997396899e-02,-2.603101068032743e-11
19100,5,2.500000000000000e-02,2.500000006748893e-02,-6.748893111030441e-11
19100,6,2.000000000000000e-02,1.999999976529629e-02,2.347037113270556e-10
19100,7,-1.800000000000000e-02,-1.799999987277777e-02,-1.272222258097422e-10
19100,8,1.500000000000000e-02,1.499999995540644e-02,4.459356321706576e-11
19100,9,1.200000000000000e-02,1.199999994325944e-02,5.674056363647040e-11
19100,10,-1.000000000000000e-02,-1.000000007289204e-02,7.289203615701290e-11
19100,11,8.999999999999999e-03,9.000000195221316e-03,-1.952213165429262e-10
19100,12,8.000000000000000e-03,7.999999789174476e-03,2.108255237054379e-10
19100,13,-7.000000000000000e-03,-7.000000017181218e-03,1.718121825367014e-11
19100,14,6.000000000000000e-03,6.000000014777991e-03,-1.477799046328832e-11
19100,15,5.000000000000000e-03,4.999999952517016e-03,4.748298369078308e-11
19100,16,-4.000000000000000e-03,-4.000000130793597e-03,1.307935964395268e-10
19100,17,3.500000000000000e-03,3.500000105280113e-03,-1.052801131863623e-10
19100,18,3.000000000000000e-03,2.999999984883068e-03,1.511693201172726e-11
19100,19,-2.500000000000000e-03,-2.500000108447814e-03,1.084478136632872e-10
19100,20,2.000000000000000e-03,2.000000011568219e-03,-1.156821860526236e-11
19100,21,1.800000000000000e-03,1.799999944152449e-03,5.584755075928316e-11
19100,22,-1.500000000000000e-03,-1.500000025207151e-03,2.520715103662696e-11
19100,23,1.200000000000000e-03,1.199999959213674e-03,4.078632635622081e-11
19100,24,1.000000000000000e-03,9.999999971144523e-04,2.885547703557201e-12
19100,25,-8.000000000000000e-04,-8.000000706986502e-04,7.069865016768456e-11
19100,26,5.999999999999999e-04,6.000000073974001e-04,-7.397400183725700e-12
19100,27,5.000000000000000e-04,4.999999569819186e-04,4.301808139307167e-11
19100,28,-4.000000000000000e-04,-3.999999024771002e-04,-9.752289980343581e-11
19100,29,3.000000000000000e-04,2.999999084065262e-04,9.159347374521412e-11
19200,0,1.200000000000000e-01,1.199999996435437e-01,3.564563089142325e-10
19200,1,-8.000000000000000e-02,-7.999999966622919e-02,-3.337708165407349e-10
19200,2,5.500000000000000e-02,5.499999980697077e-02,1.930292314877846e-10
19200,3,4.000000000000000e-02,3.999999989180057e-02,1.081994355223159e-10
19200,4,-3.000000000000000e-02,-2.999999995499167e-02,-4.500833039600138e-11
19200,5,2.500000000000000e-02,2.500000005261314e-02,-5.261313607007878e-11
19200,6,2.000000000000000e-02,1.999999979520445e-02,2.047955520445566e-10
19200,7,-1.800000000000000e-02,-1.799999989166370e-02,-1.083362982656766e-10
19200,8,1.500000000000000e-02,1.499999998187210e-02,1.812790195732106e-11
19200,9,1.200000000000000e-02,1.199999992360096e-02,7.639903640277446e-11
19200,10,-1.000000000000000e-02,-1.000000005804110e-02,5.804110317364497e-11
19200,11,8.999999999999999e-03,9.000000181162239e-03,-1.811622397235313e-10
19200,12,8.000000000000000e-03,7.999999804767300e-03,1.952326997983755e-10
19200,13,-7.000000000000000e-03,-7.000000017150145e-03,1.715014501940670e-11
19200,14,6.000000000000000e-03,6.000000027751769e-03,-2.775176876496088e-11
19200,15,5.000000000000000e-03,4.999999950959484e-03,4.904051643939145e-11
19200,16,-4.000000000000000e-03,-4.000000120171461e-03,1.201714613235927e-10
19200,17,3.500000000000000e-03,3.500000096864147e-03,-9.686414691179035e-11
19200,18,3.000000000000000e-03,2.999999983228853e-03,1.677114740486485e-11
19200,19,-2.500000000000000e-03,-2.500000092428318e-03,9.242831803743523e-11
19200,20,2.000000000000000e-03,1.999999999700261e-03,2.997393999670805e-13
19200,21,1.800000000000000e-03,1.799999963889551e-03,3.611044904934524e-11
19200,22,-1.500000000000000e-03,-1.500000040425235e-03,4.042523499107886e-11
19200,23,1.200000000000000e-03,1.199999975763327e-03,2.423667278157737e-11
19200,24,1.000000000000000e-03,9.999999895856993e-04,1.041430071520300e-11
19200,25,-8.000000000000000e-04,-8.000000534247973e-04,5.342479724671639e-11
19200,26,5.999999999999999e-04,5.999999967371787e-04,3.262821219804368e-12
19200,27,5.000000000000000e-04,4.999999807462025e-04,1.925379755803036e-11
19200,28,-4.000000000000000e-04,-3.999999254639139e-04,-7.453608612479137e-11
19200,29,3.000000000000000e-04,2.999999237386345e-04,7.626136544090431e-11
19300,0,1.200000000000000e-01,1.199999996681768e-01,3.318232216775741e-10
19300,1,-8.000000000000000e-02,-7.999999968965095e-02,-3.103490520128815e-10
19300,2,5.500000000000000e-02,5.499999982467867e-02,1.753213338395732e-10
19300,3,4.000000000000000e-02,3.999999990101532e-02,9.898468156244178e-11
19300,4,-3.000000000000000e-02,-2.999999996174346e-02,-3.825653682731911e-11
19300,5,2.500000000000000e-02,2.500000004897844e-02,-4.897843589035666e-11
19300,6,2.000000000000000e-02,1.999999981317932e-02,1.868206769839453e-10
19300,7,-1.800000000000000e-02,-1.799999990789988e-02,-9.210011572835519e-11
19300,8,1.500000000000000e-02,1.499999998607281e-02,1.392718926296332e-11
19300,9,1.200000000000000e-02,1.199999992253206e-02,7.746793657947837e-11
19300,10,-1.000000000000000e-02,-1.000000004747130e-02,4.747130466498106e-11
19300,11,8.999999999999999e-03,9.000000158948510e-03,-1.589485106034960e-10
19300,12,8.000000000000000e-03,7.999999824149810e-03,1.758501903120768e-10
19300,13,-7.000000000000000e-03,-7.000000020549306e-03,2.054930618028417e-11
19300,14,6.000000000000000e-03,6.000000031173413e-03,-3.117341280944874e-11
19300,15,5.000000000000000e-03,4.999999948779235e-03,5.122076460889469e-11
19300,16,-4.000000000000000e-03,-4.000000109105378e-03,1.091053783777718e-10
19300,17,3.500000000000000e-03,3.500000091269527e-03,-9.126952709229141e-11
19300,18,3.000000000000000e-03,2.999999973641991e-03,2.635800909131514e-11
19300,19,-2.500000000000000e-03,-2.500000081515658e-03,8.151565750527667e-11
19300,20,2.000000000000000e-03,1.999999998936923e-03,1.063076709995059e-12
19300,21,1.800000000000000e-03,1.799999963776721e-03,3.622327915051016e-11
19300,22,-1.500000000000000e-03,-1.500000042372337e-03,4.237233675909169e-11
19300,23,1.200000000000000e-03,1.199999985258824e-03,1.474117594484070e-11
19300,24,1.000000000000000e-03,9.999999843156471e-04,1.568435290498493e-11
19300,25,-8.000000000000000e-04,-8.000000416689468e-04,4.166894672190391e-11
19300,26,5.999999999999999e-04,5.999999840583410e-04,1.594165890874549e-11
19300,27,5.000000000000000e-04,5.000000006439875e-04,-6.439874675190360e-13
19300,28,-4.000000000000000e-04,-3.999999442367176e-04,-5.576328239225922e-11
19300,29,3.000000000000000e-04,2.999999358446702e-04,6.415532975744334e-11
19400,0,1.200000000000000e-01,1.199999996950703e-01,3.049296648516275e-10
19400,1,-8.000000000000000e-02,-7.999999971133658e-02,-2.886634264953614e-10
19400,2,5.500000000000000e-02,5.499999984188413e-02,1.581158745600497e-10
19400,3,4.000000000000000e-02,3.999999990446575e-02,9.553425411867877e-11
19400,4,-3.000000000000000e-02,-2.999999995246867e-02,-4.753132956669681e-11
19400,5,2.500000000000000e-02,2.500000004109431e-02,-4.109430504217748e-11
19400,6,2.000000000000000e-02,1.999999983171440e-02,1.682856007323430e-10
19400,7,-1.800000000000000e-02,-1.799999991266277e-02,-8.733722425824375e-11
19400,8,1.500000000000000e-02,1.499999999711514e-02,2.884860753060714e-12
19400,9,1.200000000000000e-02,1.199999992187616e-02,7.812383726046868e-11
19400,10,-1.000000000000000e-02,-1.000000003722733e-02,3.722733232791597e-11
19400,11,8.999999999999999e-03,9.000000150206732e-03,-1.502067324687939e-10
19400,12,8.000000000000000e-03,7.999999842240179e-03,1.577598208318820e-10
19400,13,-7.000000000000000e-03,-7.000000025927779e-03,2.592777902099552e-11
19400,14,6.000000000000000e-03,6.000000041506057e-03,-4.150605727171186e-11
19400,15,5.000000000000000e-03,4.999999947843808e-03,5.215619169190999e-11
19400,16,-4.000000000000000e-03,-4.000000097932508e-03,9.793250758949323e-11
19400,17,3.500000000000000e-03,3.500000086816198e-03,-8.681619832751064e-11
19400,18,3.000000000000000e-03,2.999999979266416e-03,2.073358368673284e-11
19400,19,-2.500000000000000e-03,-2.500000078450385e-03,7.845038464335263e-11
19400,20,2.000000000000000e-03,2.000000006712555e-03,-6.712554991017416e-12
19400,21,1.800000000000000e-03,1.799999968678171e-03,3.132182859431898e-11
19400,22,-1.500000000000000e-03,-1.500000039276455e-03,3.927645491827447e-11
19400,23,1.200000000000000e-03,1.199999986412862e-03,1.358713835886149e-11
19400,24,1.000000000000000e-03,9.999999945380566e-04,5.461943397566671e-12
19400,25,-8.000000000000000e-04,-8.000000414994403e-04,4.149944027743296e-11
19400,26,5.999999999999999e-04,5.999999908627643e-04,9.137235672945776e-12
19400,27,5.000000000000000e-04,4.999999981614139e-04,1.838586140973097e-12
19400,28,-4.000000000000000e-04,-3.999999427976507e-04,-5.720234930259999e-11
19400,29,3.000000000000000e-04,2.999999375270282e-04,6.247297172851454e-11
19500,0,1.200000000000000e-01,1.199999997406209e-01,2.593791154081870e-10
19500,1,-8.000000000000000e-02,-7.999999975467782e-02,-2.453221792375615e-10
19500,2,5.500000000000000e-02,5.499999985810630e-02,1.418937051189673e-10
19500,3,4.000000000000000e-02,3.999999991954998e-02,8.045002164447368e-11
19500,4,-3.000000000000000e-02,-2.999999995730096e-02,-4.269904221865239e-11
19500,5,2.500000000000000e-02,2.500000002188327e-02,-2.188326603258517e-11
19500,6,2.000000000000000e-02,1.999999987213597e-02,1.278640318624902e-10
19500,7,-1.800000000000000e-02,-1.799999993620264e-02,-6.379735975614587e-11
19500,8,1.500000000000000e-02,1.500000000135614e-02,-1.356140894026581e-12
19500,9,1.200000000000000e-02,1.199999993706905e-02,6.293095038134577e-11
19500,10,-1.000000000000000e-02,-1.000000003248037e-02,3.248036735403748e-11
19500,11,8.999999999999999e-03,9.000000125769870e-03,-1.257698702128440e-10
19500,12,8.000000000000000e-03,7.999999873212616e-03,1.267873844107426e-10
19500,13,-7.000000000000000e-03,-7.000000023056850e-03,2.305684983217038e-11
19500,14,6.000000000000000e-03,6.000000027620038e-03,-2.762003820100389e-11
19500,15,5.000000000000000e-03,4.999999964204903e-03,3.579509692125393e-11
19500,16,-4.000000000000000e-03,-4.000000084910207e-03,8.491020733747412e-11
19500,17,3.500000000000000e-03,3.500000071713570e-03,-7.171356997820455e-11
19500,18,3.000000000000000e-03,2.999999986033719e-03,1.396628082281359e-11
19500,19,-2.500000000000000e-03,-2.500000063436375e-03,6.343637464281682e-11
19500,20,2.000000000000000e-03,1.999999991861941e-03,8.138059236911799e-12
19500,21,1.800000000000000e-03,1.799999981607455e-03,1.839254529928391e-11
19500,22,-1.500000000000000e-03,-1.500000037626666e-03,3.762666588892627e-11
19500,23,1.200000000000000e-03,1.199999986035524e-03,1.396447540935597e-11
19500,24,1.000000000000000e-03,9.999999910424780e-04,8.957522007121965e-12
19500,25,-8.000000000000000e-04,-8.000000289138427e-04,2.891384267428299e-11
19500,26,5.999999999999999e-04,5.999999761949439e-04,2.380505601667915e-11
19500,27,5.000000000000000e-04,5.000000104372869e-04,-1.043728688546186e-11
19500,28,-4.000000000000000e-04,-3.999999546245806e-04,-4.537541945914131e-11
19500,29,3.000000000000000e-04,2.999999459939143e-04,5.400608568207135e-11
19600,0,1.200000000000000e-01,1.199999997616916e-01,2.383083730350677e-10
19600,1,-8.000000000000000e-02,-7.999999978109652e-02,-2.189034786770350e-10
19600,2,5.500000000000000e-02,5.499999987812969e-02,1.218703124528098e-10
19600,3,4.000000000000000e-02,3.999999992538952e-02,7.461047751844418e-11
19600,4,-3.000000000000000e-02,-2.999999996984543e-02,-3.015457328281457e-11
19600,5,2.500000000000000e-02,2.500000002568391e-02,-2.568391332946618e-11
19600,6,2.000000000000000e-02,1.999999988539442e-02,1.146055784995159e-10
19600,7,-1.800000000000000e-02,-1.799999994652488e-02,-5.347512363473861e-11
19600,8,1.500000000000000e-02,1.500000000079182e-02,-7.918232042269935e-13
19600,9,1.200000000000000e-02,1.199999994267397e-02,5.732603280961257e-11
19600,10,-1.000000000000000e-02,-1.000000002423104e-02,2.423104078497218e-11
19600,11,8.999999999999999e-03,9.000000110041576e-03,-1.100415765453722e-10
19600,12,8.000000000000000e-03,7.999999884589586e-03,1.154104138645362e-10
19600,13,-7.000000000000000e-03,-7.000000018423760e-03,1.842375991351064e-11
19600,14,6.000000000000000e-03,6.000000025768381e-03,-2.576838048495844e-11
19600,15,5.000000000000000e-03,4.999999959903748e-03,4.009625183959420e-11
19600,16,-4.000000000000000e-03,-4.000000070827497e-03,7.082749664544252e-11
19600,17,3.500000000000000e-03,3.500000064976248e-03,-6.497624790643974e-11
19600,18,3.000000000000000e-03,2.999999981026920e-03,1.897308048517954e-11
19600,19,-2.500000000000000e-03,-2.500000057730660e-03,5.773066009615024e-11
19600,20,2.000000000000000e-03,1.999999996995197e-03,3.004803003636702e-12
19600,21,1.800000000000000e-03,1.799999978871413e-03,2.112858694426623e-11
19600,22,-1.500000000000000e-03,-1.500000038510621e-03,3.851062112432413e-11
19600,23,1.200000000000000e-03,1.199999996668575e-03,3.331424545949258e-12
19600,24,1.000000000000000e-03,9.999999887343057e-04,1.126569432359503e-11
19600,25,-8.000000000000000e-04,-8.000000362531224e-04,3.625312235740891e-11
19600,26,5.999999999999999e-04,5.999999878700750e-04,1.212992499412952e-11
19600,27,5.000000000000000e-04,5.000000097108167e-04,-9.710816677686862e-12
19600,28,-4.000000000000000e-04,-3.999999672301291e-04,-3.276987090971434e-11
19600,29,3.000000000000000e-04,2.999999570723677e-04,4.292763226051294e-11
19700,0,1.200000000000000e-01,1.199999997943340e-01,2.056659981208853e-10
19700,1,-8.000000000000000e-02,-7.999999981280717e-02,-1.871928306806936e-10
19700,2,5.500000000000000e-02,5.499999989844182e-02,1.015581785335229e-10
19700,3,4.000000000000000e-02,3.999999992739450e-02,7.260549800269800e-11
19700,4,-3.000000000000000e-02,-2.999999996977255e-02,-3.022745248548731e-11
19700,5,2.500000000000000e-02,2.500000001440664e-02,-1.440664254559465e-11
19700,6,2.000000000000000e-02,1.999999990421245e-02,9.578754803230005e-11
19700,7,-1.800000000000000e-02,-1.799999995899708e-02,-4.100291634001607e-11
19700,8,1.500000000000000e-02,1.500000000311588e-02,-3.115880817250449e-12
19700,9,1.200000000000000e-02,1.199999994183062e-02,5.816938250524650e-11
19700,10,-1.000000000000000e-02,-1.000000001451907e-02,1.451907344351966e-11
19700,11,8.999999999999999e-03,9.000000090001663e-03,-9.000166410755295e-11
19700,12,8.000000000000000e-03,7.999999903074638e-03,9.692536183381062e-11
19700,13,-7.000000000000000e-03,-7.000000021735064e-03,2.173506340186204e-11
19700,14,6.000000000000000e-03,6.000000023293171e-03,-2.329317121130270e-11
19700,15,5.000000000000000e-03,4.999999958695751e-03,4.130424908349584e-11
19700,16,-4.000000000000000e-03,-4.000000059238075e-03,5.923807451513330e-11
19700,17,3.500000000000000e-03,3.500000049311348e-03,-4.931134840735485e-11
19700,18,3.000000000000000e-03,2.999999991168909e-03,8.831091240224520e-12
19700,19,-2.500000000000000e-03,-2.500000058784472e-03,5.878447164806011e-11
19700,20,2.000000000000000e-03,1.999999999961257e-03,3.874331411246601e-14
19700,21,1.800000000000000e-03,1.799999973877274e-03,2.612272637786406e-11
19700,22,-1.500000000000000e-03,-1.500000024350550e-03,2.435055043888135e-11
19700,23,1.200000000000000e-03,1.199999988040032e-03,1.195996817207612e-11
19700,24,1.000000000000000e-03,9.999999940512520e-04,5.948748004608317e-12
19700,25,-8.000000000000000e-04,-8.000000343919141e-04,3.439191401284625e-11
19700,26,5.999999999999999e-04,5.999999909270189e-04,9.072981081714726e-12
19700,27,5.000000000000000e-04,5.000000013642622e-04,-1.364262218819801e-12
19700,28,-4.000000000000000e-04,-3.999999620022810e-04,-3.799771901204924e-11
19700,29,3.000000000000000e-04,2.999999511284890e-04,4.887151100474441e-11
19800,0,1.200000000000000e-01,1.199999998120910e-01,1.879090355538793e-10
19800,1,-8.000000000000000e-02,-7.999999983450359e-02,-1.654964082442589e-10
19800,2,5.500000000000000e-02,5.499999991090563e-02,8.909437076987103e-11
19800,3,4.000000000000000e-02,3.999999993433621e-02,6.566379384675969e-11
19800,4,-3.000000000000000e-02,-2.999999997730007e-02,-2.269993221171163e-11
19800,5,2.500000000000000e-02,2.500000001658497e-02,-1.658496603940129e-11
19800,6,2.000000000000000e-02,1.999999991125038e-02,8.874962223459626e-11
19800,7,-1.800000000000000e-02,-1.799999996291812e-02,-3.708187923390227e-11
19800,8,1.500000000000000e-02,1.499999999817035e-02,1.829651014029210e-12
19800,9,1.200000000000000e-02,1.199999995123564e-02,4.876435540090984e-11
19800,10,-1.000000000000000e-02,-1.000000001036344e-02,1.036343753868518e-11
19800,11,8.999999999999999e-03,9.000000073592805e-03,-7.359280546070934e-11
19800,12,8.000000000000000e-03,7.999999914750875e-03,8.524912546714614e-11
19800,13,-7.000000000000000e-03,-7.000000017290848e-03,1.729084757318144e-11
19800,14,6.000000000000000e-03,6.000000018005325e-03,-1.800532466178506e-11
19800,15,5.000000000000000e-03,4.999999961451315e-03,3.854868507735532e-11
19800,16,-4.000000000000000e-03,-4.000000049490143e-03,4.949014288657683e-11
19800,17,3.500000000000000e-03,3.500000043294346e-03,-4.329434553917988e-11
19800,18,3.000000000000000e-03,2.999999985967065e-03,1.403293540397366e-11
19800,19,-2.500000000000000e-03,-2.500000047856041e-03,4.785604074478145e-11
19800,20,2.000000000000000e-03,2.000000003457464e-03,-3.457463915862435e-12
19800,21,1.800000000000000e-03,1.799999967196235e-03,3.280376512961036e-11
19800,22,-1.500000000000000e-03,-1.500000017285485e-03,1.728548467555546e-11
19800,23,1.200000000000000e-03,1.199999990848920e-03,9.151079416805374e-12
19800,24,1.000000000000000e-03,9.999999881189193e-04,1.188108075464434e-11
19800,25,-8.000000000000000e-04,-8.000000292411768e-04,2.924117675426330e-11
19800,26,5.999999999999999e-04,5.999999969295366e-04,3.070463371404597e-12
19800,27,5.000000000000000e-04,4.999999965259315e-04,3.474068472134051e-12
19800,28,-4.000000000000000e-04,-3.999999653222416e-04,-3.467775838619097e-11
19800,29,3.000000000000000e-04,2.999999598205027e-04,4.017949726186840e-11
19900,0,1.200000000000000e-01,1.199999998263570e-01,1.736430027543534e-10
19900,1,-8.000000000000000e-02,-7.999999984727833e-02,-1.527216686447730e-10
19900,2,5.500000000000000e-02,5.499999991862151e-02,8.137848728217989e-11
19900,3,4.000000000000000e-02,3.999999993805663e-02,6.194337404119565e-11
19900,4,-3.000000000000000e-02,-2.999999997523322e-02,-2.476678237495200e-11
19900,5,2.500000000000000e-02,2.500000001515275e-02,-1.515274364316532e-11
19900,6,2.000000000000000e-02,1.999999991740788e-02,8.259212411210193e-11
19900,7,-1.800000000000000e-02,-1.799999996485772e-02,-3.514227450707175e-11
19900,8,1.500000000000000e-02,1.500000000224356e-02,-2.243561239567704e-12
19900,9,1.200000000000000e-02,1.199999995267891e-02,4.732108975502580e-11
19900,10,-1.000000000000000e-02,-1.000000000686870e-02,6.868694849004875e-12
19900,11,8.999999999999999e-03,9.000000069543228e-03,-6.954322881447261e-11
19900,12,8.000000000000000e-03,7.999999923485410e-03,7.651458980295622e-11
19900,13,-7.000000000000000e-03,-7.000000016995427e-03,1.699542676730781e-11
19900,14,6.000000000000000e-03,6.000000017882853e-03,-1.788285318438110e-11
19900,15,5.000000000000000e-03,4.999999965624778e-03,3.437522228671996e-11
19900,16,-4.000000000000000e-03,-4.000000047363976e-03,4.736397558879890e-11
19900,17,3.500000000000000e-03,3.500000044571871e-03,-4.457187049999867e-11
19900,18,3.000000000000000e-03,2.999999984722426e-03,1.527757391081574e-11
19900,19,-2.500000000000000e-03,-2.500000043333015e-03,4.333301469386375e-11
19900,20,2.000000000000000e-03,2.000000002169973e-03,-2.169973402355030e-12
19900,21,1.800000000000000e-03,1.799999973202439e-03,2.679756113191378e-11
19900,22,-1.500000000000000e-03,-1.500000015661370e-03,1.566136998733259e-11
19900,23,1.200000000000000e-03,1.199999991269046e-03,8.730954110733324e-12
19900,24,1.000000000000000e-03,9.999999910269548e-04,8.973045180146744e-12
19900,25,-8.000000000000000e-04,-8.000000256306012e-04,2.563060115708116e-11
19900,26,5.999999999999999e-04,5.999999950741352e-04,4.925864729131424e-12
19900,27,5.000000000000000e-04,5.000000031106381e-04,-3.110638049225178e-12
19900,28,-4.000000000000000e-04,-3.999999717427272e-04,-2.825727276950171e-11
19900,29,3.000000000000000e-04,2.999999660294784e-04,3.397052154548511e-11
20000,0,1.200000000000000e-01,1.199999998446677e-01,1.553322886982400e-10
20000,1,-8.000000000000000e-02,-7.999999986369587e-02,-1.363041346458260e-10
20000,2,5.500000000000000e-02,5.499999992643559e-02,7.356441150685455e-11
20000,3,4.000000000000000e-02,3.999999994613843e-02,5.386157492237587e-11
20000,4,-3.000000000000000e-02,-2.999999997768103e-02,-2.231897305859931e-11
20000,5,2.500000000000000e-02,2.500000001278797e-02,-1.278797207016069e-11
20000,6,2.000000000000000e-02,1.999999992754254e-02,7.245746364015204e-11
20000,7,-1.800000000000000e-02,-1.799999996952380e-02,-3.047619448470762e-11
20000,8,1.500000000000000e-02,1.500000000013527e-02,-1.352702672097195e-13
20000,9,1.200000000000000e-02,1.199999996261353e-02,3.738647239015513e-11
20000,10,-1.000000000000000e-02,-1.000000000565563e-02,5.655630477829909e-12
20000,11,8.999999999999999e-03,9.000000060662844e-03,-6.066284453931647e-11
20000,12,8.000000000000000e-03,7.999999934037794e-03,6.596220618326765e-11
20000,13,-7.000000000000000e-03,-7.000000013464012e-03,1.346401202334535e-11
20000,14,6.000000000000000e-03,6.000000014249029e-03,-1.424902904001435e-11
20000,15,5.000000000000000e-03,4.999999970771181e-03,2.922881901790131e-11
20000,16,-4.000000000000000e-03,-4.000000041655198e-03,4.165519838783549e-11
20000,17,3.500000000000000e-03,3.500000038432161e-03,-3.843216109938874e-11
20000,18,3.000000000000000e-03,2.999999986735229e-03,1.326477079219290e-11
20000,19,-2.500000000000000e-03,-2.500000034873953e-03,3.487395311765895e-11
20000,20,2.000000000000000e-03,1.999999996304578e-03,3.695421572913471e-12
20000,21,1.800000000000000e-03,1.799999979935054e-03,2.006494579862017e-11
20000,22,-1.500000000000000e-03,-1.500000015933337e-03,1.593333711497058e-11
20000,23,1.200000000000000e-03,1.199999990257902e-03,9.742097970347197e-12
20000,24,1.000000000000000e-03,9.999999932370468e-04,6.762953261643667e-12
20000,25,-8.000000000000000e-04,-8.000000199242697e-04,1.992426969937844e-11
20000,26,5.999999999999999e-04,5.999999913747394e-04,8.625260553528358e-12
20000,27,5.000000000000000e-04,5.000000016294310e-04,-1.629430965155443e-12
20000,28,-4.000000000000000e-04,-3.999999686822037e-04,-3.131779633801929e-11
20000,29,3.000000000000000e-04,2.999999644831395e-04,3.551686044876365e-11
