n,i,h,w,h_minus_w
100,0,1.200000000000000e-01,3.637087373262053e-03,1.163629126267379e-01
100,1,-8.000000000000000e-02,-1.927893740658653e-03,-7.807210625934134e-02
100,2,5.500000000000000e-02,1.469851642944459e-03,5.353014835705554e-02
100,3,4.000000000000000e-02,8.138967065267731e-04,3.918610329347322e-02
100,4,-3.000000000000000e-02,-5.851882646419524e-04,-2.941481173535805e-02
100,5,2.500000000000000e-02,1.344719140061920e-03,2.365528085993808e-02
100,6,2.000000000000000e-02,-4.293698956365192e-05,2.004293698956365e-02
100,7,-1.800000000000000e-02,-9.774800239456698e-05,-1.790225199760543e-02
100,8,1.500000000000000e-02,3.733160818257679e-04,1.462668391817423e-02
100,9,1.200000000000000e-02,-4.591827648635563e-04,1.245918276486356e-02
100,10,-1.000000000000000e-02,-7.834493562928384e-05,-9.921655064370717e-03
100,11,8.999999999999999e-03,1.949882272087062e-04,8.805011772791293e-03
100,12,8.000000000000000e-03,-5.012644174072069e-04,8.501264417407207e-03
100,13,-7.000000000000000e-03,4.506568857685657e-04,-7.450656885768566e-03
100,14,6.000000000000000e-03,-6.518676344867748e-04,6.651867634486775e-03
100,15,5.000000000000000e-03,-2.188127076076726e-04,5.218812707607673e-03
100,16,-4.000000000000000e-03,6.408535212035953e-04,-4.640853521203595e-03
100,17,3.500000000000000e-03,-7.721921858166554e-04,4.272192185816656e-03
100,18,3.000000000000000e-03,6.783474510983326e-04,2.321652548901668e-03
100,19,-2.500000000000000e-03,-1.521591561485076e-04,-2.347840843851492e-03
100,20,2.000000000000000e-03,-6.386826593744017e-05,2.063868265937440e-03
100,21,1.800000000000000e-03,-1.910210480164502e-04,1.991021048016450e-03
100,22,-1.500000000000000e-03,-1.236511693435769e-04,-1.376348830656423e-03
100,23,1.200000000000000e-03,-1.005519481284845e-04,1.300551948128484e-03
100,24,1.000000000000000e-03,-4.491625407689743e-04,1.449162540768974e-03
100,25,-8.000000000000000e-04,1.999717696339959e-04,-9.999717696339960e-04
100,26,5.999999999999999e-04,-5.133345279932789e-04,1.113334527993279e-03
100,27,5.000000000000000e-04,2.754015187015825e-04,2.245984812984175e-04
100,28,-4.000000000000000e-04,-2.724362812637376e-04,-1.275637187362624e-04
100,29,3.000000000000000e-04,-1.291963325113780e-05,3.129196332511378e-04
200,0,1.200000000000000e-01,8.840065612443319e-03,1.111599343875567e-01
200,1,-8.000000000000000e-02,-5.442865231518089e-03,-7.455713476848191e-02
200,2,5.500000000000000e-02,3.226928556631752e-03,5.177307144336825e-02
200,3,4.000000000000000e-02,3.104876170799155e-03,3.689512382920085e-02
200,4,-3.000000000000000e-02,-2.484932011754605e-03,-2.751506798824539e-02
200,5,2.500000000000000e-02,2.972611642458633e-03,2.202738835754137e-02
200,6,2.000000000000000e-02,6.998037945929805e-04,1.930019620540702e-02
200,7,-1.800000000000000e-02,-1.216882962618167e-03,-1.678311703738183e-02
200,8,1.500000000000000e-02,1.697562869675728e-03,1.330243713032427e-02
200,9,1.200000000000000e-02,-8.247919545710330e-04,1.282479195457103e-02
200,10,-1.000000000000000e-02,-4.672167663467768e-05,-9.953278323365322e-03
200,11,8.999999999999999e-03,1.717349071152832e-03,7.282650928847167e-03
200,12,8.000000000000000e-03,-1.235790121231339e-03,9.235790121231340e-03
200,13,-7.000000000000000e-03,-8.915316269451142e-05,-6.910846837305489e-03
200,14,6.000000000000000e-03,3.408527105156372e-04,5.659147289484363e-03
200,15,5.000000000000000e-03,-7.830638993071383e-04,5.783063899307138e-03
200,16,-4.000000000000000e-03,3.846721343023165e-04,-4.384672134302317e-03
200,17,3.500000000000000e-03,-1.784384573911111e-04,3.678438457391111e-03
200,18,3.000000000000000e-03,-1.519287734233193e-04,3.151928773423319e-03
200,19,-2.500000000000000e-03,2.517373627183727e-04,-2.751737362718373e-03
200,20,2.000000000000000e-03,-4.106991817191124e-04,2.410699181719113e-03
200,21,1.800000000000000e-03,-1.983859953442575e-04,1.998385995344258e-03
200,22,-1.500000000000000e-03,4.012504055686972e-04,-1.901250405568697e-03
200,23,1.200000000000000e-03,-7.878477226237885e-04,1.987847722623789e-03
200,24,1.000000000000000e-03,-8.443497983685223e-04,1.844349798368522e-03
200,25,-8.000000000000000e-04,9.552563925398291e-05,-8.955256392539830e-04
200,26,5.999999999999999e-04,-1.045787775100733e-03,1.645787775100732e-03
200,27,5.000000000000000e-04,5.785610209753322e-04,-7.856102097533214e-05
200,28,-4.000000000000000e-04,-6.563867578967299e-04,2.563867578967299e-04
200,29,3.000000000000000e-04,-8.484325906134267e-04,1.148432590613427e-03
300,0,1.200000000000000e-01,1.280322625229930e-02,1.071967737477007e-01
300,1,-8.000000000000000e-02,-7.486437502025743e-03,-7.251356249797426e-02
300,2,5.500000000000000e-02,5.204866814941421e-03,4.979513318505858e-02
300,3,4.000000000000000e-02,5.034530312109075e-03,3.496546968789092e-02
300,4,-3.000000000000000e-02,-3.730267309735736e-03,-2.626973269026426e-02
300,5,2.500000000000000e-02,4.291349484052006e-03,2.070865051594799e-02
300,6,2.000000000000000e-02,1.778033214394496e-03,1.822196678560550e-02
300,7,-1.800000000000000e-02,-2.004760163314267e-03,-1.599523983668573e-02
300,8,1.500000000000000e-02,2.950110442454062e-03,1.204988955754594e-02
300,9,1.200000000000000e-02,-2.209614037281101e-04,1.222096140372811e-02
300,10,-1.000000000000000e-02,-7.805998026647063e-04,-9.219400197335293e-03
300,11,8.999999999999999e-03,2.509752706028965e-03,6.490247293971034e-03
300,12,8.000000000000000e-03,-1.009028721274222e-03,9.009028721274223e-03
300,13,-7.000000000000000e-03,-4.489010032383294e-04,-6.551098996761671e-03
300,14,6.000000000000000e-03,1.112685616285140e-03,4.887314383714860e-03
300,15,5.000000000000000e-03,-6.279063063920700e-04,5.627906306392070e-03
300,16,-4.000000000000000e-03,3.991080980060742e-04,-4.399108098006074e-03
300,17,3.500000000000000e-03,3.705111739176428e-04,3.129488826082357e-03
300,18,3.000000000000000e-03,2.519183870406784e-05,2.974808161295932e-03
300,19,-2.500000000000000e-03,1.576548267517919e-04,-2.657654826751792e-03
300,20,2.000000000000000e-03,3.006340754991459e-04,1.699365924500854e-03
300,21,1.800000000000000e-03,-4.677096831889616e-04,2.267709683188962e-03
300,22,-1.500000000000000e-03,1.127420153480321e-03,-2.627420153480321e-03
300,23,1.200000000000000e-03,-1.385625078161325e-03,2.585625078161325e-03
300,24,1.000000000000000e-03,-5.066325902283818e-04,1.506632590228382e-03
300,25,-8.000000000000000e-04,6.539914121630353e-04,-1.453991412163035e-03
300,26,5.999999999999999e-04,-1.374563408043941e-03,1.974563408043941e-03
300,27,5.000000000000000e-04,8.742569487210436e-04,-3.742569487210436e-04
300,28,-4.000000000000000e-04,3.489288861936399e-04,-7.489288861936400e-04
300,29,3.000000000000000e-04,-1.271867653908201e-03,1.571867653908201e-03
400,0,1.200000000000000e-01,1.702086544509807e-02,1.029791345549019e-01
400,1,-8.000000000000000e-02,-1.133255030748036e-02,-6.866744969251964e-02
400,2,5.500000000000000e-02,7.369801173418967e-03,4.763019882658103e-02
400,3,4.000000000000000e-02,7.263062485773298e-03,3.273693751422670e-02
400,4,-3.000000000000000e-02,-5.678044663927930e-03,-2.432195533607207e-02
400,5,2.500000000000000e-02,5.016635870607828e-03,1.998336412939217e-02
400,6,2.000000000000000e-02,3.828064713807667e-03,1.617193528619233e-02
400,7,-1.800000000000000e-02,-3.935307199443075e-03,-1.406469280055692e-02
400,8,1.500000000000000e-02,3.209640182311391e-03,1.179035981768861e-02
400,9,1.200000000000000e-02,1.209499780414549e-03,1.079050021958545e-02
400,10,-1.000000000000000e-02,-2.103343381105486e-03,-7.896656618894514e-03
400,11,8.999999999999999e-03,2.323461313548078e-03,6.676538686451921e-03
400,12,8.000000000000000e-03,-2.980953089144997e-04,8.298095308914500e-03
400,13,-7.000000000000000e-03,-9.356560777668343e-04,-6.064343922233166e-03
400,14,6.000000000000000e-03,3.528789980889615e-04,5.647121001911039e-03
400,15,5.000000000000000e-03,9.512139309530925e-06,4.990487860690469e-03
400,16,-4.000000000000000e-03,7.150415528536130e-05,-4.071504155285361e-03
400,17,3.500000000000000e-03,-1.534659813264450e-04,3.653465981326445e-03
400,18,3.000000000000000e-03,8.099584275086662e-05,2.919004157249134e-03
400,19,-2.500000000000000e-03,2.829215342280976e-04,-2.782921534228098e-03
400,20,2.000000000000000e-03,-1.624183253859676e-04,2.162418325385967e-03
400,21,1.800000000000000e-03,-2.529850315522556e-04,2.052985031552255e-03
400,22,-1.500000000000000e-03,9.165500705228374e-04,-2.416550070522838e-03
400,23,1.200000000000000e-03,-2.081160071054673e-03,3.281160071054673e-03
400,24,1.000000000000000e-03,1.933427128388387e-04,8.066572871611613e-04
400,25,-8.000000000000000e-04,-2.194834699146214e-04,-5.805165300853787e-04
400,26,5.999999999999999e-04,-1.485194083761374e-03,2.085194083761374e-03
400,27,5.000000000000000e-04,1.327210999361364e-03,-8.272109993613639e-04
400,28,-4.000000000000000e-04,-1.799134489760731e-04,-2.200865510239269e-04
400,29,3.000000000000000e-04,-1.015518541249220e-03,1.315518541249220e-03
500,0,1.200000000000000e-01,2.058896157943058e-02,9.941103842056942e-02
500,1,-8.000000000000000e-02,-1.412125318099276e-02,-6.587874681900724e-02
500,2,5.500000000000000e-02,8.799998256596345e-03,4.620000174340366e-02
500,3,4.000000000000000e-02,8.244431419954599e-03,3.175556858004540e-02
500,4,-3.000000000000000e-02,-7.029825302899259e-03,-2.297017469710074e-02
500,5,2.500000000000000e-02,6.126335886455186e-03,1.887366411354481e-02
500,6,2.000000000000000e-02,4.130967941049963e-03,1.586903205895004e-02
500,7,-1.800000000000000e-02,-4.962743112820013e-03,-1.303725688717999e-02
500,8,1.500000000000000e-02,3.656928834254026e-03,1.134307116574597e-02
500,9,1.200000000000000e-02,1.735275259526708e-03,1.026472474047329e-02
500,10,-1.000000000000000e-02,-2.418183525451783e-03,-7.581816474548217e-03
500,11,8.999999999999999e-03,2.759110249289990e-03,6.240889750710009e-03
500,12,8.000000000000000e-03,-1.064812903480600e-04,8.106481290348060e-03
500,13,-7.000000000000000e-03,-1.071559155962059e-03,-5.928440844037940e-03
500,14,6.000000000000000e-03,9.846653462407419e-05,5.901533465375926e-03
500,15,5.000000000000000e-03,1.028479175900595e-03,3.971520824099405e-03
500,16,-4.000000000000000e-03,-9.754525219471821e-04,-3.024547478052818e-03
500,17,3.500000000000000e-03,1.216244736552689e-04,3.378375526344731e-03
500,18,3.000000000000000e-03,5.577888253462385e-04,2.442211174653762e-03
500,19,-2.500000000000000e-03,-1.515072304993083e-04,-2.348492769500692e-03
500,20,2.000000000000000e-03,-6.775579198919169e-05,2.067755791989192e-03
500,21,1.800000000000000e-03,1.134966352516738e-04,1.686503364748326e-03
500,22,-1.500000000000000e-03,3.047810532508219e-04,-1.804781053250822e-03
500,23,1.200000000000000e-03,-1.573860149535632e-03,2.773860149535633e-03
500,24,1.000000000000000e-03,5.097632470854050e-04,4.902367529145951e-04
500,25,-8.000000000000000e-04,-3.293195820734889e-04,-4.706804179265111e-04
500,26,5.999999999999999e-04,-2.141561018475041e-03,2.741561018475041e-03
500,27,5.000000000000000e-04,1.466961521606906e-03,-9.669615216069062e-04
500,28,-4.000000000000000e-04,-9.220548711663203e-05,-3.077945128833680e-04
500,29,3.000000000000000e-04,-1.312925114309931e-03,1.612925114309931e-03
600,0,1.200000000000000e-01,2.440354603227039e-02,9.559645396772960e-02
600,1,-8.000000000000000e-02,-1.732233339260342e-02,-6.267766660739657e-02
600,2,5.500000000000000e-02,1.091241613926159e-02,4.408758386073841e-02
600,3,4.000000000000000e-02,9.141201848032146e-03,3.085879815196785e-02
600,4,-3.000000000000000e-02,-8.284648531192944e-03,-2.171535146880706e-02
600,5,2.500000000000000e-02,6.597398731550015e-03,1.840260126844999e-02
600,6,2.000000000000000e-02,4.754547565304874e-03,1.524545243469513e-02
600,7,-1.800000000000000e-02,-5.555892308734421e-03,-1.244410769126558e-02
600,8,1.500000000000000e-02,3.534669324175645e-03,1.146533067582435e-02
600,9,1.200000000000000e-02,2.141936560701091e-03,9.858063439298910e-03
600,10,-1.000000000000000e-02,-2.370972755198315e-03,-7.629027244801686e-03
600,11,8.999999999999999e-03,2.440091547025651e-03,6.559908452974348e-03
600,12,8.000000000000000e-03,3.884758064415729e-04,7.611524193558428e-03
600,13,-7.000000000000000e-03,-1.402780494314506e-03,-5.597219505685494e-03
600,14,6.000000000000000e-03,5.054316724143355e-04,5.494568327585664e-03
600,15,5.000000000000000e-03,1.202158526926081e-03,3.797841473073919e-03
600,16,-4.000000000000000e-03,-1.446352458027877e-03,-2.553647541972123e-03
600,17,3.500000000000000e-03,3.556495110682600e-04,3.144350488931740e-03
600,18,3.000000000000000e-03,9.182713897602475e-04,2.081728610239753e-03
600,19,-2.500000000000000e-03,-1.203505145501726e-03,-1.296494854498274e-03
600,20,2.000000000000000e-03,1.166563799316400e-03,8.334362006836003e-04
600,21,1.800000000000000e-03,-4.326312959008653e-04,2.232631295900865e-03
600,22,-1.500000000000000e-03,1.499869495778843e-04,-1.649986949577884e-03
600,23,1.200000000000000e-03,-7.985727131294647e-04,1.998572713129464e-03
600,24,1.000000000000000e-03,-2.983585796597428e-04,1.298358579659743e-03
600,25,-8.000000000000000e-04,1.672333072804514e-04,-9.672333072804515e-04
600,26,5.999999999999999e-04,-1.642439726653110e-03,2.242439726653110e-03
600,27,5.000000000000000e-04,7.425959146634105e-04,-2.425959146634105e-04
600,28,-4.000000000000000e-04,3.579138715907203e-04,-7.579138715907204e-04
600,29,3.000000000000000e-04,-1.069747163086527e-03,1.369747163086526e-03
700,0,1.200000000000000e-01,2.838247095587193e-02,9.161752904412807e-02
700,1,-8.000000000000000e-02,-2.050877716560713e-02,-5.949122283439287e-02
700,2,5.500000000000000e-02,1.290499235192635e-02,4.209500764807365e-02
700,3,4.000000000000000e-02,9.723687358115175e-03,3.027631264188483e-02
700,4,-3.000000000000000e-02,-9.103763134401767e-03,-2.089623686559823e-02
700,5,2.500000000000000e-02,7.409440392469824e-03,1.759055960753018e-02
700,6,2.000000000000000e-02,4.912843029082675e-03,1.508715697091733e-02
700,7,-1.800000000000000e-02,-5.979319343284406e-03,-1.202068065671559e-02
700,8,1.500000000000000e-02,3.851543450324945e-03,1.114845654967505e-02
700,9,1.200000000000000e-02,2.297492656822608e-03,9.702507343177392e-03
700,10,-1.000000000000000e-02,-2.700529386539185e-03,-7.299470613460816e-03
700,11,8.999999999999999e-03,2.637299285675947e-03,6.362700714324053e-03
700,12,8.000000000000000e-03,5.189615193130140e-04,7.481038480686986e-03
700,13,-7.000000000000000e-03,-2.209490934731248e-03,-4.790509065268752e-03
700,14,6.000000000000000e-03,1.204130504136005e-03,4.795869495863995e-03
700,15,5.000000000000000e-03,9.296732475310155e-04,4.070326752468985e-03
700,16,-4.000000000000000e-03,-1.837530661878769e-03,-2.162469338121231e-03
700,17,3.500000000000000e-03,5.254597327026540e-04,2.974540267297346e-03
700,18,3.000000000000000e-03,9.429706986968353e-04,2.057029301303165e-03
700,19,-2.500000000000000e-03,-1.781863713148594e-03,-7.181362868514058e-04
700,20,2.000000000000000e-03,1.474594027965646e-03,5.254059720343543e-04
700,21,1.800000000000000e-03,-4.623334671952324e-04,2.262333467195232e-03
700,22,-1.500000000000000e-03,-2.628732123987473e-04,-1.237126787601253e-03
700,23,1.200000000000000e-03,-8.678908819032132e-04,2.067890881903213e-03
700,24,1.000000000000000e-03,1.875471603358939e-04,8.124528396641061e-04
700,25,-8.000000000000000e-04,-4.093140306180526e-04,-3.906859693819474e-04
700,26,5.999999999999999e-04,-6.901986546410469e-04,1.290198654641047e-03
700,27,5.000000000000000e-04,-2.397906507637974e-05,5.239790650763798e-04
700,28,-4.000000000000000e-04,8.475225044793391e-04,-1.247522504479339e-03
700,29,3.000000000000000e-04,-1.110623460394502e-03,1.410623460394502e-03
800,0,1.200000000000000e-01,3.090401595567626e-02,8.909598404432373e-02
800,1,-8.000000000000000e-02,-2.182903542581051e-02,-5.817096457418949e-02
800,2,5.500000000000000e-02,1.410182322764211e-02,4.089817677235789e-02
800,3,4.000000000000000e-02,1.052100031544077e-02,2.947899968455923e-02
800,4,-3.000000000000000e-02,-9.447504926493464e-03,-2.055249507350653e-02
800,5,2.500000000000000e-02,8.182564153472066e-03,1.681743584652794e-02
800,6,2.000000000000000e-02,5.287764927805649e-03,1.471223507219435e-02
800,7,-1.800000000000000e-02,-6.085338543810145e-03,-1.191466145618985e-02
800,8,1.500000000000000e-02,3.981335564386903e-03,1.101866443561310e-02
800,9,1.200000000000000e-02,2.433785483049658e-03,9.566214516950342e-03
800,10,-1.000000000000000e-02,-3.162581186248431e-03,-6.837418813751569e-03
800,11,8.999999999999999e-03,2.855780569682540e-03,6.144219430317460e-03
800,12,8.000000000000000e-03,7.836149151484725e-04,7.216385084851527e-03
800,13,-7.000000000000000e-03,-2.594476614904829e-03,-4.405523385095171e-03
800,14,6.000000000000000e-03,1.402515856661455e-03,4.597484143338546e-03
800,15,5.000000000000000e-03,4.457157029660849e-04,4.554284297033915e-03
800,16,-4.000000000000000e-03,-2.025358255047465e-03,-1.974641744952535e-03
800,17,3.500000000000000e-03,7.267611513808151e-04,2.773238848619185e-03
800,18,3.000000000000000e-03,2.024912188057854e-04,2.797508781194215e-03
800,19,-2.500000000000000e-03,-1.766416312956212e-03,-7.335836870437879e-04
800,20,2.000000000000000e-03,1.027366823948516e-03,9.726331760514836e-04
800,21,1.800000000000000e-03,-4.570114001071967e-04,2.257011400107197e-03
800,22,-1.500000000000000e-03,-6.049210823105819e-04,-8.950789176894182e-04
800,23,1.200000000000000e-03,-9.247585374205930e-04,2.124758537420593e-03
800,24,1.000000000000000e-03,5.118577524245537e-04,4.881422475754464e-04
800,25,-8.000000000000000e-04,-7.009204595955252e-04,-9.907954040447482e-05
800,26,5.999999999999999e-04,-3.900979145763852e-04,9.900979145763852e-04
800,27,5.000000000000000e-04,-1.144596297857351e-05,5.114459629785735e-04
800,28,-4.000000000000000e-04,1.174611330614652e-03,-1.574611330614652e-03
800,29,3.000000000000000e-04,-1.026009591015237e-03,1.326009591015237e-03
900,0,1.200000000000000e-01,3.368339261991567e-02,8.631660738008431e-02
900,1,-8.000000000000000e-02,-2.350847723210622e-02,-5.649152276789378e-02
900,2,5.500000000000000e-02,1.540215032811475e-02,3.959784967188525e-02
900,3,4.000000000000000e-02,1.130899658431025e-02,2.869100341568975e-02
900,4,-3.000000000000000e-02,-9.745736181071591e-03,-2.025426381892841e-02
900,5,2.500000000000000e-02,8.454013559843486e-03,1.654598644015651e-02
900,6,2.000000000000000e-02,6.097901689270152e-03,1.390209831072985e-02
900,7,-1.800000000000000e-02,-6.252456297092739e-03,-1.174754370290726e-02
900,8,1.500000000000000e-02,4.211715360597799e-03,1.078828463940220e-02
900,9,1.200000000000000e-02,2.145146693139780e-03,9.854853306860220e-03
900,10,-1.000000000000000e-02,-2.906867742961200e-03,-7.093132257038800e-03
900,11,8.999999999999999e-03,2.682341890569117e-03,6.317658109430883e-03
900,12,8.000000000000000e-03,6.655783365595232e-04,7.334421663440477e-03
900,13,-7.000000000000000e-03,-2.553427278217054e-03,-4.446572721782945e-03
900,14,6.000000000000000e-03,1.306128085231524e-03,4.693871914768476e-03
900,15,5.000000000000000e-03,5.780345330857305e-04,4.421965466914269e-03
900,16,-4.000000000000000e-03,-2.239398830428888e-03,-1.760601169571112e-03
900,17,3.500000000000000e-03,1.127523013297071e-03,2.372476986702930e-03
900,18,3.000000000000000e-03,-2.748578996320900e-04,3.274857899632090e-03
900,19,-2.500000000000000e-03,-1.735739652865818e-03,-7.642603471341824e-04
900,20,2.000000000000000e-03,1.203310164804436e-03,7.966898351955637e-04
900,21,1.800000000000000e-03,-8.181941496870816e-04,2.618194149687082e-03
900,22,-1.500000000000000e-03,-4.697352627323412e-04,-1.030264737267659e-03
900,23,1.200000000000000e-03,-5.712453987857591e-04,1.771245398785759e-03
900,24,1.000000000000000e-03,4.609239081689259e-04,5.390760918310741e-04
900,25,-8.000000000000000e-04,-7.874877477282019e-04,-1.251225227179818e-05
900,26,5.999999999999999e-04,-6.167444400632133e-04,1.216744440063213e-03
900,27,5.000000000000000e-04,9.556405334556200e-04,-4.556405334556200e-04
900,28,-4.000000000000000e-04,8.473856771353322e-04,-1.247385677135332e-03
900,29,3.000000000000000e-04,-8.413189716529483e-04,1.141318971652948e-03
1000,0,1.200000000000000e-01,3.684691734069918e-02,8.315308265930083e-02
1000,1,-8.000000000000000e-02,-2.595093395391202e-02,-5.404906604608798e-02
1000,2,5.500000000000000e-02,1.717620020332409e-02,3.782379979667591e-02
1000,3,4.000000000000000e-02,1.237382789585541e-02,2.762617210414459e-02
1000,4,-3.000000000000000e-02,-1.039558515594202e-02,-1.960441484405798e-02
1000,5,2.500000000000000e-02,8.753186846115143e-03,1.624681315388486e-02
1000,6,2.000000000000000e-02,6.827188163606380e-03,1.317281183639362e-02
1000,7,-1.800000000000000e-02,-6.698279428192770e-03,-1.130172057180723e-02
1000,8,1.500000000000000e-02,4.056693528526541e-03,1.094330647147346e-02
1000,9,1.200000000000000e-02,2.899815661566756e-03,9.100184338433244e-03
1000,10,-1.000000000000000e-02,-3.165326056635302e-03,-6.834673943364698e-03
1000,11,8.999999999999999e-03,2.490157948336160e-03,6.509842051663840e-03
1000,12,8.000000000000000e-03,1.099585463957186e-03,6.900414536042815e-03
1000,13,-7.000000000000000e-03,-3.065472835288174e-03,-3.934527164711826e-03
1000,14,6.000000000000000e-03,1.361140115020310e-03,4.638859884979691e-03
1000,15,5.000000000000000e-03,5.903674215495332e-04,4.409632578450466e-03
1000,16,-4.000000000000000e-03,-1.888006980796238e-03,-2.111993019203762e-03
1000,17,3.500000000000000e-03,8.539248065476923e-04,2.646075193452308e-03
1000,18,3.000000000000000e-03,3.942408268391532e-04,2.605759173160847e-03
1000,19,-2.500000000000000e-03,-1.428070021109731e-03,-1.071929978890269e-03
1000,20,2.000000000000000e-03,1.423515935183369e-03,5.764840648166309e-04
1000,21,1.800000000000000e-03,-9.147013715708952e-04,2.714701371570895e-03
1000,22,-1.500000000000000e-03,-1.361194957754490e-04,-1.363880504224551e-03
1000,23,1.200000000000000e-03,-6.628519569045127e-04,1.862851956904513e-03
1000,24,1.000000000000000e-03,6.522760702639339e-04,3.477239297360661e-04
1000,25,-8.000000000000000e-04,-1.190350615719765e-03,3.903506157197648e-04
1000,26,5.999999999999999e-04,-1.419418444167658e-04,7.419418444167658e-04
1000,27,5.000000000000000e-04,8.549732051700740e-04,-3.549732051700740e-04
1000,28,-4.000000000000000e-04,4.050448860154704e-04,-8.050448860154704e-04
1000,29,3.000000000000000e-04,-7.782939288000986e-04,1.078293928800099e-03
1100,0,1.200000000000000e-01,3.952589698915787e-02,8.047410301084212e-02
1100,1,-8.000000000000000e-02,-2.734727871583218e-02,-5.265272128416783e-02
1100,2,5.500000000000000e-02,1.810291815256567e-02,3.689708184743433e-02
1100,3,4.000000000000000e-02,1.354706999009655e-02,2.645293000990345e-02
1100,4,-3.000000000000000e-02,-1.119351511211555e-02,-1.880648488788445e-02
1100,5,2.500000000000000e-02,9.329060059743013e-03,1.567093994025699e-02
1100,6,2.000000000000000e-02,7.575244115365845e-03,1.242475588463415e-02
1100,7,-1.800000000000000e-02,-7.638576069888715e-03,-1.036142393011128e-02
1100,8,1.500000000000000e-02,4.701642571518057e-03,1.029835742848194e-02
1100,9,1.200000000000000e-02,2.959062513715068e-03,9.040937486284933e-03
1100,10,-1.000000000000000e-02,-3.884081694437244e-03,-6.115918305562755e-03
1100,11,8.999999999999999e-03,3.449814322042370e-03,5.550185677957630e-03
1100,12,8.000000000000000e-03,6.480830679649716e-04,7.351916932035029e-03
1100,13,-7.000000000000000e-03,-3.389531933362055e-03,-3.610468066637945e-03
1100,14,6.000000000000000e-03,2.410029736819635e-03,3.589970263180365e-03
1100,15,5.000000000000000e-03,3.169665462638383e-04,4.683033453736162e-03
1100,16,-4.000000000000000e-03,-2.395484579832953e-03,-1.604515420167047e-03
1100,17,3.500000000000000e-03,1.873009655135240e-03,1.626990344864760e-03
1100,18,3.000000000000000e-03,-2.682412902636929e-04,3.268241290263693e-03
1100,19,-2.500000000000000e-03,-1.502302136008732e-03,-9.976978639912684e-04
1100,20,2.000000000000000e-03,1.907172679848251e-03,9.282732015174862e-05
1100,21,1.800000000000000e-03,-9.998209023924867e-04,2.799820902392487e-03
1100,22,-1.500000000000000e-03,-2.341802526319078e-05,-1.476581974736809e-03
1100,23,1.200000000000000e-03,-5.610847322289169e-04,1.761084732228917e-03
1100,24,1.000000000000000e-03,5.080968594231162e-04,4.919031405768838e-04
1100,25,-8.000000000000000e-04,-5.091061894645764e-04,-2.908938105354237e-04
1100,26,5.999999999999999e-04,-8.938647189774466e-05,6.893864718977446e-04
1100,27,5.000000000000000e-04,5.408857620776268e-04,-4.088576207762675e-05
1100,28,-4.000000000000000e-04,9.728933614743104e-04,-1.372893361474310e-03
1100,29,3.000000000000000e-04,-7.895201538215534e-04,1.089520153821553e-03
1200,0,1.200000000000000e-01,4.233801175161316e-02,7.766198824838684e-02
1200,1,-8.000000000000000e-02,-2.900076766411466e-02,-5.099923233588535e-02
1200,2,5.500000000000000e-02,1.937000878093346e-02,3.562999121906654e-02
1200,3,4.000000000000000e-02,1.444437138876154e-02,2.555562861123846e-02
1200,4,-3.000000000000000e-02,-1.182983728416456e-02,-1.817016271583544e-02
1200,5,2.500000000000000e-02,1.039114289059405e-02,1.460885710940595e-02
1200,6,2.000000000000000e-02,7.790570963499130e-03,1.220942903650087e-02
1200,7,-1.800000000000000e-02,-7.994028365459514e-03,-1.000597163454049e-02
1200,8,1.500000000000000e-02,4.764194432022267e-03,1.023580556797773e-02
1200,9,1.200000000000000e-02,3.212562416341313e-03,8.787437583658688e-03
1200,10,-1.000000000000000e-02,-4.352065255772141e-03,-5.647934744227859e-03
1200,11,8.999999999999999e-03,3.858034268543882e-03,5.141965731456118e-03
1200,12,8.000000000000000e-03,5.279012674993237e-04,7.472098732500676e-03
1200,13,-7.000000000000000e-03,-3.403906411645742e-03,-3.596093588354258e-03
1200,14,6.000000000000000e-03,2.201151559094161e-03,3.798848440905839e-03
1200,15,5.000000000000000e-03,8.149117017206893e-04,4.185088298279311e-03
1200,16,-4.000000000000000e-03,-2.419533620024767e-03,-1.580466379975234e-03
1200,17,3.500000000000000e-03,1.895081525450956e-03,1.604918474549044e-03
1200,18,3.000000000000000e-03,2.936204520719577e-04,2.706379547928042e-03
1200,19,-2.500000000000000e-03,-1.969861297227949e-03,-5.301387027720509e-04
1200,20,2.000000000000000e-03,1.950786834022911e-03,4.921316597708883e-05
1200,21,1.800000000000000e-03,-1.124447389564984e-03,2.924447389564984e-03
1200,22,-1.500000000000000e-03,-2.680232215808808e-04,-1.231976778419119e-03
1200,23,1.200000000000000e-03,-4.257398658766856e-04,1.625739865876685e-03
1200,24,1.000000000000000e-03,8.877194718060040e-05,9.112280528193996e-04
1200,25,-8.000000000000000e-04,-8.105998374731383e-04,1.059983747313828e-05
1200,26,5.999999999999999e-04,-2.478303967100624e-04,8.478303967100623e-04
1200,27,5.000000000000000e-04,1.819153295171976e-04,3.180846704828024e-04
1200,28,-4.000000000000000e-04,8.695009342496880e-04,-1.269500934249688e-03
1200,29,3.000000000000000e-04,-9.144630018957024e-04,1.214463001895702e-03
1300,0,1.200000000000000e-01,4.496999537539689e-02,7.503000462460310e-02
1300,1,-8.000000000000000e-02,-3.092583762750910e-02,-4.907416237249090e-02
1300,2,5.500000000000000e-02,2.074495804073244e-02,3.425504195926757e-02
1300,3,4.000000000000000e-02,1.566022018895302e-02,2.433977981104698e-02
1300,4,-3.000000000000000e-02,-1.267043304411835e-02,-1.732956695588165e-02
1300,5,2.500000000000000e-02,1.078383203934179e-02,1.421616796065821e-02
1300,6,2.000000000000000e-02,8.659111314644901e-03,1.134088868535510e-02
1300,7,-1.800000000000000e-02,-8.821823006746709e-03,-9.178176993253290e-03
1300,8,1.500000000000000e-02,5.432252552388966e-03,9.567747447611033e-03
1300,9,1.200000000000000e-02,3.887155580177015e-03,8.112844419822985e-03
1300,10,-1.000000000000000e-02,-5.068595693822870e-03,-4.931404306177130e-03
1300,11,8.999999999999999e-03,4.206401249766728e-03,4.793598750233271e-03
1300,12,8.000000000000000e-03,1.331341337148204e-03,6.668658662851797e-03
1300,13,-7.000000000000000e-03,-4.152108111999091e-03,-2.847891888000909e-03
1300,14,6.000000000000000e-03,2.726060212550505e-03,3.273939787449495e-03
1300,15,5.000000000000000e-03,1.021847433849113e-03,3.978152566150887e-03
1300,16,-4.000000000000000e-03,-2.823577913106554e-03,-1.176422086893446e-03
1300,17,3.500000000000000e-03,2.181256656887932e-03,1.318743343112068e-03
1300,18,3.000000000000000e-03,4.463245160170131e-04,2.553675483982987e-03
1300,19,-2.500000000000000e-03,-2.297041685994411e-03,-2.029583140055889e-04
1300,20,2.000000000000000e-03,1.939042367393644e-03,6.095763260635569e-05
1300,21,1.800000000000000e-03,-1.221616335674832e-03,3.021616335674832e-03
1300,22,-1.500000000000000e-03,-5.933554011543858e-04,-9.066445988456142e-04
1300,23,1.200000000000000e-03,-2.940990163043698e-04,1.494099016304370e-03
1300,24,1.000000000000000e-03,-5.216525625622490e-04,1.521652562562249e-03
1300,25,-8.000000000000000e-04,-6.703430040624305e-04,-1.296569959375695e-04
1300,26,5.999999999999999e-04,-4.261273326256919e-04,1.026127332625692e-03
1300,27,5.000000000000000e-04,3.815624711483605e-04,1.184375288516396e-04
1300,28,-4.000000000000000e-04,4.707121650285241e-04,-8.707121650285241e-04
1300,29,3.000000000000000e-04,-6.853118732709490e-04,9.853118732709490e-04
1400,0,1.200000000000000e-01,4.772468911235128e-02,7.227531088764871e-02
1400,1,-8.000000000000000e-02,-3.254760752768840e-02,-4.745239247231160e-02
1400,2,5.500000000000000e-02,2.194717638684001e-02,3.305282361315999e-02
1400,3,4.000000000000000e-02,1.679301171535516e-02,2.320698828464484e-02
1400,4,-3.000000000000000e-02,-1.323780815224464e-02,-1.676219184775536e-02
1400,5,2.500000000000000e-02,1.141123713728662e-02,1.358876286271338e-02
1400,6,2.000000000000000e-02,9.350705486544313e-03,1.064929451345569e-02
1400,7,-1.800000000000000e-02,-9.299808728057459e-03,-8.700191271942539e-03
1400,8,1.500000000000000e-02,5.889662097247417e-03,9.110337902752582e-03
1400,9,1.200000000000000e-02,4.265583025364266e-03,7.734416974635734e-03
1400,10,-1.000000000000000e-02,-5.546493514763232e-03,-4.453506485236768e-03
1400,11,8.999999999999999e-03,4.726689917592941e-03,4.273310082407058e-03
1400,12,8.000000000000000e-03,1.866889491871184e-03,6.133110508128816e-03
1400,13,-7.000000000000000e-03,-4.853236502785412e-03,-2.146763497214588e-03
1400,14,6.000000000000000e-03,2.715833152023701e-03,3.284166847976299e-03
1400,15,5.000000000000000e-03,1.194588162452186e-03,3.805411837547814e-03
1400,16,-4.000000000000000e-03,-3.182306583148138e-03,-8.176934168518616e-04
1400,17,3.500000000000000e-03,2.034938659642602e-03,1.465061340357398e-03
1400,18,3.000000000000000e-03,2.719345963671877e-04,2.728065403632813e-03
1400,19,-2.500000000000000e-03,-2.484141733434491e-03,-1.585826656550892e-05
1400,20,2.000000000000000e-03,2.128285138469935e-03,-1.282851384699353e-04
1400,21,1.800000000000000e-03,-1.330854295993475e-03,3.130854295993475e-03
1400,22,-1.500000000000000e-03,-1.152469516770778e-03,-3.475304832292216e-04
1400,23,1.200000000000000e-03,5.271178366099041e-04,6.728821633900958e-04
1400,24,1.000000000000000e-03,-9.092525905244575e-04,1.909252590524458e-03
1400,25,-8.000000000000000e-04,-6.669388337446722e-04,-1.330611662553278e-04
1400,26,5.999999999999999e-04,-6.407178149185071e-04,1.240717814918507e-03
1400,27,5.000000000000000e-04,3.257112559535963e-04,1.742887440464037e-04
1400,28,-4.000000000000000e-04,4.722938755700043e-04,-8.722938755700044e-04
1400,29,3.000000000000000e-04,-6.515700300718357e-04,9.515700300718358e-04
1500,0,1.200000000000000e-01,4.978746800928384e-02,7.021253199071616e-02
1500,1,-8.000000000000000e-02,-3.371469731270540e-02,-4.628530268729460e-02
1500,2,5.500000000000000e-02,2.305173538922549e-02,3.194826461077450e-02
1500,3,4.000000000000000e-02,1.693000387686912e-02,2.306999612313088e-02
1500,4,-3.000000000000000e-02,-1.321698947421249e-02,-1.678301052578750e-02
1500,5,2.500000000000000e-02,1.128624419919278e-02,1.371375580080722e-02
1500,6,2.000000000000000e-02,9.829507829059239e-03,1.017049217094076e-02
1500,7,-1.800000000000000e-02,-9.509310118649935e-03,-8.490689881350063e-03
1500,8,1.500000000000000e-02,6.077295274403136e-03,8.922704725596864e-03
1500,9,1.200000000000000e-02,4.300704076964994e-03,7.699295923035006e-03
1500,10,-1.000000000000000e-02,-5.264837967332813e-03,-4.735162032667187e-03
1500,11,8.999999999999999e-03,4.808148882161373e-03,4.191851117838626e-03
1500,12,8.000000000000000e-03,2.026161005237618e-03,5.973838994762382e-03
1500,13,-7.000000000000000e-03,-5.092014333138715e-03,-1.907985666861285e-03
1500,14,6.000000000000000e-03,2.754134062452046e-03,3.245865937547954e-03
1500,15,5.000000000000000e-03,1.373411385782859e-03,3.626588614217142e-03
1500,16,-4.000000000000000e-03,-2.960163483369632e-03,-1.039836516630368e-03
1500,17,3.500000000000000e-03,1.813876624136156e-03,1.686123375863844e-03
1500,18,3.000000000000000e-03,9.587515123481812e-04,2.041248487651819e-03
1500,19,-2.500000000000000e-03,-2.889365291629962e-03,3.893652916299624e-04
1500,20,2.000000000000000e-03,2.222696072571475e-03,-2.226960725714745e-04
1500,21,1.800000000000000e-03,-1.162920531221369e-03,2.962920531221369e-03
1500,22,-1.500000000000000e-03,-8.459684804843360e-04,-6.540315195156640e-04
1500,23,1.200000000000000e-03,5.696476350835788e-04,6.303523649164211e-04
1500,24,1.000000000000000e-03,-3.588591474919263e-04,1.358859147491926e-03
1500,25,-8.000000000000000e-04,-5.817121235588526e-04,-2.182878764411475e-04
1500,26,5.999999999999999e-04,-1.658107879396190e-04,7.658107879396189e-04
1500,27,5.000000000000000e-04,6.858735788995029e-04,-1.858735788995029e-04
1500,28,-4.000000000000000e-04,2.844322036267173e-04,-6.844322036267173e-04
1500,29,3.000000000000000e-04,-2.535349609754071e-04,5.535349609754071e-04
1600,0,1.200000000000000e-01,5.245752492696926e-02,6.754247507303074e-02
1600,1,-8.000000000000000e-02,-3.531401733893034e-02,-4.468598266106966e-02
1600,2,5.500000000000000e-02,2.420383769141675e-02,3.079616230858325e-02
1600,3,4.000000000000000e-02,1.800725342184873e-02,2.199274657815127e-02
1600,4,-3.000000000000000e-02,-1.422458374219444e-02,-1.577541625780556e-02
1600,5,2.500000000000000e-02,1.215417606219757e-02,1.284582393780244e-02
1600,6,2.000000000000000e-02,9.651852373002076e-03,1.034814762699792e-02
1600,7,-1.800000000000000e-02,-9.573951002506617e-03,-8.426048997493382e-03
1600,8,1.500000000000000e-02,6.404274503696540e-03,8.595725496303459e-03
1600,9,1.200000000000000e-02,4.603439993203038e-03,7.396560006796962e-03
1600,10,-1.000000000000000e-02,-5.694457218833400e-03,-4.305542781166600e-03
1600,11,8.999999999999999e-03,4.799564238570096e-03,4.200435761429903e-03
1600,12,8.000000000000000e-03,2.394966215655712e-03,5.605033784344288e-03
1600,13,-7.000000000000000e-03,-5.744684873731304e-03,-1.255315126268696e-03
1600,14,6.000000000000000e-03,3.180094759028188e-03,2.819905240971812e-03
1600,15,5.000000000000000e-03,1.153880360136472e-03,3.846119639863528e-03
1600,16,-4.000000000000000e-03,-2.836578211726380e-03,-1.163421788273620e-03
1600,17,3.500000000000000e-03,1.785731984743645e-03,1.714268015256355e-03
1600,18,3.000000000000000e-03,6.246212566012795e-04,2.375378743398721e-03
1600,19,-2.500000000000000e-03,-2.698672997880474e-03,1.986729978804740e-04
1600,20,2.000000000000000e-03,1.978672051855459e-03,2.132794814454055e-05
1600,21,1.800000000000000e-03,-9.717026549677414e-04,2.771702654967742e-03
1600,22,-1.500000000000000e-03,-9.914193805892531e-04,-5.085806194107469e-04
1600,23,1.200000000000000e-03,3.781988989659615e-04,8.218011010340384e-04
1600,24,1.000000000000000e-03,-3.396931352660573e-05,1.033969313526606e-03
1600,25,-8.000000000000000e-04,-6.079104841517122e-04,-1.920895158482878e-04
1600,26,5.999999999999999e-04,5.055660865987941e-05,5.494433913401205e-04
1600,27,5.000000000000000e-04,5.775362518168048e-04,-7.753625181680483e-05
1600,28,-4.000000000000000e-04,5.663528532685537e-04,-9.663528532685537e-04
1600,29,3.000000000000000e-04,-2.809591720078884e-04,5.809591720078884e-04
1700,0,1.200000000000000e-01,5.531173574832347e-02,6.468826425167652e-02
1700,1,-8.000000000000000e-02,-3.748901609944431e-02,-4.251098390055569e-02
1700,2,5.500000000000000e-02,2.519718089741306e-02,2.980281910258694e-02
1700,3,4.000000000000000e-02,1.884450982372340e-02,2.115549017627660e-02
1700,4,-3.000000000000000e-02,-1.537002199563279e-02,-1.462997800436720e-02
1700,5,2.500000000000000e-02,1.322972340821364e-02,1.177027659178636e-02
1700,6,2.000000000000000e-02,9.209935350553686e-03,1.079006464944631e-02
1700,7,-1.800000000000000e-02,-9.781761260469245e-03,-8.218238739530754e-03
1700,8,1.500000000000000e-02,7.293412092606297e-03,7.706587907393703e-03
1700,9,1.200000000000000e-02,4.257015738497565e-03,7.742984261502435e-03
1700,10,-1.000000000000000e-02,-5.828240389250176e-03,-4.171759610749825e-03
1700,11,8.999999999999999e-03,5.414040362348116e-03,3.585959637651883e-03
1700,12,8.000000000000000e-03,2.142145217094645e-03,5.857854782905355e-03
1700,13,-7.000000000000000e-03,-5.383113391368534e-03,-1.616886608631466e-03
1700,14,6.000000000000000e-03,3.033803442959488e-03,2.966196557040513e-03
1700,15,5.000000000000000e-03,1.661493606556411e-03,3.338506393443589e-03
1700,16,-4.000000000000000e-03,-3.072674021785117e-03,-9.273259782148829e-04
1700,17,3.500000000000000e-03,1.827933305087131e-03,1.672066694912869e-03
1700,18,3.000000000000000e-03,8.189590596404155e-04,2.181040940359584e-03
1700,19,-2.500000000000000e-03,-3.013937845839689e-03,5.139378458396894e-04
1700,20,2.000000000000000e-03,2.709748632146227e-03,-7.097486321462265e-04
1700,21,1.800000000000000e-03,-1.599212977305071e-03,3.399212977305071e-03
1700,22,-1.500000000000000e-03,-1.747334459012788e-04,-1.325266554098721e-03
1700,23,1.200000000000000e-03,2.956634232610516e-04,9.043365767389482e-04
1700,24,1.000000000000000e-03,-2.076782276613465e-04,1.207678227661347e-03
1700,25,-8.000000000000000e-04,-1.832308584134148e-04,-6.167691415865853e-04
1700,26,5.999999999999999e-04,-3.744836415234781e-04,9.744836415234781e-04
1700,27,5.000000000000000e-04,7.425248914309584e-04,-2.425248914309584e-04
1700,28,-4.000000000000000e-04,1.046562063286860e-03,-1.446562063286860e-03
1700,29,3.000000000000000e-04,-8.083132528552902e-04,1.108313252855290e-03
1800,0,1.200000000000000e-01,5.769673672172536e-02,6.230326327827464e-02
1800,1,-8.000000000000000e-02,-3.861548557071310e-02,-4.138451442928690e-02
1800,2,5.500000000000000e-02,2.650401558796851e-02,2.849598441203149e-02
1800,3,4.000000000000000e-02,1.979693427278924e-02,2.020306572721076e-02
1800,4,-3.000000000000000e-02,-1.569398536376207e-02,-1.430601463623793e-02
1800,5,2.500000000000000e-02,1.414732220307670e-02,1.085267779692330e-02
1800,6,2.000000000000000e-02,9.753000536727844e-03,1.024699946327216e-02
1800,7,-1.800000000000000e-02,-9.809646220527478e-03,-8.190353779472520e-03
1800,8,1.500000000000000e-02,7.965463010360902e-03,7.034536989639097e-03
1800,9,1.200000000000000e-02,4.405457680216339e-03,7.594542319783661e-03
1800,10,-1.000000000000000e-02,-5.305790336550282e-03,-4.694209663449718e-03
1800,11,8.999999999999999e-03,5.284633346058881e-03,3.715366653941119e-03
1800,12,8.000000000000000e-03,2.718983689151743e-03,5.281016310848258e-03
1800,13,-7.000000000000000e-03,-5.179537231519213e-03,-1.820462768480787e-03
1800,14,6.000000000000000e-03,2.996916263562331e-03,3.003083736437669e-03
1800,15,5.000000000000000e-03,2.167918532164748e-03,2.832081467835252e-03
1800,16,-4.000000000000000e-03,-3.108563493548819e-03,-8.914365064511816e-04
1800,17,3.500000000000000e-03,2.017758016794652e-03,1.482241983205348e-03
1800,18,3.000000000000000e-03,1.317550317871376e-03,1.682449682128625e-03
1800,19,-2.500000000000000e-03,-3.343598261813558e-03,8.435982618135583e-04
1800,20,2.000000000000000e-03,3.209355816770660e-03,-1.209355816770660e-03
1800,21,1.800000000000000e-03,-1.862921156737959e-03,3.662921156737959e-03
1800,22,-1.500000000000000e-03,1.286327631337831e-04,-1.628632763133783e-03
1800,23,1.200000000000000e-03,3.821611599017113e-04,8.178388400982886e-04
1800,24,1.000000000000000e-03,-2.339793404123471e-04,1.233979340412347e-03
1800,25,-8.000000000000000e-04,2.542538116864050e-05,-8.254253811686406e-04
1800,26,5.999999999999999e-04,-3.630049087874872e-04,9.630049087874870e-04
1800,27,5.000000000000000e-04,7.956882186194860e-04,-2.956882186194860e-04
1800,28,-4.000000000000000e-04,9.418141136487113e-04,-1.341814113648711e-03
1800,29,3.000000000000000e-04,-7.930172913534458e-04,1.093017291353446e-03
1900,0,1.200000000000000e-01,6.040327475014719e-02,5.959672524985281e-02
1900,1,-8.000000000000000e-02,-4.100804237764479e-02,-3.899195762235521e-02
1900,2,5.500000000000000e-02,2.767722860577226e-02,2.732277139422774e-02
1900,3,4.000000000000000e-02,2.044261118753611e-02,1.955738881246389e-02
1900,4,-3.000000000000000e-02,-1.630054365160973e-02,-1.369945634839027e-02
1900,5,2.500000000000000e-02,1.420747941170212e-02,1.079252058829788e-02
1900,6,2.000000000000000e-02,1.047355828550770e-02,9.526441714492299e-03
1900,7,-1.800000000000000e-02,-1.052554637338046e-02,-7.474453626619542e-03
1900,8,1.500000000000000e-02,8.673441938286267e-03,6.326558061713733e-03
1900,9,1.200000000000000e-02,4.538248008337213e-03,7.461751991662787e-03
1900,10,-1.000000000000000e-02,-5.686664885922295e-03,-4.313335114077705e-03
1900,11,8.999999999999999e-03,5.873963469033727e-03,3.126036530966272e-03
1900,12,8.000000000000000e-03,2.923056560377023e-03,5.076943439622977e-03
1900,13,-7.000000000000000e-03,-5.432241162077969e-03,-1.567758837922031e-03
1900,14,6.000000000000000e-03,3.415564507711041e-03,2.584435492288960e-03
1900,15,5.000000000000000e-03,2.298874703994602e-03,2.701125296005399e-03
1900,16,-4.000000000000000e-03,-3.438558926000344e-03,-5.614410739996560e-04
1900,17,3.500000000000000e-03,2.317944483781779e-03,1.182055516218221e-03
1900,18,3.000000000000000e-03,1.488499310763271e-03,1.511500689236729e-03
1900,19,-2.500000000000000e-03,-3.498922507442151e-03,9.989225074421514e-04
1900,20,2.000000000000000e-03,3.251244610688028e-03,-1.251244610688028e-03
1900,21,1.800000000000000e-03,-1.454971305650056e-03,3.254971305650056e-03
1900,22,-1.500000000000000e-03,2.766536541279051e-04,-1.776653654127905e-03
1900,23,1.200000000000000e-03,9.752282156943163e-05,1.102477178430568e-03
1900,24,1.000000000000000e-03,1.431063804179437e-04,8.568936195820563e-04
1900,25,-8.000000000000000e-04,-4.861977970762049e-05,-7.513802202923796e-04
1900,26,5.999999999999999e-04,-2.957351075354423e-04,8.957351075354423e-04
1900,27,5.000000000000000e-04,6.549536911855896e-04,-1.549536911855895e-04
1900,28,-4.000000000000000e-04,8.160655299708739e-04,-1.216065529970874e-03
1900,29,3.000000000000000e-04,-3.894945522321015e-04,6.894945522321014e-04
2000,0,1.200000000000000e-01,6.227576317679617e-02,5.772423682320383e-02
2000,1,-8.000000000000000e-02,-4.194492436766436e-02,-3.805507563233564e-02
2000,2,5.500000000000000e-02,2.861210375553036e-02,2.638789624446964e-02
2000,3,4.000000000000000e-02,2.058863300559085e-02,1.941136699440915e-02
2000,4,-3.000000000000000e-02,-1.656223878989919e-02,-1.343776121010080e-02
2000,5,2.500000000000000e-02,1.427763900596626e-02,1.072236099403374e-02
2000,6,2.000000000000000e-02,1.049328448130023e-02,9.506715518699768e-03
2000,7,-1.800000000000000e-02,-1.068459812766041e-02,-7.315401872339585e-03
2000,8,1.500000000000000e-02,8.895113045732787e-03,6.104886954267212e-03
2000,9,1.200000000000000e-02,4.609201779660481e-03,7.390798220339520e-03
2000,10,-1.000000000000000e-02,-5.769447669212965e-03,-4.230552330787035e-03
2000,11,8.999999999999999e-03,5.808857746503008e-03,3.191142253496991e-03
2000,12,8.000000000000000e-03,2.947719284508946e-03,5.052280715491055e-03
2000,13,-7.000000000000000e-03,-5.671577647438526e-03,-1.328422352561474e-03
2000,14,6.000000000000000e-03,3.599811645677801e-03,2.400188354322199e-03
2000,15,5.000000000000000e-03,2.206161811877915e-03,2.793838188122085e-03
2000,16,-4.000000000000000e-03,-3.086930705222684e-03,-9.130692947773157e-04
2000,17,3.500000000000000e-03,2.235428655493253e-03,1.264571344506747e-03
2000,18,3.000000000000000e-03,1.517037004682532e-03,1.482962995317468e-03
2000,19,-2.500000000000000e-03,-3.020375586671661e-03,5.203755866716605e-04
2000,20,2.000000000000000e-03,2.756032100262402e-03,-7.560321002624015e-04
2000,21,1.800000000000000e-03,-1.021033151785430e-03,2.821033151785429e-03
2000,22,-1.500000000000000e-03,-5.676389530233951e-05,-1.443236104697661e-03
2000,23,1.200000000000000e-03,5.200284159653953e-04,6.799715840346046e-04
2000,24,1.000000000000000e-03,2.417069242305121e-04,7.582930757694879e-04
2000,25,-8.000000000000000e-04,-2.272857708098231e-04,-5.727142291901769e-04
2000,26,5.999999999999999e-04,-4.001843852361665e-04,1.000184385236166e-03
2000,27,5.000000000000000e-04,9.105332670081688e-04,-4.105332670081688e-04
2000,28,-4.000000000000000e-04,6.131226422598778e-04,-1.013122642259878e-03
2000,29,3.000000000000000e-04,-2.999736654985000e-04,5.999736654985000e-04
2100,0,1.200000000000000e-01,6.433057379871766e-02,5.566942620128233e-02
2100,1,-8.000000000000000e-02,-4.322525447343707e-02,-3.677474552656293e-02
2100,2,5.500000000000000e-02,2.945711366241904e-02,2.554288633758096e-02
2100,3,4.000000000000000e-02,2.147981680014261e-02,1.852018319985739e-02
2100,4,-3.000000000000000e-02,-1.728085697492104e-02,-1.271914302507896e-02
2100,5,2.500000000000000e-02,1.499454176557531e-02,1.000545823442469e-02
2100,6,2.000000000000000e-02,1.077892683302673e-02,9.221073166973270e-03
2100,7,-1.800000000000000e-02,-1.117386536053623e-02,-6.826134639463764e-03
2100,8,1.500000000000000e-02,9.475010702165316e-03,5.524989297834683e-03
2100,9,1.200000000000000e-02,4.686775902664653e-03,7.313224097335347e-03
2100,10,-1.000000000000000e-02,-6.063952975016882e-03,-3.936047024983118e-03
2100,11,8.999999999999999e-03,6.178462973514219e-03,2.821537026485780e-03
2100,12,8.000000000000000e-03,2.878668210037398e-03,5.121331789962602e-03
2100,13,-7.000000000000000e-03,-5.600815397060551e-03,-1.399184602939450e-03
2100,14,6.000000000000000e-03,3.747994978746580e-03,2.252005021253420e-03
2100,15,5.000000000000000e-03,2.132640861305341e-03,2.867359138694659e-03
2100,16,-4.000000000000000e-03,-2.822497790155732e-03,-1.177502209844268e-03
2100,17,3.500000000000000e-03,2.090631130001656e-03,1.409368869998344e-03
2100,18,3.000000000000000e-03,1.740762599071533e-03,1.259237400928467e-03
2100,19,-2.500000000000000e-03,-3.104952963920437e-03,6.049529639204367e-04
2100,20,2.000000000000000e-03,2.663830923313628e-03,-6.638309233136280e-04
2100,21,1.800000000000000e-03,-9.945806843163268e-04,2.794580684316327e-03
2100,22,-1.500000000000000e-03,-4.812811434854738e-04,-1.018718856514526e-03
2100,23,1.200000000000000e-03,6.750707933453881e-04,5.249292066546118e-04
2100,24,1.000000000000000e-03,-8.274438760533267e-06,1.008274438760533e-03
2100,25,-8.000000000000000e-04,-2.561639245199250e-04,-5.438360754800751e-04
2100,26,5.999999999999999e-04,-5.892754550385993e-05,6.589275455038599e-04
2100,27,5.000000000000000e-04,5.600027337324529e-04,-6.000273373245291e-05
2100,28,-4.000000000000000e-04,6.708980030005863e-04,-1.070898003000586e-03
2100,29,3.000000000000000e-04,6.699567036903408e-05,2.330043296309659e-04
2200,0,1.200000000000000e-01,6.629932115079816e-02,5.370067884920184e-02
2200,1,-8.000000000000000e-02,-4.488916707061435e-02,-3.511083292938565e-02
2200,2,5.500000000000000e-02,3.016443137444609e-02,2.483556862555391e-02
2200,3,4.000000000000000e-02,2.226953122170408e-02,1.773046877829592e-02
2200,4,-3.000000000000000e-02,-1.825837815307940e-02,-1.174162184692060e-02
2200,5,2.500000000000000e-02,1.571771169232240e-02,9.282288307677598e-03
2200,6,2.000000000000000e-02,1.084428035338949e-02,9.155719646610513e-03
2200,7,-1.800000000000000e-02,-1.153731220763566e-02,-6.462687792364342e-03
2200,8,1.500000000000000e-02,9.397741723635762e-03,5.602258276364238e-03
2200,9,1.200000000000000e-02,5.007096124140806e-03,6.992903875859194e-03
2200,10,-1.000000000000000e-02,-6.410481912777241e-03,-3.589518087222759e-03
2200,11,8.999999999999999e-03,6.108659350425203e-03,2.891340649574797e-03
2200,12,8.000000000000000e-03,3.085749305616160e-03,4.914250694383840e-03
2200,13,-7.000000000000000e-03,-5.766697286791829e-03,-1.233302713208171e-03
2200,14,6.000000000000000e-03,3.633803059707958e-03,2.366196940292042e-03
2200,15,5.000000000000000e-03,2.269834899084408e-03,2.730165100915592e-03
2200,16,-4.000000000000000e-03,-2.432370936002550e-03,-1.567629063997450e-03
2200,17,3.500000000000000e-03,1.502329827040604e-03,1.997670172959396e-03
2200,18,3.000000000000000e-03,2.076922580331920e-03,9.230774196680802e-04
2200,19,-2.500000000000000e-03,-2.851034361862354e-03,3.510343618623540e-04
2200,20,2.000000000000000e-03,2.227703202869721e-03,-2.277032028697207e-04
2200,21,1.800000000000000e-03,-6.238379270397567e-04,2.423837927039756e-03
2200,22,-1.500000000000000e-03,-6.181281070622687e-04,-8.818718929377314e-04
2200,23,1.200000000000000e-03,5.578452210713247e-04,6.421547789286752e-04
2200,24,1.000000000000000e-03,9.096999271553977e-05,9.090300072844603e-04
2200,25,-8.000000000000000e-04,-4.360164870247769e-04,-3.639835129752232e-04
2200,26,5.999999999999999e-04,7.146541851592476e-05,5.285345814840752e-04
2200,27,5.000000000000000e-04,6.735811811852951e-04,-1.735811811852951e-04
2200,28,-4.000000000000000e-04,3.053333850361571e-04,-7.053333850361571e-04
2200,29,3.000000000000000e-04,4.570309774517976e-04,-1.570309774517977e-04
2300,0,1.200000000000000e-01,6.807404967481236e-02,5.192595032518764e-02
2300,1,-8.000000000000000e-02,-4.621879323049232e-02,-3.378120676950768e-02
2300,2,5.500000000000000e-02,3.100460721708365e-02,2.399539278291635e-02
2300,3,4.000000000000000e-02,2.254759313433138e-02,1.745240686566862e-02
2300,4,-3.000000000000000e-02,-1.868375532090722e-02,-1.131624467909277e-02
2300,5,2.500000000000000e-02,1.595077922037757e-02,9.049220779622436e-03
2300,6,2.000000000000000e-02,1.092259088082473e-02,9.077409119175274e-03
2300,7,-1.800000000000000e-02,-1.123727800188348e-02,-6.762721998116514e-03
2300,8,1.500000000000000e-02,9.223261443229028e-03,5.776738556770971e-03
2300,9,1.200000000000000e-02,5.311649171924795e-03,6.688350828075206e-03
2300,10,-1.000000000000000e-02,-6.499587180943549e-03,-3.500412819056452e-03
2300,11,8.999999999999999e-03,6.095831910719671e-03,2.904168089280328e-03
2300,12,8.000000000000000e-03,2.866942874098503e-03,5.133057125901497e-03
2300,13,-7.000000000000000e-03,-5.989620276674662e-03,-1.010379723325338e-03
2300,14,6.000000000000000e-03,3.932770062097973e-03,2.067229937902027e-03
2300,15,5.000000000000000e-03,2.076506273149657e-03,2.923493726850343e-03
2300,16,-4.000000000000000e-03,-2.259852565874265e-03,-1.740147434125735e-03
2300,17,3.500000000000000e-03,1.236417875884755e-03,2.263582124115246e-03
2300,18,3.000000000000000e-03,2.214752142690320e-03,7.852478573096805e-04
2300,19,-2.500000000000000e-03,-3.124841774370397e-03,6.248417743703973e-04
2300,20,2.000000000000000e-03,2.114449910925307e-03,-1.144499109253069e-04
2300,21,1.800000000000000e-03,-2.915529068921040e-04,2.091552906892104e-03
2300,22,-1.500000000000000e-03,-8.355459157782267e-04,-6.644540842217733e-04
2300,23,1.200000000000000e-03,5.656094993030737e-04,6.343905006969262e-04
2300,24,1.000000000000000e-03,1.457093282192528e-04,8.542906717807472e-04
2300,25,-8.000000000000000e-04,-5.087467380060663e-04,-2.912532619939337e-04
2300,26,5.999999999999999e-04,-2.446478710783760e-04,8.446478710783759e-04
2300,27,5.000000000000000e-04,8.287767665151998e-04,-3.287767665151998e-04
2300,28,-4.000000000000000e-04,2.261663142124607e-04,-6.261663142124608e-04
2300,29,3.000000000000000e-04,2.292342256255697e-04,7.076577437443031e-05
2400,0,1.200000000000000e-01,6.998403542425466e-02,5.001596457574534e-02
2400,1,-8.000000000000000e-02,-4.739222690785337e-02,-3.260777309214663e-02
2400,2,5.500000000000000e-02,3.213689003229055e-02,2.286310996770945e-02
2400,3,4.000000000000000e-02,2.284092818191474e-02,1.715907181808526e-02
2400,4,-3.000000000000000e-02,-1.899877723804291e-02,-1.100122276195709e-02
2400,5,2.500000000000000e-02,1.616451932878936e-02,8.835480671210639e-03
2400,6,2.000000000000000e-02,1.114497855037423e-02,8.855021449625770e-03
2400,7,-1.800000000000000e-02,-1.132509699747408e-02,-6.674903002525916e-03
2400,8,1.500000000000000e-02,9.121309287220047e-03,5.878690712779952e-03
2400,9,1.200000000000000e-02,5.834078273935259e-03,6.165921726064741e-03
2400,10,-1.000000000000000e-02,-6.660740459237543e-03,-3.339259540762457e-03
2400,11,8.999999999999999e-03,6.136435336469056e-03,2.863564663530944e-03
2400,12,8.000000000000000e-03,3.243779572093241e-03,4.756220427906759e-03
2400,13,-7.000000000000000e-03,-6.222734047065299e-03,-7.772659529347008e-04
2400,14,6.000000000000000e-03,3.840205694794061e-03,2.159794305205939e-03
2400,15,5.000000000000000e-03,2.359202113241938e-03,2.640797886758062e-03
2400,16,-4.000000000000000e-03,-2.654273383487002e-03,-1.345726616512998e-03
2400,17,3.500000000000000e-03,1.501745653516906e-03,1.998254346483094e-03
2400,18,3.000000000000000e-03,1.941527744256443e-03,1.058472255743557e-03
2400,19,-2.500000000000000e-03,-2.630807053583391e-03,1.308070535833913e-04
2400,20,2.000000000000000e-03,1.584914593402458e-03,4.150854065975422e-04
2400,21,1.800000000000000e-03,3.710846545453961e-05,1.762891534545460e-03
2400,22,-1.500000000000000e-03,-1.038635794919442e-03,-4.613642050805579e-04
2400,23,1.200000000000000e-03,6.272691188743383e-04,5.727308811256616e-04
2400,24,1.000000000000000e-03,7.100940572526114e-05,9.289905942747389e-04
2400,25,-8.000000000000000e-04,-5.004990352733072e-04,-2.995009647266928e-04
2400,26,5.999999999999999e-04,-2.603844956550249e-04,8.603844956550249e-04
2400,27,5.000000000000000e-04,8.031087689539350e-04,-3.031087689539350e-04
2400,28,-4.000000000000000e-04,3.698794094417651e-04,-7.698794094417652e-04
2400,29,3.000000000000000e-04,2.931122419989147e-04,6.887758001085311e-06
2500,0,1.200000000000000e-01,7.164082279462139e-02,4.835917720537861e-02
2500,1,-8.000000000000000e-02,-4.814575278345973e-02,-3.185424721654027e-02
2500,2,5.500000000000000e-02,3.291090964137965e-02,2.208909035862035e-02
2500,3,4.000000000000000e-02,2.341241085234733e-02,1.658758914765267e-02
2500,4,-3.000000000000000e-02,-1.914336376097784e-02,-1.085663623902216e-02
2500,5,2.500000000000000e-02,1.697675259373404e-02,8.023247406265959e-03
2500,6,2.000000000000000e-02,1.088920847837635e-02,9.110791521623651e-03
2500,7,-1.800000000000000e-02,-1.077448970912716e-02,-7.225510290872842e-03
2500,8,1.500000000000000e-02,9.395738849465539e-03,5.604261150534461e-03
2500,9,1.200000000000000e-02,5.989979105241568e-03,6.010020894758432e-03
2500,10,-1.000000000000000e-02,-6.264678071256182e-03,-3.735321928743818e-03
2500,11,8.999999999999999e-03,6.162222571389334e-03,2.837777428610666e-03
2500,12,8.000000000000000e-03,3.905690814496314e-03,4.094309185503686e-03
2500,13,-7.000000000000000e-03,-6.031888482389802e-03,-9.681115176101984e-04
2500,14,6.000000000000000e-03,4.008006309003177e-03,1.991993690996823e-03
2500,15,5.000000000000000e-03,2.559391902836815e-03,2.440608097163185e-03
2500,16,-4.000000000000000e-03,-2.662852858734631e-03,-1.337147141265369e-03
2500,17,3.500000000000000e-03,1.945335510846856e-03,1.554664489153144e-03
2500,18,3.000000000000000e-03,1.711380579560281e-03,1.288619420439719e-03
2500,19,-2.500000000000000e-03,-2.299049803087225e-03,-2.009501969127748e-04
2500,20,2.000000000000000e-03,1.574511105117635e-03,4.254888948823649e-04
2500,21,1.800000000000000e-03,1.768193745978136e-04,1.623180625402186e-03
2500,22,-1.500000000000000e-03,-8.456679394679761e-04,-6.543320605320239e-04
2500,23,1.200000000000000e-03,4.523706568732142e-04,7.476293431267858e-04
2500,24,1.000000000000000e-03,3.192467200275555e-04,6.807532799724445e-04
2500,25,-8.000000000000000e-04,-5.726658067666370e-04,-2.273341932333631e-04
2500,26,5.999999999999999e-04,-2.759676711965942e-04,8.759676711965942e-04
2500,27,5.000000000000000e-04,9.024987284375650e-04,-4.024987284375650e-04
2500,28,-4.000000000000000e-04,7.520253345047511e-05,-4.752025334504751e-04
2500,29,3.000000000000000e-04,5.405342108133650e-04,-2.405342108133650e-04
2600,0,1.200000000000000e-01,7.325304043148910e-02,4.674695956851090e-02
2600,1,-8.000000000000000e-02,-4.887654137493745e-02,-3.112345862506255e-02
2600,2,5.500000000000000e-02,3.377034028391728e-02,2.122965971608272e-02
2600,3,4.000000000000000e-02,2.442250958369119e-02,1.557749041630881e-02
2600,4,-3.000000000000000e-02,-1.923387346534459e-02,-1.076612653465540e-02
2600,5,2.500000000000000e-02,1.730554573500693e-02,7.694454264993076e-03
2600,6,2.000000000000000e-02,1.160592986195516e-02,8.394070138044843e-03
2600,7,-1.800000000000000e-02,-1.085921272001594e-02,-7.140787279984056e-03
2600,8,1.500000000000000e-02,9.769193096507272e-03,5.230806903492728e-03
2600,9,1.200000000000000e-02,6.610952311474255e-03,5.389047688525745e-03
2600,10,-1.000000000000000e-02,-6.404380150054852e-03,-3.595619849945149e-03
2600,11,8.999999999999999e-03,6.683792282700714e-03,2.316207717299286e-03
2600,12,8.000000000000000e-03,4.492864652818663e-03,3.507135347181337e-03
2600,13,-7.000000000000000e-03,-6.205777930264330e-03,-7.942220697356702e-04
2600,14,6.000000000000000e-03,4.454844774330817e-03,1.545155225669183e-03
2600,15,5.000000000000000e-03,3.065357337530396e-03,1.934642662469604e-03
2600,16,-4.000000000000000e-03,-2.706004891099730e-03,-1.293995108900270e-03
2600,17,3.500000000000000e-03,2.268881224652652e-03,1.231118775347348e-03
2600,18,3.000000000000000e-03,2.002513908681774e-03,9.974860913182257e-04
2600,19,-2.500000000000000e-03,-2.468564928476116e-03,-3.143507152388383e-05
2600,20,2.000000000000000e-03,1.872861682192214e-03,1.271383178077857e-04
2600,21,1.800000000000000e-03,1.841154669885220e-04,1.615884533011478e-03
2600,22,-1.500000000000000e-03,-8.443424823291788e-04,-6.556575176708213e-04
2600,23,1.200000000000000e-03,4.447297075131540e-04,7.552702924868459e-04
2600,24,1.000000000000000e-03,4.462690698163242e-04,5.537309301836759e-04
2600,25,-8.000000000000000e-04,-7.707691084919294e-04,-2.923089150807059e-05
2600,26,5.999999999999999e-04,-1.704443824339868e-04,7.704443824339867e-04
2600,27,5.000000000000000e-04,7.766370174186325e-04,-2.766370174186324e-04
2600,28,-4.000000000000000e-04,7.036053042304122e-05,-4.703605304230412e-04
2600,29,3.000000000000000e-04,4.713604435719592e-04,-1.713604435719592e-04
2700,0,1.200000000000000e-01,7.446482010886063e-02,4.553517989113937e-02
2700,1,-8.000000000000000e-02,-4.964794442271146e-02,-3.035205557728854e-02
2700,2,5.500000000000000e-02,3.441037902195918e-02,2.058962097804082e-02
2700,3,4.000000000000000e-02,2.488309004461620e-02,1.511690995538380e-02
2700,4,-3.000000000000000e-02,-1.963330827013710e-02,-1.036669172986290e-02
2700,5,2.500000000000000e-02,1.769215873434182e-02,7.307841265658185e-03
2700,6,2.000000000000000e-02,1.182672449986477e-02,8.173275500135227e-03
2700,7,-1.800000000000000e-02,-1.083895751692246e-02,-7.161042483077537e-03
2700,8,1.500000000000000e-02,9.694266988719348e-03,5.305733011280652e-03
2700,9,1.200000000000000e-02,6.970293788588508e-03,5.029706211411493e-03
2700,10,-1.000000000000000e-02,-6.409416190589831e-03,-3.590583809410169e-03
2700,11,8.999999999999999e-03,6.463466559060478e-03,2.536533440939522e-03
2700,12,8.000000000000000e-03,4.588935215173766e-03,3.411064784826234e-03
2700,13,-7.000000000000000e-03,-6.209143478846162e-03,-7.908565211538383e-04
2700,14,6.000000000000000e-03,4.178066126095570e-03,1.821933873904430e-03
2700,15,5.000000000000000e-03,3.015690932554775e-03,1.984309067445225e-03
2700,16,-4.000000000000000e-03,-2.422374120467137e-03,-1.577625879532863e-03
2700,17,3.500000000000000e-03,2.081733847441899e-03,1.418266152558101e-03
2700,18,3.000000000000000e-03,1.928526605982633e-03,1.071473394017367e-03
2700,19,-2.500000000000000e-03,-2.042257608794867e-03,-4.577423912051327e-04
2700,20,2.000000000000000e-03,1.482066749240213e-03,5.179332507597872e-04
2700,21,1.800000000000000e-03,3.678523708999652e-04,1.432147629100035e-03
2700,22,-1.500000000000000e-03,-7.001966484393781e-04,-7.998033515606219e-04
2700,23,1.200000000000000e-03,2.976199643966193e-04,9.023800356033806e-04
2700,24,1.000000000000000e-03,4.864188896633232e-04,5.135811103366768e-04
2700,25,-8.000000000000000e-04,-7.428705407819293e-04,-5.712945921807074e-05
2700,26,5.999999999999999e-04,-6.090872914733490e-05,6.609087291473348e-04
2700,27,5.000000000000000e-04,6.250659727881271e-04,-1.250659727881271e-04
2700,28,-4.000000000000000e-04,1.165736737771462e-04,-5.165736737771463e-04
2700,29,3.000000000000000e-04,6.507597523879684e-04,-3.507597523879685e-04
2800,0,1.200000000000000e-01,7.604286931985145e-02,4.395713068014855e-02
2800,1,-8.000000000000000e-02,-5.040676363510848e-02,-2.959323636489152e-02
2800,2,5.500000000000000e-02,3.515274478173171e-02,1.984725521826829e-02
2800,3,4.000000000000000e-02,2.560528780642608e-02,1.439471219357392e-02
2800,4,-3.000000000000000e-02,-2.003173816236879e-02,-9.968261837631210e-03
2800,5,2.500000000000000e-02,1.820350669917887e-02,6.796493300821136e-03
2800,6,2.000000000000000e-02,1.194674452024358e-02,8.053255479756416e-03
2800,7,-1.800000000000000e-02,-1.100990213870335e-02,-6.990097861296649e-03
2800,8,1.500000000000000e-02,1.010128849382224e-02,4.898711506177763e-03
2800,9,1.200000000000000e-02,6.890414868917179e-03,5.109585131082822e-03
2800,10,-1.000000000000000e-02,-6.359382674855808e-03,-3.640617325144192e-03
2800,11,8.999999999999999e-03,6.507947443467599e-03,2.492052556532401e-03
2800,12,8.000000000000000e-03,4.638388111182050e-03,3.361611888817950e-03
2800,13,-7.000000000000000e-03,-6.100485049134044e-03,-8.995149508659560e-04
2800,14,6.000000000000000e-03,4.076107557894615e-03,1.923892442105385e-03
2800,15,5.000000000000000e-03,3.215301233710149e-03,1.784698766289851e-03
2800,16,-4.000000000000000e-03,-2.537046778976293e-03,-1.462953221023707e-03
2800,17,3.500000000000000e-03,2.139678568395316e-03,1.360321431604684e-03
2800,18,3.000000000000000e-03,2.110309782430054e-03,8.896902175699463e-04
2800,19,-2.500000000000000e-03,-2.188973013466408e-03,-3.110269865335916e-04
2800,20,2.000000000000000e-03,1.675627665648343e-03,3.243723343516569e-04
2800,21,1.800000000000000e-03,5.339685562945720e-04,1.266031443705428e-03
2800,22,-1.500000000000000e-03,-7.820293596863140e-04,-7.179706403136860e-04
2800,23,1.200000000000000e-03,3.771285997130684e-04,8.228714002869314e-04
2800,24,1.000000000000000e-03,7.244481072027056e-04,2.755518927972944e-04
2800,25,-8.000000000000000e-04,-6.071894798931275e-04,-1.928105201068726e-04
2800,26,5.999999999999999e-04,-4.240679468187754e-05,6.424067946818775e-04
2800,27,5.000000000000000e-04,8.529575911489071e-04,-3.529575911489070e-04
2800,28,-4.000000000000000e-04,9.108640252293592e-05,-4.910864025229359e-04
2800,29,3.000000000000000e-04,6.231994456678784e-04,-3.231994456678784e-04
2900,0,1.200000000000000e-01,7.732473345618367e-02,4.267526654381633e-02
2900,1,-8.000000000000000e-02,-5.128038330256875e-02,-2.871961669743125e-02
2900,2,5.500000000000000e-02,3.570273161242602e-02,1.929726838757398e-02
2900,3,4.000000000000000e-02,2.565564253071894e-02,1.434435746928106e-02
2900,4,-3.000000000000000e-02,-2.014401424211751e-02,-9.855985757882491e-03
2900,5,2.500000000000000e-02,1.815398974961550e-02,6.846010250384497e-03
2900,6,2.000000000000000e-02,1.205970404733209e-02,7.940295952667908e-03
2900,7,-1.800000000000000e-02,-1.126579177928362e-02,-6.734208220716379e-03
2900,8,1.500000000000000e-02,1.034609936083506e-02,4.653900639164944e-03
2900,9,1.200000000000000e-02,6.896711378350425e-03,5.103288621649575e-03
2900,10,-1.000000000000000e-02,-6.495340318010841e-03,-3.504659681989159e-03
2900,11,8.999999999999999e-03,6.594225468494411e-03,2.405774531505588e-03
2900,12,8.000000000000000e-03,4.470294448455920e-03,3.529705551544080e-03
2900,13,-7.000000000000000e-03,-5.786949040914913e-03,-1.213050959085088e-03
2900,14,6.000000000000000e-03,3.973101776689311e-03,2.026898223310689e-03
2900,15,5.000000000000000e-03,3.397000852011661e-03,1.602999147988339e-03
2900,16,-4.000000000000000e-03,-2.490382498833172e-03,-1.509617501166828e-03
2900,17,3.500000000000000e-03,2.202120615198990e-03,1.297879384801010e-03
2900,18,3.000000000000000e-03,2.091695150224774e-03,9.083048497752263e-04
2900,19,-2.500000000000000e-03,-2.275655503931788e-03,-2.243444960682121e-04
2900,20,2.000000000000000e-03,1.574355454220266e-03,4.256445457797343e-04
2900,21,1.800000000000000e-03,6.102137503886443e-04,1.189786249611356e-03
2900,22,-1.500000000000000e-03,-8.215305666092164e-04,-6.784694333907837e-04
2900,23,1.200000000000000e-03,3.208708584702682e-04,8.791291415297317e-04
2900,24,1.000000000000000e-03,7.660477431623185e-04,2.339522568376815e-04
2900,25,-8.000000000000000e-04,-8.746779541090515e-04,7.467795410905141e-05
2900,26,5.999999999999999e-04,3.455826627364747e-04,2.544173372635252e-04
2900,27,5.000000000000000e-04,6.634798779367554e-04,-1.634798779367554e-04
2900,28,-4.000000000000000e-04,5.063294621851583e-05,-4.506329462185158e-04
2900,29,3.000000000000000e-04,6.428038615537094e-04,-3.428038615537094e-04
3000,0,1.200000000000000e-01,7.860215814837065e-02,4.139784185162934e-02
3000,1,-8.000000000000000e-02,-5.207954434544743e-02,-2.792045565455258e-02
3000,2,5.500000000000000e-02,3.625254882009313e-02,1.874745117990687e-02
3000,3,4.000000000000000e-02,2.620622130404165e-02,1.379377869595835e-02
3000,4,-3.000000000000000e-02,-2.041501471357100e-02,-9.584985286428996e-03
3000,5,2.500000000000000e-02,1.825658570957004e-02,6.743414290429964e-03
3000,6,2.000000000000000e-02,1.235115602761526e-02,7.648843972384741e-03
3000,7,-1.800000000000000e-02,-1.157516658606834e-02,-6.424833413931654e-03
3000,8,1.500000000000000e-02,1.070020341070486e-02,4.299796589295137e-03
3000,9,1.200000000000000e-02,6.862982817647622e-03,5.137017182352378e-03
3000,10,-1.000000000000000e-02,-6.610742626400306e-03,-3.389257373599694e-03
3000,11,8.999999999999999e-03,6.600343736723930e-03,2.399656263276069e-03
3000,12,8.000000000000000e-03,4.715462635221256e-03,3.284537364778744e-03
3000,13,-7.000000000000000e-03,-5.955410029542713e-03,-1.044589970457287e-03
3000,14,6.000000000000000e-03,4.008542945282228e-03,1.991457054717772e-03
3000,15,5.000000000000000e-03,3.529439902618054e-03,1.470560097381946e-03
3000,16,-4.000000000000000e-03,-2.599719632597389e-03,-1.400280367402611e-03
3000,17,3.500000000000000e-03,2.590071448758771e-03,9.099285512412288e-04
3000,18,3.000000000000000e-03,2.009804148886815e-03,9.901958511131848e-04
3000,19,-2.500000000000000e-03,-2.167751195861872e-03,-3.322488041381279e-04
3000,20,2.000000000000000e-03,1.708813145895434e-03,2.911868541045665e-04
3000,21,1.800000000000000e-03,8.306188285849778e-04,9.693811714150221e-04
3000,22,-1.500000000000000e-03,-9.165426401158596e-04,-5.834573598841404e-04
3000,23,1.200000000000000e-03,4.959713048999355e-04,7.040286951000644e-04
3000,24,1.000000000000000e-03,9.086255789540326e-04,9.137442104596737e-05
3000,25,-8.000000000000000e-04,-6.465298750708995e-04,-1.534701249291005e-04
3000,26,5.999999999999999e-04,7.929019746944029e-05,5.207098025305596e-04
3000,27,5.000000000000000e-04,9.720007908912748e-04,-4.720007908912748e-04
3000,28,-4.000000000000000e-04,-5.551510231734552e-05,-3.444848976826545e-04
3000,29,3.000000000000000e-04,6.370238325488351e-04,-3.370238325488351e-04
3100,0,1.200000000000000e-01,8.009614426380085e-02,3.990385573619915e-02
3100,1,-8.000000000000000e-02,-5.315464101663374e-02,-2.684535898336626e-02
3100,2,5.500000000000000e-02,3.680044113229854e-02,1.819955886770146e-02
3100,3,4.000000000000000e-02,2.688131883931900e-02,1.311868116068100e-02
3100,4,-3.000000000000000e-02,-2.104800692578464e-02,-8.951993074215358e-03
3100,5,2.500000000000000e-02,1.863750226921533e-02,6.362497730784667e-03
3100,6,2.000000000000000e-02,1.271515088146662e-02,7.284849118533379e-03
3100,7,-1.800000000000000e-02,-1.195706777330731e-02,-6.042932226692685e-03
3100,8,1.500000000000000e-02,1.104796054596497e-02,3.952039454035029e-03
3100,9,1.200000000000000e-02,6.976515377792598e-03,5.023484622207403e-03
3100,10,-1.000000000000000e-02,-6.901241926763948e-03,-3.098758073236053e-03
3100,11,8.999999999999999e-03,6.866701891860161e-03,2.133298108139838e-03
3100,12,8.000000000000000e-03,4.751915150945955e-03,3.248084849054045e-03
3100,13,-7.000000000000000e-03,-6.108354526074479e-03,-8.916454739255212e-04
3100,14,6.000000000000000e-03,4.187585677099007e-03,1.812414322900993e-03
3100,15,5.000000000000000e-03,3.575735235935523e-03,1.424264764064477e-03
3100,16,-4.000000000000000e-03,-2.672501638942436e-03,-1.327498361057564e-03
3100,17,3.500000000000000e-03,2.510379852268773e-03,9.896201477312266e-04
3100,18,3.000000000000000e-03,2.598684010728313e-03,4.013159892716873e-04
3100,19,-2.500000000000000e-03,-2.419424773871451e-03,-8.057522612854888e-05
3100,20,2.000000000000000e-03,1.467225269265357e-03,5.327747307346433e-04
3100,21,1.800000000000000e-03,1.480379178291275e-03,3.196208217087252e-04
3100,22,-1.500000000000000e-03,-1.305980837874426e-03,-1.940191621255742e-04
3100,23,1.200000000000000e-03,6.053596344028109e-04,5.946403655971890e-04
3100,24,1.000000000000000e-03,1.259024212530731e-03,-2.590242125307305e-04
3100,25,-8.000000000000000e-04,-9.193584764820074e-04,1.193584764820074e-04
3100,26,5.999999999999999e-04,3.404289719581781e-04,2.595710280418218e-04
3100,27,5.000000000000000e-04,1.097053010503047e-03,-5.970530105030474e-04
3100,28,-4.000000000000000e-04,-2.587289529922350e-04,-1.412710470077650e-04
3100,29,3.000000000000000e-04,9.270271918836792e-04,-6.270271918836791e-04
3200,0,1.200000000000000e-01,8.137692762905292e-02,3.862307237094707e-02
3200,1,-8.000000000000000e-02,-5.388324283492092e-02,-2.611675716507908e-02
3200,2,5.500000000000000e-02,3.734474178947608e-02,1.765525821052392e-02
3200,3,4.000000000000000e-02,2.737509181379849e-02,1.262490818620151e-02
3200,4,-3.000000000000000e-02,-2.117893440089642e-02,-8.821065599103582e-03
3200,5,2.500000000000000e-02,1.890564070481724e-02,6.094359295182761e-03
3200,6,2.000000000000000e-02,1.301762346296700e-02,6.982376537033003e-03
3200,7,-1.800000000000000e-02,-1.211692200174310e-02,-5.883077998256896e-03
3200,8,1.500000000000000e-02,1.131174716010871e-02,3.688252839891290e-03
3200,9,1.200000000000000e-02,7.293936193515008e-03,4.706063806484992e-03
3200,10,-1.000000000000000e-02,-7.001405888873422e-03,-2.998594111126579e-03
3200,11,8.999999999999999e-03,6.993824123423102e-03,2.006175876576898e-03
3200,12,8.000000000000000e-03,4.945090331473593e-03,3.054909668526407e-03
3200,13,-7.000000000000000e-03,-6.095205489713460e-03,-9.047945102865400e-04
3200,14,6.000000000000000e-03,4.354458261390804e-03,1.645541738609196e-03
3200,15,5.000000000000000e-03,3.439522449035106e-03,1.560477550964895e-03
3200,16,-4.000000000000000e-03,-2.361219472556451e-03,-1.638780527443549e-03
3200,17,3.500000000000000e-03,2.541995711363954e-03,9.580042886360458e-04
3200,18,3.000000000000000e-03,2.635790820486881e-03,3.642091795131191e-04
3200,19,-2.500000000000000e-03,-2.278922930410375e-03,-2.210770695896254e-04
3200,20,2.000000000000000e-03,1.547354742729084e-03,4.526452572709157e-04
3200,21,1.800000000000000e-03,1.634082981152131e-03,1.659170188478688e-04
3200,22,-1.500000000000000e-03,-1.221892805410428e-03,-2.781071945895722e-04
3200,23,1.200000000000000e-03,7.242210344675618e-04,4.757789655324381e-04
3200,24,1.000000000000000e-03,1.327873261626034e-03,-3.278732616260336e-04
3200,25,-8.000000000000000e-04,-1.019646213731851e-03,2.196462137318507e-04
3200,26,5.999999999999999e-04,6.879219911453310e-04,-8.792199114533109e-05
3200,27,5.000000000000000e-04,9.053951868636245e-04,-4.053951868636245e-04
3200,28,-4.000000000000000e-04,-1.616736797255502e-04,-2.383263202744498e-04
3200,29,3.000000000000000e-04,9.565868647107074e-04,-6.565868647107074e-04
3300,0,1.200000000000000e-01,8.263316459304254e-02,3.736683540695745e-02
3300,1,-8.000000000000000e-02,-5.460891793767056e-02,-2.539108206232944e-02
3300,2,5.500000000000000e-02,3.788828466463513e-02,1.711171533536487e-02
3300,3,4.000000000000000e-02,2.811217952375089e-02,1.188782047624911e-02
3300,4,-3.000000000000000e-02,-2.176770741525521e-02,-8.232292584744793e-03
3300,5,2.500000000000000e-02,1.925289367419350e-02,5.747106325806502e-03
3300,6,2.000000000000000e-02,1.323812929929087e-02,6.761870700709134e-03
3300,7,-1.800000000000000e-02,-1.249528812145351e-02,-5.504711878546491e-03
3300,8,1.500000000000000e-02,1.158290911548658e-02,3.417090884513420e-03
3300,9,1.200000000000000e-02,7.541581959643964e-03,4.458418040356037e-03
3300,10,-1.000000000000000e-02,-7.255979748784537e-03,-2.744020251215463e-03
3300,11,8.999999999999999e-03,7.139934085770603e-03,1.860065914229396e-03
3300,12,8.000000000000000e-03,5.104776025395089e-03,2.895223974604911e-03
3300,13,-7.000000000000000e-03,-6.258567015371079e-03,-7.414329846289211e-04
3300,14,6.000000000000000e-03,4.324028375268258e-03,1.675971624731742e-03
3300,15,5.000000000000000e-03,3.473472930021473e-03,1.526527069978527e-03
3300,16,-4.000000000000000e-03,-2.436014108625462e-03,-1.563985891374538e-03
3300,17,3.500000000000000e-03,2.593587199086127e-03,9.064128009138727e-04
3300,18,3.000000000000000e-03,2.417227783607442e-03,5.827722163925585e-04
3300,19,-2.500000000000000e-03,-2.151152129044321e-03,-3.488478709556793e-04
3300,20,2.000000000000000e-03,1.627724208878324e-03,3.722757911216756e-04
3300,21,1.800000000000000e-03,1.341901843360853e-03,4.580981566391473e-04
3300,22,-1.500000000000000e-03,-9.343704210447196e-04,-5.656295789552804e-04
3300,23,1.200000000000000e-03,5.500480477362359e-04,6.499519522637640e-04
3300,24,1.000000000000000e-03,1.190202374432097e-03,-1.902023744320966e-04
3300,25,-8.000000000000000e-04,-7.942895022294573e-04,-5.710497770542691e-06
3300,26,5.999999999999999e-04,4.903787326432971e-04,1.096212673567028e-04
3300,27,5.000000000000000e-04,7.678243957894959e-04,-2.678243957894959e-04
3300,28,-4.000000000000000e-04,-3.972708487725793e-05,-3.602729151227421e-04
3300,29,3.000000000000000e-04,1.023877450358988e-03,-7.238774503589885e-04
3400,0,1.200000000000000e-01,8.393561020379624e-02,3.606438979620376e-02
3400,1,-8.000000000000000e-02,-5.566880067407058e-02,-2.433119932592942e-02
3400,2,5.500000000000000e-02,3.833669219114255e-02,1.666330780885745e-02
3400,3,4.000000000000000e-02,2.857779238083844e-02,1.142220761916156e-02
3400,4,-3.000000000000000e-02,-2.235909362282071e-02,-7.640906377179291e-03
3400,5,2.500000000000000e-02,1.946038563507187e-02,5.539614364928131e-03
3400,6,2.000000000000000e-02,1.340356023787736e-02,6.596439762122640e-03
3400,7,-1.800000000000000e-02,-1.287815692570292e-02,-5.121843074297082e-03
3400,8,1.500000000000000e-02,1.180624741777649e-02,3.193752582223512e-03
3400,9,1.200000000000000e-02,7.564350571599524e-03,4.435649428400476e-03
3400,10,-1.000000000000000e-02,-7.440873974505878e-03,-2.559126025494123e-03
3400,11,8.999999999999999e-03,7.297221328209942e-03,1.702778671790057e-03
3400,12,8.000000000000000e-03,5.162236563362391e-03,2.837763436637609e-03
3400,13,-7.000000000000000e-03,-6.383209809431907e-03,-6.167901905680933e-04
3400,14,6.000000000000000e-03,4.647104114462537e-03,1.352895885537463e-03
3400,15,5.000000000000000e-03,3.439607105032251e-03,1.560392894967749e-03
3400,16,-4.000000000000000e-03,-2.643192476262750e-03,-1.356807523737250e-03
3400,17,3.500000000000000e-03,3.012185738485994e-03,4.878142615140062e-04
3400,18,3.000000000000000e-03,2.302381459963159e-03,6.976185400368413e-04
3400,19,-2.500000000000000e-03,-2.243385449380847e-03,-2.566145506191528e-04
3400,20,2.000000000000000e-03,1.901619358537448e-03,9.838064146255247e-05
3400,21,1.800000000000000e-03,1.035338221541995e-03,7.646617784580049e-04
3400,22,-1.500000000000000e-03,-9.632542182540551e-04,-5.367457817459449e-04
3400,23,1.200000000000000e-03,7.448884426072532e-04,4.551115573927467e-04
3400,24,1.000000000000000e-03,1.070694031957853e-03,-7.069403195785265e-05
3400,25,-8.000000000000000e-04,-6.972295194611080e-04,-1.027704805388921e-04
3400,26,5.999999999999999e-04,5.564510206207789e-04,4.354897937922108e-05
3400,27,5.000000000000000e-04,8.654036054589711e-04,-3.654036054589711e-04
3400,28,-4.000000000000000e-04,-5.944108008487366e-06,-3.940558919915126e-04
3400,29,3.000000000000000e-04,9.433311320548455e-04,-6.433311320548456e-04
3500,0,1.200000000000000e-01,8.520204952372477e-02,3.479795047627522e-02
3500,1,-8.000000000000000e-02,-5.638756682637242e-02,-2.361243317362758e-02
3500,2,5.500000000000000e-02,3.888552672400089e-02,1.611447327599911e-02
3500,3,4.000000000000000e-02,2.879084493316050e-02,1.120915506683950e-02
3500,4,-3.000000000000000e-02,-2.250694219847811e-02,-7.493057801521888e-03
3500,5,2.500000000000000e-02,1.963087921525871e-02,5.369120784741291e-03
3500,6,2.000000000000000e-02,1.338154252323639e-02,6.618457476763614e-03
3500,7,-1.800000000000000e-02,-1.299457938172088e-02,-5.005420618279121e-03
3500,8,1.500000000000000e-02,1.192264384911329e-02,3.077356150886713e-03
3500,9,1.200000000000000e-02,7.651389684176771e-03,4.348610315823230e-03
3500,10,-1.000000000000000e-02,-7.606447527214893e-03,-2.393552472785107e-03
3500,11,8.999999999999999e-03,7.439134908815240e-03,1.560865091184759e-03
3500,12,8.000000000000000e-03,5.223427151395607e-03,2.776572848604393e-03
3500,13,-7.000000000000000e-03,-6.229255378554746e-03,-7.707446214452541e-04
3500,14,6.000000000000000e-03,4.660442849363727e-03,1.339557150636273e-03
3500,15,5.000000000000000e-03,3.320168672360430e-03,1.679831327639570e-03
3500,16,-4.000000000000000e-03,-2.656292275301693e-03,-1.343707724698307e-03
3500,17,3.500000000000000e-03,3.027653570713247e-03,4.723464292867531e-04
3500,18,3.000000000000000e-03,2.255169957459687e-03,7.448300425403130e-04
3500,19,-2.500000000000000e-03,-2.240168013055786e-03,-2.598319869442142e-04
3500,20,2.000000000000000e-03,1.837618919143692e-03,1.623810808563083e-04
3500,21,1.800000000000000e-03,1.277240619111437e-03,5.227593808885631e-04
3500,22,-1.500000000000000e-03,-1.139598223117703e-03,-3.604017768822966e-04
3500,23,1.200000000000000e-03,9.376138522202149e-04,2.623861477797850e-04
3500,24,1.000000000000000e-03,8.728769165393903e-04,1.271230834606098e-04
3500,25,-8.000000000000000e-04,-3.267593751812336e-04,-4.732406248187664e-04
3500,26,5.999999999999999e-04,3.046149748732744e-04,2.953850251267256e-04
3500,27,5.000000000000000e-04,9.465160636604110e-04,-4.465160636604110e-04
3500,28,-4.000000000000000e-04,-3.023576247554906e-05,-3.697642375244510e-04
3500,29,3.000000000000000e-04,7.963000294879999e-04,-4.963000294880000e-04
3600,0,1.200000000000000e-01,8.613446396953214e-02,3.386553603046785e-02
3600,1,-8.000000000000000e-02,-5.696341977341015e-02,-2.303658022658985e-02
3600,2,5.500000000000000e-02,3.932492236876681e-02,1.567507763123319e-02
3600,3,4.000000000000000e-02,2.927515292620487e-02,1.072484707379514e-02
3600,4,-3.000000000000000e-02,-2.281368481325600e-02,-7.186315186743994e-03
3600,5,2.500000000000000e-02,1.989015220755800e-02,5.109847792442005e-03
3600,6,2.000000000000000e-02,1.357486612211645e-02,6.425133877883552e-03
3600,7,-1.800000000000000e-02,-1.311682304375503e-02,-4.883176956244970e-03
3600,8,1.500000000000000e-02,1.202385800171416e-02,2.976141998285841e-03
3600,9,1.200000000000000e-02,7.701913780601486e-03,4.298086219398515e-03
3600,10,-1.000000000000000e-02,-7.757630168353302e-03,-2.242369831646698e-03
3600,11,8.999999999999999e-03,7.468012020942629e-03,1.531987979057370e-03
3600,12,8.000000000000000e-03,5.200077306670583e-03,2.799922693329417e-03
3600,13,-7.000000000000000e-03,-6.328504792625428e-03,-6.714952073745718e-04
3600,14,6.000000000000000e-03,4.662564402309812e-03,1.337435597690188e-03
3600,15,5.000000000000000e-03,3.358013403684358e-03,1.641986596315642e-03
3600,16,-4.000000000000000e-03,-2.736616833047296e-03,-1.263383166952704e-03
3600,17,3.500000000000000e-03,3.109746254843031e-03,3.902537451569692e-04
3600,18,3.000000000000000e-03,2.182875386015146e-03,8.171246139848541e-04
3600,19,-2.500000000000000e-03,-2.185370911189870e-03,-3.146290888101297e-04
3600,20,2.000000000000000e-03,1.746653548718144e-03,2.533464512818558e-04
3600,21,1.800000000000000e-03,1.230037088607597e-03,5.699629113924032e-04
3600,22,-1.500000000000000e-03,-1.095769067735950e-03,-4.042309322640502e-04
3600,23,1.200000000000000e-03,9.651386642770700e-04,2.348613357229299e-04
3600,24,1.000000000000000e-03,8.700117673086542e-04,1.299882326913458e-04
3600,25,-8.000000000000000e-04,-2.973373815641789e-04,-5.026626184358212e-04
3600,26,5.999999999999999e-04,2.742285252474026e-04,3.257714747525974e-04
3600,27,5.000000000000000e-04,1.073967988716579e-03,-5.739679887165788e-04
3600,28,-4.000000000000000e-04,-1.741247368501261e-04,-2.258752631498739e-04
3600,29,3.000000000000000e-04,8.612772668361424e-04,-5.612772668361424e-04
3700,0,1.200000000000000e-01,8.703982805097270e-02,3.296017194902730e-02
3700,1,-8.000000000000000e-02,-5.749352631500430e-02,-2.250647368499571e-02
3700,2,5.500000000000000e-02,3.964825899991228e-02,1.535174100008772e-02
3700,3,4.000000000000000e-02,2.960774736222338e-02,1.039225263777662e-02
3700,4,-3.000000000000000e-02,-2.322256166099440e-02,-6.777438339005602e-03
3700,5,2.500000000000000e-02,2.014546586259908e-02,4.854534137400918e-03
3700,6,2.000000000000000e-02,1.370221461448192e-02,6.297785385518081e-03
3700,7,-1.800000000000000e-02,-1.321156204705145e-02,-4.788437952948546e-03
3700,8,1.500000000000000e-02,1.220392420548727e-02,2.796075794512728e-03
3700,9,1.200000000000000e-02,7.835259016614081e-03,4.164740983385920e-03
3700,10,-1.000000000000000e-02,-7.826955706941306e-03,-2.173044293058694e-03
3700,11,8.999999999999999e-03,7.509331901955852e-03,1.490668098044147e-03
3700,12,8.000000000000000e-03,5.268000022032675e-03,2.731999977967325e-03
3700,13,-7.000000000000000e-03,-6.541789312963653e-03,-4.582106870363476e-04
3700,14,6.000000000000000e-03,4.900387096766058e-03,1.099612903233942e-03
3700,15,5.000000000000000e-03,3.272714431749115e-03,1.727285568250885e-03
3700,16,-4.000000000000000e-03,-2.705277474469074e-03,-1.294722525530926e-03
3700,17,3.500000000000000e-03,3.250220540891531e-03,2.497794591084686e-04
3700,18,3.000000000000000e-03,1.947581535782733e-03,1.052418464217267e-03
3700,19,-2.500000000000000e-03,-2.104162197740836e-03,-3.958378022591645e-04
3700,20,2.000000000000000e-03,1.798521725228205e-03,2.014782747717947e-04
3700,21,1.800000000000000e-03,9.827648997788525e-04,8.172351002211475e-04
3700,22,-1.500000000000000e-03,-1.077138262462099e-03,-4.228617375379008e-04
3700,23,1.200000000000000e-03,1.075351107765938e-03,1.246488922340616e-04
3700,24,1.000000000000000e-03,5.587271080192858e-04,4.412728919807143e-04
3700,25,-8.000000000000000e-04,-2.340850290797658e-04,-5.659149709202342e-04
3700,26,5.999999999999999e-04,2.972116111456760e-04,3.027883888543240e-04
3700,27,5.000000000000000e-04,8.120645621200975e-04,-3.120645621200975e-04
3700,28,-4.000000000000000e-04,-7.558329870111267e-05,-3.244167012988873e-04
3700,29,3.000000000000000e-04,7.505854035382607e-04,-4.505854035382607e-04
3800,0,1.200000000000000e-01,8.810676295887231e-02,3.189323704112769e-02
3800,1,-8.000000000000000e-02,-5.836672196733612e-02,-2.163327803266388e-02
3800,2,5.500000000000000e-02,4.011110519645319e-02,1.488889480354681e-02
3800,3,4.000000000000000e-02,2.984284902841699e-02,1.015715097158301e-02
3800,4,-3.000000000000000e-02,-2.328066428009507e-02,-6.719335719904927e-03
3800,5,2.500000000000000e-02,2.017652403819164e-02,4.823475961808359e-03
3800,6,2.000000000000000e-02,1.414520094222592e-02,5.854799057774080e-03
3800,7,-1.800000000000000e-02,-1.363280416041794e-02,-4.367195839582056e-03
3800,8,1.500000000000000e-02,1.237028205564340e-02,2.629717944356597e-03
3800,9,1.200000000000000e-02,8.095215216793808e-03,3.904784783206192e-03
3800,10,-1.000000000000000e-02,-7.957807543710834e-03,-2.042192456289166e-03
3800,11,8.999999999999999e-03,7.495314335963762e-03,1.504685664036237e-03
3800,12,8.000000000000000e-03,5.528814756179740e-03,2.471185243820260e-03
3800,13,-7.000000000000000e-03,-6.804337387274418e-03,-1.956626127255822e-04
3800,14,6.000000000000000e-03,5.005760955734790e-03,9.942390442652105e-04
3800,15,5.000000000000000e-03,3.386556920693190e-03,1.613443079306810e-03
3800,16,-4.000000000000000e-03,-2.681715851826943e-03,-1.318284148173057e-03
3800,17,3.500000000000000e-03,3.105473023291223e-03,3.945269767087773e-04
3800,18,3.000000000000000e-03,2.078076895388517e-03,9.219231046114834e-04
3800,19,-2.500000000000000e-03,-2.211434667022504e-03,-2.885653329774956e-04
3800,20,2.000000000000000e-03,1.660832222071274e-03,3.391677779287256e-04
3800,21,1.800000000000000e-03,9.033743323112675e-04,8.966256676887325e-04
3800,22,-1.500000000000000e-03,-1.018695022773508e-03,-4.813049772264919e-04
3800,23,1.200000000000000e-03,9.333390723040149e-04,2.666609276959850e-04
3800,24,1.000000000000000e-03,4.779628492281170e-04,5.220371507718830e-04
3800,25,-8.000000000000000e-04,-2.358546920325606e-04,-5.641453079674395e-04
3800,26,5.999999999999999e-04,3.065165485779007e-04,2.934834514220992e-04
3800,27,5.000000000000000e-04,6.454397801309934e-04,-1.454397801309934e-04
3800,28,-4.000000000000000e-04,1.616871450500110e-04,-5.616871450500110e-04
3800,29,3.000000000000000e-04,5.943773368559189e-04,-2.943773368559189e-04
3900,0,1.200000000000000e-01,8.909891090570173e-02,3.090108909429827e-02
3900,1,-8.000000000000000e-02,-5.910505571798459e-02,-2.089494428201542e-02
3900,2,5.500000000000000e-02,4.052985371805766e-02,1.447014628194234e-02
3900,3,4.000000000000000e-02,3.044678432823340e-02,9.553215671766601e-03
3900,4,-3.000000000000000e-02,-2.372035648423472e-02,-6.279643515765279e-03
3900,5,2.500000000000000e-02,2.033917410082207e-02,4.660825899177927e-03
3900,6,2.000000000000000e-02,1.451924525319103e-02,5.480754746808971e-03
3900,7,-1.800000000000000e-02,-1.390939139212433e-02,-4.090608607875666e-03
3900,8,1.500000000000000e-02,1.255849928399549e-02,2.441500716004510e-03
3900,9,1.200000000000000e-02,8.312349312475096e-03,3.687650687524904e-03
3900,10,-1.000000000000000e-02,-8.059127577054235e-03,-1.940872422945765e-03
3900,11,8.999999999999999e-03,7.431263237585289e-03,1.568736762414711e-03
3900,12,8.000000000000000e-03,5.768371996749642e-03,2.231628003250359e-03
3900,13,-7.000000000000000e-03,-6.841603258149595e-03,-1.583967418504056e-04
3900,14,6.000000000000000e-03,4.844828855227705e-03,1.155171144772295e-03
3900,15,5.000000000000000e-03,3.598711378547667e-03,1.401288621452333e-03
3900,16,-4.000000000000000e-03,-2.637580288662740e-03,-1.362419711337260e-03
3900,17,3.500000000000000e-03,2.831731024955109e-03,6.682689750448913e-04
3900,18,3.000000000000000e-03,2.221166753259693e-03,7.788332467403066e-04
3900,19,-2.500000000000000e-03,-2.170103602065846e-03,-3.298963979341536e-04
3900,20,2.000000000000000e-03,1.284082966396063e-03,7.159170336039375e-04
3900,21,1.800000000000000e-03,1.087243754494218e-03,7.127562455057823e-04
3900,22,-1.500000000000000e-03,-8.497607699699006e-04,-6.502392300300994e-04
3900,23,1.200000000000000e-03,6.019064784505702e-04,5.980935215494297e-04
3900,24,1.000000000000000e-03,6.662537385570854e-04,3.337462614429146e-04
3900,25,-8.000000000000000e-04,-1.760147452170586e-04,-6.239852547829415e-04
3900,26,5.999999999999999e-04,6.658068373322431e-05,5.334193162667756e-04
3900,27,5.000000000000000e-04,6.949685068679654e-04,-1.949685068679654e-04
3900,28,-4.000000000000000e-04,1.709875273549340e-04,-5.709875273549340e-04
3900,29,3.000000000000000e-04,3.813345488585078e-04,-8.133454885850781e-05
4000,0,1.200000000000000e-01,9.001475747241078e-02,2.998524252758922e-02
4000,1,-8.000000000000000e-02,-5.976954424811235e-02,-2.023045575188765e-02
4000,2,5.500000000000000e-02,4.088567677792868e-02,1.411432322207132e-02
4000,3,4.000000000000000e-02,3.071059176101739e-02,9.289408238982614e-03
4000,4,-3.000000000000000e-02,-2.400233377343943e-02,-5.997666226560571e-03
4000,5,2.500000000000000e-02,2.049674151606260e-02,4.503258483937397e-03
4000,6,2.000000000000000e-02,1.462471296317333e-02,5.375287036826666e-03
4000,7,-1.800000000000000e-02,-1.412439932206790e-02,-3.875600677932099e-03
4000,8,1.500000000000000e-02,1.249801491625648e-02,2.501985083743519e-03
4000,9,1.200000000000000e-02,8.502519057588627e-03,3.497480942411374e-03
4000,10,-1.000000000000000e-02,-8.317638104854594e-03,-1.682361895145406e-03
4000,11,8.999999999999999e-03,7.474394866004828e-03,1.525605133995171e-03
4000,12,8.000000000000000e-03,5.856778381034879e-03,2.143221618965121e-03
4000,13,-7.000000000000000e-03,-6.974539356304927e-03,-2.546064369507266e-05
4000,14,6.000000000000000e-03,4.895981380119939e-03,1.104018619880061e-03
4000,15,5.000000000000000e-03,3.682614404666489e-03,1.317385595333512e-03
4000,16,-4.000000000000000e-03,-2.851336147251951e-03,-1.148663852748049e-03
4000,17,3.500000000000000e-03,3.083112742946694e-03,4.168872570533061e-04
4000,18,3.000000000000000e-03,2.175908159622519e-03,8.240918403774806e-04
4000,19,-2.500000000000000e-03,-2.134760963120522e-03,-3.652390368794776e-04
4000,20,2.000000000000000e-03,1.360929411394616e-03,6.390705886053837e-04
4000,21,1.800000000000000e-03,1.068863740148823e-03,7.311362598511765e-04
4000,22,-1.500000000000000e-03,-8.841950961750529e-04,-6.158049038249471e-04
4000,23,1.200000000000000e-03,7.795722222358808e-04,4.204277777641191e-04
4000,24,1.000000000000000e-03,7.072604433672286e-04,2.927395566327714e-04
4000,25,-8.000000000000000e-04,-2.249744192353197e-04,-5.750255807646803e-04
4000,26,5.999999999999999e-04,1.163288724606397e-05,5.883671127539360e-04
4000,27,5.000000000000000e-04,7.056781361408513e-04,-2.056781361408512e-04
4000,28,-4.000000000000000e-04,1.894771785740970e-04,-5.894771785740971e-04
4000,29,3.000000000000000e-04,2.945155769777790e-04,5.484423022220975e-06
4100,0,1.200000000000000e-01,9.100290775670553e-02,2.899709224329447e-02
4100,1,-8.000000000000000e-02,-6.052418502481237e-02,-1.947581497518763e-02
4100,2,5.500000000000000e-02,4.136727760158312e-02,1.363272239841688e-02
4100,3,4.000000000000000e-02,3.114296509401031e-02,8.857034905989693e-03
4100,4,-3.000000000000000e-02,-2.440136534791381e-02,-5.598634652086189e-03
4100,5,2.500000000000000e-02,2.067374004486615e-02,4.326259955133853e-03
4100,6,2.000000000000000e-02,1.489277883696865e-02,5.107221163031346e-03
4100,7,-1.800000000000000e-02,-1.419965246335743e-02,-3.800347536642568e-03
4100,8,1.500000000000000e-02,1.231109522543848e-02,2.688904774561516e-03
4100,9,1.200000000000000e-02,8.840092509065962e-03,3.159907490934038e-03
4100,10,-1.000000000000000e-02,-8.500832050705750e-03,-1.499167949294250e-03
4100,11,8.999999999999999e-03,7.308630164542935e-03,1.691369835457064e-03
4100,12,8.000000000000000e-03,6.161937911450766e-03,1.838062088549234e-03
4100,13,-7.000000000000000e-03,-7.133085337533054e-03,1.330853375330534e-04
4100,14,6.000000000000000e-03,4.950007158089150e-03,1.049992841910850e-03
4100,15,5.000000000000000e-03,3.780968540176555e-03,1.219031459823446e-03
4100,16,-4.000000000000000e-03,-2.855409300601925e-03,-1.144590699398075e-03
4100,17,3.500000000000000e-03,3.081751137616787e-03,4.182488623832134e-04
4100,18,3.000000000000000e-03,2.095457778453830e-03,9.045422215461698e-04
4100,19,-2.500000000000000e-03,-1.997566038895317e-03,-5.024339611046833e-04
4100,20,2.000000000000000e-03,1.384124597114614e-03,6.158754028853857e-04
4100,21,1.800000000000000e-03,1.186713587101559e-03,6.132864128984407e-04
4100,22,-1.500000000000000e-03,-9.004426850115241e-04,-5.995573149884760e-04
4100,23,1.200000000000000e-03,7.940482240576702e-04,4.059517759423297e-04
4100,24,1.000000000000000e-03,8.105848999123146e-04,1.894151000876854e-04
4100,25,-8.000000000000000e-04,-1.486409007009286e-04,-6.513590992990714e-04
4100,26,5.999999999999999e-04,3.372909973016503e-05,5.662709002698349e-04
4100,27,5.000000000000000e-04,7.247326046080528e-04,-2.247326046080528e-04
4100,28,-4.000000000000000e-04,3.680300040263765e-04,-7.680300040263765e-04
4100,29,3.000000000000000e-04,7.086131085427370e-05,2.291386891457263e-04
4200,0,1.200000000000000e-01,9.201314347912803e-02,2.798685652087196e-02
4200,1,-8.000000000000000e-02,-6.109185186319264e-02,-1.890814813680736e-02
4200,2,5.500000000000000e-02,4.189487791491439e-02,1.310512208508561e-02
4200,3,4.000000000000000e-02,3.135253350648710e-02,8.647466493512904e-03
4200,4,-3.000000000000000e-02,-2.455568471961832e-02,-5.444315280381681e-03
4200,5,2.500000000000000e-02,2.082384559674209e-02,4.176154403257911e-03
4200,6,2.000000000000000e-02,1.497263160858506e-02,5.027368391414938e-03
4200,7,-1.800000000000000e-02,-1.415222838573920e-02,-3.847771614260804e-03
4200,8,1.500000000000000e-02,1.228271835584735e-02,2.717281644152646e-03
4200,9,1.200000000000000e-02,9.084007886422336e-03,2.915992113577664e-03
4200,10,-1.000000000000000e-02,-8.566206221220842e-03,-1.433793778779158e-03
4200,11,8.999999999999999e-03,7.374456539188595e-03,1.625543460811404e-03
4200,12,8.000000000000000e-03,6.160480731412094e-03,1.839519268587906e-03
4200,13,-7.000000000000000e-03,-7.078450111988011e-03,7.845011198801075e-05
4200,14,6.000000000000000e-03,4.844314623621141e-03,1.155685376378860e-03
4200,15,5.000000000000000e-03,3.875159757744404e-03,1.124840242255596e-03
4200,16,-4.000000000000000e-03,-3.037034767819466e-03,-9.629652321805344e-04
4200,17,3.500000000000000e-03,2.948595394823225e-03,5.514046051767747e-04
4200,18,3.000000000000000e-03,1.999619739765423e-03,1.000380260234577e-03
4200,19,-2.500000000000000e-03,-2.200141079168859e-03,-2.998589208311406e-04
4200,20,2.000000000000000e-03,1.336053242812583e-03,6.639467571874168e-04
4200,21,1.800000000000000e-03,1.231536569496968e-03,5.684634305030318e-04
4200,22,-1.500000000000000e-03,-9.813878033211553e-04,-5.186121966788448e-04
4200,23,1.200000000000000e-03,7.441384823239578e-04,4.558615176760421e-04
4200,24,1.000000000000000e-03,7.149304929048584e-04,2.850695070951416e-04
4200,25,-8.000000000000000e-04,-1.688045880956045e-04,-6.311954119043956e-04
4200,26,5.999999999999999e-04,2.808842309480298e-05,5.719115769051969e-04
4200,27,5.000000000000000e-04,6.290553424604563e-04,-1.290553424604563e-04
4200,28,-4.000000000000000e-04,5.027377239574663e-04,-9.027377239574663e-04
4200,29,3.000000000000000e-04,-5.924229418843524e-05,3.592422941884352e-04
4300,0,1.200000000000000e-01,9.292257449691485e-02,2.707742550308515e-02
4300,1,-8.000000000000000e-02,-6.174419839432677e-02,-1.825580160567323e-02
4300,2,5.500000000000000e-02,4.235136107205154e-02,1.264863892794846e-02
4300,3,4.000000000000000e-02,3.150943002434221e-02,8.490569975657787e-03
4300,4,-3.000000000000000e-02,-2.462099830849215e-02,-5.379001691507845e-03
4300,5,2.500000000000000e-02,2.091430698366747e-02,4.085693016332527e-03
4300,6,2.000000000000000e-02,1.504921881026846e-02,4.950781189731544e-03
4300,7,-1.800000000000000e-02,-1.417092234588829e-02,-3.829077654111713e-03
4300,8,1.500000000000000e-02,1.230009890627151e-02,2.699901093728493e-03
4300,9,1.200000000000000e-02,9.476498329791640e-03,2.523501670208360e-03
4300,10,-1.000000000000000e-02,-8.909204648312848e-03,-1.090795351687152e-03
4300,11,8.999999999999999e-03,7.602451506291592e-03,1.397548493708408e-03
4300,12,8.000000000000000e-03,6.147371018756931e-03,1.852628981243069e-03
4300,13,-7.000000000000000e-03,-7.031861892639970e-03,3.186189263996997e-05
4300,14,6.000000000000000e-03,4.810210225426839e-03,1.189789774573161e-03
4300,15,5.000000000000000e-03,3.981603815962944e-03,1.018396184037056e-03
4300,16,-4.000000000000000e-03,-3.053430788624534e-03,-9.465692113754657e-04
4300,17,3.500000000000000e-03,2.917001186740526e-03,5.829988132594740e-04
4300,18,3.000000000000000e-03,2.244343227873740e-03,7.556567721262604e-04
4300,19,-2.500000000000000e-03,-2.351931895392661e-03,-1.480681046073392e-04
4300,20,2.000000000000000e-03,1.279647434128539e-03,7.203525658714615e-04
4300,21,1.800000000000000e-03,1.219711834789340e-03,5.802881652106602e-04
4300,22,-1.500000000000000e-03,-8.998630204846448e-04,-6.001369795153552e-04
4300,23,1.200000000000000e-03,5.696464857065678e-04,6.303535142934321e-04
4300,24,1.000000000000000e-03,8.119558309837378e-04,1.880441690162622e-04
4300,25,-8.000000000000000e-04,-3.042975368754666e-04,-4.957024631245335e-04
4300,26,5.999999999999999e-04,2.191280112072475e-04,3.808719887927524e-04
4300,27,5.000000000000000e-04,4.589006507483911e-04,4.109934925160887e-05
4300,28,-4.000000000000000e-04,6.137242114092958e-04,-1.013724211409296e-03
4300,29,3.000000000000000e-04,-2.077112765962164e-04,5.077112765962164e-04
4400,0,1.200000000000000e-01,9.411990060655170e-02,2.588009939344829e-02
4400,1,-8.000000000000000e-02,-6.242348380790719e-02,-1.757651619209281e-02
4400,2,5.500000000000000e-02,4.303135331844326e-02,1.196864668155674e-02
4400,3,4.000000000000000e-02,3.186113657210586e-02,8.138863427894140e-03
4400,4,-3.000000000000000e-02,-2.482452885976490e-02,-5.175471140235099e-03
4400,5,2.500000000000000e-02,2.120889405507545e-02,3.791105944924555e-03
4400,6,2.000000000000000e-02,1.531168128829040e-02,4.688318711709596e-03
4400,7,-1.800000000000000e-02,-1.431326510510927e-02,-3.686734894890733e-03
4400,8,1.500000000000000e-02,1.251137708557076e-02,2.488622914429237e-03
4400,9,1.200000000000000e-02,9.665049145101658e-03,2.334950854898342e-03
4400,10,-1.000000000000000e-02,-8.866358311914558e-03,-1.133641688085442e-03
4400,11,8.999999999999999e-03,7.767115323047871e-03,1.232884676952128e-03
4400,12,8.000000000000000e-03,6.284942392544092e-03,1.715057607455908e-03
4400,13,-7.000000000000000e-03,-7.006401965606314e-03,6.401965606314154e-06
4400,14,6.000000000000000e-03,4.826318464921438e-03,1.173681535078562e-03
4400,15,5.000000000000000e-03,4.046386807002868e-03,9.536131929971320e-04
4400,16,-4.000000000000000e-03,-3.224641931321802e-03,-7.753580686781984e-04
4400,17,3.500000000000000e-03,3.022371542044459e-03,4.776284579555406e-04
4400,18,3.000000000000000e-03,2.070325383721071e-03,9.296746162789286e-04
4400,19,-2.500000000000000e-03,-2.146678914827471e-03,-3.533210851725289e-04
4400,20,2.000000000000000e-03,1.127262631967065e-03,8.727373680329350e-04
4400,21,1.800000000000000e-03,1.364749835512937e-03,4.352501644870625e-04
4400,22,-1.500000000000000e-03,-9.181230123678258e-04,-5.818769876321742e-04
4400,23,1.200000000000000e-03,5.583265019458282e-04,6.416734980541717e-04
4400,24,1.000000000000000e-03,8.056656553007031e-04,1.943343446992969e-04
4400,25,-8.000000000000000e-04,-4.843443239169369e-04,-3.156556760830631e-04
4400,26,5.999999999999999e-04,2.796222484758486e-04,3.203777515241513e-04
4400,27,5.000000000000000e-04,3.230897632916134e-04,1.769102367083866e-04
4400,28,-4.000000000000000e-04,4.556001425485833e-04,-8.556001425485834e-04
4400,29,3.000000000000000e-04,-1.267112608728742e-04,4.267112608728742e-04
4500,0,1.200000000000000e-01,9.504767357988873e-02,2.495232642011126e-02
4500,1,-8.000000000000000e-02,-6.310108607508337e-02,-1.689891392491663e-02
4500,2,5.500000000000000e-02,4.350677655582936e-02,1.149322344417064e-02
4500,3,4.000000000000000e-02,3.196186288314873e-02,8.038137116851272e-03
4500,4,-3.000000000000000e-02,-2.480186698138767e-02,-5.198133018612331e-03
4500,5,2.500000000000000e-02,2.128182259408139e-02,3.718177405918614e-03
4500,6,2.000000000000000e-02,1.540462789692876e-02,4.595372103071236e-03
4500,7,-1.800000000000000e-02,-1.433033184845495e-02,-3.669668151545052e-03
4500,8,1.500000000000000e-02,1.255463868137517e-02,2.445361318624833e-03
4500,9,1.200000000000000e-02,9.780490662316239e-03,2.219509337683761e-03
4500,10,-1.000000000000000e-02,-8.876300402907281e-03,-1.123699597092720e-03
4500,11,8.999999999999999e-03,7.779618296132889e-03,1.220381703867110e-03
4500,12,8.000000000000000e-03,6.365011501871611e-03,1.634988498128390e-03
4500,13,-7.000000000000000e-03,-7.017633483547797e-03,1.763348354779683e-05
4500,14,6.000000000000000e-03,4.865060804151493e-03,1.134939195848507e-03
4500,15,5.000000000000000e-03,4.184322342557937e-03,8.156776574420634e-04
4500,16,-4.000000000000000e-03,-3.397697191438944e-03,-6.023028085610565e-04
4500,17,3.500000000000000e-03,3.163499156146542e-03,3.365008438534585e-04
4500,18,3.000000000000000e-03,1.958814673518041e-03,1.041185326481959e-03
4500,19,-2.500000000000000e-03,-2.022639987079766e-03,-4.773600129202344e-04
4500,20,2.000000000000000e-03,1.066030469992833e-03,9.339695300071675e-04
4500,21,1.800000000000000e-03,1.357266012848419e-03,4.427339871515806e-04
4500,22,-1.500000000000000e-03,-1.156897695015158e-03,-3.431023049848424e-04
4500,23,1.200000000000000e-03,7.145736869794341e-04,4.854263130205658e-04
4500,24,1.000000000000000e-03,7.344191756802954e-04,2.655808243197046e-04
4500,25,-8.000000000000000e-04,-5.342000514667793e-04,-2.657999485332208e-04
4500,26,5.999999999999999e-04,3.868603331616742e-04,2.131396668383258e-04
4500,27,5.000000000000000e-04,2.135020981208136e-04,2.864979018791864e-04
4500,28,-4.000000000000000e-04,4.777267456181928e-04,-8.777267456181928e-04
4500,29,3.000000000000000e-04,-3.206559883467102e-06,3.032065598834671e-04
4600,0,1.200000000000000e-01,9.573825104052172e-02,2.426174895947827e-02
4600,1,-8.000000000000000e-02,-6.363845469564075e-02,-1.636154530435925e-02
4600,2,5.500000000000000e-02,4.375425392330327e-02,1.124574607669673e-02
4600,3,4.000000000000000e-02,3.228300926282321e-02,7.716990737176792e-03
4600,4,-3.000000000000000e-02,-2.503361677062521e-02,-4.966383229374791e-03
4600,5,2.500000000000000e-02,2.137465432111114e-02,3.625345678888864e-03
4600,6,2.000000000000000e-02,1.564631680491337e-02,4.353683195086635e-03
4600,7,-1.800000000000000e-02,-1.452610332500778e-02,-3.473896674992221e-03
4600,8,1.500000000000000e-02,1.257506890427428e-02,2.424931095725721e-03
4600,9,1.200000000000000e-02,9.950533403431411e-03,2.049466596568589e-03
4600,10,-1.000000000000000e-02,-9.043368762790733e-03,-9.566312372092673e-04
4600,11,8.999999999999999e-03,7.868352111025417e-03,1.131647888974583e-03
4600,12,8.000000000000000e-03,6.492261847030945e-03,1.507738152969056e-03
4600,13,-7.000000000000000e-03,-7.124215025716505e-03,1.242150257165049e-04
4600,14,6.000000000000000e-03,4.893340360508226e-03,1.106659639491774e-03
4600,15,5.000000000000000e-03,4.284059382095870e-03,7.159406179041298e-04
4600,16,-4.000000000000000e-03,-3.424304530881349e-03,-5.756954691186512e-04
4600,17,3.500000000000000e-03,3.243776266297902e-03,2.562237337020985e-04
4600,18,3.000000000000000e-03,1.859271027449780e-03,1.140728972550220e-03
4600,19,-2.500000000000000e-03,-2.046632888253858e-03,-4.533671117461424e-04
4600,20,2.000000000000000e-03,1.249976577823066e-03,7.500234221769343e-04
4600,21,1.800000000000000e-03,1.171877919732371e-03,6.281220802676285e-04
4600,22,-1.500000000000000e-03,-1.194150179587452e-03,-3.058498204125484e-04
4600,23,1.200000000000000e-03,8.512084087868225e-04,3.487915912131774e-04
4600,24,1.000000000000000e-03,6.018667376998251e-04,3.981332623001749e-04
4600,25,-8.000000000000000e-04,-4.439146339718545e-04,-3.560853660281456e-04
4600,26,5.999999999999999e-04,3.999685884628340e-04,2.000314115371660e-04
4600,27,5.000000000000000e-04,1.790346621998853e-04,3.209653378001147e-04
4600,28,-4.000000000000000e-04,4.945889635835062e-04,-8.945889635835062e-04
4600,29,3.000000000000000e-04,8.767643321678487e-05,2.123235667832151e-04
4700,0,1.200000000000000e-01,9.640727206974709e-02,2.359272793025291e-02
4700,1,-8.000000000000000e-02,-6.418614240340148e-02,-1.581385759659852e-02
4700,2,5.500000000000000e-02,4.406879303747589e-02,1.093120696252411e-02
4700,3,4.000000000000000e-02,3.254278919204417e-02,7.457210807955826e-03
4700,4,-3.000000000000000e-02,-2.509920793617673e-02,-4.900792063823267e-03
4700,5,2.500000000000000e-02,2.135804446861959e-02,3.641955531380414e-03
4700,6,2.000000000000000e-02,1.593504317684626e-02,4.064956823153738e-03
4700,7,-1.800000000000000e-02,-1.464546085448522e-02,-3.354539145514774e-03
4700,8,1.500000000000000e-02,1.265484196543525e-02,2.345158034564749e-03
4700,9,1.200000000000000e-02,1.001377642670872e-02,1.986223573291281e-03
4700,10,-1.000000000000000e-02,-8.957974760285231e-03,-1.042025239714769e-03
4700,11,8.999999999999999e-03,7.869129808233247e-03,1.130870191766753e-03
4700,12,8.000000000000000e-03,6.438378923139925e-03,1.561621076860075e-03
4700,13,-7.000000000000000e-03,-7.025713849682157e-03,2.571384968215722e-05
4700,14,6.000000000000000e-03,4.924753572413178e-03,1.075246427586822e-03
4700,15,5.000000000000000e-03,4.214303369586858e-03,7.856966304131416e-04
4700,16,-4.000000000000000e-03,-3.382318919563875e-03,-6.176810804361249e-04
4700,17,3.500000000000000e-03,3.164740032816855e-03,3.352599671831448e-04
4700,18,3.000000000000000e-03,1.812809342469741e-03,1.187190657530259e-03
4700,19,-2.500000000000000e-03,-2.040930288848531e-03,-4.590697111514692e-04
4700,20,2.000000000000000e-03,1.322613244190334e-03,6.773867558096656e-04
4700,21,1.800000000000000e-03,9.009341872667781e-04,8.990658127332219e-04
4700,22,-1.500000000000000e-03,-1.065917982859275e-03,-4.340820171407252e-04
4700,23,1.200000000000000e-03,8.049812509821734e-04,3.950187490178265e-04
4700,24,1.000000000000000e-03,4.681256568669094e-04,5.318743431330906e-04
4700,25,-8.000000000000000e-04,-5.372673411639790e-04,-2.627326588360210e-04
4700,26,5.999999999999999e-04,5.733750151225723e-04,2.662498487742760e-05
4700,27,5.000000000000000e-04,-1.898759986261988e-05,5.189875998626199e-04
4700,28,-4.000000000000000e-04,4.359162507395409e-04,-8.359162507395409e-04
4700,29,3.000000000000000e-04,1.952316998440973e-04,1.047683001559027e-04
4800,0,1.200000000000000e-01,9.718591419646944e-02,2.281408580353056e-02
4800,1,-8.000000000000000e-02,-6.467398444905513e-02,-1.532601555094487e-02
4800,2,5.500000000000000e-02,4.442233154383340e-02,1.057766845616660e-02
4800,3,4.000000000000000e-02,3.264801002624673e-02,7.351989973753276e-03
4800,4,-3.000000000000000e-02,-2.519826290119494e-02,-4.801737098805055e-03
4800,5,2.500000000000000e-02,2.141048987922433e-02,3.589510120775668e-03
4800,6,2.000000000000000e-02,1.597851967091086e-02,4.021480329089142e-03
4800,7,-1.800000000000000e-02,-1.469017048593761e-02,-3.309829514062392e-03
4800,8,1.500000000000000e-02,1.275693198137618e-02,2.243068018623815e-03
4800,9,1.200000000000000e-02,1.004212550561599e-02,1.957874494384015e-03
4800,10,-1.000000000000000e-02,-8.912833507173562e-03,-1.087166492826438e-03
4800,11,8.999999999999999e-03,8.061173350175865e-03,9.388266498241340e-04
4800,12,8.000000000000000e-03,6.371553646430396e-03,1.628446353569605e-03
4800,13,-7.000000000000000e-03,-6.803173430469391e-03,-1.968265695306091e-04
4800,14,6.000000000000000e-03,4.812790057803992e-03,1.187209942196009e-03
4800,15,5.000000000000000e-03,4.226471987146266e-03,7.735280128537345e-04
4800,16,-4.000000000000000e-03,-3.158211947145586e-03,-8.417880528544140e-04
4800,17,3.500000000000000e-03,2.932584118015118e-03,5.674158819848822e-04
4800,18,3.000000000000000e-03,1.975506122122633e-03,1.024493877877367e-03
4800,19,-2.500000000000000e-03,-2.027798014709068e-03,-4.722019852909324e-04
4800,20,2.000000000000000e-03,1.439708645310815e-03,5.602913546891846e-04
4800,21,1.800000000000000e-03,8.595865979327351e-04,9.404134020672649e-04
4800,22,-1.500000000000000e-03,-8.999663572696349e-04,-6.000336427303652e-04
4800,23,1.200000000000000e-03,7.670276602221499e-04,4.329723397778500e-04
4800,24,1.000000000000000e-03,4.751661275580194e-04,5.248338724419806e-04
4800,25,-8.000000000000000e-04,-5.646007670603165e-04,-2.353992329396836e-04
4800,26,5.999999999999999e-04,6.054812748549394e-04,-5.481274854939478e-06
4800,27,5.000000000000000e-04,7.063798939830529e-05,4.293620106016947e-04
4800,28,-4.000000000000000e-04,3.257934293485944e-04,-7.257934293485944e-04
4800,29,3.000000000000000e-04,2.941609602981001e-04,5.839039701899858e-06
4900,0,1.200000000000000e-01,9.806874538701482e-02,2.193125461298517e-02
4900,1,-8.000000000000000e-02,-6.535329971867739e-02,-1.464670028132262e-02
4900,2,5.500000000000000e-02,4.484738449957843e-02,1.015261550042157e-02
4900,3,4.000000000000000e-02,3.282500132310262e-02,7.174998676897380e-03
4900,4,-3.000000000000000e-02,-2.534267883012234e-02,-4.657321169877660e-03
4900,5,2.500000000000000e-02,2.161813533025556e-02,3.381864669744442e-03
4900,6,2.000000000000000e-02,1.604410226517229e-02,3.955897734827706e-03
4900,7,-1.800000000000000e-02,-1.472484609983759e-02,-3.275153900162406e-03
4900,8,1.500000000000000e-02,1.290654958838508e-02,2.093450411614916e-03
4900,9,1.200000000000000e-02,1.000160415851309e-02,1.998395841486915e-03
4900,10,-1.000000000000000e-02,-8.854693758347552e-03,-1.145306241652449e-03
4900,11,8.999999999999999e-03,8.020582848936182e-03,9.794171510638175e-04
4900,12,8.000000000000000e-03,6.493858441255503e-03,1.506141558744498e-03
4900,13,-7.000000000000000e-03,-6.847089560772060e-03,-1.529104392279405e-04
4900,14,6.000000000000000e-03,4.671942109313060e-03,1.328057890686940e-03
4900,15,5.000000000000000e-03,4.603070407592155e-03,3.969295924078449e-04
4900,16,-4.000000000000000e-03,-3.511677126175489e-03,-4.883228738245108e-04
4900,17,3.500000000000000e-03,3.029258489428482e-03,4.707415105715180e-04
4900,18,3.000000000000000e-03,2.083758444802628e-03,9.162415551973719e-04
4900,19,-2.500000000000000e-03,-2.150755809723751e-03,-3.492441902762486e-04
4900,20,2.000000000000000e-03,1.590145135041924e-03,4.098548649580764e-04
4900,21,1.800000000000000e-03,8.124503310094763e-04,9.875496689905237e-04
4900,22,-1.500000000000000e-03,-9.149257161751332e-04,-5.850742838248668e-04
4900,23,1.200000000000000e-03,7.265431809049931e-04,4.734568190950068e-04
4900,24,1.000000000000000e-03,5.857572044388097e-04,4.142427955611903e-04
4900,25,-8.000000000000000e-04,-8.460231173797237e-04,4.602311737972363e-05
4900,26,5.999999999999999e-04,7.568650292886416e-04,-1.568650292886417e-04
4900,27,5.000000000000000e-04,4.245126106781477e-05,4.575487389321852e-04
4900,28,-4.000000000000000e-04,2.008157146500274e-04,-6.008157146500274e-04
4900,29,3.000000000000000e-04,2.247845827015561e-04,7.521541729844382e-05
5000,0,1.200000000000000e-01,9.878557488338004e-02,2.121442511661996e-02
5000,1,-8.000000000000000e-02,-6.596103304127929e-02,-1.403896695872071e-02
5000,2,5.500000000000000e-02,4.514180954869672e-02,9.858190451303275e-03
5000,3,4.000000000000000e-02,3.310709266688999e-02,6.892907333110009e-03
5000,4,-3.000000000000000e-02,-2.563443392750408e-02,-4.365566072495924e-03
5000,5,2.500000000000000e-02,2.177930746529554e-02,3.220692534704458e-03
5000,6,2.000000000000000e-02,1.622379395889479e-02,3.776206041105214e-03
5000,7,-1.800000000000000e-02,-1.494113012448997e-02,-3.058869875510026e-03
5000,8,1.500000000000000e-02,1.304577909148625e-02,1.954220908513746e-03
5000,9,1.200000000000000e-02,9.968088895387492e-03,2.031911104612509e-03
5000,10,-1.000000000000000e-02,-8.821357308314747e-03,-1.178642691685253e-03
5000,11,8.999999999999999e-03,7.987464317980602e-03,1.012535682019398e-03
5000,12,8.000000000000000e-03,6.506787657752172e-03,1.493212342247828e-03
5000,13,-7.000000000000000e-03,-6.817692224698387e-03,-1.823077753016133e-04
5000,14,6.000000000000000e-03,4.712283734351987e-03,1.287716265648014e-03
5000,15,5.000000000000000e-03,4.476189295593710e-03,5.238107044062898e-04
5000,16,-4.000000000000000e-03,-3.512872809452297e-03,-4.871271905477030e-04
5000,17,3.500000000000000e-03,3.124416841570762e-03,3.755831584292386e-04
5000,18,3.000000000000000e-03,2.081042727594847e-03,9.189572724051533e-04
5000,19,-2.500000000000000e-03,-2.171568665383680e-03,-3.284313346163200e-04
5000,20,2.000000000000000e-03,1.609520479847128e-03,3.904795201528717e-04
5000,21,1.800000000000000e-03,7.558351646882690e-04,1.044164835311731e-03
5000,22,-1.500000000000000e-03,-8.242378322545681e-04,-6.757621677454319e-04
5000,23,1.200000000000000e-03,7.225464632372012e-04,4.774535367627987e-04
5000,24,1.000000000000000e-03,5.326724517816824e-04,4.673275482183177e-04
5000,25,-8.000000000000000e-04,-8.165804119058850e-04,1.658041190588492e-05
5000,26,5.999999999999999e-04,7.249245755724557e-04,-1.249245755724558e-04
5000,27,5.000000000000000e-04,-2.968171868344933e-06,5.029681718683450e-04
5000,28,-4.000000000000000e-04,1.798600269424246e-04,-5.798600269424246e-04
5000,29,3.000000000000000e-04,3.057944689986606e-04,-5.794468998660646e-06
5100,0,1.200000000000000e-01,9.939271197162400e-02,2.060728802837600e-02
5100,1,-8.000000000000000e-02,-6.636086513840626e-02,-1.363913486159374e-02
5100,2,5.500000000000000e-02,4.543185274449669e-02,9.568147255503312e-03
5100,3,4.000000000000000e-02,3.333504935058242e-02,6.664950649417585e-03
5100,4,-3.000000000000000e-02,-2.587367407162184e-02,-4.126325928378156e-03
5100,5,2.500000000000000e-02,2.181789199943796e-02,3.182108000562043e-03
5100,6,2.000000000000000e-02,1.631056743116262e-02,3.689432568837383e-03
5100,7,-1.800000000000000e-02,-1.508967456447144e-02,-2.910325435528556e-03
5100,8,1.500000000000000e-02,1.313111906943256e-02,1.868880930567444e-03
5100,9,1.200000000000000e-02,1.002603196960751e-02,1.973968030392492e-03
5100,10,-1.000000000000000e-02,-8.607563294943561e-03,-1.392436705056439e-03
5100,11,8.999999999999999e-03,7.776125142824528e-03,1.223874857175471e-03
5100,12,8.000000000000000e-03,6.718962109719127e-03,1.281037890280873e-03
5100,13,-7.000000000000000e-03,-6.821793558042533e-03,-1.782064419574673e-04
5100,14,6.000000000000000e-03,4.689866610508455e-03,1.310133389491545e-03
5100,15,5.000000000000000e-03,4.554020943414474e-03,4.459790565855262e-04
5100,16,-4.000000000000000e-03,-3.555136748299876e-03,-4.448632517001245e-04
5100,17,3.500000000000000e-03,3.125124928075506e-03,3.748750719244939e-04
5100,18,3.000000000000000e-03,2.231258072809127e-03,7.687419271908734e-04
5100,19,-2.500000000000000e-03,-2.327309509775909e-03,-1.726904902240910e-04
5100,20,2.000000000000000e-03,1.719968135523797e-03,2.800318644762033e-04
5100,21,1.800000000000000e-03,6.908186967899250e-04,1.109181303210075e-03
5100,22,-1.500000000000000e-03,-7.565777072605278e-04,-7.434222927394722e-04
5100,23,1.200000000000000e-03,6.415521336970675e-04,5.584478663029324e-04
5100,24,1.000000000000000e-03,5.957138251008357e-04,4.042861748991643e-04
5100,25,-8.000000000000000e-04,-7.653291583943320e-04,-3.467084160566807e-05
5100,26,5.999999999999999e-04,6.432723376499245e-04,-4.327233764992453e-05
5100,27,5.000000000000000e-04,-6.019623864475887e-05,5.601962386447589e-04
5100,28,-4.000000000000000e-04,3.590146947722620e-04,-7.590146947722620e-04
5100,29,3.000000000000000e-04,5.774473972115305e-05,2.422552602788469e-04
5200,0,1.200000000000000e-01,1.000491106608132e-01,1.995088933918683e-02
5200,1,-8.000000000000000e-02,-6.674165654626057e-02,-1.325834345373943e-02
5200,2,5.500000000000000e-02,4.572937035583936e-02,9.270629644160637e-03
5200,3,4.000000000000000e-02,3.363072209700441e-02,6.369277902995595e-03
5200,4,-3.000000000000000e-02,-2.603846184899718e-02,-3.961538151002815e-03
5200,5,2.500000000000000e-02,2.195231241627837e-02,3.047687583721627e-03
5200,6,2.000000000000000e-02,1.652988549972738e-02,3.470114500272625e-03
5200,7,-1.800000000000000e-02,-1.531775912942526e-02,-2.682240870574740e-03
5200,8,1.500000000000000e-02,1.319918536106090e-02,1.800814638939099e-03
5200,9,1.200000000000000e-02,1.013833789155459e-02,1.861662108445405e-03
5200,10,-1.000000000000000e-02,-8.652256422525336e-03,-1.347743577474664e-03
5200,11,8.999999999999999e-03,7.802643066924690e-03,1.197356933075309e-03
5200,12,8.000000000000000e-03,6.889722177771338e-03,1.110277822228662e-03
5200,13,-7.000000000000000e-03,-6.948029927229479e-03,-5.197007277052065e-05
5200,14,6.000000000000000e-03,4.802854420175176e-03,1.197145579824825e-03
5200,15,5.000000000000000e-03,4.572663566990304e-03,4.273364330096962e-04
5200,16,-4.000000000000000e-03,-3.596152780047445e-03,-4.038472199525550e-04
5200,17,3.500000000000000e-03,3.166494790826420e-03,3.335052091735799e-04
5200,18,3.000000000000000e-03,2.263352176605386e-03,7.366478233946142e-04
5200,19,-2.500000000000000e-03,-2.348649034965245e-03,-1.513509650347550e-04
5200,20,2.000000000000000e-03,1.728209347374512e-03,2.717906526254876e-04
5200,21,1.800000000000000e-03,7.635047961079801e-04,1.036495203892020e-03
5200,22,-1.500000000000000e-03,-8.317478721239261e-04,-6.682521278760739e-04
5200,23,1.200000000000000e-03,5.163019989549033e-04,6.836980010450966e-04
5200,24,1.000000000000000e-03,7.095191383240458e-04,2.904808616759542e-04
5200,25,-8.000000000000000e-04,-8.934286275179635e-04,9.342862751796348e-05
5200,26,5.999999999999999e-04,5.715888791302409e-04,2.841112086975908e-05
5200,27,5.000000000000000e-04,8.117371121478893e-05,4.188262887852111e-04
5200,28,-4.000000000000000e-04,2.512382581780865e-04,-6.512382581780865e-04
5200,29,3.000000000000000e-04,-1.371769038661428e-07,3.001371769038661e-04
5300,0,1.200000000000000e-01,1.007843475719815e-01,1.921565242801848e-02
5300,1,-8.000000000000000e-02,-6.715140913310136e-02,-1.284859086689864e-02
5300,2,5.500000000000000e-02,4.610323210623259e-02,8.896767893767414e-03
5300,3,4.000000000000000e-02,3.388930267020635e-02,6.110697329793649e-03
5300,4,-3.000000000000000e-02,-2.617765496705033e-02,-3.822345032949672e-03
5300,5,2.500000000000000e-02,2.209746724562233e-02,2.902532754377667e-03
5300,6,2.000000000000000e-02,1.666529347554987e-02,3.334706524450125e-03
5300,7,-1.800000000000000e-02,-1.542892142672399e-02,-2.571078573276007e-03
5300,8,1.500000000000000e-02,1.333205097092040e-02,1.667949029079602e-03
5300,9,1.200000000000000e-02,1.021987873730316e-02,1.780121262696836e-03
5300,10,-1.000000000000000e-02,-8.710053543141054e-03,-1.289946456858947e-03
5300,11,8.999999999999999e-03,8.041634596224277e-03,9.583654037757221e-04
5300,12,8.000000000000000e-03,6.878219373649991e-03,1.121780626350009e-03
5300,13,-7.000000000000000e-03,-6.937403836992984e-03,-6.259616300701657e-05
5300,14,6.000000000000000e-03,5.023332142932120e-03,9.766678570678798e-04
5300,15,5.000000000000000e-03,4.506933097069366e-03,4.930669029306342e-04
5300,16,-4.000000000000000e-03,-3.548144680577083e-03,-4.518553194229171e-04
5300,17,3.500000000000000e-03,3.233328884263374e-03,2.666711157366256e-04
5300,18,3.000000000000000e-03,2.259085600551489e-03,7.409143994485112e-04
5300,19,-2.500000000000000e-03,-2.393643754632990e-03,-1.063562453670099e-04
5300,20,2.000000000000000e-03,1.771432814364626e-03,2.285671856353745e-04
5300,21,1.800000000000000e-03,7.523185633164091e-04,1.047681436683591e-03
5300,22,-1.500000000000000e-03,-8.635303122163227e-04,-6.364696877836773e-04
5300,23,1.200000000000000e-03,5.215012472128172e-04,6.784987527871827e-04
5300,24,1.000000000000000e-03,6.500455051290478e-04,3.499544948709522e-04
5300,25,-8.000000000000000e-04,-8.406182063230186e-04,4.061820632301854e-05
5300,26,5.999999999999999e-04,5.294469395863967e-04,7.055306041360327e-05
5300,27,5.000000000000000e-04,1.164445930759384e-04,3.835554069240616e-04
5300,28,-4.000000000000000e-04,2.263344010221974e-04,-6.263344010221974e-04
5300,29,3.000000000000000e-04,9.990348575895161e-05,2.000965142410484e-04
5400,0,1.200000000000000e-01,1.013923895314301e-01,1.860761046856992e-02
5400,1,-8.000000000000000e-02,-6.758701143913773e-02,-1.241298856086227e-02
5400,2,5.500000000000000e-02,4.632125632893950e-02,8.678743671060501e-03
5400,3,4.000000000000000e-02,3.419085753461322e-02,5.809142465386781e-03
5400,4,-3.000000000000000e-02,-2.644150003881945e-02,-3.558499961180548e-03
5400,5,2.500000000000000e-02,2.229068604015805e-02,2.709313959841947e-03
5400,6,2.000000000000000e-02,1.676466899698769e-02,3.235331003012307e-03
5400,7,-1.800000000000000e-02,-1.559636938891274e-02,-2.403630611087263e-03
5400,8,1.500000000000000e-02,1.344131868905475e-02,1.558681310945248e-03
5400,9,1.200000000000000e-02,1.025701703608709e-02,1.742982963912908e-03
5400,10,-1.000000000000000e-02,-8.705259862842997e-03,-1.294740137157004e-03
5400,11,8.999999999999999e-03,8.034669916069808e-03,9.653300839301913e-04
5400,12,8.000000000000000e-03,6.861946401342430e-03,1.138053598657570e-03
5400,13,-7.000000000000000e-03,-6.987780091893615e-03,-1.221990810638517e-05
5400,14,6.000000000000000e-03,5.141302767156308e-03,8.586972328436917e-04
5400,15,5.000000000000000e-03,4.481102078286171e-03,5.188979217138293e-04
5400,16,-4.000000000000000e-03,-3.633798579405534e-03,-3.662014205944664e-04
5400,17,3.500000000000000e-03,3.352826454371047e-03,1.471735456289531e-04
5400,18,3.000000000000000e-03,2.175343523097791e-03,8.246564769022091e-04
5400,19,-2.500000000000000e-03,-2.323632851496291e-03,-1.763671485037095e-04
5400,20,2.000000000000000e-03,1.831115276046781e-03,1.688847239532190e-04
5400,21,1.800000000000000e-03,7.132341860486249e-04,1.086765813951375e-03
5400,22,-1.500000000000000e-03,-9.035686487246983e-04,-5.964313512753017e-04
5400,23,1.200000000000000e-03,5.392002127432167e-04,6.607997872567832e-04
5400,24,1.000000000000000e-03,6.512820208473479e-04,3.487179791526521e-04
5400,25,-8.000000000000000e-04,-8.334493276669356e-04,3.344932766693553e-05
5400,26,5.999999999999999e-04,5.250253007156569e-04,7.497469928434300e-05
5400,27,5.000000000000000e-04,7.501437129745570e-05,4.249856287025443e-04
5400,28,-4.000000000000000e-04,2.596500830019733e-04,-6.596500830019734e-04
5400,29,3.000000000000000e-04,1.721051150164302e-04,1.278948849835697e-04
5500,0,1.200000000000000e-01,1.020547135764750e-01,1.794528642352498e-02
5500,1,-8.000000000000000e-02,-6.791054961256547e-02,-1.208945038743453e-02
5500,2,5.500000000000000e-02,4.665357800519856e-02,8.346421994801442e-03
5500,3,4.000000000000000e-02,3.442372274356516e-02,5.576277256434843e-03
5500,4,-3.000000000000000e-02,-2.660565398382591e-02,-3.394346016174086e-03
5500,5,2.500000000000000e-02,2.244731528544832e-02,2.552684714551678e-03
5500,6,2.000000000000000e-02,1.688051028745679e-02,3.119489712543212e-03
5500,7,-1.800000000000000e-02,-1.575160220753288e-02,-2.248397792467115e-03
5500,8,1.500000000000000e-02,1.353751495354890e-02,1.462485046451096e-03
5500,9,1.200000000000000e-02,1.030655277925730e-02,1.693447220742696e-03
5500,10,-1.000000000000000e-02,-8.707904259880397e-03,-1.292095740119603e-03
5500,11,8.999999999999999e-03,8.007848137611465e-03,9.921518623885340e-04
5500,12,8.000000000000000e-03,7.017251164312870e-03,9.827488356871300e-04
5500,13,-7.000000000000000e-03,-6.946967550095647e-03,-5.303244990435309e-05
5500,14,6.000000000000000e-03,5.161082470999849e-03,8.389175290001508e-04
5500,15,5.000000000000000e-03,4.621260851859140e-03,3.787391481408602e-04
5500,16,-4.000000000000000e-03,-3.665690129094381e-03,-3.343098709056190e-04
5500,17,3.500000000000000e-03,3.487553231794917e-03,1.244676820508347e-05
5500,18,3.000000000000000e-03,2.223812068297935e-03,7.761879317020647e-04
5500,19,-2.500000000000000e-03,-2.267158900386370e-03,-2.328410996136304e-04
5500,20,2.000000000000000e-03,1.953410504968832e-03,4.658949503116806e-05
5500,21,1.800000000000000e-03,7.093680571516358e-04,1.090631942848364e-03
5500,22,-1.500000000000000e-03,-9.107496994361819e-04,-5.892503005638181e-04
5500,23,1.200000000000000e-03,6.931437501600922e-04,5.068562498399077e-04
5500,24,1.000000000000000e-03,5.296200258052427e-04,4.703799741947574e-04
5500,25,-8.000000000000000e-04,-7.269753041710221e-04,-7.302469582897797e-05
5500,26,5.999999999999999e-04,5.803629379350386e-04,1.963706206496133e-05
5500,27,5.000000000000000e-04,4.068435451757138e-05,4.593156454824286e-04
5500,28,-4.000000000000000e-04,2.932895634083135e-04,-6.932895634083135e-04
5500,29,3.000000000000000e-04,2.836142436939338e-04,1.638575630606622e-05
5600,0,1.200000000000000e-01,1.027070311796806e-01,1.729296882031939e-02
5600,1,-8.000000000000000e-02,-6.839628541533246e-02,-1.160371458466754e-02
5600,2,5.500000000000000e-02,4.690141702469807e-02,8.098582975301929e-03
5600,3,4.000000000000000e-02,3.459118024139932e-02,5.408819758600684e-03
5600,4,-3.000000000000000e-02,-2.683586173338422e-02,-3.164138266615782e-03
5600,5,2.500000000000000e-02,2.257861636126291e-02,2.421383638737090e-03
5600,6,2.000000000000000e-02,1.687542433688833e-02,3.124575663111674e-03
5600,7,-1.800000000000000e-02,-1.585961115098297e-02,-2.140388849017027e-03
5600,8,1.500000000000000e-02,1.357338681000568e-02,1.426613189994321e-03
5600,9,1.200000000000000e-02,1.032061759042011e-02,1.679382409579891e-03
5600,10,-1.000000000000000e-02,-8.751201131017907e-03,-1.248798868982093e-03
5600,11,8.999999999999999e-03,8.029555020251551e-03,9.704449797484482e-04
5600,12,8.000000000000000e-03,6.926193092647874e-03,1.073806907352127e-03
5600,13,-7.000000000000000e-03,-6.817709599455491e-03,-1.822904005445089e-04
5600,14,6.000000000000000e-03,5.131071579983899e-03,8.689284200161015e-04
5600,15,5.000000000000000e-03,4.748588387821439e-03,2.514116121785613e-04
5600,16,-4.000000000000000e-03,-3.713688834747760e-03,-2.863111652522403e-04
5600,17,3.500000000000000e-03,3.471061664781304e-03,2.893833521869574e-05
5600,18,3.000000000000000e-03,2.310057932101967e-03,6.899420678980334e-04
5600,19,-2.500000000000000e-03,-2.366188591114815e-03,-1.338114088851846e-04
5600,20,2.000000000000000e-03,2.014009563470987e-03,-1.400956347098661e-05
5600,21,1.800000000000000e-03,7.626321577583989e-04,1.037367842241601e-03
5600,22,-1.500000000000000e-03,-9.308824544616876e-04,-5.691175455383124e-04
5600,23,1.200000000000000e-03,6.889998036799248e-04,5.110001963200751e-04
5600,24,1.000000000000000e-03,5.812828685581463e-04,4.187171314418537e-04
5600,25,-8.000000000000000e-04,-7.072009783999520e-04,-9.279902160004799e-05
5600,26,5.999999999999999e-04,4.779237231465695e-04,1.220762768534305e-04
5600,27,5.000000000000000e-04,6.020720040538775e-05,4.397927995946122e-04
5600,28,-4.000000000000000e-04,3.220159295709723e-04,-7.220159295709723e-04
5600,29,3.000000000000000e-04,1.354128734610699e-04,1.645871265389301e-04
5700,0,1.200000000000000e-01,1.032793736325122e-01,1.672062636748779e-02
5700,1,-8.000000000000000e-02,-6.868321441744482e-02,-1.131678558255518e-02
5700,2,5.500000000000000e-02,4.719657003604694e-02,7.803429963953057e-03
5700,3,4.000000000000000e-02,3.484383495549243e-02,5.156165044507575e-03
5700,4,-3.000000000000000e-02,-2.684569245863482e-02,-3.154307541365177e-03
5700,5,2.500000000000000e-02,2.268539102695287e-02,2.314608973047132e-03
5700,6,2.000000000000000e-02,1.699994965750811e-02,3.000050342491893e-03
5700,7,-1.800000000000000e-02,-1.585461391525721e-02,-2.145386084742792e-03
5700,8,1.500000000000000e-02,1.368412563336721e-02,1.315874366632785e-03
5700,9,1.200000000000000e-02,1.042242971099939e-02,1.577570289000614e-03
5700,10,-1.000000000000000e-02,-8.722403288476312e-03,-1.277596711523688e-03
5700,11,8.999999999999999e-03,8.161975799018468e-03,8.380242009815315e-04
5700,12,8.000000000000000e-03,6.912474973637796e-03,1.087525026362204e-03
5700,13,-7.000000000000000e-03,-6.710348736800400e-03,-2.896512631996003e-04
5700,14,6.000000000000000e-03,5.216286945039568e-03,7.837130549604322e-04
5700,15,5.000000000000000e-03,4.658441319424693e-03,3.415586805753075e-04
5700,16,-4.000000000000000e-03,-3.638953089355608e-03,-3.610469106443918e-04
5700,17,3.500000000000000e-03,3.506194238247327e-03,-6.194238247326980e-06
5700,18,3.000000000000000e-03,2.312098611266330e-03,6.879013887336697e-04
5700,19,-2.500000000000000e-03,-2.317365555755356e-03,-1.826344442446442e-04
5700,20,2.000000000000000e-03,2.022173140368649e-03,-2.217314036864846e-05
5700,21,1.800000000000000e-03,7.581891314901397e-04,1.041810868509860e-03
5700,22,-1.500000000000000e-03,-7.698044371825797e-04,-7.301955628174204e-04
5700,23,1.200000000000000e-03,6.192908796706335e-04,5.807091203293664e-04
5700,24,1.000000000000000e-03,6.043145807501509e-04,3.956854192498491e-04
5700,25,-8.000000000000000e-04,-6.545070236328338e-04,-1.454929763671663e-04
5700,26,5.999999999999999e-04,3.943569321199413e-04,2.056430678800586e-04
5700,27,5.000000000000000e-04,4.412347026498542e-05,4.558765297350146e-04
5700,28,-4.000000000000000e-04,2.907956993820948e-04,-6.907956993820948e-04
5700,29,3.000000000000000e-04,8.560696541325420e-05,2.143930345867458e-04
5800,0,1.200000000000000e-01,1.040931336143453e-01,1.590686638565471e-02
5800,1,-8.000000000000000e-02,-6.943895125826878e-02,-1.056104874173122e-02
5800,2,5.500000000000000e-02,4.763505580471637e-02,7.364944195283628e-03
5800,3,4.000000000000000e-02,3.502677903182150e-02,4.973220968178503e-03
5800,4,-3.000000000000000e-02,-2.706598326421395e-02,-2.934016735786051e-03
5800,5,2.500000000000000e-02,2.276322148364862e-02,2.236778516351380e-03
5800,6,2.000000000000000e-02,1.708166662325758e-02,2.918333376742421e-03
5800,7,-1.800000000000000e-02,-1.587054056539753e-02,-2.129459434602465e-03
5800,8,1.500000000000000e-02,1.358180423028804e-02,1.418195769711956e-03
5800,9,1.200000000000000e-02,1.052574082133318e-02,1.474259178666820e-03
5800,10,-1.000000000000000e-02,-8.765079420766937e-03,-1.234920579233063e-03
5800,11,8.999999999999999e-03,8.168176017403311e-03,8.318239825966887e-04
5800,12,8.000000000000000e-03,6.976685394277237e-03,1.023314605722763e-03
5800,13,-7.000000000000000e-03,-6.858723641606456e-03,-1.412763583935441e-04
5800,14,6.000000000000000e-03,5.361762141907044e-03,6.382378580929559e-04
5800,15,5.000000000000000e-03,4.579949479101412e-03,4.200505208985881e-04
5800,16,-4.000000000000000e-03,-3.604022095714613e-03,-3.959779042853875e-04
5800,17,3.500000000000000e-03,3.404830287188586e-03,9.516971281141361e-05
5800,18,3.000000000000000e-03,2.435248212815558e-03,5.647517871844423e-04
5800,19,-2.500000000000000e-03,-2.368951238168584e-03,-1.310487618314160e-04
5800,20,2.000000000000000e-03,1.963561708586289e-03,3.643829141371062e-05
5800,21,1.800000000000000e-03,7.262019320239574e-04,1.073798067976043e-03
5800,22,-1.500000000000000e-03,-6.958819240997889e-04,-8.041180759002112e-04
5800,23,1.200000000000000e-03,4.992308473152567e-04,7.007691526847432e-04
5800,24,1.000000000000000e-03,5.087690963992505e-04,4.912309036007495e-04
5800,25,-8.000000000000000e-04,-5.432139817909330e-04,-2.567860182090670e-04
5800,26,5.999999999999999e-04,2.558409112391134e-04,3.441590887608866e-04
5800,27,5.000000000000000e-04,5.333624924353730e-05,4.466637507564627e-04
5800,28,-4.000000000000000e-04,3.559244200770917e-04,-7.559244200770918e-04
5800,29,3.000000000000000e-04,-4.028172998803103e-06,3.040281729988031e-04
5900,0,1.200000000000000e-01,1.045190462295616e-01,1.548095377043840e-02
5900,1,-8.000000000000000e-02,-6.972262112385309e-02,-1.027737887614691e-02
5900,2,5.500000000000000e-02,4.776407870389816e-02,7.235921296101837e-03
5900,3,4.000000000000000e-02,3.518919643657505e-02,4.810803563424955e-03
5900,4,-3.000000000000000e-02,-2.716440207860905e-02,-2.835597921390952e-03
5900,5,2.500000000000000e-02,2.281721347497145e-02,2.182786525028551e-03
5900,6,2.000000000000000e-02,1.712957292610907e-02,2.870427073890926e-03
5900,7,-1.800000000000000e-02,-1.600037757030156e-02,-1.999622429698443e-03
5900,8,1.500000000000000e-02,1.365752767028748e-02,1.342472329712519e-03
5900,9,1.200000000000000e-02,1.059324477848290e-02,1.406755221517095e-03
5900,10,-1.000000000000000e-02,-8.836488620512013e-03,-1.163511379487987e-03
5900,11,8.999999999999999e-03,8.183637311547023e-03,8.163626884529762e-04
5900,12,8.000000000000000e-03,6.960485302533863e-03,1.039514697466137e-03
5900,13,-7.000000000000000e-03,-6.838443177305038e-03,-1.615568226949618e-04
5900,14,6.000000000000000e-03,5.348444243035657e-03,6.515557569643435e-04
5900,15,5.000000000000000e-03,4.598236383695381e-03,4.017636163046187e-04
5900,16,-4.000000000000000e-03,-3.630857777268957e-03,-3.691422227310426e-04
5900,17,3.500000000000000e-03,3.379867538101917e-03,1.201324618980829e-04
5900,18,3.000000000000000e-03,2.491339212621571e-03,5.086607873784291e-04
5900,19,-2.500000000000000e-03,-2.349370569716847e-03,-1.506294302831531e-04
5900,20,2.000000000000000e-03,1.964031670815548e-03,3.596832918445220e-05
5900,21,1.800000000000000e-03,6.563565479847487e-04,1.143643452015251e-03
5900,22,-1.500000000000000e-03,-7.383039393370456e-04,-7.616960606629544e-04
5900,23,1.200000000000000e-03,6.133905912440861e-04,5.866094087559138e-04
5900,24,1.000000000000000e-03,4.010127614639340e-04,5.989872385360661e-04
5900,25,-8.000000000000000e-04,-5.455933636443995e-04,-2.544066363556006e-04
5900,26,5.999999999999999e-04,2.765165615038478e-04,3.234834384961521e-04
5900,27,5.000000000000000e-04,4.994332014727189e-05,4.500566798527281e-04
5900,28,-4.000000000000000e-04,3.442915988775571e-04,-7.442915988775571e-04
5900,29,3.000000000000000e-04,1.066807397466366e-05,2.893319260253363e-04
6000,0,1.200000000000000e-01,1.050350345426210e-01,1.496496545737902e-02
6000,1,-8.000000000000000e-02,-7.004361647610968e-02,-9.956383523890319e-03
6000,2,5.500000000000000e-02,4.803172320304777e-02,6.968276796952229e-03
6000,3,4.000000000000000e-02,3.532832870873517e-02,4.671671291264827e-03
6000,4,-3.000000000000000e-02,-2.724518900928686e-02,-2.754810990713140e-03
6000,5,2.500000000000000e-02,2.290214069998909e-02,2.097859300010909e-03
6000,6,2.000000000000000e-02,1.725163109657559e-02,2.748368903424406e-03
6000,7,-1.800000000000000e-02,-1.604781040136825e-02,-1.952189598631752e-03
6000,8,1.500000000000000e-02,1.366326356392144e-02,1.336736436078557e-03
6000,9,1.200000000000000e-02,1.068418300160486e-02,1.315816998395140e-03
6000,10,-1.000000000000000e-02,-8.922348901958376e-03,-1.077651098041624e-03
6000,11,8.999999999999999e-03,8.224136928274502e-03,7.758630717254970e-04
6000,12,8.000000000000000e-03,6.969342781080640e-03,1.030657218919360e-03
6000,13,-7.000000000000000e-03,-6.887294326307118e-03,-1.127056736928821e-04
6000,14,6.000000000000000e-03,5.398374936915449e-03,6.016250630845512e-04
6000,15,5.000000000000000e-03,4.590587952511131e-03,4.094120474888692e-04
6000,16,-4.000000000000000e-03,-3.642610257465550e-03,-3.573897425344498e-04
6000,17,3.500000000000000e-03,3.444488501454611e-03,5.551149854538927e-05
6000,18,3.000000000000000e-03,2.482285770903915e-03,5.177142290960853e-04
6000,19,-2.500000000000000e-03,-2.343172822432722e-03,-1.568271775672782e-04
6000,20,2.000000000000000e-03,1.979658697496864e-03,2.034130250313636e-05
6000,21,1.800000000000000e-03,7.362797665175292e-04,1.063720233482471e-03
6000,22,-1.500000000000000e-03,-8.820159170242881e-04,-6.179840829757119e-04
6000,23,1.200000000000000e-03,7.007367825224974e-04,4.992632174775025e-04
6000,24,1.000000000000000e-03,3.681979824132870e-04,6.318020175867130e-04
6000,25,-8.000000000000000e-04,-6.254528464000584e-04,-1.745471535999416e-04
6000,26,5.999999999999999e-04,3.264270791100790e-04,2.735729208899209e-04
6000,27,5.000000000000000e-04,9.971096784026787e-06,4.900289032159733e-04
6000,28,-4.000000000000000e-04,3.013842007697994e-04,-7.013842007697994e-04
6000,29,3.000000000000000e-04,-6.657675249945421e-05,3.665767524994542e-04
6100,0,1.200000000000000e-01,1.055735123007026e-01,1.442648769929740e-02
6100,1,-8.000000000000000e-02,-7.035428706440558e-02,-9.645712935594422e-03
6100,2,5.500000000000000e-02,4.830342613515138e-02,6.696573864848621e-03
6100,3,4.000000000000000e-02,3.548323679852064e-02,4.516763201479361e-03
6100,4,-3.000000000000000e-02,-2.726214596623040e-02,-2.737854033769596e-03
6100,5,2.500000000000000e-02,2.291857539175167e-02,2.081424608248329e-03
6100,6,2.000000000000000e-02,1.739485188433873e-02,2.605148115661267e-03
6100,7,-1.800000000000000e-02,-1.616328295775866e-02,-1.836717042241337e-03
6100,8,1.500000000000000e-02,1.375571907388130e-02,1.244280926118698e-03
6100,9,1.200000000000000e-02,1.068883919224074e-02,1.311160807759264e-03
6100,10,-1.000000000000000e-02,-8.887433114526373e-03,-1.112566885473627e-03
6100,11,8.999999999999999e-03,8.236814819170511e-03,7.631851808294881e-04
6100,12,8.000000000000000e-03,7.017621405358999e-03,9.823785946410013e-04
6100,13,-7.000000000000000e-03,-6.817290805560910e-03,-1.827091944390903e-04
6100,14,6.000000000000000e-03,5.445050758013697e-03,5.549492419863033e-04
6100,15,5.000000000000000e-03,4.599351643974412e-03,4.006483560255883e-04
6100,16,-4.000000000000000e-03,-3.680767644755134e-03,-3.192323552448665e-04
6100,17,3.500000000000000e-03,3.540559399875855e-03,-4.055939987585543e-05
6100,18,3.000000000000000e-03,2.458563034448167e-03,5.414369655518327e-04
6100,19,-2.500000000000000e-03,-2.372642006428881e-03,-1.273579935711193e-04
6100,20,2.000000000000000e-03,2.003682300168067e-03,-3.682300168067129e-06
6100,21,1.800000000000000e-03,7.933510364466336e-04,1.006648963553366e-03
6100,22,-1.500000000000000e-03,-9.438883169045468e-04,-5.561116830954532e-04
6100,23,1.200000000000000e-03,7.925597838079733e-04,4.074402161920266e-04
6100,24,1.000000000000000e-03,3.916396109081275e-04,6.083603890918725e-04
6100,25,-8.000000000000000e-04,-6.218331405599860e-04,-1.781668594400141e-04
6100,26,5.999999999999999e-04,3.166100990065468e-04,2.833899009934531e-04
6100,27,5.000000000000000e-04,1.215803910007358e-04,3.784196089992642e-04
6100,28,-4.000000000000000e-04,1.918171540378965e-04,-5.918171540378965e-04
6100,29,3.000000000000000e-04,-1.263107781124446e-05,3.126310778112444e-04
6200,0,1.200000000000000e-01,1.061418023124835e-01,1.385819768751650e-02
6200,1,-8.000000000000000e-02,-7.072432328742216e-02,-9.275676712577841e-03
6200,2,5.500000000000000e-02,4.858907147827744e-02,6.410928521722557e-03
6200,3,4.000000000000000e-02,3.561597049010429e-02,4.384029509895707e-03
6200,4,-3.000000000000000e-02,-2.730728262225600e-02,-2.692717377744003e-03
6200,5,2.500000000000000e-02,2.292444376035851e-02,2.075556239641493e-03
6200,6,2.000000000000000e-02,1.747752977961348e-02,2.522470220386517e-03
6200,7,-1.800000000000000e-02,-1.627491071690337e-02,-1.725089283096632e-03
6200,8,1.500000000000000e-02,1.380602773035391e-02,1.193972269646088e-03
6200,9,1.200000000000000e-02,1.072478550005153e-02,1.275214499948475e-03
6200,10,-1.000000000000000e-02,-8.992191717364770e-03,-1.007808282635230e-03
6200,11,8.999999999999999e-03,8.245714318619934e-03,7.542856813800656e-04
6200,12,8.000000000000000e-03,7.039982366875907e-03,9.600176331240927e-04
6200,13,-7.000000000000000e-03,-6.858978576884729e-03,-1.410214231152710e-04
6200,14,6.000000000000000e-03,5.464863465883473e-03,5.351365341165273e-04
6200,15,5.000000000000000e-03,4.615210467505071e-03,3.847895324949292e-04
6200,16,-4.000000000000000e-03,-3.648955111068654e-03,-3.510448889313461e-04
6200,17,3.500000000000000e-03,3.542244444610743e-03,-4.224444461074263e-05
6200,18,3.000000000000000e-03,2.486990336935250e-03,5.130096630647498e-04
6200,19,-2.500000000000000e-03,-2.328184678713137e-03,-1.718153212868626e-04
6200,20,2.000000000000000e-03,1.941844534834385e-03,5.815546516561507e-05
6200,21,1.800000000000000e-03,9.340229118729213e-04,8.659770881270786e-04
6200,22,-1.500000000000000e-03,-1.052186098353867e-03,-4.478139016461326e-04
6200,23,1.200000000000000e-03,9.796762017460164e-04,2.203237982539834e-04
6200,24,1.000000000000000e-03,4.059294881323120e-04,5.940705118676879e-04
6200,25,-8.000000000000000e-04,-6.527073200206813e-04,-1.472926799793188e-04
6200,26,5.999999999999999e-04,4.214968635105839e-04,1.785031364894160e-04
6200,27,5.000000000000000e-04,1.303855361995110e-04,3.696144638004890e-04
6200,28,-4.000000000000000e-04,1.259620953705154e-04,-5.259620953705153e-04
6200,29,3.000000000000000e-04,-5.057826104901321e-05,3.505782610490132e-04
6300,0,1.200000000000000e-01,1.066580111324921e-01,1.334198886750793e-02
6300,1,-8.000000000000000e-02,-7.107915463165830e-02,-8.920845368341701e-03
6300,2,5.500000000000000e-02,4.879101457179934e-02,6.208985428200663e-03
6300,3,4.000000000000000e-02,3.582001298449971e-02,4.179987015500292e-03
6300,4,-3.000000000000000e-02,-2.741060394204886e-02,-2.589396057951138e-03
6300,5,2.500000000000000e-02,2.309636641190648e-02,1.903633588093524e-03
6300,6,2.000000000000000e-02,1.759192316779595e-02,2.408076832204054e-03
6300,7,-1.800000000000000e-02,-1.634130897336571e-02,-1.658691026634289e-03
6300,8,1.500000000000000e-02,1.390643289014682e-02,1.093567109853181e-03
6300,9,1.200000000000000e-02,1.080881211227885e-02,1.191187887721148e-03
6300,10,-1.000000000000000e-02,-9.061602864485194e-03,-9.383971355148065e-04
6300,11,8.999999999999999e-03,8.274112157094757e-03,7.258878429052418e-04
6300,12,8.000000000000000e-03,7.176262249835754e-03,8.237377501642464e-04
6300,13,-7.000000000000000e-03,-6.963863128429129e-03,-3.613687157087101e-05
6300,14,6.000000000000000e-03,5.489562809230010e-03,5.104371907699900e-04
6300,15,5.000000000000000e-03,4.654779193734902e-03,3.452208062650983e-04
6300,16,-4.000000000000000e-03,-3.672565297863299e-03,-3.274347021367014e-04
6300,17,3.500000000000000e-03,3.434672607345745e-03,6.532739265425547e-05
6300,18,3.000000000000000e-03,2.612662902535268e-03,3.873370974647318e-04
6300,19,-2.500000000000000e-03,-2.413886569116493e-03,-8.611343088350733e-05
6300,20,2.000000000000000e-03,1.915422934378531e-03,8.457706562146872e-05
6300,21,1.800000000000000e-03,1.060214405545859e-03,7.397855944541413e-04
6300,22,-1.500000000000000e-03,-1.222775911371923e-03,-2.772240886280771e-04
6300,23,1.200000000000000e-03,1.032536016031196e-03,1.674639839688034e-04
6300,24,1.000000000000000e-03,4.588799269069740e-04,5.411200730930260e-04
6300,25,-8.000000000000000e-04,-7.717657325968105e-04,-2.823426740318957e-05
6300,26,5.999999999999999e-04,4.897814342247114e-04,1.102185657752885e-04
6300,27,5.000000000000000e-04,8.028452971886971e-05,4.197154702811303e-04
6300,28,-4.000000000000000e-04,1.095260997075026e-04,-5.095260997075026e-04
6300,29,3.000000000000000e-04,-3.617307529267180e-05,3.361730752926718e-04
6400,0,1.200000000000000e-01,1.071673557370839e-01,1.283264426291605e-02
6400,1,-8.000000000000000e-02,-7.149451604080520e-02,-8.505483959194801e-03
6400,2,5.500000000000000e-02,4.906989436931371e-02,5.930105630686286e-03
6400,3,4.000000000000000e-02,3.593941152418613e-02,4.060588475813871e-03
6400,4,-3.000000000000000e-02,-2.754346278811467e-02,-2.456537211885327e-03
6400,5,2.500000000000000e-02,2.313728152580285e-02,1.862718474197153e-03
6400,6,2.000000000000000e-02,1.779148733735089e-02,2.208512662649112e-03
6400,7,-1.800000000000000e-02,-1.646260667161171e-02,-1.537393328388290e-03
6400,8,1.500000000000000e-02,1.387359665064069e-02,1.126403349359307e-03
6400,9,1.200000000000000e-02,1.100286435996269e-02,9.971356400373076e-04
6400,10,-1.000000000000000e-02,-9.123478249452201e-03,-8.765217505477992e-04
6400,11,8.999999999999999e-03,8.231214464456835e-03,7.687855355431646e-04
6400,12,8.000000000000000e-03,7.319359899887614e-03,6.806401001123860e-04
6400,13,-7.000000000000000e-03,-7.000022962031362e-03,2.296203136138708e-08
6400,14,6.000000000000000e-03,5.466173254358077e-03,5.338267456419235e-04
6400,15,5.000000000000000e-03,4.781514512851098e-03,2.184854871489020e-04
6400,16,-4.000000000000000e-03,-3.710719151316074e-03,-2.892808486839264e-04
6400,17,3.500000000000000e-03,3.475893717747353e-03,2.410628225264734e-05
6400,18,3.000000000000000e-03,2.606925640360619e-03,3.930743596393814e-04
6400,19,-2.500000000000000e-03,-2.386516277459064e-03,-1.134837225409365e-04
6400,20,2.000000000000000e-03,1.982235095760918e-03,1.776490423908202e-05
6400,21,1.800000000000000e-03,1.056065169175341e-03,7.439348308246588e-04
6400,22,-1.500000000000000e-03,-1.206355419501644e-03,-2.936445804983560e-04
6400,23,1.200000000000000e-03,1.058525141394766e-03,1.414748586052337e-04
6400,24,1.000000000000000e-03,5.200127641059745e-04,4.799872358940255e-04
6400,25,-8.000000000000000e-04,-8.404495706540044e-04,4.044957065400432e-05
6400,26,5.999999999999999e-04,5.954387152361663e-04,4.561284763833647e-06
6400,27,5.000000000000000e-04,5.375572378642948e-05,4.462442762135705e-04
6400,28,-4.000000000000000e-04,7.467969115422147e-05,-4.746796911542215e-04
6400,29,3.000000000000000e-04,3.101927798367776e-05,2.689807220163222e-04
6500,0,1.200000000000000e-01,1.075565861835938e-01,1.244341381640622e-02
6500,1,-8.000000000000000e-02,-7.165503713830669e-02,-8.344962861693311e-03
6500,2,5.500000000000000e-02,4.927563571519151e-02,5.724364284808492e-03
6500,3,4.000000000000000e-02,3.610186403010576e-02,3.898135969894245e-03
6500,4,-3.000000000000000e-02,-2.759580135271373e-02,-2.404198647286266e-03
6500,5,2.500000000000000e-02,2.317631776423026e-02,1.823682235769744e-03
6500,6,2.000000000000000e-02,1.790269812879533e-02,2.097301871204670e-03
6500,7,-1.800000000000000e-02,-1.654195000834767e-02,-1.458049991652333e-03
6500,8,1.500000000000000e-02,1.386513841191881e-02,1.134861588081191e-03
6500,9,1.200000000000000e-02,1.109029614107723e-02,9.097038589227658e-04
6500,10,-1.000000000000000e-02,-9.183727599232640e-03,-8.162724007673601e-04
6500,11,8.999999999999999e-03,8.257642540028250e-03,7.423574599717490e-04
6500,12,8.000000000000000e-03,7.420541160385381e-03,5.794588396146189e-04
6500,13,-7.000000000000000e-03,-7.051272483934001e-03,5.127248393400115e-05
6500,14,6.000000000000000e-03,5.482341035054553e-03,5.176589649454472e-04
6500,15,5.000000000000000e-03,4.826427206562190e-03,1.735727934378097e-04
6500,16,-4.000000000000000e-03,-3.792330913068921e-03,-2.076690869310788e-04
6500,17,3.500000000000000e-03,3.490638590263931e-03,9.361409736068690e-06
6500,18,3.000000000000000e-03,2.663440603888519e-03,3.365593961114806e-04
6500,19,-2.500000000000000e-03,-2.475401776366563e-03,-2.459822363343753e-05
6500,20,2.000000000000000e-03,2.011521314707560e-03,-1.152131470755994e-05
6500,21,1.800000000000000e-03,1.112494560809138e-03,6.875054391908616e-04
6500,22,-1.500000000000000e-03,-1.231693598122574e-03,-2.683064018774264e-04
6500,23,1.200000000000000e-03,1.075285849210981e-03,1.247141507890188e-04
6500,24,1.000000000000000e-03,5.692308545543583e-04,4.307691454456418e-04
6500,25,-8.000000000000000e-04,-8.768596325486492e-04,7.685963254864918e-05
6500,26,5.999999999999999e-04,6.082131908673802e-04,-8.213190867380248e-06
6500,27,5.000000000000000e-04,1.150200907273176e-04,3.849799092726824e-04
6500,28,-4.000000000000000e-04,-7.626179631290481e-06,-3.923738203687095e-04
6500,29,3.000000000000000e-04,-8.834588582603023e-07,3.008834588582603e-04
6600,0,1.200000000000000e-01,1.079516422079412e-01,1.204835779205880e-02
6600,1,-8.000000000000000e-02,-7.196459285975169e-02,-8.035407140248307e-03
6600,2,5.500000000000000e-02,4.945827657637829e-02,5.541723423621712e-03
6600,3,4.000000000000000e-02,3.635828472181818e-02,3.641715278181822e-03
6600,4,-3.000000000000000e-02,-2.774975224093171e-02,-2.250247759068291e-03
6600,5,2.500000000000000e-02,2.319495351521732e-02,1.805046484782677e-03
6600,6,2.000000000000000e-02,1.807103364316496e-02,1.928966356835038e-03
6600,7,-1.800000000000000e-02,-1.664177522917364e-02,-1.358224770826356e-03
6600,8,1.500000000000000e-02,1.388133241724034e-02,1.118667582759657e-03
6600,9,1.200000000000000e-02,1.122069717161504e-02,7.793028283849604e-04
6600,10,-1.000000000000000e-02,-9.293218052647382e-03,-7.067819473526183e-04
6600,11,8.999999999999999e-03,8.288690195403018e-03,7.113098045969813e-04
6600,12,8.000000000000000e-03,7.528858858517879e-03,4.711411414821216e-04
6600,13,-7.000000000000000e-03,-7.094295159791471e-03,9.429515979147117e-05
6600,14,6.000000000000000e-03,5.523449615050450e-03,4.765503849495497e-04
6600,15,5.000000000000000e-03,4.948623194269636e-03,5.137680573036405e-05
6600,16,-4.000000000000000e-03,-3.822581508375686e-03,-1.774184916243141e-04
6600,17,3.500000000000000e-03,3.498024287379553e-03,1.975712620446574e-06
6600,18,3.000000000000000e-03,2.745030556738056e-03,2.549694432619439e-04
6600,19,-2.500000000000000e-03,-2.530969453746756e-03,3.096945374675550e-05
6600,20,2.000000000000000e-03,1.961764217300443e-03,3.823578269955682e-05
6600,21,1.800000000000000e-03,1.122136980198075e-03,6.778630198019245e-04
6600,22,-1.500000000000000e-03,-1.276795562067613e-03,-2.232044379323868e-04
6600,23,1.200000000000000e-03,1.073507697943942e-03,1.264923020560579e-04
6600,24,1.000000000000000e-03,5.315795489363510e-04,4.684204510636490e-04
6600,25,-8.000000000000000e-04,-7.827029812382728e-04,-1.729701876172719e-05
6600,26,5.999999999999999e-04,5.724119706745397e-04,2.758802932546029e-05
6600,27,5.000000000000000e-04,1.447507678303947e-04,3.552492321696052e-04
6600,28,-4.000000000000000e-04,4.690615816193924e-05,-4.469061581619392e-04
6600,29,3.000000000000000e-04,1.420816878286461e-05,2.857918312171354e-04
6700,0,1.200000000000000e-01,1.084156531549576e-01,1.158434684504238e-02
6700,1,-8.000000000000000e-02,-7.231199824470319e-02,-7.688001755296811e-03
6700,2,5.500000000000000e-02,4.964490567321079e-02,5.355094326789211e-03
6700,3,4.000000000000000e-02,3.650165334649508e-02,3.498346653504916e-03
6700,4,-3.000000000000000e-02,-2.788390686817493e-02,-2.116093131825071e-03
6700,5,2.500000000000000e-02,2.338618071931551e-02,1.613819280684492e-03
6700,6,2.000000000000000e-02,1.806450346195784e-02,1.935496538042158e-03
6700,7,-1.800000000000000e-02,-1.667536542150353e-02,-1.324634578496464e-03
6700,8,1.500000000000000e-02,1.393476060101046e-02,1.065239398989538e-03
6700,9,1.200000000000000e-02,1.127548390084197e-02,7.245160991580270e-04
6700,10,-1.000000000000000e-02,-9.343811606653060e-03,-6.561883933469403e-04
6700,11,8.999999999999999e-03,8.329059900652134e-03,6.709400993478651e-04
6700,12,8.000000000000000e-03,7.614423106117030e-03,3.855768938829706e-04
6700,13,-7.000000000000000e-03,-7.190619909595648e-03,1.906199095956483e-04
6700,14,6.000000000000000e-03,5.631852206062972e-03,3.681477939370282e-04
6700,15,5.000000000000000e-03,5.000330448268930e-03,-3.304482689295632e-07
6700,16,-4.000000000000000e-03,-3.944417247628796e-03,-5.558275237120373e-05
6700,17,3.500000000000000e-03,3.670123454771913e-03,-1.701234547719132e-04
6700,18,3.000000000000000e-03,2.625125148965877e-03,3.748748510341228e-04
6700,19,-2.500000000000000e-03,-2.492017545664410e-03,-7.982454335589678e-06
6700,20,2.000000000000000e-03,2.017914601092788e-03,-1.791460109278834e-05
6700,21,1.800000000000000e-03,1.089573855603584e-03,7.104261443964157e-04
6700,22,-1.500000000000000e-03,-1.231538257099612e-03,-2.684617429003879e-04
6700,23,1.200000000000000e-03,1.029571335324802e-03,1.704286646751979e-04
6700,24,1.000000000000000e-03,6.082392012765095e-04,3.917607987234906e-04
6700,25,-8.000000000000000e-04,-8.663082351402564e-04,6.630823514025639e-05
6700,26,5.999999999999999e-04,6.792295823186027e-04,-7.922958231860273e-05
6700,27,5.000000000000000e-04,1.653718292480728e-04,3.346281707519273e-04
6700,28,-4.000000000000000e-04,-5.448223733133413e-05,-3.455177626686659e-04
6700,29,3.000000000000000e-04,1.777099141581719e-04,1.222900858418281e-04
6800,0,1.200000000000000e-01,1.087945772470318e-01,1.120542275296821e-02
6800,1,-8.000000000000000e-02,-7.260151560630466e-02,-7.398484393695337e-03
6800,2,5.500000000000000e-02,4.984584570706570e-02,5.154154292934296e-03
6800,3,4.000000000000000e-02,3.654469377780508e-02,3.455306222194920e-03
6800,4,-3.000000000000000e-02,-2.791940751019980e-02,-2.080592489800200e-03
6800,5,2.500000000000000e-02,2.339151054860958e-02,1.608489451390419e-03
6800,6,2.000000000000000e-02,1.805641503024375e-02,1.943584969756253e-03
6800,7,-1.800000000000000e-02,-1.665689777441353e-02,-1.343102225586465e-03
6800,8,1.500000000000000e-02,1.390330681356886e-02,1.096693186431139e-03
6800,9,1.200000000000000e-02,1.127741403013084e-02,7.225859698691585e-04
6800,10,-1.000000000000000e-02,-9.375827511744669e-03,-6.241724882553312e-04
6800,11,8.999999999999999e-03,8.362899004087631e-03,6.371009959123680e-04
6800,12,8.000000000000000e-03,7.634528266239777e-03,3.654717337602236e-04
6800,13,-7.000000000000000e-03,-7.228382496789940e-03,2.283824967899400e-04
6800,14,6.000000000000000e-03,5.701435357409889e-03,2.985646425901116e-04
6800,15,5.000000000000000e-03,5.008258649142850e-03,-8.258649142850287e-06
6800,16,-4.000000000000000e-03,-3.961002843967713e-03,-3.899715603228673e-05
6800,17,3.500000000000000e-03,3.713593953239055e-03,-2.135939532390547e-04
6800,18,3.000000000000000e-03,2.527249174527155e-03,4.727508254728447e-04
6800,19,-2.500000000000000e-03,-2.442744548047424e-03,-5.725545195257647e-05
6800,20,2.000000000000000e-03,1.976395275598094e-03,2.360472440190563e-05
6800,21,1.800000000000000e-03,1.033302800911936e-03,7.666971990880644e-04
6800,22,-1.500000000000000e-03,-1.209467063785995e-03,-2.905329362140052e-04
6800,23,1.200000000000000e-03,1.028878091450956e-03,1.711219085490437e-04
6800,24,1.000000000000000e-03,5.941691913574806e-04,4.058308086425194e-04
6800,25,-8.000000000000000e-04,-8.728188987770279e-04,7.281889877702784e-05
6800,26,5.999999999999999e-04,6.909199839942051e-04,-9.091998399420520e-05
6800,27,5.000000000000000e-04,2.116132366573383e-04,2.883867633426617e-04
6800,28,-4.000000000000000e-04,-6.610585452417713e-05,-3.338941454758229e-04
6800,29,3.000000000000000e-04,1.876458270103007e-04,1.123541729896993e-04
6900,0,1.200000000000000e-01,1.091848453954423e-01,1.081515460455773e-02
6900,1,-8.000000000000000e-02,-7.285411689807303e-02,-7.145883101926973e-03
6900,2,5.500000000000000e-02,5.005588023560268e-02,4.944119764397320e-03
6900,3,4.000000000000000e-02,3.657140734802384e-02,3.428592651976162e-03
6900,4,-3.000000000000000e-02,-2.791437674715618e-02,-2.085623252843817e-03
6900,5,2.500000000000000e-02,2.338163121801778e-02,1.618368781982221e-03
6900,6,2.000000000000000e-02,1.810755575365393e-02,1.892444246346069e-03
6900,7,-1.800000000000000e-02,-1.671573342312404e-02,-1.284266576875956e-03
6900,8,1.500000000000000e-02,1.396462578738462e-02,1.035374212615375e-03
6900,9,1.200000000000000e-02,1.120633349489240e-02,7.936665051076035e-04
6900,10,-1.000000000000000e-02,-9.344734331023013e-03,-6.552656689769870e-04
6900,11,8.999999999999999e-03,8.369493507017919e-03,6.305064929820799e-04
6900,12,8.000000000000000e-03,7.615037974284014e-03,3.849620257159857e-04
6900,13,-7.000000000000000e-03,-7.160792242361279e-03,1.607922423612785e-04
6900,14,6.000000000000000e-03,5.669601711300585e-03,3.303982886994150e-04
6900,15,5.000000000000000e-03,5.027235727458929e-03,-2.723572745892862e-05
6900,16,-4.000000000000000e-03,-3.997651547027224e-03,-2.348452972776582e-06
6900,17,3.500000000000000e-03,3.721422474841436e-03,-2.214224748414355e-04
6900,18,3.000000000000000e-03,2.561073706508720e-03,4.389262934912800e-04
6900,19,-2.500000000000000e-03,-2.433944646573830e-03,-6.605535342616960e-05
6900,20,2.000000000000000e-03,2.007963098812972e-03,-7.963098812971848e-06
6900,21,1.800000000000000e-03,9.759171233344751e-04,8.240828766655249e-04
6900,22,-1.500000000000000e-03,-1.072097064834951e-03,-4.279029351650493e-04
6900,23,1.200000000000000e-03,9.257109210758245e-04,2.742890789241754e-04
6900,24,1.000000000000000e-03,6.259081502029610e-04,3.740918497970391e-04
6900,25,-8.000000000000000e-04,-9.011701335663602e-04,1.011701335663602e-04
6900,26,5.999999999999999e-04,6.490495556190366e-04,-4.904955561903668e-05
6900,27,5.000000000000000e-04,1.558582934651533e-04,3.441417065348468e-04
6900,28,-4.000000000000000e-04,-8.098975944833814e-05,-3.190102405516619e-04
6900,29,3.000000000000000e-04,1.278902492009708e-04,1.721097507990291e-04
7000,0,1.200000000000000e-01,1.094899912031118e-01,1.051000879688821e-02
7000,1,-8.000000000000000e-02,-7.298298730338222e-02,-7.017012696617780e-03
7000,2,5.500000000000000e-02,5.019310487827617e-02,4.806895121723831e-03
7000,3,4.000000000000000e-02,3.667866183031560e-02,3.321338169684399e-03
7000,4,-3.000000000000000e-02,-2.792770540908215e-02,-2.072294590917852e-03
7000,5,2.500000000000000e-02,2.344935155169267e-02,1.550648448307330e-03
7000,6,2.000000000000000e-02,1.813199116053779e-02,1.868008839462209e-03
7000,7,-1.800000000000000e-02,-1.673466519958196e-02,-1.265334800418041e-03
7000,8,1.500000000000000e-02,1.399560301324680e-02,1.004396986753199e-03
7000,9,1.200000000000000e-02,1.120149030127480e-02,7.985096987251986e-04
7000,10,-1.000000000000000e-02,-9.326764297116697e-03,-6.732357028833031e-04
7000,11,8.999999999999999e-03,8.379204210613667e-03,6.207957893863327e-04
7000,12,8.000000000000000e-03,7.611950271704277e-03,3.880497282957229e-04
7000,13,-7.000000000000000e-03,-7.199460044901951e-03,1.994600449019513e-04
7000,14,6.000000000000000e-03,5.706852795031477e-03,2.931472049685227e-04
7000,15,5.000000000000000e-03,4.995050765275373e-03,4.949234724626640e-06
7000,16,-4.000000000000000e-03,-4.061243246526659e-03,6.124324652665922e-05
7000,17,3.500000000000000e-03,3.693648957660019e-03,-1.936489576600188e-04
7000,18,3.000000000000000e-03,2.520332724338902e-03,4.796672756610977e-04
7000,19,-2.500000000000000e-03,-2.501827561086847e-03,1.827561086846941e-06
7000,20,2.000000000000000e-03,2.038167612977987e-03,-3.816761297798692e-05
7000,21,1.800000000000000e-03,9.012107556492537e-04,8.987892443507462e-04
7000,22,-1.500000000000000e-03,-1.069595190620860e-03,-4.304048093791398e-04
7000,23,1.200000000000000e-03,9.344454708431537e-04,2.655545291568461e-04
7000,24,1.000000000000000e-03,6.618822045315751e-04,3.381177954684249e-04
7000,25,-8.000000000000000e-04,-9.111722105030834e-04,1.111722105030834e-04
7000,26,5.999999999999999e-04,6.077232976347842e-04,-7.723297634784285e-06
7000,27,5.000000000000000e-04,1.646645706792859e-04,3.353354293207140e-04
7000,28,-4.000000000000000e-04,-6.020056134371428e-05,-3.397994386562857e-04
7000,29,3.000000000000000e-04,8.526317709780643e-05,2.147368229021935e-04
7100,0,1.200000000000000e-01,1.098597926025380e-01,1.014020739746203e-02
7100,1,-8.000000000000000e-02,-7.324193799229360e-02,-6.758062007706400e-03
7100,2,5.500000000000000e-02,5.038698562506634e-02,4.613014374933659e-03
7100,3,4.000000000000000e-02,3.670630231702359e-02,3.293697682976410e-03
7100,4,-3.000000000000000e-02,-2.799202230519625e-02,-2.007977694803754e-03
7100,5,2.500000000000000e-02,2.352625827764309e-02,1.473741722356908e-03
7100,6,2.000000000000000e-02,1.809134485332337e-02,1.908655146676631e-03
7100,7,-1.800000000000000e-02,-1.668175245833099e-02,-1.318247541669013e-03
7100,8,1.500000000000000e-02,1.397835064605712e-02,1.021649353942878e-03
7100,9,1.200000000000000e-02,1.128317968998162e-02,7.168203100183842e-04
7100,10,-1.000000000000000e-02,-9.398479922258026e-03,-6.015200777419738e-04
7100,11,8.999999999999999e-03,8.466626043545519e-03,5.333739564544800e-04
7100,12,8.000000000000000e-03,7.571432671329345e-03,4.285673286706553e-04
7100,13,-7.000000000000000e-03,-7.166786493910040e-03,1.667864939100400e-04
7100,14,6.000000000000000e-03,5.697522035377709e-03,3.024779646222907e-04
7100,15,5.000000000000000e-03,5.004509110968534e-03,-4.509110968533604e-06
7100,16,-4.000000000000000e-03,-4.066791558524112e-03,6.679155852411158e-05
7100,17,3.500000000000000e-03,3.677924220350637e-03,-1.779242203506374e-04
7100,18,3.000000000000000e-03,2.556386796012632e-03,4.436132039873685e-04
7100,19,-2.500000000000000e-03,-2.549838436789404e-03,4.983843678940409e-05
7100,20,2.000000000000000e-03,2.095695384839297e-03,-9.569538483929652e-05
7100,21,1.800000000000000e-03,8.633212068257865e-04,9.366787931742134e-04
7100,22,-1.500000000000000e-03,-1.021613886240323e-03,-4.783861137596767e-04
7100,23,1.200000000000000e-03,9.230360345214613e-04,2.769639654785386e-04
7100,24,1.000000000000000e-03,6.577184086754337e-04,3.422815913245663e-04
7100,25,-8.000000000000000e-04,-8.270691110661381e-04,2.706911106613807e-05
7100,26,5.999999999999999e-04,5.139212311968042e-04,8.607876880319576e-05
7100,27,5.000000000000000e-04,2.287667515620585e-04,2.712332484379415e-04
7100,28,-4.000000000000000e-04,-6.269965213560268e-05,-3.373003478643973e-04
7100,29,3.000000000000000e-04,5.309958622638374e-05,2.469004137736162e-04
7200,0,1.200000000000000e-01,1.101889629350864e-01,9.811037064913597e-03
7200,1,-8.000000000000000e-02,-7.348836399826426e-02,-6.511636001735738e-03
7200,2,5.500000000000000e-02,5.054109058823137e-02,4.458909411768630e-03
7200,3,4.000000000000000e-02,3.674270171711121e-02,3.257298282888788e-03
7200,4,-3.000000000000000e-02,-2.804157183042797e-02,-1.958428169572032e-03
7200,5,2.500000000000000e-02,2.355224782498352e-02,1.447752175016481e-03
7200,6,2.000000000000000e-02,1.816632167647151e-02,1.833678323528494e-03
7200,7,-1.800000000000000e-02,-1.665425378777174e-02,-1.345746212228258e-03
7200,8,1.500000000000000e-02,1.393939509466602e-02,1.060604905333979e-03
7200,9,1.200000000000000e-02,1.131213987145565e-02,6.878601285443490e-04
7200,10,-1.000000000000000e-02,-9.403183695028416e-03,-5.968163049715845e-04
7200,11,8.999999999999999e-03,8.463657520526493e-03,5.363424794735065e-04
7200,12,8.000000000000000e-03,7.592964719056470e-03,4.070352809435306e-04
7200,13,-7.000000000000000e-03,-7.151813307180885e-03,1.518133071808847e-04
7200,14,6.000000000000000e-03,5.726698559777925e-03,2.733014402220750e-04
7200,15,5.000000000000000e-03,4.933333220955857e-03,6.666677904414338e-05
7200,16,-4.000000000000000e-03,-4.071594403766958e-03,7.159440376695771e-05
7200,17,3.500000000000000e-03,3.697381779891501e-03,-1.973817798915007e-04
7200,18,3.000000000000000e-03,2.609662502048959e-03,3.903374979510408e-04
7200,19,-2.500000000000000e-03,-2.557080386071253e-03,5.708038607125324e-05
7200,20,2.000000000000000e-03,2.097585153557734e-03,-9.758515355773366e-05
7200,21,1.800000000000000e-03,8.996682058146958e-04,9.003317941853042e-04
7200,22,-1.500000000000000e-03,-1.090126245398142e-03,-4.098737546018583e-04
7200,23,1.200000000000000e-03,9.326661358143878e-04,2.673338641856121e-04
7200,24,1.000000000000000e-03,7.074041071153564e-04,2.925958928846436e-04
7200,25,-8.000000000000000e-04,-7.997109519429195e-04,-2.890480570805556e-07
7200,26,5.999999999999999e-04,5.020804546716028e-04,9.791954532839715e-05
7200,27,5.000000000000000e-04,2.832574168331826e-04,2.167425831668174e-04
7200,28,-4.000000000000000e-04,-1.202079329243803e-04,-2.797920670756198e-04
7200,29,3.000000000000000e-04,1.995131593840366e-05,2.800486840615963e-04
7300,0,1.200000000000000e-01,1.104858093752323e-01,9.514190624767702e-03
7300,1,-8.000000000000000e-02,-7.366941007825525e-02,-6.330589921744748e-03
7300,2,5.500000000000000e-02,5.065670134428908e-02,4.343298655710918e-03
7300,3,4.000000000000000e-02,3.684974857533773e-02,3.150251424662270e-03
7300,4,-3.000000000000000e-02,-2.813127502210735e-02,-1.868724977892647e-03
7300,5,2.500000000000000e-02,2.362220340008389e-02,1.377796599916107e-03
7300,6,2.000000000000000e-02,1.820662479642709e-02,1.793375203572908e-03
7300,7,-1.800000000000000e-02,-1.670755643757774e-02,-1.292443562422259e-03
7300,8,1.500000000000000e-02,1.398316285444317e-02,1.016837145556827e-03
7300,9,1.200000000000000e-02,1.129773854920658e-02,7.022614507934174e-04
7300,10,-1.000000000000000e-02,-9.424286075644822e-03,-5.757139243551777e-04
7300,11,8.999999999999999e-03,8.469416731636297e-03,5.305832683637022e-04
7300,12,8.000000000000000e-03,7.569851901574340e-03,4.301480984256600e-04
7300,13,-7.000000000000000e-03,-7.138713234412472e-03,1.387132344124716e-04
7300,14,6.000000000000000e-03,5.742735827969748e-03,2.572641720302521e-04
7300,15,5.000000000000000e-03,4.905957049493664e-03,9.404295050633588e-05
7300,16,-4.000000000000000e-03,-4.073557755894028e-03,7.355775589402806e-05
7300,17,3.500000000000000e-03,3.699084898330381e-03,-1.990848983303814e-04
7300,18,3.000000000000000e-03,2.618247163956591e-03,3.817528360434089e-04
7300,19,-2.500000000000000e-03,-2.549665874416328e-03,4.966587441632749e-05
7300,20,2.000000000000000e-03,2.145618214709953e-03,-1.456182147099531e-04
7300,21,1.800000000000000e-03,9.069395073139585e-04,8.930604926860415e-04
7300,22,-1.500000000000000e-03,-1.132255051038332e-03,-3.677449489616681e-04
7300,23,1.200000000000000e-03,9.504655420694178e-04,2.495344579305821e-04
7300,24,1.000000000000000e-03,7.299112968538475e-04,2.700887031461526e-04
7300,25,-8.000000000000000e-04,-8.698180503267704e-04,6.981805032677034e-05
7300,26,5.999999999999999e-04,5.074400602403718e-04,9.255993975962817e-05
7300,27,5.000000000000000e-04,2.675889022023634e-04,2.324110977976366e-04
7300,28,-4.000000000000000e-04,-1.432753294670399e-04,-2.567246705329602e-04
7300,29,3.000000000000000e-04,-3.697931339102032e-05,3.369793133910203e-04
7400,0,1.200000000000000e-01,1.108015695950280e-01,9.198430404972036e-03
7400,1,-8.000000000000000e-02,-7.390452222240214e-02,-6.095477777597863e-03
7400,2,5.500000000000000e-02,5.082086968688294e-02,4.179130313117063e-03
7400,3,4.000000000000000e-02,3.693394346429692e-02,3.066056535703077e-03
7400,4,-3.000000000000000e-02,-2.815517313326908e-02,-1.844826866730920e-03
7400,5,2.500000000000000e-02,2.361320902155437e-02,1.386790978445632e-03
7400,6,2.000000000000000e-02,1.826471907479083e-02,1.735280925209175e-03
7400,7,-1.800000000000000e-02,-1.671797657773703e-02,-1.282023422262968e-03
7400,8,1.500000000000000e-02,1.397632036987348e-02,1.023679630126515e-03
7400,9,1.200000000000000e-02,1.132472012418116e-02,6.752798758188436e-04
7400,10,-1.000000000000000e-02,-9.461693077886848e-03,-5.383069221131520e-04
7400,11,8.999999999999999e-03,8.488267160943141e-03,5.117328390568578e-04
7400,12,8.000000000000000e-03,7.500204807666162e-03,4.997951923338380e-04
7400,13,-7.000000000000000e-03,-7.060076667400226e-03,6.007666740022628e-05
7400,14,6.000000000000000e-03,5.678425266766352e-03,3.215747332336481e-04
7400,15,5.000000000000000e-03,4.858338174709860e-03,1.416618252901404e-04
7400,16,-4.000000000000000e-03,-4.034597700012516e-03,3.459770001251576e-05
7400,17,3.500000000000000e-03,3.695408410642574e-03,-1.954084106425740e-04
7400,18,3.000000000000000e-03,2.576747001956110e-03,4.232529980438900e-04
7400,19,-2.500000000000000e-03,-2.563079943414027e-03,6.307994341402676e-05
7400,20,2.000000000000000e-03,2.196987983021918e-03,-1.969879830219178e-04
7400,21,1.800000000000000e-03,9.028674314546422e-04,8.971325685453577e-04
7400,22,-1.500000000000000e-03,-1.103172837239986e-03,-3.968271627600142e-04
7400,23,1.200000000000000e-03,9.269505939059595e-04,2.730494060940404e-04
7400,24,1.000000000000000e-03,7.926918803075791e-04,2.073081196924209e-04
7400,25,-8.000000000000000e-04,-8.780535725642705e-04,7.805357256427043e-05
7400,26,5.999999999999999e-04,5.097232164645780e-04,9.027678353542190e-05
7400,27,5.000000000000000e-04,2.949935483705954e-04,2.050064516294046e-04
7400,28,-4.000000000000000e-04,-1.428318124007050e-04,-2.571681875992950e-04
7400,29,3.000000000000000e-04,-6.602118079116139e-05,3.660211807911613e-04
7500,0,1.200000000000000e-01,1.111070220309868e-01,8.892977969013158e-03
7500,1,-8.000000000000000e-02,-7.411102263027584e-02,-5.888977369724158e-03
7500,2,5.500000000000000e-02,5.092710762971969e-02,4.072892370280308e-03
7500,3,4.000000000000000e-02,3.711412151376318e-02,2.885878486236816e-03
7500,4,-3.000000000000000e-02,-2.828578995965082e-02,-1.714210040349176e-03
7500,5,2.500000000000000e-02,2.372249091094713e-02,1.277509089052876e-03
7500,6,2.000000000000000e-02,1.832401225708216e-02,1.675987742917842e-03
7500,7,-1.800000000000000e-02,-1.679250493904112e-02,-1.207495060958883e-03
7500,8,1.500000000000000e-02,1.407116909269682e-02,9.288309073031790e-04
7500,9,1.200000000000000e-02,1.130053555142720e-02,6.994644485728008e-04
7500,10,-1.000000000000000e-02,-9.453040019971722e-03,-5.469599800282787e-04
7500,11,8.999999999999999e-03,8.549035957431230e-03,4.509640425687696e-04
7500,12,8.000000000000000e-03,7.458605398413423e-03,5.413946015865772e-04
7500,13,-7.000000000000000e-03,-7.010254521788505e-03,1.025452178850510e-05
7500,14,6.000000000000000e-03,5.727504338831368e-03,2.724956611686322e-04
7500,15,5.000000000000000e-03,4.786631796256938e-03,2.133682037430617e-04
7500,16,-4.000000000000000e-03,-3.976855370646832e-03,-2.314462935316779e-05
7500,17,3.500000000000000e-03,3.689121078466838e-03,-1.891210784668376e-04
7500,18,3.000000000000000e-03,2.542282234689826e-03,4.577177653101740e-04
7500,19,-2.500000000000000e-03,-2.565292219327086e-03,6.529221932708622e-05
7500,20,2.000000000000000e-03,2.198452651234362e-03,-1.984526512343624e-04
7500,21,1.800000000000000e-03,8.977818178560641e-04,9.022181821439359e-04
7500,22,-1.500000000000000e-03,-1.133023160083052e-03,-3.669768399169476e-04
7500,23,1.200000000000000e-03,9.204721264714931e-04,2.795278735285068e-04
7500,24,1.000000000000000e-03,7.973738794325117e-04,2.026261205674883e-04
7500,25,-8.000000000000000e-04,-8.555882193020697e-04,5.558821930206964e-05
7500,26,5.999999999999999e-04,5.141748894952366e-04,8.582511050476331e-05
7500,27,5.000000000000000e-04,2.890170247187488e-04,2.109829752812512e-04
7500,28,-4.000000000000000e-04,-9.700576348279344e-05,-3.029942365172066e-04
7500,29,3.000000000000000e-04,-1.100006872011212e-04,4.100006872011212e-04
7600,0,1.200000000000000e-01,1.113794948540977e-01,8.620505145902277e-03
7600,1,-8.000000000000000e-02,-7.427432149240165e-02,-5.725678507598350e-03
7600,2,5.500000000000000e-02,5.106401080310324e-02,3.935989196896757e-03
7600,3,4.000000000000000e-02,3.720833505716272e-02,2.791664942837280e-03
7600,4,-3.000000000000000e-02,-2.832834874801702e-02,-1.671651251982983e-03
7600,5,2.500000000000000e-02,2.378241514614539e-02,1.217584853854616e-03
7600,6,2.000000000000000e-02,1.839711544518089e-02,1.602884554819110e-03
7600,7,-1.800000000000000e-02,-1.682336824745736e-02,-1.176631752542637e-03
7600,8,1.500000000000000e-02,1.406861531245950e-02,9.313846875405006e-04
7600,9,1.200000000000000e-02,1.132430535166764e-02,6.756946483323575e-04
7600,10,-1.000000000000000e-02,-9.436831519404252e-03,-5.631684805957483e-04
7600,11,8.999999999999999e-03,8.548570441877703e-03,4.514295581222964e-04
7600,12,8.000000000000000e-03,7.478499316412313e-03,5.215006835876876e-04
7600,13,-7.000000000000000e-03,-6.969178240379765e-03,-3.082175962023509e-05
7600,14,6.000000000000000e-03,5.735039719238049e-03,2.649602807619509e-04
7600,15,5.000000000000000e-03,4.809058552659483e-03,1.909414473405171e-04
7600,16,-4.000000000000000e-03,-3.904900392355073e-03,-9.509960764492740e-05
7600,17,3.500000000000000e-03,3.671220756157107e-03,-1.712207561571067e-04
7600,18,3.000000000000000e-03,2.600180775781433e-03,3.998192242185674e-04
7600,19,-2.500000000000000e-03,-2.580385181718854e-03,8.038518171885360e-05
7600,20,2.000000000000000e-03,2.218988925959672e-03,-2.189889259596716e-04
7600,21,1.800000000000000e-03,9.252067760383333e-04,8.747932239616666e-04
7600,22,-1.500000000000000e-03,-1.177182829076560e-03,-3.228171709234397e-04
7600,23,1.200000000000000e-03,9.224067189343722e-04,2.775932810656277e-04
7600,24,1.000000000000000e-03,8.073682628603895e-04,1.926317371396105e-04
7600,25,-8.000000000000000e-04,-9.123768413776090e-04,1.123768413776089e-04
7600,26,5.999999999999999e-04,5.205189608094190e-04,7.948103919058096e-05
7600,27,5.000000000000000e-04,2.935019476852749e-04,2.064980523147251e-04
7600,28,-4.000000000000000e-04,-1.548194185773214e-04,-2.451805814226786e-04
7600,29,3.000000000000000e-04,-9.095562727136506e-05,3.909556272713650e-04
7700,0,1.200000000000000e-01,1.116794938123582e-01,8.320506187641755e-03
7700,1,-8.000000000000000e-02,-7.446317231708982e-02,-5.536827682910181e-03
7700,2,5.500000000000000e-02,5.119835719526498e-02,3.801642804735016e-03
7700,3,4.000000000000000e-02,3.734425874067177e-02,2.655741259328236e-03
7700,4,-3.000000000000000e-02,-2.837611743345790e-02,-1.623882566542102e-03
7700,5,2.500000000000000e-02,2.383349707735309e-02,1.166502922646910e-03
7700,6,2.000000000000000e-02,1.844970589247410e-02,1.550294107525902e-03
7700,7,-1.800000000000000e-02,-1.682699052168206e-02,-1.173009478317943e-03
7700,8,1.500000000000000e-02,1.413166948234197e-02,8.683305176580298e-04
7700,9,1.200000000000000e-02,1.134818786910572e-02,6.518121308942831e-04
7700,10,-1.000000000000000e-02,-9.388858752710838e-03,-6.111412472891622e-04
7700,11,8.999999999999999e-03,8.564219279992546e-03,4.357807200074532e-04
7700,12,8.000000000000000e-03,7.491489630733383e-03,5.085103692666175e-04
7700,13,-7.000000000000000e-03,-6.925685049081288e-03,-7.431495091871250e-05
7700,14,6.000000000000000e-03,5.751379464036862e-03,2.486205359631382e-04
7700,15,5.000000000000000e-03,4.804491529050749e-03,1.955084709492514e-04
7700,16,-4.000000000000000e-03,-3.894709435908121e-03,-1.052905640918792e-04
7700,17,3.500000000000000e-03,3.691324832381065e-03,-1.913248323810648e-04
7700,18,3.000000000000000e-03,2.644809621491922e-03,3.551903785080782e-04
7700,19,-2.500000000000000e-03,-2.600395554468944e-03,1.003955544689444e-04
7700,20,2.000000000000000e-03,2.293109161480465e-03,-2.931091614804646e-04
7700,21,1.800000000000000e-03,9.557460033790156e-04,8.442539966209843e-04
7700,22,-1.500000000000000e-03,-1.148987558229093e-03,-3.510124417709067e-04
7700,23,1.200000000000000e-03,9.768266140187576e-04,2.231733859812423e-04
7700,24,1.000000000000000e-03,8.205818097343005e-04,1.794181902656996e-04
7700,25,-8.000000000000000e-04,-8.850946159370270e-04,8.509461593702694e-05
7700,26,5.999999999999999e-04,5.368314551451323e-04,6.316854485486766e-05
7700,27,5.000000000000000e-04,3.359370138899474e-04,1.640629861100526e-04
7700,28,-4.000000000000000e-04,-1.629864754488566e-04,-2.370135245511434e-04
7700,29,3.000000000000000e-04,-4.435824310594847e-05,3.443582431059485e-04
7800,0,1.200000000000000e-01,1.119743766189592e-01,8.025623381040764e-03
7800,1,-8.000000000000000e-02,-7.469670480856852e-02,-5.303295191431481e-03
7800,2,5.500000000000000e-02,5.132367291174267e-02,3.676327088257332e-03
7800,3,4.000000000000000e-02,3.742578579552191e-02,2.574214204478092e-03
7800,4,-3.000000000000000e-02,-2.851046993345681e-02,-1.489530066543187e-03
7800,5,2.500000000000000e-02,2.394671547293192e-02,1.053284527068085e-03
7800,6,2.000000000000000e-02,1.844153837694765e-02,1.558461623052346e-03
7800,7,-1.800000000000000e-02,-1.684252492981799e-02,-1.157475070182004e-03
7800,8,1.500000000000000e-02,1.414013363986500e-02,8.598663601350042e-04
7800,9,1.200000000000000e-02,1.133596799743074e-02,6.640320025692557e-04
7800,10,-1.000000000000000e-02,-9.347895136687110e-03,-6.521048633128905e-04
7800,11,8.999999999999999e-03,8.512817840711499e-03,4.871821592885000e-04
7800,12,8.000000000000000e-03,7.555178667988275e-03,4.448213320117252e-04
7800,13,-7.000000000000000e-03,-6.925290980729718e-03,-7.470901927028248e-05
7800,14,6.000000000000000e-03,5.719057189775416e-03,2.809428102245838e-04
7800,15,5.000000000000000e-03,4.839199938409861e-03,1.608000615901392e-04
7800,16,-4.000000000000000e-03,-3.908210082540693e-03,-9.178991745930742e-05
7800,17,3.500000000000000e-03,3.702590344879160e-03,-2.025903448791598e-04
7800,18,3.000000000000000e-03,2.601661809617731e-03,3.983381903822692e-04
7800,19,-2.500000000000000e-03,-2.537346268152961e-03,3.734626815296051e-05
7800,20,2.000000000000000e-03,2.228047652152898e-03,-2.280476521528975e-04
7800,21,1.800000000000000e-03,9.552869613316858e-04,8.447130386683142e-04
7800,22,-1.500000000000000e-03,-1.165104495912486e-03,-3.348955040875143e-04
7800,23,1.200000000000000e-03,1.005012131642834e-03,1.949878683571657e-04
7800,24,1.000000000000000e-03,7.909012925449639e-04,2.090987074550361e-04
7800,25,-8.000000000000000e-04,-8.828791951586795e-04,8.287919515867948e-05
7800,26,5.999999999999999e-04,5.754507346574225e-04,2.454926534257746e-05
7800,27,5.000000000000000e-04,2.761598858694779e-04,2.238401141305221e-04
7800,28,-4.000000000000000e-04,-1.677418501404365e-04,-2.322581498595635e-04
7800,29,3.000000000000000e-04,-2.167104169369631e-05,3.216710416936963e-04
7900,0,1.200000000000000e-01,1.123148147503091e-01,7.685185249690862e-03
7900,1,-8.000000000000000e-02,-7.495797249800544e-02,-5.042027501994562e-03
7900,2,5.500000000000000e-02,5.152704393105761e-02,3.472956068942393e-03
7900,3,4.000000000000000e-02,3.735496200540606e-02,2.645037994593938e-03
7900,4,-3.000000000000000e-02,-2.850223594914890e-02,-1.497764050851100e-03
7900,5,2.500000000000000e-02,2.396468343616819e-02,1.035316563831813e-03
7900,6,2.000000000000000e-02,1.843595253534197e-02,1.564047464658026e-03
7900,7,-1.800000000000000e-02,-1.679006920481505e-02,-1.209930795184951e-03
7900,8,1.500000000000000e-02,1.407708120788585e-02,9.229187921141521e-04
7900,9,1.200000000000000e-02,1.138806304523971e-02,6.119369547602921e-04
7900,10,-1.000000000000000e-02,-9.431928173386318e-03,-5.680718266136819e-04
7900,11,8.999999999999999e-03,8.554925616885346e-03,4.450743831146530e-04
7900,12,8.000000000000000e-03,7.554902597973338e-03,4.450974020266622e-04
7900,13,-7.000000000000000e-03,-6.936933009009304e-03,-6.306699099069626e-05
7900,14,6.000000000000000e-03,5.790896320976385e-03,2.091036790236147e-04
7900,15,5.000000000000000e-03,4.760148363532806e-03,2.398516364671942e-04
7900,16,-4.000000000000000e-03,-3.847427388060556e-03,-1.525726119394441e-04
7900,17,3.500000000000000e-03,3.625942013575403e-03,-1.259420135754034e-04
7900,18,3.000000000000000e-03,2.663361653382570e-03,3.366383466174299e-04
7900,19,-2.500000000000000e-03,-2.565379174605388e-03,6.537917460538783e-05
7900,20,2.000000000000000e-03,2.292687252132929e-03,-2.926872521329285e-04
7900,21,1.800000000000000e-03,9.278237723869516e-04,8.721762276130483e-04
7900,22,-1.500000000000000e-03,-1.126161392772110e-03,-3.738386072278902e-04
7900,23,1.200000000000000e-03,9.858811713339584e-04,2.141188286660415e-04
7900,24,1.000000000000000e-03,8.138984211645276e-04,1.861015788354724e-04
7900,25,-8.000000000000000e-04,-8.739042475902992e-04,7.390424759029914e-05
7900,26,5.999999999999999e-04,5.622945862636005e-04,3.770541373639949e-05
7900,27,5.000000000000000e-04,3.513209155528582e-04,1.486790844471419e-04
7900,28,-4.000000000000000e-04,-2.422424032248503e-04,-1.577575967751497e-04
7900,29,3.000000000000000e-04,3.915520714883374e-05,2.608447928511662e-04
8000,0,1.200000000000000e-01,1.125776843090307e-01,7.422315690969253e-03
8000,1,-8.000000000000000e-02,-7.508980037619380e-02,-4.910199623806205e-03
8000,2,5.500000000000000e-02,5.164665768423943e-02,3.353342315760573e-03
8000,3,4.000000000000000e-02,3.747715818727135e-02,2.522841812728646e-03
8000,4,-3.000000000000000e-02,-2.853986033794274e-02,-1.460139662057262e-03
8000,5,2.500000000000000e-02,2.401989610122147e-02,9.801038987785303e-04
8000,6,2.000000000000000e-02,1.851087303174818e-02,1.489126968251823e-03
8000,7,-1.800000000000000e-02,-1.684763861832962e-02,-1.152361381670380e-03
8000,8,1.500000000000000e-02,1.414676766399063e-02,8.532323360093703e-04
8000,9,1.200000000000000e-02,1.138429390463480e-02,6.157060953652007e-04
8000,10,-1.000000000000000e-02,-9.477906219250376e-03,-5.220937807496242e-04
8000,11,8.999999999999999e-03,8.608925797602640e-03,3.910742023973592e-04
8000,12,8.000000000000000e-03,7.564064814076726e-03,4.359351859232743e-04
8000,13,-7.000000000000000e-03,-6.923356465246054e-03,-7.664353475394636e-05
8000,14,6.000000000000000e-03,5.793756049468069e-03,2.062439505319310e-04
8000,15,5.000000000000000e-03,4.799573998956762e-03,2.004260010432376e-04
8000,16,-4.000000000000000e-03,-3.847299397289507e-03,-1.527006027104926e-04
8000,17,3.500000000000000e-03,3.669479537784283e-03,-1.694795377842825e-04
8000,18,3.000000000000000e-03,2.691045552319046e-03,3.089544476809541e-04
8000,19,-2.500000000000000e-03,-2.571381986337793e-03,7.138198633779283e-05
8000,20,2.000000000000000e-03,2.348294915626262e-03,-3.482949156262617e-04
8000,21,1.800000000000000e-03,9.208895336984406e-04,8.791104663015593e-04
8000,22,-1.500000000000000e-03,-1.098155799442915e-03,-4.018442005570850e-04
8000,23,1.200000000000000e-03,9.626909578192000e-04,2.373090421807999e-04
8000,24,1.000000000000000e-03,8.511646237282055e-04,1.488353762717945e-04
8000,25,-8.000000000000000e-04,-8.726103374914383e-04,7.261033749143830e-05
8000,26,5.999999999999999e-04,5.550537098657595e-04,4.494629013424044e-05
8000,27,5.000000000000000e-04,3.449874199067147e-04,1.550125800932853e-04
8000,28,-4.000000000000000e-04,-2.395757772838801e-04,-1.604242227161200e-04
8000,29,3.000000000000000e-04,6.232864672615278e-05,2.376713532738472e-04
8100,0,1.200000000000000e-01,1.127813505665888e-01,7.218649433411148e-03
8100,1,-8.000000000000000e-02,-7.520413039827463e-02,-4.795869601725372e-03
8100,2,5.500000000000000e-02,5.172823288678603e-02,3.271767113213968e-03
8100,3,4.000000000000000e-02,3.751233472147219e-02,2.487665278527812e-03
8100,4,-3.000000000000000e-02,-2.855043286470521e-02,-1.449567135294792e-03
8100,5,2.500000000000000e-02,2.400454338527907e-02,9.954566147209326e-04
8100,6,2.000000000000000e-02,1.853253110030204e-02,1.467468899697962e-03
8100,7,-1.800000000000000e-02,-1.686058248826030e-02,-1.139417511739699e-03
8100,8,1.500000000000000e-02,1.418465163728400e-02,8.153483627160035e-04
8100,9,1.200000000000000e-02,1.139578319315908e-02,6.042168068409216e-04
8100,10,-1.000000000000000e-02,-9.499373911188635e-03,-5.006260888113651e-04
8100,11,8.999999999999999e-03,8.681144183466759e-03,3.188558165332402e-04
8100,12,8.000000000000000e-03,7.531475739691655e-03,4.685242603083449e-04
8100,13,-7.000000000000000e-03,-6.909078210089784e-03,-9.092178991021611e-05
8100,14,6.000000000000000e-03,5.779227875207728e-03,2.207721247922722e-04
8100,15,5.000000000000000e-03,4.791662054163875e-03,2.083379458361250e-04
8100,16,-4.000000000000000e-03,-3.856177036651510e-03,-1.438229633484900e-04
8100,17,3.500000000000000e-03,3.668487896027600e-03,-1.684878960275995e-04
8100,18,3.000000000000000e-03,2.677988198835917e-03,3.220118011640831e-04
8100,19,-2.500000000000000e-03,-2.543415544017933e-03,4.341554401793247e-05
8100,20,2.000000000000000e-03,2.327264780692171e-03,-3.272647806921714e-04
8100,21,1.800000000000000e-03,9.034169584879101e-04,8.965830415120898e-04
8100,22,-1.500000000000000e-03,-1.051583159444221e-03,-4.484168405557789e-04
8100,23,1.200000000000000e-03,9.362549585137752e-04,2.637450414862247e-04
8100,24,1.000000000000000e-03,8.725609736684890e-04,1.274390263315110e-04
8100,25,-8.000000000000000e-04,-8.661266667009109e-04,6.612666670091085e-05
8100,26,5.999999999999999e-04,5.260757629531934e-04,7.392423704680651e-05
8100,27,5.000000000000000e-04,3.407445940785160e-04,1.592554059214840e-04
8100,28,-4.000000000000000e-04,-2.078404773295305e-04,-1.921595226704695e-04
8100,29,3.000000000000000e-04,6.065522010813978e-05,2.393447798918602e-04
8200,0,1.200000000000000e-01,1.129837075575887e-01,7.016292442411337e-03
8200,1,-8.000000000000000e-02,-7.529489656568628e-02,-4.705103434313726e-03
8200,2,5.500000000000000e-02,5.183841966889141e-02,3.161580331108589e-03
8200,3,4.000000000000000e-02,3.759127687951472e-02,2.408723120485276e-03
8200,4,-3.000000000000000e-02,-2.856470531759464e-02,-1.435294682405355e-03
8200,5,2.500000000000000e-02,2.403962074892056e-02,9.603792510794393e-04
8200,6,2.000000000000000e-02,1.860622913098363e-02,1.393770869016368e-03
8200,7,-1.800000000000000e-02,-1.689847919027366e-02,-1.101520809726343e-03
8200,8,1.500000000000000e-02,1.421886485307755e-02,7.811351469224539e-04
8200,9,1.200000000000000e-02,1.139651600897862e-02,6.034839910213762e-04
8200,10,-1.000000000000000e-02,-9.510876787577942e-03,-4.891232124220584e-04
8200,11,8.999999999999999e-03,8.681877335105203e-03,3.181226648947960e-04
8200,12,8.000000000000000e-03,7.535420717340985e-03,4.645792826590148e-04
8200,13,-7.000000000000000e-03,-6.891440350262491e-03,-1.085596497375088e-04
8200,14,6.000000000000000e-03,5.762469815622991e-03,2.375301843770090e-04
8200,15,5.000000000000000e-03,4.835274727477517e-03,1.647252725224830e-04
8200,16,-4.000000000000000e-03,-3.874683576908311e-03,-1.253164230916892e-04
8200,17,3.500000000000000e-03,3.677382162201058e-03,-1.773821622010575e-04
8200,18,3.000000000000000e-03,2.725254364188426e-03,2.747456358115742e-04
8200,19,-2.500000000000000e-03,-2.552724288145332e-03,5.272428814533190e-05
8200,20,2.000000000000000e-03,2.341521967758596e-03,-3.415219677585964e-04
8200,21,1.800000000000000e-03,9.452070988449399e-04,8.547929011550600e-04
8200,22,-1.500000000000000e-03,-1.064625081160242e-03,-4.353749188397583e-04
8200,23,1.200000000000000e-03,9.634605962605832e-04,2.365394037394167e-04
8200,24,1.000000000000000e-03,8.946806106366104e-04,1.053193893633896e-04
8200,25,-8.000000000000000e-04,-8.804091326255890e-04,8.040913262558893e-05
8200,26,5.999999999999999e-04,5.691074131825700e-04,3.089258681742996e-05
8200,27,5.000000000000000e-04,3.343552508621666e-04,1.656447491378334e-04
8200,28,-4.000000000000000e-04,-1.805279304430762e-04,-2.194720695569238e-04
8200,29,3.000000000000000e-04,7.792733027011936e-05,2.220726697298806e-04
8300,0,1.200000000000000e-01,1.132897953853576e-01,6.710204614642404e-03
8300,1,-8.000000000000000e-02,-7.552730313569869e-02,-4.472696864301309e-03
8300,2,5.500000000000000e-02,5.201367380427280e-02,2.986326195727203e-03
8300,3,4.000000000000000e-02,3.764089200630500e-02,2.359107993695000e-03
8300,4,-3.000000000000000e-02,-2.860660114519396e-02,-1.393398854806039e-03
8300,5,2.500000000000000e-02,2.406161074318929e-02,9.383892568107094e-04
8300,6,2.000000000000000e-02,1.865035595948925e-02,1.349644040510752e-03
8300,7,-1.800000000000000e-02,-1.699977423495099e-02,-1.000225765049004e-03
8300,8,1.500000000000000e-02,1.424662445191066e-02,7.533755480893436e-04
8300,9,1.200000000000000e-02,1.141901950172980e-02,5.809804982702046e-04
8300,10,-1.000000000000000e-02,-9.534807419567991e-03,-4.651925804320094e-04
8300,11,8.999999999999999e-03,8.671453503762239e-03,3.285464962377600e-04
8300,12,8.000000000000000e-03,7.560224113460849e-03,4.397758865391510e-04
8300,13,-7.000000000000000e-03,-6.917413491584573e-03,-8.258650841542689e-05
8300,14,6.000000000000000e-03,5.759023947449513e-03,2.409760525504869e-04
8300,15,5.000000000000000e-03,4.807294263949161e-03,1.927057360508388e-04
8300,16,-4.000000000000000e-03,-3.876338014172827e-03,-1.236619858271727e-04
8300,17,3.500000000000000e-03,3.655281020162494e-03,-1.552810201624938e-04
8300,18,3.000000000000000e-03,2.669202429564047e-03,3.307975704359527e-04
8300,19,-2.500000000000000e-03,-2.453410768892874e-03,-4.658923110712615e-05
8300,20,2.000000000000000e-03,2.241988620115575e-03,-2.419886201155750e-04
8300,21,1.800000000000000e-03,1.013997938957578e-03,7.860020610424220e-04
8300,22,-1.500000000000000e-03,-1.048200817282612e-03,-4.517991827173882e-04
8300,23,1.200000000000000e-03,9.148060980858274e-04,2.851939019141725e-04
8300,24,1.000000000000000e-03,9.731140928400108e-04,2.688590715998920e-05
8300,25,-8.000000000000000e-04,-9.199393896779698e-04,1.199393896779698e-04
8300,26,5.999999999999999e-04,5.849576619069089e-04,1.504233809309101e-05
8300,27,5.000000000000000e-04,3.185623727964800e-04,1.814376272035200e-04
8300,28,-4.000000000000000e-04,-2.101029407987121e-04,-1.898970592012880e-04
8300,29,3.000000000000000e-04,7.003167277343834e-05,2.299683272265616e-04
8400,0,1.200000000000000e-01,1.134514007202060e-01,6.548599279794023e-03
8400,1,-8.000000000000000e-02,-7.566457937666532e-02,-4.335420623334682e-03
8400,2,5.500000000000000e-02,5.208337841541311e-02,2.916621584586894e-03
8400,3,4.000000000000000e-02,3.773432967182920e-02,2.265670328170800e-03
8400,4,-3.000000000000000e-02,-2.867788527483854e-02,-1.322114725161454e-03
8400,5,2.500000000000000e-02,2.407070030026844e-02,9.292996997315658e-04
8400,6,2.000000000000000e-02,1.871780015660716e-02,1.282199843392843e-03
8400,7,-1.800000000000000e-02,-1.704137245267616e-02,-9.586275473238356e-04
8400,8,1.500000000000000e-02,1.425452097290651e-02,7.454790270934857e-04
8400,9,1.200000000000000e-02,1.143065078300207e-02,5.693492169979268e-04
8400,10,-1.000000000000000e-02,-9.535690523821633e-03,-4.643094761783671e-04
8400,11,8.999999999999999e-03,8.706556286874891e-03,2.934437131251084e-04
8400,12,8.000000000000000e-03,7.547495543900298e-03,4.525044560997026e-04
8400,13,-7.000000000000000e-03,-6.884896505832300e-03,-1.151034941676999e-04
8400,14,6.000000000000000e-03,5.777613550851880e-03,2.223864491481204e-04
8400,15,5.000000000000000e-03,4.811108679410080e-03,1.888913205899201e-04
8400,16,-4.000000000000000e-03,-3.855730215492597e-03,-1.442697845074033e-04
8400,17,3.500000000000000e-03,3.635940914546325e-03,-1.359409145463251e-04
8400,18,3.000000000000000e-03,2.695009386673220e-03,3.049906133267798e-04
8400,19,-2.500000000000000e-03,-2.425757682752533e-03,-7.424231724746742e-05
8400,20,2.000000000000000e-03,2.194908742701539e-03,-1.949087427015389e-04
8400,21,1.800000000000000e-03,1.072122345940790e-03,7.278776540592100e-04
8400,22,-1.500000000000000e-03,-1.048443584481400e-03,-4.515564155185997e-04
8400,23,1.200000000000000e-03,8.830906102265904e-04,3.169093897734095e-04
8400,24,1.000000000000000e-03,1.013126416109671e-03,-1.312641610967105e-05
8400,25,-8.000000000000000e-04,-9.044955323016211e-04,1.044955323016211e-04
8400,26,5.999999999999999e-04,5.414963989459014e-04,5.850360105409853e-05
8400,27,5.000000000000000e-04,3.698533506816884e-04,1.301466493183116e-04
8400,28,-4.000000000000000e-04,-2.466881047299635e-04,-1.533118952700365e-04
8400,29,3.000000000000000e-04,6.779350775912975e-05,2.322064922408702e-04
8500,0,1.200000000000000e-01,1.136539260813990e-01,6.346073918601036e-03
8500,1,-8.000000000000000e-02,-7.576706500676027e-02,-4.232934993239734e-03
8500,2,5.500000000000000e-02,5.219331875398451e-02,2.806681246015491e-03
8500,3,4.000000000000000e-02,3.777499253703932e-02,2.225007462960678e-03
8500,4,-3.000000000000000e-02,-2.867295773856744e-02,-1.327042261432564e-03
8500,5,2.500000000000000e-02,2.407705330514995e-02,9.229466948500534e-04
8500,6,2.000000000000000e-02,1.872460590949346e-02,1.275394090506542e-03
8500,7,-1.800000000000000e-02,-1.708321939606674e-02,-9.167806039332600e-04
8500,8,1.500000000000000e-02,1.425904015844368e-02,7.409598415563171e-04
8500,9,1.200000000000000e-02,1.141844295183632e-02,5.815570481636795e-04
8500,10,-1.000000000000000e-02,-9.529361526465510e-03,-4.706384735344901e-04
8500,11,8.999999999999999e-03,8.653279150437704e-03,3.467208495622955e-04
8500,12,8.000000000000000e-03,7.600448781884563e-03,3.995512181154369e-04
8500,13,-7.000000000000000e-03,-6.923555791828442e-03,-7.644420817155828e-05
8500,14,6.000000000000000e-03,5.772099353671511e-03,2.279006463284895e-04
8500,15,5.000000000000000e-03,4.790499162658695e-03,2.095008373413053e-04
8500,16,-4.000000000000000e-03,-3.875472415593302e-03,-1.245275844066977e-04
8500,17,3.500000000000000e-03,3.620033173901842e-03,-1.200331739018420e-04
8500,18,3.000000000000000e-03,2.688880177108942e-03,3.111198228910577e-04
8500,19,-2.500000000000000e-03,-2.422785492351885e-03,-7.721450764811531e-05
8500,20,2.000000000000000e-03,2.199487013461687e-03,-1.994870134616866e-04
8500,21,1.800000000000000e-03,1.072677379732160e-03,7.273226202678404e-04
8500,22,-1.500000000000000e-03,-1.034242261246091e-03,-4.657577387539088e-04
8500,23,1.200000000000000e-03,8.934211095844020e-04,3.065788904155979e-04
8500,24,1.000000000000000e-03,1.029382132613711e-03,-2.938213261371070e-05
8500,25,-8.000000000000000e-04,-8.985688303869486e-04,9.856883038694860e-05
8500,26,5.999999999999999e-04,5.651660455282144e-04,3.483395447178553e-05
8500,27,5.000000000000000e-04,3.859332909933508e-04,1.140667090066492e-04
8500,28,-4.000000000000000e-04,-2.243309647951930e-04,-1.756690352048070e-04
8500,29,3.000000000000000e-04,9.037068213626774e-05,2.096293178637322e-04
8600,0,1.200000000000000e-01,1.138794388769568e-01,6.120561123043156e-03
8600,1,-8.000000000000000e-02,-7.591382370719366e-02,-4.086176292806346e-03
8600,2,5.500000000000000e-02,5.228063008885686e-02,2.719369911143139e-03
8600,3,4.000000000000000e-02,3.786274802884189e-02,2.137251971158112e-03
8600,4,-3.000000000000000e-02,-2.875583149704543e-02,-1.244168502954571e-03
8600,5,2.500000000000000e-02,2.413734111058308e-02,8.626588894169208e-04
8600,6,2.000000000000000e-02,1.877315906864850e-02,1.226840931351503e-03
8600,7,-1.800000000000000e-02,-1.715447439164323e-02,-8.455256083567675e-04
8600,8,1.500000000000000e-02,1.432876702138656e-02,6.712329786134428e-04
8600,9,1.200000000000000e-02,1.144090652286962e-02,5.590934771303770e-04
8600,10,-1.000000000000000e-02,-9.546542349354642e-03,-4.534576506453579e-04
8600,11,8.999999999999999e-03,8.650077779834429e-03,3.499222201655706e-04
8600,12,8.000000000000000e-03,7.635652317826027e-03,3.643476821739728e-04
8600,13,-7.000000000000000e-03,-6.949531951837192e-03,-5.046804816280850e-05
8600,14,6.000000000000000e-03,5.751758067810120e-03,2.482419321898806e-04
8600,15,5.000000000000000e-03,4.851803936401731e-03,1.481960635982688e-04
8600,16,-4.000000000000000e-03,-3.904110048147091e-03,-9.588995185290860e-05
8600,17,3.500000000000000e-03,3.598888580660835e-03,-9.888858066083462e-05
8600,18,3.000000000000000e-03,2.740671950194510e-03,2.593280498054897e-04
8600,19,-2.500000000000000e-03,-2.445498562875667e-03,-5.450143712433303e-05
8600,20,2.000000000000000e-03,2.171998197413522e-03,-1.719981974135222e-04
8600,21,1.800000000000000e-03,1.145298797049319e-03,6.547012029506807e-04
8600,22,-1.500000000000000e-03,-1.087386938810568e-03,-4.126130611894316e-04
8600,23,1.200000000000000e-03,8.978280618934542e-04,3.021719381065457e-04
8600,24,1.000000000000000e-03,1.059876780542410e-03,-5.987678054240994e-05
8600,25,-8.000000000000000e-04,-8.863669426358707e-04,8.636694263587067e-05
8600,26,5.999999999999999e-04,5.294784561626483e-04,7.052154383735160e-05
8600,27,5.000000000000000e-04,4.290268594913522e-04,7.097314050864785e-05
8600,28,-4.000000000000000e-04,-2.639523958362942e-04,-1.360476041637059e-04
8600,29,3.000000000000000e-04,1.082684144151587e-04,1.917315855848413e-04
8700,0,1.200000000000000e-01,1.140886142586094e-01,5.911385741390607e-03
8700,1,-8.000000000000000e-02,-7.605588413274914e-02,-3.944115867250866e-03
8700,2,5.500000000000000e-02,5.238844141621261e-02,2.611558583787386e-03
8700,3,4.000000000000000e-02,3.793042850643506e-02,2.069571493564938e-03
8700,4,-3.000000000000000e-02,-2.878618626159719e-02,-1.213813738402812e-03
8700,5,2.500000000000000e-02,2.415702074123675e-02,8.429792587632545e-04
8700,6,2.000000000000000e-02,1.883654636893903e-02,1.163453631060969e-03
8700,7,-1.800000000000000e-02,-1.721076918236935e-02,-7.892308176306491e-04
8700,8,1.500000000000000e-02,1.434226309262729e-02,6.577369073727055e-04
8700,9,1.200000000000000e-02,1.145865777684727e-02,5.413422231527309e-04
8700,10,-1.000000000000000e-02,-9.586734133236945e-03,-4.132658667630549e-04
8700,11,8.999999999999999e-03,8.665506505780917e-03,3.344934942190823e-04
8700,12,8.000000000000000e-03,7.627401371003048e-03,3.725986289969518e-04
8700,13,-7.000000000000000e-03,-6.960810734816951e-03,-3.918926518304937e-05
8700,14,6.000000000000000e-03,5.751168829938915e-03,2.488311700610856e-04
8700,15,5.000000000000000e-03,4.848064604661534e-03,1.519353953384666e-04
8700,16,-4.000000000000000e-03,-3.948871637764370e-03,-5.112836223563049e-05
8700,17,3.500000000000000e-03,3.659659359602164e-03,-1.596593596021639e-04
8700,18,3.000000000000000e-03,2.685484842653617e-03,3.145151573463833e-04
8700,19,-2.500000000000000e-03,-2.428538111832475e-03,-7.146188816752530e-05
8700,20,2.000000000000000e-03,2.114323622039184e-03,-1.143236220391840e-04
8700,21,1.800000000000000e-03,1.161245665296598e-03,6.387543347034020e-04
8700,22,-1.500000000000000e-03,-1.094851124739792e-03,-4.051488752602082e-04
8700,23,1.200000000000000e-03,8.934789496234928e-04,3.065210503765071e-04
8700,24,1.000000000000000e-03,1.038184519997423e-03,-3.818451999742308e-05
8700,25,-8.000000000000000e-04,-8.660111374373265e-04,6.601113743732643e-05
8700,26,5.999999999999999e-04,4.941640966480495e-04,1.058359033519504e-04
8700,27,5.000000000000000e-04,4.703231139387024e-04,2.967688606129759e-05
8700,28,-4.000000000000000e-04,-2.766818183438487e-04,-1.233181816561513e-04
8700,29,3.000000000000000e-04,1.058151362149367e-04,1.941848637850632e-04
8800,0,1.200000000000000e-01,1.142643290544642e-01,5.735670945535828e-03
8800,1,-8.000000000000000e-02,-7.615949475940074e-02,-3.840505240599257e-03
8800,2,5.500000000000000e-02,5.247240943115505e-02,2.527590568844947e-03
8800,3,4.000000000000000e-02,3.799046092907755e-02,2.009539070922453e-03
8800,4,-3.000000000000000e-02,-2.881441570675894e-02,-1.185584293241060e-03
8800,5,2.500000000000000e-02,2.419512746437046e-02,8.048725356295423e-04
8800,6,2.000000000000000e-02,1.887146275276438e-02,1.128537247235623e-03
8800,7,-1.800000000000000e-02,-1.716964332683900e-02,-8.303566731610035e-04
8800,8,1.500000000000000e-02,1.432724405174333e-02,6.727559482566717e-04
8800,9,1.200000000000000e-02,1.148429020926797e-02,5.157097907320281e-04
8800,10,-1.000000000000000e-02,-9.579558943098643e-03,-4.204410569013575e-04
8800,11,8.999999999999999e-03,8.649741977900008e-03,3.502580220999911e-04
8800,12,8.000000000000000e-03,7.644632241616245e-03,3.553677583837548e-04
8800,13,-7.000000000000000e-03,-6.936914700739909e-03,-6.308529926009072e-05
8800,14,6.000000000000000e-03,5.737758784912971e-03,2.622412150870288e-04
8800,15,5.000000000000000e-03,4.860401571408781e-03,1.395984285912193e-04
8800,16,-4.000000000000000e-03,-3.950397215916245e-03,-4.960278408375554e-05
8800,17,3.500000000000000e-03,3.625910329007984e-03,-1.259103290079840e-04
8800,18,3.000000000000000e-03,2.741373038069360e-03,2.586269619306403e-04
8800,19,-2.500000000000000e-03,-2.438493443380975e-03,-6.150655661902498e-05
8800,20,2.000000000000000e-03,2.100660650425003e-03,-1.006606504250027e-04
8800,21,1.800000000000000e-03,1.184875283832595e-03,6.151247161674050e-04
8800,22,-1.500000000000000e-03,-1.114959636588144e-03,-3.850403634118565e-04
8800,23,1.200000000000000e-03,8.927995470829000e-04,3.072004529170999e-04
8800,24,1.000000000000000e-03,9.991684709852952e-04,8.315290147048373e-07
8800,25,-8.000000000000000e-04,-8.278310297810974e-04,2.783102978109737e-05
8800,26,5.999999999999999e-04,4.816573637109495e-04,1.183426362890505e-04
8800,27,5.000000000000000e-04,4.396386812966372e-04,6.036131870336279e-05
8800,28,-4.000000000000000e-04,-2.717655009170354e-04,-1.282344990829646e-04
8800,29,3.000000000000000e-04,8.939308076862286e-05,2.106069192313771e-04
8900,0,1.200000000000000e-01,1.144305456266251e-01,5.569454373374860e-03
8900,1,-8.000000000000000e-02,-7.627090028142408e-02,-3.729099718575921e-03
8900,2,5.500000000000000e-02,5.255876970616382e-02,2.441230293836180e-03
8900,3,4.000000000000000e-02,3.806695647761661e-02,1.933043522383389e-03
8900,4,-3.000000000000000e-02,-2.883171134887014e-02,-1.168288651129855e-03
8900,5,2.500000000000000e-02,2.418124131582368e-02,8.187586841763260e-04
8900,6,2.000000000000000e-02,1.896391459202464e-02,1.036085407975361e-03
8900,7,-1.800000000000000e-02,-1.716160362430548e-02,-8.383963756945223e-04
8900,8,1.500000000000000e-02,1.431301025327069e-02,6.869897467293128e-04
8900,9,1.200000000000000e-02,1.153011730617388e-02,4.698826938261211e-04
8900,10,-1.000000000000000e-02,-9.592038947918076e-03,-4.079610520819239e-04
8900,11,8.999999999999999e-03,8.649725986727237e-03,3.502740132727625e-04
8900,12,8.000000000000000e-03,7.645430986983829e-03,3.545690130161714e-04
8900,13,-7.000000000000000e-03,-6.959786868041089e-03,-4.021313195891156e-05
8900,14,6.000000000000000e-03,5.757786460230260e-03,2.422135397697400e-04
8900,15,5.000000000000000e-03,4.848658869285365e-03,1.513411307146354e-04
8900,16,-4.000000000000000e-03,-3.994845991208283e-03,-5.154008791716756e-06
8900,17,3.500000000000000e-03,3.647738828227836e-03,-1.477388282278363e-04
8900,18,3.000000000000000e-03,2.728563945633410e-03,2.714360543665901e-04
8900,19,-2.500000000000000e-03,-2.464178994916159e-03,-3.582100508384058e-05
8900,20,2.000000000000000e-03,2.084645785407976e-03,-8.464578540797645e-05
8900,21,1.800000000000000e-03,1.231120341507880e-03,5.688796584921204e-04
8900,22,-1.500000000000000e-03,-1.162982240786133e-03,-3.370177592138671e-04
8900,23,1.200000000000000e-03,8.807611794522065e-04,3.192388205477933e-04
8900,24,1.000000000000000e-03,1.022790858556474e-03,-2.279085855647392e-05
8900,25,-8.000000000000000e-04,-8.501908842288174e-04,5.019088422881731e-05
8900,26,5.999999999999999e-04,4.534286234773603e-04,1.465713765226396e-04
8900,27,5.000000000000000e-04,4.517022928015543e-04,4.829770719844573e-05
8900,28,-4.000000000000000e-04,-2.467757497161184e-04,-1.532242502838817e-04
8900,29,3.000000000000000e-04,5.241237889728535e-05,2.475876211027146e-04
9000,0,1.200000000000000e-01,1.146000340377363e-01,5.399965962263720e-03
9000,1,-8.000000000000000e-02,-7.636126635005179e-02,-3.638733649948211e-03
9000,2,5.500000000000000e-02,5.262946476781905e-02,2.370535232180948e-03
9000,3,4.000000000000000e-02,3.814387993272733e-02,1.856120067272669e-03
9000,4,-3.000000000000000e-02,-2.888719219776938e-02,-1.112807802230616e-03
9000,5,2.500000000000000e-02,2.424559588189053e-02,7.544041181094668e-04
9000,6,2.000000000000000e-02,1.896288083252152e-02,1.037119167478482e-03
9000,7,-1.800000000000000e-02,-1.717674504324143e-02,-8.232549567585637e-04
9000,8,1.500000000000000e-02,1.432626084594917e-02,6.737391540508272e-04
9000,9,1.200000000000000e-02,1.155148140766706e-02,4.485185923329450e-04
9000,10,-1.000000000000000e-02,-9.607160660363337e-03,-3.928393396366633e-04
9000,11,8.999999999999999e-03,8.666512080038420e-03,3.334879199615795e-04
9000,12,8.000000000000000e-03,7.679734018526244e-03,3.202659814737566e-04
9000,13,-7.000000000000000e-03,-6.990953891818479e-03,-9.046108181521434e-06
9000,14,6.000000000000000e-03,5.797749794768871e-03,2.022502052311291e-04
9000,15,5.000000000000000e-03,4.827781481918543e-03,1.722185180814571e-04
9000,16,-4.000000000000000e-03,-4.017399507483880e-03,1.739950748387998e-05
9000,17,3.500000000000000e-03,3.648378559404139e-03,-1.483785594041387e-04
9000,18,3.000000000000000e-03,2.731067641284016e-03,2.689323587159844e-04
9000,19,-2.500000000000000e-03,-2.499044177110377e-03,-9.558228896231619e-07
9000,20,2.000000000000000e-03,2.114396466284858e-03,-1.143964662848581e-04
9000,21,1.800000000000000e-03,1.235181622855892e-03,5.648183771441077e-04
9000,22,-1.500000000000000e-03,-1.182429775261234e-03,-3.175702247387659e-04
9000,23,1.200000000000000e-03,9.371448352765064e-04,2.628551647234935e-04
9000,24,1.000000000000000e-03,1.009566782824481e-03,-9.566782824481368e-06
9000,25,-8.000000000000000e-04,-8.401903405290126e-04,4.019034052901260e-05
9000,26,5.999999999999999e-04,4.962306659441839e-04,1.037693340558161e-04
9000,27,5.000000000000000e-04,4.473467721986387e-04,5.265322780136127e-05
9000,28,-4.000000000000000e-04,-2.549340762141770e-04,-1.450659237858230e-04
9000,29,3.000000000000000e-04,6.263310671745751e-05,2.373668932825425e-04
9100,0,1.200000000000000e-01,1.147542880760614e-01,5.245711923938592e-03
9100,1,-8.000000000000000e-02,-7.645908721338009e-02,-3.540912786619915e-03
9100,2,5.500000000000000e-02,5.268131869467976e-02,2.318681305320237e-03
9100,3,4.000000000000000e-02,3.820264475302352e-02,1.797355246976481e-03
9100,4,-3.000000000000000e-02,-2.891055052590126e-02,-1.089449474098739e-03
9100,5,2.500000000000000e-02,2.425916825754363e-02,7.408317424563715e-04
9100,6,2.000000000000000e-02,1.895368416922301e-02,1.046315830776995e-03
9100,7,-1.800000000000000e-02,-1.718272960486594e-02,-8.172703951340558e-04
9100,8,1.500000000000000e-02,1.436781795888616e-02,6.321820411138383e-04
9100,9,1.200000000000000e-02,1.151058256418119e-02,4.894174358188088e-04
9100,10,-1.000000000000000e-02,-9.608797899477783e-03,-3.912021005222175e-04
9100,11,8.999999999999999e-03,8.696141000421164e-03,3.038589995788352e-04
9100,12,8.000000000000000e-03,7.668326104020787e-03,3.316738959792129e-04
9100,13,-7.000000000000000e-03,-6.961090613593121e-03,-3.890938640687888e-05
9100,14,6.000000000000000e-03,5.764116998186664e-03,2.358830018133360e-04
9100,15,5.000000000000000e-03,4.855442107848633e-03,1.445578921513676e-04
9100,16,-4.000000000000000e-03,-4.009927306661644e-03,9.927306661643848e-06
9100,17,3.500000000000000e-03,3.607584026828144e-03,-1.075840268281443e-04
9100,18,3.000000000000000e-03,2.767201842613280e-03,2.327981573867197e-04
9100,19,-2.500000000000000e-03,-2.527640139653521e-03,2.764013965352117e-05
9100,20,2.000000000000000e-03,2.142458383973518e-03,-1.424583839735177e-04
9100,21,1.800000000000000e-03,1.240725421831971e-03,5.592745781680289e-04
9100,22,-1.500000000000000e-03,-1.203552308260986e-03,-2.964476917390138e-04
9100,23,1.200000000000000e-03,9.633219189556847e-04,2.366780810443152e-04
9100,24,1.000000000000000e-03,1.025124881830869e-03,-2.512488183086881e-05
9100,25,-8.000000000000000e-04,-8.586416319788774e-04,5.864163197887733e-05
9100,26,5.999999999999999e-04,5.095428828366150e-04,9.045711716338496e-05
9100,27,5.000000000000000e-04,4.721970156534712e-04,2.780298434652882e-05
9100,28,-4.000000000000000e-04,-2.662030950903486e-04,-1.337969049096514e-04
9100,29,3.000000000000000e-04,8.285473105937549e-05,2.171452689406245e-04
9200,0,1.200000000000000e-01,1.149035249037398e-01,5.096475096260239e-03
9200,1,-8.000000000000000e-02,-7.652805795577269e-02,-3.471942044227308e-03
9200,2,5.500000000000000e-02,5.276839547745928e-02,2.231604522540724e-03
9200,3,4.000000000000000e-02,3.822758782264780e-02,1.772412177352203e-03
9200,4,-3.000000000000000e-02,-2.889722232887674e-02,-1.102777671123257e-03
9200,5,2.500000000000000e-02,2.428311544728926e-02,7.168845527107462e-04
9200,6,2.000000000000000e-02,1.898140268825834e-02,1.018597311741663e-03
9200,7,-1.800000000000000e-02,-1.721176886652158e-02,-7.882311334784196e-04
9200,8,1.500000000000000e-02,1.437995027162009e-02,6.200497283799112e-04
9200,9,1.200000000000000e-02,1.148040938771369e-02,5.195906122863105e-04
9200,10,-1.000000000000000e-02,-9.605849795135252e-03,-3.941502048647478e-04
9200,11,8.999999999999999e-03,8.702717267358207e-03,2.972827326417921e-04
9200,12,8.000000000000000e-03,7.626319739990630e-03,3.736802600093703e-04
9200,13,-7.000000000000000e-03,-6.931697013155968e-03,-6.830298684403196e-05
9200,14,6.000000000000000e-03,5.729494342091362e-03,2.705056579086380e-04
9200,15,5.000000000000000e-03,4.876876623337114e-03,1.231233766628859e-04
9200,16,-4.000000000000000e-03,-4.014834704521325e-03,1.483470452132499e-05
9200,17,3.500000000000000e-03,3.622793002854971e-03,-1.227930028549710e-04
9200,18,3.000000000000000e-03,2.769767306491598e-03,2.302326935084021e-04
9200,19,-2.500000000000000e-03,-2.520442732194243e-03,2.044273219424303e-05
9200,20,2.000000000000000e-03,2.131047297618298e-03,-1.310472976182981e-04
9200,21,1.800000000000000e-03,1.238326488472370e-03,5.616735115276301e-04
9200,22,-1.500000000000000e-03,-1.197590850805795e-03,-3.024091491942050e-04
9200,23,1.200000000000000e-03,9.307398372025231e-04,2.692601627974768e-04
9200,24,1.000000000000000e-03,1.018643387334196e-03,-1.864338733419645e-05
9200,25,-8.000000000000000e-04,-8.816607558016189e-04,8.166075580161888e-05
9200,26,5.999999999999999e-04,5.066326379729496e-04,9.336736202705039e-05
9200,27,5.000000000000000e-04,4.536537425703295e-04,4.634625742967052e-05
9200,28,-4.000000000000000e-04,-2.627669533193975e-04,-1.372330466806025e-04
9200,29,3.000000000000000e-04,7.376681810013685e-05,2.262331818998631e-04
9300,0,1.200000000000000e-01,1.150440224415514e-01,4.955977558448593e-03
9300,1,-8.000000000000000e-02,-7.664285450463976e-02,-3.357145495360245e-03
9300,2,5.500000000000000e-02,5.281087357399524e-02,2.189126426004759e-03
9300,3,4.000000000000000e-02,3.830676468264199e-02,1.693235317358009e-03
9300,4,-3.000000000000000e-02,-2.895059676739863e-02,-1.049403232601373e-03
9300,5,2.500000000000000e-02,2.428356868765581e-02,7.164313123441887e-04
9300,6,2.000000000000000e-02,1.899744391034097e-02,1.002556089659032e-03
9300,7,-1.800000000000000e-02,-1.722062510298525e-02,-7.793748970147500e-04
9300,8,1.500000000000000e-02,1.436232799945524e-02,6.376720005447575e-04
9300,9,1.200000000000000e-02,1.148945369564726e-02,5.105463043527363e-04
9300,10,-1.000000000000000e-02,-9.610446722986063e-03,-3.895532770139369e-04
9300,11,8.999999999999999e-03,8.719814531780869e-03,2.801854682191306e-04
9300,12,8.000000000000000e-03,7.601089179067167e-03,3.989108209328336e-04
9300,13,-7.000000000000000e-03,-6.911571308453261e-03,-8.842869154673891e-05
9300,14,6.000000000000000e-03,5.738806965736584e-03,2.611930342634157e-04
9300,15,5.000000000000000e-03,4.884010222377962e-03,1.159897776220383e-04
9300,16,-4.000000000000000e-03,-3.996450429936536e-03,-3.549570063464576e-06
9300,17,3.500000000000000e-03,3.609334315220554e-03,-1.093343152205536e-04
9300,18,3.000000000000000e-03,2.746018309480274e-03,2.539816905197264e-04
9300,19,-2.500000000000000e-03,-2.509759613121308e-03,9.759613121307874e-06
9300,20,2.000000000000000e-03,2.133843945059647e-03,-1.338439450596467e-04
9300,21,1.800000000000000e-03,1.222552438305873e-03,5.774475616941270e-04
9300,22,-1.500000000000000e-03,-1.194073510826428e-03,-3.059264891735721e-04
9300,23,1.200000000000000e-03,9.043799477575656e-04,2.956200522424342e-04
9300,24,1.000000000000000e-03,1.006848274163212e-03,-6.848274163212152e-06
9300,25,-8.000000000000000e-04,-8.698317287076380e-04,6.983172870763798e-05
9300,26,5.999999999999999e-04,5.156337274819931e-04,8.436627251800686e-05
9300,27,5.000000000000000e-04,4.252170526177475e-04,7.478294738225253e-05
9300,28,-4.000000000000000e-04,-2.169887926538142e-04,-1.830112073461859e-04
9300,29,3.000000000000000e-04,6.094175108561188e-05,2.390582489143881e-04
9400,0,1.200000000000000e-01,1.152658930726336e-01,4.734106927366408e-03
9400,1,-8.000000000000000e-02,-7.678626038097701e-02,-3.213739619022993e-03
9400,2,5.500000000000000e-02,5.291327468658346e-02,2.086725313416540e-03
9400,3,4.000000000000000e-02,3.836585756142293e-02,1.634142438577069e-03
9400,4,-3.000000000000000e-02,-2.898108814074016e-02,-1.018911859259834e-03
9400,5,2.500000000000000e-02,2.433646740014908e-02,6.635325998509203e-04
9400,6,2.000000000000000e-02,1.902669555475579e-02,9.733044452442108e-04
9400,7,-1.800000000000000e-02,-1.722061784298146e-02,-7.793821570185357e-04
9400,8,1.500000000000000e-02,1.438931730831572e-02,6.106826916842806e-04
9400,9,1.200000000000000e-02,1.156751257220814e-02,4.324874277918597e-04
9400,10,-1.000000000000000e-02,-9.662371713389210e-03,-3.376282866107902e-04
9400,11,8.999999999999999e-03,8.782309350119375e-03,2.176906498806246e-04
9400,12,8.000000000000000e-03,7.635901218454703e-03,3.640987815452974e-04
9400,13,-7.000000000000000e-03,-6.940118215291478e-03,-5.988178470852246e-05
9400,14,6.000000000000000e-03,5.815302458597556e-03,1.846975414024439e-04
9400,15,5.000000000000000e-03,4.885539471194914e-03,1.144605288050859e-04
9400,16,-4.000000000000000e-03,-4.014140875276737e-03,1.414087527673667e-05
9400,17,3.500000000000000e-03,3.655075335764902e-03,-1.550753357649022e-04
9400,18,3.000000000000000e-03,2.773851331431072e-03,2.261486685689283e-04
9400,19,-2.500000000000000e-03,-2.541027525226146e-03,4.102752522614547e-05
9400,20,2.000000000000000e-03,2.172562028055389e-03,-1.725620280553894e-04
9400,21,1.800000000000000e-03,1.218864934708233e-03,5.811350652917668e-04
9400,22,-1.500000000000000e-03,-1.201757365549683e-03,-2.982426344503174e-04
9400,23,1.200000000000000e-03,9.402617312389050e-04,2.597382687610949e-04
9400,24,1.000000000000000e-03,9.895551373082690e-04,1.044486269173106e-05
9400,25,-8.000000000000000e-04,-8.788590137864368e-04,7.885901378643675e-05
9400,26,5.999999999999999e-04,5.414346050400277e-04,5.856539495997229e-05
9400,27,5.000000000000000e-04,4.162327285517722e-04,8.376727144822783e-05
9400,28,-4.000000000000000e-04,-2.475402172241026e-04,-1.524597827758974e-04
9400,29,3.000000000000000e-04,1.002442895028249e-04,1.997557104971751e-04
9500,0,1.200000000000000e-01,1.154294819911902e-01,4.570518008809796e-03
9500,1,-8.000000000000000e-02,-7.690354858430516e-02,-3.096451415694840e-03
9500,2,5.500000000000000e-02,5.296844433883716e-02,2.031555661162844e-03
9500,3,4.000000000000000e-02,3.840748158209678e-02,1.592518417903220e-03
9500,4,-3.000000000000000e-02,-2.901176883110594e-02,-9.882311688940611e-04
9500,5,2.500000000000000e-02,2.436953120543692e-02,6.304687945630841e-04
9500,6,2.000000000000000e-02,1.902169762111820e-02,9.783023788818013e-04
9500,7,-1.800000000000000e-02,-1.722790876241154e-02,-7.720912375884549e-04
9500,8,1.500000000000000e-02,1.442440948326028e-02,5.755905167397230e-04
9500,9,1.200000000000000e-02,1.158658178193337e-02,4.134182180666329e-04
9500,10,-1.000000000000000e-02,-9.685360219398953e-03,-3.146397806010476e-04
9500,11,8.999999999999999e-03,8.795084427958849e-03,2.049155720411505e-04
9500,12,8.000000000000000e-03,7.635567747689304e-03,3.644322523106962e-04
9500,13,-7.000000000000000e-03,-6.916909156567404e-03,-8.309084343259641e-05
9500,14,6.000000000000000e-03,5.791037293086399e-03,2.089627069136015e-04
9500,15,5.000000000000000e-03,4.871811007200920e-03,1.281889927990804e-04
9500,16,-4.000000000000000e-03,-4.002537028688699e-03,2.537028688699358e-06
9500,17,3.500000000000000e-03,3.649852620661181e-03,-1.498526206611807e-04
9500,18,3.000000000000000e-03,2.792378942680962e-03,2.076210573190383e-04
9500,19,-2.500000000000000e-03,-2.582778899339247e-03,8.277889933924710e-05
9500,20,2.000000000000000e-03,2.182897651759108e-03,-1.828976517591076e-04
9500,21,1.800000000000000e-03,1.236507503779769e-03,5.634924962202306e-04
9500,22,-1.500000000000000e-03,-1.223722729143077e-03,-2.762772708569229e-04
9500,23,1.200000000000000e-03,9.297297891314928e-04,2.702702108685071e-04
9500,24,1.000000000000000e-03,9.782472590968297e-04,2.175274090317030e-05
9500,25,-8.000000000000000e-04,-8.954454627206744e-04,9.544546272067438e-05
9500,26,5.999999999999999e-04,5.562690715213980e-04,4.373092847860191e-05
9500,27,5.000000000000000e-04,4.185285211259420e-04,8.147147887405798e-05
9500,28,-4.000000000000000e-04,-3.028930903749843e-04,-9.710690962501573e-05
9500,29,3.000000000000000e-04,1.376663309123421e-04,1.623336690876579e-04
9600,0,1.200000000000000e-01,1.155775909017335e-01,4.422409098266480e-03
9600,1,-8.000000000000000e-02,-7.699661104677821e-02,-3.003388953221789e-03
9600,2,5.500000000000000e-02,5.303079161375158e-02,1.969208386248422e-03
9600,3,4.000000000000000e-02,3.848040794632054e-02,1.519592053679457e-03
9600,4,-3.000000000000000e-02,-2.904553362562651e-02,-9.544663743734881e-04
9600,5,2.500000000000000e-02,2.439777891907154e-02,6.022210809284653e-04
9600,6,2.000000000000000e-02,1.906319276003504e-02,9.368072399649555e-04
9600,7,-1.800000000000000e-02,-1.725789889096791e-02,-7.421011090320874e-04
9600,8,1.500000000000000e-02,1.444830145729054e-02,5.516985427094622e-04
9600,9,1.200000000000000e-02,1.162700168131090e-02,3.729983186890953e-04
9600,10,-1.000000000000000e-02,-9.709525832777904e-03,-2.904741672220962e-04
9600,11,8.999999999999999e-03,8.816299726704519e-03,1.837002732954802e-04
9600,12,8.000000000000000e-03,7.648389585743192e-03,3.516104142568081e-04
9600,13,-7.000000000000000e-03,-6.907706187192593e-03,-9.229381280740669e-05
9600,14,6.000000000000000e-03,5.822360171354887e-03,1.776398286451129e-04
9600,15,5.000000000000000e-03,4.862345421989706e-03,1.376545780102942e-04
9600,16,-4.000000000000000e-03,-3.994283798618513e-03,-5.716201381487235e-06
9600,17,3.500000000000000e-03,3.656409900722880e-03,-1.564099007228801e-04
9600,18,3.000000000000000e-03,2.797627139838280e-03,2.023728601617198e-04
9600,19,-2.500000000000000e-03,-2.570085091761903e-03,7.008509176190288e-05
9600,20,2.000000000000000e-03,2.182732009411085e-03,-1.827320094110853e-04
9600,21,1.800000000000000e-03,1.251243797974332e-03,5.487562020256682e-04
9600,22,-1.500000000000000e-03,-1.244907416548010e-03,-2.550925834519902e-04
9600,23,1.200000000000000e-03,9.749661692880749e-04,2.250338307119249e-04
9600,24,1.000000000000000e-03,9.626697654173532e-04,3.733023458264684e-05
9600,25,-8.000000000000000e-04,-8.781466498309124e-04,7.814664983091235e-05
9600,26,5.999999999999999e-04,5.864350925403436e-04,1.356490745965634e-05
9600,27,5.000000000000000e-04,4.008193451435126e-04,9.918065485648738e-05
9600,28,-4.000000000000000e-04,-2.975815755628381e-04,-1.024184244371620e-04
9600,29,3.000000000000000e-04,1.714146677781574e-04,1.285853322218426e-04
9700,0,1.200000000000000e-01,1.157188945514708e-01,4.281105448529207e-03
9700,1,-8.000000000000000e-02,-7.708260341512733e-02,-2.917396584872667e-03
9700,2,5.500000000000000e-02,5.309448586592011e-02,1.905514134079890e-03
9700,3,4.000000000000000e-02,3.852606679740724e-02,1.473933202592766e-03
9700,4,-3.000000000000000e-02,-2.908782897195872e-02,-9.121710280412774e-04
9700,5,2.500000000000000e-02,2.444300862365567e-02,5.569913763443304e-04
9700,6,2.000000000000000e-02,1.906704732294936e-02,9.329526770506386e-04
9700,7,-1.800000000000000e-02,-1.726803212365369e-02,-7.319678763463081e-04
9700,8,1.500000000000000e-02,1.444733883926391e-02,5.526611607360853e-04
9700,9,1.200000000000000e-02,1.163268421973949e-02,3.673157802605055e-04
9700,10,-1.000000000000000e-02,-9.729704880564811e-03,-2.702951194351894e-04
9700,11,8.999999999999999e-03,8.830210124011648e-03,1.697898759883514e-04
9700,12,8.000000000000000e-03,7.647334512750250e-03,3.526654872497504e-04
9700,13,-7.000000000000000e-03,-6.946462210262218e-03,-5.353778973778232e-05
9700,14,6.000000000000000e-03,5.831567549467146e-03,1.684324505328537e-04
9700,15,5.000000000000000e-03,4.832364953925345e-03,1.676350460746556e-04
9700,16,-4.000000000000000e-03,-4.011101300222987e-03,1.110130022298657e-05
9700,17,3.500000000000000e-03,3.669192558738848e-03,-1.691925587388476e-04
9700,18,3.000000000000000e-03,2.766386248246617e-03,2.336137517533832e-04
9700,19,-2.500000000000000e-03,-2.561724701706146e-03,6.172470170614629e-05
9700,20,2.000000000000000e-03,2.178176016279238e-03,-1.781760162792383e-04
9700,21,1.800000000000000e-03,1.246196020414929e-03,5.538039795850707e-04
9700,22,-1.500000000000000e-03,-1.229125897468502e-03,-2.708741025314978e-04
9700,23,1.200000000000000e-03,9.800704172327763e-04,2.199295827672236e-04
9700,24,1.000000000000000e-03,9.774845540076506e-04,2.251544599234947e-05
9700,25,-8.000000000000000e-04,-8.765139474746405e-04,7.651394747464047e-05
9700,26,5.999999999999999e-04,5.937114179615038e-04,6.288582038496194e-06
9700,27,5.000000000000000e-04,3.910417825352772e-04,1.089582174647228e-04
9700,28,-4.000000000000000e-04,-2.537420313249597e-04,-1.462579686750403e-04
9700,29,3.000000000000000e-04,1.762421373284060e-04,1.237578626715940e-04
9800,0,1.200000000000000e-01,1.159000964707604e-01,4.099903529239612e-03
9800,1,-8.000000000000000e-02,-7.721551052642942e-02,-2.784489473570587e-03
9800,2,5.500000000000000e-02,5.319374159546275e-02,1.806258404537249e-03
9800,3,4.000000000000000e-02,3.852415863210389e-02,1.475841367896115e-03
9800,4,-3.000000000000000e-02,-2.908042836182518e-02,-9.195716381748195e-04
9800,5,2.500000000000000e-02,2.444283807372503e-02,5.571619262749739e-04
9800,6,2.000000000000000e-02,1.910509918082508e-02,8.949008191749194e-04
9800,7,-1.800000000000000e-02,-1.730109135488562e-02,-6.989086451143836e-04
9800,8,1.500000000000000e-02,1.448032581698799e-02,5.196741830120130e-04
9800,9,1.200000000000000e-02,1.163066601236588e-02,3.693339876341233e-04
9800,10,-1.000000000000000e-02,-9.740440761883441e-03,-2.595592381165589e-04
9800,11,8.999999999999999e-03,8.833821624662281e-03,1.661783753377187e-04
9800,12,8.000000000000000e-03,7.664094045785048e-03,3.359059542149519e-04
9800,13,-7.000000000000000e-03,-6.958129274393140e-03,-4.187072560686046e-05
9800,14,6.000000000000000e-03,5.821992163542367e-03,1.780078364576332e-04
9800,15,5.000000000000000e-03,4.863329915620778e-03,1.366700843792217e-04
9800,16,-4.000000000000000e-03,-4.042968286954778e-03,4.296828695477765e-05
9800,17,3.500000000000000e-03,3.676007317716052e-03,-1.760073177160524e-04
9800,18,3.000000000000000e-03,2.777519333192371e-03,2.224806668076288e-04
9800,19,-2.500000000000000e-03,-2.569881198049126e-03,6.988119804912565e-05
9800,20,2.000000000000000e-03,2.184798627967169e-03,-1.847986279671691e-04
9800,21,1.800000000000000e-03,1.286891842562061e-03,5.131081574379387e-04
9800,22,-1.500000000000000e-03,-1.274302854569783e-03,-2.256971454302175e-04
9800,23,1.200000000000000e-03,1.043581820895533e-03,1.564181791044667e-04
9800,24,1.000000000000000e-03,9.287124928509445e-04,7.128750714905556e-05
9800,25,-8.000000000000000e-04,-8.442889162484819e-04,4.428891624848189e-05
9800,26,5.999999999999999e-04,5.764641921124904e-04,2.353580788750959e-05
9800,27,5.000000000000000e-04,4.064873248627450e-04,9.351267513725499e-05
9800,28,-4.000000000000000e-04,-2.941487996166535e-04,-1.058512003833465e-04
9800,29,3.000000000000000e-04,2.241255043762156e-04,7.587449562378442e-05
9900,0,1.200000000000000e-01,1.160402422460187e-01,3.959757753981330e-03
9900,1,-8.000000000000000e-02,-7.728416092639402e-02,-2.715839073605980e-03
9900,2,5.500000000000000e-02,5.327140430384164e-02,1.728595696158360e-03
9900,3,4.000000000000000e-02,3.856025470864831e-02,1.439745291351692e-03
9900,4,-3.000000000000000e-02,-2.908434303261322e-02,-9.156569673867757e-04
9900,5,2.500000000000000e-02,2.448053359587156e-02,5.194664041284422e-04
9900,6,2.000000000000000e-02,1.910820080100875e-02,8.917991989912527e-04
9900,7,-1.800000000000000e-02,-1.726833784853786e-02,-7.316621514621424e-04
9900,8,1.500000000000000e-02,1.445614533312307e-02,5.438546668769268e-04
9900,9,1.200000000000000e-02,1.168631555649419e-02,3.136844435058066e-04
9900,10,-1.000000000000000e-02,-9.761086544213751e-03,-2.389134557862493e-04
9900,11,8.999999999999999e-03,8.836585424632164e-03,1.634145753678356e-04
9900,12,8.000000000000000e-03,7.687610843182775e-03,3.123891568172247e-04
9900,13,-7.000000000000000e-03,-6.978783827604508e-03,-2.121617239549210e-05
9900,14,6.000000000000000e-03,5.842960824252801e-03,1.570391757471992e-04
9900,15,5.000000000000000e-03,4.859764454098002e-03,1.402355459019979e-04
9900,16,-4.000000000000000e-03,-4.018949858214217e-03,1.894985821421658e-05
9900,17,3.500000000000000e-03,3.665104560669512e-03,-1.651045606695122e-04
9900,18,3.000000000000000e-03,2.783152144326195e-03,2.168478556738049e-04
9900,19,-2.500000000000000e-03,-2.565663652786896e-03,6.566365278689581e-05
9900,20,2.000000000000000e-03,2.183524091558065e-03,-1.835240915580650e-04
9900,21,1.800000000000000e-03,1.286189360758032e-03,5.138106392419677e-04
9900,22,-1.500000000000000e-03,-1.281068336297559e-03,-2.189316637024410e-04
9900,23,1.200000000000000e-03,1.065255979408856e-03,1.347440205911436e-04
9900,24,1.000000000000000e-03,9.048583501677912e-04,9.514164983220885e-05
9900,25,-8.000000000000000e-04,-8.110114234552544e-04,1.101142345525438e-05
9900,26,5.999999999999999e-04,5.851204021304027e-04,1.487959786959723e-05
9900,27,5.000000000000000e-04,4.250647400343200e-04,7.493525996568005e-05
9900,28,-4.000000000000000e-04,-2.900683665160742e-04,-1.099316334839258e-04
9900,29,3.000000000000000e-04,2.423920643601522e-04,5.760793563984774e-05
10000,0,1.200000000000000e-01,1.161726404656026e-01,3.827359534397445e-03
10000,1,-8.000000000000000e-02,-7.734125644635964e-02,-2.658743553640361e-03
10000,2,5.500000000000000e-02,5.333897524285957e-02,1.661024757140431e-03
10000,3,4.000000000000000e-02,3.861866263400258e-02,1.381337365997423e-03
10000,4,-3.000000000000000e-02,-2.910890050752695e-02,-8.910994924730443e-04
10000,5,2.500000000000000e-02,2.452924229267163e-02,4.707577073283717e-04
10000,6,2.000000000000000e-02,1.913558228653923e-02,8.644177134607689e-04
10000,7,-1.800000000000000e-02,-1.727834749883411e-02,-7.216525011658863e-04
10000,8,1.500000000000000e-02,1.447295858908972e-02,5.270414109102787e-04
10000,9,1.200000000000000e-02,1.171323570559599e-02,2.867642944040082e-04
10000,10,-1.000000000000000e-02,-9.794340464634567e-03,-2.056595353654329e-04
10000,11,8.999999999999999e-03,8.846039683677113e-03,1.539603163228861e-04
10000,12,8.000000000000000e-03,7.695637820097551e-03,3.043621799024496e-04
10000,13,-7.000000000000000e-03,-7.000252908656491e-03,2.529086564903929e-07
10000,14,6.000000000000000e-03,5.866830814953509e-03,1.331691850464910e-04
10000,15,5.000000000000000e-03,4.854973731830130e-03,1.450262681698703e-04
10000,16,-4.000000000000000e-03,-4.030676239427329e-03,3.067623942732897e-05
10000,17,3.500000000000000e-03,3.670665672573646e-03,-1.706656725736460e-04
10000,18,3.000000000000000e-03,2.784519944467748e-03,2.154800555322516e-04
10000,19,-2.500000000000000e-03,-2.580535975432419e-03,8.053597543241850e-05
10000,20,2.000000000000000e-03,2.183002812178594e-03,-1.830028121785937e-04
10000,21,1.800000000000000e-03,1.290397657287559e-03,5.096023427124412e-04
10000,22,-1.500000000000000e-03,-1.312075937431624e-03,-1.879240625683759e-04
10000,23,1.200000000000000e-03,1.069533236352402e-03,1.304667636475975e-04
10000,24,1.000000000000000e-03,9.038558228418018e-04,9.614417715819821e-05
10000,25,-8.000000000000000e-04,-8.454549883143313e-04,4.545498831433131e-05
10000,26,5.999999999999999e-04,5.915631378731220e-04,8.436862126877929e-06
10000,27,5.000000000000000e-04,4.114166265547669e-04,8.858337344523311e-05
10000,28,-4.000000000000000e-04,-3.115292797288140e-04,-8.847072027118601e-05
10000,29,3.000000000000000e-04,2.596115127724965e-04,4.038848722750344e-05
10100,0,1.200000000000000e-01,1.162738186016032e-01,3.726181398396838e-03
10100,1,-8.000000000000000e-02,-7.740172554271318e-02,-2.598274457286817e-03
10100,2,5.500000000000000e-02,5.337208069777745e-02,1.627919302222551e-03
10100,3,4.000000000000000e-02,3.868885873231836e-02,1.311141267681643e-03
10100,4,-3.000000000000000e-02,-2.912956862445972e-02,-8.704313755402808e-04
10100,5,2.500000000000000e-02,2.455561187034200e-02,4.443881296580035e-04
10100,6,2.000000000000000e-02,1.916121542719363e-02,8.387845728063739e-04
10100,7,-1.800000000000000e-02,-1.729578523948375e-02,-7.042147605162523e-04
10100,8,1.500000000000000e-02,1.450406238266876e-02,4.959376173312349e-04
10100,9,1.200000000000000e-02,1.173977046462325e-02,2.602295353767523e-04
10100,10,-1.000000000000000e-02,-9.815233396322256e-03,-1.847666036777443e-04
10100,11,8.999999999999999e-03,8.840757742326578e-03,1.592422576734212e-04
10100,12,8.000000000000000e-03,7.718754572880281e-03,2.812454271197192e-04
10100,13,-7.000000000000000e-03,-7.003642990865241e-03,3.642990865241301e-06
10100,14,6.000000000000000e-03,5.858586752810673e-03,1.414132471893271e-04
10100,15,5.000000000000000e-03,4.866780978076042e-03,1.332190219239578e-04
10100,16,-4.000000000000000e-03,-4.057094228393481e-03,5.709422839348093e-05
10100,17,3.500000000000000e-03,3.661196515560539e-03,-1.611965155605389e-04
10100,18,3.000000000000000e-03,2.815081362637052e-03,1.849186373629476e-04
10100,19,-2.500000000000000e-03,-2.616060595836521e-03,1.160605958365206e-04
10100,20,2.000000000000000e-03,2.160485894712248e-03,-1.604858947122484e-04
10100,21,1.800000000000000e-03,1.324651319679953e-03,4.753486803200466e-04
10100,22,-1.500000000000000e-03,-1.334382205783589e-03,-1.656177942164108e-04
10100,23,1.200000000000000e-03,1.074722627342240e-03,1.252773726577599e-04
10100,24,1.000000000000000e-03,9.019487498475927e-04,9.805125015240729e-05
10100,25,-8.000000000000000e-04,-8.591735181371622e-04,5.917351813716212e-05
10100,26,5.999999999999999e-04,5.981809763180010e-04,1.819023681998979e-06
10100,27,5.000000000000000e-04,4.217630766194211e-04,7.823692338057890e-05
10100,28,-4.000000000000000e-04,-3.180872678337780e-04,-8.191273216622203e-05
10100,29,3.000000000000000e-04,2.439298837869969e-04,5.607011621300308e-05
10200,0,1.200000000000000e-01,1.164037545227549e-01,3.596245477245075e-03
10200,1,-8.000000000000000e-02,-7.749576678078081e-02,-2.504233219219193e-03
10200,2,5.500000000000000e-02,5.343373557911337e-02,1.566264420886629e-03
10200,3,4.000000000000000e-02,3.873169596364354e-02,1.268304036356464e-03
10200,4,-3.000000000000000e-02,-2.915880952026959e-02,-8.411904797304137e-04
10200,5,2.500000000000000e-02,2.456912162207495e-02,4.308783779250550e-04
10200,6,2.000000000000000e-02,1.919305186245255e-02,8.069481375474544e-04
10200,7,-1.800000000000000e-02,-1.730683983816488e-02,-6.931601618351164e-04
10200,8,1.500000000000000e-02,1.451145483615830e-02,4.885451638416971e-04
10200,9,1.200000000000000e-02,1.175225080820932e-02,2.477491917906825e-04
10200,10,-1.000000000000000e-02,-9.831147234533478e-03,-1.688527654665224e-04
10200,11,8.999999999999999e-03,8.860836429027503e-03,1.391635709724962e-04
10200,12,8.000000000000000e-03,7.729718507823384e-03,2.702814921766161e-04
10200,13,-7.000000000000000e-03,-7.010112625961747e-03,1.011262596174647e-05
10200,14,6.000000000000000e-03,5.859433924899573e-03,1.405660751004276e-04
10200,15,5.000000000000000e-03,4.878941767889822e-03,1.210582321101786e-04
10200,16,-4.000000000000000e-03,-4.042663128939523e-03,4.266312893952320e-05
10200,17,3.500000000000000e-03,3.629299347849122e-03,-1.292993478491217e-04
10200,18,3.000000000000000e-03,2.833716757093613e-03,1.662832429063874e-04
10200,19,-2.500000000000000e-03,-2.604311678512212e-03,1.043116785122123e-04
10200,20,2.000000000000000e-03,2.150904314139536e-03,-1.509043141395363e-04
10200,21,1.800000000000000e-03,1.342114925398577e-03,4.578850746014232e-04
10200,22,-1.500000000000000e-03,-1.332553786971985e-03,-1.674462130280155e-04
10200,23,1.200000000000000e-03,1.079739412479209e-03,1.202605875207912e-04
10200,24,1.000000000000000e-03,9.004188164406207e-04,9.958118355937935e-05
10200,25,-8.000000000000000e-04,-8.390938116638888e-04,3.909381166388880e-05
10200,26,5.999999999999999e-04,5.952929586807380e-04,4.707041319261984e-06
10200,27,5.000000000000000e-04,4.120019874885528e-04,8.799801251144722e-05
10200,28,-4.000000000000000e-04,-3.055387261374832e-04,-9.446127386251687e-05
10200,29,3.000000000000000e-04,2.526621866543530e-04,4.733781334564702e-05
10300,0,1.200000000000000e-01,1.165179369615990e-01,3.482063038400984e-03
10300,1,-8.000000000000000e-02,-7.755876668767225e-02,-2.441233312327748e-03
10300,2,5.500000000000000e-02,5.348217449656960e-02,1.517825503430402e-03
10300,3,4.000000000000000e-02,3.881565224987579e-02,1.184347750124208e-03
10300,4,-3.000000000000000e-02,-2.920066172975128e-02,-7.993382702487228e-04
10300,5,2.500000000000000e-02,2.459455828296822e-02,4.054417170317771e-04
10300,6,2.000000000000000e-02,1.924746761335632e-02,7.525323866436825e-04
10300,7,-1.800000000000000e-02,-1.733092871092931e-02,-6.690712890706912e-04
10300,8,1.500000000000000e-02,1.453949551771035e-02,4.605044822896479e-04
10300,9,1.200000000000000e-02,1.177966014994518e-02,2.203398500548199e-04
10300,10,-1.000000000000000e-02,-9.842116857485947e-03,-1.578831425140537e-04
10300,11,8.999999999999999e-03,8.882793367560059e-03,1.172066324399406e-04
10300,12,8.000000000000000e-03,7.744307872142002e-03,2.556921278579986e-04
10300,13,-7.000000000000000e-03,-7.017984586670890e-03,1.798458667089022e-05
10300,14,6.000000000000000e-03,5.859368893194388e-03,1.406311068056125e-04
10300,15,5.000000000000000e-03,4.885450781808988e-03,1.145492181910124e-04
10300,16,-4.000000000000000e-03,-4.060479785259536e-03,6.047978525953578e-05
10300,17,3.500000000000000e-03,3.608302788520206e-03,-1.083027885202064e-04
10300,18,3.000000000000000e-03,2.834616935546785e-03,1.653830644532148e-04
10300,19,-2.500000000000000e-03,-2.606799118719734e-03,1.067991187197340e-04
10300,20,2.000000000000000e-03,2.120239257898273e-03,-1.202392578982725e-04
10300,21,1.800000000000000e-03,1.354631873797167e-03,4.453681262028329e-04
10300,22,-1.500000000000000e-03,-1.347944545207482e-03,-1.520554547925182e-04
10300,23,1.200000000000000e-03,1.060961934182687e-03,1.390380658173132e-04
10300,24,1.000000000000000e-03,9.044735337340382e-04,9.552646626596179e-05
10300,25,-8.000000000000000e-04,-8.450518201189683e-04,4.505182011896823e-05
10300,26,5.999999999999999e-04,5.785327330033507e-04,2.146726699664924e-05
10300,27,5.000000000000000e-04,4.241138606337707e-04,7.588613936622928e-05
10300,28,-4.000000000000000e-04,-3.203152709218138e-04,-7.968472907818617e-05
10300,29,3.000000000000000e-04,2.583383862066588e-04,4.166161379334121e-05
10400,0,1.200000000000000e-01,1.166221538472440e-01,3.377846152755951e-03
10400,1,-8.000000000000000e-02,-7.763957913296458e-02,-2.360420867035418e-03
10400,2,5.500000000000000e-02,5.354523916403942e-02,1.454760835960585e-03
10400,3,4.000000000000000e-02,3.882764685984810e-02,1.172353140151898e-03
10400,4,-3.000000000000000e-02,-2.922497945456822e-02,-7.750205454317809e-04
10400,5,2.500000000000000e-02,2.458931895803225e-02,4.106810419677517e-04
10400,6,2.000000000000000e-02,1.924694892320737e-02,7.530510767926289e-04
10400,7,-1.800000000000000e-02,-1.733718121906920e-02,-6.628187809307982e-04
10400,8,1.500000000000000e-02,1.451748296547644e-02,4.825170345235611e-04
10400,9,1.200000000000000e-02,1.178700631458457e-02,2.129936854154291e-04
10400,10,-1.000000000000000e-02,-9.842943016758556e-03,-1.570569832414440e-04
10400,11,8.999999999999999e-03,8.864557971422002e-03,1.354420285779971e-04
10400,12,8.000000000000000e-03,7.753975076021514e-03,2.460249239784858e-04
10400,13,-7.000000000000000e-03,-7.019345307269498e-03,1.934530726949765e-05
10400,14,6.000000000000000e-03,5.871664720802154e-03,1.283352791978457e-04
10400,15,5.000000000000000e-03,4.873584384210647e-03,1.264156157893531e-04
10400,16,-4.000000000000000e-03,-4.041362908872845e-03,4.136290887284469e-05
10400,17,3.500000000000000e-03,3.605177039325667e-03,-1.051770393256674e-04
10400,18,3.000000000000000e-03,2.831882386450563e-03,1.681176135494367e-04
10400,19,-2.500000000000000e-03,-2.573734010989961e-03,7.373401098996046e-05
10400,20,2.000000000000000e-03,2.082082587151763e-03,-8.208258715176279e-05
10400,21,1.800000000000000e-03,1.385955282423820e-03,4.140447175761802e-04
10400,22,-1.500000000000000e-03,-1.354137495682492e-03,-1.458625043175082e-04
10400,23,1.200000000000000e-03,1.047710308997290e-03,1.522896910027100e-04
10400,24,1.000000000000000e-03,9.011131261308061e-04,9.888687386919387e-05
10400,25,-8.000000000000000e-04,-8.359318594210912e-04,3.593185942109116e-05
10400,26,5.999999999999999e-04,5.796561827304082e-04,2.034381726959177e-05
10400,27,5.000000000000000e-04,4.186961264388590e-04,8.130387356114098e-05
10400,28,-4.000000000000000e-04,-3.058698735510023e-04,-9.413012644899775e-05
10400,29,3.000000000000000e-04,2.592785165693141e-04,4.072148343068586e-05
10500,0,1.200000000000000e-01,1.167303653810078e-01,3.269634618992212e-03
10500,1,-8.000000000000000e-02,-7.771155855668592e-02,-2.288441443314082e-03
10500,2,5.500000000000000e-02,5.358334047027512e-02,1.416659529724876e-03
10500,3,4.000000000000000e-02,3.884463461678972e-02,1.155365383210281e-03
10500,4,-3.000000000000000e-02,-2.923685380823756e-02,-7.631461917624351e-04
10500,5,2.500000000000000e-02,2.457723780560345e-02,4.227621943965545e-04
10500,6,2.000000000000000e-02,1.927365927641015e-02,7.263407235898536e-04
10500,7,-1.800000000000000e-02,-1.736773510708819e-02,-6.322648929118074e-04
10500,8,1.500000000000000e-02,1.455422375219210e-02,4.457762478078994e-04
10500,9,1.200000000000000e-02,1.177626685554216e-02,2.237331444578401e-04
10500,10,-1.000000000000000e-02,-9.852973585630408e-03,-1.470264143695922e-04
10500,11,8.999999999999999e-03,8.898869319659093e-03,1.011306803409065e-04
10500,12,8.000000000000000e-03,7.752077531399722e-03,2.479224686002778e-04
10500,13,-7.000000000000000e-03,-7.020774924153202e-03,2.077492415320219e-05
10500,14,6.000000000000000e-03,5.889503490471784e-03,1.104965095282164e-04
10500,15,5.000000000000000e-03,4.879032308708749e-03,1.209676912912513e-04
10500,16,-4.000000000000000e-03,-4.046993242832630e-03,4.699324283263025e-05
10500,17,3.500000000000000e-03,3.608420566206085e-03,-1.084205662060852e-04
10500,18,3.000000000000000e-03,2.819553972104103e-03,1.804460278958973e-04
10500,19,-2.500000000000000e-03,-2.568826312584824e-03,6.882631258482361e-05
10500,20,2.000000000000000e-03,2.090735287166212e-03,-9.073528716621159e-05
10500,21,1.800000000000000e-03,1.387722668196737e-03,4.122773318032626e-04
10500,22,-1.500000000000000e-03,-1.348619496756986e-03,-1.513805032430143e-04
10500,23,1.200000000000000e-03,1.065663874566293e-03,1.343361254337069e-04
10500,24,1.000000000000000e-03,8.889005612568646e-04,1.110994387431354e-04
10500,25,-8.000000000000000e-04,-8.060474258556284e-04,6.047425855628340e-06
10500,26,5.999999999999999e-04,5.669461865090091e-04,3.305381349099083e-05
10500,27,5.000000000000000e-04,4.222792103330673e-04,7.772078966693274e-05
10500,28,-4.000000000000000e-04,-3.089521314849378e-04,-9.104786851506225e-05
10500,29,3.000000000000000e-04,2.643991183277377e-04,3.560088167226227e-05
10600,0,1.200000000000000e-01,1.168273506873515e-01,3.172649312648462e-03
10600,1,-8.000000000000000e-02,-7.778618846449251e-02,-2.213811535507496e-03
10600,2,5.500000000000000e-02,5.362158070517439e-02,1.378419294825614e-03
10600,3,4.000000000000000e-02,3.889246984991586e-02,1.107530150084142e-03
10600,4,-3.000000000000000e-02,-2.927971876692205e-02,-7.202812330779490e-04
10600,5,2.500000000000000e-02,2.458453738877294e-02,4.154626112270604e-04
10600,6,2.000000000000000e-02,1.928754606656476e-02,7.124539334352371e-04
10600,7,-1.800000000000000e-02,-1.737791290919802e-02,-6.220870908019739e-04
10600,8,1.500000000000000e-02,1.454879746253016e-02,4.512025374698407e-04
10600,9,1.200000000000000e-02,1.177841020907761e-02,2.215897909223861e-04
10600,10,-1.000000000000000e-02,-9.860238844393946e-03,-1.397611556060545e-04
10600,11,8.999999999999999e-03,8.903469977694155e-03,9.653002230584386e-05
10600,12,8.000000000000000e-03,7.741103972059853e-03,2.588960279401474e-04
10600,13,-7.000000000000000e-03,-7.024468052689036e-03,2.446805268903601e-05
10600,14,6.000000000000000e-03,5.893406647483423e-03,1.065933525165770e-04
10600,15,5.000000000000000e-03,4.871937236684325e-03,1.280627633156754e-04
10600,16,-4.000000000000000e-03,-4.043545669010544e-03,4.354566901054388e-05
10600,17,3.500000000000000e-03,3.603788227441130e-03,-1.037882274411298e-04
10600,18,3.000000000000000e-03,2.833528186642537e-03,1.664718133574626e-04
10600,19,-2.500000000000000e-03,-2.577920942020090e-03,7.792094202008996e-05
10600,20,2.000000000000000e-03,2.087790577501300e-03,-8.779057750129974e-05
10600,21,1.800000000000000e-03,1.402552961069147e-03,3.974470389308525e-04
10600,22,-1.500000000000000e-03,-1.360306771614337e-03,-1.396932283856628e-04
10600,23,1.200000000000000e-03,1.071202657510721e-03,1.287973424892786e-04
10600,24,1.000000000000000e-03,9.007996071241275e-04,9.920039287587249e-05
10600,25,-8.000000000000000e-04,-8.037148528057994e-04,3.714852805799325e-06
10600,26,5.999999999999999e-04,5.706553721850128e-04,2.934462781498711e-05
10600,27,5.000000000000000e-04,4.167896877829992e-04,8.321031221700085e-05
10600,28,-4.000000000000000e-04,-3.131531628079596e-04,-8.684683719204043e-05
10600,29,3.000000000000000e-04,2.724116038897094e-04,2.758839611029056e-05
10700,0,1.200000000000000e-01,1.169339093228090e-01,3.066090677191033e-03
10700,1,-8.000000000000000e-02,-7.786947772134006e-02,-2.130522278659938e-03
10700,2,5.500000000000000e-02,5.365983534881024e-02,1.340164651189760e-03
10700,3,4.000000000000000e-02,3.891135124268259e-02,1.088648757317415e-03
10700,4,-3.000000000000000e-02,-2.930266544142138e-02,-6.973345585786217e-04
10700,5,2.500000000000000e-02,2.459646186027789e-02,4.035381397221142e-04
10700,6,2.000000000000000e-02,1.930182635142902e-02,6.981736485709850e-04
10700,7,-1.800000000000000e-02,-1.740604420595262e-02,-5.939557940473836e-04
10700,8,1.500000000000000e-02,1.458969158955300e-02,4.103084104470009e-04
10700,9,1.200000000000000e-02,1.174556603010029e-02,2.544339698997058e-04
10700,10,-1.000000000000000e-02,-9.841139108963294e-03,-1.588608910367065e-04
10700,11,8.999999999999999e-03,8.895203580258504e-03,1.047964197414958e-04
10700,12,8.000000000000000e-03,7.740211526833954e-03,2.597884731660458e-04
10700,13,-7.000000000000000e-03,-7.001288417468542e-03,1.288417468541837e-06
10700,14,6.000000000000000e-03,5.881863664395894e-03,1.181363356041066e-04
10700,15,5.000000000000000e-03,4.869234589477968e-03,1.307654105220319e-04
10700,16,-4.000000000000000e-03,-4.031527114793499e-03,3.152711479349930e-05
10700,17,3.500000000000000e-03,3.595377612588541e-03,-9.537761258854045e-05
10700,18,3.000000000000000e-03,2.824615933061624e-03,1.753840669383756e-04
10700,19,-2.500000000000000e-03,-2.586255511696953e-03,8.625551169695340e-05
10700,20,2.000000000000000e-03,2.090612910729892e-03,-9.061291072989244e-05
10700,21,1.800000000000000e-03,1.415402316204542e-03,3.845976837954584e-04
10700,22,-1.500000000000000e-03,-1.382831689266229e-03,-1.171683107337707e-04
10700,23,1.200000000000000e-03,1.067955638515868e-03,1.320443614841321e-04
10700,24,1.000000000000000e-03,9.179092168123904e-04,8.209078318760965e-05
10700,25,-8.000000000000000e-04,-8.080697351556286e-04,8.069735155628519e-06
10700,26,5.999999999999999e-04,5.650820910907275e-04,3.491790890927248e-05
10700,27,5.000000000000000e-04,4.275445739112910e-04,7.245542608870904e-05
10700,28,-4.000000000000000e-04,-3.272576330061493e-04,-7.274236699385072e-05
10700,29,3.000000000000000e-04,2.650081621553023e-04,3.499183784469771e-05
10800,0,1.200000000000000e-01,1.170500495284560e-01,2.949950471543963e-03
10800,1,-8.000000000000000e-02,-7.795607146593828e-02,-2.043928534061726e-03
10800,2,5.500000000000000e-02,5.371471133663699e-02,1.285288663363006e-03
10800,3,4.000000000000000e-02,3.895670373062225e-02,1.043296269377755e-03
10800,4,-3.000000000000000e-02,-2.933144487084941e-02,-6.685551291505873e-04
10800,5,2.500000000000000e-02,2.460010395554534e-02,3.998960444546625e-04
10800,6,2.000000000000000e-02,1.931690625279434e-02,6.830937472056646e-04
10800,7,-1.800000000000000e-02,-1.741158335048100e-02,-5.884166495190024e-04
10800,8,1.500000000000000e-02,1.459124699282223e-02,4.087530071777701e-04
10800,9,1.200000000000000e-02,1.174016666648943e-02,2.598333335105691e-04
10800,10,-1.000000000000000e-02,-9.833648374875641e-03,-1.663516251243589e-04
10800,11,8.999999999999999e-03,8.902067750517443e-03,9.793224948255637e-05
10800,12,8.000000000000000e-03,7.741197506045385e-03,2.588024939546149e-04
10800,13,-7.000000000000000e-03,-7.006043607377290e-03,6.043607377289803e-06
10800,14,6.000000000000000e-03,5.882912048509026e-03,1.170879514909738e-04
10800,15,5.000000000000000e-03,4.861804687667392e-03,1.381953123326084e-04
10800,16,-4.000000000000000e-03,-4.022290180171528e-03,2.229018017152820e-05
10800,17,3.500000000000000e-03,3.584498614457345e-03,-8.449861445734537e-05
10800,18,3.000000000000000e-03,2.842551198571174e-03,1.574488014288258e-04
10800,19,-2.500000000000000e-03,-2.596487838082519e-03,9.648783808251845e-05
10800,20,2.000000000000000e-03,2.091252490844258e-03,-9.125249084425803e-05
10800,21,1.800000000000000e-03,1.442108893314095e-03,3.578911066859053e-04
10800,22,-1.500000000000000e-03,-1.392107845053782e-03,-1.078921549462185e-04
10800,23,1.200000000000000e-03,1.053710383564768e-03,1.462896164352320e-04
10800,24,1.000000000000000e-03,9.453972119868799e-04,5.460278801312009e-05
10800,25,-8.000000000000000e-04,-8.348517758878845e-04,3.485177588788445e-05
10800,26,5.999999999999999e-04,5.526661485939961e-04,4.733385140600385e-05
10800,27,5.000000000000000e-04,4.333724775787721e-04,6.662752242122790e-05
10800,28,-4.000000000000000e-04,-3.518122070638501e-04,-4.818779293614995e-05
10800,29,3.000000000000000e-04,2.926076691216208e-04,7.392330878379166e-06
10900,0,1.200000000000000e-01,1.171638202531947e-01,2.836179746805292e-03
10900,1,-8.000000000000000e-02,-7.803742573047820e-02,-1.962574269521802e-03
10900,2,5.500000000000000e-02,5.375859101876220e-02,1.241408981237799e-03
10900,3,4.000000000000000e-02,3.900124489478723e-02,9.987551052127730e-04
10900,4,-3.000000000000000e-02,-2.937350184992519e-02,-6.264981500748133e-04
10900,5,2.500000000000000e-02,2.461580231154714e-02,3.841976884528600e-04
10900,6,2.000000000000000e-02,1.935089576131851e-02,6.491042386814888e-04
10900,7,-1.800000000000000e-02,-1.744924298200733e-02,-5.507570179926688e-04
10900,8,1.500000000000000e-02,1.462084123773462e-02,3.791587622653785e-04
10900,9,1.200000000000000e-02,1.175222764461317e-02,2.477723553868279e-04
10900,10,-1.000000000000000e-02,-9.832192155548074e-03,-1.678078444519258e-04
10900,11,8.999999999999999e-03,8.892519171443330e-03,1.074808285566695e-04
10900,12,8.000000000000000e-03,7.781553959136934e-03,2.184460408630661e-04
10900,13,-7.000000000000000e-03,-6.988432329834345e-03,-1.156767016565526e-05
10900,14,6.000000000000000e-03,5.883213481683199e-03,1.167865183168016e-04
10900,15,5.000000000000000e-03,4.879998658591302e-03,1.200013414086980e-04
10900,16,-4.000000000000000e-03,-4.019420588420065e-03,1.942058842006444e-05
10900,17,3.500000000000000e-03,3.590274035862148e-03,-9.027403586214788e-05
10900,18,3.000000000000000e-03,2.854742154663056e-03,1.452578453369443e-04
10900,19,-2.500000000000000e-03,-2.599935878289177e-03,9.993587828917728e-05
10900,20,2.000000000000000e-03,2.107137999626613e-03,-1.071379996266130e-04
10900,21,1.800000000000000e-03,1.433055222216144e-03,3.669447777838563e-04
10900,22,-1.500000000000000e-03,-1.391070342736187e-03,-1.089296572638126e-04
10900,23,1.200000000000000e-03,1.054823895419435e-03,1.451761045805652e-04
10900,24,1.000000000000000e-03,9.527024368442211e-04,4.729756315577892e-05
10900,25,-8.000000000000000e-04,-8.227221793020410e-04,2.272217930204096e-05
10900,26,5.999999999999999e-04,5.692506882690337e-04,3.074931173096629e-05
10900,27,5.000000000000000e-04,4.398192952239315e-04,6.018070477606852e-05
10900,28,-4.000000000000000e-04,-3.320203188793534e-04,-6.797968112064667e-05
10900,29,3.000000000000000e-04,2.788321893776924e-04,2.116781062230761e-05
11000,0,1.200000000000000e-01,1.172552658696226e-01,2.744734130377444e-03
11000,1,-8.000000000000000e-02,-7.810570181797449e-02,-1.894298182025508e-03
11000,2,5.500000000000000e-02,5.380226560020752e-02,1.197734399792476e-03
11000,3,4.000000000000000e-02,3.902798157336033e-02,9.720184266396731e-04
11000,4,-3.000000000000000e-02,-2.939802050475011e-02,-6.019794952498922e-04
11000,5,2.500000000000000e-02,2.463134300723526e-02,3.686569927647439e-04
11000,6,2.000000000000000e-02,1.936629182398341e-02,6.337081760165938e-04
11000,7,-1.800000000000000e-02,-1.746099822132386e-02,-5.390017786761347e-04
11000,8,1.500000000000000e-02,1.464027902975351e-02,3.597209702464899e-04
11000,9,1.200000000000000e-02,1.174291197047778e-02,2.570880295222223e-04
11000,10,-1.000000000000000e-02,-9.829191800725535e-03,-1.708081992744647e-04
11000,11,8.999999999999999e-03,8.921405157257763e-03,7.859484274223665e-05
11000,12,8.000000000000000e-03,7.753154307309456e-03,2.468456926905446e-04
11000,13,-7.000000000000000e-03,-6.961306552464633e-03,-3.869344753536751e-05
11000,14,6.000000000000000e-03,5.888467351540390e-03,1.115326484596099e-04
11000,15,5.000000000000000e-03,4.871274220331550e-03,1.287257796684501e-04
11000,16,-4.000000000000000e-03,-3.992113118147674e-03,-7.886881852325889e-06
11000,17,3.500000000000000e-03,3.576889879516851e-03,-7.688987951685097e-05
11000,18,3.000000000000000e-03,2.850603142097879e-03,1.493968579021213e-04
11000,19,-2.500000000000000e-03,-2.574963768507572e-03,7.496376850757219e-05
11000,20,2.000000000000000e-03,2.076934640524273e-03,-7.693464052427280e-05
11000,21,1.800000000000000e-03,1.454519645407764e-03,3.454803545922362e-04
11000,22,-1.500000000000000e-03,-1.378386100493395e-03,-1.216138995066055e-04
11000,23,1.200000000000000e-03,1.035216091481036e-03,1.647839085189642e-04
11000,24,1.000000000000000e-03,9.594401649105916e-04,4.055983508940845e-05
11000,25,-8.000000000000000e-04,-8.111229593863379e-04,1.112295938633786e-05
11000,26,5.999999999999999e-04,5.447680269194669e-04,5.523197308053302e-05
11000,27,5.000000000000000e-04,4.517475629325121e-04,4.825243706748793e-05
11000,28,-4.000000000000000e-04,-3.412630896865175e-04,-5.873691031348251e-05
11000,29,3.000000000000000e-04,2.753854007642602e-04,2.461459923573981e-05
11100,0,1.200000000000000e-01,1.173603908240195e-01,2.639609175980481e-03
11100,1,-8.000000000000000e-02,-7.818054799435990e-02,-1.819452005640099e-03
11100,2,5.500000000000000e-02,5.384628121277099e-02,1.153718787229009e-03
11100,3,4.000000000000000e-02,3.906825928152502e-02,9.317407184749812e-04
11100,4,-3.000000000000000e-02,-2.943410481351968e-02,-5.658951864803211e-04
11100,5,2.500000000000000e-02,2.464648052836420e-02,3.535194716357999e-04
11100,6,2.000000000000000e-02,1.938359316496203e-02,6.164068350379658e-04
11100,7,-1.800000000000000e-02,-1.749646496241945e-02,-5.035350375805492e-04
11100,8,1.500000000000000e-02,1.464755959533626e-02,3.524404046637425e-04
11100,9,1.200000000000000e-02,1.175518360054568e-02,2.448163994543222e-04
11100,10,-1.000000000000000e-02,-9.842780156021587e-03,-1.572198439784133e-04
11100,11,8.999999999999999e-03,8.942207903156240e-03,5.779209684375966e-05
11100,12,8.000000000000000e-03,7.741866505752131e-03,2.581334942478690e-04
11100,13,-7.000000000000000e-03,-6.951703514324804e-03,-4.829648567519600e-05
11100,14,6.000000000000000e-03,5.917834062268722e-03,8.216593773127841e-05
11100,15,5.000000000000000e-03,4.839872056279228e-03,1.601279437207720e-04
11100,16,-4.000000000000000e-03,-3.967493050595228e-03,-3.250694940477254e-05
11100,17,3.500000000000000e-03,3.566406046984264e-03,-6.640604698426433e-05
11100,18,3.000000000000000e-03,2.829454832968321e-03,1.705451670316795e-04
11100,19,-2.500000000000000e-03,-2.560102254105644e-03,6.010225410564432e-05
11100,20,2.000000000000000e-03,2.070240734255300e-03,-7.024073425530028e-05
11100,21,1.800000000000000e-03,1.443211575003785e-03,3.567884249962153e-04
11100,22,-1.500000000000000e-03,-1.376514365773346e-03,-1.234856342266541e-04
11100,23,1.200000000000000e-03,1.031079061001847e-03,1.689209389981530e-04
11100,24,1.000000000000000e-03,9.479708694223531e-04,5.202913057764688e-05
11100,25,-8.000000000000000e-04,-7.842299681476405e-04,-1.577003185235953e-05
11100,26,5.999999999999999e-04,5.072253641719907e-04,9.277463582800928e-05
11100,27,5.000000000000000e-04,4.634841329985372e-04,3.651586700146285e-05
11100,28,-4.000000000000000e-04,-3.355699230431472e-04,-6.443007695685281e-05
11100,29,3.000000000000000e-04,2.552654083625465e-04,4.473459163745349e-05
11200,0,1.200000000000000e-01,1.174402687754211e-01,2.559731224578879e-03
11200,1,-8.000000000000000e-02,-7.823594247558077e-02,-1.764057524419230e-03
11200,2,5.500000000000000e-02,5.387542373764454e-02,1.124576262355459e-03
11200,3,4.000000000000000e-02,3.908089810823295e-02,9.191018917670477e-04
11200,4,-3.000000000000000e-02,-2.943878483848447e-02,-5.612151615155304e-04
11200,5,2.500000000000000e-02,2.465145396204864e-02,3.485460379513625e-04
11200,6,2.000000000000000e-02,1.940348823317234e-02,5.965117668276579e-04
11200,7,-1.800000000000000e-02,-1.750986559755650e-02,-4.901344024434949e-04
11200,8,1.500000000000000e-02,1.465463580377916e-02,3.453641962208372e-04
11200,9,1.200000000000000e-02,1.177381197638249e-02,2.261880236175112e-04
11200,10,-1.000000000000000e-02,-9.869108479720105e-03,-1.308915202798949e-04
11200,11,8.999999999999999e-03,8.932985404918515e-03,6.701459508148475e-05
11200,12,8.000000000000000e-03,7.754917287933198e-03,2.450827120668020e-04
11200,13,-7.000000000000000e-03,-6.962056155320459e-03,-3.794384467954107e-05
11200,14,6.000000000000000e-03,5.915732063935878e-03,8.426793606412190e-05
11200,15,5.000000000000000e-03,4.834426939718755e-03,1.655730602812449e-04
11200,16,-4.000000000000000e-03,-3.973207410024359e-03,-2.679258997564070e-05
11200,17,3.500000000000000e-03,3.553833726624132e-03,-5.383372662413205e-05
11200,18,3.000000000000000e-03,2.844472155833417e-03,1.555278441665829e-04
11200,19,-2.500000000000000e-03,-2.564505997294452e-03,6.450599729445217e-05
11200,20,2.000000000000000e-03,2.076297300972134e-03,-7.629730097213428e-05
11200,21,1.800000000000000e-03,1.460078610601817e-03,3.399213893981834e-04
11200,22,-1.500000000000000e-03,-1.397771836098597e-03,-1.022281639014035e-04
11200,23,1.200000000000000e-03,1.047007949259070e-03,1.529920507409304e-04
11200,24,1.000000000000000e-03,9.325002499901993e-04,6.749975000980074e-05
11200,25,-8.000000000000000e-04,-7.862554937734757e-04,-1.374450622652435e-05
11200,26,5.999999999999999e-04,5.049042234431599e-04,9.509577655684000e-05
11200,27,5.000000000000000e-04,4.725574352451897e-04,2.744256475481033e-05
11200,28,-4.000000000000000e-04,-3.728943779407215e-04,-2.710562205927847e-05
11200,29,3.000000000000000e-04,2.859313601292582e-04,1.406863987074179e-05
11300,0,1.200000000000000e-01,1.175436791568719e-01,2.456320843128121e-03
11300,1,-8.000000000000000e-02,-7.832349838361591e-02,-1.676501616384093e-03
11300,2,5.500000000000000e-02,5.391353560400243e-02,1.086464395997570e-03
11300,3,4.000000000000000e-02,3.912795026274102e-02,8.720497372589828e-04
11300,4,-3.000000000000000e-02,-2.949055935999154e-02,-5.094406400084558e-04
11300,5,2.500000000000000e-02,2.467610777866408e-02,3.238922213359176e-04
11300,6,2.000000000000000e-02,1.943005440091906e-02,5.699455990809364e-04
11300,7,-1.800000000000000e-02,-1.754845364129044e-02,-4.515463587095557e-04
11300,8,1.500000000000000e-02,1.468918724023069e-02,3.108127597693106e-04
11300,9,1.200000000000000e-02,1.177104799622179e-02,2.289520037782114e-04
11300,10,-1.000000000000000e-02,-9.885049475483238e-03,-1.149505245167624e-04
11300,11,8.999999999999999e-03,8.953992582605343e-03,4.600741739465598e-05
11300,12,8.000000000000000e-03,7.751217637040305e-03,2.487823629596948e-04
11300,13,-7.000000000000000e-03,-6.963489981108877e-03,-3.651001889112306e-05
11300,14,6.000000000000000e-03,5.920913352065468e-03,7.908664793453233e-05
11300,15,5.000000000000000e-03,4.843194554130085e-03,1.568054458699151e-04
11300,16,-4.000000000000000e-03,-3.986485936281621e-03,-1.351406371837872e-05
11300,17,3.500000000000000e-03,3.559750435437311e-03,-5.975043543731112e-05
11300,18,3.000000000000000e-03,2.855039577798437e-03,1.449604222015627e-04
11300,19,-2.500000000000000e-03,-2.578784932110334e-03,7.878493211033351e-05
11300,20,2.000000000000000e-03,2.076361637544320e-03,-7.636163754432034e-05
11300,21,1.800000000000000e-03,1.472909108079223e-03,3.270908919207765e-04
11300,22,-1.500000000000000e-03,-1.415737383628189e-03,-8.426261637181133e-05
11300,23,1.200000000000000e-03,1.050822754400307e-03,1.491772455996933e-04
11300,24,1.000000000000000e-03,9.280803684150935e-04,7.191963158490649e-05
11300,25,-8.000000000000000e-04,-7.867706255816961e-04,-1.322937441830389e-05
11300,26,5.999999999999999e-04,5.034112935902806e-04,9.658870640971934e-05
11300,27,5.000000000000000e-04,4.811935531275611e-04,1.880644687243891e-05
11300,28,-4.000000000000000e-04,-3.797149592365906e-04,-2.028504076340940e-05
11300,29,3.000000000000000e-04,2.996130212452497e-04,3.869787547502676e-07
11400,0,1.200000000000000e-01,1.176296018416095e-01,2.370398158390491e-03
11400,1,-8.000000000000000e-02,-7.838241706662724e-02,-1.617582933372760e-03
11400,2,5.500000000000000e-02,5.395347613651311e-02,1.046523863486887e-03
11400,3,4.000000000000000e-02,3.915829420222544e-02,8.417057977745598e-04
11400,4,-3.000000000000000e-02,-2.949540537327539e-02,-5.045946267246137e-04
11400,5,2.500000000000000e-02,2.468840735533522e-02,3.115926446647863e-04
11400,6,2.000000000000000e-02,1.945129638882888e-02,5.487036111711252e-04
11400,7,-1.800000000000000e-02,-1.756437327873156e-02,-4.356267212684388e-04
11400,8,1.500000000000000e-02,1.471215062949808e-02,2.878493705019153e-04
11400,9,1.200000000000000e-02,1.176998323839026e-02,2.300167616097436e-04
11400,10,-1.000000000000000e-02,-9.882002321140415e-03,-1.179976788595848e-04
11400,11,8.999999999999999e-03,8.949533559282819e-03,5.046644071718051e-05
11400,12,8.000000000000000e-03,7.751197301614732e-03,2.488026983852682e-04
11400,13,-7.000000000000000e-03,-6.953754233111355e-03,-4.624576688864492e-05
11400,14,6.000000000000000e-03,5.908606358800265e-03,9.139364119973518e-05
11400,15,5.000000000000000e-03,4.850051604913745e-03,1.499483950862550e-04
11400,16,-4.000000000000000e-03,-3.981366872026656e-03,-1.863312797334427e-05
11400,17,3.500000000000000e-03,3.564958831461192e-03,-6.495883146119237e-05
11400,18,3.000000000000000e-03,2.857028405356325e-03,1.429715946436750e-04
11400,19,-2.500000000000000e-03,-2.574035410037727e-03,7.403541003772650e-05
11400,20,2.000000000000000e-03,2.081528949354108e-03,-8.152894935410746e-05
11400,21,1.800000000000000e-03,1.471540510373603e-03,3.284594896263971e-04
11400,22,-1.500000000000000e-03,-1.407433538581657e-03,-9.256646141834264e-05
11400,23,1.200000000000000e-03,1.059993708112576e-03,1.400062918874240e-04
11400,24,1.000000000000000e-03,9.102509816737553e-04,8.974901832624468e-05
11400,25,-8.000000000000000e-04,-7.803488737095152e-04,-1.965112629048488e-05
11400,26,5.999999999999999e-04,5.044870137621567e-04,9.551298623784320e-05
11400,27,5.000000000000000e-04,4.772767553880231e-04,2.272324461197688e-05
11400,28,-4.000000000000000e-04,-4.009404284669864e-04,9.404284669863928e-07
11400,29,3.000000000000000e-04,3.040430307417569e-04,-4.043030741756974e-06
11500,0,1.200000000000000e-01,1.177128093630149e-01,2.287190636985112e-03
11500,1,-8.000000000000000e-02,-7.844517373504604e-02,-1.554826264953957e-03
11500,2,5.500000000000000e-02,5.398794995947358e-02,1.012050040526416e-03
11500,3,4.000000000000000e-02,3.919771487172435e-02,8.022851282756538e-04
11500,4,-3.000000000000000e-02,-2.952221983059489e-02,-4.777801694051086e-04
11500,5,2.500000000000000e-02,2.470651109707949e-02,2.934889029205072e-04
11500,6,2.000000000000000e-02,1.946603502857039e-02,5.339649714296152e-04
11500,7,-1.800000000000000e-02,-1.757971729343823e-02,-4.202827065617684e-04
11500,8,1.500000000000000e-02,1.472903545495540e-02,2.709645450446017e-04
11500,9,1.200000000000000e-02,1.178409098132459e-02,2.159090186754139e-04
11500,10,-1.000000000000000e-02,-9.886191824547105e-03,-1.138081754528952e-04
11500,11,8.999999999999999e-03,8.944805490977108e-03,5.519450902289127e-05
11500,12,8.000000000000000e-03,7.758674790609666e-03,2.413252093903346e-04
11500,13,-7.000000000000000e-03,-6.944859608186844e-03,-5.514039181315610e-05
11500,14,6.000000000000000e-03,5.905859760944966e-03,9.414023905503395e-05
11500,15,5.000000000000000e-03,4.847598839109278e-03,1.524011608907217e-04
11500,16,-4.000000000000000e-03,-3.973763616909842e-03,-2.623638309015835e-05
11500,17,3.500000000000000e-03,3.543822162827373e-03,-4.382216282737246e-05
11500,18,3.000000000000000e-03,2.897008751443509e-03,1.029912485564907e-04
11500,19,-2.500000000000000e-03,-2.583167459591378e-03,8.316745959137829e-05
11500,20,2.000000000000000e-03,2.066040007507503e-03,-6.604000750750315e-05
11500,21,1.800000000000000e-03,1.504319975237090e-03,2.956800247629098e-04
11500,22,-1.500000000000000e-03,-1.407717297130902e-03,-9.228270286909816e-05
11500,23,1.200000000000000e-03,1.061818032536175e-03,1.381819674638248e-04
11500,24,1.000000000000000e-03,9.226447443588972e-04,7.735525564110278e-05
11500,25,-8.000000000000000e-04,-7.771951845030100e-04,-2.280481549699000e-05
11500,26,5.999999999999999e-04,5.059469926404188e-04,9.405300735958113e-05
11500,27,5.000000000000000e-04,4.903675450741489e-04,9.632454925851091e-06
11500,28,-4.000000000000000e-04,-4.069954277276768e-04,6.995427727676828e-06
11500,29,3.000000000000000e-04,3.236686944038743e-04,-2.366869440387437e-05
11600,0,1.200000000000000e-01,1.178017667120682e-01,2.198233287931811e-03
11600,1,-8.000000000000000e-02,-7.850570931696915e-02,-1.494290683030849e-03
11600,2,5.500000000000000e-02,5.404026044974322e-02,9.597395502567788e-04
11600,3,4.000000000000000e-02,3.921254451062744e-02,7.874554893725627e-04
11600,4,-3.000000000000000e-02,-2.952753462287492e-02,-4.724653771250829e-04
11600,5,2.500000000000000e-02,2.470911949061301e-02,2.908805093869878e-04
11600,6,2.000000000000000e-02,1.948665172478490e-02,5.133482752151010e-04
11600,7,-1.800000000000000e-02,-1.758632898650110e-02,-4.136710134988973e-04
11600,8,1.500000000000000e-02,1.472761516446213e-02,2.723848355378703e-04
11600,9,1.200000000000000e-02,1.178891583012961e-02,2.110841698703923e-04
11600,10,-1.000000000000000e-02,-9.889406551826449e-03,-1.105934481735512e-04
11600,11,8.999999999999999e-03,8.943221137963128e-03,5.677886203687109e-05
11600,12,8.000000000000000e-03,7.756664041516720e-03,2.433359584832805e-04
11600,13,-7.000000000000000e-03,-6.945712215861587e-03,-5.428778413841314e-05
11600,14,6.000000000000000e-03,5.899846952651298e-03,1.001530473487026e-04
11600,15,5.000000000000000e-03,4.861384536586455e-03,1.386154634135453e-04
11600,16,-4.000000000000000e-03,-3.982880242476134e-03,-1.711975752386602e-05
11600,17,3.500000000000000e-03,3.531272002661231e-03,-3.127200266123077e-05
11600,18,3.000000000000000e-03,2.904640638241772e-03,9.535936175822813e-05
11600,19,-2.500000000000000e-03,-2.582432188909049e-03,8.243218890904846e-05
11600,20,2.000000000000000e-03,2.054019126958449e-03,-5.401912695844916e-05
11600,21,1.800000000000000e-03,1.511175607603887e-03,2.888243923961132e-04
11600,22,-1.500000000000000e-03,-1.401559031592545e-03,-9.844096840745491e-05
11600,23,1.200000000000000e-03,1.059838408450006e-03,1.401615915499941e-04
11600,24,1.000000000000000e-03,9.225082581255441e-04,7.749174187445592e-05
11600,25,-8.000000000000000e-04,-7.607145545885238e-04,-3.928544541147627e-05
11600,26,5.999999999999999e-04,5.077432866968595e-04,9.225671330314049e-05
11600,27,5.000000000000000e-04,4.882752432406209e-04,1.172475675937908e-05
11600,28,-4.000000000000000e-04,-3.985599337761527e-04,-1.440066223847274e-06
11600,29,3.000000000000000e-04,3.360843620416403e-04,-3.608436204164035e-05
11700,0,1.200000000000000e-01,1.178814381171437e-01,2.118561882856251e-03
11700,1,-8.000000000000000e-02,-7.855341555793924e-02,-1.446584442060764e-03
11700,2,5.500000000000000e-02,5.407737579289465e-02,9.226242071053506e-04
11700,3,4.000000000000000e-02,3.924938465512493e-02,7.506153448750691e-04
11700,4,-3.000000000000000e-02,-2.954620434987071e-02,-4.537956501292871e-04
11700,5,2.500000000000000e-02,2.473030538289378e-02,2.696946171062212e-04
11700,6,2.000000000000000e-02,1.950649097961481e-02,4.935090203851931e-04
11700,7,-1.800000000000000e-02,-1.760798964489312e-02,-3.920103551068796e-04
11700,8,1.500000000000000e-02,1.474283720346707e-02,2.571627965329299e-04
11700,9,1.200000000000000e-02,1.180381888878005e-02,1.961811112199483e-04
11700,10,-1.000000000000000e-02,-9.897758552742617e-03,-1.022414472573833e-04
11700,11,8.999999999999999e-03,8.947610142072864e-03,5.238985792713549e-05
11700,12,8.000000000000000e-03,7.767872521230609e-03,2.321274787693908e-04
11700,13,-7.000000000000000e-03,-6.940991012725947e-03,-5.900898727405346e-05
11700,14,6.000000000000000e-03,5.902187255185864e-03,9.781274481413579e-05
11700,15,5.000000000000000e-03,4.867758419520117e-03,1.322415804798829e-04
11700,16,-4.000000000000000e-03,-3.977845777867091e-03,-2.215422213290921e-05
11700,17,3.500000000000000e-03,3.528307829059033e-03,-2.830782905903278e-05
11700,18,3.000000000000000e-03,2.912257885722675e-03,8.774211427732461e-05
11700,19,-2.500000000000000e-03,-2.574527719815410e-03,7.452771981540955e-05
11700,20,2.000000000000000e-03,2.046782404938129e-03,-4.678240493812946e-05
11700,21,1.800000000000000e-03,1.525752635284688e-03,2.742473647153118e-04
11700,22,-1.500000000000000e-03,-1.395565746276077e-03,-1.044342537239230e-04
11700,23,1.200000000000000e-03,1.053206035989336e-03,1.467939640106635e-04
11700,24,1.000000000000000e-03,9.275198708438028e-04,7.248012915619722e-05
11700,25,-8.000000000000000e-04,-7.459389316051024e-04,-5.406106839489760e-05
11700,26,5.999999999999999e-04,4.974525743047437e-04,1.025474256952562e-04
11700,27,5.000000000000000e-04,4.879937679035782e-04,1.200623209642179e-05
11700,28,-4.000000000000000e-04,-3.955968153849260e-04,-4.403184615073979e-06
11700,29,3.000000000000000e-04,3.376172970712949e-04,-3.761729707129491e-05
11800,0,1.200000000000000e-01,1.179626689558392e-01,2.037331044160845e-03
11800,1,-8.000000000000000e-02,-7.859785447709199e-02,-1.402145522908016e-03
11800,2,5.500000000000000e-02,5.411510460230809e-02,8.848953976919108e-04
11800,3,4.000000000000000e-02,3.928558114027311e-02,7.144188597268883e-04
11800,4,-3.000000000000000e-02,-2.956129918215535e-02,-4.387008178446498e-04
11800,5,2.500000000000000e-02,2.475237005881143e-02,2.476299411885673e-04
11800,6,2.000000000000000e-02,1.952334134995798e-02,4.766586500420215e-04
11800,7,-1.800000000000000e-02,-1.762427576749499e-02,-3.757242325050127e-04
11800,8,1.500000000000000e-02,1.475634548793752e-02,2.436545120624804e-04
11800,9,1.200000000000000e-02,1.180960067536528e-02,1.903993246347227e-04
11800,10,-1.000000000000000e-02,-9.904036419290172e-03,-9.596358070982844e-05
11800,11,8.999999999999999e-03,8.943009654281334e-03,5.699034571866532e-05
11800,12,8.000000000000000e-03,7.779383247111342e-03,2.206167528886584e-04
11800,13,-7.000000000000000e-03,-6.958737072186350e-03,-4.126292781364994e-05
11800,14,6.000000000000000e-03,5.903414677599170e-03,9.658532240083059e-05
11800,15,5.000000000000000e-03,4.885038959517888e-03,1.149610404821118e-04
11800,16,-4.000000000000000e-03,-3.999337999305705e-03,-6.620006942946802e-07
11800,17,3.500000000000000e-03,3.534408692666136e-03,-3.440869266613548e-05
11800,18,3.000000000000000e-03,2.925085215079884e-03,7.491478492011646e-05
11800,19,-2.500000000000000e-03,-2.582890429654053e-03,8.289042965405275e-05
11800,20,2.000000000000000e-03,2.051669351899637e-03,-5.166935189963731e-05
11800,21,1.800000000000000e-03,1.535878688420055e-03,2.641213115799452e-04
11800,22,-1.500000000000000e-03,-1.399572133563185e-03,-1.004278664368150e-04
11800,23,1.200000000000000e-03,1.070494990694869e-03,1.295050093051307e-04
11800,24,1.000000000000000e-03,9.334184228513034e-04,6.658157714869658e-05
11800,25,-8.000000000000000e-04,-7.448482633139422e-04,-5.515173668605789e-05
11800,26,5.999999999999999e-04,5.092136096913989e-04,9.078639030860101e-05
11800,27,5.000000000000000e-04,4.959209081067629e-04,4.079091893237092e-06
11800,28,-4.000000000000000e-04,-3.941538447078441e-04,-5.846155292155923e-06
11800,29,3.000000000000000e-04,3.496239875765001e-04,-4.962398757650017e-05
11900,0,1.200000000000000e-01,1.180304852420777e-01,1.969514757922342e-03
11900,1,-8.000000000000000e-02,-7.864567971179273e-02,-1.354320288207270e-03
11900,2,5.500000000000000e-02,5.414024085986441e-02,8.597591401355922e-04
11900,3,4.000000000000000e-02,3.930427890586620e-02,6.957210941338013e-04
11900,4,-3.000000000000000e-02,-2.957252601167335e-02,-4.274739883266508e-04
11900,5,2.500000000000000e-02,2.475735771381182e-02,2.426422861881786e-04
11900,6,2.000000000000000e-02,1.952996985880470e-02,4.700301411952983e-04
11900,7,-1.800000000000000e-02,-1.763225178088325e-02,-3.677482191167536e-04
11900,8,1.500000000000000e-02,1.477040294976867e-02,2.295970502313293e-04
11900,9,1.200000000000000e-02,1.181257057120405e-02,1.874294287959530e-04
11900,10,-1.000000000000000e-02,-9.905544990039044e-03,-9.445500996095590e-05
11900,11,8.999999999999999e-03,8.953683462468323e-03,4.631653753167653e-05
11900,12,8.000000000000000e-03,7.779915768848735e-03,2.200842311512654e-04
11900,13,-7.000000000000000e-03,-6.953879427408930e-03,-4.612057259107023e-05
11900,14,6.000000000000000e-03,5.905152891604908e-03,9.484710839509185e-05
11900,15,5.000000000000000e-03,4.892146394931206e-03,1.078536050687943e-04
11900,16,-4.000000000000000e-03,-4.005816490305818e-03,5.816490305818149e-06
11900,17,3.500000000000000e-03,3.533424746211766e-03,-3.342474621176577e-05
11900,18,3.000000000000000e-03,2.923509203973572e-03,7.649079602642817e-05
11900,19,-2.500000000000000e-03,-2.578339079118083e-03,7.833907911808336e-05
11900,20,2.000000000000000e-03,2.040565082373289e-03,-4.056508237328940e-05
11900,21,1.800000000000000e-03,1.543755721534566e-03,2.562442784654342e-04
11900,22,-1.500000000000000e-03,-1.401191807286914e-03,-9.880819271308630e-05
11900,23,1.200000000000000e-03,1.059374953139132e-03,1.406250468608680e-04
11900,24,1.000000000000000e-03,9.523198654553162e-04,4.768013454468380e-05
11900,25,-8.000000000000000e-04,-7.538497111977084e-04,-4.615028880229166e-05
11900,26,5.999999999999999e-04,5.149276227425111e-04,8.507237725748887e-05
11900,27,5.000000000000000e-04,4.864761076709935e-04,1.352389232900646e-05
11900,28,-4.000000000000000e-04,-4.009052912006103e-04,9.052912006103295e-07
11900,29,3.000000000000000e-04,3.539361321628253e-04,-5.393613216282537e-05
12000,0,1.200000000000000e-01,1.180877356487571e-01,1.912264351242934e-03
12000,1,-8.000000000000000e-02,-7.868102586225120e-02,-1.318974137748799e-03
12000,2,5.500000000000000e-02,5.417662739926862e-02,8.233726007313841e-04
12000,3,4.000000000000000e-02,3.932091856843220e-02,6.790814315678004e-04
12000,4,-3.000000000000000e-02,-2.956569694157000e-02,-4.343030584300009e-04
12000,5,2.500000000000000e-02,2.475928590045083e-02,2.407140995491705e-04
12000,6,2.000000000000000e-02,1.955259230995911e-02,4.474076900408894e-04
12000,7,-1.800000000000000e-02,-1.763102877234474e-02,-3.689712276552619e-04
12000,8,1.500000000000000e-02,1.477320730125734e-02,2.267926987426609e-04
12000,9,1.200000000000000e-02,1.182329457008760e-02,1.767054299124035e-04
12000,10,-1.000000000000000e-02,-9.890371657910259e-03,-1.096283420897407e-04
12000,11,8.999999999999999e-03,8.962901433192592e-03,3.709856680740760e-05
12000,12,8.000000000000000e-03,7.785843219972333e-03,2.141567800276675e-04
12000,13,-7.000000000000000e-03,-6.946727611449893e-03,-5.327238855010706e-05
12000,14,6.000000000000000e-03,5.918386164626111e-03,8.161383537388933e-05
12000,15,5.000000000000000e-03,4.896090870177134e-03,1.039091298228661e-04
12000,16,-4.000000000000000e-03,-4.006459716236275e-03,6.459716236274608e-06
12000,17,3.500000000000000e-03,3.542291186410967e-03,-4.229118641096681e-05
12000,18,3.000000000000000e-03,2.934280897239210e-03,6.571910276079044e-05
12000,19,-2.500000000000000e-03,-2.581227606528349e-03,8.122760652834893e-05
12000,20,2.000000000000000e-03,2.045464798850584e-03,-4.546479885058361e-05
12000,21,1.800000000000000e-03,1.558669008034149e-03,2.413309919658507e-04
12000,22,-1.500000000000000e-03,-1.399631789209816e-03,-1.003682107901841e-04
12000,23,1.200000000000000e-03,1.059479877273233e-03,1.405201227267668e-04
12000,24,1.000000000000000e-03,9.662515079521453e-04,3.374849204785472e-05
12000,25,-8.000000000000000e-04,-7.558554763087287e-04,-4.414452369127131e-05
12000,26,5.999999999999999e-04,5.197998933796010e-04,8.020010662039892e-05
12000,27,5.000000000000000e-04,4.941737370961544e-04,5.826262903845620e-06
12000,28,-4.000000000000000e-04,-3.935186410031014e-04,-6.481358996898582e-06
12000,29,3.000000000000000e-04,3.605370932841117e-04,-6.053709328411177e-05
12100,0,1.200000000000000e-01,1.181503737806675e-01,1.849626219332476e-03
12100,1,-8.000000000000000e-02,-7.872761945546065e-02,-1.272380544539348e-03
12100,2,5.500000000000000e-02,5.419605465316769e-02,8.039453468323132e-04
12100,3,4.000000000000000e-02,3.935049061318379e-02,6.495093868162105e-04
12100,4,-3.000000000000000e-02,-2.958422092644761e-02,-4.157790735523879e-04
12100,5,2.500000000000000e-02,2.476775348311949e-02,2.322465168805160e-04
12100,6,2.000000000000000e-02,1.956713622930224e-02,4.328637706977577e-04
12100,7,-1.800000000000000e-02,-1.764719553912342e-02,-3.528044608765782e-04
12100,8,1.500000000000000e-02,1.477987039029422e-02,2.201296097057784e-04
12100,9,1.200000000000000e-02,1.183726720841225e-02,1.627327915877524e-04
12100,10,-1.000000000000000e-02,-9.906228098202388e-03,-9.377190179761172e-05
12100,11,8.999999999999999e-03,8.971902164312229e-03,2.809783568777022e-05
12100,12,8.000000000000000e-03,7.796670960013847e-03,2.033290399861536e-04
12100,13,-7.000000000000000e-03,-6.959970777705085e-03,-4.002922229491470e-05
12100,14,6.000000000000000e-03,5.927310002520570e-03,7.268999747942970e-05
12100,15,5.000000000000000e-03,4.898273859316546e-03,1.017261406834544e-04
12100,16,-4.000000000000000e-03,-4.017799641657402e-03,1.779964165740146e-05
12100,17,3.500000000000000e-03,3.534922717306838e-03,-3.492271730683822e-05
12100,18,3.000000000000000e-03,2.949474623334690e-03,5.052537666531010e-05
12100,19,-2.500000000000000e-03,-2.602581860281804e-03,1.025818602818037e-04
12100,20,2.000000000000000e-03,2.039789393299145e-03,-3.978939329914470e-05
12100,21,1.800000000000000e-03,1.572979253028324e-03,2.270207469716764e-04
12100,22,-1.500000000000000e-03,-1.412708902356269e-03,-8.729109764373053e-05
12100,23,1.200000000000000e-03,1.057764798811246e-03,1.422352011887535e-04
12100,24,1.000000000000000e-03,9.756045897821014e-04,2.439541021789858e-05
12100,25,-8.000000000000000e-04,-7.726167120995625e-04,-2.738328790043750e-05
12100,26,5.999999999999999e-04,5.210439137082275e-04,7.895608629177248e-05
12100,27,5.000000000000000e-04,4.970489088275163e-04,2.951091172483686e-06
12100,28,-4.000000000000000e-04,-4.082523569429172e-04,8.252356942917215e-06
12100,29,3.000000000000000e-04,3.643070193380044e-04,-6.430701933800439e-05
12200,0,1.200000000000000e-01,1.182021183764955e-01,1.797881623504513e-03
12200,1,-8.000000000000000e-02,-7.877138925009380e-02,-1.228610749906198e-03
12200,2,5.500000000000000e-02,5.421374395689074e-02,7.862560431092652e-04
12200,3,4.000000000000000e-02,3.937366845113448e-02,6.263315488655163e-04
12200,4,-3.000000000000000e-02,-2.960458337476355e-02,-3.954166252364485e-04
12200,5,2.500000000000000e-02,2.477850508669232e-02,2.214949133076786e-04
12200,6,2.000000000000000e-02,1.957538395624237e-02,4.246160437576287e-04
12200,7,-1.800000000000000e-02,-1.766043124041396e-02,-3.395687595860349e-04
12200,8,1.500000000000000e-02,1.478659378749057e-02,2.134062125094330e-04
12200,9,1.200000000000000e-02,1.183573838817280e-02,1.642616118271972e-04
12200,10,-1.000000000000000e-02,-9.908267278228838e-03,-9.173272177116255e-05
12200,11,8.999999999999999e-03,8.973746611867240e-03,2.625338813275896e-05
12200,12,8.000000000000000e-03,7.796360370510862e-03,2.036396294891381e-04
12200,13,-7.000000000000000e-03,-6.961308233945877e-03,-3.869176605412333e-05
12200,14,6.000000000000000e-03,5.924525980637048e-03,7.547401936295207e-05
12200,15,5.000000000000000e-03,4.899037103130278e-03,1.009628968697222e-04
12200,16,-4.000000000000000e-03,-4.011628674189586e-03,1.162867418958574e-05
12200,17,3.500000000000000e-03,3.526701254123657e-03,-2.670125412365665e-05
12200,18,3.000000000000000e-03,2.955416271267972e-03,4.458372873202780e-05
12200,19,-2.500000000000000e-03,-2.607614818615448e-03,1.076148186154482e-04
12200,20,2.000000000000000e-03,2.047229433731719e-03,-4.722943373171870e-05
12200,21,1.800000000000000e-03,1.572852997041831e-03,2.271470029581687e-04
12200,22,-1.500000000000000e-03,-1.412286437617290e-03,-8.771356238271018e-05
12200,23,1.200000000000000e-03,1.062168407006665e-03,1.378315929933351e-04
12200,24,1.000000000000000e-03,9.748877261978521e-04,2.511227380214793e-05
12200,25,-8.000000000000000e-04,-7.753629565481312e-04,-2.463704345186883e-05
12200,26,5.999999999999999e-04,5.314023394131195e-04,6.859766058688044e-05
12200,27,5.000000000000000e-04,4.900788483797924e-04,9.921151620207575e-06
12200,28,-4.000000000000000e-04,-4.024530398019345e-04,2.453039801934452e-06
12200,29,3.000000000000000e-04,3.559712610292730e-04,-5.597126102927300e-05
12300,0,1.200000000000000e-01,1.182692666298003e-01,1.730733370199675e-03
12300,1,-8.000000000000000e-02,-7.880763927655633e-02,-1.192360723443670e-03
12300,2,5.500000000000000e-02,5.425047151745683e-02,7.495284825431714e-04
12300,3,4.000000000000000e-02,3.940282031056692e-02,5.971796894330764e-04
12300,4,-3.000000000000000e-02,-2.961420177656607e-02,-3.857982234339308e-04
12300,5,2.500000000000000e-02,2.478764714144793e-02,2.123528585520756e-04
12300,6,2.000000000000000e-02,1.959744887886829e-02,4.025511211317098e-04
12300,7,-1.800000000000000e-02,-1.766721336742345e-02,-3.327866325765483e-04
12300,8,1.500000000000000e-02,1.479379668167960e-02,2.062033183204016e-04
12300,9,1.200000000000000e-02,1.186261195438308e-02,1.373880456169204e-04
12300,10,-1.000000000000000e-02,-9.913971818217678e-03,-8.602818178232198e-05
12300,11,8.999999999999999e-03,8.985594924108012e-03,1.440507589198746e-05
12300,12,8.000000000000000e-03,7.815890143349311e-03,1.841098566506896e-04
12300,13,-7.000000000000000e-03,-6.964365522657936e-03,-3.563447734206398e-05
12300,14,6.000000000000000e-03,5.939437646048109e-03,6.056235395189135e-05
12300,15,5.000000000000000e-03,4.900747093126791e-03,9.925290687320953e-05
12300,16,-4.000000000000000e-03,-4.013059407092194e-03,1.305940709219345e-05
12300,17,3.500000000000000e-03,3.544149435508878e-03,-4.414943550887836e-05
12300,18,3.000000000000000e-03,2.949437898975474e-03,5.056210102452607e-05
12300,19,-2.500000000000000e-03,-2.595393486123760e-03,9.539348612375978e-05
12300,20,2.000000000000000e-03,2.051482387645159e-03,-5.148238764515929e-05
12300,21,1.800000000000000e-03,1.587537235324665e-03,2.124627646753348e-04
12300,22,-1.500000000000000e-03,-1.421652710953408e-03,-7.834728904659253e-05
12300,23,1.200000000000000e-03,1.075481424479965e-03,1.245185755200350e-04
12300,24,1.000000000000000e-03,9.682647175506515e-04,3.173528244934849e-05
12300,25,-8.000000000000000e-04,-7.765410437836634e-04,-2.345895621633665e-05
12300,26,5.999999999999999e-04,5.318577940763879e-04,6.814220592361202e-05
12300,27,5.000000000000000e-04,4.893797384964523e-04,1.062026150354769e-05
12300,28,-4.000000000000000e-04,-4.030593463000094e-04,3.059346300009365e-06
12300,29,3.000000000000000e-04,3.635637892843388e-04,-6.356378928433883e-05
12400,0,1.200000000000000e-01,1.183327198593552e-01,1.667280140644781e-03
12400,1,-8.000000000000000e-02,-7.884926839072391e-02,-1.150731609276090e-03
12400,2,5.500000000000000e-02,5.428307781361588e-02,7.169221863841252e-04
12400,3,4.000000000000000e-02,3.941128371675783e-02,5.887162832421688e-04
12400,4,-3.000000000000000e-02,-2.961810842132995e-02,-3.818915786700516e-04
12400,5,2.500000000000000e-02,2.478931665422827e-02,2.106833457717269e-04
12400,6,2.000000000000000e-02,1.960818791642369e-02,3.918120835763109e-04
12400,7,-1.800000000000000e-02,-1.767254244945596e-02,-3.274575505440372e-04
12400,8,1.500000000000000e-02,1.479412758039292e-02,2.058724196070828e-04
12400,9,1.200000000000000e-02,1.187111381675388e-02,1.288861832461196e-04
12400,10,-1.000000000000000e-02,-9.920234336487005e-03,-7.976566351299529e-05
12400,11,8.999999999999999e-03,8.997227797661799e-03,2.772202338199858e-06
12400,12,8.000000000000000e-03,7.820780753369118e-03,1.792192466308819e-04
12400,13,-7.000000000000000e-03,-6.960818839908981e-03,-3.918116009101868e-05
12400,14,6.000000000000000e-03,5.942450837528130e-03,5.754916247186978e-05
12400,15,5.000000000000000e-03,4.906407056517851e-03,9.359294348214916e-05
12400,16,-4.000000000000000e-03,-4.006158660277357e-03,6.158660277357127e-06
12400,17,3.500000000000000e-03,3.540918768470353e-03,-4.091876847035292e-05
12400,18,3.000000000000000e-03,2.958981753051232e-03,4.101824694876773e-05
12400,19,-2.500000000000000e-03,-2.594737151774611e-03,9.473715177461123e-05
12400,20,2.000000000000000e-03,2.050040928080974e-03,-5.004092808097438e-05
12400,21,1.800000000000000e-03,1.598052676307865e-03,2.019473236921354e-04
12400,22,-1.500000000000000e-03,-1.427580392842596e-03,-7.241960715740443e-05
12400,23,1.200000000000000e-03,1.077094452156348e-03,1.229055478436521e-04
12400,24,1.000000000000000e-03,9.738552809878921e-04,2.614471901210796e-05
12400,25,-8.000000000000000e-04,-7.866934079165394e-04,-1.330659208346064e-05
12400,26,5.999999999999999e-04,5.419092609686134e-04,5.809073903138655e-05
12400,27,5.000000000000000e-04,4.824334677900270e-04,1.756653220997303e-05
12400,28,-4.000000000000000e-04,-3.964427704101683e-04,-3.557229589831691e-06
12400,29,3.000000000000000e-04,3.582374508243346e-04,-5.823745082433461e-05
12500,0,1.200000000000000e-01,1.183928300756479e-01,1.607169924352142e-03
12500,1,-8.000000000000000e-02,-7.889537284280400e-02,-1.104627157196003e-03
12500,2,5.500000000000000e-02,5.429508187863671e-02,7.049181213632932e-04
12500,3,4.000000000000000e-02,3.944015455456252e-02,5.598454454374818e-04
12500,4,-3.000000000000000e-02,-2.964280332413471e-02,-3.571966758652879e-04
12500,5,2.500000000000000e-02,2.479036011029050e-02,2.096398897095016e-04
12500,6,2.000000000000000e-02,1.962518491014507e-02,3.748150898549331e-04
12500,7,-1.800000000000000e-02,-1.769950782802203e-02,-3.004921719779695e-04
12500,8,1.500000000000000e-02,1.481244143899155e-02,1.875585610084472e-04
12500,9,1.200000000000000e-02,1.187233266011788e-02,1.276673398821239e-04
12500,10,-1.000000000000000e-02,-9.932203445656183e-03,-6.779655434381755e-05
12500,11,8.999999999999999e-03,9.002558857272931e-03,-2.558857272931189e-06
12500,12,8.000000000000000e-03,7.831129406528321e-03,1.688705934716796e-04
12500,13,-7.000000000000000e-03,-6.973758033073716e-03,-2.624196692628446e-05
12500,14,6.000000000000000e-03,5.959416207036734e-03,4.058379296326565e-05
12500,15,5.000000000000000e-03,4.904559423201048e-03,9.544057679895194e-05
12500,16,-4.000000000000000e-03,-4.021385979383275e-03,2.138597938327463e-05
12500,17,3.500000000000000e-03,3.552748255374803e-03,-5.274825537480250e-05
12500,18,3.000000000000000e-03,2.952710693523770e-03,4.728930647622965e-05
12500,19,-2.500000000000000e-03,-2.601739865653534e-03,1.017398656535337e-04
12500,20,2.000000000000000e-03,2.054847491444908e-03,-5.484749144490757e-05
12500,21,1.800000000000000e-03,1.602994824060840e-03,1.970051759391596e-04
12500,22,-1.500000000000000e-03,-1.437216671028402e-03,-6.278332897159851e-05
12500,23,1.200000000000000e-03,1.081449188485592e-03,1.185508115144078e-04
12500,24,1.000000000000000e-03,9.750693178885222e-04,2.493068211147781e-05
12500,25,-8.000000000000000e-04,-7.872330404488471e-04,-1.276695955115294e-05
12500,26,5.999999999999999e-04,5.457362319123277e-04,5.426376808767227e-05
12500,27,5.000000000000000e-04,4.822379856650841e-04,1.776201433491596e-05
12500,28,-4.000000000000000e-04,-3.982994793882138e-04,-1.700520611786253e-06
12500,29,3.000000000000000e-04,3.471337912384245e-04,-4.713379123842448e-05
12600,0,1.200000000000000e-01,1.184406740964413e-01,1.559325903558714e-03
12600,1,-8.000000000000000e-02,-7.892026387597961e-02,-1.079736124020389e-03
12600,2,5.500000000000000e-02,5.431825519887869e-02,6.817448011213062e-04
12600,3,4.000000000000000e-02,3.945996171477253e-02,5.400382852274663e-04
12600,4,-3.000000000000000e-02,-2.964643949891553e-02,-3.535605010844718e-04
12600,5,2.500000000000000e-02,2.480492005384459e-02,1.950799461554083e-04
12600,6,2.000000000000000e-02,1.963503702530410e-02,3.649629746958968e-04
12600,7,-1.800000000000000e-02,-1.769488012650304e-02,-3.051198734969583e-04
12600,8,1.500000000000000e-02,1.482017069428856e-02,1.798293057114434e-04
12600,9,1.200000000000000e-02,1.187506075875602e-02,1.249392412439841e-04
12600,10,-1.000000000000000e-02,-9.926855852105069e-03,-7.314414789493136e-05
12600,11,8.999999999999999e-03,9.009437656550242e-03,-9.437656550242285e-06
12600,12,8.000000000000000e-03,7.836458293349495e-03,1.635417066505052e-04
12600,13,-7.000000000000000e-03,-6.968102260781123e-03,-3.189773921887743e-05
12600,14,6.000000000000000e-03,5.961713875302736e-03,3.828612469726402e-05
12600,15,5.000000000000000e-03,4.906844902097539e-03,9.315509790246146e-05
12600,16,-4.000000000000000e-03,-4.012857965120674e-03,1.285796512067415e-05
12600,17,3.500000000000000e-03,3.546718448175814e-03,-4.671844817581402e-05
12600,18,3.000000000000000e-03,2.957512653671091e-03,4.248734632890903e-05
12600,19,-2.500000000000000e-03,-2.593937314451861e-03,9.393731445186048e-05
12600,20,2.000000000000000e-03,2.049829326156172e-03,-4.982932615617231e-05
12600,21,1.800000000000000e-03,1.610616613879303e-03,1.893833861206973e-04
12600,22,-1.500000000000000e-03,-1.427786020818696e-03,-7.221397918130354e-05
12600,23,1.200000000000000e-03,1.075868865047750e-03,1.241311349522503e-04
12600,24,1.000000000000000e-03,9.778439381325078e-04,2.215606186749220e-05
12600,25,-8.000000000000000e-04,-7.773380002474802e-04,-2.266199975251980e-05
12600,26,5.999999999999999e-04,5.449073236264761e-04,5.509267637352389e-05
12600,27,5.000000000000000e-04,4.851031961906627e-04,1.489680380933726e-05
12600,28,-4.000000000000000e-04,-4.014138709203674e-04,1.413870920367367e-06
12600,29,3.000000000000000e-04,3.533133093534622e-04,-5.331330935346221e-05
12700,0,1.200000000000000e-01,1.184909717518799e-01,1.509028248120048e-03
12700,1,-8.000000000000000e-02,-7.895054281704983e-02,-1.049457182950173e-03
12700,2,5.500000000000000e-02,5.433732920076922e-02,6.626707992307759e-04
12700,3,4.000000000000000e-02,3.947059196110660e-02,5.294080388933975e-04
12700,4,-3.000000000000000e-02,-2.964925402685650e-02,-3.507459731435028e-04
12700,5,2.500000000000000e-02,2.481245425880628e-02,1.875457411937217e-04
12700,6,2.000000000000000e-02,1.964624353253827e-02,3.537564674617293e-04
12700,7,-1.800000000000000e-02,-1.770331886467115e-02,-2.966811353288488e-04
12700,8,1.500000000000000e-02,1.483045050950466e-02,1.695494904953437e-04
12700,9,1.200000000000000e-02,1.187967063368716e-02,1.203293663128366e-04
12700,10,-1.000000000000000e-02,-9.927131869612801e-03,-7.286813038719954e-05
12700,11,8.999999999999999e-03,9.009189360803568e-03,-9.189360803569038e-06
12700,12,8.000000000000000e-03,7.842437577971619e-03,1.575624220283810e-04
12700,13,-7.000000000000000e-03,-6.961160565287843e-03,-3.883943471215748e-05
12700,14,6.000000000000000e-03,5.968127084405217e-03,3.187291559478278e-05
12700,15,5.000000000000000e-03,4.919157965944129e-03,8.084203405587121e-05
12700,16,-4.000000000000000e-03,-4.017787906875140e-03,1.778790687514010e-05
12700,17,3.500000000000000e-03,3.546793612610341e-03,-4.679361261034120e-05
12700,18,3.000000000000000e-03,2.964982340644091e-03,3.501765935590888e-05
12700,19,-2.500000000000000e-03,-2.587011533889707e-03,8.701153388970730e-05
12700,20,2.000000000000000e-03,2.049163964252399e-03,-4.916396425239849e-05
12700,21,1.800000000000000e-03,1.623022810324380e-03,1.769771896756201e-04
12700,22,-1.500000000000000e-03,-1.432590828302237e-03,-6.740917169776326e-05
12700,23,1.200000000000000e-03,1.093982075171604e-03,1.060179248283963e-04
12700,24,1.000000000000000e-03,9.748585701032847e-04,2.514142989671535e-05
12700,25,-8.000000000000000e-04,-7.655388910475772e-04,-3.446110895242288e-05
12700,26,5.999999999999999e-04,5.400920888291535e-04,5.990791117084645e-05
12700,27,5.000000000000000e-04,5.003293853621013e-04,-3.293853621012550e-07
12700,28,-4.000000000000000e-04,-3.971537909194250e-04,-2.846209080574990e-06
12700,29,3.000000000000000e-04,3.547307460539094e-04,-5.473074605390942e-05
12800,0,1.200000000000000e-01,1.185321565758856e-01,1.467843424114393e-03
12800,1,-8.000000000000000e-02,-7.898460751380972e-02,-1.015392486190286e-03
12800,2,5.500000000000000e-02,5.435620279431010e-02,6.437972056899041e-04
12800,3,4.000000000000000e-02,3.948530657365117e-02,5.146934263488279e-04
12800,4,-3.000000000000000e-02,-2.965997376501221e-02,-3.400262349877864e-04
12800,5,2.500000000000000e-02,2.482011380930385e-02,1.798861906961505e-04
12800,6,2.000000000000000e-02,1.965081829556398e-02,3.491817044360239e-04
12800,7,-1.800000000000000e-02,-1.770510150191257e-02,-2.948984980874272e-04
12800,8,1.500000000000000e-02,1.481781596492214e-02,1.821840350778627e-04
12800,9,1.200000000000000e-02,1.189131651476102e-02,1.086834852389845e-04
12800,10,-1.000000000000000e-02,-9.927808747794857e-03,-7.219125220514315e-05
12800,11,8.999999999999999e-03,8.994088796490673e-03,5.911203509326515e-06
12800,12,8.000000000000000e-03,7.853923951491603e-03,1.460760485083971e-04
12800,13,-7.000000000000000e-03,-6.971561605641375e-03,-2.843839435862517e-05
12800,14,6.000000000000000e-03,5.971852912417461e-03,2.814708758253938e-05
12800,15,5.000000000000000e-03,4.918793499908323e-03,8.120650009167674e-05
12800,16,-4.000000000000000e-03,-4.016363120552894e-03,1.636312055289420e-05
12800,17,3.500000000000000e-03,3.548552363821647e-03,-4.855236382164717e-05
12800,18,3.000000000000000e-03,2.961243484570238e-03,3.875651542976227e-05
12800,19,-2.500000000000000e-03,-2.580504949583262e-03,8.050494958326219e-05
12800,20,2.000000000000000e-03,2.049484968778193e-03,-4.948496877819333e-05
12800,21,1.800000000000000e-03,1.624634854830136e-03,1.753651451698642e-04
12800,22,-1.500000000000000e-03,-1.435317622658986e-03,-6.468237734101449e-05
12800,23,1.200000000000000e-03,1.099667423235958e-03,1.003325767640415e-04
12800,24,1.000000000000000e-03,9.732538150401519e-04,2.674618495984813e-05
12800,25,-8.000000000000000e-04,-7.687752911500597e-04,-3.122470884994039e-05
12800,26,5.999999999999999e-04,5.442423950426516e-04,5.575760495734835e-05
12800,27,5.000000000000000e-04,4.994006096609038e-04,5.993903390962224e-07
12800,28,-4.000000000000000e-04,-3.931060447967537e-04,-6.893955203246310e-06
12800,29,3.000000000000000e-04,3.532265566286314e-04,-5.322655662863139e-05
12900,0,1.200000000000000e-01,1.185808413051088e-01,1.419158694891162e-03
12900,1,-8.000000000000000e-02,-7.901405948487006e-02,-9.859405151299433e-04
12900,2,5.500000000000000e-02,5.437646504820488e-02,6.235349517951169e-04
12900,3,4.000000000000000e-02,3.949928734816756e-02,5.007126518324426e-04
12900,4,-3.000000000000000e-02,-2.967237090902023e-02,-3.276290909797717e-04
12900,5,2.500000000000000e-02,2.482978487769191e-02,1.702151223080886e-04
12900,6,2.000000000000000e-02,1.965693021998914e-02,3.430697800108559e-04
12900,7,-1.800000000000000e-02,-1.770855267745991e-02,-2.914473225400921e-04
12900,8,1.500000000000000e-02,1.482477278643341e-02,1.752272135665880e-04
12900,9,1.200000000000000e-02,1.189478872486903e-02,1.052112751309658e-04
12900,10,-1.000000000000000e-02,-9.928291935393654e-03,-7.170806460634650e-05
12900,11,8.999999999999999e-03,8.998295795365036e-03,1.704204634963430e-06
12900,12,8.000000000000000e-03,7.854254523673372e-03,1.457454763266284e-04
12900,13,-7.000000000000000e-03,-6.964393814371046e-03,-3.560618562895457e-05
12900,14,6.000000000000000e-03,5.975836087549890e-03,2.416391245011005e-05
12900,15,5.000000000000000e-03,4.909075240167341e-03,9.092475983265950e-05
12900,16,-4.000000000000000e-03,-4.005806185707428e-03,5.806185707427428e-06
12900,17,3.500000000000000e-03,3.548370513145442e-03,-4.837051314544177e-05
12900,18,3.000000000000000e-03,2.959522925539636e-03,4.047707446036379e-05
12900,19,-2.500000000000000e-03,-2.579652648144556e-03,7.965264814455619e-05
12900,20,2.000000000000000e-03,2.050820584483603e-03,-5.082058448360261e-05
12900,21,1.800000000000000e-03,1.636161947462222e-03,1.638380525377776e-04
12900,22,-1.500000000000000e-03,-1.445894292035757e-03,-5.410570796424347e-05
12900,23,1.200000000000000e-03,1.114166212991155e-03,8.583378700884525e-05
12900,24,1.000000000000000e-03,9.666479539689470e-04,3.335204603105305e-05
12900,25,-8.000000000000000e-04,-7.737242941548255e-04,-2.627570584517449e-05
12900,26,5.999999999999999e-04,5.574981283581375e-04,4.250187164186244e-05
12900,27,5.000000000000000e-04,4.922546136427059e-04,7.745386357294114e-06
12900,28,-4.000000000000000e-04,-3.971128935906669e-04,-2.887106409333088e-06
12900,29,3.000000000000000e-04,3.590144423528646e-04,-5.901444235286460e-05
13000,0,1.200000000000000e-01,1.186383134108343e-01,1.361686589165745e-03
13000,1,-8.000000000000000e-02,-7.905992342514410e-02,-9.400765748558970e-04
13000,2,5.500000000000000e-02,5.439591055227238e-02,6.040894477276210e-04
13000,3,4.000000000000000e-02,3.953093498968804e-02,4.690650103119642e-04
13000,4,-3.000000000000000e-02,-2.970898863906474e-02,-2.910113609352546e-04
13000,5,2.500000000000000e-02,2.485054569993552e-02,1.494543000644770e-04
13000,6,2.000000000000000e-02,1.966270873410214e-02,3.372912658978627e-04
13000,7,-1.800000000000000e-02,-1.772506230375746e-02,-2.749376962425387e-04
13000,8,1.500000000000000e-02,1.483802479433767e-02,1.619752056623291e-04
13000,9,1.200000000000000e-02,1.189253383058950e-02,1.074661694105035e-04
13000,10,-1.000000000000000e-02,-9.938060699465394e-03,-6.193930053460632e-05
13000,11,8.999999999999999e-03,9.006047645094738e-03,-6.047645094738388e-06
13000,12,8.000000000000000e-03,7.849943288920939e-03,1.500567110790611e-04
13000,13,-7.000000000000000e-03,-6.971794783799341e-03,-2.820521620065884e-05
13000,14,6.000000000000000e-03,5.985509745246152e-03,1.449025475384804e-05
13000,15,5.000000000000000e-03,4.904433527631048e-03,9.556647236895217e-05
13000,16,-4.000000000000000e-03,-4.007641629244981e-03,7.641629244980845e-06
13000,17,3.500000000000000e-03,3.557797144700040e-03,-5.779714470004020e-05
13000,18,3.000000000000000e-03,2.949550658056229e-03,5.044934194377076e-05
13000,19,-2.500000000000000e-03,-2.568864588468925e-03,6.886458846892471e-05
13000,20,2.000000000000000e-03,2.050269375581612e-03,-5.026937558161217e-05
13000,21,1.800000000000000e-03,1.632146708974440e-03,1.678532910255599e-04
13000,22,-1.500000000000000e-03,-1.436108970079980e-03,-6.389102992001997e-05
13000,23,1.200000000000000e-03,1.114279025709093e-03,8.572097429090648e-05
13000,24,1.000000000000000e-03,9.585350375549862e-04,4.146496244501383e-05
13000,25,-8.000000000000000e-04,-7.613184998723479e-04,-3.868150012765212e-05
13000,26,5.999999999999999e-04,5.527000545011478e-04,4.729994549885217e-05
13000,27,5.000000000000000e-04,4.842687804606101e-04,1.573121953938987e-05
13000,28,-4.000000000000000e-04,-3.803924075739666e-04,-1.960759242603346e-05
13000,29,3.000000000000000e-04,3.527611506717150e-04,-5.276115067171498e-05
13100,0,1.200000000000000e-01,1.186833553981043e-01,1.316644601895733e-03
13100,1,-8.000000000000000e-02,-7.909016439982910e-02,-9.098356001708968e-04
13100,2,5.500000000000000e-02,5.441007010541034e-02,5.899298945896622e-04
13100,3,4.000000000000000e-02,3.954877313568077e-02,4.512268643192263e-04
13100,4,-3.000000000000000e-02,-2.972475010908783e-02,-2.752498909121652e-04
13100,5,2.500000000000000e-02,2.486325423523786e-02,1.367457647621396e-04
13100,6,2.000000000000000e-02,1.967466916772578e-02,3.253308322742204e-04
13100,7,-1.800000000000000e-02,-1.773623332511551e-02,-2.637666748844872e-04
13100,8,1.500000000000000e-02,1.484999409900256e-02,1.500059009974380e-04
13100,9,1.200000000000000e-02,1.188512543886728e-02,1.148745611327211e-04
13100,10,-1.000000000000000e-02,-9.933065648284372e-03,-6.693435171562824e-05
13100,11,8.999999999999999e-03,9.008542081390417e-03,-8.542081390417247e-06
13100,12,8.000000000000000e-03,7.841407673300492e-03,1.585923266995085e-04
13100,13,-7.000000000000000e-03,-6.962186987428071e-03,-3.781301257192900e-05
13100,14,6.000000000000000e-03,5.987277627127260e-03,1.272237287274023e-05
13100,15,5.000000000000000e-03,4.899733274737493e-03,1.002667252625071e-04
13100,16,-4.000000000000000e-03,-3.997744755716317e-03,-2.255244283683178e-06
13100,17,3.500000000000000e-03,3.558550016953030e-03,-5.855001695303022e-05
13100,18,3.000000000000000e-03,2.947247359715462e-03,5.275264028453772e-05
13100,19,-2.500000000000000e-03,-2.566991580171309e-03,6.699158017130918e-05
13100,20,2.000000000000000e-03,2.059914361496767e-03,-5.991436149676730e-05
13100,21,1.800000000000000e-03,1.636715527768077e-03,1.632844722319229e-04
13100,22,-1.500000000000000e-03,-1.439950574639771e-03,-6.004942536022920e-05
13100,23,1.200000000000000e-03,1.121937668714833e-03,7.806233128516667e-05
13100,24,1.000000000000000e-03,9.553966319535972e-04,4.460336804640286e-05
13100,25,-8.000000000000000e-04,-7.638335921041407e-04,-3.616640789585936e-05
13100,26,5.999999999999999e-04,5.507861353815507e-04,4.921386461844920e-05
13100,27,5.000000000000000e-04,4.826590321879159e-04,1.734096781208413e-05
13100,28,-4.000000000000000e-04,-3.770147703885032e-04,-2.298522961149686e-05
13100,29,3.000000000000000e-04,3.468449033733227e-04,-4.684490337332269e-05
13200,0,1.200000000000000e-01,1.187258919801431e-01,1.274108019856862e-03
13200,1,-8.000000000000000e-02,-7.912193056809624e-02,-8.780694319037580e-04
13200,2,5.500000000000000e-02,5.443223467220133e-02,5.677653277986749e-04
13200,3,4.000000000000000e-02,3.956326095711954e-02,4.367390428804616e-04
13200,4,-3.000000000000000e-02,-2.973427552186674e-02,-2.657244781332571e-04
13200,5,2.500000000000000e-02,2.486561916852871e-02,1.343808314712945e-04
13200,6,2.000000000000000e-02,1.968012886698445e-02,3.198711330155458e-04
13200,7,-1.800000000000000e-02,-1.773515994568228e-02,-2.648400543177228e-04
13200,8,1.500000000000000e-02,1.485058644812908e-02,1.494135518709163e-04
13200,9,1.200000000000000e-02,1.188377888619070e-02,1.162211138093002e-04
13200,10,-1.000000000000000e-02,-9.930843339594800e-03,-6.915666040520005e-05
13200,11,8.999999999999999e-03,9.003459001332667e-03,-3.459001332667411e-06
13200,12,8.000000000000000e-03,7.851565595552671e-03,1.484344044473292e-04
13200,13,-7.000000000000000e-03,-6.968713782956555e-03,-3.128621704344501e-05
13200,14,6.000000000000000e-03,5.994306964898850e-03,5.693035101150476e-06
13200,15,5.000000000000000e-03,4.904308851652229e-03,9.569114834777088e-05
13200,16,-4.000000000000000e-03,-4.006481379457614e-03,6.481379457613790e-06
13200,17,3.500000000000000e-03,3.565208915575013e-03,-6.520891557501313e-05
13200,18,3.000000000000000e-03,2.940527208030466e-03,5.947279196953431e-05
13200,19,-2.500000000000000e-03,-2.567483686591729e-03,6.748368659172848e-05
13200,20,2.000000000000000e-03,2.060277703515596e-03,-6.027770351559611e-05
13200,21,1.800000000000000e-03,1.633212299429458e-03,1.667877005705417e-04
13200,22,-1.500000000000000e-03,-1.443583033742593e-03,-5.641696625740731e-05
13200,23,1.200000000000000e-03,1.128656258717776e-03,7.134374128222351e-05
13200,24,1.000000000000000e-03,9.560600539250881e-04,4.393994607491188e-05
13200,25,-8.000000000000000e-04,-7.718901565427675e-04,-2.810984345723256e-05
13200,26,5.999999999999999e-04,5.601140647733891e-04,3.988593522661081e-05
13200,27,5.000000000000000e-04,4.838230020209163e-04,1.617699797908372e-05
13200,28,-4.000000000000000e-04,-3.791489584536900e-04,-2.085104154631002e-05
13200,29,3.000000000000000e-04,3.501340278103342e-04,-5.013402781033419e-05
13300,0,1.200000000000000e-01,1.187670765798779e-01,1.232923420122101e-03
13300,1,-8.000000000000000e-02,-7.916329577153768e-02,-8.367042284623261e-04
13300,2,5.500000000000000e-02,5.445082206193776e-02,5.491779380622439e-04
13300,3,4.000000000000000e-02,3.958456224762195e-02,4.154377523780534e-04
13300,4,-3.000000000000000e-02,-2.974479944620285e-02,-2.552005537971511e-04
13300,5,2.500000000000000e-02,2.486113519318782e-02,1.388648068121785e-04
13300,6,2.000000000000000e-02,1.969833801132565e-02,3.016619886743489e-04
13300,7,-1.800000000000000e-02,-1.774159503115419e-02,-2.584049688458094e-04
13300,8,1.500000000000000e-02,1.485074357870152e-02,1.492564212984826e-04
13300,9,1.200000000000000e-02,1.189228174960020e-02,1.077182503997996e-04
13300,10,-1.000000000000000e-02,-9.934580983801277e-03,-6.541901619872351e-05
13300,11,8.999999999999999e-03,9.002648418711035e-03,-2.648418711035522e-06
13300,12,8.000000000000000e-03,7.861240484237126e-03,1.387595157628738e-04
13300,13,-7.000000000000000e-03,-6.970052978892966e-03,-2.994702110703431e-05
13300,14,6.000000000000000e-03,5.994415219854497e-03,5.584780145503204e-06
13300,15,5.000000000000000e-03,4.902451993423635e-03,9.754800657636557e-05
13300,16,-4.000000000000000e-03,-3.997375514990555e-03,-2.624485009444615e-06
13300,17,3.500000000000000e-03,3.556404407805000e-03,-5.640440780500019e-05
13300,18,3.000000000000000e-03,2.940792729456809e-03,5.920727054319151e-05
13300,19,-2.500000000000000e-03,-2.556574193377046e-03,5.657419337704549e-05
13300,20,2.000000000000000e-03,2.042927207468963e-03,-4.292720746896335e-05
13300,21,1.800000000000000e-03,1.645336918581201e-03,1.546630814187992e-04
13300,22,-1.500000000000000e-03,-1.446458655631560e-03,-5.354134436843985e-05
13300,23,1.200000000000000e-03,1.126004161920150e-03,7.399583807984954e-05
13300,24,1.000000000000000e-03,9.572348283326572e-04,4.276517166734283e-05
13300,25,-8.000000000000000e-04,-7.739702779114675e-04,-2.602972208853253e-05
13300,26,5.999999999999999e-04,5.586731840460304e-04,4.132681595396960e-05
13300,27,5.000000000000000e-04,4.877483543745541e-04,1.225164562544586e-05
13300,28,-4.000000000000000e-04,-3.796892851491411e-04,-2.031071485085890e-05
13300,29,3.000000000000000e-04,3.363907272142463e-04,-3.639072721424636e-05
13400,0,1.200000000000000e-01,1.188082104387402e-01,1.191789561259787e-03
13400,1,-8.000000000000000e-02,-7.919071964290157e-02,-8.092803570984297e-04
13400,2,5.500000000000000e-02,5.447405475556680e-02,5.259452444332027e-04
13400,3,4.000000000000000e-02,3.958924006589218e-02,4.107599341078225e-04
13400,4,-3.000000000000000e-02,-2.974730289322594e-02,-2.526971067740615e-04
13400,5,2.500000000000000e-02,2.486393058640884e-02,1.360694135911569e-04
13400,6,2.000000000000000e-02,1.969926811198196e-02,3.007318880180361e-04
13400,7,-1.800000000000000e-02,-1.774367060557118e-02,-2.563293944288156e-04
13400,8,1.500000000000000e-02,1.485014564325194e-02,1.498543567480630e-04
13400,9,1.200000000000000e-02,1.189139357891940e-02,1.086064210806051e-04
13400,10,-1.000000000000000e-02,-9.938539812180923e-03,-6.146018781907729e-05
13400,11,8.999999999999999e-03,9.004197777908111e-03,-4.197777908112113e-06
13400,12,8.000000000000000e-03,7.854573416517801e-03,1.454265834821989e-04
13400,13,-7.000000000000000e-03,-6.971914968350080e-03,-2.808503164992027e-05
13400,14,6.000000000000000e-03,5.992476468203909e-03,7.523531796091269e-06
13400,15,5.000000000000000e-03,4.898939469159953e-03,1.010605308400473e-04
13400,16,-4.000000000000000e-03,-3.992105188430713e-03,-7.894811569287077e-06
13400,17,3.500000000000000e-03,3.549279767777600e-03,-4.927976777759947e-05
13400,18,3.000000000000000e-03,2.943224555410432e-03,5.677544458956765e-05
13400,19,-2.500000000000000e-03,-2.553339646166258e-03,5.333964616625799e-05
13400,20,2.000000000000000e-03,2.039038126293461e-03,-3.903812629346129e-05
13400,21,1.800000000000000e-03,1.652907441305932e-03,1.470925586940679e-04
13400,22,-1.500000000000000e-03,-1.451159290058845e-03,-4.884070994115499e-05
13400,23,1.200000000000000e-03,1.137402796961085e-03,6.259720303891463e-05
13400,24,1.000000000000000e-03,9.526189403875495e-04,4.738105961245049e-05
13400,25,-8.000000000000000e-04,-7.727218971831194e-04,-2.727810281688060e-05
13400,26,5.999999999999999e-04,5.664066117455831e-04,3.359338825441685e-05
13400,27,5.000000000000000e-04,4.837350111207851e-04,1.626498887921494e-05
13400,28,-4.000000000000000e-04,-3.770323654044347e-04,-2.296763459556532e-05
13400,29,3.000000000000000e-04,3.333167320987291e-04,-3.331673209872916e-05
13500,0,1.200000000000000e-01,1.188390197069219e-01,1.160980293078109e-03
13500,1,-8.000000000000000e-02,-7.921015803017510e-02,-7.898419698249004e-04
13500,2,5.500000000000000e-02,5.448562947609614e-02,5.143705239038648e-04
13500,3,4.000000000000000e-02,3.960453289823937e-02,3.954671017606312e-04
13500,4,-3.000000000000000e-02,-2.975472339316229e-02,-2.452766068377077e-04
13500,5,2.500000000000000e-02,2.486821071239513e-02,1.317892876048672e-04
13500,6,2.000000000000000e-02,1.970743466961122e-02,2.925653303887839e-04
13500,7,-1.800000000000000e-02,-1.774904668005269e-02,-2.509533199473134e-04
13500,8,1.500000000000000e-02,1.485355262803766e-02,1.464473719623351e-04
13500,9,1.200000000000000e-02,1.189890370999637e-02,1.010962900036341e-04
13500,10,-1.000000000000000e-02,-9.939390035534800e-03,-6.060996446520008e-05
13500,11,8.999999999999999e-03,9.008432696037976e-03,-8.432696037976445e-06
13500,12,8.000000000000000e-03,7.860586826801994e-03,1.394131731980060e-04
13500,13,-7.000000000000000e-03,-6.970927895750001e-03,-2.907210424999904e-05
13500,14,6.000000000000000e-03,5.995602291059722e-03,4.397708940277745e-06
13500,15,5.000000000000000e-03,4.901453497683836e-03,9.854650231616406e-05
13500,16,-4.000000000000000e-03,-3.990193060653828e-03,-9.806939346172251e-06
13500,17,3.500000000000000e-03,3.549739933667780e-03,-4.973993366778028e-05
13500,18,3.000000000000000e-03,2.936297754050287e-03,6.370224594971340e-05
13500,19,-2.500000000000000e-03,-2.550445851934274e-03,5.044585193427365e-05
13500,20,2.000000000000000e-03,2.044317677397666e-03,-4.431767739766605e-05
13500,21,1.800000000000000e-03,1.649818883647580e-03,1.501811163524196e-04
13500,22,-1.500000000000000e-03,-1.451813194258400e-03,-4.818680574159994e-05
13500,23,1.200000000000000e-03,1.139203055643814e-03,6.079694435618625e-05
13500,24,1.000000000000000e-03,9.584774541518183e-04,4.152254584818176e-05
13500,25,-8.000000000000000e-04,-7.793155265035231e-04,-2.068447349647692e-05
13500,26,5.999999999999999e-04,5.730031337563155e-04,2.699686624368447e-05
13500,27,5.000000000000000e-04,4.842821992742088e-04,1.571780072579117e-05
13500,28,-4.000000000000000e-04,-3.788529120033726e-04,-2.114708799662741e-05
13500,29,3.000000000000000e-04,3.283453768177882e-04,-2.834537681778822e-05
13600,0,1.200000000000000e-01,1.188758466870455e-01,1.124153312954457e-03
13600,1,-8.000000000000000e-02,-7.922926919196928e-02,-7.707308080307229e-04
13600,2,5.500000000000000e-02,5.450189863817808e-02,4.981013618219204e-04
13600,3,4.000000000000000e-02,3.961961452523666e-02,3.803854747633437e-04
13600,4,-3.000000000000000e-02,-2.976070573716419e-02,-2.392942628358097e-04
13600,5,2.500000000000000e-02,2.487593958812224e-02,1.240604118777633e-04
13600,6,2.000000000000000e-02,1.971289022681428e-02,2.871097731857210e-04
13600,7,-1.800000000000000e-02,-1.775816550592307e-02,-2.418344940769285e-04
13600,8,1.500000000000000e-02,1.485790153668332e-02,1.420984633166804e-04
13600,9,1.200000000000000e-02,1.189938311020229e-02,1.006168897977142e-04
13600,10,-1.000000000000000e-02,-9.944194202889015e-03,-5.580579711098564e-05
13600,11,8.999999999999999e-03,9.001450980713354e-03,-1.450980713354338e-06
13600,12,8.000000000000000e-03,7.863388147462253e-03,1.366118525377470e-04
13600,13,-7.000000000000000e-03,-6.976110176039739e-03,-2.388982396026116e-05
13600,14,6.000000000000000e-03,5.991984151310191e-03,8.015848689809507e-06
13600,15,5.000000000000000e-03,4.901011692401990e-03,9.898830759800994e-05
13600,16,-4.000000000000000e-03,-3.992562880036187e-03,-7.437119963813084e-06
13600,17,3.500000000000000e-03,3.542441481592070e-03,-4.244148159207031e-05
13600,18,3.000000000000000e-03,2.946114938313723e-03,5.388506168627679e-05
13600,19,-2.500000000000000e-03,-2.553007300016081e-03,5.300730001608087e-05
13600,20,2.000000000000000e-03,2.043785962713964e-03,-4.378596271396428e-05
13600,21,1.800000000000000e-03,1.662795485776941e-03,1.372045142230592e-04
13600,22,-1.500000000000000e-03,-1.449965845540733e-03,-5.003415445926679e-05
13600,23,1.200000000000000e-03,1.139287047213046e-03,6.071295278695381e-05
13600,24,1.000000000000000e-03,9.654119897646847e-04,3.458801023531531e-05
13600,25,-8.000000000000000e-04,-7.845785199924341e-04,-1.542148000756598e-05
13600,26,5.999999999999999e-04,5.758679966366038e-04,2.413200336339610e-05
13600,27,5.000000000000000e-04,4.835019023783534e-04,1.649809762164660e-05
13600,28,-4.000000000000000e-04,-3.794574576270117e-04,-2.054254237298829e-05
13600,29,3.000000000000000e-04,3.229030726605996e-04,-2.290307266059960e-05
13700,0,1.200000000000000e-01,1.189076846204935e-01,1.092315379506492e-03
13700,1,-8.000000000000000e-02,-7.925548887215300e-02,-7.445111278470001e-04
13700,2,5.500000000000000e-02,5.451158713436326e-02,4.884128656367434e-04
13700,3,4.000000000000000e-02,3.963231723125986e-02,3.676827687401421e-04
13700,4,-3.000000000000000e-02,-2.976991227721748e-02,-2.300877227825147e-04
13700,5,2.500000000000000e-02,2.488167477555579e-02,1.183252244442087e-04
13700,6,2.000000000000000e-02,1.971472475862705e-02,2.852752413729474e-04
13700,7,-1.800000000000000e-02,-1.776696683064943e-02,-2.330331693505654e-04
13700,8,1.500000000000000e-02,1.486592280957026e-02,1.340771904297395e-04
13700,9,1.200000000000000e-02,1.189273545279094e-02,1.072645472090621e-04
13700,10,-1.000000000000000e-02,-9.945286486881061e-03,-5.471351311893934e-05
13700,11,8.999999999999999e-03,9.003842734772267e-03,-3.842734772267764e-06
13700,12,8.000000000000000e-03,7.861077031595654e-03,1.389229684043460e-04
13700,13,-7.000000000000000e-03,-6.977357346894676e-03,-2.264265310532396e-05
13700,14,6.000000000000000e-03,5.994628739915933e-03,5.371260084066805e-06
13700,15,5.000000000000000e-03,4.899344030127427e-03,1.006559698725727e-04
13700,16,-4.000000000000000e-03,-3.990853385568605e-03,-9.146614431395327e-06
13700,17,3.500000000000000e-03,3.542093283296043e-03,-4.209328329604243e-05
13700,18,3.000000000000000e-03,2.945071064900330e-03,5.492893509966967e-05
13700,19,-2.500000000000000e-03,-2.548662134316262e-03,4.866213431626220e-05
13700,20,2.000000000000000e-03,2.039891703566978e-03,-3.989170356697835e-05
13700,21,1.800000000000000e-03,1.665899427200880e-03,1.341005727991200e-04
13700,22,-1.500000000000000e-03,-1.456047877519794e-03,-4.395212248020576e-05
13700,23,1.200000000000000e-03,1.145542089342818e-03,5.445791065718177e-05
13700,24,1.000000000000000e-03,9.620961065569549e-04,3.790389344304507e-05
13700,25,-8.000000000000000e-04,-7.846976300663101e-04,-1.530236993368993e-05
13700,26,5.999999999999999e-04,5.780861541778267e-04,2.191384582217329e-05
13700,27,5.000000000000000e-04,4.806860194541032e-04,1.931398054589678e-05
13700,28,-4.000000000000000e-04,-3.729687504693413e-04,-2.703124953065867e-05
13700,29,3.000000000000000e-04,3.238638942007296e-04,-2.386389420072963e-05
13800,0,1.200000000000000e-01,1.189402389170793e-01,1.059761082920677e-03
13800,1,-8.000000000000000e-02,-7.927572095575224e-02,-7.242790442477665e-04
13800,2,5.500000000000000e-02,5.452797003600517e-02,4.720299639948272e-04
13800,3,4.000000000000000e-02,3.963873601586826e-02,3.612639841317419e-04
13800,4,-3.000000000000000e-02,-2.977122854666394e-02,-2.287714533360588e-04
13800,5,2.500000000000000e-02,2.487938310882153e-02,1.206168911784683e-04
13800,6,2.000000000000000e-02,1.971962541876898e-02,2.803745812310215e-04
13800,7,-1.800000000000000e-02,-1.777311622525574e-02,-2.268837747442590e-04
13800,8,1.500000000000000e-02,1.486672809446530e-02,1.332719055346949e-04
13800,9,1.200000000000000e-02,1.189359433720100e-02,1.064056627990036e-04
13800,10,-1.000000000000000e-02,-9.942514312757656e-03,-5.748568724234411e-05
13800,11,8.999999999999999e-03,9.007183851956643e-03,-7.183851956643270e-06
13800,12,8.000000000000000e-03,7.863007834617504e-03,1.369921653824966e-04
13800,13,-7.000000000000000e-03,-6.975360740203669e-03,-2.463925979633106e-05
13800,14,6.000000000000000e-03,5.994651804950370e-03,5.348195049629731e-06
13800,15,5.000000000000000e-03,4.903160850045525e-03,9.683914995447466e-05
13800,16,-4.000000000000000e-03,-3.990370437460555e-03,-9.629562539445295e-06
13800,17,3.500000000000000e-03,3.539507017235574e-03,-3.950701723557347e-05
13800,18,3.000000000000000e-03,2.948762417705849e-03,5.123758229415082e-05
13800,19,-2.500000000000000e-03,-2.549200535852053e-03,4.920053585205295e-05
13800,20,2.000000000000000e-03,2.038326780307796e-03,-3.832678030779623e-05
13800,21,1.800000000000000e-03,1.672502454903776e-03,1.274975450962241e-04
13800,22,-1.500000000000000e-03,-1.459039068627926e-03,-4.096093137207412e-05
13800,23,1.200000000000000e-03,1.149363071181324e-03,5.063692881867622e-05
13800,24,1.000000000000000e-03,9.588767007067168e-04,4.112329929328320e-05
13800,25,-8.000000000000000e-04,-7.826330475628964e-04,-1.736695243710368e-05
13800,26,5.999999999999999e-04,5.734615734234226e-04,2.653842657657733e-05
13800,27,5.000000000000000e-04,4.786505570798453e-04,2.134944292015470e-05
13800,28,-4.000000000000000e-04,-3.723891462573461e-04,-2.761085374265395e-05
13800,29,3.000000000000000e-04,3.276989111936779e-04,-2.769891119367796e-05
13900,0,1.200000000000000e-01,1.189807054806418e-01,1.019294519358227e-03
13900,1,-8.000000000000000e-02,-7.930343449077612e-02,-6.965655092238815e-04
13900,2,5.500000000000000e-02,5.454920989038940e-02,4.507901096106048e-04
13900,3,4.000000000000000e-02,3.964439890559816e-02,3.556010944018376e-04
13900,4,-3.000000000000000e-02,-2.977236645496459e-02,-2.276335450354071e-04
13900,5,2.500000000000000e-02,2.487949283156801e-02,1.205071684319929e-04
13900,6,2.000000000000000e-02,1.973259973660797e-02,2.674002633920279e-04
13900,7,-1.800000000000000e-02,-1.778221741503700e-02,-2.177825849629944e-04
13900,8,1.500000000000000e-02,1.487316626089595e-02,1.268337391040538e-04
13900,9,1.200000000000000e-02,1.190346475316393e-02,9.653524683606723e-05
13900,10,-1.000000000000000e-02,-9.947413008224996e-03,-5.258699177500444e-05
13900,11,8.999999999999999e-03,9.011153752077179e-03,-1.115375207717990e-05
13900,12,8.000000000000000e-03,7.870029893817848e-03,1.299701061821517e-04
13900,13,-7.000000000000000e-03,-6.977060400585051e-03,-2.293959941494870e-05
13900,14,6.000000000000000e-03,5.997943949363492e-03,2.056050636508287e-06
13900,15,5.000000000000000e-03,4.904753773574026e-03,9.524622642597368e-05
13900,16,-4.000000000000000e-03,-3.996224042825798e-03,-3.775957174202010e-06
13900,17,3.500000000000000e-03,3.539805327560237e-03,-3.980532756023671e-05
13900,18,3.000000000000000e-03,2.951166962891774e-03,4.883303710822564e-05
13900,19,-2.500000000000000e-03,-2.551375929744729e-03,5.137592974472846e-05
13900,20,2.000000000000000e-03,2.040431214784121e-03,-4.043121478412067e-05
13900,21,1.800000000000000e-03,1.678635634909584e-03,1.213643650904157e-04
13900,22,-1.500000000000000e-03,-1.468275494556600e-03,-3.172450544340036e-05
13900,23,1.200000000000000e-03,1.159520730842953e-03,4.047926915704686e-05
13900,24,1.000000000000000e-03,9.522534555658419e-04,4.774654443415812e-05
13900,25,-8.000000000000000e-04,-7.814904918025602e-04,-1.850950819743985e-05
13900,26,5.999999999999999e-04,5.705992455650517e-04,2.940075443494828e-05
13900,27,5.000000000000000e-04,4.762823387695654e-04,2.371766123043459e-05
13900,28,-4.000000000000000e-04,-3.743978722186867e-04,-2.560212778131331e-05
13900,29,3.000000000000000e-04,3.237596641160243e-04,-2.375966411602437e-05
14000,0,1.200000000000000e-01,1.190173353596966e-01,9.826646403033462e-04
14000,1,-8.000000000000000e-02,-7.932428647101084e-02,-6.757135289891664e-04
14000,2,5.500000000000000e-02,5.456828809263609e-02,4.317119073639075e-04
14000,3,4.000000000000000e-02,3.965852020061331e-02,3.414797993866944e-04
14000,4,-3.000000000000000e-02,-2.978600449891257e-02,-2.139955010874335e-04
14000,5,2.500000000000000e-02,2.489033687550759e-02,1.096631244924089e-04
14000,6,2.000000000000000e-02,1.973627222105531e-02,2.637277789446918e-04
14000,7,-1.800000000000000e-02,-1.778229599096279e-02,-2.177040090372076e-04
14000,8,1.500000000000000e-02,1.487030025139091e-02,1.296997486090849e-04
14000,9,1.200000000000000e-02,1.190940097143879e-02,9.059902856120745e-05
14000,10,-1.000000000000000e-02,-9.946770848055859e-03,-5.322915194414142e-05
14000,11,8.999999999999999e-03,9.006830819176359e-03,-6.830819176359762e-06
14000,12,8.000000000000000e-03,7.874077631029741e-03,1.259223689702594e-04
14000,13,-7.000000000000000e-03,-6.975112000419430e-03,-2.488799958057057e-05
14000,14,6.000000000000000e-03,5.991320107619318e-03,8.679892380681654e-06
14000,15,5.000000000000000e-03,4.905094179468529e-03,9.490582053147106e-05
14000,16,-4.000000000000000e-03,-3.990617236007421e-03,-9.382763992578889e-06
14000,17,3.500000000000000e-03,3.534558378093024e-03,-3.455837809302354e-05
14000,18,3.000000000000000e-03,2.956849891230160e-03,4.315010876984040e-05
14000,19,-2.500000000000000e-03,-2.546854617911602e-03,4.685461791160148e-05
14000,20,2.000000000000000e-03,2.043737065113246e-03,-4.373706511324625e-05
14000,21,1.800000000000000e-03,1.685331778261754e-03,1.146682217382463e-04
14000,22,-1.500000000000000e-03,-1.474720231094091e-03,-2.527976890590901e-05
14000,23,1.200000000000000e-03,1.168805675695550e-03,3.119432430445006e-05
14000,24,1.000000000000000e-03,9.522594912054609e-04,4.774050879453916e-05
14000,25,-8.000000000000000e-04,-7.818159716217180e-04,-1.818402837828201e-05
14000,26,5.999999999999999e-04,5.767324676637281e-04,2.326753233627184e-05
14000,27,5.000000000000000e-04,4.779054237472368e-04,2.209457625276324e-05
14000,28,-4.000000000000000e-04,-3.731108031149473e-04,-2.688919688505274e-05
14000,29,3.000000000000000e-04,3.223937725089003e-04,-2.239377250890033e-05
14100,0,1.200000000000000e-01,1.190440672205221e-01,9.559327794778638e-04
14100,1,-8.000000000000000e-02,-7.934613363922866e-02,-6.538663607713463e-04
14100,2,5.500000000000000e-02,5.457770256864814e-02,4.222974313518590e-04
14100,3,4.000000000000000e-02,3.966620108796436e-02,3.337989120356377e-04
14100,4,-3.000000000000000e-02,-2.979537530359386e-02,-2.046246964061346e-04
14100,5,2.500000000000000e-02,2.489272266080981e-02,1.072773391901892e-04
14100,6,2.000000000000000e-02,1.974147371538410e-02,2.585262846158988e-04
14100,7,-1.800000000000000e-02,-1.779072910914669e-02,-2.092708908533088e-04
14100,8,1.500000000000000e-02,1.488047308026880e-02,1.195269197312009e-04
14100,9,1.200000000000000e-02,1.190225944818007e-02,9.774055181992723e-05
14100,10,-1.000000000000000e-02,-9.943604600893290e-03,-5.639539910671024e-05
14100,11,8.999999999999999e-03,9.010928041296150e-03,-1.092804129615085e-05
14100,12,8.000000000000000e-03,7.868599867339059e-03,1.314001326609415e-04
14100,13,-7.000000000000000e-03,-6.973928459779208e-03,-2.607154022079249e-05
14100,14,6.000000000000000e-03,5.987247178840573e-03,1.275282115942734e-05
14100,15,5.000000000000000e-03,4.904763176458123e-03,9.523682354187733e-05
14100,16,-4.000000000000000e-03,-3.983073498848463e-03,-1.692650115153738e-05
14100,17,3.500000000000000e-03,3.522429727707807e-03,-2.242972770780680e-05
14100,18,3.000000000000000e-03,2.962224779297091e-03,3.777522070290938e-05
14100,19,-2.500000000000000e-03,-2.541315424971966e-03,4.131542497196571e-05
14100,20,2.000000000000000e-03,2.035457114950311e-03,-3.545711495031101e-05
14100,21,1.800000000000000e-03,1.688603777443229e-03,1.113962225567709e-04
14100,22,-1.500000000000000e-03,-1.474849856141039e-03,-2.515014385896146e-05
14100,23,1.200000000000000e-03,1.168113136686951e-03,3.188686331304850e-05
14100,24,1.000000000000000e-03,9.535915218226081e-04,4.640847817739195e-05
14100,25,-8.000000000000000e-04,-7.839395792668735e-04,-1.606042073312654e-05
14100,26,5.999999999999999e-04,5.818173952719709e-04,1.818260472802910e-05
14100,27,5.000000000000000e-04,4.796880838893144e-04,2.031191611068559e-05
14100,28,-4.000000000000000e-04,-3.729799991634541e-04,-2.702000083654594e-05
14100,29,3.000000000000000e-04,3.236529489611271e-04,-2.365294896112716e-05
14200,0,1.200000000000000e-01,1.190791385868240e-01,9.208614131760023e-04
14200,1,-8.000000000000000e-02,-7.937294109212434e-02,-6.270589078756633e-04
14200,2,5.500000000000000e-02,5.459272144257496e-02,4.072785574250407e-04
14200,3,4.000000000000000e-02,3.967031481684591e-02,3.296851831540923e-04
14200,4,-3.000000000000000e-02,-2.979943390620182e-02,-2.005660937981768e-04
14200,5,2.500000000000000e-02,2.489447729351705e-02,1.055227064829488e-04
14200,6,2.000000000000000e-02,1.974704841276771e-02,2.529515872322953e-04
14200,7,-1.800000000000000e-02,-1.779816930310466e-02,-2.018306968953401e-04
14200,8,1.500000000000000e-02,1.488293207976705e-02,1.170679202329456e-04
14200,9,1.200000000000000e-02,1.190092926372580e-02,9.907073627419757e-05
14200,10,-1.000000000000000e-02,-9.946652962280454e-03,-5.334703771954670e-05
14200,11,8.999999999999999e-03,9.008942195739139e-03,-8.942195739139805e-06
14200,12,8.000000000000000e-03,7.866392103958779e-03,1.336078960412213e-04
14200,13,-7.000000000000000e-03,-6.975097931015977e-03,-2.490206898402274e-05
14200,14,6.000000000000000e-03,5.991375937146058e-03,8.624062853942148e-06
14200,15,5.000000000000000e-03,4.905405451888990e-03,9.459454811101050e-05
14200,16,-4.000000000000000e-03,-3.984623202829494e-03,-1.537679717050593e-05
14200,17,3.500000000000000e-03,3.525451475518009e-03,-2.545147551800920e-05
14200,18,3.000000000000000e-03,2.959047072852803e-03,4.095292714719747e-05
14200,19,-2.500000000000000e-03,-2.536348246205378e-03,3.634824620537842e-05
14200,20,2.000000000000000e-03,2.034655819235568e-03,-3.465581923556759e-05
14200,21,1.800000000000000e-03,1.689822264356820e-03,1.101777356431800e-04
14200,22,-1.500000000000000e-03,-1.476000618019249e-03,-2.399938198075066e-05
14200,23,1.200000000000000e-03,1.168642758999931e-03,3.135724100006873e-05
14200,24,1.000000000000000e-03,9.501842893121419e-04,4.981571068785810e-05
14200,25,-8.000000000000000e-04,-7.796382199297754e-04,-2.036178007022466e-05
14200,26,5.999999999999999e-04,5.784171114913194e-04,2.158288850868050e-05
14200,27,5.000000000000000e-04,4.819399349757943e-04,1.806006502420572e-05
14200,28,-4.000000000000000e-04,-3.727464907438772e-04,-2.725350925612282e-05
14200,29,3.000000000000000e-04,3.189144278192966e-04,-1.891442781929662e-05
14300,0,1.200000000000000e-01,1.191096063793871e-01,8.903936206129254e-04
14300,1,-8.000000000000000e-02,-7.939516375187727e-02,-6.048362481227282e-04
14300,2,5.500000000000000e-02,5.460784976570867e-02,3.921502342913302e-04
14300,3,4.000000000000000e-02,3.967971177000425e-02,3.202882299957535e-04
14300,4,-3.000000000000000e-02,-2.980490114059956e-02,-1.950988594004409e-04
14300,5,2.500000000000000e-02,2.489737023766997e-02,1.026297623300323e-04
14300,6,2.000000000000000e-02,1.975793818824362e-02,2.420618117563757e-04
14300,7,-1.800000000000000e-02,-1.780547422522383e-02,-1.945257747761678e-04
14300,8,1.500000000000000e-02,1.488601050337660e-02,1.139894966234022e-04
14300,9,1.200000000000000e-02,1.190775090976856e-02,9.224909023143775e-05
14300,10,-1.000000000000000e-02,-9.949727157539558e-03,-5.027284246044220e-05
14300,11,8.999999999999999e-03,9.007593457299547e-03,-7.593457299547371e-06
14300,12,8.000000000000000e-03,7.877864727115215e-03,1.221352728847849e-04
14300,13,-7.000000000000000e-03,-6.979062089550123e-03,-2.093791044987733e-05
14300,14,6.000000000000000e-03,5.985419774853201e-03,1.458022514679892e-05
14300,15,5.000000000000000e-03,4.919241685806311e-03,8.075831419368951e-05
14300,16,-4.000000000000000e-03,-3.996530318844426e-03,-3.469681155573653e-06
14300,17,3.500000000000000e-03,3.528357172861765e-03,-2.835717286176495e-05
14300,18,3.000000000000000e-03,2.962281515474517e-03,3.771848452548349e-05
14300,19,-2.500000000000000e-03,-2.540143040323427e-03,4.014304032342719e-05
14300,20,2.000000000000000e-03,2.027915395642274e-03,-2.791539564227360e-05
14300,21,1.800000000000000e-03,1.696796439441055e-03,1.032035605589446e-04
14300,22,-1.500000000000000e-03,-1.482650394973913e-03,-1.734960502608658e-05
14300,23,1.200000000000000e-03,1.166238990684490e-03,3.376100931551016e-05
14300,24,1.000000000000000e-03,9.559993869998748e-04,4.400061300012525e-05
14300,25,-8.000000000000000e-04,-7.848080325890019e-04,-1.519196741099811e-05
14300,26,5.999999999999999e-04,5.740666024043725e-04,2.593339759562744e-05
14300,27,5.000000000000000e-04,4.888532166097198e-04,1.114678339028024e-05
14300,28,-4.000000000000000e-04,-3.818273176051843e-04,-1.817268239481568e-05
14300,29,3.000000000000000e-04,3.209203424815124e-04,-2.092034248151240e-05
14400,0,1.200000000000000e-01,1.191419974514595e-01,8.580025485405290e-04
14400,1,-8.000000000000000e-02,-7.941404763523568e-02,-5.859523647643167e-04
14400,2,5.500000000000000e-02,5.462097118469099e-02,3.790288153090113e-04
14400,3,4.000000000000000e-02,3.969199545569061e-02,3.080045443093898e-04
14400,4,-3.000000000000000e-02,-2.981267511435493e-02,-1.873248856450738e-04
14400,5,2.500000000000000e-02,2.490254214589545e-02,9.745785410454968e-05
14400,6,2.000000000000000e-02,1.976757718824234e-02,2.324228117576640e-04
14400,7,-1.800000000000000e-02,-1.781016022134300e-02,-1.898397786569937e-04
14400,8,1.500000000000000e-02,1.489183902278737e-02,1.081609772126263e-04
14400,9,1.200000000000000e-02,1.191104775658237e-02,8.895224341762785e-05
14400,10,-1.000000000000000e-02,-9.951980638893519e-03,-4.801936110648136e-05
14400,11,8.999999999999999e-03,9.012590322215316e-03,-1.259032221531675e-05
14400,12,8.000000000000000e-03,7.878650073192609e-03,1.213499268073910e-04
14400,13,-7.000000000000000e-03,-6.973337060693249e-03,-2.666293930675152e-05
14400,14,6.000000000000000e-03,5.987586947329432e-03,1.241305267056861e-05
14400,15,5.000000000000000e-03,4.921129519201796e-03,7.887048079820418e-05
14400,16,-4.000000000000000e-03,-3.996581293019793e-03,-3.418706980206840e-06
14400,17,3.500000000000000e-03,3.531231446325560e-03,-3.123144632555946e-05
14400,18,3.000000000000000e-03,2.961785730873199e-03,3.821426912680153e-05
14400,19,-2.500000000000000e-03,-2.538950625928245e-03,3.895062592824483e-05
14400,20,2.000000000000000e-03,2.029297893601142e-03,-2.929789360114161e-05
14400,21,1.800000000000000e-03,1.697959056062544e-03,1.020409439374561e-04
14400,22,-1.500000000000000e-03,-1.485131520775818e-03,-1.486847922418173e-05
14400,23,1.200000000000000e-03,1.171181842378967e-03,2.881815762103310e-05
14400,24,1.000000000000000e-03,9.547904336662368e-04,4.520956633376324e-05
14400,25,-8.000000000000000e-04,-7.848651943885246e-04,-1.513480561147541e-05
14400,26,5.999999999999999e-04,5.753303464063424e-04,2.466965359365755e-05
14400,27,5.000000000000000e-04,4.888579522873101e-04,1.114204771268993e-05
14400,28,-4.000000000000000e-04,-3.797022226442540e-04,-2.029777735574598e-05
14400,29,3.000000000000000e-04,3.209833232237205e-04,-2.098332322372049e-05
14500,0,1.200000000000000e-01,1.191699941025067e-01,8.300058974933383e-04
14500,1,-8.000000000000000e-02,-7.943812502213822e-02,-5.618749778617815e-04
14500,2,5.500000000000000e-02,5.463224860567177e-02,3.677513943282293e-04
14500,3,4.000000000000000e-02,3.970297008776103e-02,2.970299122389691e-04
14500,4,-3.000000000000000e-02,-2.982026692896618e-02,-1.797330710338191e-04
14500,5,2.500000000000000e-02,2.490168874582563e-02,9.831125417437275e-05
14500,6,2.000000000000000e-02,1.977587843209031e-02,2.241215679096888e-04
14500,7,-1.800000000000000e-02,-1.781149958269437e-02,-1.885004173056322e-04
14500,8,1.500000000000000e-02,1.489610279137452e-02,1.038972086254749e-04
14500,9,1.200000000000000e-02,1.190819179500831e-02,9.180820499169427e-05
14500,10,-1.000000000000000e-02,-9.951067352144880e-03,-4.893264785512004e-05
14500,11,8.999999999999999e-03,9.014616008836048e-03,-1.461600883604849e-05
14500,12,8.000000000000000e-03,7.879304310823499e-03,1.206956891765011e-04
14500,13,-7.000000000000000e-03,-6.977784437609878e-03,-2.221556239012223e-05
14500,14,6.000000000000000e-03,5.995025250873671e-03,4.974749126329149e-06
14500,15,5.000000000000000e-03,4.923063461924631e-03,7.693653807536952e-05
14500,16,-4.000000000000000e-03,-4.002112805737700e-03,2.112805737699945e-06
14500,17,3.500000000000000e-03,3.538572433949253e-03,-3.857243394925257e-05
14500,18,3.000000000000000e-03,2.965999670891564e-03,3.400032910843599e-05
14500,19,-2.500000000000000e-03,-2.545165391436932e-03,4.516539143693214e-05
14500,20,2.000000000000000e-03,2.035297329412644e-03,-3.529732941264354e-05
14500,21,1.800000000000000e-03,1.698732511749611e-03,1.012674882503886e-04
14500,22,-1.500000000000000e-03,-1.483503548809369e-03,-1.649645119063147e-05
14500,23,1.200000000000000e-03,1.164640178223214e-03,3.535982177678572e-05
14500,24,1.000000000000000e-03,9.614538710876994e-04,3.854612891230063e-05
14500,25,-8.000000000000000e-04,-7.870016346416743e-04,-1.299836535832569e-05
14500,26,5.999999999999999e-04,5.750470075446692e-04,2.495299245533077e-05
14500,27,5.000000000000000e-04,4.881311392093252e-04,1.186886079067485e-05
14500,28,-4.000000000000000e-04,-3.798280764672025e-04,-2.017192353279747e-05
14500,29,3.000000000000000e-04,3.203854252204958e-04,-2.038542522049585e-05
14600,0,1.200000000000000e-01,1.191960005728532e-01,8.039994271468454e-04
14600,1,-8.000000000000000e-02,-7.945886779571276e-02,-5.411322042872396e-04
14600,2,5.500000000000000e-02,5.464300452043617e-02,3.569954795638319e-04
14600,3,4.000000000000000e-02,3.970875691216768e-02,2.912430878323213e-04
14600,4,-3.000000000000000e-02,-2.982647709705649e-02,-1.735229029435105e-04
14600,5,2.500000000000000e-02,2.490151518325519e-02,9.848481674480658e-05
14600,6,2.000000000000000e-02,1.978413492886947e-02,2.158650711305277e-04
14600,7,-1.800000000000000e-02,-1.781934660227559e-02,-1.806533977244118e-04
14600,8,1.500000000000000e-02,1.489718570802028e-02,1.028142919797213e-04
14600,9,1.200000000000000e-02,1.191380809772647e-02,8.619190227352955e-05
14600,10,-1.000000000000000e-02,-9.960400369803968e-03,-3.959963019603205e-05
14600,11,8.999999999999999e-03,9.015238731808695e-03,-1.523873180869599e-05
14600,12,8.000000000000000e-03,7.883547571597097e-03,1.164524284029030e-04
14600,13,-7.000000000000000e-03,-6.981939731145927e-03,-1.806026885407298e-05
14600,14,6.000000000000000e-03,5.994899396564259e-03,5.100603435741549e-06
14600,15,5.000000000000000e-03,4.929156410467738e-03,7.084358953226254e-05
14600,16,-4.000000000000000e-03,-4.009197765106801e-03,9.197765106800683e-06
14600,17,3.500000000000000e-03,3.538857090340034e-03,-3.885709034003428e-05
14600,18,3.000000000000000e-03,2.967104376131268e-03,3.289562386873252e-05
14600,19,-2.500000000000000e-03,-2.544112954293172e-03,4.411295429317163e-05
14600,20,2.000000000000000e-03,2.031232635095487e-03,-3.123263509548701e-05
14600,21,1.800000000000000e-03,1.704326587997329e-03,9.567341200267081e-05
14600,22,-1.500000000000000e-03,-1.485667147286271e-03,-1.433285271372877e-05
14600,23,1.200000000000000e-03,1.162304732596237e-03,3.769526740376311e-05
14600,24,1.000000000000000e-03,9.654815404060186e-04,3.451845959398145e-05
14600,25,-8.000000000000000e-04,-7.909706995366071e-04,-9.029300463392906e-06
14600,26,5.999999999999999e-04,5.731966085363408e-04,2.680339146365917e-05
14600,27,5.000000000000000e-04,4.949874687325861e-04,5.012531267413944e-06
14600,28,-4.000000000000000e-04,-3.864871230905297e-04,-1.351287690947036e-05
14600,29,3.000000000000000e-04,3.195618350453586e-04,-1.956183504535862e-05
14700,0,1.200000000000000e-01,1.192182477261950e-01,7.817522738049892e-04
14700,1,-8.000000000000000e-02,-7.947534323189857e-02,-5.246567681014280e-04
14700,2,5.500000000000000e-02,5.465127894194771e-02,3.487210580522884e-04
14700,3,4.000000000000000e-02,3.971905803147992e-02,2.809419685200834e-04
14700,4,-3.000000000000000e-02,-2.983558596963318e-02,-1.644140303668183e-04
14700,5,2.500000000000000e-02,2.490602962540599e-02,9.397037459401084e-05
14700,6,2.000000000000000e-02,1.979127233411189e-02,2.087276658881108e-04
14700,7,-1.800000000000000e-02,-1.782862590002272e-02,-1.713740999772784e-04
14700,8,1.500000000000000e-02,1.490302791889940e-02,9.697208110060439e-05
14700,9,1.200000000000000e-02,1.191234269068664e-02,8.765730931335758e-05
14700,10,-1.000000000000000e-02,-9.960185239105777e-03,-3.981476089422349e-05
14700,11,8.999999999999999e-03,9.017955571091333e-03,-1.795557109133400e-05
14700,12,8.000000000000000e-03,7.882909529873451e-03,1.170904701265491e-04
14700,13,-7.000000000000000e-03,-6.977568948869172e-03,-2.243105113082858e-05
14700,14,6.000000000000000e-03,5.995450055934082e-03,4.549944065917848e-06
14700,15,5.000000000000000e-03,4.925397277825217e-03,7.460272217478352e-05
14700,16,-4.000000000000000e-03,-4.004724125482210e-03,4.724125482209914e-06
14700,17,3.500000000000000e-03,3.539784574544741e-03,-3.978457454474052e-05
14700,18,3.000000000000000e-03,2.961197638306916e-03,3.880236169308401e-05
14700,19,-2.500000000000000e-03,-2.536028922075852e-03,3.602892207585232e-05
14700,20,2.000000000000000e-03,2.028068441228020e-03,-2.806844122802028e-05
14700,21,1.800000000000000e-03,1.700559145161264e-03,9.944085483873616e-05
14700,22,-1.500000000000000e-03,-1.481124711796094e-03,-1.887528820390650e-05
14700,23,1.200000000000000e-03,1.165035354829904e-03,3.496464517009613e-05
14700,24,1.000000000000000e-03,9.617408459715773e-04,3.825915402842273e-05
14700,25,-8.000000000000000e-04,-7.901653325063389e-04,-9.834667493661161e-06
14700,26,5.999999999999999e-04,5.724659673550163e-04,2.753403264498368e-05
14700,27,5.000000000000000e-04,4.960455658156270e-04,3.954434184373049e-06
14700,28,-4.000000000000000e-04,-3.896336130758836e-04,-1.036638692411638e-05
14700,29,3.000000000000000e-04,3.210049617202041e-04,-2.100496172020416e-05
14800,0,1.200000000000000e-01,1.192387203852285e-01,7.612796147714734e-04
14800,1,-8.000000000000000e-02,-7.949008055303255e-02,-5.099194469674467e-04
14800,2,5.500000000000000e-02,5.465874943379425e-02,3.412505662057502e-04
14800,3,4.000000000000000e-02,3.972941746647440e-02,2.705825335255971e-04
14800,4,-3.000000000000000e-02,-2.984070475205329e-02,-1.592952479467051e-04
14800,5,2.500000000000000e-02,2.490602321956615e-02,9.397678043385552e-05
14800,6,2.000000000000000e-02,1.979825080225980e-02,2.017491977402003e-04
14800,7,-1.800000000000000e-02,-1.783158879161134e-02,-1.684112083886538e-04
14800,8,1.500000000000000e-02,1.490519917683174e-02,9.480082316825830e-05
14800,9,1.200000000000000e-02,1.191446010989289e-02,8.553989010711034e-05
14800,10,-1.000000000000000e-02,-9.961617093787652e-03,-3.838290621234822e-05
14800,11,8.999999999999999e-03,9.019771634301262e-03,-1.977163430126258e-05
14800,12,8.000000000000000e-03,7.882884799239254e-03,1.171152007607458e-04
14800,13,-7.000000000000000e-03,-6.981322843062151e-03,-1.867715693784893e-05
14800,14,6.000000000000000e-03,5.999315305029737e-03,6.846949702626892e-07
14800,15,5.000000000000000e-03,4.925702480626264e-03,7.429751937373594e-05
14800,16,-4.000000000000000e-03,-4.006606145668586e-03,6.606145668585847e-06
14800,17,3.500000000000000e-03,3.541304088006395e-03,-4.130408800639496e-05
14800,18,3.000000000000000e-03,2.958194929822369e-03,4.180507017763129e-05
14800,19,-2.500000000000000e-03,-2.534433420829012e-03,3.443342082901221e-05
14800,20,2.000000000000000e-03,2.026057410869971e-03,-2.605741086997120e-05
14800,21,1.800000000000000e-03,1.697930325561416e-03,1.020696744385840e-04
14800,22,-1.500000000000000e-03,-1.479172341003395e-03,-2.082765899660507e-05
14800,23,1.200000000000000e-03,1.168091660657433e-03,3.190833934256726e-05
14800,24,1.000000000000000e-03,9.553505098302763e-04,4.464949016972372e-05
14800,25,-8.000000000000000e-04,-7.878718119566382e-04,-1.212818804336184e-05
14800,26,5.999999999999999e-04,5.756735235311637e-04,2.432647646883625e-05
14800,27,5.000000000000000e-04,4.908302775854646e-04,9.169722414535371e-06
14800,28,-4.000000000000000e-04,-3.884211849068748e-04,-1.157881509312525e-05
14800,29,3.000000000000000e-04,3.209976850538367e-04,-2.099768505383677e-05
14900,0,1.200000000000000e-01,1.192660417444125e-01,7.339582555875301e-04
14900,1,-8.000000000000000e-02,-7.950530211625892e-02,-4.946978837410826e-04
14900,2,5.500000000000000e-02,5.466822624530612e-02,3.317737546938843e-04
14900,3,4.000000000000000e-02,3.974761747950729e-02,2.523825204927069e-04
14900,4,-3.000000000000000e-02,-2.985009675794396e-02,-1.499032420560382e-04
14900,5,2.500000000000000e-02,2.491279020299344e-02,8.720979700655926e-05
14900,6,2.000000000000000e-02,1.981048471857935e-02,1.895152814206484e-04
14900,7,-1.800000000000000e-02,-1.784107839731474e-02,-1.589216026852622e-04
14900,8,1.500000000000000e-02,1.490956876143980e-02,9.043123856019956e-05
14900,9,1.200000000000000e-02,1.192369412382703e-02,7.630587617296972e-05
14900,10,-1.000000000000000e-02,-9.972174596911713e-03,-2.782540308828713e-05
14900,11,8.999999999999999e-03,9.023513623463552e-03,-2.351362346355267e-05
14900,12,8.000000000000000e-03,7.891094149611914e-03,1.089058503880858e-04
14900,13,-7.000000000000000e-03,-6.993960010129735e-03,-6.039989870264967e-06
14900,14,6.000000000000000e-03,5.999225675014310e-03,7.743249856905290e-07
14900,15,5.000000000000000e-03,4.931664225531476e-03,6.833577446852413e-05
14900,16,-4.000000000000000e-03,-4.017809631555024e-03,1.780963155502413e-05
14900,17,3.500000000000000e-03,3.543254230273284e-03,-4.325423027328390e-05
14900,18,3.000000000000000e-03,2.961524372774310e-03,3.847562722568984e-05
14900,19,-2.500000000000000e-03,-2.542101105104195e-03,4.210110510419500e-05
14900,20,2.000000000000000e-03,2.029458275295665e-03,-2.945827529566517e-05
14900,21,1.800000000000000e-03,1.703268596505385e-03,9.673140349461540e-05
14900,22,-1.500000000000000e-03,-1.486077210191916e-03,-1.392278980808371e-05
14900,23,1.200000000000000e-03,1.173207493855459e-03,2.679250614454087e-05
14900,24,1.000000000000000e-03,9.611011390075494e-04,3.889886099245061e-05
14900,25,-8.000000000000000e-04,-7.934794726150561e-04,-6.520527384943969e-06
14900,26,5.999999999999999e-04,5.826322848048845e-04,1.736771519511549e-05
14900,27,5.000000000000000e-04,4.948525184102860e-04,5.147481589714013e-06
14900,28,-4.000000000000000e-04,-3.913108654528163e-04,-8.689134547183763e-06
14900,29,3.000000000000000e-04,3.258077914888045e-04,-2.580779148880449e-05
15000,0,1.200000000000000e-01,1.192943179076185e-01,7.056820923815182e-04
15000,1,-8.000000000000000e-02,-7.952273264060696e-02,-4.772673593930465e-04
15000,2,5.500000000000000e-02,5.468226254155304e-02,3.177374584469594e-04
15000,3,4.000000000000000e-02,3.975573304552674e-02,2.442669544732642e-04
15000,4,-3.000000000000000e-02,-2.985806030669107e-02,-1.419396933089283e-04
15000,5,2.500000000000000e-02,2.491674213017092e-02,8.325786982908007e-05
15000,6,2.000000000000000e-02,1.981870423826256e-02,1.812957617374419e-04
15000,7,-1.800000000000000e-02,-1.785069869143380e-02,-1.493013085662014e-04
15000,8,1.500000000000000e-02,1.491494194764385e-02,8.505805235614616e-05
15000,9,1.200000000000000e-02,1.192627094194598e-02,7.372905805402494e-05
15000,10,-1.000000000000000e-02,-9.973029524250674e-03,-2.697047574932651e-05
15000,11,8.999999999999999e-03,9.027046303526047e-03,-2.704630352604737e-05
15000,12,8.000000000000000e-03,7.894596821004209e-03,1.054031789957909e-04
15000,13,-7.000000000000000e-03,-6.989046044446114e-03,-1.095395555388620e-05
15000,14,6.000000000000000e-03,5.998656625206720e-03,1.343374793279749e-06
15000,15,5.000000000000000e-03,4.937480251228940e-03,6.251974877106038e-05
15000,16,-4.000000000000000e-03,-4.021093796049371e-03,2.109379604937119e-05
15000,17,3.500000000000000e-03,3.542796253360581e-03,-4.279625336058111e-05
15000,18,3.000000000000000e-03,2.958149879089461e-03,4.185012091053892e-05
15000,19,-2.500000000000000e-03,-2.536420085236478e-03,3.642008523647771e-05
15000,20,2.000000000000000e-03,2.021811965743663e-03,-2.181196574366261e-05
15000,21,1.800000000000000e-03,1.710245970115443e-03,8.975402988455647e-05
15000,22,-1.500000000000000e-03,-1.484380196546222e-03,-1.561980345377825e-05
15000,23,1.200000000000000e-03,1.173431479690894e-03,2.656852030910638e-05
15000,24,1.000000000000000e-03,9.613886455045115e-04,3.861135449548855e-05
15000,25,-8.000000000000000e-04,-7.878665484040900e-04,-1.213345159591008e-05
15000,26,5.999999999999999e-04,5.759902012140507e-04,2.400979878594924e-05
15000,27,5.000000000000000e-04,4.956364196512426e-04,4.363580348757399e-06
15000,28,-4.000000000000000e-04,-3.888382769913480e-04,-1.116172300865201e-05
15000,29,3.000000000000000e-04,3.187841555793202e-04,-1.878415557932019e-05
15100,0,1.200000000000000e-01,1.193176260882164e-01,6.823739117835931e-04
15100,1,-8.000000000000000e-02,-7.954135214710699e-02,-4.586478528930127e-04
15100,2,5.500000000000000e-02,5.469121288111207e-02,3.087871188879321e-04
15100,3,4.000000000000000e-02,3.976326011287717e-02,2.367398871228332e-04
15100,4,-3.000000000000000e-02,-2.986568964759157e-02,-1.343103524084309e-04
15100,5,2.500000000000000e-02,2.492040339746654e-02,7.959660253346532e-05
15100,6,2.000000000000000e-02,1.982648958550975e-02,1.735104144902494e-04
15100,7,-1.800000000000000e-02,-1.785651496179401e-02,-1.434850382059857e-04
15100,8,1.500000000000000e-02,1.491847724155324e-02,8.152275844675559e-05
15100,9,1.200000000000000e-02,1.192927448691988e-02,7.072551308011550e-05
15100,10,-1.000000000000000e-02,-9.975450726763518e-03,-2.454927323648250e-05
15100,11,8.999999999999999e-03,9.027899251519818e-03,-2.789925151981849e-05
15100,12,8.000000000000000e-03,7.896415079614342e-03,1.035849203856586e-04
15100,13,-7.000000000000000e-03,-6.986402531636607e-03,-1.359746836339295e-05
15100,14,6.000000000000000e-03,5.998888218483354e-03,1.111781516646357e-06
15100,15,5.000000000000000e-03,4.937524914854842e-03,6.247508514515762e-05
15100,16,-4.000000000000000e-03,-4.016931230272884e-03,1.693123027288364e-05
15100,17,3.500000000000000e-03,3.544246528488162e-03,-4.424652848816161e-05
15100,18,3.000000000000000e-03,2.956899533034615e-03,4.310046696538554e-05
15100,19,-2.500000000000000e-03,-2.533014157087276e-03,3.301415708727553e-05
15100,20,2.000000000000000e-03,2.024839088090600e-03,-2.483908809059951e-05
15100,21,1.800000000000000e-03,1.708309869410425e-03,9.169013058957492e-05
15100,22,-1.500000000000000e-03,-1.484538719519281e-03,-1.546128048071855e-05
15100,23,1.200000000000000e-03,1.174141555198726e-03,2.585844480127385e-05
15100,24,1.000000000000000e-03,9.598510740393566e-04,4.014892596064339e-05
15100,25,-8.000000000000000e-04,-7.874436887910516e-04,-1.255631120894842e-05
15100,26,5.999999999999999e-04,5.783502619159574e-04,2.164973808404256e-05
15100,27,5.000000000000000e-04,4.927873951317553e-04,7.212604868244723e-06
15100,28,-4.000000000000000e-04,-3.826346262334244e-04,-1.736537376657561e-05
15100,29,3.000000000000000e-04,3.130409220065193e-04,-1.304092200651933e-05
15200,0,1.200000000000000e-01,1.193372426770617e-01,6.627573229382594e-04
15200,1,-8.000000000000000e-02,-7.955478370509113e-02,-4.452162949088734e-04
15200,2,5.500000000000000e-02,5.470091194698222e-02,2.990880530177806e-04
15200,3,4.000000000000000e-02,3.976836684561723e-02,2.316331543827724e-04
15200,4,-3.000000000000000e-02,-2.987116583872532e-02,-1.288341612746789e-04
15200,5,2.500000000000000e-02,2.492228352921837e-02,7.771647078163094e-05
15200,6,2.000000000000000e-02,1.982841256146266e-02,1.715874385373357e-04
15200,7,-1.800000000000000e-02,-1.785986259158507e-02,-1.401374084149289e-04
15200,8,1.500000000000000e-02,1.491713189488131e-02,8.286810511868963e-05
15200,9,1.200000000000000e-02,1.193434826424823e-02,6.565173575177018e-05
15200,10,-1.000000000000000e-02,-9.979960804839561e-03,-2.003919516043937e-05
15200,11,8.999999999999999e-03,9.030508726492845e-03,-3.050872649284532e-05
15200,12,8.000000000000000e-03,7.897505375176779e-03,1.024946248232208e-04
15200,13,-7.000000000000000e-03,-6.987156905556174e-03,-1.284309444382625e-05
15200,14,6.000000000000000e-03,5.998937366402760e-03,1.062633597240237e-06
15200,15,5.000000000000000e-03,4.938809128512166e-03,6.119087148783418e-05
15200,16,-4.000000000000000e-03,-4.019578681677037e-03,1.957868167703700e-05
15200,17,3.500000000000000e-03,3.542006353025418e-03,-4.200635302541774e-05
15200,18,3.000000000000000e-03,2.958963022979685e-03,4.103697702031528e-05
15200,19,-2.500000000000000e-03,-2.533234980640964e-03,3.323498064096431e-05
15200,20,2.000000000000000e-03,2.024091235122785e-03,-2.409123512278448e-05
15200,21,1.800000000000000e-03,1.710298153320211e-03,8.970184667978897e-05
15200,22,-1.500000000000000e-03,-1.477105704356387e-03,-2.289429564361297e-05
15200,23,1.200000000000000e-03,1.169292230248124e-03,3.070776975187556e-05
15200,24,1.000000000000000e-03,9.623202650266725e-04,3.767973497332752e-05
15200,25,-8.000000000000000e-04,-7.841089838895854e-04,-1.589101611041463e-05
15200,26,5.999999999999999e-04,5.728193714044537e-04,2.718062859554630e-05
15200,27,5.000000000000000e-04,4.948696701453096e-04,5.130329854690437e-06
15200,28,-4.000000000000000e-04,-3.815969546752160e-04,-1.840304532478403e-05
15200,29,3.000000000000000e-04,3.091177288459809e-04,-9.117728845980911e-06
15300,0,1.200000000000000e-01,1.193557986444332e-01,6.442013555667953e-04
15300,1,-8.000000000000000e-02,-7.956231799729568e-02,-4.376820027043177e-04
15300,2,5.500000000000000e-02,5.471224596881778e-02,2.877540311822177e-04
15300,3,4.000000000000000e-02,3.977264454491644e-02,2.273554550835596e-04
15300,4,-3.000000000000000e-02,-2.987253674727831e-02,-1.274632527216851e-04
15300,5,2.500000000000000e-02,2.492368998767588e-02,7.631001232412393e-05
15300,6,2.000000000000000e-02,1.983126910854370e-02,1.687308914563035e-04
15300,7,-1.800000000000000e-02,-1.786291003962956e-02,-1.370899603704429e-04
15300,8,1.500000000000000e-02,1.491975527559055e-02,8.024472440944577e-05
15300,9,1.200000000000000e-02,1.193250016990977e-02,6.749983009023304e-05
15300,10,-1.000000000000000e-02,-9.979412346568751e-03,-2.058765343124908e-05
15300,11,8.999999999999999e-03,9.027836906493128e-03,-2.783690649312866e-05
15300,12,8.000000000000000e-03,7.898883624517020e-03,1.011163754829798e-04
15300,13,-7.000000000000000e-03,-6.987970021090405e-03,-1.202997890959508e-05
15300,14,6.000000000000000e-03,5.999228130685679e-03,7.718693143211539e-07
15300,15,5.000000000000000e-03,4.940747225017756e-03,5.925277498224427e-05
15300,16,-4.000000000000000e-03,-4.020585647693111e-03,2.058564769311100e-05
15300,17,3.500000000000000e-03,3.542031835706629e-03,-4.203183570662856e-05
15300,18,3.000000000000000e-03,2.960058579170629e-03,3.994142082937085e-05
15300,19,-2.500000000000000e-03,-2.534891976194871e-03,3.489197619487060e-05
15300,20,2.000000000000000e-03,2.023622189954321e-03,-2.362218995432099e-05
15300,21,1.800000000000000e-03,1.711660536734772e-03,8.833946326522826e-05
15300,22,-1.500000000000000e-03,-1.476015130456863e-03,-2.398486954313748e-05
15300,23,1.200000000000000e-03,1.166298048752692e-03,3.370195124730783e-05
15300,24,1.000000000000000e-03,9.649523489437350e-04,3.504765105626507e-05
15300,25,-8.000000000000000e-04,-7.824851315988613e-04,-1.751486840113870e-05
15300,26,5.999999999999999e-04,5.706836580853987e-04,2.931634191460128e-05
15300,27,5.000000000000000e-04,4.951551987824859e-04,4.844801217514152e-06
15300,28,-4.000000000000000e-04,-3.774635440246788e-04,-2.253645597532117e-05
15300,29,3.000000000000000e-04,3.051158782488157e-04,-5.115878248815721e-06
15400,0,1.200000000000000e-01,1.193780233106265e-01,6.219766893735407e-04
15400,1,-8.000000000000000e-02,-7.957186552408313e-02,-4.281344759168720e-04
15400,2,5.500000000000000e-02,5.472227169432847e-02,2.777283056715277e-04
15400,3,4.000000000000000e-02,3.978437702525400e-02,2.156229747460048e-04
15400,4,-3.000000000000000e-02,-2.987738716653121e-02,-1.226128334687882e-04
15400,5,2.500000000000000e-02,2.492729525469532e-02,7.270474530468238e-05
15400,6,2.000000000000000e-02,1.983624098770192e-02,1.637590122980787e-04
15400,7,-1.800000000000000e-02,-1.786650305473879e-02,-1.334969452612064e-04
15400,8,1.500000000000000e-02,1.492036873553152e-02,7.963126446847851e-05
15400,9,1.200000000000000e-02,1.193614209607712e-02,6.385790392287975e-05
15400,10,-1.000000000000000e-02,-9.983360096891818e-03,-1.663990310818257e-05
15400,11,8.999999999999999e-03,9.027439481005144e-03,-2.743948100514433e-05
15400,12,8.000000000000000e-03,7.902112778160993e-03,9.788722183900686e-05
15400,13,-7.000000000000000e-03,-6.986822153132694e-03,-1.317784686730595e-05
15400,14,6.000000000000000e-03,6.001952062974421e-03,-1.952062974421194e-06
15400,15,5.000000000000000e-03,4.943182971659851e-03,5.681702834014948e-05
15400,16,-4.000000000000000e-03,-4.017412796867924e-03,1.741279686792371e-05
15400,17,3.500000000000000e-03,3.539939976817841e-03,-3.993997681784114e-05
15400,18,3.000000000000000e-03,2.963493593786788e-03,3.650640621321232e-05
15400,19,-2.500000000000000e-03,-2.533112777122512e-03,3.311277712251225e-05
15400,20,2.000000000000000e-03,2.023049244181315e-03,-2.304924418131517e-05
15400,21,1.800000000000000e-03,1.716312416674816e-03,8.368758332518399e-05
15400,22,-1.500000000000000e-03,-1.476145323971389e-03,-2.385467602861115e-05
15400,23,1.200000000000000e-03,1.165773243308002e-03,3.422675669199774e-05
15400,24,1.000000000000000e-03,9.657448048307248e-04,3.425519516927523e-05
15400,25,-8.000000000000000e-04,-7.802363583292339e-04,-1.976364167076612e-05
15400,26,5.999999999999999e-04,5.678658000295703e-04,3.213419997042961e-05
15400,27,5.000000000000000e-04,4.945350004100939e-04,5.464999589906128e-06
15400,28,-4.000000000000000e-04,-3.759497171802089e-04,-2.405028281979109e-05
15400,29,3.000000000000000e-04,3.004049690499339e-04,-4.049690499339023e-07
15500,0,1.200000000000000e-01,1.193984726991916e-01,6.015273008083688e-04
15500,1,-8.000000000000000e-02,-7.957984688367646e-02,-4.201531163235406e-04
15500,2,5.500000000000000e-02,5.473382709007981e-02,2.661729099201898e-04
15500,3,4.000000000000000e-02,3.979249460759565e-02,2.075053924043488e-04
15500,4,-3.000000000000000e-02,-2.987953042370926e-02,-1.204695762907423e-04
15500,5,2.500000000000000e-02,2.493217551258709e-02,6.782448741290970e-05
15500,6,2.000000000000000e-02,1.983916518381833e-02,1.608348161816660e-04
15500,7,-1.800000000000000e-02,-1.786836065606045e-02,-1.316393439395533e-04
15500,8,1.500000000000000e-02,1.492243652717925e-02,7.756347282075055e-05
15500,9,1.200000000000000e-02,1.193962183113136e-02,6.037816886863938e-05
15500,10,-1.000000000000000e-02,-9.981425548937337e-03,-1.857445106266328e-05
15500,11,8.999999999999999e-03,9.029863354448458e-03,-2.986335444845820e-05
15500,12,8.000000000000000e-03,7.907718229011273e-03,9.228177098872734e-05
15500,13,-7.000000000000000e-03,-6.988061888441406e-03,-1.193811155859436e-05
15500,14,6.000000000000000e-03,6.001872429796752e-03,-1.872429796751993e-06
15500,15,5.000000000000000e-03,4.944695454466315e-03,5.530454553368501e-05
15500,16,-4.000000000000000e-03,-4.017323386624632e-03,1.732338662463213e-05
15500,17,3.500000000000000e-03,3.536458589098150e-03,-3.645858909815010e-05
15500,18,3.000000000000000e-03,2.966271528586882e-03,3.372847141311797e-05
15500,19,-2.500000000000000e-03,-2.530323355495886e-03,3.032335549588584e-05
15500,20,2.000000000000000e-03,2.021685363693765e-03,-2.168536369376479e-05
15500,21,1.800000000000000e-03,1.719332662486483e-03,8.066733751351711e-05
15500,22,-1.500000000000000e-03,-1.474283300411717e-03,-2.571669958828320e-05
15500,23,1.200000000000000e-03,1.165031386657846e-03,3.496861334215356e-05
15500,24,1.000000000000000e-03,9.656563986387353e-04,3.434360136126476e-05
15500,25,-8.000000000000000e-04,-7.787248668559033e-04,-2.127513314409673e-05
15500,26,5.999999999999999e-04,5.649246035719550e-04,3.507539642804498e-05
15500,27,5.000000000000000e-04,4.927245555559738e-04,7.275444444026233e-06
15500,28,-4.000000000000000e-04,-3.766004094355386e-04,-2.339959056446139e-05
15500,29,3.000000000000000e-04,2.960841671609814e-04,3.915832839018621e-06
15600,0,1.200000000000000e-01,1.194177159869808e-01,5.822840130191992e-04
15600,1,-8.000000000000000e-02,-7.958962638372770e-02,-4.103736162723026e-04
15600,2,5.500000000000000e-02,5.474039103804935e-02,2.596089619506456e-04
15600,3,4.000000000000000e-02,3.980290030272901e-02,1.970996972709901e-04
15600,4,-3.000000000000000e-02,-2.988257850961384e-02,-1.174214903861617e-04
15600,5,2.500000000000000e-02,2.493516253746440e-02,6.483746253560518e-05
15600,6,2.000000000000000e-02,1.984916325051647e-02,1.508367494835322e-04
15600,7,-1.800000000000000e-02,-1.787469691753567e-02,-1.253030824643273e-04
15600,8,1.500000000000000e-02,1.492481111594750e-02,7.518888405249474e-05
15600,9,1.200000000000000e-02,1.194597375298851e-02,5.402624701148981e-05
15600,10,-1.000000000000000e-02,-9.988424724684149e-03,-1.157527531585149e-05
15600,11,8.999999999999999e-03,9.030104314614623e-03,-3.010431461462383e-05
15600,12,8.000000000000000e-03,7.909074496631233e-03,9.092550336876719e-05
15600,13,-7.000000000000000e-03,-6.990285226915673e-03,-9.714773084327534e-06
15600,14,6.000000000000000e-03,6.004290681490040e-03,-4.290681490039423e-06
15600,15,5.000000000000000e-03,4.948845641796929e-03,5.115435820307081e-05
15600,16,-4.000000000000000e-03,-4.016674209041046e-03,1.667420904104613e-05
15600,17,3.500000000000000e-03,3.537361635266454e-03,-3.736163526645367e-05
15600,18,3.000000000000000e-03,2.966253448554166e-03,3.374655144583417e-05
15600,19,-2.500000000000000e-03,-2.525927783672564e-03,2.592778367256372e-05
15600,20,2.000000000000000e-03,2.025511065678962e-03,-2.551106567896160e-05
15600,21,1.800000000000000e-03,1.720221055287828e-03,7.977894471217239e-05
15600,22,-1.500000000000000e-03,-1.475223112760841e-03,-2.477688723915910e-05
15600,23,1.200000000000000e-03,1.168063588646528e-03,3.193641135347145e-05
15600,24,1.000000000000000e-03,9.647719944586706e-04,3.522800554132944e-05
15600,25,-8.000000000000000e-04,-7.785910583447244e-04,-2.140894165527567e-05
15600,26,5.999999999999999e-04,5.648740845507321e-04,3.512591544926782e-05
15600,27,5.000000000000000e-04,4.922433812722306e-04,7.756618727769362e-06
15600,28,-4.000000000000000e-04,-3.800724153210494e-04,-1.992758467895059e-05
15600,29,3.000000000000000e-04,3.005809463941985e-04,-5.809463941984939e-07
15700,0,1.200000000000000e-01,1.194324185058971e-01,5.675814941029228e-04
15700,1,-8.000000000000000e-02,-7.960113269597698e-02,-3.988673040230262e-04
15700,2,5.500000000000000e-02,5.474892997760453e-02,2.510700223954734e-04
15700,3,4.000000000000000e-02,3.980645867244716e-02,1.935413275528375e-04
15700,4,-3.000000000000000e-02,-2.988238981972050e-02,-1.176101802794968e-04
15700,5,2.500000000000000e-02,2.493437977734115e-02,6.562022265885203e-05
15700,6,2.000000000000000e-02,1.985381406400984e-02,1.461859359901604e-04
15700,7,-1.800000000000000e-02,-1.787494372058045e-02,-1.250562794195519e-04
15700,8,1.500000000000000e-02,1.492244706286251e-02,7.755293713749070e-05
15700,9,1.200000000000000e-02,1.194997102492013e-02,5.002897507987332e-05
15700,10,-1.000000000000000e-02,-9.988589580422282e-03,-1.141041957771795e-05
15700,11,8.999999999999999e-03,9.030722610685759e-03,-3.072261068575929e-05
15700,12,8.000000000000000e-03,7.908127110290581e-03,9.187288970941877e-05
15700,13,-7.000000000000000e-03,-6.988103638319553e-03,-1.189636168044683e-05
15700,14,6.000000000000000e-03,6.004929097481804e-03,-4.929097481803750e-06
15700,15,5.000000000000000e-03,4.948272756602875e-03,5.172724339712505e-05
15700,16,-4.000000000000000e-03,-4.017099133621729e-03,1.709913362172872e-05
15700,17,3.500000000000000e-03,3.539770070664419e-03,-3.977007066441850e-05
15700,18,3.000000000000000e-03,2.965152795344050e-03,3.484720465595035e-05
15700,19,-2.500000000000000e-03,-2.525626521030762e-03,2.562652103076145e-05
15700,20,2.000000000000000e-03,2.025089892987636e-03,-2.508989298763550e-05
15700,21,1.800000000000000e-03,1.722921525714280e-03,7.707847428572025e-05
15700,22,-1.500000000000000e-03,-1.475807202795237e-03,-2.419279720476349e-05
15700,23,1.200000000000000e-03,1.166955154294081e-03,3.304484570591858e-05
15700,24,1.000000000000000e-03,9.671666841103981e-04,3.283331588960193e-05
15700,25,-8.000000000000000e-04,-7.827351038708412e-04,-1.726489612915885e-05
15700,26,5.999999999999999e-04,5.675577318992654e-04,3.244226810073458e-05
15700,27,5.000000000000000e-04,4.880809779650571e-04,1.191902203494293e-05
15700,28,-4.000000000000000e-04,-3.775935940715109e-04,-2.240640592848916e-05
15700,29,3.000000000000000e-04,2.972620704943183e-04,2.737929505681677e-06
15800,0,1.200000000000000e-01,1.194503773483548e-01,5.496226516452096e-04
15800,1,-8.000000000000000e-02,-7.961189093469083e-02,-3.881090653091723e-04
15800,2,5.500000000000000e-02,5.475382276821129e-02,2.461772317887134e-04
15800,3,4.000000000000000e-02,3.981706273822122e-02,1.829372617787803e-04
15800,4,-3.000000000000000e-02,-2.988879150757788e-02,-1.112084924221220e-04
15800,5,2.500000000000000e-02,2.494170386658233e-02,5.829613341767209e-05
15800,6,2.000000000000000e-02,1.985701635268329e-02,1.429836473167100e-04
15800,7,-1.800000000000000e-02,-1.787813884610669e-02,-1.218611538933122e-04
15800,8,1.500000000000000e-02,1.492802052584325e-02,7.197947415674838e-05
15800,9,1.200000000000000e-02,1.195311979279552e-02,4.688020720448188e-05
15800,10,-1.000000000000000e-02,-9.988622177593637e-03,-1.137782240636341e-05
15800,11,8.999999999999999e-03,9.034114763164755e-03,-3.411476316475537e-05
15800,12,8.000000000000000e-03,7.909466376758241e-03,9.053362324175883e-05
15800,13,-7.000000000000000e-03,-6.987303202269213e-03,-1.269679773078722e-05
15800,14,6.000000000000000e-03,6.007162718982142e-03,-7.162718982141845e-06
15800,15,5.000000000000000e-03,4.948691688830278e-03,5.130831116972184e-05
15800,16,-4.000000000000000e-03,-4.016961826812935e-03,1.696182681293519e-05
15800,17,3.500000000000000e-03,3.540994311981106e-03,-4.099431198110581e-05
15800,18,3.000000000000000e-03,2.964319815272752e-03,3.568018472724843e-05
15800,19,-2.500000000000000e-03,-2.526032185751072e-03,2.603218575107169e-05
15800,20,2.000000000000000e-03,2.028792597387261e-03,-2.879259738726089e-05
15800,21,1.800000000000000e-03,1.719284482765275e-03,8.071551723472454e-05
15800,22,-1.500000000000000e-03,-1.477000577440384e-03,-2.299942255961588e-05
15800,23,1.200000000000000e-03,1.170000232697964e-03,2.999976730203567e-05
15800,24,1.000000000000000e-03,9.645773683698150e-04,3.542263163018502e-05
15800,25,-8.000000000000000e-04,-7.851460084652654e-04,-1.485399153473464e-05
15800,26,5.999999999999999e-04,5.683123681307689e-04,3.168763186923106e-05
15800,27,5.000000000000000e-04,4.873170185196088e-04,1.268298148039123e-05
15800,28,-4.000000000000000e-04,-3.788342684118854e-04,-2.116573158811465e-05
15800,29,3.000000000000000e-04,2.955684497462985e-04,4.431550253701489e-06
15900,0,1.200000000000000e-01,1.194675117056015e-01,5.324882943985310e-04
15900,1,-8.000000000000000e-02,-7.962073243774542e-02,-3.792675622545788e-04
15900,2,5.500000000000000e-02,5.476129486451749e-02,2.387051354825129e-04
15900,3,4.000000000000000e-02,3.982386600806663e-02,1.761339919333707e-04
15900,4,-3.000000000000000e-02,-2.989131437458595e-02,-1.086856254140511e-04
15900,5,2.500000000000000e-02,2.494280704608925e-02,5.719295391074658e-05
15900,6,2.000000000000000e-02,1.986047672735672e-02,1.395232726432785e-04
15900,7,-1.800000000000000e-02,-1.787993857377538e-02,-1.200614262246158e-04
15900,8,1.500000000000000e-02,1.492885836060610e-02,7.114163939390267e-05
15900,9,1.200000000000000e-02,1.195205840996024e-02,4.794159003976457e-05
15900,10,-1.000000000000000e-02,-9.989568774904842e-03,-1.043122509515777e-05
15900,11,8.999999999999999e-03,9.031732316393017e-03,-3.173231639301728e-05
15900,12,8.000000000000000e-03,7.910984650805137e-03,8.901534919486358e-05
15900,13,-7.000000000000000e-03,-6.989038433335561e-03,-1.096156666443877e-05
15900,14,6.000000000000000e-03,6.007540773270668e-03,-7.540773270667440e-06
15900,15,5.000000000000000e-03,4.948149363306455e-03,5.185063669354509e-05
15900,16,-4.000000000000000e-03,-4.017384399832970e-03,1.738439983297018e-05
15900,17,3.500000000000000e-03,3.538228259137836e-03,-3.822825913783572e-05
15900,18,3.000000000000000e-03,2.965339308468597e-03,3.466069153140305e-05
15900,19,-2.500000000000000e-03,-2.525157578409683e-03,2.515757840968304e-05
15900,20,2.000000000000000e-03,2.029113284854956e-03,-2.911328485495591e-05
15900,21,1.800000000000000e-03,1.720772981482759e-03,7.922701851724098e-05
15900,22,-1.500000000000000e-03,-1.480395779608958e-03,-1.960422039104211e-05
15900,23,1.200000000000000e-03,1.176082080338320e-03,2.391791966167975e-05
15900,24,1.000000000000000e-03,9.626645016537689e-04,3.733549834623114e-05
15900,25,-8.000000000000000e-04,-7.846373468470172e-04,-1.536265315298286e-05
15900,26,5.999999999999999e-04,5.721585776245578e-04,2.784142237544215e-05
15900,27,5.000000000000000e-04,4.892951317171282e-04,1.070486828287176e-05
15900,28,-4.000000000000000e-04,-3.796155123436720e-04,-2.038448765632800e-05
15900,29,3.000000000000000e-04,2.966866297371504e-04,3.313370262849583e-06
16000,0,1.200000000000000e-01,1.194885518982536e-01,5.114481017464284e-04
16000,1,-8.000000000000000e-02,-7.963847431583043e-02,-3.615256841695696e-04
16000,2,5.500000000000000e-02,5.477101985537706e-02,2.289801446229422e-04
16000,3,4.000000000000000e-02,3.983022489743025e-02,1.697751025697553e-04
16000,4,-3.000000000000000e-02,-2.989645931374936e-02,-1.035406862506354e-04
16000,5,2.500000000000000e-02,2.494402782648620e-02,5.597217351380190e-05
16000,6,2.000000000000000e-02,1.986652905058028e-02,1.334709494197200e-04
16000,7,-1.800000000000000e-02,-1.788241829375592e-02,-1.175817062440757e-04
16000,8,1.500000000000000e-02,1.493106677922071e-02,6.893322077928914e-05
16000,9,1.200000000000000e-02,1.195204590567015e-02,4.795409432985405e-05
16000,10,-1.000000000000000e-02,-9.988441830208312e-03,-1.155816979168771e-05
16000,11,8.999999999999999e-03,9.030426290364201e-03,-3.042629036420150e-05
16000,12,8.000000000000000e-03,7.913433661745871e-03,8.656633825412929e-05
16000,13,-7.000000000000000e-03,-6.991631977218351e-03,-8.368022781648880e-06
16000,14,6.000000000000000e-03,6.006532060225158e-03,-6.532060225157392e-06
16000,15,5.000000000000000e-03,4.952955908425955e-03,4.704409157404478e-05
16000,16,-4.000000000000000e-03,-4.019906016500680e-03,1.990601650068025e-05
16000,17,3.500000000000000e-03,3.536835342769663e-03,-3.683534276966317e-05
16000,18,3.000000000000000e-03,2.970266979974141e-03,2.973302002585911e-05
16000,19,-2.500000000000000e-03,-2.525699854241076e-03,2.569985424107557e-05
16000,20,2.000000000000000e-03,2.028840187576921e-03,-2.884018757692060e-05
16000,21,1.800000000000000e-03,1.723018191130896e-03,7.698180886910391e-05
16000,22,-1.500000000000000e-03,-1.480001192179453e-03,-1.999880782054659e-05
16000,23,1.200000000000000e-03,1.176834045330589e-03,2.316595466941135e-05
16000,24,1.000000000000000e-03,9.634583507155822e-04,3.654164928441786e-05
16000,25,-8.000000000000000e-04,-7.879204467058196e-04,-1.207955329418045e-05
16000,26,5.999999999999999e-04,5.762851912483014e-04,2.371480875169852e-05
16000,27,5.000000000000000e-04,4.849475850836838e-04,1.505241491631619e-05
16000,28,-4.000000000000000e-04,-3.788722112919282e-04,-2.112778870807185e-05
16000,29,3.000000000000000e-04,2.938929863652699e-04,6.107013634730105e-06
16100,0,1.200000000000000e-01,1.195053436899048e-01,4.946563100952095e-04
16100,1,-8.000000000000000e-02,-7.965147541270902e-02,-3.485245872909826e-04
16100,2,5.500000000000000e-02,5.477670242338139e-02,2.232975766186113e-04
16100,3,4.000000000000000e-02,3.983652517566118e-02,1.634748243388232e-04
16100,4,-3.000000000000000e-02,-2.989947484141169e-02,-1.005251585883132e-04
16100,5,2.500000000000000e-02,2.494472332637223e-02,5.527667362777502e-05
16100,6,2.000000000000000e-02,1.987431266243053e-02,1.256873375694717e-04
16100,7,-1.800000000000000e-02,-1.789044103016407e-02,-1.095589698359260e-04
16100,8,1.500000000000000e-02,1.493558235029323e-02,6.441764970676646e-05
16100,9,1.200000000000000e-02,1.195534473030487e-02,4.465526969512669e-05
16100,10,-1.000000000000000e-02,-9.987112913802717e-03,-1.288708619728331e-05
16100,11,8.999999999999999e-03,9.028275573709735e-03,-2.827557370973545e-05
16100,12,8.000000000000000e-03,7.919080668285698e-03,8.091933171430234e-05
16100,13,-7.000000000000000e-03,-6.993556786742846e-03,-6.443213257154197e-06
16100,14,6.000000000000000e-03,6.005372749398231e-03,-5.372749398230986e-06
16100,15,5.000000000000000e-03,4.960304860428586e-03,3.969513957141364e-05
16100,16,-4.000000000000000e-03,-4.019390770610180e-03,1.939077061018004e-05
16100,17,3.500000000000000e-03,3.532150205429991e-03,-3.215020542999061e-05
16100,18,3.000000000000000e-03,2.976498905059250e-03,2.350109494074970e-05
16100,19,-2.500000000000000e-03,-2.528216845631549e-03,2.821684563154934e-05
16100,20,2.000000000000000e-03,2.030229116087889e-03,-3.022911608788854e-05
16100,21,1.800000000000000e-03,1.729015332675658e-03,7.098466732434168e-05
16100,22,-1.500000000000000e-03,-1.485049852206038e-03,-1.495014779396230e-05
16100,23,1.200000000000000e-03,1.176404410116397e-03,2.359558988360264e-05
16100,24,1.000000000000000e-03,9.697829073750303e-04,3.021709262496968e-05
16100,25,-8.000000000000000e-04,-7.922641117220757e-04,-7.735888277924340e-06
16100,26,5.999999999999999e-04,5.774180039781770e-04,2.258199602182299e-05
16100,27,5.000000000000000e-04,4.886615966865565e-04,1.133840331344347e-05
16100,28,-4.000000000000000e-04,-3.805572956760094e-04,-1.944270432399062e-05
16100,29,3.000000000000000e-04,2.913897521758835e-04,8.610247824116521e-06
16200,0,1.200000000000000e-01,1.195247755455520e-01,4.752244544480450e-04
16200,1,-8.000000000000000e-02,-7.966439486932551e-02,-3.356051306744878e-04
16200,2,5.500000000000000e-02,5.478505635023804e-02,2.149436497619617e-04
16200,3,4.000000000000000e-02,3.984218734790305e-02,1.578126520969531e-04
16200,4,-3.000000000000000e-02,-2.990361682174125e-02,-9.638317825875348e-05
16200,5,2.500000000000000e-02,2.494671215636633e-02,5.328784363366895e-05
16200,6,2.000000000000000e-02,1.987637320306562e-02,1.236267969343847e-04
16200,7,-1.800000000000000e-02,-1.789445611528844e-02,-1.055438847115571e-04
16200,8,1.500000000000000e-02,1.493992120680926e-02,6.007879319073518e-05
16200,9,1.200000000000000e-02,1.195504048636814e-02,4.495951363185993e-05
16200,10,-1.000000000000000e-02,-9.986700861350959e-03,-1.329913864904150e-05
16200,11,8.999999999999999e-03,9.027523092535919e-03,-2.752309253591968e-05
16200,12,8.000000000000000e-03,7.920948904205879e-03,7.905109579412102e-05
16200,13,-7.000000000000000e-03,-6.991160138064665e-03,-8.839861935334807e-06
16200,14,6.000000000000000e-03,6.001136214440699e-03,-1.136214440699244e-06
16200,15,5.000000000000000e-03,4.964147518911922e-03,3.585248108807764e-05
16200,16,-4.000000000000000e-03,-4.023235036276113e-03,2.323503627611311e-05
16200,17,3.500000000000000e-03,3.530669143583723e-03,-3.066914358372270e-05
16200,18,3.000000000000000e-03,2.978368323653317e-03,2.163167634668291e-05
16200,19,-2.500000000000000e-03,-2.531110873513588e-03,3.111087351358828e-05
16200,20,2.000000000000000e-03,2.029908750166807e-03,-2.990875016680708e-05
16200,21,1.800000000000000e-03,1.732197344627638e-03,6.780265537236190e-05
16200,22,-1.500000000000000e-03,-1.488398290484556e-03,-1.160170951544377e-05
16200,23,1.200000000000000e-03,1.178016474620729e-03,2.198352537927128e-05
16200,24,1.000000000000000e-03,9.707796230307097e-04,2.922037696929036e-05
16200,25,-8.000000000000000e-04,-7.922126876859693e-04,-7.787312314030742e-06
16200,26,5.999999999999999e-04,5.765427796023059e-04,2.345722039769408e-05
16200,27,5.000000000000000e-04,4.903867200599762e-04,9.613279940023857e-06
16200,28,-4.000000000000000e-04,-3.798804235554380e-04,-2.011957644456198e-05
16200,29,3.000000000000000e-04,2.918583247916869e-04,8.141675208313064e-06
16300,0,1.200000000000000e-01,1.195412772146040e-01,4.587227853959652e-04
16300,1,-8.000000000000000e-02,-7.967102388340762e-02,-3.289761165923832e-04
16300,2,5.500000000000000e-02,5.479308479061130e-02,2.069152093886958e-04
16300,3,4.000000000000000e-02,3.985012189035058e-02,1.498781096494206e-04
16300,4,-3.000000000000000e-02,-2.990615441675882e-02,-9.384558324117970e-05
16300,5,2.500000000000000e-02,2.495120467745537e-02,4.879532254463415e-05
16300,6,2.000000000000000e-02,1.987921952936922e-02,1.207804706307818e-04
16300,7,-1.800000000000000e-02,-1.789519013748093e-02,-1.048098625190640e-04
16300,8,1.500000000000000e-02,1.494053321487377e-02,5.946678512623420e-05
16300,9,1.200000000000000e-02,1.195781297447222e-02,4.218702552777863e-05
16300,10,-1.000000000000000e-02,-9.986612933451511e-03,-1.338706654848906e-05
16300,11,8.999999999999999e-03,9.027389102326784e-03,-2.738910232678513e-05
16300,12,8.000000000000000e-03,7.927202408588064e-03,7.279759141193623e-05
16300,13,-7.000000000000000e-03,-6.993337301241960e-03,-6.662698758040306e-06
16300,14,6.000000000000000e-03,6.004482040443188e-03,-4.482040443187958e-06
16300,15,5.000000000000000e-03,4.963970715439207e-03,3.602928456079325e-05
16300,16,-4.000000000000000e-03,-4.020825620833597e-03,2.082562083359669e-05
16300,17,3.500000000000000e-03,3.531876282957400e-03,-3.187628295739982e-05
16300,18,3.000000000000000e-03,2.976281552901386e-03,2.371844709861360e-05
16300,19,-2.500000000000000e-03,-2.527286071900517e-03,2.728607190051685e-05
16300,20,2.000000000000000e-03,2.029962114172123e-03,-2.996211417212284e-05
16300,21,1.800000000000000e-03,1.735035929514314e-03,6.496407048568547e-05
16300,22,-1.500000000000000e-03,-1.488516709172406e-03,-1.148329082759406e-05
16300,23,1.200000000000000e-03,1.181329386036609e-03,1.867061396339091e-05
16300,24,1.000000000000000e-03,9.725746441627540e-04,2.742535583724604e-05
16300,25,-8.000000000000000e-04,-7.931144920647015e-04,-6.885507935298516e-06
16300,26,5.999999999999999e-04,5.770788083356374e-04,2.292119166436252e-05
16300,27,5.000000000000000e-04,4.892859198746242e-04,1.071408012537584e-05
16300,28,-4.000000000000000e-04,-3.818512367021508e-04,-1.814876329784925e-05
16300,29,3.000000000000000e-04,2.886141946497555e-04,1.138580535024449e-05
16400,0,1.200000000000000e-01,1.195586911003764e-01,4.413088996236131e-04
16400,1,-8.000000000000000e-02,-7.968271967308500e-02,-3.172803269149982e-04
16400,2,5.500000000000000e-02,5.480104632883460e-02,1.989536711653958e-04
16400,3,4.000000000000000e-02,3.985427665319995e-02,1.457233468000474e-04
16400,4,-3.000000000000000e-02,-2.990942568567332e-02,-9.057431432668225e-05
16400,5,2.500000000000000e-02,2.495682417862197e-02,4.317582137802756e-05
16400,6,2.000000000000000e-02,1.987769161933590e-02,1.223083806641025e-04
16400,7,-1.800000000000000e-02,-1.789696375906595e-02,-1.030362409340478e-04
16400,8,1.500000000000000e-02,1.494233264825812e-02,5.766735174187604e-05
16400,9,1.200000000000000e-02,1.195807061691784e-02,4.192938308215585e-05
16400,10,-1.000000000000000e-02,-9.987135164638297e-03,-1.286483536170301e-05
16400,11,8.999999999999999e-03,9.026886764355674e-03,-2.688676435567451e-05
16400,12,8.000000000000000e-03,7.926493785714011e-03,7.350621428598922e-05
16400,13,-7.000000000000000e-03,-6.992889493572525e-03,-7.110506427474884e-06
16400,14,6.000000000000000e-03,6.002475505439563e-03,-2.475505439562646e-06
16400,15,5.000000000000000e-03,4.962542803457241e-03,3.745719654275892e-05
16400,16,-4.000000000000000e-03,-4.018200102173740e-03,1.820010217373942e-05
16400,17,3.500000000000000e-03,3.528886305717203e-03,-2.888630571720339e-05
16400,18,3.000000000000000e-03,2.978134954587055e-03,2.186504541294536e-05
16400,19,-2.500000000000000e-03,-2.525511428696621e-03,2.551142869662093e-05
16400,20,2.000000000000000e-03,2.026726124925574e-03,-2.672612492557415e-05
16400,21,1.800000000000000e-03,1.739522036913745e-03,6.047796308625481e-05
16400,22,-1.500000000000000e-03,-1.486616795196263e-03,-1.338320480373696e-05
16400,23,1.200000000000000e-03,1.180886119796713e-03,1.911388020328707e-05
16400,24,1.000000000000000e-03,9.757942343763588e-04,2.420576562364122e-05
16400,25,-8.000000000000000e-04,-7.939169624849281e-04,-6.083037515071930e-06
16400,26,5.999999999999999e-04,5.803008116293812e-04,1.969918837061877e-05
16400,27,5.000000000000000e-04,4.892667549002928e-04,1.073324509970721e-05
16400,28,-4.000000000000000e-04,-3.825938000624035e-04,-1.740619993759651e-05
16400,29,3.000000000000000e-04,2.890395199288360e-04,1.096048007116394e-05
16500,0,1.200000000000000e-01,1.195724204084660e-01,4.275795915339997e-04
16500,1,-8.000000000000000e-02,-7.969322897687930e-02,-3.067710231206972e-04
16500,2,5.500000000000000e-02,5.480744496474440e-02,1.925550352556010e-04
16500,3,4.000000000000000e-02,3.985644850974399e-02,1.435514902560081e-04
16500,4,-3.000000000000000e-02,-2.990923677817802e-02,-9.076322182197463e-05
16500,5,2.500000000000000e-02,2.495402028637391e-02,4.597971362609032e-05
16500,6,2.000000000000000e-02,1.988394620339671e-02,1.160537966032917e-04
16500,7,-1.800000000000000e-02,-1.790167762888647e-02,-9.832237111352671e-05
16500,8,1.500000000000000e-02,1.494608025176609e-02,5.391974823391009e-05
16500,9,1.200000000000000e-02,1.195516002479865e-02,4.483997520134814e-05
16500,10,-1.000000000000000e-02,-9.987251575656390e-03,-1.274842434361052e-05
16500,11,8.999999999999999e-03,9.028068449856395e-03,-2.806844985639607e-05
16500,12,8.000000000000000e-03,7.925624542387762e-03,7.437545761223782e-05
16500,13,-7.000000000000000e-03,-6.991959893512732e-03,-8.040106487267745e-06
16500,14,6.000000000000000e-03,6.000937051071141e-03,-9.370510711407057e-07
16500,15,5.000000000000000e-03,4.964211302336904e-03,3.578869766309584e-05
16500,16,-4.000000000000000e-03,-4.020203184769715e-03,2.020318476971504e-05
16500,17,3.500000000000000e-03,3.528469787574806e-03,-2.846978757480630e-05
16500,18,3.000000000000000e-03,2.978278561881955e-03,2.172143811804547e-05
16500,19,-2.500000000000000e-03,-2.526271438464186e-03,2.627143846418642e-05
16500,20,2.000000000000000e-03,2.023638462993319e-03,-2.363846299331934e-05
16500,21,1.800000000000000e-03,1.744431710278463e-03,5.556828972153732e-05
16500,22,-1.500000000000000e-03,-1.488674428230092e-03,-1.132557176990808e-05
16500,23,1.200000000000000e-03,1.181961826192756e-03,1.803817380724351e-05
16500,24,1.000000000000000e-03,9.805837665057846e-04,1.941623349421546e-05
16500,25,-8.000000000000000e-04,-7.967725451258586e-04,-3.227454874141461e-06
16500,26,5.999999999999999e-04,5.842750039167371e-04,1.572499608326280e-05
16500,27,5.000000000000000e-04,4.884622781572328e-04,1.153772184276725e-05
16500,28,-4.000000000000000e-04,-3.833189943518438e-04,-1.668100564815620e-05
16500,29,3.000000000000000e-04,2.919093922969294e-04,8.090607703070576e-06
16600,0,1.200000000000000e-01,1.195895119187284e-01,4.104880812716427e-04
16600,1,-8.000000000000000e-02,-7.970690891757440e-02,-2.930910824256033e-04
16600,2,5.500000000000000e-02,5.481428488461045e-02,1.857151153895481e-04
16600,3,4.000000000000000e-02,3.986184279957909e-02,1.381572004209089e-04
16600,4,-3.000000000000000e-02,-2.991352975413379e-02,-8.647024586620408e-05
16600,5,2.500000000000000e-02,2.495796818258485e-02,4.203181741515433e-05
16600,6,2.000000000000000e-02,1.988688213567391e-02,1.131178643260927e-04
16600,7,-1.800000000000000e-02,-1.790340837749560e-02,-9.659162250439529e-05
16600,8,1.500000000000000e-02,1.495032914281795e-02,4.967085718204922e-05
16600,9,1.200000000000000e-02,1.195399249256320e-02,4.600750743679813e-05
16600,10,-1.000000000000000e-02,-9.985549638060929e-03,-1.445036193907165e-05
16600,11,8.999999999999999e-03,9.028581963352007e-03,-2.858196335200729e-05
16600,12,8.000000000000000e-03,7.927170299883374e-03,7.282970011662608e-05
16600,13,-7.000000000000000e-03,-6.990517977305591e-03,-9.482022694409613e-06
16600,14,6.000000000000000e-03,6.000701466682908e-03,-7.014666829081168e-07
16600,15,5.000000000000000e-03,4.967274166441119e-03,3.272583355888158e-05
16600,16,-4.000000000000000e-03,-4.019853307188566e-03,1.985330718856562e-05
16600,17,3.500000000000000e-03,3.526570485017902e-03,-2.657048501790221e-05
16600,18,3.000000000000000e-03,2.980944803803551e-03,1.905519619644930e-05
16600,19,-2.500000000000000e-03,-2.523205391384993e-03,2.320539138499266e-05
16600,20,2.000000000000000e-03,2.019902010658619e-03,-1.990201065861941e-05
16600,21,1.800000000000000e-03,1.749987864478944e-03,5.001213552105564e-05
16600,22,-1.500000000000000e-03,-1.490863025658182e-03,-9.136974341817814e-06
16600,23,1.200000000000000e-03,1.184311223497937e-03,1.568877650206255e-05
16600,24,1.000000000000000e-03,9.802510542423184e-04,1.974894575768158e-05
16600,25,-8.000000000000000e-04,-7.953757092883809e-04,-4.624290711619113e-06
16600,26,5.999999999999999e-04,5.839087016291817e-04,1.609129837081827e-05
16600,27,5.000000000000000e-04,4.905704478592071e-04,9.429552140792865e-06
16600,28,-4.000000000000000e-04,-3.837417192540468e-04,-1.625828074595318e-05
16600,29,3.000000000000000e-04,2.932579772948377e-04,6.742022705162306e-06
16700,0,1.200000000000000e-01,1.196033061511772e-01,3.966938488228350e-04
16700,1,-8.000000000000000e-02,-7.971546589250030e-02,-2.845341074997065e-04
16700,2,5.500000000000000e-02,5.482222951034521e-02,1.777704896547896e-04
16700,3,4.000000000000000e-02,3.986671503946113e-02,1.332849605388681e-04
16700,4,-3.000000000000000e-02,-2.991381826062134e-02,-8.618173937865667e-05
16700,5,2.500000000000000e-02,2.496003279842752e-02,3.996720157248626e-05
16700,6,2.000000000000000e-02,1.989184665256172e-02,1.081533474382793e-04
16700,7,-1.800000000000000e-02,-1.790557380482343e-02,-9.442619517656750e-05
16700,8,1.500000000000000e-02,1.495193707601801e-02,4.806292398198790e-05
16700,9,1.200000000000000e-02,1.195651131901321e-02,4.348868098679251e-05
16700,10,-1.000000000000000e-02,-9.986036004816307e-03,-1.396399518369291e-05
16700,11,8.999999999999999e-03,9.028119714646850e-03,-2.811971464685044e-05
16700,12,8.000000000000000e-03,7.927112982482842e-03,7.288701751715851e-05
16700,13,-7.000000000000000e-03,-6.988993355443819e-03,-1.100664455618103e-05
16700,14,6.000000000000000e-03,5.998783010382310e-03,1.216989617689943e-06
16700,15,5.000000000000000e-03,4.969056992293512e-03,3.094300770648852e-05
16700,16,-4.000000000000000e-03,-4.020820375935064e-03,2.082037593506385e-05
16700,17,3.500000000000000e-03,3.526207364956910e-03,-2.620736495690962e-05
16700,18,3.000000000000000e-03,2.982461979023947e-03,1.753802097605303e-05
16700,19,-2.500000000000000e-03,-2.522834400377579e-03,2.283440037757897e-05
16700,20,2.000000000000000e-03,2.019406775731941e-03,-1.940677573194051e-05
16700,21,1.800000000000000e-03,1.750313506824154e-03,4.968649317584626e-05
16700,22,-1.500000000000000e-03,-1.487305850615126e-03,-1.269414938487421e-05
16700,23,1.200000000000000e-03,1.181927069359484e-03,1.807293064051609e-05
16700,24,1.000000000000000e-03,9.815326927766611e-04,1.846730722333888e-05
16700,25,-8.000000000000000e-04,-7.946583091250615e-04,-5.341690874938491e-06
16700,26,5.999999999999999e-04,5.845115456527274e-04,1.548845434727250e-05
16700,27,5.000000000000000e-04,4.872762461889018e-04,1.272375381109820e-05
16700,28,-4.000000000000000e-04,-3.800394937521406e-04,-1.996050624785946e-05
16700,29,3.000000000000000e-04,2.905790195004208e-04,9.420980499579208e-06
16800,0,1.200000000000000e-01,1.196185893961637e-01,3.814106038363130e-04
16800,1,-8.000000000000000e-02,-7.972532219234128e-02,-2.746778076587186e-04
16800,2,5.500000000000000e-02,5.482803721762760e-02,1.719627823724007e-04
16800,3,4.000000000000000e-02,3.987245895446721e-02,1.275410455327877e-04
16800,4,-3.000000000000000e-02,-2.991677071172285e-02,-8.322928827714585e-05
16800,5,2.500000000000000e-02,2.496159447913546e-02,3.840552086454424e-05
16800,6,2.000000000000000e-02,1.989644841128210e-02,1.035515887178977e-04
16800,7,-1.800000000000000e-02,-1.791074303114473e-02,-8.925696885527315e-05
16800,8,1.500000000000000e-02,1.495583850597171e-02,4.416149402829139e-05
16800,9,1.200000000000000e-02,1.195905999143985e-02,4.094000856015231e-05
16800,10,-1.000000000000000e-02,-9.987685743026371e-03,-1.231425697362926e-05
16800,11,8.999999999999999e-03,9.029780751524580e-03,-2.978075152458050e-05
16800,12,8.000000000000000e-03,7.932580501897431e-03,6.741949810256873e-05
16800,13,-7.000000000000000e-03,-6.991549617171737e-03,-8.450382828263138e-06
16800,14,6.000000000000000e-03,6.001085677081891e-03,-1.085677081891050e-06
16800,15,5.000000000000000e-03,4.972962303075543e-03,2.703769692445710e-05
16800,16,-4.000000000000000e-03,-4.024462448960871e-03,2.446244896087135e-05
16800,17,3.500000000000000e-03,3.528428089308941e-03,-2.842808930894137e-05
16800,18,3.000000000000000e-03,2.985201843615579e-03,1.479815638442137e-05
16800,19,-2.500000000000000e-03,-2.524463518659232e-03,2.446351865923206e-05
16800,20,2.000000000000000e-03,2.019428427897395e-03,-1.942842789739475e-05
16800,21,1.800000000000000e-03,1.753617481175195e-03,4.638251882480514e-05
16800,22,-1.500000000000000e-03,-1.488241923023663e-03,-1.175807697633671e-05
16800,23,1.200000000000000e-03,1.184478119801552e-03,1.552188019844831e-05
16800,24,1.000000000000000e-03,9.824701508263651e-04,1.752984917363491e-05
16800,25,-8.000000000000000e-04,-7.958956844145316e-04,-4.104315585468457e-06
16800,26,5.999999999999999e-04,5.869492533303851e-04,1.305074666961483e-05
16800,27,5.000000000000000e-04,4.871388208776539e-04,1.286117912234610e-05
16800,28,-4.000000000000000e-04,-3.788319082760217e-04,-2.116809172397836e-05
16800,29,3.000000000000000e-04,2.904310999908307e-04,9.568900009169243e-06
16900,0,1.200000000000000e-01,1.196280381669145e-01,3.719618330855351e-04
16900,1,-8.000000000000000e-02,-7.973353375246704e-02,-2.664662475329593e-04
16900,2,5.500000000000000e-02,5.483138916265962e-02,1.686108373403841e-04
16900,3,4.000000000000000e-02,3.987860178486738e-02,1.213982151326218e-04
16900,4,-3.000000000000000e-02,-2.992115446254149e-02,-7.884553745851272e-05
16900,5,2.500000000000000e-02,2.496204734042113e-02,3.795265957886804e-05
16900,6,2.000000000000000e-02,1.990314271241156e-02,9.685728758844145e-05
16900,7,-1.800000000000000e-02,-1.791534145815550e-02,-8.465854184449770e-05
16900,8,1.500000000000000e-02,1.495650927004356e-02,4.349072995644444e-05
16900,9,1.200000000000000e-02,1.196287945247732e-02,3.712054752268157e-05
16900,10,-1.000000000000000e-02,-9.988625387432956e-03,-1.137461256704372e-05
16900,11,8.999999999999999e-03,9.027596963386128e-03,-2.759696338612908e-05
16900,12,8.000000000000000e-03,7.937018379696908e-03,6.298162030309203e-05
16900,13,-7.000000000000000e-03,-6.992657424780360e-03,-7.342575219639741e-06
16900,14,6.000000000000000e-03,6.000599081592776e-03,-5.990815927755036e-07
16900,15,5.000000000000000e-03,4.974965492088750e-03,2.503450791124968e-05
16900,16,-4.000000000000000e-03,-4.023829421854930e-03,2.382942185492985e-05
16900,17,3.500000000000000e-03,3.526335812697464e-03,-2.633581269746374e-05
16900,18,3.000000000000000e-03,2.986400368311424e-03,1.359963168857600e-05
16900,19,-2.500000000000000e-03,-2.523979332553498e-03,2.397933255349812e-05
16900,20,2.000000000000000e-03,2.019244322227193e-03,-1.924432222719314e-05
16900,21,1.800000000000000e-03,1.753253951783207e-03,4.674604821679261e-05
16900,22,-1.500000000000000e-03,-1.488530163586767e-03,-1.146983641323257e-05
16900,23,1.200000000000000e-03,1.183936959174420e-03,1.606304082558030e-05
16900,24,1.000000000000000e-03,9.813827189309717e-04,1.861728106902836e-05
16900,25,-8.000000000000000e-04,-7.962167116102918e-04,-3.783288389708206e-06
16900,26,5.999999999999999e-04,5.882757226058405e-04,1.172427739415947e-05
16900,27,5.000000000000000e-04,4.846074705482656e-04,1.539252945173444e-05
16900,28,-4.000000000000000e-04,-3.796146759287682e-04,-2.038532407123181e-05
16900,29,3.000000000000000e-04,2.906151440090676e-04,9.384855990932409e-06
17000,0,1.200000000000000e-01,1.196378836007646e-01,3.621163992353627e-04
17000,1,-8.000000000000000e-02,-7.974013699614788e-02,-2.598630038521260e-04
17000,2,5.500000000000000e-02,5.483510693107822e-02,1.648930689217773e-04
17000,3,4.000000000000000e-02,3.988250082268065e-02,1.174991773193468e-04
17000,4,-3.000000000000000e-02,-2.992269083798355e-02,-7.730916201645344e-05
17000,5,2.500000000000000e-02,2.496346993836707e-02,3.653006163293129e-05
17000,6,2.000000000000000e-02,1.990294737588801e-02,9.705262411198803e-05
17000,7,-1.800000000000000e-02,-1.791536877633488e-02,-8.463122366512282e-05
17000,8,1.500000000000000e-02,1.495537134792087e-02,4.462865207912996e-05
17000,9,1.200000000000000e-02,1.196527255365822e-02,3.472744634177953e-05
17000,10,-1.000000000000000e-02,-9.988986100766633e-03,-1.101389923336728e-05
17000,11,8.999999999999999e-03,9.024569046121146e-03,-2.456904612114716e-05
17000,12,8.000000000000000e-03,7.940983356709442e-03,5.901664329055825e-05
17000,13,-7.000000000000000e-03,-6.993847653539602e-03,-6.152346460398285e-06
17000,14,6.000000000000000e-03,5.998881910010373e-03,1.118089989627334e-06
17000,15,5.000000000000000e-03,4.976121563081084e-03,2.387843691891572e-05
17000,16,-4.000000000000000e-03,-4.024760346584585e-03,2.476034658458522e-05
17000,17,3.500000000000000e-03,3.525717958897262e-03,-2.571795889726169e-05
17000,18,3.000000000000000e-03,2.985921761019935e-03,1.407823898006474e-05
17000,19,-2.500000000000000e-03,-2.523558843580846e-03,2.355884358084615e-05
17000,20,2.000000000000000e-03,2.019207564984835e-03,-1.920756498483521e-05
17000,21,1.800000000000000e-03,1.753507380007794e-03,4.649261999220642e-05
17000,22,-1.500000000000000e-03,-1.487544615802237e-03,-1.245538419776299e-05
17000,23,1.200000000000000e-03,1.183063658808858e-03,1.693634119114234e-05
17000,24,1.000000000000000e-03,9.826274175171921e-04,1.737258248280795e-05
17000,25,-8.000000000000000e-04,-7.972450346769356e-04,-2.754965323064425e-06
17000,26,5.999999999999999e-04,5.885888042546741e-04,1.141119574532589e-05
17000,27,5.000000000000000e-04,4.859962972965444e-04,1.400370270345565e-05
17000,28,-4.000000000000000e-04,-3.802322904173094e-04,-1.976770958269058e-05
17000,29,3.000000000000000e-04,2.899763673600309e-04,1.002363263996907e-05
17100,0,1.200000000000000e-01,1.196473403199279e-01,3.526596800720594e-04
17100,1,-8.000000000000000e-02,-7.974715299686307e-02,-2.528470031369356e-04
17100,2,5.500000000000000e-02,5.483932442620960e-02,1.606755737904031e-04
17100,3,4.000000000000000e-02,3.988580795930975e-02,1.141920406902558e-04
17100,4,-3.000000000000000e-02,-2.992346494586792e-02,-7.653505413208334e-05
17100,5,2.500000000000000e-02,2.496275266776814e-02,3.724733223185728e-05
17100,6,2.000000000000000e-02,1.990662910852046e-02,9.337089147954183e-05
17100,7,-1.800000000000000e-02,-1.791846561389906e-02,-8.153438610094058e-05
17100,8,1.500000000000000e-02,1.495706050841929e-02,4.293949158070721e-05
17100,9,1.200000000000000e-02,1.196513431838669e-02,3.486568161330944e-05
17100,10,-1.000000000000000e-02,-9.988636978314060e-03,-1.136302168593985e-05
17100,11,8.999999999999999e-03,9.024295909152897e-03,-2.429590915289763e-05
17100,12,8.000000000000000e-03,7.941487066919972e-03,5.851293308002832e-05
17100,13,-7.000000000000000e-03,-6.995200297564915e-03,-4.799702435085568e-06
17100,14,6.000000000000000e-03,5.999197863898284e-03,8.021361017161027e-07
17100,15,5.000000000000000e-03,4.974650494367154e-03,2.534950563284639e-05
17100,16,-4.000000000000000e-03,-4.023905992804076e-03,2.390599280407621e-05
17100,17,3.500000000000000e-03,3.525844040921076e-03,-2.584404092107612e-05
17100,18,3.000000000000000e-03,2.984223764874390e-03,1.577623512561029e-05
17100,19,-2.500000000000000e-03,-2.523493861052263e-03,2.349386105226321e-05
17100,20,2.000000000000000e-03,2.019368438443114e-03,-1.936843844311392e-05
17100,21,1.800000000000000e-03,1.754495838443759e-03,4.550416155624129e-05
17100,22,-1.500000000000000e-03,-1.488051685707407e-03,-1.194831429259273e-05
17100,23,1.200000000000000e-03,1.183221473843373e-03,1.677852615662723e-05
17100,24,1.000000000000000e-03,9.820237682235495e-04,1.797623177645052e-05
17100,25,-8.000000000000000e-04,-7.968870900996970e-04,-3.112909900302992e-06
17100,26,5.999999999999999e-04,5.876911519516917e-04,1.230884804830827e-05
17100,27,5.000000000000000e-04,4.859812685801019e-04,1.401873141989815e-05
17100,28,-4.000000000000000e-04,-3.792025693687272e-04,-2.079743063127280e-05
17100,29,3.000000000000000e-04,2.900281304218364e-04,9.971869578163548e-06
17200,0,1.200000000000000e-01,1.196578603819495e-01,3.421396180504771e-04
17200,1,-8.000000000000000e-02,-7.975624505984361e-02,-2.437549401563960e-04
17200,2,5.500000000000000e-02,5.484437325857055e-02,1.556267414294515e-04
17200,3,4.000000000000000e-02,3.988923045903069e-02,1.107695409693077e-04
17200,4,-3.000000000000000e-02,-2.992641295928954e-02,-7.358704071046274e-05
17200,5,2.500000000000000e-02,2.496234176739293e-02,3.765823260707540e-05
17200,6,2.000000000000000e-02,1.991070779583528e-02,8.929220416471761e-05
17200,7,-1.800000000000000e-02,-1.792131979900306e-02,-7.868020099693895e-05
17200,8,1.500000000000000e-02,1.495682511167715e-02,4.317488832285277e-05
17200,9,1.200000000000000e-02,1.196810864362206e-02,3.189135637793848e-05
17200,10,-1.000000000000000e-02,-9.990546895309180e-03,-9.453104690819794e-06
17200,11,8.999999999999999e-03,9.022197408919798e-03,-2.219740891979891e-05
17200,12,8.000000000000000e-03,7.944118726816368e-03,5.588127318363265e-05
17200,13,-7.000000000000000e-03,-6.992882206129937e-03,-7.117793870063498e-06
17200,14,6.000000000000000e-03,5.997933417342265e-03,2.066582657734781e-06
17200,15,5.000000000000000e-03,4.973639687463975e-03,2.636031253602528e-05
17200,16,-4.000000000000000e-03,-4.021023811602090e-03,2.102381160208958e-05
17200,17,3.500000000000000e-03,3.524692304020834e-03,-2.469230402083432e-05
17200,18,3.000000000000000e-03,2.983010946707145e-03,1.698905329285518e-05
17200,19,-2.500000000000000e-03,-2.521788459253220e-03,2.178845925321967e-05
17200,20,2.000000000000000e-03,2.019048841634760e-03,-1.904884163475952e-05
17200,21,1.800000000000000e-03,1.754406471745947e-03,4.559352825405294e-05
17200,22,-1.500000000000000e-03,-1.488727000184175e-03,-1.127299981582550e-05
17200,23,1.200000000000000e-03,1.184619431742206e-03,1.538056825779407e-05
17200,24,1.000000000000000e-03,9.794081367551764e-04,2.059186324482364e-05
17200,25,-8.000000000000000e-04,-7.981040568545869e-04,-1.895943145413135e-06
17200,26,5.999999999999999e-04,5.899444462464309e-04,1.005555375356907e-05
17200,27,5.000000000000000e-04,4.866758787922025e-04,1.332412120779754e-05
17200,28,-4.000000000000000e-04,-3.825376481667123e-04,-1.746235183328770e-05
17200,29,3.000000000000000e-04,2.908290454814063e-04,9.170954518593691e-06
17300,0,1.200000000000000e-01,1.196699418291311e-01,3.300581708688549e-04
17300,1,-8.000000000000000e-02,-7.976313104811451e-02,-2.368689518854883e-04
17300,2,5.500000000000000e-02,5.484961524679473e-02,1.503847532052724e-04
17300,3,4.000000000000000e-02,3.989235948981285e-02,1.076405101871486e-04
17300,4,-3.000000000000000e-02,-2.992738659192744e-02,-7.261340807255406e-05
17300,5,2.500000000000000e-02,2.496209140953359e-02,3.790859046641157e-05
17300,6,2.000000000000000e-02,1.991380636290992e-02,8.619363709008038e-05
17300,7,-1.800000000000000e-02,-1.792511940772589e-02,-7.488059227411109e-05
17300,8,1.500000000000000e-02,1.495978846510309e-02,4.021153489690808e-05
17300,9,1.200000000000000e-02,1.196637310348177e-02,3.362689651823132e-05
17300,10,-1.000000000000000e-02,-9.992925181384315e-03,-7.074818615684930e-06
17300,11,8.999999999999999e-03,9.022832189062635e-03,-2.283218906263575e-05
17300,12,8.000000000000000e-03,7.946282663471421e-03,5.371733652857931e-05
17300,13,-7.000000000000000e-03,-6.995684782297607e-03,-4.315217702392966e-06
17300,14,6.000000000000000e-03,5.999444157909380e-03,5.558420906204981e-07
17300,15,5.000000000000000e-03,4.973841577217817e-03,2.615842278218261e-05
17300,16,-4.000000000000000e-03,-4.020395330235413e-03,2.039533023541311e-05
17300,17,3.500000000000000e-03,3.522622329362622e-03,-2.262232936262173e-05
17300,18,3.000000000000000e-03,2.985296076955623e-03,1.470392304437663e-05
17300,19,-2.500000000000000e-03,-2.524848840044362e-03,2.484884004436225e-05
17300,20,2.000000000000000e-03,2.019788307183912e-03,-1.978830718391174e-05
17300,21,1.800000000000000e-03,1.754503649345263e-03,4.549635065473692e-05
17300,22,-1.500000000000000e-03,-1.491043056656105e-03,-8.956943343895471e-06
17300,23,1.200000000000000e-03,1.184055253750046e-03,1.594474624995413e-05
17300,24,1.000000000000000e-03,9.814912504900605e-04,1.850874950993955e-05
17300,25,-8.000000000000000e-04,-7.999341276776405e-04,-6.587232235957634e-08
17300,26,5.999999999999999e-04,5.904999998834755e-04,9.500000116524480e-06
17300,27,5.000000000000000e-04,4.880061010028376e-04,1.199389899716243e-05
17300,28,-4.000000000000000e-04,-3.851925808713967e-04,-1.480741912860328e-05
17300,29,3.000000000000000e-04,2.942433350674271e-04,5.756664932572914e-06
17400,0,1.200000000000000e-01,1.196810646705741e-01,3.189353294258540e-04
17400,1,-8.000000000000000e-02,-7.977204042192240e-02,-2.279595780775995e-04
17400,2,5.500000000000000e-02,5.485443272307734e-02,1.455672769226576e-04
17400,3,4.000000000000000e-02,3.989714205029177e-02,1.028579497082266e-04
17400,4,-3.000000000000000e-02,-2.993020050785461e-02,-6.979949214539274e-05
17400,5,2.500000000000000e-02,2.496188754247185e-02,3.811245752814718e-05
17400,6,2.000000000000000e-02,1.991793846408448e-02,8.206153591552162e-05
17400,7,-1.800000000000000e-02,-1.793030393127139e-02,-6.969606872860717e-05
17400,8,1.500000000000000e-02,1.496049040361229e-02,3.950959638771012e-05
17400,9,1.200000000000000e-02,1.197013364346274e-02,2.986635653725624e-05
17400,10,-1.000000000000000e-02,-9.996388268849259e-03,-3.611731150741232e-06
17400,11,8.999999999999999e-03,9.022479549806416e-03,-2.247954980641627e-05
17400,12,8.000000000000000e-03,7.948855842553917e-03,5.114415744608344e-05
17400,13,-7.000000000000000e-03,-6.994049609303479e-03,-5.950390696521368e-06
17400,14,6.000000000000000e-03,5.997216605524150e-03,2.783394475850548e-06
17400,15,5.000000000000000e-03,4.977582064020652e-03,2.241793597934812e-05
17400,16,-4.000000000000000e-03,-4.021636195451961e-03,2.163619545196126e-05
17400,17,3.500000000000000e-03,3.521247787189824e-03,-2.124778718982359e-05
17400,18,3.000000000000000e-03,2.987750912444982e-03,1.224908755501856e-05
17400,19,-2.500000000000000e-03,-2.526316202065653e-03,2.631620206565303e-05
17400,20,2.000000000000000e-03,2.017096133422473e-03,-1.709613342247345e-05
17400,21,1.800000000000000e-03,1.757471515663931e-03,4.252848433606909e-05
17400,22,-1.500000000000000e-03,-1.491863266113687e-03,-8.136733886312565e-06
17400,23,1.200000000000000e-03,1.182225512556240e-03,1.777448744375997e-05
17400,24,1.000000000000000e-03,9.850972369136429e-04,1.490276308635714e-05
17400,25,-8.000000000000000e-04,-8.013339718508188e-04,1.333971850818742e-06
17400,26,5.999999999999999e-04,5.915418701110455e-04,8.458129888954443e-06
17400,27,5.000000000000000e-04,4.887690360503010e-04,1.123096394969902e-05
17400,28,-4.000000000000000e-04,-3.834831406962225e-04,-1.651685930377750e-05
17400,29,3.000000000000000e-04,2.915718028218612e-04,8.428197178138774e-06
17500,0,1.200000000000000e-01,1.196915990855069e-01,3.084009144931205e-04
17500,1,-8.000000000000000e-02,-7.978022105300892e-02,-2.197789469910866e-04
17500,2,5.500000000000000e-02,5.485828224186072e-02,1.417177581392801e-04
17500,3,4.000000000000000e-02,3.990080798528243e-02,9.919201471757233e-05
17500,4,-3.000000000000000e-02,-2.993294841912470e-02,-6.705158087529431e-05
17500,5,2.500000000000000e-02,2.496413783687398e-02,3.586216312602072e-05
17500,6,2.000000000000000e-02,1.991947896721218e-02,8.052103278781766e-05
17500,7,-1.800000000000000e-02,-1.793403276317599e-02,-6.596723682401190e-05
17500,8,1.500000000000000e-02,1.496402059207066e-02,3.597940792934330e-05
17500,9,1.200000000000000e-02,1.196953070920318e-02,3.046929079682237e-05
17500,10,-1.000000000000000e-02,-9.995376362328522e-03,-4.623637671478595e-06
17500,11,8.999999999999999e-03,9.021725153365577e-03,-2.172515336557740e-05
17500,12,8.000000000000000e-03,7.949879301218798e-03,5.012069878120202e-05
17500,13,-7.000000000000000e-03,-6.994954196281667e-03,-5.045803718332735e-06
17500,14,6.000000000000000e-03,5.997304163414033e-03,2.695836585966775e-06
17500,15,5.000000000000000e-03,4.976086147343219e-03,2.391385265678152e-05
17500,16,-4.000000000000000e-03,-4.018212968030720e-03,1.821296803071991e-05
17500,17,3.500000000000000e-03,3.516032520071781e-03,-1.603252007178124e-05
17500,18,3.000000000000000e-03,2.990010674927410e-03,9.989325072590552e-06
17500,19,-2.500000000000000e-03,-2.524556580029647e-03,2.455658002964737e-05
17500,20,2.000000000000000e-03,2.014168829536301e-03,-1.416882953630093e-05
17500,21,1.800000000000000e-03,1.757661943943753e-03,4.233805605624650e-05
17500,22,-1.500000000000000e-03,-1.491351256973225e-03,-8.648743026775513e-06
17500,23,1.200000000000000e-03,1.182061042002713e-03,1.793895799728665e-05
17500,24,1.000000000000000e-03,9.844169143912169e-04,1.558308560878309e-05
17500,25,-8.000000000000000e-04,-8.014604884196299e-04,1.460488419629830e-06
17500,26,5.999999999999999e-04,5.909465779665552e-04,9.053422033444727e-06
17500,27,5.000000000000000e-04,4.889500397305422e-04,1.104996026945776e-05
17500,28,-4.000000000000000e-04,-3.828418367892370e-04,-1.715816321076302e-05
17500,29,3.000000000000000e-04,2.904437859912236e-04,9.556214008776386e-06
17600,0,1.200000000000000e-01,1.197024795336256e-01,2.975204663744069e-04
17600,1,-8.000000000000000e-02,-7.978862252908019e-02,-2.113774709198157e-04
17600,2,5.500000000000000e-02,5.486301284618117e-02,1.369871538188308e-04
17600,3,4.000000000000000e-02,3.990560544197694e-02,9.439455802305596e-05
17600,4,-3.000000000000000e-02,-2.993734519299766e-02,-6.265480700233875e-05
17600,5,2.500000000000000e-02,2.496704899354524e-02,3.295100645476015e-05
17600,6,2.000000000000000e-02,1.992111788177157e-02,7.888211822842939e-05
17600,7,-1.800000000000000e-02,-1.793585275053394e-02,-6.414724946605943e-05
17600,8,1.500000000000000e-02,1.496407298172134e-02,3.592701827865967e-05
17600,9,1.200000000000000e-02,1.197162643174521e-02,2.837356825479385e-05
17600,10,-1.000000000000000e-02,-9.996938682202165e-03,-3.061317797835306e-06
17600,11,8.999999999999999e-03,9.020957813481348e-03,-2.095781348134852e-05
17600,12,8.000000000000000e-03,7.952600606934332e-03,4.739939306566861e-05
17600,13,-7.000000000000000e-03,-6.996749148974406e-03,-3.250851025594394e-06
17600,14,6.000000000000000e-03,5.998123296605136e-03,1.876703394864537e-06
17600,15,5.000000000000000e-03,4.976340113862331e-03,2.365988613766898e-05
17600,16,-4.000000000000000e-03,-4.017992983656874e-03,1.799298365687436e-05
17600,17,3.500000000000000e-03,3.515873480338426e-03,-1.587348033842573e-05
17600,18,3.000000000000000e-03,2.989826758543061e-03,1.017324145693912e-05
17600,19,-2.500000000000000e-03,-2.523426249235901e-03,2.342624923590102e-05
17600,20,2.000000000000000e-03,2.014064068760978e-03,-1.406406876097764e-05
17600,21,1.800000000000000e-03,1.759201415383215e-03,4.079858461678541e-05
17600,22,-1.500000000000000e-03,-1.491095257301638e-03,-8.904742698361695e-06
17600,23,1.200000000000000e-03,1.182238260891426e-03,1.776173910857342e-05
17600,24,1.000000000000000e-03,9.849042409397055e-04,1.509575906029456e-05
17600,25,-8.000000000000000e-04,-8.029070944207167e-04,2.907094420716706e-06
17600,26,5.999999999999999e-04,5.936511033630009e-04,6.348896636999011e-06
17600,27,5.000000000000000e-04,4.852070191504737e-04,1.479298084952635e-05
17600,28,-4.000000000000000e-04,-3.822041284064024e-04,-1.779587159359762e-05
17600,29,3.000000000000000e-04,2.926081769321705e-04,7.391823067829479e-06
17700,0,1.200000000000000e-01,1.197101569945223e-01,2.898430054777412e-04
17700,1,-8.000000000000000e-02,-7.979275023483565e-02,-2.072497651643551e-04
17700,2,5.500000000000000e-02,5.486468634674171e-02,1.353136532582927e-04
17700,3,4.000000000000000e-02,3.990861842315854e-02,9.138157684145803e-05
17700,4,-3.000000000000000e-02,-2.994025168602221e-02,-5.974831397778657e-05
17700,5,2.500000000000000e-02,2.496954040575553e-02,3.045959424446965e-05
17700,6,2.000000000000000e-02,1.992370462938839e-02,7.629537061161137e-05
17700,7,-1.800000000000000e-02,-1.793863587429259e-02,-6.136412570740754e-05
17700,8,1.500000000000000e-02,1.496545942523815e-02,3.454057476184533e-05
17700,9,1.200000000000000e-02,1.197219911477679e-02,2.780088522320867e-05
17700,10,-1.000000000000000e-02,-9.998081647633415e-03,-1.918352366585621e-06
17700,11,8.999999999999999e-03,9.021077608998774e-03,-2.107760899877457e-05
17700,12,8.000000000000000e-03,7.953485023967900e-03,4.651497603209986e-05
17700,13,-7.000000000000000e-03,-6.997645644462568e-03,-2.354355537432379e-06
17700,14,6.000000000000000e-03,5.998698518424312e-03,1.301481575687741e-06
17700,15,5.000000000000000e-03,4.977421604158203e-03,2.257839584179737e-05
17700,16,-4.000000000000000e-03,-4.018090359558084e-03,1.809035955808395e-05
17700,17,3.500000000000000e-03,3.516384154917495e-03,-1.638415491749456e-05
17700,18,3.000000000000000e-03,2.989590102234211e-03,1.040989776578951e-05
17700,19,-2.500000000000000e-03,-2.524143114136622e-03,2.414311413662237e-05
17700,20,2.000000000000000e-03,2.015869640138128e-03,-1.586964013812822e-05
17700,21,1.800000000000000e-03,1.760037814507272e-03,3.996218549272746e-05
17700,22,-1.500000000000000e-03,-1.491798751723262e-03,-8.201248276737926e-06
17700,23,1.200000000000000e-03,1.183306835096525e-03,1.669316490347512e-05
17700,24,1.000000000000000e-03,9.843029511546126e-04,1.569704884538743e-05
17700,25,-8.000000000000000e-04,-8.032642031026227e-04,3.264203102622612e-06
17700,26,5.999999999999999e-04,5.933124772807512e-04,6.687522719248757e-06
17700,27,5.000000000000000e-04,4.864867147420115e-04,1.351328525798855e-05
17700,28,-4.000000000000000e-04,-3.829604079944107e-04,-1.703959200558935e-05
17700,29,3.000000000000000e-04,2.918234856760244e-04,8.176514323975591e-06
17800,0,1.200000000000000e-01,1.197183952612857e-01,2.816047387142889e-04
17800,1,-8.000000000000000e-02,-7.979798315353502e-02,-2.020168464649807e-04
17800,2,5.500000000000000e-02,5.486833634549244e-02,1.316636545075633e-04
17800,3,4.000000000000000e-02,3.991245238828921e-02,8.754761171079345e-05
17800,4,-3.000000000000000e-02,-2.994297457148259e-02,-5.702542851741127e-05
17800,5,2.500000000000000e-02,2.497144683614922e-02,2.855316385077730e-05
17800,6,2.000000000000000e-02,1.992589578359973e-02,7.410421640026768e-05
17800,7,-1.800000000000000e-02,-1.793964493592748e-02,-6.035506407251964e-05
17800,8,1.500000000000000e-02,1.496617068142418e-02,3.382931857581935e-05
17800,9,1.200000000000000e-02,1.197326210079703e-02,2.673789920296966e-05
17800,10,-1.000000000000000e-02,-9.997016974893837e-03,-2.983025106163481e-06
17800,11,8.999999999999999e-03,9.019907107661077e-03,-1.990710766107753e-05
17800,12,8.000000000000000e-03,7.952701196904404e-03,4.729880309559641e-05
17800,13,-7.000000000000000e-03,-6.995708261628887e-03,-4.291738371113400e-06
17800,14,6.000000000000000e-03,5.998653138169230e-03,1.346861830770103e-06
17800,15,5.000000000000000e-03,4.976451753793670e-03,2.354824620633047e-05
17800,16,-4.000000000000000e-03,-4.015150119715168e-03,1.515011971516770e-05
17800,17,3.500000000000000e-03,3.515614118602153e-03,-1.561411860215300e-05
17800,18,3.000000000000000e-03,2.989556622761649e-03,1.044337723835097e-05
17800,19,-2.500000000000000e-03,-2.523511143715019e-03,2.351114371501855e-05
17800,20,2.000000000000000e-03,2.016749622527156e-03,-1.674962252715562e-05
17800,21,1.800000000000000e-03,1.759912912659245e-03,4.008708734075470e-05
17800,22,-1.500000000000000e-03,-1.490626353252089e-03,-9.373646747911323e-06
17800,23,1.200000000000000e-03,1.184453014821957e-03,1.554698517804327e-05
17800,24,1.000000000000000e-03,9.844580223221724e-04,1.554197767782758e-05
17800,25,-8.000000000000000e-04,-8.038964664049541e-04,3.896466404954024e-06
17800,26,5.999999999999999e-04,5.942933846661932e-04,5.706615333806765e-06
17800,27,5.000000000000000e-04,4.877869005322039e-04,1.221309946779615e-05
17800,28,-4.000000000000000e-04,-3.849653249754123e-04,-1.503467502458769e-05
17800,29,3.000000000000000e-04,2.928667937893550e-04,7.133206210645010e-06
17900,0,1.200000000000000e-01,1.197287964027108e-01,2.712035972891880e-04
17900,1,-8.000000000000000e-02,-7.980548451936632e-02,-1.945154806336780e-04
17900,2,5.500000000000000e-02,5.487323658215160e-02,1.267634178484037e-04
17900,3,4.000000000000000e-02,3.991669745552591e-02,8.330254447409119e-05
17900,4,-3.000000000000000e-02,-2.994512389463297e-02,-5.487610536702991e-05
17900,5,2.500000000000000e-02,2.497393786185033e-02,2.606213814967256e-05
17900,6,2.000000000000000e-02,1.992809802168646e-02,7.190197831353703e-05
17900,7,-1.800000000000000e-02,-1.794234695812606e-02,-5.765304187394307e-05
17900,8,1.500000000000000e-02,1.496852976272211e-02,3.147023727788877e-05
17900,9,1.200000000000000e-02,1.197385405100175e-02,2.614594899825497e-05
17900,10,-1.000000000000000e-02,-9.998052817439977e-03,-1.947182560023061e-06
17900,11,8.999999999999999e-03,9.020893447083008e-03,-2.089344708300876e-05
17900,12,8.000000000000000e-03,7.951547476185747e-03,4.845252381425330e-05
17900,13,-7.000000000000000e-03,-6.993941774151992e-03,-6.058225848008456e-06
17900,14,6.000000000000000e-03,5.997532639742751e-03,2.467360257249300e-06
17900,15,5.000000000000000e-03,4.975572244427581e-03,2.442775557241934e-05
17900,16,-4.000000000000000e-03,-4.014255751605209e-03,1.425575160520897e-05
17900,17,3.500000000000000e-03,3.514326842632001e-03,-1.432684263200090e-05
17900,18,3.000000000000000e-03,2.989036825236884e-03,1.096317476311599e-05
17900,19,-2.500000000000000e-03,-2.522652448365686e-03,2.265244836568633e-05
17900,20,2.000000000000000e-03,2.016283477160882e-03,-1.628347716088217e-05
17900,21,1.800000000000000e-03,1.759504663803572e-03,4.049533619642745e-05
17900,22,-1.500000000000000e-03,-1.489806290229684e-03,-1.019370977031644e-05
17900,23,1.200000000000000e-03,1.184215558399289e-03,1.578444160071132e-05
17900,24,1.000000000000000e-03,9.851951466080960e-04,1.480485339190401e-05
17900,25,-8.000000000000000e-04,-8.033402572161239e-04,3.340257216123839e-06
17900,26,5.999999999999999e-04,5.939052457154242e-04,6.094754284575771e-06
17900,27,5.000000000000000e-04,4.890474667120201e-04,1.095253328797991e-05
17900,28,-4.000000000000000e-04,-3.843102602770801e-04,-1.568973972291990e-05
17900,29,3.000000000000000e-04,2.919447034506274e-04,8.055296549372545e-06
18000,0,1.200000000000000e-01,1.197388708404618e-01,2.611291595382287e-04
18000,1,-8.000000000000000e-02,-7.981182907325264e-02,-1.881709267473608e-04
18000,2,5.500000000000000e-02,5.487716501851266e-02,1.228349814873381e-04
18000,3,4.000000000000000e-02,3.991946671241932e-02,8.053328758068218e-05
18000,4,-3.000000000000000e-02,-2.994834522063678e-02,-5.165477936322146e-05
18000,5,2.500000000000000e-02,2.497567340494878e-02,2.432659505121823e-05
18000,6,2.000000000000000e-02,1.992837336189375e-02,7.162663810625011e-05
18000,7,-1.800000000000000e-02,-1.794348432488782e-02,-5.651567511217800e-05
18000,8,1.500000000000000e-02,1.496902228446624e-02,3.097771553375872e-05
18000,9,1.200000000000000e-02,1.197455581577230e-02,2.544418422770200e-05
18000,10,-1.000000000000000e-02,-9.998690158025493e-03,-1.309841974507162e-06
18000,11,8.999999999999999e-03,9.020312315425804e-03,-2.031231542580503e-05
18000,12,8.000000000000000e-03,7.952774184568452e-03,4.722581543154837e-05
18000,13,-7.000000000000000e-03,-6.993968727960234e-03,-6.031272039765806e-06
18000,14,6.000000000000000e-03,5.999821064530641e-03,1.789354693590775e-07
18000,15,5.000000000000000e-03,4.973747689338693e-03,2.625231066130749e-05
18000,16,-4.000000000000000e-03,-4.012484280882569e-03,1.248428088256905e-05
18000,17,3.500000000000000e-03,3.512499979771581e-03,-1.249997977158116e-05
18000,18,3.000000000000000e-03,2.989071587667709e-03,1.092841233229147e-05
18000,19,-2.500000000000000e-03,-2.521955559137107e-03,2.195555913710743e-05
18000,20,2.000000000000000e-03,2.014213087562926e-03,-1.421308756292599e-05
18000,21,1.800000000000000e-03,1.762354847483690e-03,3.764515251630947e-05
18000,22,-1.500000000000000e-03,-1.491567241728785e-03,-8.432758271214539e-06
18000,23,1.200000000000000e-03,1.187988881598629e-03,1.201111840137131e-05
18000,24,1.000000000000000e-03,9.844758645761471e-04,1.552413542385295e-05
18000,25,-8.000000000000000e-04,-8.030304948951837e-04,3.030494895183648e-06
18000,26,5.999999999999999e-04,5.955489576753453e-04,4.451042324654674e-06
18000,27,5.000000000000000e-04,4.884564565386518e-04,1.154354346134822e-05
18000,28,-4.000000000000000e-04,-3.846363022237559e-04,-1.536369777624407e-05
18000,29,3.000000000000000e-04,2.918725245162116e-04,8.127475483788327e-06
18100,0,1.200000000000000e-01,1.197477080696080e-01,2.522919303920290e-04
18100,1,-8.000000000000000e-02,-7.981890818411601e-02,-1.810918158839936e-04
18100,2,5.500000000000000e-02,5.488074733543560e-02,1.192526645644038e-04
18100,3,4.000000000000000e-02,3.992272391230723e-02,7.727608769277083e-05
18100,4,-3.000000000000000e-02,-2.995104950805529e-02,-4.895049194470966e-05
18100,5,2.500000000000000e-02,2.497562125363131e-02,2.437874636869106e-05
18100,6,2.000000000000000e-02,1.993124417601162e-02,6.875582398838467e-05
18100,7,-1.800000000000000e-02,-1.794629317221120e-02,-5.370682778880337e-05
18100,8,1.500000000000000e-02,1.496962271333489e-02,3.037728666511162e-05
18100,9,1.200000000000000e-02,1.197693113430109e-02,2.306886569890601e-05
18100,10,-1.000000000000000e-02,-9.999763997866385e-03,-2.360021336151458e-07
18100,11,8.999999999999999e-03,9.020285476581518e-03,-2.028547658151914e-05
18100,12,8.000000000000000e-03,7.955299187369898e-03,4.470081263010205e-05
18100,13,-7.000000000000000e-03,-6.996003329243209e-03,-3.996670756791290e-06
18100,14,6.000000000000000e-03,6.001348532183890e-03,-1.348532183889813e-06
18100,15,5.000000000000000e-03,4.973479081333302e-03,2.652091866669776e-05
18100,16,-4.000000000000000e-03,-4.013052518864383e-03,1.305251886438326e-05
18100,17,3.500000000000000e-03,3.512816478154454e-03,-1.281647815445366e-05
18100,18,3.000000000000000e-03,2.988896124510757e-03,1.110387548924289e-05
18100,19,-2.500000000000000e-03,-2.523565179167176e-03,2.356517916717558e-05
18100,20,2.000000000000000e-03,2.015518739414968e-03,-1.551873941496845e-05
18100,21,1.800000000000000e-03,1.761871538655746e-03,3.812846134425437e-05
18100,22,-1.500000000000000e-03,-1.491211799918924e-03,-8.788200081076081e-06
18100,23,1.200000000000000e-03,1.188332679545441e-03,1.166732045455843e-05
18100,24,1.000000000000000e-03,9.858136284009965e-04,1.418637159900354e-05
18100,25,-8.000000000000000e-04,-8.055078263003001e-04,5.507826300300074e-06
18100,26,5.999999999999999e-04,5.969138078084037e-04,3.086192191596206e-06
18100,27,5.000000000000000e-04,4.877360786875733e-04,1.226392131242673e-05
18100,28,-4.000000000000000e-04,-3.839999033679316e-04,-1.600009663206846e-05
18100,29,3.000000000000000e-04,2.905832563195783e-04,9.416743680421653e-06
18200,0,1.200000000000000e-01,1.197556400555353e-01,2.443599444646727e-04
18200,1,-8.000000000000000e-02,-7.982518800464883e-02,-1.748119953511734e-04
18200,2,5.500000000000000e-02,5.488555679604333e-02,1.144432039566698e-04
18200,3,4.000000000000000e-02,3.992353731921462e-02,7.646268078537882e-05
18200,4,-3.000000000000000e-02,-2.995129468428176e-02,-4.870531571824280e-05
18200,5,2.500000000000000e-02,2.497628209921514e-02,2.371790078486286e-05
18200,6,2.000000000000000e-02,1.993244307150187e-02,6.755692849812894e-05
18200,7,-1.800000000000000e-02,-1.794676986945326e-02,-5.323013054673795e-05
18200,8,1.500000000000000e-02,1.497026123530985e-02,2.973876469014765e-05
18200,9,1.200000000000000e-02,1.197763631070077e-02,2.236368929923321e-05
18200,10,-1.000000000000000e-02,-9.999761200737277e-03,-2.387992627233410e-07
18200,11,8.999999999999999e-03,9.019522654486915e-03,-1.952265448691530e-05
18200,12,8.000000000000000e-03,7.955629122149931e-03,4.437087785006885e-05
18200,13,-7.000000000000000e-03,-6.995384026958076e-03,-4.615973041924293e-06
18200,14,6.000000000000000e-03,6.001277665692606e-03,-1.277665692606123e-06
18200,15,5.000000000000000e-03,4.973285052143436e-03,2.671494785656380e-05
18200,16,-4.000000000000000e-03,-4.012901273355178e-03,1.290127335517796e-05
18200,17,3.500000000000000e-03,3.513728663107916e-03,-1.372866310791641e-05
18200,18,3.000000000000000e-03,2.988486225359091e-03,1.151377464090903e-05
18200,19,-2.500000000000000e-03,-2.522257134347040e-03,2.225713434703992e-05
18200,20,2.000000000000000e-03,2.014576361260330e-03,-1.457636126032990e-05
18200,21,1.800000000000000e-03,1.763753743547803e-03,3.624625645219670e-05
18200,22,-1.500000000000000e-03,-1.491623789234777e-03,-8.376210765222809e-06
18200,23,1.200000000000000e-03,1.189035113772234e-03,1.096488622776568e-05
18200,24,1.000000000000000e-03,9.862227108373060e-04,1.377728916269398e-05
18200,25,-8.000000000000000e-04,-8.051927471830446e-04,5.192747183044603e-06
18200,26,5.999999999999999e-04,5.970643408337290e-04,2.935659166270962e-06
18200,27,5.000000000000000e-04,4.884309237154582e-04,1.156907628454185e-05
18200,28,-4.000000000000000e-04,-3.847194286465626e-04,-1.528057135343738e-05
18200,29,3.000000000000000e-04,2.910837739554181e-04,8.916226044581850e-06
18300,0,1.200000000000000e-01,1.197635639179870e-01,2.364360820130418e-04
18300,1,-8.000000000000000e-02,-7.983104144442094e-02,-1.689585555790657e-04
18300,2,5.500000000000000e-02,5.488828479969449e-02,1.117152003055136e-04
18300,3,4.000000000000000e-02,3.992751819072125e-02,7.248180927875436e-05
18300,4,-3.000000000000000e-02,-2.995439263333378e-02,-4.560736666622128e-05
18300,5,2.500000000000000e-02,2.497846453127357e-02,2.153546872643575e-05
18300,6,2.000000000000000e-02,1.993371857940065e-02,6.628142059934838e-05
18300,7,-1.800000000000000e-02,-1.794846155716377e-02,-5.153844283623324e-05
18300,8,1.500000000000000e-02,1.497127646982897e-02,2.872353017103167e-05
18300,9,1.200000000000000e-02,1.197836287443449e-02,2.163712556551428e-05
18300,10,-1.000000000000000e-02,-9.999659292547728e-03,-3.407074522718267e-07
18300,11,8.999999999999999e-03,9.018348301369047e-03,-1.834830136904740e-05
18300,12,8.000000000000000e-03,7.956835655978892e-03,4.316434402110852e-05
18300,13,-7.000000000000000e-03,-6.995332437307438e-03,-4.667562692561682e-06
18300,14,6.000000000000000e-03,5.999675561118602e-03,3.244388813985685e-07
18300,15,5.000000000000000e-03,4.974408411585963e-03,2.559158841403727e-05
18300,16,-4.000000000000000e-03,-4.013492427858707e-03,1.349242785870716e-05
18300,17,3.500000000000000e-03,3.513385596278844e-03,-1.338559627884432e-05
18300,18,3.000000000000000e-03,2.988973679444603e-03,1.102632055539681e-05
18300,19,-2.500000000000000e-03,-2.522727999457297e-03,2.272799945729660e-05
18300,20,2.000000000000000e-03,2.014149143946995e-03,-1.414914394699471e-05
18300,21,1.800000000000000e-03,1.764499996404266e-03,3.550000359573368e-05
18300,22,-1.500000000000000e-03,-1.492816763348468e-03,-7.183236651532154e-06
18300,23,1.200000000000000e-03,1.190325024976779e-03,9.674975023221330e-06
18300,24,1.000000000000000e-03,9.860440887646317e-04,1.395591123536837e-05
18300,25,-8.000000000000000e-04,-8.065615214761574e-04,6.561521476157375e-06
18300,26,5.999999999999999e-04,5.981276802926529e-04,1.872319707347061e-06
18300,27,5.000000000000000e-04,4.883425446950329e-04,1.165745530496711e-05
18300,28,-4.000000000000000e-04,-3.861060404343837e-04,-1.389395956561632e-05
18300,29,3.000000000000000e-04,2.931391912696456e-04,6.860808730354412e-06
18400,0,1.200000000000000e-01,1.197711634088224e-01,2.288365911776308e-04
18400,1,-8.000000000000000e-02,-7.983747803693139e-02,-1.625219630686098e-04
18400,2,5.500000000000000e-02,5.489157900610586e-02,1.084209938941386e-04
18400,3,4.000000000000000e-02,3.993001854664237e-02,6.998145335762596e-05
18400,4,-3.000000000000000e-02,-2.995547811110991e-02,-4.452188889008876e-05
18400,5,2.500000000000000e-02,2.497813140805830e-02,2.186859194170526e-05
18400,6,2.000000000000000e-02,1.993641191262863e-02,6.358808737137386e-05
18400,7,-1.800000000000000e-02,-1.795256036270355e-02,-4.743963729644807e-05
18400,8,1.500000000000000e-02,1.497279095344843e-02,2.720904655157189e-05
18400,9,1.200000000000000e-02,1.197813548435619e-02,2.186451564381402e-05
18400,10,-1.000000000000000e-02,-1.000080820291008e-02,8.082029100756061e-07
18400,11,8.999999999999999e-03,9.017043243178001e-03,-1.704324317800161e-05
18400,12,8.000000000000000e-03,7.958486097824086e-03,4.151390217591380e-05
18400,13,-7.000000000000000e-03,-6.997580455850085e-03,-2.419544149915263e-06
18400,14,6.000000000000000e-03,6.001034260876763e-03,-1.034260876762484e-06
18400,15,5.000000000000000e-03,4.974489432290397e-03,2.551056770960271e-05
18400,16,-4.000000000000000e-03,-4.012402607247760e-03,1.240260724775979e-05
18400,17,3.500000000000000e-03,3.512471385169865e-03,-1.247138516986476e-05
18400,18,3.000000000000000e-03,2.990989737582493e-03,9.010262417507263e-06
18400,19,-2.500000000000000e-03,-2.523369175687714e-03,2.336917568771359e-05
18400,20,2.000000000000000e-03,2.014331992044597e-03,-1.433199204459732e-05
18400,21,1.800000000000000e-03,1.765234230889203e-03,3.476576911079694e-05
18400,22,-1.500000000000000e-03,-1.492996891497034e-03,-7.003108502965727e-06
18400,23,1.200000000000000e-03,1.189468210689618e-03,1.053178931038207e-05
18400,24,1.000000000000000e-03,9.870617125980110e-04,1.293828740198903e-05
18400,25,-8.000000000000000e-04,-8.081770157180314e-04,8.177015718031314e-06
18400,26,5.999999999999999e-04,5.982302935976530e-04,1.769706402346980e-06
18400,27,5.000000000000000e-04,4.888239692940703e-04,1.117603070592966e-05
18400,28,-4.000000000000000e-04,-3.858629737299159e-04,-1.413702627008409e-05
18400,29,3.000000000000000e-04,2.919346397942754e-04,8.065360205724540e-06
18500,0,1.200000000000000e-01,1.197802101093836e-01,2.197898906163703e-04
18500,1,-8.000000000000000e-02,-7.984275059905348e-02,-1.572494009465242e-04
18500,2,5.500000000000000e-02,5.489650338006390e-02,1.034966199361040e-04
18500,3,4.000000000000000e-02,3.993313365728207e-02,6.686634271792918e-05
18500,4,-3.000000000000000e-02,-2.995668828568175e-02,-4.331171431824765e-05
18500,5,2.500000000000000e-02,2.498083772020095e-02,1.916227979904817e-05
18500,6,2.000000000000000e-02,1.993888843754196e-02,6.111156245804106e-05
18500,7,-1.800000000000000e-02,-1.795450556513968e-02,-4.549443486032145e-05
18500,8,1.500000000000000e-02,1.497634673913018e-02,2.365326086982249e-05
18500,9,1.200000000000000e-02,1.197781257939761e-02,2.218742060238789e-05
18500,10,-1.000000000000000e-02,-9.999706302716920e-03,-2.936972830804019e-07
18500,11,8.999999999999999e-03,9.018961722008967e-03,-1.896172200896787e-05
18500,12,8.000000000000000e-03,7.957223683013243e-03,4.277631698675760e-05
18500,13,-7.000000000000000e-03,-6.994789315267876e-03,-5.210684732124583e-06
18500,14,6.000000000000000e-03,6.001502839660390e-03,-1.502839660389409e-06
18500,15,5.000000000000000e-03,4.974186670542460e-03,2.581332945753977e-05
18500,16,-4.000000000000000e-03,-4.009687459588534e-03,9.687459588534307e-06
18500,17,3.500000000000000e-03,3.511767151597947e-03,-1.176715159794664e-05
18500,18,3.000000000000000e-03,2.990124881333889e-03,9.875118666110693e-06
18500,19,-2.500000000000000e-03,-2.519781676215882e-03,1.978167621588230e-05
18500,20,2.000000000000000e-03,2.012147141118950e-03,-1.214714111894954e-05
18500,21,1.800000000000000e-03,1.767825285916799e-03,3.217471408320060e-05
18500,22,-1.500000000000000e-03,-1.492977833303446e-03,-7.022166696553887e-06
18500,23,1.200000000000000e-03,1.189285069491088e-03,1.071493050891189e-05
18500,24,1.000000000000000e-03,9.899931193370975e-04,1.000688066290253e-05
18500,25,-8.000000000000000e-04,-8.088094849340020e-04,8.809484934001947e-06
18500,26,5.999999999999999e-04,5.999084644987112e-04,9.153550128873471e-08
18500,27,5.000000000000000e-04,4.902486332472107e-04,9.751366752789280e-06
18500,28,-4.000000000000000e-04,-3.861996226950150e-04,-1.380037730498501e-05
18500,29,3.000000000000000e-04,2.931682977668003e-04,6.831702233199653e-06
18600,0,1.200000000000000e-01,1.197883229319725e-01,2.116770680275215e-04
18600,1,-8.000000000000000e-02,-7.984843934761335e-02,-1.515606523866536e-04
18600,2,5.500000000000000e-02,5.489978291566919e-02,1.002170843308059e-04
18600,3,4.000000000000000e-02,3.993644462753122e-02,6.355537246878484e-05
18600,4,-3.000000000000000e-02,-2.995836133560783e-02,-4.163866439216984e-05
18600,5,2.500000000000000e-02,2.498172022012123e-02,1.827977987876872e-05
18600,6,2.000000000000000e-02,1.994131969753151e-02,5.868030246849315e-05
18600,7,-1.800000000000000e-02,-1.795699931864348e-02,-4.300068135651772e-05
18600,8,1.500000000000000e-02,1.497665945896785e-02,2.334054103215154e-05
18600,9,1.200000000000000e-02,1.198040062834568e-02,1.959937165431705e-05
18600,10,-1.000000000000000e-02,-1.000140363123377e-02,1.403631233774100e-06
18600,11,8.999999999999999e-03,9.018308510611478e-03,-1.830851061147831e-05
18600,12,8.000000000000000e-03,7.959329825609651e-03,4.067017439034898e-05
18600,13,-7.000000000000000e-03,-6.996990401731532e-03,-3.009598268467750e-06
18600,14,6.000000000000000e-03,6.001351784060609e-03,-1.351784060609103e-06
18600,15,5.000000000000000e-03,4.975839444238483e-03,2.416055576151717e-05
18600,16,-4.000000000000000e-03,-4.010670026647312e-03,1.067002664731191e-05
18600,17,3.500000000000000e-03,3.510419196759681e-03,-1.041919675968126e-05
18600,18,3.000000000000000e-03,2.991540990556305e-03,8.459009443694682e-06
18600,19,-2.500000000000000e-03,-2.518880323421839e-03,1.888032342183855e-05
18600,20,2.000000000000000e-03,2.010626193416387e-03,-1.062619341638720e-05
18600,21,1.800000000000000e-03,1.769350598000571e-03,3.064940199942875e-05
18600,22,-1.500000000000000e-03,-1.491849867890479e-03,-8.150132109520543e-06
18600,23,1.200000000000000e-03,1.186957067592755e-03,1.304293240724451e-05
18600,24,1.000000000000000e-03,9.927487346249070e-04,7.251265375092996e-06
18600,25,-8.000000000000000e-04,-8.083053614573577e-04,8.305361457357652e-06
18600,26,5.999999999999999e-04,5.985215964924317e-04,1.478403507568248e-06
18600,27,5.000000000000000e-04,4.915153146971893e-04,8.484685302810710e-06
18600,28,-4.000000000000000e-04,-3.864057392977364e-04,-1.359426070226362e-05
18600,29,3.000000000000000e-04,2.929641239785446e-04,7.035876021455371e-06
18700,0,1.200000000000000e-01,1.197954720648262e-01,2.045279351738094e-04
18700,1,-8.000000000000000e-02,-7.985345424163803e-02,-1.465457583619684e-04
18700,2,5.500000000000000e-02,5.490207055934791e-02,9.792944065208781e-05
18700,3,4.000000000000000e-02,3.993936882471998e-02,6.063117528002510e-05
18700,4,-3.000000000000000e-02,-2.996047666877194e-02,-3.952333122805851e-05
18700,5,2.500000000000000e-02,2.498350524682639e-02,1.649475317361607e-05
18700,6,2.000000000000000e-02,1.994408430570707e-02,5.591569429293231e-05
18700,7,-1.800000000000000e-02,-1.795976777207104e-02,-4.023222792896158e-05
18700,8,1.500000000000000e-02,1.497832693111828e-02,2.167306888172134e-05
18700,9,1.200000000000000e-02,1.198138314678117e-02,1.861685321883494e-05
18700,10,-1.000000000000000e-02,-1.000105895510944e-02,1.058955109439416e-06
18700,11,8.999999999999999e-03,9.018406410350321e-03,-1.840641035032176e-05
18700,12,8.000000000000000e-03,7.960344471080166e-03,3.965552891983457e-05
18700,13,-7.000000000000000e-03,-6.996921541579568e-03,-3.078458420431932e-06
18700,14,6.000000000000000e-03,6.001007759302442e-03,-1.007759302442020e-06
18700,15,5.000000000000000e-03,4.977969227179884e-03,2.203077282011620e-05
18700,16,-4.000000000000000e-03,-4.011339674173825e-03,1.133967417382524e-05
18700,17,3.500000000000000e-03,3.509160052389707e-03,-9.160052389706966e-06
18700,18,3.000000000000000e-03,2.992623568866555e-03,7.376431133444827e-06
18700,19,-2.500000000000000e-03,-2.518676164782089e-03,1.867616478208860e-05
18700,20,2.000000000000000e-03,2.010447216844062e-03,-1.044721684406160e-05
18700,21,1.800000000000000e-03,1.771277317055179e-03,2.872268294482126e-05
18700,22,-1.500000000000000e-03,-1.493252272069692e-03,-6.747727930307918e-06
18700,23,1.200000000000000e-03,1.187966530102979e-03,1.203346989702087e-05
18700,24,1.000000000000000e-03,9.927981499525734e-04,7.201850047426628e-06
18700,25,-8.000000000000000e-04,-8.079652899577847e-04,7.965289957784639e-06
18700,26,5.999999999999999e-04,5.997884949514968e-04,2.115050485031970e-07
18700,27,5.000000000000000e-04,4.903011341288225e-04,9.698865871177534e-06
18700,28,-4.000000000000000e-04,-3.858654329965562e-04,-1.413456700344377e-05
18700,29,3.000000000000000e-04,2.924962341348358e-04,7.503765865164214e-06
18800,0,1.200000000000000e-01,1.197996556182283e-01,2.003443817716610e-04
18800,1,-8.000000000000000e-02,-7.985512883795740e-02,-1.448711620426063e-04
18800,2,5.500000000000000e-02,5.490369670442490e-02,9.630329557510503e-05
18800,3,4.000000000000000e-02,3.994124416143191e-02,5.875583856809058e-05
18800,4,-3.000000000000000e-02,-2.996159936849804e-02,-3.840063150195583e-05
18800,5,2.500000000000000e-02,2.498421521653648e-02,1.578478346352455e-05
18800,6,2.000000000000000e-02,1.994400850477426e-02,5.599149522573718e-05
18800,7,-1.800000000000000e-02,-1.796127882253000e-02,-3.872117746999554e-05
18800,8,1.500000000000000e-02,1.497933557521992e-02,2.066442478007927e-05
18800,9,1.200000000000000e-02,1.198078673873327e-02,1.921326126672583e-05
18800,10,-1.000000000000000e-02,-1.000124311666121e-02,1.243116661208202e-06
18800,11,8.999999999999999e-03,9.018668173519524e-03,-1.866817351952460e-05
18800,12,8.000000000000000e-03,7.959921167240197e-03,4.007883275980277e-05
18800,13,-7.000000000000000e-03,-6.995874174391216e-03,-4.125825608784252e-06
18800,14,6.000000000000000e-03,6.000993074565040e-03,-9.930745650402542e-07
18800,15,5.000000000000000e-03,4.978012177065022e-03,2.198782293497820e-05
18800,16,-4.000000000000000e-03,-4.010714230743754e-03,1.071423074375417e-05
18800,17,3.500000000000000e-03,3.508481259004654e-03,-8.481259004653949e-06
18800,18,3.000000000000000e-03,2.992989652169184e-03,7.010347830815802e-06
18800,19,-2.500000000000000e-03,-2.517956383138421e-03,1.795638313842069e-05
18800,20,2.000000000000000e-03,2.010087167797952e-03,-1.008716779795239e-05
18800,21,1.800000000000000e-03,1.772048299048130e-03,2.795170095187035e-05
18800,22,-1.500000000000000e-03,-1.492637598454453e-03,-7.362401545547154e-06
18800,23,1.200000000000000e-03,1.188231283209629e-03,1.176871679037044e-05
18800,24,1.000000000000000e-03,9.934976015743935e-04,6.502398425606553e-06
18800,25,-8.000000000000000e-04,-8.086438526888171e-04,8.643852688817034e-06
18800,26,5.999999999999999e-04,5.990805891762626e-04,9.194108237373837e-07
18800,27,5.000000000000000e-04,4.914065627294116e-04,8.593437270588435e-06
18800,28,-4.000000000000000e-04,-3.863875219520729e-04,-1.361247804792712e-05
18800,29,3.000000000000000e-04,2.917571104083167e-04,8.242889591683297e-06
18900,0,1.200000000000000e-01,1.198053324370486e-01,1.946675629514449e-04
18900,1,-8.000000000000000e-02,-7.985947147148598e-02,-1.405285285140251e-04
18900,2,5.500000000000000e-02,5.490741228256500e-02,9.258771743499844e-05
18900,3,4.000000000000000e-02,3.994266700718360e-02,5.733299281640569e-05
18900,4,-3.000000000000000e-02,-2.996194428517469e-02,-3.805571482530523e-05
18900,5,2.500000000000000e-02,2.498294475253565e-02,1.705524746434955e-05
18900,6,2.000000000000000e-02,1.994667350610341e-02,5.332649389659314e-05
18900,7,-1.800000000000000e-02,-1.796284791350653e-02,-3.715208649346380e-05
18900,8,1.500000000000000e-02,1.497929296327647e-02,2.070703672353048e-05
18900,9,1.200000000000000e-02,1.198033323457310e-02,1.966676542689873e-05
18900,10,-1.000000000000000e-02,-1.000045251820021e-02,4.525182002081823e-07
18900,11,8.999999999999999e-03,9.017183838934812e-03,-1.718383893481272e-05
18900,12,8.000000000000000e-03,7.960803924317901e-03,3.919607568209950e-05
18900,13,-7.000000000000000e-03,-6.995083411810575e-03,-4.916588189424892e-06
18900,14,6.000000000000000e-03,6.000604601140973e-03,-6.046011409733404e-07
18900,15,5.000000000000000e-03,4.978919215738684e-03,2.108078426131619e-05
18900,16,-4.000000000000000e-03,-4.010370954676443e-03,1.037095467644293e-05
18900,17,3.500000000000000e-03,3.508639422062327e-03,-8.639422062327318e-06
18900,18,3.000000000000000e-03,2.993315833590232e-03,6.684166409768200e-06
18900,19,-2.500000000000000e-03,-2.517664733058578e-03,1.766473305857838e-05
18900,20,2.000000000000000e-03,2.009451147774462e-03,-9.451147774462102e-06
18900,21,1.800000000000000e-03,1.772737544441940e-03,2.726245555805949e-05
18900,22,-1.500000000000000e-03,-1.493543368442775e-03,-6.456631557225307e-06
18900,23,1.200000000000000e-03,1.188784417022478e-03,1.121558297752234e-05
18900,24,1.000000000000000e-03,9.922013748039956e-04,7.798625196004392e-06
18900,25,-8.000000000000000e-04,-8.076647673549610e-04,7.664767354960932e-06
18900,26,5.999999999999999e-04,5.995507457998432e-04,4.492542001567146e-07
18900,27,5.000000000000000e-04,4.912730603288993e-04,8.726939671100721e-06
18900,28,-4.000000000000000e-04,-3.859603894213180e-04,-1.403961057868205e-05
18900,29,3.000000000000000e-04,2.930557252168992e-04,6.944274783100780e-06
19000,0,1.200000000000000e-01,1.198119028909974e-01,1.880971090025968e-04
19000,1,-8.000000000000000e-02,-7.986383059907880e-02,-1.361694009212044e-04
19000,2,5.500000000000000e-02,5.491138994573485e-02,8.861005426515078e-05
19000,3,4.000000000000000e-02,3.994340487096251e-02,5.659512903749553e-05
19000,4,-3.000000000000000e-02,-2.996300477054773e-02,-3.699522945226769e-05
19000,5,2.500000000000000e-02,2.498264998704879e-02,1.735001295121233e-05
19000,6,2.000000000000000e-02,1.994832988509180e-02,5.167011490819773e-05
19000,7,-1.800000000000000e-02,-1.796449138362099e-02,-3.550861637900693e-05
19000,8,1.500000000000000e-02,1.497970005542003e-02,2.029994457996773e-05
19000,9,1.200000000000000e-02,1.198058851546844e-02,1.941148453155767e-05
19000,10,-1.000000000000000e-02,-9.999544259432594e-03,-4.557405674059101e-07
19000,11,8.999999999999999e-03,9.014971957879338e-03,-1.497195787933912e-05
19000,12,8.000000000000000e-03,7.962465347025828e-03,3.753465297417179e-05
19000,13,-7.000000000000000e-03,-6.994874788710570e-03,-5.125211289430318e-06
19000,14,6.000000000000000e-03,5.998707625977033e-03,1.292374022967072e-06
19000,15,5.000000000000000e-03,4.980264748259873e-03,1.973525174012690e-05
19000,16,-4.000000000000000e-03,-4.010488455911194e-03,1.048845591119368e-05
19000,17,3.500000000000000e-03,3.508108001316949e-03,-8.108001316949314e-06
19000,18,3.000000000000000e-03,2.991652386500808e-03,8.347613499192115e-06
19000,19,-2.500000000000000e-03,-2.514980724543862e-03,1.498072454386148e-05
19000,20,2.000000000000000e-03,2.006783420176659e-03,-6.783420176658880e-06
19000,21,1.800000000000000e-03,1.774242429267941e-03,2.575757073205857e-05
19000,22,-1.500000000000000e-03,-1.493766577283886e-03,-6.233422716114085e-06
19000,23,1.200000000000000e-03,1.189345459896890e-03,1.065454010310972e-05
19000,24,1.000000000000000e-03,9.914274698532668e-04,8.572530146733247e-06
19000,25,-8.000000000000000e-04,-8.059539448442763e-04,5.953944844276225e-06
19000,26,5.999999999999999e-04,5.990962629478376e-04,9.037370521623733e-07
19000,27,5.000000000000000e-04,4.912305662493623e-04,8.769433750637672e-06
19000,28,-4.000000000000000e-04,-3.858391512428450e-04,-1.416084875715499e-05
19000,29,3.000000000000000e-04,2.936326338381267e-04,6.367366161873298e-06
19100,0,1.200000000000000e-01,1.198189339625997e-01,1.810660374002987e-04
19100,1,-8.000000000000000e-02,-7.986900202881407e-02,-1.309979711859310e-04
19100,2,5.500000000000000e-02,5.491505940090523e-02,8.494059909476548e-05
19100,3,4.000000000000000e-02,3.994443822822032e-02,5.556177177968441e-05
19100,4,-3.000000000000000e-02,-2.996368888008358e-02,-3.631111991641775e-05
19100,5,2.500000000000000e-02,2.498289704224046e-02,1.710295775953982e-05
19100,6,2.000000000000000e-02,1.995058793230106e-02,4.941206769894235e-05
19100,7,-1.800000000000000e-02,-1.796553706283897e-02,-3.446293716102833e-05
19100,8,1.500000000000000e-02,1.498014957445635e-02,1.985042554365074e-05
19100,9,1.200000000000000e-02,1.198112707676603e-02,1.887292323397155e-05
19100,10,-1.000000000000000e-02,-9.999461110851749e-03,-5.388891482511343e-07
19100,11,8.999999999999999e-03,9.015180948124341e-03,-1.518094812434125e-05
19100,12,8.000000000000000e-03,7.963816827101304e-03,3.618317289869576e-05
19100,13,-7.000000000000000e-03,-6.995332680526622e-03,-4.667319473378173e-06
19100,14,6.000000000000000e-03,5.998899098897916e-03,1.100901102083982e-06
19100,15,5.000000000000000e-03,4.980886798682190e-03,1.911320131780993e-05
19100,16,-4.000000000000000e-03,-4.010719134745006e-03,1.071913474500613e-05
19100,17,3.500000000000000e-03,3.507803527597012e-03,-7.803527597011889e-06
19100,18,3.000000000000000e-03,2.992231227922198e-03,7.768772077802310e-06
19100,19,-2.500000000000000e-03,-2.513687297819199e-03,1.368729781919863e-05
19100,20,2.000000000000000e-03,2.004736146020541e-03,-4.736146020541121e-06
19100,21,1.800000000000000e-03,1.777489669915127e-03,2.251033008487317e-05
19100,22,-1.500000000000000e-03,-1.495583891898501e-03,-4.416108101498815e-06
19100,23,1.200000000000000e-03,1.191570490397064e-03,8.429509602935490e-06
19100,24,1.000000000000000e-03,9.910596615624197e-04,8.940338437580294e-06
19100,25,-8.000000000000000e-04,-8.061745821838169e-04,6.174582183816847e-06
19100,26,5.999999999999999e-04,5.996293787644071e-04,3.706212355928870e-07
19100,27,5.000000000000000e-04,4.910845099168330e-04,8.915490083167047e-06
19100,28,-4.000000000000000e-04,-3.859502812612032e-04,-1.404971873879681e-05
19100,29,3.000000000000000e-04,2.941558054782434e-04,5.844194521756579e-06
19200,0,1.200000000000000e-01,1.198264956320160e-01,1.735043679839815e-04
19200,1,-8.000000000000000e-02,-7.987406544307930e-02,-1.259345569206982e-04
19200,2,5.500000000000000e-02,5.491920059983627e-02,8.079940016372800e-05
19200,3,4.000000000000000e-02,3.994352062323014e-02,5.647937676985654e-05
19200,4,-3.000000000000000e-02,-2.996309752371345e-02,-3.690247628655371e-05
19200,5,2.500000000000000e-02,2.498301291282173e-02,1.698708717827457e-05
19200,6,2.000000000000000e-02,1.995255259592949e-02,4.744740407050876e-05
19200,7,-1.800000000000000e-02,-1.796670959594837e-02,-3.329040405163075e-05
19200,8,1.500000000000000e-02,1.498216915489872e-02,1.783084510127882e-05
19200,9,1.200000000000000e-02,1.197973605344108e-02,2.026394655891932e-05
19200,10,-1.000000000000000e-02,-9.999187484400700e-03,-8.125155993004424e-07
19200,11,8.999999999999999e-03,9.015742663447788e-03,-1.574266344778891e-05
19200,12,8.000000000000000e-03,7.963910421123000e-03,3.608957887699972e-05
19200,13,-7.000000000000000e-03,-6.994443817614328e-03,-5.556182385671980e-06
19200,14,6.000000000000000e-03,5.999568674968744e-03,4.313250312557720e-07
19200,15,5.000000000000000e-03,4.981032848168711e-03,1.896715183128880e-05
19200,16,-4.000000000000000e-03,-4.010436551513566e-03,1.043655151356567e-05
19200,17,3.500000000000000e-03,3.508062355243297e-03,-8.062355243296671e-06
19200,18,3.000000000000000e-03,2.991420066096344e-03,8.579933903656110e-06
19200,19,-2.500000000000000e-03,-2.511558362417621e-03,1.155836241762114e-05
19200,20,2.000000000000000e-03,2.002887391576468e-03,-2.887391576467460e-06
19200,21,1.800000000000000e-03,1.779638660891652e-03,2.036133910834773e-05
19200,22,-1.500000000000000e-03,-1.497549535835399e-03,-2.450464164600614e-06
19200,23,1.200000000000000e-03,1.192892533345477e-03,7.107466654522870e-06
19200,24,1.000000000000000e-03,9.907912094267012e-04,9.208790573298799e-06
19200,25,-8.000000000000000e-04,-8.050325851659304e-04,5.032585165930335e-06
19200,26,5.999999999999999e-04,5.995126799465245e-04,4.873200534754457e-07
19200,27,5.000000000000000e-04,4.929592019676135e-04,7.040798032386525e-06
19200,28,-4.000000000000000e-04,-3.870873211026498e-04,-1.291267889735019e-05
19200,29,3.000000000000000e-04,2.945072960303572e-04,5.492703969642732e-06
19300,0,1.200000000000000e-01,1.198310699807811e-01,1.689300192189019e-04
19300,1,-8.000000000000000e-02,-7.987683294057697e-02,-1.231670594230294e-04
19300,2,5.500000000000000e-02,5.492146897947442e-02,7.853102052558097e-05
19300,3,4.000000000000000e-02,3.994571012299461e-02,5.428987700539095e-05
19300,4,-3.000000000000000e-02,-2.996468688980739e-02,-3.531311019261060e-05
19300,5,2.500000000000000e-02,2.498338607064276e-02,1.661392935724607e-05
19300,6,2.000000000000000e-02,1.995385673644827e-02,4.614326355173101e-05
19300,7,-1.800000000000000e-02,-1.796826975780136e-02,-3.173024219863679e-05
19300,8,1.500000000000000e-02,1.498289323789397e-02,1.710676210603390e-05
19300,9,1.200000000000000e-02,1.197942449807893e-02,2.057550192107252e-05
19300,10,-1.000000000000000e-02,-9.998525988864998e-03,-1.474011135002215e-06
19300,11,8.999999999999999e-03,9.014899069383389e-03,-1.489906938339017e-05
19300,12,8.000000000000000e-03,7.964735465493505e-03,3.526453450649475e-05
19300,13,-7.000000000000000e-03,-6.994901655530903e-03,-5.098344469097599e-06
19300,14,6.000000000000000e-03,6.000072857056841e-03,-7.285705684069443e-08
19300,15,5.000000000000000e-03,4.981021940368199e-03,1.897805963180146e-05
19300,16,-4.000000000000000e-03,-4.010130515211320e-03,1.013051521132034e-05
19300,17,3.500000000000000e-03,3.508465839955606e-03,-8.465839955606406e-06
19300,18,3.000000000000000e-03,2.990050028715445e-03,9.949971284554937e-06
19300,19,-2.500000000000000e-03,-2.510631370262991e-03,1.063137026299094e-05
19300,20,2.000000000000000e-03,2.002680181039747e-03,-2.680181039747126e-06
19300,21,1.800000000000000e-03,1.779730677634606e-03,2.026932236539377e-05
19300,22,-1.500000000000000e-03,-1.497987661925991e-03,-2.012338074009129e-06
19300,23,1.200000000000000e-03,1.193315694675265e-03,6.684305324735186e-06
19300,24,1.000000000000000e-03,9.906344931649557e-04,9.365506835044314e-06
19300,25,-8.000000000000000e-04,-8.037959382316836e-04,3.795938231683548e-06
19300,26,5.999999999999999e-04,5.979343129454357e-04,2.065687054564271e-06
19300,27,5.000000000000000e-04,4.954772134759974e-04,4.522786524002579e-06
19300,28,-4.000000000000000e-04,-3.881380381205956e-04,-1.186196187940447e-05
19300,29,3.000000000000000e-04,2.949553913747771e-04,5.044608625222866e-06
19400,0,1.200000000000000e-01,1.198358789016989e-01,1.641210983011204e-04
19400,1,-8.000000000000000e-02,-7.987945959581942e-02,-1.205404041805802e-04
19400,2,5.500000000000000e-02,5.492376587401321e-02,7.623412598679186e-05
19400,3,4.000000000000000e-02,3.994684864538497e-02,5.315135461502613e-05
19400,4,-3.000000000000000e-02,-2.996377147757450e-02,-3.622852242549796e-05
19400,5,2.500000000000000e-02,2.498339663264883e-02,1.660336735117077e-05
19400,6,2.000000000000000e-02,1.995577199861594e-02,4.422800138405639e-05
19400,7,-1.800000000000000e-02,-1.796855188278887e-02,-3.144811721113305e-05
19400,8,1.500000000000000e-02,1.498426924709803e-02,1.573075290196672e-05
19400,9,1.200000000000000e-02,1.197936538819721e-02,2.063461180278926e-05
19400,10,-1.000000000000000e-02,-9.997896311992376e-03,-2.103688007624657e-06
19400,11,8.999999999999999e-03,9.014933101649565e-03,-1.493310164956546e-05
19400,12,8.000000000000000e-03,7.966365392670751e-03,3.363460732924879e-05
19400,13,-7.000000000000000e-03,-6.996084176115267e-03,-3.915823884733174e-06
19400,14,6.000000000000000e-03,6.001096464944997e-03,-1.096464944996475e-06
19400,15,5.000000000000000e-03,4.980750833082400e-03,1.924916691760023e-05
19400,16,-4.000000000000000e-03,-4.009403411077781e-03,9.403411077781032e-06
19400,17,3.500000000000000e-03,3.508596338192288e-03,-8.596338192287580e-06
19400,18,3.000000000000000e-03,2.990097678255136e-03,9.902321744863826e-06
19400,19,-2.500000000000000e-03,-2.510570760729353e-03,1.057076072935332e-05
19400,20,2.000000000000000e-03,2.003220378585748e-03,-3.220378585748213e-06
19400,21,1.800000000000000e-03,1.780171061886366e-03,1.982893811363360e-05
19400,22,-1.500000000000000e-03,-1.497691299868363e-03,-2.308700131636605e-06
19400,23,1.200000000000000e-03,1.193518670528439e-03,6.481329471560949e-06
19400,24,1.000000000000000e-03,9.916244089537994e-04,8.375591046200616e-06
19400,25,-8.000000000000000e-04,-8.037103797659826e-04,3.710379765982526e-06
19400,26,5.999999999999999e-04,5.987619847537883e-04,1.238015246211605e-06
19400,27,5.000000000000000e-04,4.950942813649296e-04,4.905718635070432e-06
19400,28,-4.000000000000000e-04,-3.876503327271142e-04,-1.234966727288586e-05
19400,29,3.000000000000000e-04,2.949435416982582e-04,5.056458301741799e-06
19500,0,1.200000000000000e-01,1.198428821444723e-01,1.571178555277303e-04
19500,1,-8.000000000000000e-02,-7.988609430124843e-02,-1.139056987515680e-04
19500,2,5.500000000000000e-02,5.492722260110230e-02,7.277739889769569e-05
19500,3,4.000000000000000e-02,3.994926455481401e-02,5.073544518599538e-05
19500,4,-3.000000000000000e-02,-2.996585215887189e-02,-3.414784112810640e-05
19500,5,2.500000000000000e-02,2.498255379220963e-02,1.744620779037254e-05
19500,6,2.000000000000000e-02,1.996052904111633e-02,3.947095888367363e-05
19500,7,-1.800000000000000e-02,-1.797210806905073e-02,-2.789193094926770e-05
19500,8,1.500000000000000e-02,1.498595896429089e-02,1.404103570910517e-05
19500,9,1.200000000000000e-02,1.198154318074971e-02,1.845681925029263e-05
19500,10,-1.000000000000000e-02,-9.998747403883653e-03,-1.252596116347454e-06
19500,11,8.999999999999999e-03,9.014450194078207e-03,-1.445019407820755e-05
19500,12,8.000000000000000e-03,7.969373306117442e-03,3.062669388255793e-05
19500,13,-7.000000000000000e-03,-6.996536142176789e-03,-3.463857823211326e-06
19500,14,6.000000000000000e-03,6.000227117394306e-03,-2.271173943062949e-07
19500,15,5.000000000000000e-03,4.983511174715803e-03,1.648882528419715e-05
19500,16,-4.000000000000000e-03,-4.009681979079599e-03,9.681979079598745e-06
19500,17,3.500000000000000e-03,3.507994089131927e-03,-7.994089131927416e-06
19500,18,3.000000000000000e-03,2.991145959288572e-03,8.854040711427699e-06
19500,19,-2.500000000000000e-03,-2.509747469861651e-03,9.747469861650943e-06
19500,20,2.000000000000000e-03,2.001178307064087e-03,-1.178307064087381e-06
19500,21,1.800000000000000e-03,1.782731578823200e-03,1.726842117680000e-05
19500,22,-1.500000000000000e-03,-1.499134606137055e-03,-8.653938629453635e-07
19500,23,1.200000000000000e-03,1.193439757112289e-03,6.560242887710885e-06
19500,24,1.000000000000000e-03,9.919579415107595e-04,8.042058489240566e-06
19500,25,-8.000000000000000e-04,-8.035541337538220e-04,3.554133753821942e-06
19500,26,5.999999999999999e-04,5.966435546208587e-04,3.356445379141268e-06
19500,27,5.000000000000000e-04,4.971678941860302e-04,2.832105813969812e-06
19500,28,-4.000000000000000e-04,-3.895070677084508e-04,-1.049293229154921e-05
19500,29,3.000000000000000e-04,2.949819943143737e-04,5.018005685626312e-06
19600,0,1.200000000000000e-01,1.198479932542415e-01,1.520067457584512e-04
19600,1,-8.000000000000000e-02,-7.989042644378723e-02,-1.095735562127720e-04
19600,2,5.500000000000000e-02,5.492989928722131e-02,7.010071277869373e-05
19600,3,4.000000000000000e-02,3.995112361884464e-02,4.887638115536053e-05
19600,4,-3.000000000000000e-02,-2.996831252344891e-02,-3.168747655109272e-05
19600,5,2.500000000000000e-02,2.498380831364159e-02,1.619168635840981e-05
19600,6,2.000000000000000e-02,1.996180850521699e-02,3.819149478300962e-05
19600,7,-1.800000000000000e-02,-1.797349875153562e-02,-2.650124846437923e-05
19600,8,1.500000000000000e-02,1.498641331638758e-02,1.358668361242307e-05
19600,9,1.200000000000000e-02,1.198158047587488e-02,1.841952412512046e-05
19600,10,-1.000000000000000e-02,-9.997886579784451e-03,-2.113420215549625e-06
19600,11,8.999999999999999e-03,9.013713834132428e-03,-1.371383413242833e-05
19600,12,8.000000000000000e-03,7.969747272226942e-03,3.025272777305854e-05
19600,13,-7.000000000000000e-03,-6.996071450601412e-03,-3.928549398588520e-06
19600,14,6.000000000000000e-03,6.000899964788012e-03,-8.999647880120198e-07
19600,15,5.000000000000000e-03,4.982503813293908e-03,1.749618670609208e-05
19600,16,-4.000000000000000e-03,-4.008446891073742e-03,8.446891073742198e-06
19600,17,3.500000000000000e-03,3.508281186627383e-03,-8.281186627383426e-06
19600,18,3.000000000000000e-03,2.990180444320722e-03,9.819555679277652e-06
19600,19,-2.500000000000000e-03,-2.509344491621592e-03,9.344491621592066e-06
19600,20,2.000000000000000e-03,2.001793282606450e-03,-1.793282606449460e-06
19600,21,1.800000000000000e-03,1.782853605554637e-03,1.714639444536266e-05
19600,22,-1.500000000000000e-03,-1.499826224219744e-03,-1.737757802560205e-07
19600,23,1.200000000000000e-03,1.195039196999399e-03,4.960803000600726e-06
19600,24,1.000000000000000e-03,9.917391113009005e-04,8.260888699099505e-06
19600,25,-8.000000000000000e-04,-8.044615119388609e-04,4.461511938860861e-06
19600,26,5.999999999999999e-04,5.977965392724067e-04,2.203460727593222e-06
19600,27,5.000000000000000e-04,4.970003288891742e-04,2.999671110825823e-06
19600,28,-4.000000000000000e-04,-3.906002822917908e-04,-9.399717708209211e-06
19600,29,3.000000000000000e-04,2.960140463166123e-04,3.985953683387710e-06
19700,0,1.200000000000000e-01,1.198540376472398e-01,1.459623527602372e-04
19700,1,-8.000000000000000e-02,-7.989576778544678e-02,-1.042322145532182e-04
19700,2,5.500000000000000e-02,5.493359888513338e-02,6.640111486662381e-05
19700,3,4.000000000000000e-02,3.995178839126351e-02,4.821160873649116e-05
19700,4,-3.000000000000000e-02,-2.996905848239094e-02,-3.094151760905939e-05
19700,5,2.500000000000000e-02,2.498315794150165e-02,1.684205849835155e-05
19700,6,2.000000000000000e-02,1.996392526939765e-02,3.607473060234997e-05
19700,7,-1.800000000000000e-02,-1.797558484101108e-02,-2.441515898892258e-05
19700,8,1.500000000000000e-02,1.498727890988657e-02,1.272109011343087e-05
19700,9,1.200000000000000e-02,1.198124823559096e-02,1.875176440903695e-05
19700,10,-1.000000000000000e-02,-9.996926288299705e-03,-3.073711700295190e-06
19700,11,8.999999999999999e-03,9.011702114893695e-03,-1.170211489369584e-05
19700,12,8.000000000000000e-03,7.971989686132632e-03,2.801031386736805e-05
19700,13,-7.000000000000000e-03,-6.996675113033799e-03,-3.324886966200868e-06
19700,14,6.000000000000000e-03,6.000649838226861e-03,-6.498382268604538e-07
19700,15,5.000000000000000e-03,4.982721467617990e-03,1.727853238200992e-05
19700,16,-4.000000000000000e-03,-4.007674381422632e-03,7.674381422632243e-06
19700,17,3.500000000000000e-03,3.506295793178248e-03,-6.295793178248254e-06
19700,18,3.000000000000000e-03,2.992070442873717e-03,7.929557126282877e-06
19700,19,-2.500000000000000e-03,-2.510181187113509e-03,1.018118711350888e-05
19700,20,2.000000000000000e-03,2.002439021869566e-03,-2.439021869565534e-06
19700,21,1.800000000000000e-03,1.782608299805453e-03,1.739170019454716e-05
19700,22,-1.500000000000000e-03,-1.498259885084310e-03,-1.740114915689886e-06
19700,23,1.200000000000000e-03,1.194138260097083e-03,5.861739902917381e-06
19700,24,1.000000000000000e-03,9.928337524927893e-04,7.166247507210764e-06
19700,25,-8.000000000000000e-04,-8.044742356773301e-04,4.474235677330053e-06
19700,26,5.999999999999999e-04,5.981384022499769e-04,1.861597750023010e-06
19700,27,5.000000000000000e-04,4.959678470886749e-04,4.032152911325154e-06
19700,28,-4.000000000000000e-04,-3.898532547941099e-04,-1.014674520589015e-05
19700,29,3.000000000000000e-04,2.943951121656265e-04,5.604887834373439e-06
19800,0,1.200000000000000e-01,1.198583935855023e-01,1.416064144977441e-04
19800,1,-8.000000000000000e-02,-7.989958324477689e-02,-1.004167552231122e-04
19800,2,5.500000000000000e-02,5.493576111287882e-02,6.423888712117631e-05
19800,3,4.000000000000000e-02,3.995300909112306e-02,4.699090887694268e-05
19800,4,-3.000000000000000e-02,-2.997072716048493e-02,-2.927283951507237e-05
19800,5,2.500000000000000e-02,2.498440320925327e-02,1.559679074673512e-05
19800,6,2.000000000000000e-02,1.996438996742405e-02,3.561003257594730e-05
19800,7,-1.800000000000000e-02,-1.797613206212339e-02,-2.386793787660657e-05
19800,8,1.500000000000000e-02,1.498686537215357e-02,1.313462784643081e-05
19800,9,1.200000000000000e-02,1.198184016692077e-02,1.815983307922736e-05
19800,10,-1.000000000000000e-02,-9.995993510177976e-03,-4.006489822024062e-06
19800,11,8.999999999999999e-03,9.009875086216937e-03,-9.875086216937570e-06
19800,12,8.000000000000000e-03,7.973394008771036e-03,2.660599122896422e-05
19800,13,-7.000000000000000e-03,-6.996340546273747e-03,-3.659453726253224e-06
19800,14,6.000000000000000e-03,6.000214703885149e-03,-2.147038851490687e-07
19800,15,5.000000000000000e-03,4.983134993738484e-03,1.686500626151607e-05
19800,16,-4.000000000000000e-03,-4.006774606168585e-03,6.774606168585134e-06
19800,17,3.500000000000000e-03,3.506133910440996e-03,-6.133910440995777e-06
19800,18,3.000000000000000e-03,2.991354242010612e-03,8.645757989388103e-06
19800,19,-2.500000000000000e-03,-2.509334772030595e-03,9.334772030595000e-06
19800,20,2.000000000000000e-03,2.003089242612628e-03,-3.089242612627861e-06
19800,21,1.800000000000000e-03,1.781845583601982e-03,1.815441639801746e-05
19800,22,-1.500000000000000e-03,-1.497207638288102e-03,-2.792361711898006e-06
19800,23,1.200000000000000e-03,1.194321393927514e-03,5.678606072486098e-06
19800,24,1.000000000000000e-03,9.920673656564360e-04,7.932634343563996e-06
19800,25,-8.000000000000000e-04,-8.037525075898511e-04,3.752507589851106e-06
19800,26,5.999999999999999e-04,5.985280835241539e-04,1.471916475846019e-06
19800,27,5.000000000000000e-04,4.955563254253344e-04,4.443674574665575e-06
19800,28,-4.000000000000000e-04,-3.897489855150019e-04,-1.025101448499813e-05
19800,29,3.000000000000000e-04,2.949028837881689e-04,5.097116211831034e-06
19900,0,1.200000000000000e-01,1.198621013824907e-01,1.378986175092634e-04
19900,1,-8.000000000000000e-02,-7.990207760356496e-02,-9.792239643503786e-05
19900,2,5.500000000000000e-02,5.493752398782775e-02,6.247601217225507e-05
19900,3,4.000000000000000e-02,3.995392955165043e-02,4.607044834956803e-05
19900,4,-3.000000000000000e-02,-2.997092425295913e-02,-2.907574704087354e-05
19900,5,2.500000000000000e-02,2.498461413457330e-02,1.538586542670223e-05
19900,6,2.000000000000000e-02,1.996524379553331e-02,3.475620446668701e-05
19900,7,-1.800000000000000e-02,-1.797642653670067e-02,-2.357346329932841e-05
19900,8,1.500000000000000e-02,1.498784337656128e-02,1.215662343872180e-05
19900,9,1.200000000000000e-02,1.198224630184632e-02,1.775369815368126e-05
19900,10,-1.000000000000000e-02,-9.995406334914346e-03,-4.593665085653870e-06
19900,11,8.999999999999999e-03,9.009857279107393e-03,-9.857279107393715e-06
19900,12,8.000000000000000e-03,7.974400672368888e-03,2.559932763111263e-05
19900,13,-7.000000000000000e-03,-6.996519372937480e-03,-3.480627062520114e-06
19900,14,6.000000000000000e-03,6.000018063767078e-03,-1.806376707762236e-08
19900,15,5.000000000000000e-03,4.983877769334324e-03,1.612223066567615e-05
19900,16,-4.000000000000000e-03,-4.007016523018773e-03,7.016523018772702e-06
19900,17,3.500000000000000e-03,3.506880808149686e-03,-6.880808149685967e-06
19900,18,3.000000000000000e-03,2.991247862878102e-03,8.752137121897929e-06
19900,19,-2.500000000000000e-03,-2.508782784990271e-03,8.782784990270850e-06
19900,20,2.000000000000000e-03,2.002721135173195e-03,-2.721135173195353e-06
19900,21,1.800000000000000e-03,1.783029149038085e-03,1.697085096191513e-05
19900,22,-1.500000000000000e-03,-1.497304191120471e-03,-2.695808879529154e-06
19900,23,1.200000000000000e-03,1.194230813661687e-03,5.769186338312705e-06
19900,24,1.000000000000000e-03,9.925647661586218e-04,7.435233841378199e-06
19900,25,-8.000000000000000e-04,-8.033981818339258e-04,3.398181833925789e-06
19900,26,5.999999999999999e-04,5.982834455263987e-04,1.716554473601278e-06
19900,27,5.000000000000000e-04,4.971086443920133e-04,2.891355607986725e-06
19900,28,-4.000000000000000e-04,-3.907086590337304e-04,-9.291340966269572e-06
19900,29,3.000000000000000e-04,2.957212695782279e-04,4.278730421772032e-06
20000,0,1.200000000000000e-01,1.198667572182283e-01,1.332427817716531e-04
20000,1,-8.000000000000000e-02,-7.990577132390157e-02,-9.422867609842900e-05
20000,2,5.500000000000000e-02,5.493985262562490e-02,6.014737437510381e-05
20000,3,4.000000000000000e-02,3.995569827744939e-02,4.430172255060622e-05
20000,4,-3.000000000000000e-02,-2.997184237229552e-02,-2.815762770447955e-05
20000,5,2.500000000000000e-02,2.498511992371071e-02,1.488007628929269e-05
20000,6,2.000000000000000e-02,1.996673448016472e-02,3.326551983527659e-05
20000,7,-1.800000000000000e-02,-1.797742036594128e-02,-2.257963405871699e-05
20000,8,1.500000000000000e-02,1.498785651175502e-02,1.214348824498182e-05
20000,9,1.200000000000000e-02,1.198402710136076e-02,1.597289863923719e-05
20000,10,-1.000000000000000e-02,-9.995597022106629e-03,-4.402977893371018e-06
20000,11,8.999999999999999e-03,9.009252960789959e-03,-9.252960789959269e-06
20000,12,8.000000000000000e-03,7.975968727410078e-03,2.403127258992187e-05
20000,13,-7.000000000000000e-03,-6.996427867656487e-03,-3.572132343513182e-06
20000,14,6.000000000000000e-03,5.999928210201993e-03,7.178979800730179e-08
20000,15,5.000000000000000e-03,4.984838089482162e-03,1.516191051783786e-05
20000,16,-4.000000000000000e-03,-4.006884537567970e-03,6.884537567969709e-06
20000,17,3.500000000000000e-03,3.506325239522234e-03,-6.325239522234245e-06
20000,18,3.000000000000000e-03,2.991633492877179e-03,8.366507122821269e-06
20000,19,-2.500000000000000e-03,-2.507739724929554e-03,7.739724929553549e-06
20000,20,2.000000000000000e-03,2.001271304126378e-03,-1.271304126377899e-06
20000,21,1.800000000000000e-03,1.784936865010202e-03,1.506313498979761e-05
20000,22,-1.500000000000000e-03,-1.498140198067994e-03,-1.859801932005715e-06
20000,23,1.200000000000000e-03,1.193884137353436e-03,6.115862646564321e-06
20000,24,1.000000000000000e-03,9.934211603976190e-04,6.578839602381032e-06
20000,25,-8.000000000000000e-04,-8.029405169012964e-04,2.940516901296392e-06
20000,26,5.999999999999999e-04,5.973352772961122e-04,2.664722703887715e-06
20000,27,5.000000000000000e-04,4.970033962167732e-04,2.996603783226768e-06
20000,28,-4.000000000000000e-04,-3.898793221535979e-04,-1.012067784640207e-05
20000,29,3.000000000000000e-04,2.946066312757532e-04,5.393368724246740e-06
