n,i,h,w,h_minus_w
100,0,1.200000000000000e-01,3.241060045088152e-03,1.167589399549119e-01
100,1,-8.000000000000000e-02,3.211060045088151e-03,-8.321106004508816e-02
100,2,5.500000000000000e-02,3.201067545088151e-03,5.179893245491185e-02
100,3,4.000000000000000e-02,3.177330041338152e-03,3.682266995866185e-02
100,4,-3.000000000000000e-02,3.143610340715963e-03,-3.314361034071596e-02
100,5,2.500000000000000e-02,3.117424359794398e-03,2.188257564020561e-02
100,6,2.000000000000000e-02,3.085021111348985e-03,1.691497888865101e-02
100,7,-1.800000000000000e-02,3.047666467776240e-03,-2.104766646777624e-02
100,8,1.500000000000000e-02,3.014877194829747e-03,1.198512280517025e-02
100,9,1.200000000000000e-02,2.978403500429146e-03,9.021596499570853e-03
100,10,-1.000000000000000e-02,2.939011871840948e-03,-1.293901187184095e-02
100,11,8.999999999999999e-03,2.902218722324219e-03,6.097781277675780e-03
100,12,8.000000000000000e-03,2.863276753968662e-03,5.136723246031338e-03
100,13,-7.000000000000000e-03,2.822451611518172e-03,-9.822451611518172e-03
100,14,6.000000000000000e-03,2.783509150780647e-03,3.216490849219353e-03
100,15,5.000000000000000e-03,2.743202988655701e-03,2.256797011344299e-03
100,16,-4.000000000000000e-03,2.701797974638725e-03,-6.701797974638725e-03
100,17,3.500000000000000e-03,2.661558580677817e-03,8.384414193221830e-04
100,18,3.000000000000000e-03,2.620615204141243e-03,3.793847958587573e-04
100,19,-2.500000000000000e-03,2.579106072799082e-03,-5.079106072799083e-03
100,20,2.000000000000000e-03,2.538419109830797e-03,-5.384191098307973e-04
100,21,1.800000000000000e-03,2.497435581677355e-03,-6.974355816773549e-04
100,22,-1.500000000000000e-03,2.456217217046717e-03,-3.956217217046717e-03
100,23,1.200000000000000e-03,2.415600553421548e-03,-1.215600553421548e-03
100,24,1.000000000000000e-03,2.374917435612223e-03,-1.374917435612223e-03
100,25,-8.000000000000000e-04,2.334228416509754e-03,-3.134228416509754e-03
100,26,5.999999999999999e-04,2.293993703776675e-03,-1.693993703776675e-03
100,27,5.000000000000000e-04,2.253870516676362e-03,-1.753870516676362e-03
100,28,-4.000000000000000e-04,2.213893161088975e-03,-2.613893161088975e-03
100,29,3.000000000000000e-04,2.174295646990701e-03,-1.874295646990701e-03
200,0,1.200000000000000e-01,4.868741217852044e-03,1.151312587821480e-01
200,1,-8.000000000000000e-02,4.838741217852043e-03,-8.483874121785205e-02
200,2,5.500000000000000e-02,4.828748717852043e-03,5.017125128214796e-02
200,3,4.000000000000000e-02,4.805011214102044e-03,3.519498878589795e-02
200,4,-3.000000000000000e-02,4.771291513479855e-03,-3.477129151347985e-02
200,5,2.500000000000000e-02,4.745105532558289e-03,2.025489446744171e-02
200,6,2.000000000000000e-02,4.712702284112876e-03,1.528729771588712e-02
200,7,-1.800000000000000e-02,4.675347640540131e-03,-2.267534764054013e-02
200,8,1.500000000000000e-02,4.642558367593638e-03,1.035744163240636e-02
200,9,1.200000000000000e-02,4.606084673193037e-03,7.393915326806963e-03
200,10,-1.000000000000000e-02,4.566693044604839e-03,-1.456669304460484e-02
200,11,8.999999999999999e-03,4.529899895088110e-03,4.470100104911889e-03
200,12,8.000000000000000e-03,4.490957926732554e-03,3.509042073267446e-03
200,13,-7.000000000000000e-03,4.450132784282064e-03,-1.145013278428206e-02
200,14,6.000000000000000e-03,4.411190323544537e-03,1.588809676455463e-03
200,15,5.000000000000000e-03,4.370884161419591e-03,6.291158385804095e-04
200,16,-4.000000000000000e-03,4.329479147402614e-03,-8.329479147402615e-03
200,17,3.500000000000000e-03,4.289239753441707e-03,-7.892397534417068e-04
200,18,3.000000000000000e-03,4.248296376905133e-03,-1.248296376905133e-03
200,19,-2.500000000000000e-03,4.206787245562973e-03,-6.706787245562973e-03
200,20,2.000000000000000e-03,4.166100282594689e-03,-2.166100282594689e-03
200,21,1.800000000000000e-03,4.125116754441246e-03,-2.325116754441246e-03
200,22,-1.500000000000000e-03,4.083898389810609e-03,-5.583898389810609e-03
200,23,1.200000000000000e-03,4.043281726185440e-03,-2.843281726185440e-03
200,24,1.000000000000000e-03,4.002598608376116e-03,-3.002598608376116e-03
200,25,-8.000000000000000e-04,3.961909589273647e-03,-4.761909589273647e-03
200,26,5.999999999999999e-04,3.921674876540568e-03,-3.321674876540568e-03
200,27,5.000000000000000e-04,3.881551689440255e-03,-3.381551689440255e-03
200,28,-4.000000000000000e-04,3.841574333852868e-03,-4.241574333852868e-03
200,29,3.000000000000000e-04,3.801976819754594e-03,-3.501976819754594e-03
300,0,1.200000000000000e-01,5.635433132977035e-03,1.143645668670230e-01
300,1,-8.000000000000000e-02,5.605433132977035e-03,-8.560543313297704e-02
300,2,5.500000000000000e-02,5.595440632977035e-03,4.940455936702297e-02
300,3,4.000000000000000e-02,5.571703129227035e-03,3.442829687077296e-02
300,4,-3.000000000000000e-02,5.537983428604846e-03,-3.553798342860484e-02
300,5,2.500000000000000e-02,5.511797447683281e-03,1.948820255231672e-02
300,6,2.000000000000000e-02,5.479394199237868e-03,1.452060580076213e-02
300,7,-1.800000000000000e-02,5.442039555665122e-03,-2.344203955566512e-02
300,8,1.500000000000000e-02,5.409250282718630e-03,9.590749717281369e-03
300,9,1.200000000000000e-02,5.372776588318028e-03,6.627223411681972e-03
300,10,-1.000000000000000e-02,5.333384959729830e-03,-1.533338495972983e-02
300,11,8.999999999999999e-03,5.296591810213101e-03,3.703408189786898e-03
300,12,8.000000000000000e-03,5.257649841857545e-03,2.742350158142455e-03
300,13,-7.000000000000000e-03,5.216824699407055e-03,-1.221682469940705e-02
300,14,6.000000000000000e-03,5.177882238669529e-03,8.221177613304716e-04
300,15,5.000000000000000e-03,5.137576076544582e-03,-1.375760765445818e-04
300,16,-4.000000000000000e-03,5.096171062527606e-03,-9.096171062527605e-03
300,17,3.500000000000000e-03,5.055931668566698e-03,-1.555931668566698e-03
300,18,3.000000000000000e-03,5.014988292030125e-03,-2.014988292030125e-03
300,19,-2.500000000000000e-03,4.973479160687964e-03,-7.473479160687965e-03
300,20,2.000000000000000e-03,4.932792197719680e-03,-2.932792197719680e-03
300,21,1.800000000000000e-03,4.891808669566238e-03,-3.091808669566238e-03
300,22,-1.500000000000000e-03,4.850590304935600e-03,-6.350590304935601e-03
300,23,1.200000000000000e-03,4.809973641310431e-03,-3.609973641310432e-03
300,24,1.000000000000000e-03,4.769290523501108e-03,-3.769290523501108e-03
300,25,-8.000000000000000e-04,4.728601504398638e-03,-5.528601504398638e-03
300,26,5.999999999999999e-04,4.688366791665559e-03,-4.088366791665559e-03
300,27,5.000000000000000e-04,4.648243604565246e-03,-4.148243604565246e-03
300,28,-4.000000000000000e-04,4.608266248977861e-03,-5.008266248977861e-03
300,29,3.000000000000000e-04,4.568668734879586e-03,-4.268668734879586e-03
400,0,1.200000000000000e-01,5.996570499774661e-03,1.140034295002253e-01
400,1,-8.000000000000000e-02,5.966570499774661e-03,-8.596657049977466e-02
400,2,5.500000000000000e-02,5.956577999774661e-03,4.904342200022534e-02
400,3,4.000000000000000e-02,5.932840496024661e-03,3.406715950397534e-02
400,4,-3.000000000000000e-02,5.899120795402472e-03,-3.589912079540247e-02
400,5,2.500000000000000e-02,5.872934814480907e-03,1.912706518551910e-02
400,6,2.000000000000000e-02,5.840531566035494e-03,1.415946843396451e-02
400,7,-1.800000000000000e-02,5.803176922462749e-03,-2.380317692246275e-02
400,8,1.500000000000000e-02,5.770387649516256e-03,9.229612350483744e-03
400,9,1.200000000000000e-02,5.733913955115654e-03,6.266086044884346e-03
400,10,-1.000000000000000e-02,5.694522326527457e-03,-1.569452232652746e-02
400,11,8.999999999999999e-03,5.657729177010727e-03,3.342270822989272e-03
400,12,8.000000000000000e-03,5.618787208655171e-03,2.381212791344829e-03
400,13,-7.000000000000000e-03,5.577962066204681e-03,-1.257796206620468e-02
400,14,6.000000000000000e-03,5.539019605467155e-03,4.609803945328454e-04
400,15,5.000000000000000e-03,5.498713443342208e-03,-4.987134433422080e-04
400,16,-4.000000000000000e-03,5.457308429325232e-03,-9.457308429325233e-03
400,17,3.500000000000000e-03,5.417069035364324e-03,-1.917069035364324e-03
400,18,3.000000000000000e-03,5.376125658827751e-03,-2.376125658827751e-03
400,19,-2.500000000000000e-03,5.334616527485590e-03,-7.834616527485591e-03
400,20,2.000000000000000e-03,5.293929564517306e-03,-3.293929564517306e-03
400,21,1.800000000000000e-03,5.252946036363864e-03,-3.452946036363864e-03
400,22,-1.500000000000000e-03,5.211727671733227e-03,-6.711727671733227e-03
400,23,1.200000000000000e-03,5.171111008108058e-03,-3.971111008108058e-03
400,24,1.000000000000000e-03,5.130427890298734e-03,-4.130427890298734e-03
400,25,-8.000000000000000e-04,5.089738871196264e-03,-5.889738871196265e-03
400,26,5.999999999999999e-04,5.049504158463185e-03,-4.449504158463185e-03
400,27,5.000000000000000e-04,5.009380971362872e-03,-4.509380971362872e-03
400,28,-4.000000000000000e-04,4.969403615775487e-03,-5.369403615775487e-03
400,29,3.000000000000000e-04,4.929806101677212e-03,-4.629806101677212e-03
500,0,1.200000000000000e-01,6.166678199001232e-03,1.138333218009988e-01
500,1,-8.000000000000000e-02,6.136678199001232e-03,-8.613667819900123e-02
500,2,5.500000000000000e-02,6.126685699001232e-03,4.887331430099877e-02
500,3,4.000000000000000e-02,6.102948195251232e-03,3.389705180474877e-02
500,4,-3.000000000000000e-02,6.069228494629043e-03,-3.606922849462904e-02
500,5,2.500000000000000e-02,6.043042513707478e-03,1.895695748629252e-02
500,6,2.000000000000000e-02,6.010639265262065e-03,1.398936073473794e-02
500,7,-1.800000000000000e-02,5.973284621689320e-03,-2.397328462168932e-02
500,8,1.500000000000000e-02,5.940495348742827e-03,9.059504651257173e-03
500,9,1.200000000000000e-02,5.904021654342225e-03,6.095978345657775e-03
500,10,-1.000000000000000e-02,5.864630025754027e-03,-1.586463002575403e-02
500,11,8.999999999999999e-03,5.827836876237298e-03,3.172163123762701e-03
500,12,8.000000000000000e-03,5.788894907881742e-03,2.211105092118258e-03
500,13,-7.000000000000000e-03,5.748069765431252e-03,-1.274806976543125e-02
500,14,6.000000000000000e-03,5.709127304693726e-03,2.908726953062745e-04
500,15,5.000000000000000e-03,5.668821142568779e-03,-6.688211425687788e-04
500,16,-4.000000000000000e-03,5.627416128551803e-03,-9.627416128551803e-03
500,17,3.500000000000000e-03,5.587176734590895e-03,-2.087176734590895e-03
500,18,3.000000000000000e-03,5.546233358054322e-03,-2.546233358054322e-03
500,19,-2.500000000000000e-03,5.504724226712161e-03,-8.004724226712161e-03
500,20,2.000000000000000e-03,5.464037263743877e-03,-3.464037263743877e-03
500,21,1.800000000000000e-03,5.423053735590435e-03,-3.623053735590435e-03
500,22,-1.500000000000000e-03,5.381835370959797e-03,-6.881835370959797e-03
500,23,1.200000000000000e-03,5.341218707334628e-03,-4.141218707334629e-03
500,24,1.000000000000000e-03,5.300535589525305e-03,-4.300535589525305e-03
500,25,-8.000000000000000e-04,5.259846570422835e-03,-6.059846570422836e-03
500,26,5.999999999999999e-04,5.219611857689756e-03,-4.619611857689756e-03
500,27,5.000000000000000e-04,5.179488670589443e-03,-4.679488670589442e-03
500,28,-4.000000000000000e-04,5.139511315002058e-03,-5.539511315002058e-03
500,29,3.000000000000000e-04,5.099913800903783e-03,-4.799913800903783e-03
600,0,1.200000000000000e-01,6.246804577483612e-03,1.137531954225164e-01
600,1,-8.000000000000000e-02,6.216804577483612e-03,-8.621680457748361e-02
600,2,5.500000000000000e-02,6.206812077483611e-03,4.879318792251639e-02
600,3,4.000000000000000e-02,6.183074573733612e-03,3.381692542626639e-02
600,4,-3.000000000000000e-02,6.149354873111423e-03,-3.614935487311143e-02
600,5,2.500000000000000e-02,6.123168892189858e-03,1.887683110781014e-02
600,6,2.000000000000000e-02,6.090765643744445e-03,1.390923435625556e-02
600,7,-1.800000000000000e-02,6.053411000171699e-03,-2.405341100017170e-02
600,8,1.500000000000000e-02,6.020621727225207e-03,8.979378272774792e-03
600,9,1.200000000000000e-02,5.984148032824605e-03,6.015851967175395e-03
600,10,-1.000000000000000e-02,5.944756404236407e-03,-1.594475640423641e-02
600,11,8.999999999999999e-03,5.907963254719678e-03,3.092036745280321e-03
600,12,8.000000000000000e-03,5.869021286364122e-03,2.130978713635878e-03
600,13,-7.000000000000000e-03,5.828196143913632e-03,-1.282819614391363e-02
600,14,6.000000000000000e-03,5.789253683176105e-03,2.107463168238947e-04
600,15,5.000000000000000e-03,5.748947521051159e-03,-7.489475210511586e-04
600,16,-4.000000000000000e-03,5.707542507034182e-03,-9.707542507034182e-03
600,17,3.500000000000000e-03,5.667303113073275e-03,-2.167303113073275e-03
600,18,3.000000000000000e-03,5.626359736536701e-03,-2.626359736536701e-03
600,19,-2.500000000000000e-03,5.584850605194541e-03,-8.084850605194541e-03
600,20,2.000000000000000e-03,5.544163642226257e-03,-3.544163642226257e-03
600,21,1.800000000000000e-03,5.503180114072814e-03,-3.703180114072814e-03
600,22,-1.500000000000000e-03,5.461961749442177e-03,-6.961961749442178e-03
600,23,1.200000000000000e-03,5.421345085817008e-03,-4.221345085817008e-03
600,24,1.000000000000000e-03,5.380661968007685e-03,-4.380661968007685e-03
600,25,-8.000000000000000e-04,5.339972948905215e-03,-6.139972948905215e-03
600,26,5.999999999999999e-04,5.299738236172136e-03,-4.699738236172136e-03
600,27,5.000000000000000e-04,5.259615049071823e-03,-4.759615049071823e-03
600,28,-4.000000000000000e-04,5.219637693484437e-03,-5.619637693484438e-03
600,29,3.000000000000000e-04,5.180040179386163e-03,-4.880040179386163e-03
700,0,1.200000000000000e-01,6.284546764097694e-03,1.137154532359023e-01
700,1,-8.000000000000000e-02,6.254546764097694e-03,-8.625454676409769e-02
700,2,5.500000000000000e-02,6.244554264097694e-03,4.875544573590231e-02
700,3,4.000000000000000e-02,6.220816760347694e-03,3.377918323965231e-02
700,4,-3.000000000000000e-02,6.187097059725505e-03,-3.618709705972550e-02
700,5,2.500000000000000e-02,6.160911078803940e-03,1.883908892119606e-02
700,6,2.000000000000000e-02,6.128507830358527e-03,1.387149216964147e-02
700,7,-1.800000000000000e-02,6.091153186785781e-03,-2.409115318678578e-02
700,8,1.500000000000000e-02,6.058363913839289e-03,8.941636086160710e-03
700,9,1.200000000000000e-02,6.021890219438687e-03,5.978109780561313e-03
700,10,-1.000000000000000e-02,5.982498590850489e-03,-1.598249859085049e-02
700,11,8.999999999999999e-03,5.945705441333760e-03,3.054294558666239e-03
700,12,8.000000000000000e-03,5.906763472978204e-03,2.093236527021796e-03
700,13,-7.000000000000000e-03,5.865938330527714e-03,-1.286593833052771e-02
700,14,6.000000000000000e-03,5.826995869790188e-03,1.730041302098126e-04
700,15,5.000000000000000e-03,5.786689707665241e-03,-7.866897076652408e-04
700,16,-4.000000000000000e-03,5.745284693648265e-03,-9.745284693648264e-03
700,17,3.500000000000000e-03,5.705045299687357e-03,-2.205045299687357e-03
700,18,3.000000000000000e-03,5.664101923150784e-03,-2.664101923150784e-03
700,19,-2.500000000000000e-03,5.622592791808623e-03,-8.122592791808624e-03
700,20,2.000000000000000e-03,5.581905828840339e-03,-3.581905828840339e-03
700,21,1.800000000000000e-03,5.540922300686897e-03,-3.740922300686897e-03
700,22,-1.500000000000000e-03,5.499703936056259e-03,-6.999703936056260e-03
700,23,1.200000000000000e-03,5.459087272431090e-03,-4.259087272431091e-03
700,24,1.000000000000000e-03,5.418404154621767e-03,-4.418404154621767e-03
700,25,-8.000000000000000e-04,5.377715135519297e-03,-6.177715135519297e-03
700,26,5.999999999999999e-04,5.337480422786218e-03,-4.737480422786218e-03
700,27,5.000000000000000e-04,5.297357235685905e-03,-4.797357235685905e-03
700,28,-4.000000000000000e-04,5.257379880098520e-03,-5.657379880098520e-03
700,29,3.000000000000000e-04,5.217782366000245e-03,-4.917782366000245e-03
800,0,1.200000000000000e-01,6.302324588047714e-03,1.136976754119523e-01
800,1,-8.000000000000000e-02,6.272324588047714e-03,-8.627232458804772e-02
800,2,5.500000000000000e-02,6.262332088047714e-03,4.873766791195229e-02
800,3,4.000000000000000e-02,6.238594584297714e-03,3.376140541570229e-02
800,4,-3.000000000000000e-02,6.204874883675525e-03,-3.620487488367553e-02
800,5,2.500000000000000e-02,6.178688902753960e-03,1.882131109724604e-02
800,6,2.000000000000000e-02,6.146285654308547e-03,1.385371434569145e-02
800,7,-1.800000000000000e-02,6.108931010735802e-03,-2.410893101073580e-02
800,8,1.500000000000000e-02,6.076141737789309e-03,8.923858262210690e-03
800,9,1.200000000000000e-02,6.039668043388707e-03,5.960331956611293e-03
800,10,-1.000000000000000e-02,6.000276414800510e-03,-1.600027641480051e-02
800,11,8.999999999999999e-03,5.963483265283781e-03,3.036516734716219e-03
800,12,8.000000000000000e-03,5.924541296928224e-03,2.075458703071776e-03
800,13,-7.000000000000000e-03,5.883716154477734e-03,-1.288371615447773e-02
800,14,6.000000000000000e-03,5.844773693740208e-03,1.552263062597923e-04
800,15,5.000000000000000e-03,5.804467531615261e-03,-8.044675316152610e-04
800,16,-4.000000000000000e-03,5.763062517598285e-03,-9.763062517598285e-03
800,17,3.500000000000000e-03,5.722823123637377e-03,-2.222823123637377e-03
800,18,3.000000000000000e-03,5.681879747100804e-03,-2.681879747100804e-03
800,19,-2.500000000000000e-03,5.640370615758643e-03,-8.140370615758643e-03
800,20,2.000000000000000e-03,5.599683652790359e-03,-3.599683652790359e-03
800,21,1.800000000000000e-03,5.558700124636917e-03,-3.758700124636917e-03
800,22,-1.500000000000000e-03,5.517481760006280e-03,-7.017481760006279e-03
800,23,1.200000000000000e-03,5.476865096381111e-03,-4.276865096381111e-03
800,24,1.000000000000000e-03,5.436181978571787e-03,-4.436181978571787e-03
800,25,-8.000000000000000e-04,5.395492959469317e-03,-6.195492959469318e-03
800,26,5.999999999999999e-04,5.355258246736238e-03,-4.755258246736238e-03
800,27,5.000000000000000e-04,5.315135059635925e-03,-4.815135059635925e-03
800,28,-4.000000000000000e-04,5.275157704048540e-03,-5.675157704048540e-03
800,29,3.000000000000000e-04,5.235560189950265e-03,-4.935560189950265e-03
900,0,1.200000000000000e-01,6.310698533829643e-03,1.136893014661704e-01
900,1,-8.000000000000000e-02,6.280698533829642e-03,-8.628069853382965e-02
900,2,5.500000000000000e-02,6.270706033829642e-03,4.872929396617036e-02
900,3,4.000000000000000e-02,6.246968530079643e-03,3.375303146992036e-02
900,4,-3.000000000000000e-02,6.213248829457453e-03,-3.621324882945745e-02
900,5,2.500000000000000e-02,6.187062848535888e-03,1.881293715146411e-02
900,6,2.000000000000000e-02,6.154659600090475e-03,1.384534039990953e-02
900,7,-1.800000000000000e-02,6.117304956517730e-03,-2.411730495651773e-02
900,8,1.500000000000000e-02,6.084515683571237e-03,8.915484316428763e-03
900,9,1.200000000000000e-02,6.048041989170636e-03,5.951958010829365e-03
900,10,-1.000000000000000e-02,6.008650360582438e-03,-1.600865036058244e-02
900,11,8.999999999999999e-03,5.971857211065709e-03,3.028142788934290e-03
900,12,8.000000000000000e-03,5.932915242710153e-03,2.067084757289847e-03
900,13,-7.000000000000000e-03,5.892090100259663e-03,-1.289209010025966e-02
900,14,6.000000000000000e-03,5.853147639522136e-03,1.468523604778640e-04
900,15,5.000000000000000e-03,5.812841477397190e-03,-8.128414773971894e-04
900,16,-4.000000000000000e-03,5.771436463380213e-03,-9.771436463380214e-03
900,17,3.500000000000000e-03,5.731197069419306e-03,-2.231197069419306e-03
900,18,3.000000000000000e-03,5.690253692882732e-03,-2.690253692882732e-03
900,19,-2.500000000000000e-03,5.648744561540572e-03,-8.148744561540572e-03
900,20,2.000000000000000e-03,5.608057598572288e-03,-3.608057598572288e-03
900,21,1.800000000000000e-03,5.567074070418845e-03,-3.767074070418845e-03
900,22,-1.500000000000000e-03,5.525855705788208e-03,-7.025855705788208e-03
900,23,1.200000000000000e-03,5.485239042163039e-03,-4.285239042163039e-03
900,24,1.000000000000000e-03,5.444555924353715e-03,-4.444555924353715e-03
900,25,-8.000000000000000e-04,5.403866905251246e-03,-6.203866905251246e-03
900,26,5.999999999999999e-04,5.363632192518166e-03,-4.763632192518167e-03
900,27,5.000000000000000e-04,5.323509005417853e-03,-4.823509005417854e-03
900,28,-4.000000000000000e-04,5.283531649830468e-03,-5.683531649830468e-03
900,29,3.000000000000000e-04,5.243934135732193e-03,-4.943934135732193e-03
1000,0,1.200000000000000e-01,6.314642940532954e-03,1.136853570594670e-01
1000,1,-8.000000000000000e-02,6.284642940532954e-03,-8.628464294053295e-02
1000,2,5.500000000000000e-02,6.274650440532954e-03,4.872534955946704e-02
1000,3,4.000000000000000e-02,6.250912936782954e-03,3.374908706321705e-02
1000,4,-3.000000000000000e-02,6.217193236160765e-03,-3.621719323616077e-02
1000,5,2.500000000000000e-02,6.191007255239200e-03,1.880899274476080e-02
1000,6,2.000000000000000e-02,6.158604006793787e-03,1.384139599320621e-02
1000,7,-1.800000000000000e-02,6.121249363221041e-03,-2.412124936322104e-02
1000,8,1.500000000000000e-02,6.088460090274549e-03,8.911539909725451e-03
1000,9,1.200000000000000e-02,6.051986395873947e-03,5.948013604126053e-03
1000,10,-1.000000000000000e-02,6.012594767285749e-03,-1.601259476728575e-02
1000,11,8.999999999999999e-03,5.975801617769020e-03,3.024198382230979e-03
1000,12,8.000000000000000e-03,5.936859649413464e-03,2.063140350586536e-03
1000,13,-7.000000000000000e-03,5.896034506962974e-03,-1.289603450696297e-02
1000,14,6.000000000000000e-03,5.857092046225447e-03,1.429079537745527e-04
1000,15,5.000000000000000e-03,5.816785884100501e-03,-8.167858841005007e-04
1000,16,-4.000000000000000e-03,5.775380870083524e-03,-9.775380870083525e-03
1000,17,3.500000000000000e-03,5.735141476122617e-03,-2.235141476122617e-03
1000,18,3.000000000000000e-03,5.694198099586044e-03,-2.694198099586043e-03
1000,19,-2.500000000000000e-03,5.652688968243883e-03,-8.152688968243883e-03
1000,20,2.000000000000000e-03,5.612002005275599e-03,-3.612002005275599e-03
1000,21,1.800000000000000e-03,5.571018477122157e-03,-3.771018477122157e-03
1000,22,-1.500000000000000e-03,5.529800112491519e-03,-7.029800112491519e-03
1000,23,1.200000000000000e-03,5.489183448866350e-03,-4.289183448866351e-03
1000,24,1.000000000000000e-03,5.448500331057027e-03,-4.448500331057027e-03
1000,25,-8.000000000000000e-04,5.407811311954557e-03,-6.207811311954557e-03
1000,26,5.999999999999999e-04,5.367576599221478e-03,-4.767576599221478e-03
1000,27,5.000000000000000e-04,5.327453412121165e-03,-4.827453412121164e-03
1000,28,-4.000000000000000e-04,5.287476056533780e-03,-5.687476056533780e-03
1000,29,3.000000000000000e-04,5.247878542435505e-03,-4.947878542435505e-03
1100,0,1.200000000000000e-01,6.316500887150510e-03,1.136834991128495e-01
1100,1,-8.000000000000000e-02,6.286500887150510e-03,-8.628650088715051e-02
1100,2,5.500000000000000e-02,6.276508387150510e-03,4.872349161284949e-02
1100,3,4.000000000000000e-02,6.252770883400510e-03,3.374722911659949e-02
1100,4,-3.000000000000000e-02,6.219051182778321e-03,-3.621905118277832e-02
1100,5,2.500000000000000e-02,6.192865201856756e-03,1.880713479814325e-02
1100,6,2.000000000000000e-02,6.160461953411343e-03,1.383953804658866e-02
1100,7,-1.800000000000000e-02,6.123107309838598e-03,-2.412310730983860e-02
1100,8,1.500000000000000e-02,6.090318036892105e-03,8.909681963107895e-03
1100,9,1.200000000000000e-02,6.053844342491503e-03,5.946155657508497e-03
1100,10,-1.000000000000000e-02,6.014452713903305e-03,-1.601445271390331e-02
1100,11,8.999999999999999e-03,5.977659564386576e-03,3.022340435613423e-03
1100,12,8.000000000000000e-03,5.938717596031020e-03,2.061282403968980e-03
1100,13,-7.000000000000000e-03,5.897892453580530e-03,-1.289789245358053e-02
1100,14,6.000000000000000e-03,5.858949992843004e-03,1.410500071569966e-04
1100,15,5.000000000000000e-03,5.818643830718057e-03,-8.186438307180568e-04
1100,16,-4.000000000000000e-03,5.777238816701081e-03,-9.777238816701081e-03
1100,17,3.500000000000000e-03,5.736999422740173e-03,-2.236999422740173e-03
1100,18,3.000000000000000e-03,5.696056046203600e-03,-2.696056046203600e-03
1100,19,-2.500000000000000e-03,5.654546914861439e-03,-8.154546914861439e-03
1100,20,2.000000000000000e-03,5.613859951893155e-03,-3.613859951893155e-03
1100,21,1.800000000000000e-03,5.572876423739713e-03,-3.772876423739713e-03
1100,22,-1.500000000000000e-03,5.531658059109075e-03,-7.031658059109075e-03
1100,23,1.200000000000000e-03,5.491041395483906e-03,-4.291041395483907e-03
1100,24,1.000000000000000e-03,5.450358277674583e-03,-4.450358277674583e-03
1100,25,-8.000000000000000e-04,5.409669258572113e-03,-6.209669258572113e-03
1100,26,5.999999999999999e-04,5.369434545839034e-03,-4.769434545839034e-03
1100,27,5.000000000000000e-04,5.329311358738721e-03,-4.829311358738720e-03
1100,28,-4.000000000000000e-04,5.289334003151336e-03,-5.689334003151336e-03
1100,29,3.000000000000000e-04,5.249736489053061e-03,-4.949736489053061e-03
1200,0,1.200000000000000e-01,6.317376041741131e-03,1.136826239582589e-01
1200,1,-8.000000000000000e-02,6.287376041741130e-03,-8.628737604174114e-02
1200,2,5.500000000000000e-02,6.277383541741130e-03,4.872261645825887e-02
1200,3,4.000000000000000e-02,6.253646037991131e-03,3.374635396200887e-02
1200,4,-3.000000000000000e-02,6.219926337368942e-03,-3.621992633736894e-02
1200,5,2.500000000000000e-02,6.193740356447376e-03,1.880625964355263e-02
1200,6,2.000000000000000e-02,6.161337108001964e-03,1.383866289199804e-02
1200,7,-1.800000000000000e-02,6.123982464429218e-03,-2.412398246442922e-02
1200,8,1.500000000000000e-02,6.091193191482725e-03,8.908806808517274e-03
1200,9,1.200000000000000e-02,6.054719497082124e-03,5.945280502917876e-03
1200,10,-1.000000000000000e-02,6.015327868493926e-03,-1.601532786849393e-02
1200,11,8.999999999999999e-03,5.978534718977197e-03,3.021465281022802e-03
1200,12,8.000000000000000e-03,5.939592750621641e-03,2.060407249378359e-03
1200,13,-7.000000000000000e-03,5.898767608171151e-03,-1.289876760817115e-02
1200,14,6.000000000000000e-03,5.859825147433624e-03,1.401748525663759e-04
1200,15,5.000000000000000e-03,5.819518985308678e-03,-8.195189853086775e-04
1200,16,-4.000000000000000e-03,5.778113971291701e-03,-9.778113971291701e-03
1200,17,3.500000000000000e-03,5.737874577330794e-03,-2.237874577330794e-03
1200,18,3.000000000000000e-03,5.696931200794220e-03,-2.696931200794220e-03
1200,19,-2.500000000000000e-03,5.655422069452060e-03,-8.155422069452059e-03
1200,20,2.000000000000000e-03,5.614735106483776e-03,-3.614735106483776e-03
1200,21,1.800000000000000e-03,5.573751578330333e-03,-3.773751578330333e-03
1200,22,-1.500000000000000e-03,5.532533213699696e-03,-7.032533213699696e-03
1200,23,1.200000000000000e-03,5.491916550074527e-03,-4.291916550074527e-03
1200,24,1.000000000000000e-03,5.451233432265203e-03,-4.451233432265203e-03
1200,25,-8.000000000000000e-04,5.410544413162734e-03,-6.210544413162734e-03
1200,26,5.999999999999999e-04,5.370309700429655e-03,-4.770309700429655e-03
1200,27,5.000000000000000e-04,5.330186513329341e-03,-4.830186513329341e-03
1200,28,-4.000000000000000e-04,5.290209157741956e-03,-5.690209157741957e-03
1200,29,3.000000000000000e-04,5.250611643643681e-03,-4.950611643643681e-03
1300,0,1.200000000000000e-01,6.317788268631965e-03,1.136822117313680e-01
1300,1,-8.000000000000000e-02,6.287788268631965e-03,-8.628778826863197e-02
1300,2,5.500000000000000e-02,6.277795768631965e-03,4.872220423136803e-02
1300,3,4.000000000000000e-02,6.254058264881965e-03,3.374594173511804e-02
1300,4,-3.000000000000000e-02,6.220338564259776e-03,-3.622033856425978e-02
1300,5,2.500000000000000e-02,6.194152583338211e-03,1.880584741666179e-02
1300,6,2.000000000000000e-02,6.161749334892798e-03,1.383825066510720e-02
1300,7,-1.800000000000000e-02,6.124394691320052e-03,-2.412439469132005e-02
1300,8,1.500000000000000e-02,6.091605418373560e-03,8.908394581626440e-03
1300,9,1.200000000000000e-02,6.055131723972958e-03,5.944868276027042e-03
1300,10,-1.000000000000000e-02,6.015740095384760e-03,-1.601574009538476e-02
1300,11,8.999999999999999e-03,5.978946945868031e-03,3.021053054131968e-03
1300,12,8.000000000000000e-03,5.940004977512475e-03,2.059995022487525e-03
1300,13,-7.000000000000000e-03,5.899179835061985e-03,-1.289917983506199e-02
1300,14,6.000000000000000e-03,5.860237374324458e-03,1.397626256755416e-04
1300,15,5.000000000000000e-03,5.819931212199512e-03,-8.199312121995117e-04
1300,16,-4.000000000000000e-03,5.778526198182535e-03,-9.778526198182536e-03
1300,17,3.500000000000000e-03,5.738286804221628e-03,-2.238286804221628e-03
1300,18,3.000000000000000e-03,5.697343427685055e-03,-2.697343427685055e-03
1300,19,-2.500000000000000e-03,5.655834296342894e-03,-8.155834296342894e-03
1300,20,2.000000000000000e-03,5.615147333374610e-03,-3.615147333374610e-03
1300,21,1.800000000000000e-03,5.574163805221168e-03,-3.774163805221168e-03
1300,22,-1.500000000000000e-03,5.532945440590530e-03,-7.032945440590530e-03
1300,23,1.200000000000000e-03,5.492328776965361e-03,-4.292328776965362e-03
1300,24,1.000000000000000e-03,5.451645659156038e-03,-4.451645659156038e-03
1300,25,-8.000000000000000e-04,5.410956640053568e-03,-6.210956640053568e-03
1300,26,5.999999999999999e-04,5.370721927320489e-03,-4.770721927320489e-03
1300,27,5.000000000000000e-04,5.330598740220176e-03,-4.830598740220175e-03
1300,28,-4.000000000000000e-04,5.290621384632791e-03,-5.690621384632791e-03
1300,29,3.000000000000000e-04,5.251023870534516e-03,-4.951023870534516e-03
1400,0,1.200000000000000e-01,6.317982441194556e-03,1.136820175588054e-01
1400,1,-8.000000000000000e-02,6.287982441194556e-03,-8.628798244119455e-02
1400,2,5.500000000000000e-02,6.277989941194556e-03,4.872201005880544e-02
1400,3,4.000000000000000e-02,6.254252437444556e-03,3.374574756255545e-02
1400,4,-3.000000000000000e-02,6.220532736822367e-03,-3.622053273682237e-02
1400,5,2.500000000000000e-02,6.194346755900802e-03,1.880565324409920e-02
1400,6,2.000000000000000e-02,6.161943507455389e-03,1.383805649254461e-02
1400,7,-1.800000000000000e-02,6.124588863882644e-03,-2.412458886388264e-02
1400,8,1.500000000000000e-02,6.091799590936151e-03,8.908200409063849e-03
1400,9,1.200000000000000e-02,6.055325896535549e-03,5.944674103464451e-03
1400,10,-1.000000000000000e-02,6.015934267947351e-03,-1.601593426794735e-02
1400,11,8.999999999999999e-03,5.979141118430622e-03,3.020858881569377e-03
1400,12,8.000000000000000e-03,5.940199150075066e-03,2.059800849924934e-03
1400,13,-7.000000000000000e-03,5.899374007624576e-03,-1.289937400762458e-02
1400,14,6.000000000000000e-03,5.860431546887050e-03,1.395684531129504e-04
1400,15,5.000000000000000e-03,5.820125384762103e-03,-8.201253847621029e-04
1400,16,-4.000000000000000e-03,5.778720370745127e-03,-9.778720370745127e-03
1400,17,3.500000000000000e-03,5.738480976784219e-03,-2.238480976784219e-03
1400,18,3.000000000000000e-03,5.697537600247646e-03,-2.697537600247646e-03
1400,19,-2.500000000000000e-03,5.656028468905485e-03,-8.156028468905485e-03
1400,20,2.000000000000000e-03,5.615341505937201e-03,-3.615341505937201e-03
1400,21,1.800000000000000e-03,5.574357977783759e-03,-3.774357977783759e-03
1400,22,-1.500000000000000e-03,5.533139613153121e-03,-7.033139613153121e-03
1400,23,1.200000000000000e-03,5.492522949527952e-03,-4.292522949527953e-03
1400,24,1.000000000000000e-03,5.451839831718629e-03,-4.451839831718629e-03
1400,25,-8.000000000000000e-04,5.411150812616159e-03,-6.211150812616160e-03
1400,26,5.999999999999999e-04,5.370916099883080e-03,-4.770916099883080e-03
1400,27,5.000000000000000e-04,5.330792912782767e-03,-4.830792912782766e-03
1400,28,-4.000000000000000e-04,5.290815557195382e-03,-5.690815557195382e-03
1400,29,3.000000000000000e-04,5.251218043097107e-03,-4.951218043097107e-03
1500,0,1.200000000000000e-01,6.318073902923283e-03,1.136819260970767e-01
1500,1,-8.000000000000000e-02,6.288073902923283e-03,-8.628807390292328e-02
1500,2,5.500000000000000e-02,6.278081402923283e-03,4.872191859707672e-02
1500,3,4.000000000000000e-02,6.254343899173283e-03,3.374565610082672e-02
1500,4,-3.000000000000000e-02,6.220624198551094e-03,-3.622062419855109e-02
1500,5,2.500000000000000e-02,6.194438217629529e-03,1.880556178237047e-02
1500,6,2.000000000000000e-02,6.162034969184116e-03,1.383796503081589e-02
1500,7,-1.800000000000000e-02,6.124680325611371e-03,-2.412468032561137e-02
1500,8,1.500000000000000e-02,6.091891052664878e-03,8.908108947335121e-03
1500,9,1.200000000000000e-02,6.055417358264276e-03,5.944582641735724e-03
1500,10,-1.000000000000000e-02,6.016025729676079e-03,-1.601602572967608e-02
1500,11,8.999999999999999e-03,5.979232580159350e-03,3.020767419840650e-03
1500,12,8.000000000000000e-03,5.940290611803793e-03,2.059709388196207e-03
1500,13,-7.000000000000000e-03,5.899465469353303e-03,-1.289946546935330e-02
1500,14,6.000000000000000e-03,5.860523008615777e-03,1.394769913842233e-04
1500,15,5.000000000000000e-03,5.820216846490830e-03,-8.202168464908300e-04
1500,16,-4.000000000000000e-03,5.778811832473854e-03,-9.778811832473854e-03
1500,17,3.500000000000000e-03,5.738572438512946e-03,-2.238572438512946e-03
1500,18,3.000000000000000e-03,5.697629061976373e-03,-2.697629061976373e-03
1500,19,-2.500000000000000e-03,5.656119930634212e-03,-8.156119930634212e-03
1500,20,2.000000000000000e-03,5.615432967665928e-03,-3.615432967665928e-03
1500,21,1.800000000000000e-03,5.574449439512486e-03,-3.774449439512486e-03
1500,22,-1.500000000000000e-03,5.533231074881849e-03,-7.033231074881848e-03
1500,23,1.200000000000000e-03,5.492614411256680e-03,-4.292614411256680e-03
1500,24,1.000000000000000e-03,5.451931293447356e-03,-4.451931293447356e-03
1500,25,-8.000000000000000e-04,5.411242274344886e-03,-6.211242274344887e-03
1500,26,5.999999999999999e-04,5.371007561611807e-03,-4.771007561611807e-03
1500,27,5.000000000000000e-04,5.330884374511494e-03,-4.830884374511494e-03
1500,28,-4.000000000000000e-04,5.290907018924109e-03,-5.690907018924109e-03
1500,29,3.000000000000000e-04,5.251309504825834e-03,-4.951309504825834e-03
1600,0,1.200000000000000e-01,6.318116984436501e-03,1.136818830155635e-01
1600,1,-8.000000000000000e-02,6.288116984436501e-03,-8.628811698443650e-02
1600,2,5.500000000000000e-02,6.278124484436501e-03,4.872187551556350e-02
1600,3,4.000000000000000e-02,6.254386980686501e-03,3.374561301931350e-02
1600,4,-3.000000000000000e-02,6.220667280064312e-03,-3.622066728006431e-02
1600,5,2.500000000000000e-02,6.194481299142747e-03,1.880551870085725e-02
1600,6,2.000000000000000e-02,6.162078050697334e-03,1.383792194930267e-02
1600,7,-1.800000000000000e-02,6.124723407124589e-03,-2.412472340712459e-02
1600,8,1.500000000000000e-02,6.091934134178096e-03,8.908065865821903e-03
1600,9,1.200000000000000e-02,6.055460439777494e-03,5.944539560222506e-03
1600,10,-1.000000000000000e-02,6.016068811189297e-03,-1.601606881118930e-02
1600,11,8.999999999999999e-03,5.979275661672567e-03,3.020724338327432e-03
1600,12,8.000000000000000e-03,5.940333693317011e-03,2.059666306682989e-03
1600,13,-7.000000000000000e-03,5.899508550866521e-03,-1.289950855086652e-02
1600,14,6.000000000000000e-03,5.860566090128995e-03,1.394339098710054e-04
1600,15,5.000000000000000e-03,5.820259928004048e-03,-8.202599280040480e-04
1600,16,-4.000000000000000e-03,5.778854913987072e-03,-9.778854913987072e-03
1600,17,3.500000000000000e-03,5.738615520026164e-03,-2.238615520026164e-03
1600,18,3.000000000000000e-03,5.697672143489591e-03,-2.697672143489591e-03
1600,19,-2.500000000000000e-03,5.656163012147430e-03,-8.156163012147430e-03
1600,20,2.000000000000000e-03,5.615476049179146e-03,-3.615476049179146e-03
1600,21,1.800000000000000e-03,5.574492521025704e-03,-3.774492521025704e-03
1600,22,-1.500000000000000e-03,5.533274156395067e-03,-7.033274156395066e-03
1600,23,1.200000000000000e-03,5.492657492769898e-03,-4.292657492769898e-03
1600,24,1.000000000000000e-03,5.451974374960574e-03,-4.451974374960574e-03
1600,25,-8.000000000000000e-04,5.411285355858104e-03,-6.211285355858105e-03
1600,26,5.999999999999999e-04,5.371050643125025e-03,-4.771050643125025e-03
1600,27,5.000000000000000e-04,5.330927456024712e-03,-4.830927456024712e-03
1600,28,-4.000000000000000e-04,5.290950100437327e-03,-5.690950100437327e-03
1600,29,3.000000000000000e-04,5.251352586339052e-03,-4.951352586339052e-03
1700,0,1.200000000000000e-01,6.318137277260691e-03,1.136818627227393e-01
1700,1,-8.000000000000000e-02,6.288137277260690e-03,-8.628813727726069e-02
1700,2,5.500000000000000e-02,6.278144777260690e-03,4.872185522273931e-02
1700,3,4.000000000000000e-02,6.254407273510691e-03,3.374559272648931e-02
1700,4,-3.000000000000000e-02,6.220687572888501e-03,-3.622068757288850e-02
1700,5,2.500000000000000e-02,6.194501591966936e-03,1.880549840803307e-02
1700,6,2.000000000000000e-02,6.162098343521523e-03,1.383790165647848e-02
1700,7,-1.800000000000000e-02,6.124743699948778e-03,-2.412474369994878e-02
1700,8,1.500000000000000e-02,6.091954427002285e-03,8.908045572997715e-03
1700,9,1.200000000000000e-02,6.055480732601684e-03,5.944519267398317e-03
1700,10,-1.000000000000000e-02,6.016089104013486e-03,-1.601608910401349e-02
1700,11,8.999999999999999e-03,5.979295954496757e-03,3.020704045503243e-03
1700,12,8.000000000000000e-03,5.940353986141201e-03,2.059646013858800e-03
1700,13,-7.000000000000000e-03,5.899528843690710e-03,-1.289952884369071e-02
1700,14,6.000000000000000e-03,5.860586382953184e-03,1.394136170468161e-04
1700,15,5.000000000000000e-03,5.820280220828237e-03,-8.202802208282373e-04
1700,16,-4.000000000000000e-03,5.778875206811261e-03,-9.778875206811262e-03
1700,17,3.500000000000000e-03,5.738635812850354e-03,-2.238635812850354e-03
1700,18,3.000000000000000e-03,5.697692436313780e-03,-2.697692436313780e-03
1700,19,-2.500000000000000e-03,5.656183304971620e-03,-8.156183304971620e-03
1700,20,2.000000000000000e-03,5.615496342003336e-03,-3.615496342003336e-03
1700,21,1.800000000000000e-03,5.574512813849893e-03,-3.774512813849893e-03
1700,22,-1.500000000000000e-03,5.533294449219256e-03,-7.033294449219256e-03
1700,23,1.200000000000000e-03,5.492677785594087e-03,-4.292677785594087e-03
1700,24,1.000000000000000e-03,5.451994667784763e-03,-4.451994667784763e-03
1700,25,-8.000000000000000e-04,5.411305648682294e-03,-6.211305648682294e-03
1700,26,5.999999999999999e-04,5.371070935949214e-03,-4.771070935949214e-03
1700,27,5.000000000000000e-04,5.330947748848901e-03,-4.830947748848902e-03
1700,28,-4.000000000000000e-04,5.290970393261516e-03,-5.690970393261516e-03
1700,29,3.000000000000000e-04,5.251372879163241e-03,-4.951372879163241e-03
1800,0,1.200000000000000e-01,6.318146835855151e-03,1.136818531641448e-01
1800,1,-8.000000000000000e-02,6.288146835855150e-03,-8.628814683585515e-02
1800,2,5.500000000000000e-02,6.278154335855150e-03,4.872184566414485e-02
1800,3,4.000000000000000e-02,6.254416832105151e-03,3.374558316789485e-02
1800,4,-3.000000000000000e-02,6.220697131482962e-03,-3.622069713148296e-02
1800,5,2.500000000000000e-02,6.194511150561396e-03,1.880548884943860e-02
1800,6,2.000000000000000e-02,6.162107902115983e-03,1.383789209788402e-02
1800,7,-1.800000000000000e-02,6.124753258543238e-03,-2.412475325854324e-02
1800,8,1.500000000000000e-02,6.091963985596745e-03,8.908036014403254e-03
1800,9,1.200000000000000e-02,6.055490291196144e-03,5.944509708803856e-03
1800,10,-1.000000000000000e-02,6.016098662607946e-03,-1.601609866260795e-02
1800,11,8.999999999999999e-03,5.979305513091217e-03,3.020694486908782e-03
1800,12,8.000000000000000e-03,5.940363544735661e-03,2.059636455264339e-03
1800,13,-7.000000000000000e-03,5.899538402285171e-03,-1.289953840228517e-02
1800,14,6.000000000000000e-03,5.860595941547644e-03,1.394040584523559e-04
1800,15,5.000000000000000e-03,5.820289779422698e-03,-8.202897794226975e-04
1800,16,-4.000000000000000e-03,5.778884765405721e-03,-9.778884765405721e-03
1800,17,3.500000000000000e-03,5.738645371444814e-03,-2.238645371444814e-03
1800,18,3.000000000000000e-03,5.697701994908240e-03,-2.697701994908240e-03
1800,19,-2.500000000000000e-03,5.656192863566080e-03,-8.156192863566079e-03
1800,20,2.000000000000000e-03,5.615505900597796e-03,-3.615505900597796e-03
1800,21,1.800000000000000e-03,5.574522372444353e-03,-3.774522372444353e-03
1800,22,-1.500000000000000e-03,5.533304007813716e-03,-7.033304007813716e-03
1800,23,1.200000000000000e-03,5.492687344188547e-03,-4.292687344188547e-03
1800,24,1.000000000000000e-03,5.452004226379223e-03,-4.452004226379223e-03
1800,25,-8.000000000000000e-04,5.411315207276754e-03,-6.211315207276754e-03
1800,26,5.999999999999999e-04,5.371080494543675e-03,-4.771080494543675e-03
1800,27,5.000000000000000e-04,5.330957307443361e-03,-4.830957307443361e-03
1800,28,-4.000000000000000e-04,5.290979951855976e-03,-5.690979951855977e-03
1800,29,3.000000000000000e-04,5.251382437757701e-03,-4.951382437757701e-03
1900,0,1.200000000000000e-01,6.318151338270742e-03,1.136818486617293e-01
1900,1,-8.000000000000000e-02,6.288151338270742e-03,-8.628815133827074e-02
1900,2,5.500000000000000e-02,6.278158838270742e-03,4.872184116172926e-02
1900,3,4.000000000000000e-02,6.254421334520742e-03,3.374557866547926e-02
1900,4,-3.000000000000000e-02,6.220701633898553e-03,-3.622070163389855e-02
1900,5,2.500000000000000e-02,6.194515652976988e-03,1.880548434702301e-02
1900,6,2.000000000000000e-02,6.162112404531575e-03,1.383788759546842e-02
1900,7,-1.800000000000000e-02,6.124757760958830e-03,-2.412475776095883e-02
1900,8,1.500000000000000e-02,6.091968488012337e-03,8.908031511987663e-03
1900,9,1.200000000000000e-02,6.055494793611735e-03,5.944505206388265e-03
1900,10,-1.000000000000000e-02,6.016103165023537e-03,-1.601610316502354e-02
1900,11,8.999999999999999e-03,5.979310015506808e-03,3.020689984493191e-03
1900,12,8.000000000000000e-03,5.940368047151252e-03,2.059631952848748e-03
1900,13,-7.000000000000000e-03,5.899542904700762e-03,-1.289954290470076e-02
1900,14,6.000000000000000e-03,5.860600443963236e-03,1.393995560367645e-04
1900,15,5.000000000000000e-03,5.820294281838289e-03,-8.202942818382889e-04
1900,16,-4.000000000000000e-03,5.778889267821313e-03,-9.778889267821313e-03
1900,17,3.500000000000000e-03,5.738649873860405e-03,-2.238649873860405e-03
1900,18,3.000000000000000e-03,5.697706497323832e-03,-2.697706497323832e-03
1900,19,-2.500000000000000e-03,5.656197365981671e-03,-8.156197365981671e-03
1900,20,2.000000000000000e-03,5.615510403013387e-03,-3.615510403013387e-03
1900,21,1.800000000000000e-03,5.574526874859945e-03,-3.774526874859945e-03
1900,22,-1.500000000000000e-03,5.533308510229307e-03,-7.033308510229307e-03
1900,23,1.200000000000000e-03,5.492691846604138e-03,-4.292691846604139e-03
1900,24,1.000000000000000e-03,5.452008728794815e-03,-4.452008728794815e-03
1900,25,-8.000000000000000e-04,5.411319709692345e-03,-6.211319709692346e-03
1900,26,5.999999999999999e-04,5.371084996959266e-03,-4.771084996959266e-03
1900,27,5.000000000000000e-04,5.330961809858953e-03,-4.830961809858952e-03
1900,28,-4.000000000000000e-04,5.290984454271568e-03,-5.690984454271568e-03
1900,29,3.000000000000000e-04,5.251386940173293e-03,-4.951386940173293e-03
2000,0,1.200000000000000e-01,6.318153459058085e-03,1.136818465409419e-01
2000,1,-8.000000000000000e-02,6.288153459058084e-03,-8.628815345905809e-02
2000,2,5.500000000000000e-02,6.278160959058084e-03,4.872183904094192e-02
2000,3,4.000000000000000e-02,6.254423455308085e-03,3.374557654469192e-02
2000,4,-3.000000000000000e-02,6.220703754685896e-03,-3.622070375468590e-02
2000,5,2.500000000000000e-02,6.194517773764330e-03,1.880548222623567e-02
2000,6,2.000000000000000e-02,6.162114525318917e-03,1.383788547468108e-02
2000,7,-1.800000000000000e-02,6.124759881746172e-03,-2.412475988174617e-02
2000,8,1.500000000000000e-02,6.091970608799679e-03,8.908029391200320e-03
2000,9,1.200000000000000e-02,6.055496914399078e-03,5.944503085600922e-03
2000,10,-1.000000000000000e-02,6.016105285810880e-03,-1.601610528581088e-02
2000,11,8.999999999999999e-03,5.979312136294151e-03,3.020687863705848e-03
2000,12,8.000000000000000e-03,5.940370167938595e-03,2.059629832061405e-03
2000,13,-7.000000000000000e-03,5.899545025488105e-03,-1.289954502548810e-02
2000,14,6.000000000000000e-03,5.860602564750578e-03,1.393974352494219e-04
2000,15,5.000000000000000e-03,5.820296402625632e-03,-8.202964026256315e-04
2000,16,-4.000000000000000e-03,5.778891388608655e-03,-9.778891388608655e-03
2000,17,3.500000000000000e-03,5.738651994647748e-03,-2.238651994647748e-03
2000,18,3.000000000000000e-03,5.697708618111174e-03,-2.697708618111174e-03
2000,19,-2.500000000000000e-03,5.656199486769014e-03,-8.156199486769013e-03
2000,20,2.000000000000000e-03,5.615512523800730e-03,-3.615512523800730e-03
2000,21,1.800000000000000e-03,5.574528995647287e-03,-3.774528995647287e-03
2000,22,-1.500000000000000e-03,5.533310631016650e-03,-7.033310631016650e-03
2000,23,1.200000000000000e-03,5.492693967391481e-03,-4.292693967391481e-03
2000,24,1.000000000000000e-03,5.452010849582157e-03,-4.452010849582157e-03
2000,25,-8.000000000000000e-04,5.411321830479688e-03,-6.211321830479688e-03
2000,26,5.999999999999999e-04,5.371087117746609e-03,-4.771087117746609e-03
2000,27,5.000000000000000e-04,5.330963930646295e-03,-4.830963930646295e-03
2000,28,-4.000000000000000e-04,5.290986575058910e-03,-5.690986575058911e-03
2000,29,3.000000000000000e-04,5.251389060960635e-03,-4.951389060960635e-03
2100,0,1.200000000000000e-01,6.318154458019391e-03,1.136818455419806e-01
2100,1,-8.000000000000000e-02,6.288154458019390e-03,-8.628815445801939e-02
2100,2,5.500000000000000e-02,6.278161958019390e-03,4.872183804198061e-02
2100,3,4.000000000000000e-02,6.254424454269391e-03,3.374557554573061e-02
2100,4,-3.000000000000000e-02,6.220704753647202e-03,-3.622070475364720e-02
2100,5,2.500000000000000e-02,6.194518772725637e-03,1.880548122727436e-02
2100,6,2.000000000000000e-02,6.162115524280224e-03,1.383788447571978e-02
2100,7,-1.800000000000000e-02,6.124760880707478e-03,-2.412476088070748e-02
2100,8,1.500000000000000e-02,6.091971607760985e-03,8.908028392239014e-03
2100,9,1.200000000000000e-02,6.055497913360384e-03,5.944502086639616e-03
2100,10,-1.000000000000000e-02,6.016106284772186e-03,-1.601610628477219e-02
2100,11,8.999999999999999e-03,5.979313135255457e-03,3.020686864744542e-03
2100,12,8.000000000000000e-03,5.940371166899901e-03,2.059628833100099e-03
2100,13,-7.000000000000000e-03,5.899546024449411e-03,-1.289954602444941e-02
2100,14,6.000000000000000e-03,5.860603563711884e-03,1.393964362881158e-04
2100,15,5.000000000000000e-03,5.820297401586938e-03,-8.202974015869375e-04
2100,16,-4.000000000000000e-03,5.778892387569961e-03,-9.778892387569961e-03
2100,17,3.500000000000000e-03,5.738652993609054e-03,-2.238652993609054e-03
2100,18,3.000000000000000e-03,5.697709617072480e-03,-2.697709617072480e-03
2100,19,-2.500000000000000e-03,5.656200485730320e-03,-8.156200485730319e-03
2100,20,2.000000000000000e-03,5.615513522762036e-03,-3.615513522762036e-03
2100,21,1.800000000000000e-03,5.574529994608593e-03,-3.774529994608593e-03
2100,22,-1.500000000000000e-03,5.533311629977956e-03,-7.033311629977956e-03
2100,23,1.200000000000000e-03,5.492694966352787e-03,-4.292694966352787e-03
2100,24,1.000000000000000e-03,5.452011848543463e-03,-4.452011848543463e-03
2100,25,-8.000000000000000e-04,5.411322829440994e-03,-6.211322829440994e-03
2100,26,5.999999999999999e-04,5.371088116707915e-03,-4.771088116707915e-03
2100,27,5.000000000000000e-04,5.330964929607602e-03,-4.830964929607601e-03
2100,28,-4.000000000000000e-04,5.290987574020216e-03,-5.690987574020217e-03
2100,29,3.000000000000000e-04,5.251390059921941e-03,-4.951390059921941e-03
2200,0,1.200000000000000e-01,6.318154928563362e-03,1.136818450714366e-01
2200,1,-8.000000000000000e-02,6.288154928563361e-03,-8.628815492856336e-02
2200,2,5.500000000000000e-02,6.278162428563361e-03,4.872183757143664e-02
2200,3,4.000000000000000e-02,6.254424924813362e-03,3.374557507518664e-02
2200,4,-3.000000000000000e-02,6.220705224191173e-03,-3.622070522419117e-02
2200,5,2.500000000000000e-02,6.194519243269607e-03,1.880548075673039e-02
2200,6,2.000000000000000e-02,6.162115994824195e-03,1.383788400517581e-02
2200,7,-1.800000000000000e-02,6.124761351251449e-03,-2.412476135125145e-02
2200,8,1.500000000000000e-02,6.091972078304956e-03,8.908027921695042e-03
2200,9,1.200000000000000e-02,6.055498383904355e-03,5.944501616095645e-03
2200,10,-1.000000000000000e-02,6.016106755316157e-03,-1.601610675531616e-02
2200,11,8.999999999999999e-03,5.979313605799428e-03,3.020686394200571e-03
2200,12,8.000000000000000e-03,5.940371637443872e-03,2.059628362556128e-03
2200,13,-7.000000000000000e-03,5.899546494993382e-03,-1.289954649499338e-02
2200,14,6.000000000000000e-03,5.860604034255855e-03,1.393959657441449e-04
2200,15,5.000000000000000e-03,5.820297872130909e-03,-8.202978721309085e-04
2200,16,-4.000000000000000e-03,5.778892858113932e-03,-9.778892858113931e-03
2200,17,3.500000000000000e-03,5.738653464153025e-03,-2.238653464153025e-03
2200,18,3.000000000000000e-03,5.697710087616451e-03,-2.697710087616451e-03
2200,19,-2.500000000000000e-03,5.656200956274291e-03,-8.156200956274291e-03
2200,20,2.000000000000000e-03,5.615513993306007e-03,-3.615513993306007e-03
2200,21,1.800000000000000e-03,5.574530465152564e-03,-3.774530465152564e-03
2200,22,-1.500000000000000e-03,5.533312100521927e-03,-7.033312100521927e-03
2200,23,1.200000000000000e-03,5.492695436896758e-03,-4.292695436896758e-03
2200,24,1.000000000000000e-03,5.452012319087434e-03,-4.452012319087434e-03
2200,25,-8.000000000000000e-04,5.411323299984965e-03,-6.211323299984965e-03
2200,26,5.999999999999999e-04,5.371088587251886e-03,-4.771088587251886e-03
2200,27,5.000000000000000e-04,5.330965400151572e-03,-4.830965400151573e-03
2200,28,-4.000000000000000e-04,5.290988044564187e-03,-5.690988044564188e-03
2200,29,3.000000000000000e-04,5.251390530465912e-03,-4.951390530465912e-03
2300,0,1.200000000000000e-01,6.318155150205206e-03,1.136818448497948e-01
2300,1,-8.000000000000000e-02,6.288155150205205e-03,-8.628815515020520e-02
2300,2,5.500000000000000e-02,6.278162650205205e-03,4.872183734979479e-02
2300,3,4.000000000000000e-02,6.254425146455206e-03,3.374557485354480e-02
2300,4,-3.000000000000000e-02,6.220705445833016e-03,-3.622070544583302e-02
2300,5,2.500000000000000e-02,6.194519464911451e-03,1.880548053508855e-02
2300,6,2.000000000000000e-02,6.162116216466038e-03,1.383788378353396e-02
2300,7,-1.800000000000000e-02,6.124761572893293e-03,-2.412476157289329e-02
2300,8,1.500000000000000e-02,6.091972299946800e-03,8.908027700053198e-03
2300,9,1.200000000000000e-02,6.055498605546199e-03,5.944501394453802e-03
2300,10,-1.000000000000000e-02,6.016106976958001e-03,-1.601610697695800e-02
2300,11,8.999999999999999e-03,5.979313827441272e-03,3.020686172558728e-03
2300,12,8.000000000000000e-03,5.940371859085716e-03,2.059628140914285e-03
2300,13,-7.000000000000000e-03,5.899546716635225e-03,-1.289954671663522e-02
2300,14,6.000000000000000e-03,5.860604255897699e-03,1.393957441023011e-04
2300,15,5.000000000000000e-03,5.820298093772752e-03,-8.202980937727523e-04
2300,16,-4.000000000000000e-03,5.778893079755776e-03,-9.778893079755775e-03
2300,17,3.500000000000000e-03,5.738653685794869e-03,-2.238653685794869e-03
2300,18,3.000000000000000e-03,5.697710309258295e-03,-2.697710309258295e-03
2300,19,-2.500000000000000e-03,5.656201177916135e-03,-8.156201177916135e-03
2300,20,2.000000000000000e-03,5.615514214947851e-03,-3.615514214947851e-03
2300,21,1.800000000000000e-03,5.574530686794408e-03,-3.774530686794408e-03
2300,22,-1.500000000000000e-03,5.533312322163771e-03,-7.033312322163771e-03
2300,23,1.200000000000000e-03,5.492695658538602e-03,-4.292695658538602e-03
2300,24,1.000000000000000e-03,5.452012540729278e-03,-4.452012540729278e-03
2300,25,-8.000000000000000e-04,5.411323521626809e-03,-6.211323521626809e-03
2300,26,5.999999999999999e-04,5.371088808893729e-03,-4.771088808893729e-03
2300,27,5.000000000000000e-04,5.330965621793416e-03,-4.830965621793417e-03
2300,28,-4.000000000000000e-04,5.290988266206031e-03,-5.690988266206031e-03
2300,29,3.000000000000000e-04,5.251390752107756e-03,-4.951390752107756e-03
2400,0,1.200000000000000e-01,6.318155254605880e-03,1.136818447453941e-01
2400,1,-8.000000000000000e-02,6.288155254605879e-03,-8.628815525460588e-02
2400,2,5.500000000000000e-02,6.278162754605879e-03,4.872183724539412e-02
2400,3,4.000000000000000e-02,6.254425250855880e-03,3.374557474914412e-02
2400,4,-3.000000000000000e-02,6.220705550233690e-03,-3.622070555023369e-02
2400,5,2.500000000000000e-02,6.194519569312125e-03,1.880548043068788e-02
2400,6,2.000000000000000e-02,6.162116320866712e-03,1.383788367913329e-02
2400,7,-1.800000000000000e-02,6.124761677293967e-03,-2.412476167729397e-02
2400,8,1.500000000000000e-02,6.091972404347474e-03,8.908027595652526e-03
2400,9,1.200000000000000e-02,6.055498709946872e-03,5.944501290053128e-03
2400,10,-1.000000000000000e-02,6.016107081358675e-03,-1.601610708135867e-02
2400,11,8.999999999999999e-03,5.979313931841946e-03,3.020686068158054e-03
2400,12,8.000000000000000e-03,5.940371963486389e-03,2.059628036513611e-03
2400,13,-7.000000000000000e-03,5.899546821035899e-03,-1.289954682103590e-02
2400,14,6.000000000000000e-03,5.860604360298373e-03,1.393956397016272e-04
2400,15,5.000000000000000e-03,5.820298198173426e-03,-8.202981981734261e-04
2400,16,-4.000000000000000e-03,5.778893184156450e-03,-9.778893184156451e-03
2400,17,3.500000000000000e-03,5.738653790195542e-03,-2.238653790195542e-03
2400,18,3.000000000000000e-03,5.697710413658969e-03,-2.697710413658969e-03
2400,19,-2.500000000000000e-03,5.656201282316808e-03,-8.156201282316809e-03
2400,20,2.000000000000000e-03,5.615514319348524e-03,-3.615514319348524e-03
2400,21,1.800000000000000e-03,5.574530791195082e-03,-3.774530791195082e-03
2400,22,-1.500000000000000e-03,5.533312426564445e-03,-7.033312426564445e-03
2400,23,1.200000000000000e-03,5.492695762939276e-03,-4.292695762939276e-03
2400,24,1.000000000000000e-03,5.452012645129952e-03,-4.452012645129952e-03
2400,25,-8.000000000000000e-04,5.411323626027482e-03,-6.211323626027483e-03
2400,26,5.999999999999999e-04,5.371088913294403e-03,-4.771088913294403e-03
2400,27,5.000000000000000e-04,5.330965726194090e-03,-4.830965726194091e-03
2400,28,-4.000000000000000e-04,5.290988370606705e-03,-5.690988370606705e-03
2400,29,3.000000000000000e-04,5.251390856508430e-03,-4.951390856508430e-03
2500,0,1.200000000000000e-01,6.318155303782061e-03,1.136818446962179e-01
2500,1,-8.000000000000000e-02,6.288155303782060e-03,-8.628815530378206e-02
2500,2,5.500000000000000e-02,6.278162803782060e-03,4.872183719621794e-02
2500,3,4.000000000000000e-02,6.254425300032061e-03,3.374557469996794e-02
2500,4,-3.000000000000000e-02,6.220705599409872e-03,-3.622070559940987e-02
2500,5,2.500000000000000e-02,6.194519618488306e-03,1.880548038151170e-02
2500,6,2.000000000000000e-02,6.162116370042893e-03,1.383788362995711e-02
2500,7,-1.800000000000000e-02,6.124761726470148e-03,-2.412476172647015e-02
2500,8,1.500000000000000e-02,6.091972453523655e-03,8.908027546476344e-03
2500,9,1.200000000000000e-02,6.055498759123054e-03,5.944501240876946e-03
2500,10,-1.000000000000000e-02,6.016107130534856e-03,-1.601610713053486e-02
2500,11,8.999999999999999e-03,5.979313981018127e-03,3.020686018981872e-03
2500,12,8.000000000000000e-03,5.940372012662571e-03,2.059627987337429e-03
2500,13,-7.000000000000000e-03,5.899546870212081e-03,-1.289954687021208e-02
2500,14,6.000000000000000e-03,5.860604409474554e-03,1.393955905254459e-04
2500,15,5.000000000000000e-03,5.820298247349608e-03,-8.202982473496075e-04
2500,16,-4.000000000000000e-03,5.778893233332631e-03,-9.778893233332631e-03
2500,17,3.500000000000000e-03,5.738653839371724e-03,-2.238653839371724e-03
2500,18,3.000000000000000e-03,5.697710462835150e-03,-2.697710462835150e-03
2500,19,-2.500000000000000e-03,5.656201331492990e-03,-8.156201331492989e-03
2500,20,2.000000000000000e-03,5.615514368524706e-03,-3.615514368524706e-03
2500,21,1.800000000000000e-03,5.574530840371263e-03,-3.774530840371263e-03
2500,22,-1.500000000000000e-03,5.533312475740626e-03,-7.033312475740626e-03
2500,23,1.200000000000000e-03,5.492695812115457e-03,-4.292695812115457e-03
2500,24,1.000000000000000e-03,5.452012694306133e-03,-4.452012694306133e-03
2500,25,-8.000000000000000e-04,5.411323675203664e-03,-6.211323675203664e-03
2500,26,5.999999999999999e-04,5.371088962470585e-03,-4.771088962470585e-03
2500,27,5.000000000000000e-04,5.330965775370271e-03,-4.830965775370271e-03
2500,28,-4.000000000000000e-04,5.290988419782886e-03,-5.690988419782887e-03
2500,29,3.000000000000000e-04,5.251390905684611e-03,-4.951390905684611e-03
2600,0,1.200000000000000e-01,6.318155326945683e-03,1.136818446730543e-01
2600,1,-8.000000000000000e-02,6.288155326945682e-03,-8.628815532694568e-02
2600,2,5.500000000000000e-02,6.278162826945682e-03,4.872183717305432e-02
2600,3,4.000000000000000e-02,6.254425323195683e-03,3.374557467680432e-02
2600,4,-3.000000000000000e-02,6.220705622573494e-03,-3.622070562257349e-02
2600,5,2.500000000000000e-02,6.194519641651929e-03,1.880548035834807e-02
2600,6,2.000000000000000e-02,6.162116393206516e-03,1.383788360679349e-02
2600,7,-1.800000000000000e-02,6.124761749633770e-03,-2.412476174963377e-02
2600,8,1.500000000000000e-02,6.091972476687278e-03,8.908027523312722e-03
2600,9,1.200000000000000e-02,6.055498782286676e-03,5.944501217713324e-03
2600,10,-1.000000000000000e-02,6.016107153698478e-03,-1.601610715369848e-02
2600,11,8.999999999999999e-03,5.979314004181749e-03,3.020685995818250e-03
2600,12,8.000000000000000e-03,5.940372035826193e-03,2.059627964173807e-03
2600,13,-7.000000000000000e-03,5.899546893375703e-03,-1.289954689337570e-02
2600,14,6.000000000000000e-03,5.860604432638176e-03,1.393955673618238e-04
2600,15,5.000000000000000e-03,5.820298270513230e-03,-8.202982705132296e-04
2600,16,-4.000000000000000e-03,5.778893256496253e-03,-9.778893256496253e-03
2600,17,3.500000000000000e-03,5.738653862535346e-03,-2.238653862535346e-03
2600,18,3.000000000000000e-03,5.697710485998772e-03,-2.697710485998772e-03
2600,19,-2.500000000000000e-03,5.656201354656612e-03,-8.156201354656611e-03
2600,20,2.000000000000000e-03,5.615514391688328e-03,-3.615514391688328e-03
2600,21,1.800000000000000e-03,5.574530863534885e-03,-3.774530863534885e-03
2600,22,-1.500000000000000e-03,5.533312498904248e-03,-7.033312498904248e-03
2600,23,1.200000000000000e-03,5.492695835279079e-03,-4.292695835279079e-03
2600,24,1.000000000000000e-03,5.452012717469755e-03,-4.452012717469755e-03
2600,25,-8.000000000000000e-04,5.411323698367286e-03,-6.211323698367286e-03
2600,26,5.999999999999999e-04,5.371088985634207e-03,-4.771088985634207e-03
2600,27,5.000000000000000e-04,5.330965798533894e-03,-4.830965798533893e-03
2600,28,-4.000000000000000e-04,5.290988442946508e-03,-5.690988442946509e-03
2600,29,3.000000000000000e-04,5.251390928848233e-03,-4.951390928848234e-03
2700,0,1.200000000000000e-01,6.318155337856517e-03,1.136818446621435e-01
2700,1,-8.000000000000000e-02,6.288155337856516e-03,-8.628815533785651e-02
2700,2,5.500000000000000e-02,6.278162837856516e-03,4.872183716214348e-02
2700,3,4.000000000000000e-02,6.254425334106517e-03,3.374557466589349e-02
2700,4,-3.000000000000000e-02,6.220705633484327e-03,-3.622070563348433e-02
2700,5,2.500000000000000e-02,6.194519652562762e-03,1.880548034743724e-02
2700,6,2.000000000000000e-02,6.162116404117349e-03,1.383788359588265e-02
2700,7,-1.800000000000000e-02,6.124761760544604e-03,-2.412476176054460e-02
2700,8,1.500000000000000e-02,6.091972487598111e-03,8.908027512401887e-03
2700,9,1.200000000000000e-02,6.055498793197510e-03,5.944501206802491e-03
2700,10,-1.000000000000000e-02,6.016107164609312e-03,-1.601610716460931e-02
2700,11,8.999999999999999e-03,5.979314015092583e-03,3.020685984907416e-03
2700,12,8.000000000000000e-03,5.940372046737027e-03,2.059627953262973e-03
2700,13,-7.000000000000000e-03,5.899546904286537e-03,-1.289954690428654e-02
2700,14,6.000000000000000e-03,5.860604443549010e-03,1.393955564509899e-04
2700,15,5.000000000000000e-03,5.820298281424064e-03,-8.202982814240634e-04
2700,16,-4.000000000000000e-03,5.778893267407087e-03,-9.778893267407086e-03
2700,17,3.500000000000000e-03,5.738653873446180e-03,-2.238653873446180e-03
2700,18,3.000000000000000e-03,5.697710496909606e-03,-2.697710496909606e-03
2700,19,-2.500000000000000e-03,5.656201365567446e-03,-8.156201365567446e-03
2700,20,2.000000000000000e-03,5.615514402599162e-03,-3.615514402599162e-03
2700,21,1.800000000000000e-03,5.574530874445719e-03,-3.774530874445719e-03
2700,22,-1.500000000000000e-03,5.533312509815082e-03,-7.033312509815082e-03
2700,23,1.200000000000000e-03,5.492695846189913e-03,-4.292695846189913e-03
2700,24,1.000000000000000e-03,5.452012728380589e-03,-4.452012728380589e-03
2700,25,-8.000000000000000e-04,5.411323709278120e-03,-6.211323709278120e-03
2700,26,5.999999999999999e-04,5.371088996545040e-03,-4.771088996545041e-03
2700,27,5.000000000000000e-04,5.330965809444727e-03,-4.830965809444728e-03
2700,28,-4.000000000000000e-04,5.290988453857342e-03,-5.690988453857342e-03
2700,29,3.000000000000000e-04,5.251390939759067e-03,-4.951390939759067e-03
2800,0,1.200000000000000e-01,6.318155342995880e-03,1.136818446570041e-01
2800,1,-8.000000000000000e-02,6.288155342995879e-03,-8.628815534299589e-02
2800,2,5.500000000000000e-02,6.278162842995879e-03,4.872183715700412e-02
2800,3,4.000000000000000e-02,6.254425339245880e-03,3.374557466075412e-02
2800,4,-3.000000000000000e-02,6.220705638623690e-03,-3.622070563862369e-02
2800,5,2.500000000000000e-02,6.194519657702125e-03,1.880548034229788e-02
2800,6,2.000000000000000e-02,6.162116409256712e-03,1.383788359074329e-02
2800,7,-1.800000000000000e-02,6.124761765683967e-03,-2.412476176568397e-02
2800,8,1.500000000000000e-02,6.091972492737474e-03,8.908027507262526e-03
2800,9,1.200000000000000e-02,6.055498798336873e-03,5.944501201663128e-03
2800,10,-1.000000000000000e-02,6.016107169748675e-03,-1.601610716974868e-02
2800,11,8.999999999999999e-03,5.979314020231946e-03,3.020685979768054e-03
2800,12,8.000000000000000e-03,5.940372051876390e-03,2.059627948123611e-03
2800,13,-7.000000000000000e-03,5.899546909425899e-03,-1.289954690942590e-02
2800,14,6.000000000000000e-03,5.860604448688373e-03,1.393955513116271e-04
2800,15,5.000000000000000e-03,5.820298286563426e-03,-8.202982865634263e-04
2800,16,-4.000000000000000e-03,5.778893272546450e-03,-9.778893272546451e-03
2800,17,3.500000000000000e-03,5.738653878585543e-03,-2.238653878585543e-03
2800,18,3.000000000000000e-03,5.697710502048969e-03,-2.697710502048969e-03
2800,19,-2.500000000000000e-03,5.656201370706809e-03,-8.156201370706809e-03
2800,20,2.000000000000000e-03,5.615514407738525e-03,-3.615514407738525e-03
2800,21,1.800000000000000e-03,5.574530879585082e-03,-3.774530879585082e-03
2800,22,-1.500000000000000e-03,5.533312514954445e-03,-7.033312514954445e-03
2800,23,1.200000000000000e-03,5.492695851329276e-03,-4.292695851329276e-03
2800,24,1.000000000000000e-03,5.452012733519952e-03,-4.452012733519952e-03
2800,25,-8.000000000000000e-04,5.411323714417483e-03,-6.211323714417483e-03
2800,26,5.999999999999999e-04,5.371089001684403e-03,-4.771089001684404e-03
2800,27,5.000000000000000e-04,5.330965814584090e-03,-4.830965814584091e-03
2800,28,-4.000000000000000e-04,5.290988458996705e-03,-5.690988458996705e-03
2800,29,3.000000000000000e-04,5.251390944898430e-03,-4.951390944898430e-03
2900,0,1.200000000000000e-01,6.318155345416693e-03,1.136818446545833e-01
2900,1,-8.000000000000000e-02,6.288155345416693e-03,-8.628815534541670e-02
2900,2,5.500000000000000e-02,6.278162845416693e-03,4.872183715458331e-02
2900,3,4.000000000000000e-02,6.254425341666693e-03,3.374557465833330e-02
2900,4,-3.000000000000000e-02,6.220705641044504e-03,-3.622070564104450e-02
2900,5,2.500000000000000e-02,6.194519660122939e-03,1.880548033987706e-02
2900,6,2.000000000000000e-02,6.162116411677526e-03,1.383788358832247e-02
2900,7,-1.800000000000000e-02,6.124761768104781e-03,-2.412476176810478e-02
2900,8,1.500000000000000e-02,6.091972495158288e-03,8.908027504841712e-03
2900,9,1.200000000000000e-02,6.055498800757686e-03,5.944501199242314e-03
2900,10,-1.000000000000000e-02,6.016107172169488e-03,-1.601610717216949e-02
2900,11,8.999999999999999e-03,5.979314022652759e-03,3.020685977347240e-03
2900,12,8.000000000000000e-03,5.940372054297203e-03,2.059627945702797e-03
2900,13,-7.000000000000000e-03,5.899546911846713e-03,-1.289954691184671e-02
2900,14,6.000000000000000e-03,5.860604451109187e-03,1.393955488908135e-04
2900,15,5.000000000000000e-03,5.820298288984240e-03,-8.202982889842399e-04
2900,16,-4.000000000000000e-03,5.778893274967264e-03,-9.778893274967265e-03
2900,17,3.500000000000000e-03,5.738653881006356e-03,-2.238653881006356e-03
2900,18,3.000000000000000e-03,5.697710504469783e-03,-2.697710504469783e-03
2900,19,-2.500000000000000e-03,5.656201373127622e-03,-8.156201373127623e-03
2900,20,2.000000000000000e-03,5.615514410159338e-03,-3.615514410159338e-03
2900,21,1.800000000000000e-03,5.574530882005896e-03,-3.774530882005896e-03
2900,22,-1.500000000000000e-03,5.533312517375258e-03,-7.033312517375259e-03
2900,23,1.200000000000000e-03,5.492695853750089e-03,-4.292695853750090e-03
2900,24,1.000000000000000e-03,5.452012735940766e-03,-4.452012735940766e-03
2900,25,-8.000000000000000e-04,5.411323716838296e-03,-6.211323716838297e-03
2900,26,5.999999999999999e-04,5.371089004105217e-03,-4.771089004105217e-03
2900,27,5.000000000000000e-04,5.330965817004904e-03,-4.830965817004904e-03
2900,28,-4.000000000000000e-04,5.290988461417519e-03,-5.690988461417519e-03
2900,29,3.000000000000000e-04,5.251390947319244e-03,-4.951390947319244e-03
3000,0,1.200000000000000e-01,6.318155346556974e-03,1.136818446534430e-01
3000,1,-8.000000000000000e-02,6.288155346556973e-03,-8.628815534655697e-02
3000,2,5.500000000000000e-02,6.278162846556973e-03,4.872183715344303e-02
3000,3,4.000000000000000e-02,6.254425342806974e-03,3.374557465719303e-02
3000,4,-3.000000000000000e-02,6.220705642184785e-03,-3.622070564218478e-02
3000,5,2.500000000000000e-02,6.194519661263219e-03,1.880548033873678e-02
3000,6,2.000000000000000e-02,6.162116412817806e-03,1.383788358718219e-02
3000,7,-1.800000000000000e-02,6.124761769245061e-03,-2.412476176924506e-02
3000,8,1.500000000000000e-02,6.091972496298568e-03,8.908027503701430e-03
3000,9,1.200000000000000e-02,6.055498801897967e-03,5.944501198102034e-03
3000,10,-1.000000000000000e-02,6.016107173309769e-03,-1.601610717330977e-02
3000,11,8.999999999999999e-03,5.979314023793040e-03,3.020685976206959e-03
3000,12,8.000000000000000e-03,5.940372055437484e-03,2.059627944562516e-03
3000,13,-7.000000000000000e-03,5.899546912986994e-03,-1.289954691298699e-02
3000,14,6.000000000000000e-03,5.860604452249467e-03,1.393955477505329e-04
3000,15,5.000000000000000e-03,5.820298290124521e-03,-8.202982901245204e-04
3000,16,-4.000000000000000e-03,5.778893276107544e-03,-9.778893276107543e-03
3000,17,3.500000000000000e-03,5.738653882146637e-03,-2.238653882146637e-03
3000,18,3.000000000000000e-03,5.697710505610063e-03,-2.697710505610063e-03
3000,19,-2.500000000000000e-03,5.656201374267903e-03,-8.156201374267903e-03
3000,20,2.000000000000000e-03,5.615514411299619e-03,-3.615514411299619e-03
3000,21,1.800000000000000e-03,5.574530883146176e-03,-3.774530883146176e-03
3000,22,-1.500000000000000e-03,5.533312518515539e-03,-7.033312518515539e-03
3000,23,1.200000000000000e-03,5.492695854890370e-03,-4.292695854890370e-03
3000,24,1.000000000000000e-03,5.452012737081046e-03,-4.452012737081046e-03
3000,25,-8.000000000000000e-04,5.411323717978577e-03,-6.211323717978577e-03
3000,26,5.999999999999999e-04,5.371089005245498e-03,-4.771089005245498e-03
3000,27,5.000000000000000e-04,5.330965818145184e-03,-4.830965818145185e-03
3000,28,-4.000000000000000e-04,5.290988462557799e-03,-5.690988462557799e-03
3000,29,3.000000000000000e-04,5.251390948459524e-03,-4.951390948459524e-03
3100,0,1.200000000000000e-01,6.318155347094084e-03,1.136818446529059e-01
3100,1,-8.000000000000000e-02,6.288155347094084e-03,-8.628815534709408e-02
3100,2,5.500000000000000e-02,6.278162847094084e-03,4.872183715290591e-02
3100,3,4.000000000000000e-02,6.254425343344084e-03,3.374557465665592e-02
3100,4,-3.000000000000000e-02,6.220705642721895e-03,-3.622070564272190e-02
3100,5,2.500000000000000e-02,6.194519661800330e-03,1.880548033819967e-02
3100,6,2.000000000000000e-02,6.162116413354917e-03,1.383788358664508e-02
3100,7,-1.800000000000000e-02,6.124761769782171e-03,-2.412476176978217e-02
3100,8,1.500000000000000e-02,6.091972496835679e-03,8.908027503164322e-03
3100,9,1.200000000000000e-02,6.055498802435077e-03,5.944501197564923e-03
3100,10,-1.000000000000000e-02,6.016107173846879e-03,-1.601610717384688e-02
3100,11,8.999999999999999e-03,5.979314024330150e-03,3.020685975669849e-03
3100,12,8.000000000000000e-03,5.940372055974594e-03,2.059627944025406e-03
3100,13,-7.000000000000000e-03,5.899546913524104e-03,-1.289954691352410e-02
3100,14,6.000000000000000e-03,5.860604452786577e-03,1.393955472134226e-04
3100,15,5.000000000000000e-03,5.820298290661631e-03,-8.202982906616307e-04
3100,16,-4.000000000000000e-03,5.778893276644654e-03,-9.778893276644655e-03
3100,17,3.500000000000000e-03,5.738653882683747e-03,-2.238653882683747e-03
3100,18,3.000000000000000e-03,5.697710506147174e-03,-2.697710506147174e-03
3100,19,-2.500000000000000e-03,5.656201374805013e-03,-8.156201374805013e-03
3100,20,2.000000000000000e-03,5.615514411836729e-03,-3.615514411836729e-03
3100,21,1.800000000000000e-03,5.574530883683287e-03,-3.774530883683287e-03
3100,22,-1.500000000000000e-03,5.533312519052649e-03,-7.033312519052650e-03
3100,23,1.200000000000000e-03,5.492695855427480e-03,-4.292695855427481e-03
3100,24,1.000000000000000e-03,5.452012737618157e-03,-4.452012737618157e-03
3100,25,-8.000000000000000e-04,5.411323718515687e-03,-6.211323718515687e-03
3100,26,5.999999999999999e-04,5.371089005782608e-03,-4.771089005782608e-03
3100,27,5.000000000000000e-04,5.330965818682295e-03,-4.830965818682295e-03
3100,28,-4.000000000000000e-04,5.290988463094910e-03,-5.690988463094910e-03
3100,29,3.000000000000000e-04,5.251390948996635e-03,-4.951390948996635e-03
3200,0,1.200000000000000e-01,6.318155347347082e-03,1.136818446526529e-01
3200,1,-8.000000000000000e-02,6.288155347347082e-03,-8.628815534734709e-02
3200,2,5.500000000000000e-02,6.278162847347082e-03,4.872183715265292e-02
3200,3,4.000000000000000e-02,6.254425343597082e-03,3.374557465640292e-02
3200,4,-3.000000000000000e-02,6.220705642974893e-03,-3.622070564297489e-02
3200,5,2.500000000000000e-02,6.194519662053328e-03,1.880548033794667e-02
3200,6,2.000000000000000e-02,6.162116413607915e-03,1.383788358639209e-02
3200,7,-1.800000000000000e-02,6.124761770035170e-03,-2.412476177003517e-02
3200,8,1.500000000000000e-02,6.091972497088677e-03,8.908027502911323e-03
3200,9,1.200000000000000e-02,6.055498802688075e-03,5.944501197311925e-03
3200,10,-1.000000000000000e-02,6.016107174099877e-03,-1.601610717409988e-02
3200,11,8.999999999999999e-03,5.979314024583148e-03,3.020685975416851e-03
3200,12,8.000000000000000e-03,5.940372056227592e-03,2.059627943772408e-03
3200,13,-7.000000000000000e-03,5.899546913777102e-03,-1.289954691377710e-02
3200,14,6.000000000000000e-03,5.860604453039576e-03,1.393955469604245e-04
3200,15,5.000000000000000e-03,5.820298290914629e-03,-8.202982909146289e-04
3200,16,-4.000000000000000e-03,5.778893276897653e-03,-9.778893276897653e-03
3200,17,3.500000000000000e-03,5.738653882936745e-03,-2.238653882936745e-03
3200,18,3.000000000000000e-03,5.697710506400172e-03,-2.697710506400172e-03
3200,19,-2.500000000000000e-03,5.656201375058011e-03,-8.156201375058011e-03
3200,20,2.000000000000000e-03,5.615514412089727e-03,-3.615514412089727e-03
3200,21,1.800000000000000e-03,5.574530883936285e-03,-3.774530883936285e-03
3200,22,-1.500000000000000e-03,5.533312519305647e-03,-7.033312519305647e-03
3200,23,1.200000000000000e-03,5.492695855680478e-03,-4.292695855680479e-03
3200,24,1.000000000000000e-03,5.452012737871155e-03,-4.452012737871155e-03
3200,25,-8.000000000000000e-04,5.411323718768685e-03,-6.211323718768686e-03
3200,26,5.999999999999999e-04,5.371089006035606e-03,-4.771089006035606e-03
3200,27,5.000000000000000e-04,5.330965818935293e-03,-4.830965818935292e-03
3200,28,-4.000000000000000e-04,5.290988463347908e-03,-5.690988463347908e-03
3200,29,3.000000000000000e-04,5.251390949249633e-03,-4.951390949249633e-03
3300,0,1.200000000000000e-01,6.318155347466254e-03,1.136818446525337e-01
3300,1,-8.000000000000000e-02,6.288155347466254e-03,-8.628815534746626e-02
3300,2,5.500000000000000e-02,6.278162847466254e-03,4.872183715253375e-02
3300,3,4.000000000000000e-02,6.254425343716254e-03,3.374557465628375e-02
3300,4,-3.000000000000000e-02,6.220705643094065e-03,-3.622070564309406e-02
3300,5,2.500000000000000e-02,6.194519662172500e-03,1.880548033782750e-02
3300,6,2.000000000000000e-02,6.162116413727087e-03,1.383788358627291e-02
3300,7,-1.800000000000000e-02,6.124761770154342e-03,-2.412476177015434e-02
3300,8,1.500000000000000e-02,6.091972497207849e-03,8.908027502792151e-03
3300,9,1.200000000000000e-02,6.055498802807247e-03,5.944501197192753e-03
3300,10,-1.000000000000000e-02,6.016107174219049e-03,-1.601610717421905e-02
3300,11,8.999999999999999e-03,5.979314024702320e-03,3.020685975297679e-03
3300,12,8.000000000000000e-03,5.940372056346764e-03,2.059627943653236e-03
3300,13,-7.000000000000000e-03,5.899546913896274e-03,-1.289954691389627e-02
3300,14,6.000000000000000e-03,5.860604453158748e-03,1.393955468412525e-04
3300,15,5.000000000000000e-03,5.820298291033801e-03,-8.202982910338009e-04
3300,16,-4.000000000000000e-03,5.778893277016825e-03,-9.778893277016825e-03
3300,17,3.500000000000000e-03,5.738653883055917e-03,-2.238653883055917e-03
3300,18,3.000000000000000e-03,5.697710506519344e-03,-2.697710506519344e-03
3300,19,-2.500000000000000e-03,5.656201375177183e-03,-8.156201375177183e-03
3300,20,2.000000000000000e-03,5.615514412208899e-03,-3.615514412208899e-03
3300,21,1.800000000000000e-03,5.574530884055457e-03,-3.774530884055457e-03
3300,22,-1.500000000000000e-03,5.533312519424819e-03,-7.033312519424819e-03
3300,23,1.200000000000000e-03,5.492695855799650e-03,-4.292695855799651e-03
3300,24,1.000000000000000e-03,5.452012737990327e-03,-4.452012737990327e-03
3300,25,-8.000000000000000e-04,5.411323718887857e-03,-6.211323718887858e-03
3300,26,5.999999999999999e-04,5.371089006154778e-03,-4.771089006154778e-03
3300,27,5.000000000000000e-04,5.330965819054465e-03,-4.830965819054464e-03
3300,28,-4.000000000000000e-04,5.290988463467080e-03,-5.690988463467080e-03
3300,29,3.000000000000000e-04,5.251390949368805e-03,-4.951390949368805e-03
3400,0,1.200000000000000e-01,6.318155347522388e-03,1.136818446524776e-01
3400,1,-8.000000000000000e-02,6.288155347522388e-03,-8.628815534752239e-02
3400,2,5.500000000000000e-02,6.278162847522388e-03,4.872183715247761e-02
3400,3,4.000000000000000e-02,6.254425343772388e-03,3.374557465622761e-02
3400,4,-3.000000000000000e-02,6.220705643150199e-03,-3.622070564315020e-02
3400,5,2.500000000000000e-02,6.194519662228634e-03,1.880548033777137e-02
3400,6,2.000000000000000e-02,6.162116413783221e-03,1.383788358621678e-02
3400,7,-1.800000000000000e-02,6.124761770210476e-03,-2.412476177021047e-02
3400,8,1.500000000000000e-02,6.091972497263983e-03,8.908027502736017e-03
3400,9,1.200000000000000e-02,6.055498802863381e-03,5.944501197136619e-03
3400,10,-1.000000000000000e-02,6.016107174275183e-03,-1.601610717427518e-02
3400,11,8.999999999999999e-03,5.979314024758454e-03,3.020685975241545e-03
3400,12,8.000000000000000e-03,5.940372056402898e-03,2.059627943597102e-03
3400,13,-7.000000000000000e-03,5.899546913952408e-03,-1.289954691395241e-02
3400,14,6.000000000000000e-03,5.860604453214882e-03,1.393955467851185e-04
3400,15,5.000000000000000e-03,5.820298291089935e-03,-8.202982910899348e-04
3400,16,-4.000000000000000e-03,5.778893277072959e-03,-9.778893277072959e-03
3400,17,3.500000000000000e-03,5.738653883112051e-03,-2.238653883112051e-03
3400,18,3.000000000000000e-03,5.697710506575478e-03,-2.697710506575478e-03
3400,19,-2.500000000000000e-03,5.656201375233317e-03,-8.156201375233317e-03
3400,20,2.000000000000000e-03,5.615514412265033e-03,-3.615514412265033e-03
3400,21,1.800000000000000e-03,5.574530884111591e-03,-3.774530884111591e-03
3400,22,-1.500000000000000e-03,5.533312519480953e-03,-7.033312519480953e-03
3400,23,1.200000000000000e-03,5.492695855855784e-03,-4.292695855855785e-03
3400,24,1.000000000000000e-03,5.452012738046461e-03,-4.452012738046461e-03
3400,25,-8.000000000000000e-04,5.411323718943991e-03,-6.211323718943992e-03
3400,26,5.999999999999999e-04,5.371089006210912e-03,-4.771089006210912e-03
3400,27,5.000000000000000e-04,5.330965819110599e-03,-4.830965819110598e-03
3400,28,-4.000000000000000e-04,5.290988463523214e-03,-5.690988463523214e-03
3400,29,3.000000000000000e-04,5.251390949424939e-03,-4.951390949424939e-03
3500,0,1.200000000000000e-01,6.318155347548827e-03,1.136818446524512e-01
3500,1,-8.000000000000000e-02,6.288155347548827e-03,-8.628815534754883e-02
3500,2,5.500000000000000e-02,6.278162847548827e-03,4.872183715245117e-02
3500,3,4.000000000000000e-02,6.254425343798827e-03,3.374557465620118e-02
3500,4,-3.000000000000000e-02,6.220705643176638e-03,-3.622070564317664e-02
3500,5,2.500000000000000e-02,6.194519662255073e-03,1.880548033774493e-02
3500,6,2.000000000000000e-02,6.162116413809660e-03,1.383788358619034e-02
3500,7,-1.800000000000000e-02,6.124761770236914e-03,-2.412476177023691e-02
3500,8,1.500000000000000e-02,6.091972497290422e-03,8.908027502709578e-03
3500,9,1.200000000000000e-02,6.055498802889820e-03,5.944501197110180e-03
3500,10,-1.000000000000000e-02,6.016107174301622e-03,-1.601610717430162e-02
3500,11,8.999999999999999e-03,5.979314024784893e-03,3.020685975215106e-03
3500,12,8.000000000000000e-03,5.940372056429337e-03,2.059627943570663e-03
3500,13,-7.000000000000000e-03,5.899546913978847e-03,-1.289954691397885e-02
3500,14,6.000000000000000e-03,5.860604453241321e-03,1.393955467586796e-04
3500,15,5.000000000000000e-03,5.820298291116374e-03,-8.202982911163737e-04
3500,16,-4.000000000000000e-03,5.778893277099397e-03,-9.778893277099398e-03
3500,17,3.500000000000000e-03,5.738653883138490e-03,-2.238653883138490e-03
3500,18,3.000000000000000e-03,5.697710506601917e-03,-2.697710506601917e-03
3500,19,-2.500000000000000e-03,5.656201375259756e-03,-8.156201375259756e-03
3500,20,2.000000000000000e-03,5.615514412291472e-03,-3.615514412291472e-03
3500,21,1.800000000000000e-03,5.574530884138030e-03,-3.774530884138030e-03
3500,22,-1.500000000000000e-03,5.533312519507392e-03,-7.033312519507392e-03
3500,23,1.200000000000000e-03,5.492695855882223e-03,-4.292695855882224e-03
3500,24,1.000000000000000e-03,5.452012738072900e-03,-4.452012738072900e-03
3500,25,-8.000000000000000e-04,5.411323718970430e-03,-6.211323718970430e-03
3500,26,5.999999999999999e-04,5.371089006237351e-03,-4.771089006237351e-03
3500,27,5.000000000000000e-04,5.330965819137038e-03,-4.830965819137037e-03
3500,28,-4.000000000000000e-04,5.290988463549653e-03,-5.690988463549653e-03
3500,29,3.000000000000000e-04,5.251390949451378e-03,-4.951390949451378e-03
3600,0,1.200000000000000e-01,6.318155347561287e-03,1.136818446524387e-01
3600,1,-8.000000000000000e-02,6.288155347561286e-03,-8.628815534756129e-02
3600,2,5.500000000000000e-02,6.278162847561286e-03,4.872183715243871e-02
3600,3,4.000000000000000e-02,6.254425343811287e-03,3.374557465618871e-02
3600,4,-3.000000000000000e-02,6.220705643189097e-03,-3.622070564318910e-02
3600,5,2.500000000000000e-02,6.194519662267532e-03,1.880548033773247e-02
3600,6,2.000000000000000e-02,6.162116413822119e-03,1.383788358617788e-02
3600,7,-1.800000000000000e-02,6.124761770249374e-03,-2.412476177024937e-02
3600,8,1.500000000000000e-02,6.091972497302881e-03,8.908027502697119e-03
3600,9,1.200000000000000e-02,6.055498802902280e-03,5.944501197097721e-03
3600,10,-1.000000000000000e-02,6.016107174314082e-03,-1.601610717431408e-02
3600,11,8.999999999999999e-03,5.979314024797353e-03,3.020685975202646e-03
3600,12,8.000000000000000e-03,5.940372056441797e-03,2.059627943558203e-03
3600,13,-7.000000000000000e-03,5.899546913991307e-03,-1.289954691399131e-02
3600,14,6.000000000000000e-03,5.860604453253780e-03,1.393955467462200e-04
3600,15,5.000000000000000e-03,5.820298291128834e-03,-8.202982911288334e-04
3600,16,-4.000000000000000e-03,5.778893277111857e-03,-9.778893277111858e-03
3600,17,3.500000000000000e-03,5.738653883150950e-03,-2.238653883150950e-03
3600,18,3.000000000000000e-03,5.697710506614376e-03,-2.697710506614376e-03
3600,19,-2.500000000000000e-03,5.656201375272216e-03,-8.156201375272216e-03
3600,20,2.000000000000000e-03,5.615514412303932e-03,-3.615514412303932e-03
3600,21,1.800000000000000e-03,5.574530884150489e-03,-3.774530884150489e-03
3600,22,-1.500000000000000e-03,5.533312519519852e-03,-7.033312519519852e-03
3600,23,1.200000000000000e-03,5.492695855894683e-03,-4.292695855894683e-03
3600,24,1.000000000000000e-03,5.452012738085359e-03,-4.452012738085359e-03
3600,25,-8.000000000000000e-04,5.411323718982890e-03,-6.211323718982890e-03
3600,26,5.999999999999999e-04,5.371089006249810e-03,-4.771089006249811e-03
3600,27,5.000000000000000e-04,5.330965819149497e-03,-4.830965819149498e-03
3600,28,-4.000000000000000e-04,5.290988463562112e-03,-5.690988463562112e-03
3600,29,3.000000000000000e-04,5.251390949463837e-03,-4.951390949463837e-03
3700,0,1.200000000000000e-01,6.318155347567150e-03,1.136818446524328e-01
3700,1,-8.000000000000000e-02,6.288155347567150e-03,-8.628815534756715e-02
3700,2,5.500000000000000e-02,6.278162847567150e-03,4.872183715243285e-02
3700,3,4.000000000000000e-02,6.254425343817150e-03,3.374557465618285e-02
3700,4,-3.000000000000000e-02,6.220705643194961e-03,-3.622070564319496e-02
3700,5,2.500000000000000e-02,6.194519662273396e-03,1.880548033772661e-02
3700,6,2.000000000000000e-02,6.162116413827983e-03,1.383788358617202e-02
3700,7,-1.800000000000000e-02,6.124761770255237e-03,-2.412476177025524e-02
3700,8,1.500000000000000e-02,6.091972497308745e-03,8.908027502691256e-03
3700,9,1.200000000000000e-02,6.055498802908143e-03,5.944501197091857e-03
3700,10,-1.000000000000000e-02,6.016107174319945e-03,-1.601610717431995e-02
3700,11,8.999999999999999e-03,5.979314024803216e-03,3.020685975196783e-03
3700,12,8.000000000000000e-03,5.940372056447660e-03,2.059627943552340e-03
3700,13,-7.000000000000000e-03,5.899546913997170e-03,-1.289954691399717e-02
3700,14,6.000000000000000e-03,5.860604453259644e-03,1.393955467403566e-04
3700,15,5.000000000000000e-03,5.820298291134697e-03,-8.202982911346968e-04
3700,16,-4.000000000000000e-03,5.778893277117720e-03,-9.778893277117721e-03
3700,17,3.500000000000000e-03,5.738653883156813e-03,-2.238653883156813e-03
3700,18,3.000000000000000e-03,5.697710506620240e-03,-2.697710506620240e-03
3700,19,-2.500000000000000e-03,5.656201375278079e-03,-8.156201375278080e-03
3700,20,2.000000000000000e-03,5.615514412309795e-03,-3.615514412309795e-03
3700,21,1.800000000000000e-03,5.574530884156353e-03,-3.774530884156353e-03
3700,22,-1.500000000000000e-03,5.533312519525715e-03,-7.033312519525716e-03
3700,23,1.200000000000000e-03,5.492695855900546e-03,-4.292695855900547e-03
3700,24,1.000000000000000e-03,5.452012738091223e-03,-4.452012738091223e-03
3700,25,-8.000000000000000e-04,5.411323718988753e-03,-6.211323718988753e-03
3700,26,5.999999999999999e-04,5.371089006255674e-03,-4.771089006255674e-03
3700,27,5.000000000000000e-04,5.330965819155361e-03,-4.830965819155361e-03
3700,28,-4.000000000000000e-04,5.290988463567976e-03,-5.690988463567976e-03
3700,29,3.000000000000000e-04,5.251390949469701e-03,-4.951390949469701e-03
3800,0,1.200000000000000e-01,6.318155347569911e-03,1.136818446524301e-01
3800,1,-8.000000000000000e-02,6.288155347569910e-03,-8.628815534756991e-02
3800,2,5.500000000000000e-02,6.278162847569910e-03,4.872183715243009e-02
3800,3,4.000000000000000e-02,6.254425343819911e-03,3.374557465618009e-02
3800,4,-3.000000000000000e-02,6.220705643197722e-03,-3.622070564319772e-02
3800,5,2.500000000000000e-02,6.194519662276157e-03,1.880548033772384e-02
3800,6,2.000000000000000e-02,6.162116413830744e-03,1.383788358616926e-02
3800,7,-1.800000000000000e-02,6.124761770257998e-03,-2.412476177025800e-02
3800,8,1.500000000000000e-02,6.091972497311506e-03,8.908027502688494e-03
3800,9,1.200000000000000e-02,6.055498802910904e-03,5.944501197089096e-03
3800,10,-1.000000000000000e-02,6.016107174322706e-03,-1.601610717432271e-02
3800,11,8.999999999999999e-03,5.979314024805977e-03,3.020685975194022e-03
3800,12,8.000000000000000e-03,5.940372056450421e-03,2.059627943549579e-03
3800,13,-7.000000000000000e-03,5.899546913999931e-03,-1.289954691399993e-02
3800,14,6.000000000000000e-03,5.860604453262404e-03,1.393955467375958e-04
3800,15,5.000000000000000e-03,5.820298291137458e-03,-8.202982911374576e-04
3800,16,-4.000000000000000e-03,5.778893277120481e-03,-9.778893277120481e-03
3800,17,3.500000000000000e-03,5.738653883159574e-03,-2.238653883159574e-03
3800,18,3.000000000000000e-03,5.697710506623000e-03,-2.697710506623000e-03
3800,19,-2.500000000000000e-03,5.656201375280840e-03,-8.156201375280839e-03
3800,20,2.000000000000000e-03,5.615514412312556e-03,-3.615514412312556e-03
3800,21,1.800000000000000e-03,5.574530884159113e-03,-3.774530884159113e-03
3800,22,-1.500000000000000e-03,5.533312519528476e-03,-7.033312519528476e-03
3800,23,1.200000000000000e-03,5.492695855903307e-03,-4.292695855903307e-03
3800,24,1.000000000000000e-03,5.452012738093984e-03,-4.452012738093983e-03
3800,25,-8.000000000000000e-04,5.411323718991514e-03,-6.211323718991514e-03
3800,26,5.999999999999999e-04,5.371089006258435e-03,-4.771089006258435e-03
3800,27,5.000000000000000e-04,5.330965819158122e-03,-4.830965819158121e-03
3800,28,-4.000000000000000e-04,5.290988463570736e-03,-5.690988463570737e-03
3800,29,3.000000000000000e-04,5.251390949472461e-03,-4.951390949472462e-03
3900,0,1.200000000000000e-01,6.318155347571212e-03,1.136818446524288e-01
3900,1,-8.000000000000000e-02,6.288155347571212e-03,-8.628815534757121e-02
3900,2,5.500000000000000e-02,6.278162847571211e-03,4.872183715242879e-02
3900,3,4.000000000000000e-02,6.254425343821212e-03,3.374557465617879e-02
3900,4,-3.000000000000000e-02,6.220705643199023e-03,-3.622070564319902e-02
3900,5,2.500000000000000e-02,6.194519662277458e-03,1.880548033772254e-02
3900,6,2.000000000000000e-02,6.162116413832045e-03,1.383788358616796e-02
3900,7,-1.800000000000000e-02,6.124761770259299e-03,-2.412476177025930e-02
3900,8,1.500000000000000e-02,6.091972497312807e-03,8.908027502687193e-03
3900,9,1.200000000000000e-02,6.055498802912205e-03,5.944501197087795e-03
3900,10,-1.000000000000000e-02,6.016107174324007e-03,-1.601610717432401e-02
3900,11,8.999999999999999e-03,5.979314024807278e-03,3.020685975192721e-03
3900,12,8.000000000000000e-03,5.940372056451722e-03,2.059627943548278e-03
3900,13,-7.000000000000000e-03,5.899546914001232e-03,-1.289954691400123e-02
3900,14,6.000000000000000e-03,5.860604453263705e-03,1.393955467362947e-04
3900,15,5.000000000000000e-03,5.820298291138759e-03,-8.202982911387586e-04
3900,16,-4.000000000000000e-03,5.778893277121782e-03,-9.778893277121782e-03
3900,17,3.500000000000000e-03,5.738653883160875e-03,-2.238653883160875e-03
3900,18,3.000000000000000e-03,5.697710506624301e-03,-2.697710506624301e-03
3900,19,-2.500000000000000e-03,5.656201375282141e-03,-8.156201375282141e-03
3900,20,2.000000000000000e-03,5.615514412313857e-03,-3.615514412313857e-03
3900,21,1.800000000000000e-03,5.574530884160414e-03,-3.774530884160414e-03
3900,22,-1.500000000000000e-03,5.533312519529777e-03,-7.033312519529777e-03
3900,23,1.200000000000000e-03,5.492695855904608e-03,-4.292695855904608e-03
3900,24,1.000000000000000e-03,5.452012738095285e-03,-4.452012738095285e-03
3900,25,-8.000000000000000e-04,5.411323718992815e-03,-6.211323718992815e-03
3900,26,5.999999999999999e-04,5.371089006259736e-03,-4.771089006259736e-03
3900,27,5.000000000000000e-04,5.330965819159423e-03,-4.830965819159422e-03
3900,28,-4.000000000000000e-04,5.290988463572037e-03,-5.690988463572038e-03
3900,29,3.000000000000000e-04,5.251390949473763e-03,-4.951390949473763e-03
4000,0,1.200000000000000e-01,6.318155347571825e-03,1.136818446524282e-01
4000,1,-8.000000000000000e-02,6.288155347571825e-03,-8.628815534757182e-02
4000,2,5.500000000000000e-02,6.278162847571825e-03,4.872183715242818e-02
4000,3,4.000000000000000e-02,6.254425343821825e-03,3.374557465617817e-02
4000,4,-3.000000000000000e-02,6.220705643199636e-03,-3.622070564319964e-02
4000,5,2.500000000000000e-02,6.194519662278071e-03,1.880548033772193e-02
4000,6,2.000000000000000e-02,6.162116413832658e-03,1.383788358616734e-02
4000,7,-1.800000000000000e-02,6.124761770259913e-03,-2.412476177025991e-02
4000,8,1.500000000000000e-02,6.091972497313420e-03,8.908027502686579e-03
4000,9,1.200000000000000e-02,6.055498802912818e-03,5.944501197087182e-03
4000,10,-1.000000000000000e-02,6.016107174324620e-03,-1.601610717432462e-02
4000,11,8.999999999999999e-03,5.979314024807891e-03,3.020685975192108e-03
4000,12,8.000000000000000e-03,5.940372056452335e-03,2.059627943547665e-03
4000,13,-7.000000000000000e-03,5.899546914001845e-03,-1.289954691400184e-02
4000,14,6.000000000000000e-03,5.860604453264319e-03,1.393955467356815e-04
4000,15,5.000000000000000e-03,5.820298291139372e-03,-8.202982911393718e-04
4000,16,-4.000000000000000e-03,5.778893277122396e-03,-9.778893277122395e-03
4000,17,3.500000000000000e-03,5.738653883161488e-03,-2.238653883161488e-03
4000,18,3.000000000000000e-03,5.697710506624915e-03,-2.697710506624915e-03
4000,19,-2.500000000000000e-03,5.656201375282754e-03,-8.156201375282755e-03
4000,20,2.000000000000000e-03,5.615514412314470e-03,-3.615514412314470e-03
4000,21,1.800000000000000e-03,5.574530884161028e-03,-3.774530884161028e-03
4000,22,-1.500000000000000e-03,5.533312519530390e-03,-7.033312519530391e-03
4000,23,1.200000000000000e-03,5.492695855905221e-03,-4.292695855905222e-03
4000,24,1.000000000000000e-03,5.452012738095898e-03,-4.452012738095898e-03
4000,25,-8.000000000000000e-04,5.411323718993428e-03,-6.211323718993429e-03
4000,26,5.999999999999999e-04,5.371089006260349e-03,-4.771089006260349e-03
4000,27,5.000000000000000e-04,5.330965819160036e-03,-4.830965819160036e-03
4000,28,-4.000000000000000e-04,5.290988463572651e-03,-5.690988463572651e-03
4000,29,3.000000000000000e-04,5.251390949474376e-03,-4.951390949474376e-03
4100,0,1.200000000000000e-01,6.318155347572112e-03,1.136818446524279e-01
4100,1,-8.000000000000000e-02,6.288155347572112e-03,-8.628815534757212e-02
4100,2,5.500000000000000e-02,6.278162847572112e-03,4.872183715242789e-02
4100,3,4.000000000000000e-02,6.254425343822112e-03,3.374557465617789e-02
4100,4,-3.000000000000000e-02,6.220705643199923e-03,-3.622070564319992e-02
4100,5,2.500000000000000e-02,6.194519662278358e-03,1.880548033772164e-02
4100,6,2.000000000000000e-02,6.162116413832945e-03,1.383788358616705e-02
4100,7,-1.800000000000000e-02,6.124761770260200e-03,-2.412476177026020e-02
4100,8,1.500000000000000e-02,6.091972497313707e-03,8.908027502686293e-03
4100,9,1.200000000000000e-02,6.055498802913105e-03,5.944501197086895e-03
4100,10,-1.000000000000000e-02,6.016107174324908e-03,-1.601610717432491e-02
4100,11,8.999999999999999e-03,5.979314024808178e-03,3.020685975191821e-03
4100,12,8.000000000000000e-03,5.940372056452622e-03,2.059627943547378e-03
4100,13,-7.000000000000000e-03,5.899546914002132e-03,-1.289954691400213e-02
4100,14,6.000000000000000e-03,5.860604453264606e-03,1.393955467353944e-04
4100,15,5.000000000000000e-03,5.820298291139659e-03,-8.202982911396589e-04
4100,16,-4.000000000000000e-03,5.778893277122683e-03,-9.778893277122683e-03
4100,17,3.500000000000000e-03,5.738653883161775e-03,-2.238653883161775e-03
4100,18,3.000000000000000e-03,5.697710506625202e-03,-2.697710506625202e-03
4100,19,-2.500000000000000e-03,5.656201375283041e-03,-8.156201375283041e-03
4100,20,2.000000000000000e-03,5.615514412314757e-03,-3.615514412314757e-03
4100,21,1.800000000000000e-03,5.574530884161315e-03,-3.774530884161315e-03
4100,22,-1.500000000000000e-03,5.533312519530677e-03,-7.033312519530677e-03
4100,23,1.200000000000000e-03,5.492695855905508e-03,-4.292695855905509e-03
4100,24,1.000000000000000e-03,5.452012738096185e-03,-4.452012738096185e-03
4100,25,-8.000000000000000e-04,5.411323718993715e-03,-6.211323718993716e-03
4100,26,5.999999999999999e-04,5.371089006260636e-03,-4.771089006260636e-03
4100,27,5.000000000000000e-04,5.330965819160323e-03,-4.830965819160322e-03
4100,28,-4.000000000000000e-04,5.290988463572938e-03,-5.690988463572938e-03
4100,29,3.000000000000000e-04,5.251390949474663e-03,-4.951390949474663e-03
4200,0,1.200000000000000e-01,6.318155347572243e-03,1.136818446524278e-01
4200,1,-8.000000000000000e-02,6.288155347572243e-03,-8.628815534757224e-02
4200,2,5.500000000000000e-02,6.278162847572243e-03,4.872183715242775e-02
4200,3,4.000000000000000e-02,6.254425343822243e-03,3.374557465617776e-02
4200,4,-3.000000000000000e-02,6.220705643200054e-03,-3.622070564320005e-02
4200,5,2.500000000000000e-02,6.194519662278489e-03,1.880548033772151e-02
4200,6,2.000000000000000e-02,6.162116413833076e-03,1.383788358616692e-02
4200,7,-1.800000000000000e-02,6.124761770260331e-03,-2.412476177026033e-02
4200,8,1.500000000000000e-02,6.091972497313838e-03,8.908027502686162e-03
4200,9,1.200000000000000e-02,6.055498802913236e-03,5.944501197086764e-03
4200,10,-1.000000000000000e-02,6.016107174325038e-03,-1.601610717432504e-02
4200,11,8.999999999999999e-03,5.979314024808309e-03,3.020685975191690e-03
4200,12,8.000000000000000e-03,5.940372056452753e-03,2.059627943547247e-03
4200,13,-7.000000000000000e-03,5.899546914002263e-03,-1.289954691400226e-02
4200,14,6.000000000000000e-03,5.860604453264737e-03,1.393955467352635e-04
4200,15,5.000000000000000e-03,5.820298291139790e-03,-8.202982911397899e-04
4200,16,-4.000000000000000e-03,5.778893277122814e-03,-9.778893277122815e-03
4200,17,3.500000000000000e-03,5.738653883161906e-03,-2.238653883161906e-03
4200,18,3.000000000000000e-03,5.697710506625333e-03,-2.697710506625333e-03
4200,19,-2.500000000000000e-03,5.656201375283172e-03,-8.156201375283173e-03
4200,20,2.000000000000000e-03,5.615514412314888e-03,-3.615514412314888e-03
4200,21,1.800000000000000e-03,5.574530884161446e-03,-3.774530884161446e-03
4200,22,-1.500000000000000e-03,5.533312519530808e-03,-7.033312519530809e-03
4200,23,1.200000000000000e-03,5.492695855905639e-03,-4.292695855905640e-03
4200,24,1.000000000000000e-03,5.452012738096316e-03,-4.452012738096316e-03
4200,25,-8.000000000000000e-04,5.411323718993846e-03,-6.211323718993847e-03
4200,26,5.999999999999999e-04,5.371089006260767e-03,-4.771089006260767e-03
4200,27,5.000000000000000e-04,5.330965819160454e-03,-4.830965819160454e-03
4200,28,-4.000000000000000e-04,5.290988463573069e-03,-5.690988463573069e-03
4200,29,3.000000000000000e-04,5.251390949474794e-03,-4.951390949474794e-03
4300,0,1.200000000000000e-01,6.318155347572314e-03,1.136818446524277e-01
4300,1,-8.000000000000000e-02,6.288155347572314e-03,-8.628815534757231e-02
4300,2,5.500000000000000e-02,6.278162847572314e-03,4.872183715242769e-02
4300,3,4.000000000000000e-02,6.254425343822314e-03,3.374557465617769e-02
4300,4,-3.000000000000000e-02,6.220705643200125e-03,-3.622070564320012e-02
4300,5,2.500000000000000e-02,6.194519662278560e-03,1.880548033772144e-02
4300,6,2.000000000000000e-02,6.162116413833147e-03,1.383788358616685e-02
4300,7,-1.800000000000000e-02,6.124761770260402e-03,-2.412476177026040e-02
4300,8,1.500000000000000e-02,6.091972497313909e-03,8.908027502686090e-03
4300,9,1.200000000000000e-02,6.055498802913307e-03,5.944501197086693e-03
4300,10,-1.000000000000000e-02,6.016107174325110e-03,-1.601610717432511e-02
4300,11,8.999999999999999e-03,5.979314024808381e-03,3.020685975191619e-03
4300,12,8.000000000000000e-03,5.940372056452824e-03,2.059627943547176e-03
4300,13,-7.000000000000000e-03,5.899546914002334e-03,-1.289954691400233e-02
4300,14,6.000000000000000e-03,5.860604453264808e-03,1.393955467351923e-04
4300,15,5.000000000000000e-03,5.820298291139861e-03,-8.202982911398610e-04
4300,16,-4.000000000000000e-03,5.778893277122885e-03,-9.778893277122884e-03
4300,17,3.500000000000000e-03,5.738653883161977e-03,-2.238653883161977e-03
4300,18,3.000000000000000e-03,5.697710506625404e-03,-2.697710506625404e-03
4300,19,-2.500000000000000e-03,5.656201375283243e-03,-8.156201375283244e-03
4300,20,2.000000000000000e-03,5.615514412314959e-03,-3.615514412314959e-03
4300,21,1.800000000000000e-03,5.574530884161517e-03,-3.774530884161517e-03
4300,22,-1.500000000000000e-03,5.533312519530880e-03,-7.033312519530880e-03
4300,23,1.200000000000000e-03,5.492695855905711e-03,-4.292695855905711e-03
4300,24,1.000000000000000e-03,5.452012738096387e-03,-4.452012738096387e-03
4300,25,-8.000000000000000e-04,5.411323718993917e-03,-6.211323718993918e-03
4300,26,5.999999999999999e-04,5.371089006260838e-03,-4.771089006260838e-03
4300,27,5.000000000000000e-04,5.330965819160525e-03,-4.830965819160525e-03
4300,28,-4.000000000000000e-04,5.290988463573140e-03,-5.690988463573140e-03
4300,29,3.000000000000000e-04,5.251390949474865e-03,-4.951390949474865e-03
4400,0,1.200000000000000e-01,6.318155347572314e-03,1.136818446524277e-01
4400,1,-8.000000000000000e-02,6.288155347572314e-03,-8.628815534757231e-02
4400,2,5.500000000000000e-02,6.278162847572314e-03,4.872183715242769e-02
4400,3,4.000000000000000e-02,6.254425343822314e-03,3.374557465617769e-02
4400,4,-3.000000000000000e-02,6.220705643200125e-03,-3.622070564320012e-02
4400,5,2.500000000000000e-02,6.194519662278560e-03,1.880548033772144e-02
4400,6,2.000000000000000e-02,6.162116413833147e-03,1.383788358616685e-02
4400,7,-1.800000000000000e-02,6.124761770260402e-03,-2.412476177026040e-02
4400,8,1.500000000000000e-02,6.091972497313909e-03,8.908027502686090e-03
4400,9,1.200000000000000e-02,6.055498802913307e-03,5.944501197086693e-03
4400,10,-1.000000000000000e-02,6.016107174325110e-03,-1.601610717432511e-02
4400,11,8.999999999999999e-03,5.979314024808381e-03,3.020685975191619e-03
4400,12,8.000000000000000e-03,5.940372056452824e-03,2.059627943547176e-03
4400,13,-7.000000000000000e-03,5.899546914002334e-03,-1.289954691400233e-02
4400,14,6.000000000000000e-03,5.860604453264808e-03,1.393955467351923e-04
4400,15,5.000000000000000e-03,5.820298291139861e-03,-8.202982911398610e-04
4400,16,-4.000000000000000e-03,5.778893277122885e-03,-9.778893277122884e-03
4400,17,3.500000000000000e-03,5.738653883161977e-03,-2.238653883161977e-03
4400,18,3.000000000000000e-03,5.697710506625404e-03,-2.697710506625404e-03
4400,19,-2.500000000000000e-03,5.656201375283243e-03,-8.156201375283244e-03
4400,20,2.000000000000000e-03,5.615514412314959e-03,-3.615514412314959e-03
4400,21,1.800000000000000e-03,5.574530884161517e-03,-3.774530884161517e-03
4400,22,-1.500000000000000e-03,5.533312519530880e-03,-7.033312519530880e-03
4400,23,1.200000000000000e-03,5.492695855905711e-03,-4.292695855905711e-03
4400,24,1.000000000000000e-03,5.452012738096387e-03,-4.452012738096387e-03
4400,25,-8.000000000000000e-04,5.411323718993917e-03,-6.211323718993918e-03
4400,26,5.999999999999999e-04,5.371089006260838e-03,-4.771089006260838e-03
4400,27,5.000000000000000e-04,5.330965819160525e-03,-4.830965819160525e-03
4400,28,-4.000000000000000e-04,5.290988463573140e-03,-5.690988463573140e-03
4400,29,3.000000000000000e-04,5.251390949474865e-03,-4.951390949474865e-03
4500,0,1.200000000000000e-01,6.318155347572314e-03,1.136818446524277e-01
4500,1,-8.000000000000000e-02,6.288155347572314e-03,-8.628815534757231e-02
4500,2,5.500000000000000e-02,6.278162847572314e-03,4.872183715242769e-02
4500,3,4.000000000000000e-02,6.254425343822314e-03,3.374557465617769e-02
4500,4,-3.000000000000000e-02,6.220705643200125e-03,-3.622070564320012e-02
4500,5,2.500000000000000e-02,6.194519662278560e-03,1.880548033772144e-02
4500,6,2.000000000000000e-02,6.162116413833147e-03,1.383788358616685e-02
4500,7,-1.800000000000000e-02,6.124761770260402e-03,-2.412476177026040e-02
4500,8,1.500000000000000e-02,6.091972497313909e-03,8.908027502686090e-03
4500,9,1.200000000000000e-02,6.055498802913307e-03,5.944501197086693e-03
4500,10,-1.000000000000000e-02,6.016107174325110e-03,-1.601610717432511e-02
4500,11,8.999999999999999e-03,5.979314024808381e-03,3.020685975191619e-03
4500,12,8.000000000000000e-03,5.940372056452824e-03,2.059627943547176e-03
4500,13,-7.000000000000000e-03,5.899546914002334e-03,-1.289954691400233e-02
4500,14,6.000000000000000e-03,5.860604453264808e-03,1.393955467351923e-04
4500,15,5.000000000000000e-03,5.820298291139861e-03,-8.202982911398610e-04
4500,16,-4.000000000000000e-03,5.778893277122885e-03,-9.778893277122884e-03
4500,17,3.500000000000000e-03,5.738653883161977e-03,-2.238653883161977e-03
4500,18,3.000000000000000e-03,5.697710506625404e-03,-2.697710506625404e-03
4500,19,-2.500000000000000e-03,5.656201375283243e-03,-8.156201375283244e-03
4500,20,2.000000000000000e-03,5.615514412314959e-03,-3.615514412314959e-03
4500,21,1.800000000000000e-03,5.574530884161517e-03,-3.774530884161517e-03
4500,22,-1.500000000000000e-03,5.533312519530880e-03,-7.033312519530880e-03
4500,23,1.200000000000000e-03,5.492695855905711e-03,-4.292695855905711e-03
4500,24,1.000000000000000e-03,5.452012738096387e-03,-4.452012738096387e-03
4500,25,-8.000000000000000e-04,5.411323718993917e-03,-6.211323718993918e-03
4500,26,5.999999999999999e-04,5.371089006260838e-03,-4.771089006260838e-03
4500,27,5.000000000000000e-04,5.330965819160525e-03,-4.830965819160525e-03
4500,28,-4.000000000000000e-04,5.290988463573140e-03,-5.690988463573140e-03
4500,29,3.000000000000000e-04,5.251390949474865e-03,-4.951390949474865e-03
4600,0,1.200000000000000e-01,6.318155347572314e-03,1.136818446524277e-01
4600,1,-8.000000000000000e-02,6.288155347572314e-03,-8.628815534757231e-02
4600,2,5.500000000000000e-02,6.278162847572314e-03,4.872183715242769e-02
4600,3,4.000000000000000e-02,6.254425343822314e-03,3.374557465617769e-02
4600,4,-3.000000000000000e-02,6.220705643200125e-03,-3.622070564320012e-02
4600,5,2.500000000000000e-02,6.194519662278560e-03,1.880548033772144e-02
4600,6,2.000000000000000e-02,6.162116413833147e-03,1.383788358616685e-02
4600,7,-1.800000000000000e-02,6.124761770260402e-03,-2.412476177026040e-02
4600,8,1.500000000000000e-02,6.091972497313909e-03,8.908027502686090e-03
4600,9,1.200000000000000e-02,6.055498802913307e-03,5.944501197086693e-03
4600,10,-1.000000000000000e-02,6.016107174325110e-03,-1.601610717432511e-02
4600,11,8.999999999999999e-03,5.979314024808381e-03,3.020685975191619e-03
4600,12,8.000000000000000e-03,5.940372056452824e-03,2.059627943547176e-03
4600,13,-7.000000000000000e-03,5.899546914002334e-03,-1.289954691400233e-02
4600,14,6.000000000000000e-03,5.860604453264808e-03,1.393955467351923e-04
4600,15,5.000000000000000e-03,5.820298291139861e-03,-8.202982911398610e-04
4600,16,-4.000000000000000e-03,5.778893277122885e-03,-9.778893277122884e-03
4600,17,3.500000000000000e-03,5.738653883161977e-03,-2.238653883161977e-03
4600,18,3.000000000000000e-03,5.697710506625404e-03,-2.697710506625404e-03
4600,19,-2.500000000000000e-03,5.656201375283243e-03,-8.156201375283244e-03
4600,20,2.000000000000000e-03,5.615514412314959e-03,-3.615514412314959e-03
4600,21,1.800000000000000e-03,5.574530884161517e-03,-3.774530884161517e-03
4600,22,-1.500000000000000e-03,5.533312519530880e-03,-7.033312519530880e-03
4600,23,1.200000000000000e-03,5.492695855905711e-03,-4.292695855905711e-03
4600,24,1.000000000000000e-03,5.452012738096387e-03,-4.452012738096387e-03
4600,25,-8.000000000000000e-04,5.411323718993917e-03,-6.211323718993918e-03
4600,26,5.999999999999999e-04,5.371089006260838e-03,-4.771089006260838e-03
4600,27,5.000000000000000e-04,5.330965819160525e-03,-4.830965819160525e-03
4600,28,-4.000000000000000e-04,5.290988463573140e-03,-5.690988463573140e-03
4600,29,3.000000000000000e-04,5.251390949474865e-03,-4.951390949474865e-03
4700,0,1.200000000000000e-01,6.318155347572314e-03,1.136818446524277e-01
4700,1,-8.000000000000000e-02,6.288155347572314e-03,-8.628815534757231e-02
4700,2,5.500000000000000e-02,6.278162847572314e-03,4.872183715242769e-02
4700,3,4.000000000000000e-02,6.254425343822314e-03,3.374557465617769e-02
4700,4,-3.000000000000000e-02,6.220705643200125e-03,-3.622070564320012e-02
4700,5,2.500000000000000e-02,6.194519662278560e-03,1.880548033772144e-02
4700,6,2.000000000000000e-02,6.162116413833147e-03,1.383788358616685e-02
4700,7,-1.800000000000000e-02,6.124761770260402e-03,-2.412476177026040e-02
4700,8,1.500000000000000e-02,6.091972497313909e-03,8.908027502686090e-03
4700,9,1.200000000000000e-02,6.055498802913307e-03,5.944501197086693e-03
4700,10,-1.000000000000000e-02,6.016107174325110e-03,-1.601610717432511e-02
4700,11,8.999999999999999e-03,5.979314024808381e-03,3.020685975191619e-03
4700,12,8.000000000000000e-03,5.940372056452824e-03,2.059627943547176e-03
4700,13,-7.000000000000000e-03,5.899546914002334e-03,-1.289954691400233e-02
4700,14,6.000000000000000e-03,5.860604453264808e-03,1.393955467351923e-04
4700,15,5.000000000000000e-03,5.820298291139861e-03,-8.202982911398610e-04
4700,16,-4.000000000000000e-03,5.778893277122885e-03,-9.778893277122884e-03
4700,17,3.500000000000000e-03,5.738653883161977e-03,-2.238653883161977e-03
4700,18,3.000000000000000e-03,5.697710506625404e-03,-2.697710506625404e-03
4700,19,-2.500000000000000e-03,5.656201375283243e-03,-8.156201375283244e-03
4700,20,2.000000000000000e-03,5.615514412314959e-03,-3.615514412314959e-03
4700,21,1.800000000000000e-03,5.574530884161517e-03,-3.774530884161517e-03
4700,22,-1.500000000000000e-03,5.533312519530880e-03,-7.033312519530880e-03
4700,23,1.200000000000000e-03,5.492695855905711e-03,-4.292695855905711e-03
4700,24,1.000000000000000e-03,5.452012738096387e-03,-4.452012738096387e-03
4700,25,-8.000000000000000e-04,5.411323718993917e-03,-6.211323718993918e-03
4700,26,5.999999999999999e-04,5.371089006260838e-03,-4.771089006260838e-03
4700,27,5.000000000000000e-04,5.330965819160525e-03,-4.830965819160525e-03
4700,28,-4.000000000000000e-04,5.290988463573140e-03,-5.690988463573140e-03
4700,29,3.000000000000000e-04,5.251390949474865e-03,-4.951390949474865e-03
4800,0,1.200000000000000e-01,6.318155347572314e-03,1.136818446524277e-01
4800,1,-8.000000000000000e-02,6.288155347572314e-03,-8.628815534757231e-02
4800,2,5.500000000000000e-02,6.278162847572314e-03,4.872183715242769e-02
4800,3,4.000000000000000e-02,6.254425343822314e-03,3.374557465617769e-02
4800,4,-3.000000000000000e-02,6.220705643200125e-03,-3.622070564320012e-02
4800,5,2.500000000000000e-02,6.194519662278560e-03,1.880548033772144e-02
4800,6,2.000000000000000e-02,6.162116413833147e-03,1.383788358616685e-02
4800,7,-1.800000000000000e-02,6.124761770260402e-03,-2.412476177026040e-02
4800,8,1.500000000000000e-02,6.091972497313909e-03,8.908027502686090e-03
4800,9,1.200000000000000e-02,6.055498802913307e-03,5.944501197086693e-03
4800,10,-1.000000000000000e-02,6.016107174325110e-03,-1.601610717432511e-02
4800,11,8.999999999999999e-03,5.979314024808381e-03,3.020685975191619e-03
4800,12,8.000000000000000e-03,5.940372056452824e-03,2.059627943547176e-03
4800,13,-7.000000000000000e-03,5.899546914002334e-03,-1.289954691400233e-02
4800,14,6.000000000000000e-03,5.860604453264808e-03,1.393955467351923e-04
4800,15,5.000000000000000e-03,5.820298291139861e-03,-8.202982911398610e-04
4800,16,-4.000000000000000e-03,5.778893277122885e-03,-9.778893277122884e-03
4800,17,3.500000000000000e-03,5.738653883161977e-03,-2.238653883161977e-03
4800,18,3.000000000000000e-03,5.697710506625404e-03,-2.697710506625404e-03
4800,19,-2.500000000000000e-03,5.656201375283243e-03,-8.156201375283244e-03
4800,20,2.000000000000000e-03,5.615514412314959e-03,-3.615514412314959e-03
4800,21,1.800000000000000e-03,5.574530884161517e-03,-3.774530884161517e-03
4800,22,-1.500000000000000e-03,5.533312519530880e-03,-7.033312519530880e-03
4800,23,1.200000000000000e-03,5.492695855905711e-03,-4.292695855905711e-03
4800,24,1.000000000000000e-03,5.452012738096387e-03,-4.452012738096387e-03
4800,25,-8.000000000000000e-04,5.411323718993917e-03,-6.211323718993918e-03
4800,26,5.999999999999999e-04,5.371089006260838e-03,-4.771089006260838e-03
4800,27,5.000000000000000e-04,5.330965819160525e-03,-4.830965819160525e-03
4800,28,-4.000000000000000e-04,5.290988463573140e-03,-5.690988463573140e-03
4800,29,3.000000000000000e-04,5.251390949474865e-03,-4.951390949474865e-03
4900,0,1.200000000000000e-01,6.318155347572314e-03,1.136818446524277e-01
4900,1,-8.000000000000000e-02,6.288155347572314e-03,-8.628815534757231e-02
4900,2,5.500000000000000e-02,6.278162847572314e-03,4.872183715242769e-02
4900,3,4.000000000000000e-02,6.254425343822314e-03,3.374557465617769e-02
4900,4,-3.000000000000000e-02,6.220705643200125e-03,-3.622070564320012e-02
4900,5,2.500000000000000e-02,6.194519662278560e-03,1.880548033772144e-02
4900,6,2.000000000000000e-02,6.162116413833147e-03,1.383788358616685e-02
4900,7,-1.800000000000000e-02,6.124761770260402e-03,-2.412476177026040e-02
4900,8,1.500000000000000e-02,6.091972497313909e-03,8.908027502686090e-03
4900,9,1.200000000000000e-02,6.055498802913307e-03,5.944501197086693e-03
4900,10,-1.000000000000000e-02,6.016107174325110e-03,-1.601610717432511e-02
4900,11,8.999999999999999e-03,5.979314024808381e-03,3.020685975191619e-03
4900,12,8.000000000000000e-03,5.940372056452824e-03,2.059627943547176e-03
4900,13,-7.000000000000000e-03,5.899546914002334e-03,-1.289954691400233e-02
4900,14,6.000000000000000e-03,5.860604453264808e-03,1.393955467351923e-04
4900,15,5.000000000000000e-03,5.820298291139861e-03,-8.202982911398610e-04
4900,16,-4.000000000000000e-03,5.778893277122885e-03,-9.778893277122884e-03
4900,17,3.500000000000000e-03,5.738653883161977e-03,-2.238653883161977e-03
4900,18,3.000000000000000e-03,5.697710506625404e-03,-2.697710506625404e-03
4900,19,-2.500000000000000e-03,5.656201375283243e-03,-8.156201375283244e-03
4900,20,2.000000000000000e-03,5.615514412314959e-03,-3.615514412314959e-03
4900,21,1.800000000000000e-03,5.574530884161517e-03,-3.774530884161517e-03
4900,22,-1.500000000000000e-03,5.533312519530880e-03,-7.033312519530880e-03
4900,23,1.200000000000000e-03,5.492695855905711e-03,-4.292695855905711e-03
4900,24,1.000000000000000e-03,5.452012738096387e-03,-4.452012738096387e-03
4900,25,-8.000000000000000e-04,5.411323718993917e-03,-6.211323718993918e-03
4900,26,5.999999999999999e-04,5.371089006260838e-03,-4.771089006260838e-03
4900,27,5.000000000000000e-04,5.330965819160525e-03,-4.830965819160525e-03
4900,28,-4.000000000000000e-04,5.290988463573140e-03,-5.690988463573140e-03
4900,29,3.000000000000000e-04,5.251390949474865e-03,-4.951390949474865e-03
5000,0,1.200000000000000e-01,6.318155347572314e-03,1.136818446524277e-01
5000,1,-8.000000000000000e-02,6.288155347572314e-03,-8.628815534757231e-02
5000,2,5.500000000000000e-02,6.278162847572314e-03,4.872183715242769e-02
5000,3,4.000000000000000e-02,6.254425343822314e-03,3.374557465617769e-02
5000,4,-3.000000000000000e-02,6.220705643200125e-03,-3.622070564320012e-02
5000,5,2.500000000000000e-02,6.194519662278560e-03,1.880548033772144e-02
5000,6,2.000000000000000e-02,6.162116413833147e-03,1.383788358616685e-02
5000,7,-1.800000000000000e-02,6.124761770260402e-03,-2.412476177026040e-02
5000,8,1.500000000000000e-02,6.091972497313909e-03,8.908027502686090e-03
5000,9,1.200000000000000e-02,6.055498802913307e-03,5.944501197086693e-03
5000,10,-1.000000000000000e-02,6.016107174325110e-03,-1.601610717432511e-02
5000,11,8.999999999999999e-03,5.979314024808381e-03,3.020685975191619e-03
5000,12,8.000000000000000e-03,5.940372056452824e-03,2.059627943547176e-03
5000,13,-7.000000000000000e-03,5.899546914002334e-03,-1.289954691400233e-02
5000,14,6.000000000000000e-03,5.860604453264808e-03,1.393955467351923e-04
5000,15,5.000000000000000e-03,5.820298291139861e-03,-8.202982911398610e-04
5000,16,-4.000000000000000e-03,5.778893277122885e-03,-9.778893277122884e-03
5000,17,3.500000000000000e-03,5.738653883161977e-03,-2.238653883161977e-03
5000,18,3.000000000000000e-03,5.697710506625404e-03,-2.697710506625404e-03
5000,19,-2.500000000000000e-03,5.656201375283243e-03,-8.156201375283244e-03
5000,20,2.000000000000000e-03,5.615514412314959e-03,-3.615514412314959e-03
5000,21,1.800000000000000e-03,5.574530884161517e-03,-3.774530884161517e-03
5000,22,-1.500000000000000e-03,5.533312519530880e-03,-7.033312519530880e-03
5000,23,1.200000000000000e-03,5.492695855905711e-03,-4.292695855905711e-03
5000,24,1.000000000000000e-03,5.452012738096387e-03,-4.452012738096387e-03
5000,25,-8.000000000000000e-04,5.411323718993917e-03,-6.211323718993918e-03
5000,26,5.999999999999999e-04,5.371089006260838e-03,-4.771089006260838e-03
5000,27,5.000000000000000e-04,5.330965819160525e-03,-4.830965819160525e-03
5000,28,-4.000000000000000e-04,5.290988463573140e-03,-5.690988463573140e-03
5000,29,3.000000000000000e-04,5.251390949474865e-03,-4.951390949474865e-03
5100,0,1.200000000000000e-01,6.318155347572314e-03,1.136818446524277e-01
5100,1,-8.000000000000000e-02,6.288155347572314e-03,-8.628815534757231e-02
5100,2,5.500000000000000e-02,6.278162847572314e-03,4.872183715242769e-02
5100,3,4.000000000000000e-02,6.254425343822314e-03,3.374557465617769e-02
5100,4,-3.000000000000000e-02,6.220705643200125e-03,-3.622070564320012e-02
5100,5,2.500000000000000e-02,6.194519662278560e-03,1.880548033772144e-02
5100,6,2.000000000000000e-02,6.162116413833147e-03,1.383788358616685e-02
5100,7,-1.800000000000000e-02,6.124761770260402e-03,-2.412476177026040e-02
5100,8,1.500000000000000e-02,6.091972497313909e-03,8.908027502686090e-03
5100,9,1.200000000000000e-02,6.055498802913307e-03,5.944501197086693e-03
5100,10,-1.000000000000000e-02,6.016107174325110e-03,-1.601610717432511e-02
5100,11,8.999999999999999e-03,5.979314024808381e-03,3.020685975191619e-03
5100,12,8.000000000000000e-03,5.940372056452824e-03,2.059627943547176e-03
5100,13,-7.000000000000000e-03,5.899546914002334e-03,-1.289954691400233e-02
5100,14,6.000000000000000e-03,5.860604453264808e-03,1.393955467351923e-04
5100,15,5.000000000000000e-03,5.820298291139861e-03,-8.202982911398610e-04
5100,16,-4.000000000000000e-03,5.778893277122885e-03,-9.778893277122884e-03
5100,17,3.500000000000000e-03,5.738653883161977e-03,-2.238653883161977e-03
5100,18,3.000000000000000e-03,5.697710506625404e-03,-2.697710506625404e-03
5100,19,-2.500000000000000e-03,5.656201375283243e-03,-8.156201375283244e-03
5100,20,2.000000000000000e-03,5.615514412314959e-03,-3.615514412314959e-03
5100,21,1.800000000000000e-03,5.574530884161517e-03,-3.774530884161517e-03
5100,22,-1.500000000000000e-03,5.533312519530880e-03,-7.033312519530880e-03
5100,23,1.200000000000000e-03,5.492695855905711e-03,-4.292695855905711e-03
5100,24,1.000000000000000e-03,5.452012738096387e-03,-4.452012738096387e-03
5100,25,-8.000000000000000e-04,5.411323718993917e-03,-6.211323718993918e-03
5100,26,5.999999999999999e-04,5.371089006260838e-03,-4.771089006260838e-03
5100,27,5.000000000000000e-04,5.330965819160525e-03,-4.830965819160525e-03
5100,28,-4.000000000000000e-04,5.290988463573140e-03,-5.690988463573140e-03
5100,29,3.000000000000000e-04,5.251390949474865e-03,-4.951390949474865e-03
5200,0,1.200000000000000e-01,6.318155347572314e-03,1.136818446524277e-01
5200,1,-8.000000000000000e-02,6.288155347572314e-03,-8.628815534757231e-02
5200,2,5.500000000000000e-02,6.278162847572314e-03,4.872183715242769e-02
5200,3,4.000000000000000e-02,6.254425343822314e-03,3.374557465617769e-02
5200,4,-3.000000000000000e-02,6.220705643200125e-03,-3.622070564320012e-02
5200,5,2.500000000000000e-02,6.194519662278560e-03,1.880548033772144e-02
5200,6,2.000000000000000e-02,6.162116413833147e-03,1.383788358616685e-02
5200,7,-1.800000000000000e-02,6.124761770260402e-03,-2.412476177026040e-02
5200,8,1.500000000000000e-02,6.091972497313909e-03,8.908027502686090e-03
5200,9,1.200000000000000e-02,6.055498802913307e-03,5.944501197086693e-03
5200,10,-1.000000000000000e-02,6.016107174325110e-03,-1.601610717432511e-02
5200,11,8.999999999999999e-03,5.979314024808381e-03,3.020685975191619e-03
5200,12,8.000000000000000e-03,5.940372056452824e-03,2.059627943547176e-03
5200,13,-7.000000000000000e-03,5.899546914002334e-03,-1.289954691400233e-02
5200,14,6.000000000000000e-03,5.860604453264808e-03,1.393955467351923e-04
5200,15,5.000000000000000e-03,5.820298291139861e-03,-8.202982911398610e-04
5200,16,-4.000000000000000e-03,5.778893277122885e-03,-9.778893277122884e-03
5200,17,3.500000000000000e-03,5.738653883161977e-03,-2.238653883161977e-03
5200,18,3.000000000000000e-03,5.697710506625404e-03,-2.697710506625404e-03
5200,19,-2.500000000000000e-03,5.656201375283243e-03,-8.156201375283244e-03
5200,20,2.000000000000000e-03,5.615514412314959e-03,-3.615514412314959e-03
5200,21,1.800000000000000e-03,5.574530884161517e-03,-3.774530884161517e-03
5200,22,-1.500000000000000e-03,5.533312519530880e-03,-7.033312519530880e-03
5200,23,1.200000000000000e-03,5.492695855905711e-03,-4.292695855905711e-03
5200,24,1.000000000000000e-03,5.452012738096387e-03,-4.452012738096387e-03
5200,25,-8.000000000000000e-04,5.411323718993917e-03,-6.211323718993918e-03
5200,26,5.999999999999999e-04,5.371089006260838e-03,-4.771089006260838e-03
5200,27,5.000000000000000e-04,5.330965819160525e-03,-4.830965819160525e-03
5200,28,-4.000000000000000e-04,5.290988463573140e-03,-5.690988463573140e-03
5200,29,3.000000000000000e-04,5.251390949474865e-03,-4.951390949474865e-03
5300,0,1.200000000000000e-01,6.318155347572314e-03,1.136818446524277e-01
5300,1,-8.000000000000000e-02,6.288155347572314e-03,-8.628815534757231e-02
5300,2,5.500000000000000e-02,6.278162847572314e-03,4.872183715242769e-02
5300,3,4.000000000000000e-02,6.254425343822314e-03,3.374557465617769e-02
5300,4,-3.000000000000000e-02,6.220705643200125e-03,-3.622070564320012e-02
5300,5,2.500000000000000e-02,6.194519662278560e-03,1.880548033772144e-02
5300,6,2.000000000000000e-02,6.162116413833147e-03,1.383788358616685e-02
5300,7,-1.800000000000000e-02,6.124761770260402e-03,-2.412476177026040e-02
5300,8,1.500000000000000e-02,6.091972497313909e-03,8.908027502686090e-03
5300,9,1.200000000000000e-02,6.055498802913307e-03,5.944501197086693e-03
5300,10,-1.000000000000000e-02,6.016107174325110e-03,-1.601610717432511e-02
5300,11,8.999999999999999e-03,5.979314024808381e-03,3.020685975191619e-03
5300,12,8.000000000000000e-03,5.940372056452824e-03,2.059627943547176e-03
5300,13,-7.000000000000000e-03,5.899546914002334e-03,-1.289954691400233e-02
5300,14,6.000000000000000e-03,5.860604453264808e-03,1.393955467351923e-04
5300,15,5.000000000000000e-03,5.820298291139861e-03,-8.202982911398610e-04
5300,16,-4.000000000000000e-03,5.778893277122885e-03,-9.778893277122884e-03
5300,17,3.500000000000000e-03,5.738653883161977e-03,-2.238653883161977e-03
5300,18,3.000000000000000e-03,5.697710506625404e-03,-2.697710506625404e-03
5300,19,-2.500000000000000e-03,5.656201375283243e-03,-8.156201375283244e-03
5300,20,2.000000000000000e-03,5.615514412314959e-03,-3.615514412314959e-03
5300,21,1.800000000000000e-03,5.574530884161517e-03,-3.774530884161517e-03
5300,22,-1.500000000000000e-03,5.533312519530880e-03,-7.033312519530880e-03
5300,23,1.200000000000000e-03,5.492695855905711e-03,-4.292695855905711e-03
5300,24,1.000000000000000e-03,5.452012738096387e-03,-4.452012738096387e-03
5300,25,-8.000000000000000e-04,5.411323718993917e-03,-6.211323718993918e-03
5300,26,5.999999999999999e-04,5.371089006260838e-03,-4.771089006260838e-03
5300,27,5.000000000000000e-04,5.330965819160525e-03,-4.830965819160525e-03
5300,28,-4.000000000000000e-04,5.290988463573140e-03,-5.690988463573140e-03
5300,29,3.000000000000000e-04,5.251390949474865e-03,-4.951390949474865e-03
5400,0,1.200000000000000e-01,6.318155347572314e-03,1.136818446524277e-01
5400,1,-8.000000000000000e-02,6.288155347572314e-03,-8.628815534757231e-02
5400,2,5.500000000000000e-02,6.278162847572314e-03,4.872183715242769e-02
5400,3,4.000000000000000e-02,6.254425343822314e-03,3.374557465617769e-02
5400,4,-3.000000000000000e-02,6.220705643200125e-03,-3.622070564320012e-02
5400,5,2.500000000000000e-02,6.194519662278560e-03,1.880548033772144e-02
5400,6,2.000000000000000e-02,6.162116413833147e-03,1.383788358616685e-02
5400,7,-1.800000000000000e-02,6.124761770260402e-03,-2.412476177026040e-02
5400,8,1.500000000000000e-02,6.091972497313909e-03,8.908027502686090e-03
5400,9,1.200000000000000e-02,6.055498802913307e-03,5.944501197086693e-03
5400,10,-1.000000000000000e-02,6.016107174325110e-03,-1.601610717432511e-02
5400,11,8.999999999999999e-03,5.979314024808381e-03,3.020685975191619e-03
5400,12,8.000000000000000e-03,5.940372056452824e-03,2.059627943547176e-03
5400,13,-7.000000000000000e-03,5.899546914002334e-03,-1.289954691400233e-02
5400,14,6.000000000000000e-03,5.860604453264808e-03,1.393955467351923e-04
5400,15,5.000000000000000e-03,5.820298291139861e-03,-8.202982911398610e-04
5400,16,-4.000000000000000e-03,5.778893277122885e-03,-9.778893277122884e-03
5400,17,3.500000000000000e-03,5.738653883161977e-03,-2.238653883161977e-03
5400,18,3.000000000000000e-03,5.697710506625404e-03,-2.697710506625404e-03
5400,19,-2.500000000000000e-03,5.656201375283243e-03,-8.156201375283244e-03
5400,20,2.000000000000000e-03,5.615514412314959e-03,-3.615514412314959e-03
5400,21,1.800000000000000e-03,5.574530884161517e-03,-3.774530884161517e-03
5400,22,-1.500000000000000e-03,5.533312519530880e-03,-7.033312519530880e-03
5400,23,1.200000000000000e-03,5.492695855905711e-03,-4.292695855905711e-03
5400,24,1.000000000000000e-03,5.452012738096387e-03,-4.452012738096387e-03
5400,25,-8.000000000000000e-04,5.411323718993917e-03,-6.211323718993918e-03
5400,26,5.999999999999999e-04,5.371089006260838e-03,-4.771089006260838e-03
5400,27,5.000000000000000e-04,5.330965819160525e-03,-4.830965819160525e-03
5400,28,-4.000000000000000e-04,5.290988463573140e-03,-5.690988463573140e-03
5400,29,3.000000000000000e-04,5.251390949474865e-03,-4.951390949474865e-03
5500,0,1.200000000000000e-01,6.318155347572314e-03,1.136818446524277e-01
5500,1,-8.000000000000000e-02,6.288155347572314e-03,-8.628815534757231e-02
5500,2,5.500000000000000e-02,6.278162847572314e-03,4.872183715242769e-02
5500,3,4.000000000000000e-02,6.254425343822314e-03,3.374557465617769e-02
5500,4,-3.000000000000000e-02,6.220705643200125e-03,-3.622070564320012e-02
5500,5,2.500000000000000e-02,6.194519662278560e-03,1.880548033772144e-02
5500,6,2.000000000000000e-02,6.162116413833147e-03,1.383788358616685e-02
5500,7,-1.800000000000000e-02,6.124761770260402e-03,-2.412476177026040e-02
5500,8,1.500000000000000e-02,6.091972497313909e-03,8.908027502686090e-03
5500,9,1.200000000000000e-02,6.055498802913307e-03,5.944501197086693e-03
5500,10,-1.000000000000000e-02,6.016107174325110e-03,-1.601610717432511e-02
5500,11,8.999999999999999e-03,5.979314024808381e-03,3.020685975191619e-03
5500,12,8.000000000000000e-03,5.940372056452824e-03,2.059627943547176e-03
5500,13,-7.000000000000000e-03,5.899546914002334e-03,-1.289954691400233e-02
5500,14,6.000000000000000e-03,5.860604453264808e-03,1.393955467351923e-04
5500,15,5.000000000000000e-03,5.820298291139861e-03,-8.202982911398610e-04
5500,16,-4.000000000000000e-03,5.778893277122885e-03,-9.778893277122884e-03
5500,17,3.500000000000000e-03,5.738653883161977e-03,-2.238653883161977e-03
5500,18,3.000000000000000e-03,5.697710506625404e-03,-2.697710506625404e-03
5500,19,-2.500000000000000e-03,5.656201375283243e-03,-8.156201375283244e-03
5500,20,2.000000000000000e-03,5.615514412314959e-03,-3.615514412314959e-03
5500,21,1.800000000000000e-03,5.574530884161517e-03,-3.774530884161517e-03
5500,22,-1.500000000000000e-03,5.533312519530880e-03,-7.033312519530880e-03
5500,23,1.200000000000000e-03,5.492695855905711e-03,-4.292695855905711e-03
5500,24,1.000000000000000e-03,5.452012738096387e-03,-4.452012738096387e-03
5500,25,-8.000000000000000e-04,5.411323718993917e-03,-6.211323718993918e-03
5500,26,5.999999999999999e-04,5.371089006260838e-03,-4.771089006260838e-03
5500,27,5.000000000000000e-04,5.330965819160525e-03,-4.830965819160525e-03
5500,28,-4.000000000000000e-04,5.290988463573140e-03,-5.690988463573140e-03
5500,29,3.000000000000000e-04,5.251390949474865e-03,-4.951390949474865e-03
5600,0,1.200000000000000e-01,6.318155347572314e-03,1.136818446524277e-01
5600,1,-8.000000000000000e-02,6.288155347572314e-03,-8.628815534757231e-02
5600,2,5.500000000000000e-02,6.278162847572314e-03,4.872183715242769e-02
5600,3,4.000000000000000e-02,6.254425343822314e-03,3.374557465617769e-02
5600,4,-3.000000000000000e-02,6.220705643200125e-03,-3.622070564320012e-02
5600,5,2.500000000000000e-02,6.194519662278560e-03,1.880548033772144e-02
5600,6,2.000000000000000e-02,6.162116413833147e-03,1.383788358616685e-02
5600,7,-1.800000000000000e-02,6.124761770260402e-03,-2.412476177026040e-02
5600,8,1.500000000000000e-02,6.091972497313909e-03,8.908027502686090e-03
5600,9,1.200000000000000e-02,6.055498802913307e-03,5.944501197086693e-03
5600,10,-1.000000000000000e-02,6.016107174325110e-03,-1.601610717432511e-02
5600,11,8.999999999999999e-03,5.979314024808381e-03,3.020685975191619e-03
5600,12,8.000000000000000e-03,5.940372056452824e-03,2.059627943547176e-03
5600,13,-7.000000000000000e-03,5.899546914002334e-03,-1.289954691400233e-02
5600,14,6.000000000000000e-03,5.860604453264808e-03,1.393955467351923e-04
5600,15,5.000000000000000e-03,5.820298291139861e-03,-8.202982911398610e-04
5600,16,-4.000000000000000e-03,5.778893277122885e-03,-9.778893277122884e-03
5600,17,3.500000000000000e-03,5.738653883161977e-03,-2.238653883161977e-03
5600,18,3.000000000000000e-03,5.697710506625404e-03,-2.697710506625404e-03
5600,19,-2.500000000000000e-03,5.656201375283243e-03,-8.156201375283244e-03
5600,20,2.000000000000000e-03,5.615514412314959e-03,-3.615514412314959e-03
5600,21,1.800000000000000e-03,5.574530884161517e-03,-3.774530884161517e-03
5600,22,-1.500000000000000e-03,5.533312519530880e-03,-7.033312519530880e-03
5600,23,1.200000000000000e-03,5.492695855905711e-03,-4.292695855905711e-03
5600,24,1.000000000000000e-03,5.452012738096387e-03,-4.452012738096387e-03
5600,25,-8.000000000000000e-04,5.411323718993917e-03,-6.211323718993918e-03
5600,26,5.999999999999999e-04,5.371089006260838e-03,-4.771089006260838e-03
5600,27,5.000000000000000e-04,5.330965819160525e-03,-4.830965819160525e-03
5600,28,-4.000000000000000e-04,5.290988463573140e-03,-5.690988463573140e-03
5600,29,3.000000000000000e-04,5.251390949474865e-03,-4.951390949474865e-03
5700,0,1.200000000000000e-01,6.318155347572314e-03,1.136818446524277e-01
5700,1,-8.000000000000000e-02,6.288155347572314e-03,-8.628815534757231e-02
5700,2,5.500000000000000e-02,6.278162847572314e-03,4.872183715242769e-02
5700,3,4.000000000000000e-02,6.254425343822314e-03,3.374557465617769e-02
5700,4,-3.000000000000000e-02,6.220705643200125e-03,-3.622070564320012e-02
5700,5,2.500000000000000e-02,6.194519662278560e-03,1.880548033772144e-02
5700,6,2.000000000000000e-02,6.162116413833147e-03,1.383788358616685e-02
5700,7,-1.800000000000000e-02,6.124761770260402e-03,-2.412476177026040e-02
5700,8,1.500000000000000e-02,6.091972497313909e-03,8.908027502686090e-03
5700,9,1.200000000000000e-02,6.055498802913307e-03,5.944501197086693e-03
5700,10,-1.000000000000000e-02,6.016107174325110e-03,-1.601610717432511e-02
5700,11,8.999999999999999e-03,5.979314024808381e-03,3.020685975191619e-03
5700,12,8.000000000000000e-03,5.940372056452824e-03,2.059627943547176e-03
5700,13,-7.000000000000000e-03,5.899546914002334e-03,-1.289954691400233e-02
5700,14,6.000000000000000e-03,5.860604453264808e-03,1.393955467351923e-04
5700,15,5.000000000000000e-03,5.820298291139861e-03,-8.202982911398610e-04
5700,16,-4.000000000000000e-03,5.778893277122885e-03,-9.778893277122884e-03
5700,17,3.500000000000000e-03,5.738653883161977e-03,-2.238653883161977e-03
5700,18,3.000000000000000e-03,5.697710506625404e-03,-2.697710506625404e-03
5700,19,-2.500000000000000e-03,5.656201375283243e-03,-8.156201375283244e-03
5700,20,2.000000000000000e-03,5.615514412314959e-03,-3.615514412314959e-03
5700,21,1.800000000000000e-03,5.574530884161517e-03,-3.774530884161517e-03
5700,22,-1.500000000000000e-03,5.533312519530880e-03,-7.033312519530880e-03
5700,23,1.200000000000000e-03,5.492695855905711e-03,-4.292695855905711e-03
5700,24,1.000000000000000e-03,5.452012738096387e-03,-4.452012738096387e-03
5700,25,-8.000000000000000e-04,5.411323718993917e-03,-6.211323718993918e-03
5700,26,5.999999999999999e-04,5.371089006260838e-03,-4.771089006260838e-03
5700,27,5.000000000000000e-04,5.330965819160525e-03,-4.830965819160525e-03
5700,28,-4.000000000000000e-04,5.290988463573140e-03,-5.690988463573140e-03
5700,29,3.000000000000000e-04,5.251390949474865e-03,-4.951390949474865e-03
5800,0,1.200000000000000e-01,6.318155347572314e-03,1.136818446524277e-01
5800,1,-8.000000000000000e-02,6.288155347572314e-03,-8.628815534757231e-02
5800,2,5.500000000000000e-02,6.278162847572314e-03,4.872183715242769e-02
5800,3,4.000000000000000e-02,6.254425343822314e-03,3.374557465617769e-02
5800,4,-3.000000000000000e-02,6.220705643200125e-03,-3.622070564320012e-02
5800,5,2.500000000000000e-02,6.194519662278560e-03,1.880548033772144e-02
5800,6,2.000000000000000e-02,6.162116413833147e-03,1.383788358616685e-02
5800,7,-1.800000000000000e-02,6.124761770260402e-03,-2.412476177026040e-02
5800,8,1.500000000000000e-02,6.091972497313909e-03,8.908027502686090e-03
5800,9,1.200000000000000e-02,6.055498802913307e-03,5.944501197086693e-03
5800,10,-1.000000000000000e-02,6.016107174325110e-03,-1.601610717432511e-02
5800,11,8.999999999999999e-03,5.979314024808381e-03,3.020685975191619e-03
5800,12,8.000000000000000e-03,5.940372056452824e-03,2.059627943547176e-03
5800,13,-7.000000000000000e-03,5.899546914002334e-03,-1.289954691400233e-02
5800,14,6.000000000000000e-03,5.860604453264808e-03,1.393955467351923e-04
5800,15,5.000000000000000e-03,5.820298291139861e-03,-8.202982911398610e-04
5800,16,-4.000000000000000e-03,5.778893277122885e-03,-9.778893277122884e-03
5800,17,3.500000000000000e-03,5.738653883161977e-03,-2.238653883161977e-03
5800,18,3.000000000000000e-03,5.697710506625404e-03,-2.697710506625404e-03
5800,19,-2.500000000000000e-03,5.656201375283243e-03,-8.156201375283244e-03
5800,20,2.000000000000000e-03,5.615514412314959e-03,-3.615514412314959e-03
5800,21,1.800000000000000e-03,5.574530884161517e-03,-3.774530884161517e-03
5800,22,-1.500000000000000e-03,5.533312519530880e-03,-7.033312519530880e-03
5800,23,1.200000000000000e-03,5.492695855905711e-03,-4.292695855905711e-03
5800,24,1.000000000000000e-03,5.452012738096387e-03,-4.452012738096387e-03
5800,25,-8.000000000000000e-04,5.411323718993917e-03,-6.211323718993918e-03
5800,26,5.999999999999999e-04,5.371089006260838e-03,-4.771089006260838e-03
5800,27,5.000000000000000e-04,5.330965819160525e-03,-4.830965819160525e-03
5800,28,-4.000000000000000e-04,5.290988463573140e-03,-5.690988463573140e-03
5800,29,3.000000000000000e-04,5.251390949474865e-03,-4.951390949474865e-03
5900,0,1.200000000000000e-01,6.318155347572314e-03,1.136818446524277e-01
5900,1,-8.000000000000000e-02,6.288155347572314e-03,-8.628815534757231e-02
5900,2,5.500000000000000e-02,6.278162847572314e-03,4.872183715242769e-02
5900,3,4.000000000000000e-02,6.254425343822314e-03,3.374557465617769e-02
5900,4,-3.000000000000000e-02,6.220705643200125e-03,-3.622070564320012e-02
5900,5,2.500000000000000e-02,6.194519662278560e-03,1.880548033772144e-02
5900,6,2.000000000000000e-02,6.162116413833147e-03,1.383788358616685e-02
5900,7,-1.800000000000000e-02,6.124761770260402e-03,-2.412476177026040e-02
5900,8,1.500000000000000e-02,6.091972497313909e-03,8.908027502686090e-03
5900,9,1.200000000000000e-02,6.055498802913307e-03,5.944501197086693e-03
5900,10,-1.000000000000000e-02,6.016107174325110e-03,-1.601610717432511e-02
5900,11,8.999999999999999e-03,5.979314024808381e-03,3.020685975191619e-03
5900,12,8.000000000000000e-03,5.940372056452824e-03,2.059627943547176e-03
5900,13,-7.000000000000000e-03,5.899546914002334e-03,-1.289954691400233e-02
5900,14,6.000000000000000e-03,5.860604453264808e-03,1.393955467351923e-04
5900,15,5.000000000000000e-03,5.820298291139861e-03,-8.202982911398610e-04
5900,16,-4.000000000000000e-03,5.778893277122885e-03,-9.778893277122884e-03
5900,17,3.500000000000000e-03,5.738653883161977e-03,-2.238653883161977e-03
5900,18,3.000000000000000e-03,5.697710506625404e-03,-2.697710506625404e-03
5900,19,-2.500000000000000e-03,5.656201375283243e-03,-8.156201375283244e-03
5900,20,2.000000000000000e-03,5.615514412314959e-03,-3.615514412314959e-03
5900,21,1.800000000000000e-03,5.574530884161517e-03,-3.774530884161517e-03
5900,22,-1.500000000000000e-03,5.533312519530880e-03,-7.033312519530880e-03
5900,23,1.200000000000000e-03,5.492695855905711e-03,-4.292695855905711e-03
5900,24,1.000000000000000e-03,5.452012738096387e-03,-4.452012738096387e-03
5900,25,-8.000000000000000e-04,5.411323718993917e-03,-6.211323718993918e-03
5900,26,5.999999999999999e-04,5.371089006260838e-03,-4.771089006260838e-03
5900,27,5.000000000000000e-04,5.330965819160525e-03,-4.830965819160525e-03
5900,28,-4.000000000000000e-04,5.290988463573140e-03,-5.690988463573140e-03
5900,29,3.000000000000000e-04,5.251390949474865e-03,-4.951390949474865e-03
6000,0,1.200000000000000e-01,6.318155347572314e-03,1.136818446524277e-01
6000,1,-8.000000000000000e-02,6.288155347572314e-03,-8.628815534757231e-02
6000,2,5.500000000000000e-02,6.278162847572314e-03,4.872183715242769e-02
6000,3,4.000000000000000e-02,6.254425343822314e-03,3.374557465617769e-02
6000,4,-3.000000000000000e-02,6.220705643200125e-03,-3.622070564320012e-02
6000,5,2.500000000000000e-02,6.194519662278560e-03,1.880548033772144e-02
6000,6,2.000000000000000e-02,6.162116413833147e-03,1.383788358616685e-02
6000,7,-1.800000000000000e-02,6.124761770260402e-03,-2.412476177026040e-02
6000,8,1.500000000000000e-02,6.091972497313909e-03,8.908027502686090e-03
6000,9,1.200000000000000e-02,6.055498802913307e-03,5.944501197086693e-03
6000,10,-1.000000000000000e-02,6.016107174325110e-03,-1.601610717432511e-02
6000,11,8.999999999999999e-03,5.979314024808381e-03,3.020685975191619e-03
6000,12,8.000000000000000e-03,5.940372056452824e-03,2.059627943547176e-03
6000,13,-7.000000000000000e-03,5.899546914002334e-03,-1.289954691400233e-02
6000,14,6.000000000000000e-03,5.860604453264808e-03,1.393955467351923e-04
6000,15,5.000000000000000e-03,5.820298291139861e-03,-8.202982911398610e-04
6000,16,-4.000000000000000e-03,5.778893277122885e-03,-9.778893277122884e-03
6000,17,3.500000000000000e-03,5.738653883161977e-03,-2.238653883161977e-03
6000,18,3.000000000000000e-03,5.697710506625404e-03,-2.697710506625404e-03
6000,19,-2.500000000000000e-03,5.656201375283243e-03,-8.156201375283244e-03
6000,20,2.000000000000000e-03,5.615514412314959e-03,-3.615514412314959e-03
6000,21,1.800000000000000e-03,5.574530884161517e-03,-3.774530884161517e-03
6000,22,-1.500000000000000e-03,5.533312519530880e-03,-7.033312519530880e-03
6000,23,1.200000000000000e-03,5.492695855905711e-03,-4.292695855905711e-03
6000,24,1.000000000000000e-03,5.452012738096387e-03,-4.452012738096387e-03
6000,25,-8.000000000000000e-04,5.411323718993917e-03,-6.211323718993918e-03
6000,26,5.999999999999999e-04,5.371089006260838e-03,-4.771089006260838e-03
6000,27,5.000000000000000e-04,5.330965819160525e-03,-4.830965819160525e-03
6000,28,-4.000000000000000e-04,5.290988463573140e-03,-5.690988463573140e-03
6000,29,3.000000000000000e-04,5.251390949474865e-03,-4.951390949474865e-03
6100,0,1.200000000000000e-01,6.318155347572314e-03,1.136818446524277e-01
6100,1,-8.000000000000000e-02,6.288155347572314e-03,-8.628815534757231e-02
6100,2,5.500000000000000e-02,6.278162847572314e-03,4.872183715242769e-02
6100,3,4.000000000000000e-02,6.254425343822314e-03,3.374557465617769e-02
6100,4,-3.000000000000000e-02,6.220705643200125e-03,-3.622070564320012e-02
6100,5,2.500000000000000e-02,6.194519662278560e-03,1.880548033772144e-02
6100,6,2.000000000000000e-02,6.162116413833147e-03,1.383788358616685e-02
6100,7,-1.800000000000000e-02,6.124761770260402e-03,-2.412476177026040e-02
6100,8,1.500000000000000e-02,6.091972497313909e-03,8.908027502686090e-03
6100,9,1.200000000000000e-02,6.055498802913307e-03,5.944501197086693e-03
6100,10,-1.000000000000000e-02,6.016107174325110e-03,-1.601610717432511e-02
6100,11,8.999999999999999e-03,5.979314024808381e-03,3.020685975191619e-03
6100,12,8.000000000000000e-03,5.940372056452824e-03,2.059627943547176e-03
6100,13,-7.000000000000000e-03,5.899546914002334e-03,-1.289954691400233e-02
6100,14,6.000000000000000e-03,5.860604453264808e-03,1.393955467351923e-04
6100,15,5.000000000000000e-03,5.820298291139861e-03,-8.202982911398610e-04
6100,16,-4.000000000000000e-03,5.778893277122885e-03,-9.778893277122884e-03
6100,17,3.500000000000000e-03,5.738653883161977e-03,-2.238653883161977e-03
6100,18,3.000000000000000e-03,5.697710506625404e-03,-2.697710506625404e-03
6100,19,-2.500000000000000e-03,5.656201375283243e-03,-8.156201375283244e-03
6100,20,2.000000000000000e-03,5.615514412314959e-03,-3.615514412314959e-03
6100,21,1.800000000000000e-03,5.574530884161517e-03,-3.774530884161517e-03
6100,22,-1.500000000000000e-03,5.533312519530880e-03,-7.033312519530880e-03
6100,23,1.200000000000000e-03,5.492695855905711e-03,-4.292695855905711e-03
6100,24,1.000000000000000e-03,5.452012738096387e-03,-4.452012738096387e-03
6100,25,-8.000000000000000e-04,5.411323718993917e-03,-6.211323718993918e-03
6100,26,5.999999999999999e-04,5.371089006260838e-03,-4.771089006260838e-03
6100,27,5.000000000000000e-04,5.330965819160525e-03,-4.830965819160525e-03
6100,28,-4.000000000000000e-04,5.290988463573140e-03,-5.690988463573140e-03
6100,29,3.000000000000000e-04,5.251390949474865e-03,-4.951390949474865e-03
6200,0,1.200000000000000e-01,6.318155347572314e-03,1.136818446524277e-01
6200,1,-8.000000000000000e-02,6.288155347572314e-03,-8.628815534757231e-02
6200,2,5.500000000000000e-02,6.278162847572314e-03,4.872183715242769e-02
6200,3,4.000000000000000e-02,6.254425343822314e-03,3.374557465617769e-02
6200,4,-3.000000000000000e-02,6.220705643200125e-03,-3.622070564320012e-02
6200,5,2.500000000000000e-02,6.194519662278560e-03,1.880548033772144e-02
6200,6,2.000000000000000e-02,6.162116413833147e-03,1.383788358616685e-02
6200,7,-1.800000000000000e-02,6.124761770260402e-03,-2.412476177026040e-02
6200,8,1.500000000000000e-02,6.091972497313909e-03,8.908027502686090e-03
6200,9,1.200000000000000e-02,6.055498802913307e-03,5.944501197086693e-03
6200,10,-1.000000000000000e-02,6.016107174325110e-03,-1.601610717432511e-02
6200,11,8.999999999999999e-03,5.979314024808381e-03,3.020685975191619e-03
6200,12,8.000000000000000e-03,5.940372056452824e-03,2.059627943547176e-03
6200,13,-7.000000000000000e-03,5.899546914002334e-03,-1.289954691400233e-02
6200,14,6.000000000000000e-03,5.860604453264808e-03,1.393955467351923e-04
6200,15,5.000000000000000e-03,5.820298291139861e-03,-8.202982911398610e-04
6200,16,-4.000000000000000e-03,5.778893277122885e-03,-9.778893277122884e-03
6200,17,3.500000000000000e-03,5.738653883161977e-03,-2.238653883161977e-03
6200,18,3.000000000000000e-03,5.697710506625404e-03,-2.697710506625404e-03
6200,19,-2.500000000000000e-03,5.656201375283243e-03,-8.156201375283244e-03
6200,20,2.000000000000000e-03,5.615514412314959e-03,-3.615514412314959e-03
6200,21,1.800000000000000e-03,5.574530884161517e-03,-3.774530884161517e-03
6200,22,-1.500000000000000e-03,5.533312519530880e-03,-7.033312519530880e-03
6200,23,1.200000000000000e-03,5.492695855905711e-03,-4.292695855905711e-03
6200,24,1.000000000000000e-03,5.452012738096387e-03,-4.452012738096387e-03
6200,25,-8.000000000000000e-04,5.411323718993917e-03,-6.211323718993918e-03
6200,26,5.999999999999999e-04,5.371089006260838e-03,-4.771089006260838e-03
6200,27,5.000000000000000e-04,5.330965819160525e-03,-4.830965819160525e-03
6200,28,-4.000000000000000e-04,5.290988463573140e-03,-5.690988463573140e-03
6200,29,3.000000000000000e-04,5.251390949474865e-03,-4.951390949474865e-03
6300,0,1.200000000000000e-01,6.318155347572314e-03,1.136818446524277e-01
6300,1,-8.000000000000000e-02,6.288155347572314e-03,-8.628815534757231e-02
6300,2,5.500000000000000e-02,6.278162847572314e-03,4.872183715242769e-02
6300,3,4.000000000000000e-02,6.254425343822314e-03,3.374557465617769e-02
6300,4,-3.000000000000000e-02,6.220705643200125e-03,-3.622070564320012e-02
6300,5,2.500000000000000e-02,6.194519662278560e-03,1.880548033772144e-02
6300,6,2.000000000000000e-02,6.162116413833147e-03,1.383788358616685e-02
6300,7,-1.800000000000000e-02,6.124761770260402e-03,-2.412476177026040e-02
6300,8,1.500000000000000e-02,6.091972497313909e-03,8.908027502686090e-03
6300,9,1.200000000000000e-02,6.055498802913307e-03,5.944501197086693e-03
6300,10,-1.000000000000000e-02,6.016107174325110e-03,-1.601610717432511e-02
6300,11,8.999999999999999e-03,5.979314024808381e-03,3.020685975191619e-03
6300,12,8.000000000000000e-03,5.940372056452824e-03,2.059627943547176e-03
6300,13,-7.000000000000000e-03,5.899546914002334e-03,-1.289954691400233e-02
6300,14,6.000000000000000e-03,5.860604453264808e-03,1.393955467351923e-04
6300,15,5.000000000000000e-03,5.820298291139861e-03,-8.202982911398610e-04
6300,16,-4.000000000000000e-03,5.778893277122885e-03,-9.778893277122884e-03
6300,17,3.500000000000000e-03,5.738653883161977e-03,-2.238653883161977e-03
6300,18,3.000000000000000e-03,5.697710506625404e-03,-2.697710506625404e-03
6300,19,-2.500000000000000e-03,5.656201375283243e-03,-8.156201375283244e-03
6300,20,2.000000000000000e-03,5.615514412314959e-03,-3.615514412314959e-03
6300,21,1.800000000000000e-03,5.574530884161517e-03,-3.774530884161517e-03
6300,22,-1.500000000000000e-03,5.533312519530880e-03,-7.033312519530880e-03
6300,23,1.200000000000000e-03,5.492695855905711e-03,-4.292695855905711e-03
6300,24,1.000000000000000e-03,5.452012738096387e-03,-4.452012738096387e-03
6300,25,-8.000000000000000e-04,5.411323718993917e-03,-6.211323718993918e-03
6300,26,5.999999999999999e-04,5.371089006260838e-03,-4.771089006260838e-03
6300,27,5.000000000000000e-04,5.330965819160525e-03,-4.830965819160525e-03
6300,28,-4.000000000000000e-04,5.290988463573140e-03,-5.690988463573140e-03
6300,29,3.000000000000000e-04,5.251390949474865e-03,-4.951390949474865e-03
6400,0,1.200000000000000e-01,6.318155347572314e-03,1.136818446524277e-01
6400,1,-8.000000000000000e-02,6.288155347572314e-03,-8.628815534757231e-02
6400,2,5.500000000000000e-02,6.278162847572314e-03,4.872183715242769e-02
6400,3,4.000000000000000e-02,6.254425343822314e-03,3.374557465617769e-02
6400,4,-3.000000000000000e-02,6.220705643200125e-03,-3.622070564320012e-02
6400,5,2.500000000000000e-02,6.194519662278560e-03,1.880548033772144e-02
6400,6,2.000000000000000e-02,6.162116413833147e-03,1.383788358616685e-02
6400,7,-1.800000000000000e-02,6.124761770260402e-03,-2.412476177026040e-02
6400,8,1.500000000000000e-02,6.091972497313909e-03,8.908027502686090e-03
6400,9,1.200000000000000e-02,6.055498802913307e-03,5.944501197086693e-03
6400,10,-1.000000000000000e-02,6.016107174325110e-03,-1.601610717432511e-02
6400,11,8.999999999999999e-03,5.979314024808381e-03,3.020685975191619e-03
6400,12,8.000000000000000e-03,5.940372056452824e-03,2.059627943547176e-03
6400,13,-7.000000000000000e-03,5.899546914002334e-03,-1.289954691400233e-02
6400,14,6.000000000000000e-03,5.860604453264808e-03,1.393955467351923e-04
6400,15,5.000000000000000e-03,5.820298291139861e-03,-8.202982911398610e-04
6400,16,-4.000000000000000e-03,5.778893277122885e-03,-9.778893277122884e-03
6400,17,3.500000000000000e-03,5.738653883161977e-03,-2.238653883161977e-03
6400,18,3.000000000000000e-03,5.697710506625404e-03,-2.697710506625404e-03
6400,19,-2.500000000000000e-03,5.656201375283243e-03,-8.156201375283244e-03
6400,20,2.000000000000000e-03,5.615514412314959e-03,-3.615514412314959e-03
6400,21,1.800000000000000e-03,5.574530884161517e-03,-3.774530884161517e-03
6400,22,-1.500000000000000e-03,5.533312519530880e-03,-7.033312519530880e-03
6400,23,1.200000000000000e-03,5.492695855905711e-03,-4.292695855905711e-03
6400,24,1.000000000000000e-03,5.452012738096387e-03,-4.452012738096387e-03
6400,25,-8.000000000000000e-04,5.411323718993917e-03,-6.211323718993918e-03
6400,26,5.999999999999999e-04,5.371089006260838e-03,-4.771089006260838e-03
6400,27,5.000000000000000e-04,5.330965819160525e-03,-4.830965819160525e-03
6400,28,-4.000000000000000e-04,5.290988463573140e-03,-5.690988463573140e-03
6400,29,3.000000000000000e-04,5.251390949474865e-03,-4.951390949474865e-03
6500,0,1.200000000000000e-01,6.318155347572314e-03,1.136818446524277e-01
6500,1,-8.000000000000000e-02,6.288155347572314e-03,-8.628815534757231e-02
6500,2,5.500000000000000e-02,6.278162847572314e-03,4.872183715242769e-02
6500,3,4.000000000000000e-02,6.254425343822314e-03,3.374557465617769e-02
6500,4,-3.000000000000000e-02,6.220705643200125e-03,-3.622070564320012e-02
6500,5,2.500000000000000e-02,6.194519662278560e-03,1.880548033772144e-02
6500,6,2.000000000000000e-02,6.162116413833147e-03,1.383788358616685e-02
6500,7,-1.800000000000000e-02,6.124761770260402e-03,-2.412476177026040e-02
6500,8,1.500000000000000e-02,6.091972497313909e-03,8.908027502686090e-03
6500,9,1.200000000000000e-02,6.055498802913307e-03,5.944501197086693e-03
6500,10,-1.000000000000000e-02,6.016107174325110e-03,-1.601610717432511e-02
6500,11,8.999999999999999e-03,5.979314024808381e-03,3.020685975191619e-03
6500,12,8.000000000000000e-03,5.940372056452824e-03,2.059627943547176e-03
6500,13,-7.000000000000000e-03,5.899546914002334e-03,-1.289954691400233e-02
6500,14,6.000000000000000e-03,5.860604453264808e-03,1.393955467351923e-04
6500,15,5.000000000000000e-03,5.820298291139861e-03,-8.202982911398610e-04
6500,16,-4.000000000000000e-03,5.778893277122885e-03,-9.778893277122884e-03
6500,17,3.500000000000000e-03,5.738653883161977e-03,-2.238653883161977e-03
6500,18,3.000000000000000e-03,5.697710506625404e-03,-2.697710506625404e-03
6500,19,-2.500000000000000e-03,5.656201375283243e-03,-8.156201375283244e-03
6500,20,2.000000000000000e-03,5.615514412314959e-03,-3.615514412314959e-03
6500,21,1.800000000000000e-03,5.574530884161517e-03,-3.774530884161517e-03
6500,22,-1.500000000000000e-03,5.533312519530880e-03,-7.033312519530880e-03
6500,23,1.200000000000000e-03,5.492695855905711e-03,-4.292695855905711e-03
6500,24,1.000000000000000e-03,5.452012738096387e-03,-4.452012738096387e-03
6500,25,-8.000000000000000e-04,5.411323718993917e-03,-6.211323718993918e-03
6500,26,5.999999999999999e-04,5.371089006260838e-03,-4.771089006260838e-03
6500,27,5.000000000000000e-04,5.330965819160525e-03,-4.830965819160525e-03
6500,28,-4.000000000000000e-04,5.290988463573140e-03,-5.690988463573140e-03
6500,29,3.000000000000000e-04,5.251390949474865e-03,-4.951390949474865e-03
6600,0,1.200000000000000e-01,6.318155347572314e-03,1.136818446524277e-01
6600,1,-8.000000000000000e-02,6.288155347572314e-03,-8.628815534757231e-02
6600,2,5.500000000000000e-02,6.278162847572314e-03,4.872183715242769e-02
6600,3,4.000000000000000e-02,6.254425343822314e-03,3.374557465617769e-02
6600,4,-3.000000000000000e-02,6.220705643200125e-03,-3.622070564320012e-02
6600,5,2.500000000000000e-02,6.194519662278560e-03,1.880548033772144e-02
6600,6,2.000000000000000e-02,6.162116413833147e-03,1.383788358616685e-02
6600,7,-1.800000000000000e-02,6.124761770260402e-03,-2.412476177026040e-02
6600,8,1.500000000000000e-02,6.091972497313909e-03,8.908027502686090e-03
6600,9,1.200000000000000e-02,6.055498802913307e-03,5.944501197086693e-03
6600,10,-1.000000000000000e-02,6.016107174325110e-03,-1.601610717432511e-02
6600,11,8.999999999999999e-03,5.979314024808381e-03,3.020685975191619e-03
6600,12,8.000000000000000e-03,5.940372056452824e-03,2.059627943547176e-03
6600,13,-7.000000000000000e-03,5.899546914002334e-03,-1.289954691400233e-02
6600,14,6.000000000000000e-03,5.860604453264808e-03,1.393955467351923e-04
6600,15,5.000000000000000e-03,5.820298291139861e-03,-8.202982911398610e-04
6600,16,-4.000000000000000e-03,5.778893277122885e-03,-9.778893277122884e-03
6600,17,3.500000000000000e-03,5.738653883161977e-03,-2.238653883161977e-03
6600,18,3.000000000000000e-03,5.697710506625404e-03,-2.697710506625404e-03
6600,19,-2.500000000000000e-03,5.656201375283243e-03,-8.156201375283244e-03
6600,20,2.000000000000000e-03,5.615514412314959e-03,-3.615514412314959e-03
6600,21,1.800000000000000e-03,5.574530884161517e-03,-3.774530884161517e-03
6600,22,-1.500000000000000e-03,5.533312519530880e-03,-7.033312519530880e-03
6600,23,1.200000000000000e-03,5.492695855905711e-03,-4.292695855905711e-03
6600,24,1.000000000000000e-03,5.452012738096387e-03,-4.452012738096387e-03
6600,25,-8.000000000000000e-04,5.411323718993917e-03,-6.211323718993918e-03
6600,26,5.999999999999999e-04,5.371089006260838e-03,-4.771089006260838e-03
6600,27,5.000000000000000e-04,5.330965819160525e-03,-4.830965819160525e-03
6600,28,-4.000000000000000e-04,5.290988463573140e-03,-5.690988463573140e-03
6600,29,3.000000000000000e-04,5.251390949474865e-03,-4.951390949474865e-03
6700,0,1.200000000000000e-01,6.318155347572314e-03,1.136818446524277e-01
6700,1,-8.000000000000000e-02,6.288155347572314e-03,-8.628815534757231e-02
6700,2,5.500000000000000e-02,6.278162847572314e-03,4.872183715242769e-02
6700,3,4.000000000000000e-02,6.254425343822314e-03,3.374557465617769e-02
6700,4,-3.000000000000000e-02,6.220705643200125e-03,-3.622070564320012e-02
6700,5,2.500000000000000e-02,6.194519662278560e-03,1.880548033772144e-02
6700,6,2.000000000000000e-02,6.162116413833147e-03,1.383788358616685e-02
6700,7,-1.800000000000000e-02,6.124761770260402e-03,-2.412476177026040e-02
6700,8,1.500000000000000e-02,6.091972497313909e-03,8.908027502686090e-03
6700,9,1.200000000000000e-02,6.055498802913307e-03,5.944501197086693e-03
6700,10,-1.000000000000000e-02,6.016107174325110e-03,-1.601610717432511e-02
6700,11,8.999999999999999e-03,5.979314024808381e-03,3.020685975191619e-03
6700,12,8.000000000000000e-03,5.940372056452824e-03,2.059627943547176e-03
6700,13,-7.000000000000000e-03,5.899546914002334e-03,-1.289954691400233e-02
6700,14,6.000000000000000e-03,5.860604453264808e-03,1.393955467351923e-04
6700,15,5.000000000000000e-03,5.820298291139861e-03,-8.202982911398610e-04
6700,16,-4.000000000000000e-03,5.778893277122885e-03,-9.778893277122884e-03
6700,17,3.500000000000000e-03,5.738653883161977e-03,-2.238653883161977e-03
6700,18,3.000000000000000e-03,5.697710506625404e-03,-2.697710506625404e-03
6700,19,-2.500000000000000e-03,5.656201375283243e-03,-8.156201375283244e-03
6700,20,2.000000000000000e-03,5.615514412314959e-03,-3.615514412314959e-03
6700,21,1.800000000000000e-03,5.574530884161517e-03,-3.774530884161517e-03
6700,22,-1.500000000000000e-03,5.533312519530880e-03,-7.033312519530880e-03
6700,23,1.200000000000000e-03,5.492695855905711e-03,-4.292695855905711e-03
6700,24,1.000000000000000e-03,5.452012738096387e-03,-4.452012738096387e-03
6700,25,-8.000000000000000e-04,5.411323718993917e-03,-6.211323718993918e-03
6700,26,5.999999999999999e-04,5.371089006260838e-03,-4.771089006260838e-03
6700,27,5.000000000000000e-04,5.330965819160525e-03,-4.830965819160525e-03
6700,28,-4.000000000000000e-04,5.290988463573140e-03,-5.690988463573140e-03
6700,29,3.000000000000000e-04,5.251390949474865e-03,-4.951390949474865e-03
6800,0,1.200000000000000e-01,6.318155347572314e-03,1.136818446524277e-01
6800,1,-8.000000000000000e-02,6.288155347572314e-03,-8.628815534757231e-02
6800,2,5.500000000000000e-02,6.278162847572314e-03,4.872183715242769e-02
6800,3,4.000000000000000e-02,6.254425343822314e-03,3.374557465617769e-02
6800,4,-3.000000000000000e-02,6.220705643200125e-03,-3.622070564320012e-02
6800,5,2.500000000000000e-02,6.194519662278560e-03,1.880548033772144e-02
6800,6,2.000000000000000e-02,6.162116413833147e-03,1.383788358616685e-02
6800,7,-1.800000000000000e-02,6.124761770260402e-03,-2.412476177026040e-02
6800,8,1.500000000000000e-02,6.091972497313909e-03,8.908027502686090e-03
6800,9,1.200000000000000e-02,6.055498802913307e-03,5.944501197086693e-03
6800,10,-1.000000000000000e-02,6.016107174325110e-03,-1.601610717432511e-02
6800,11,8.999999999999999e-03,5.979314024808381e-03,3.020685975191619e-03
6800,12,8.000000000000000e-03,5.940372056452824e-03,2.059627943547176e-03
6800,13,-7.000000000000000e-03,5.899546914002334e-03,-1.289954691400233e-02
6800,14,6.000000000000000e-03,5.860604453264808e-03,1.393955467351923e-04
6800,15,5.000000000000000e-03,5.820298291139861e-03,-8.202982911398610e-04
6800,16,-4.000000000000000e-03,5.778893277122885e-03,-9.778893277122884e-03
6800,17,3.500000000000000e-03,5.738653883161977e-03,-2.238653883161977e-03
6800,18,3.000000000000000e-03,5.697710506625404e-03,-2.697710506625404e-03
6800,19,-2.500000000000000e-03,5.656201375283243e-03,-8.156201375283244e-03
6800,20,2.000000000000000e-03,5.615514412314959e-03,-3.615514412314959e-03
6800,21,1.800000000000000e-03,5.574530884161517e-03,-3.774530884161517e-03
6800,22,-1.500000000000000e-03,5.533312519530880e-03,-7.033312519530880e-03
6800,23,1.200000000000000e-03,5.492695855905711e-03,-4.292695855905711e-03
6800,24,1.000000000000000e-03,5.452012738096387e-03,-4.452012738096387e-03
6800,25,-8.000000000000000e-04,5.411323718993917e-03,-6.211323718993918e-03
6800,26,5.999999999999999e-04,5.371089006260838e-03,-4.771089006260838e-03
6800,27,5.000000000000000e-04,5.330965819160525e-03,-4.830965819160525e-03
6800,28,-4.000000000000000e-04,5.290988463573140e-03,-5.690988463573140e-03
6800,29,3.000000000000000e-04,5.251390949474865e-03,-4.951390949474865e-03
6900,0,1.200000000000000e-01,6.318155347572314e-03,1.136818446524277e-01
6900,1,-8.000000000000000e-02,6.288155347572314e-03,-8.628815534757231e-02
6900,2,5.500000000000000e-02,6.278162847572314e-03,4.872183715242769e-02
6900,3,4.000000000000000e-02,6.254425343822314e-03,3.374557465617769e-02
6900,4,-3.000000000000000e-02,6.220705643200125e-03,-3.622070564320012e-02
6900,5,2.500000000000000e-02,6.194519662278560e-03,1.880548033772144e-02
6900,6,2.000000000000000e-02,6.162116413833147e-03,1.383788358616685e-02
6900,7,-1.800000000000000e-02,6.124761770260402e-03,-2.412476177026040e-02
6900,8,1.500000000000000e-02,6.091972497313909e-03,8.908027502686090e-03
6900,9,1.200000000000000e-02,6.055498802913307e-03,5.944501197086693e-03
6900,10,-1.000000000000000e-02,6.016107174325110e-03,-1.601610717432511e-02
6900,11,8.999999999999999e-03,5.979314024808381e-03,3.020685975191619e-03
6900,12,8.000000000000000e-03,5.940372056452824e-03,2.059627943547176e-03
6900,13,-7.000000000000000e-03,5.899546914002334e-03,-1.289954691400233e-02
6900,14,6.000000000000000e-03,5.860604453264808e-03,1.393955467351923e-04
6900,15,5.000000000000000e-03,5.820298291139861e-03,-8.202982911398610e-04
6900,16,-4.000000000000000e-03,5.778893277122885e-03,-9.778893277122884e-03
6900,17,3.500000000000000e-03,5.738653883161977e-03,-2.238653883161977e-03
6900,18,3.000000000000000e-03,5.697710506625404e-03,-2.697710506625404e-03
6900,19,-2.500000000000000e-03,5.656201375283243e-03,-8.156201375283244e-03
6900,20,2.000000000000000e-03,5.615514412314959e-03,-3.615514412314959e-03
6900,21,1.800000000000000e-03,5.574530884161517e-03,-3.774530884161517e-03
6900,22,-1.500000000000000e-03,5.533312519530880e-03,-7.033312519530880e-03
6900,23,1.200000000000000e-03,5.492695855905711e-03,-4.292695855905711e-03
6900,24,1.000000000000000e-03,5.452012738096387e-03,-4.452012738096387e-03
6900,25,-8.000000000000000e-04,5.411323718993917e-03,-6.211323718993918e-03
6900,26,5.999999999999999e-04,5.371089006260838e-03,-4.771089006260838e-03
6900,27,5.000000000000000e-04,5.330965819160525e-03,-4.830965819160525e-03
6900,28,-4.000000000000000e-04,5.290988463573140e-03,-5.690988463573140e-03
6900,29,3.000000000000000e-04,5.251390949474865e-03,-4.951390949474865e-03
7000,0,1.200000000000000e-01,6.318155347572314e-03,1.136818446524277e-01
7000,1,-8.000000000000000e-02,6.288155347572314e-03,-8.628815534757231e-02
7000,2,5.500000000000000e-02,6.278162847572314e-03,4.872183715242769e-02
7000,3,4.000000000000000e-02,6.254425343822314e-03,3.374557465617769e-02
7000,4,-3.000000000000000e-02,6.220705643200125e-03,-3.622070564320012e-02
7000,5,2.500000000000000e-02,6.194519662278560e-03,1.880548033772144e-02
7000,6,2.000000000000000e-02,6.162116413833147e-03,1.383788358616685e-02
7000,7,-1.800000000000000e-02,6.124761770260402e-03,-2.412476177026040e-02
7000,8,1.500000000000000e-02,6.091972497313909e-03,8.908027502686090e-03
7000,9,1.200000000000000e-02,6.055498802913307e-03,5.944501197086693e-03
7000,10,-1.000000000000000e-02,6.016107174325110e-03,-1.601610717432511e-02
7000,11,8.999999999999999e-03,5.979314024808381e-03,3.020685975191619e-03
7000,12,8.000000000000000e-03,5.940372056452824e-03,2.059627943547176e-03
7000,13,-7.000000000000000e-03,5.899546914002334e-03,-1.289954691400233e-02
7000,14,6.000000000000000e-03,5.860604453264808e-03,1.393955467351923e-04
7000,15,5.000000000000000e-03,5.820298291139861e-03,-8.202982911398610e-04
7000,16,-4.000000000000000e-03,5.778893277122885e-03,-9.778893277122884e-03
7000,17,3.500000000000000e-03,5.738653883161977e-03,-2.238653883161977e-03
7000,18,3.000000000000000e-03,5.697710506625404e-03,-2.697710506625404e-03
7000,19,-2.500000000000000e-03,5.656201375283243e-03,-8.156201375283244e-03
7000,20,2.000000000000000e-03,5.615514412314959e-03,-3.615514412314959e-03
7000,21,1.800000000000000e-03,5.574530884161517e-03,-3.774530884161517e-03
7000,22,-1.500000000000000e-03,5.533312519530880e-03,-7.033312519530880e-03
7000,23,1.200000000000000e-03,5.492695855905711e-03,-4.292695855905711e-03
7000,24,1.000000000000000e-03,5.452012738096387e-03,-4.452012738096387e-03
7000,25,-8.000000000000000e-04,5.411323718993917e-03,-6.211323718993918e-03
7000,26,5.999999999999999e-04,5.371089006260838e-03,-4.771089006260838e-03
7000,27,5.000000000000000e-04,5.330965819160525e-03,-4.830965819160525e-03
7000,28,-4.000000000000000e-04,5.290988463573140e-03,-5.690988463573140e-03
7000,29,3.000000000000000e-04,5.251390949474865e-03,-4.951390949474865e-03
7100,0,1.200000000000000e-01,6.318155347572314e-03,1.136818446524277e-01
7100,1,-8.000000000000000e-02,6.288155347572314e-03,-8.628815534757231e-02
7100,2,5.500000000000000e-02,6.278162847572314e-03,4.872183715242769e-02
7100,3,4.000000000000000e-02,6.254425343822314e-03,3.374557465617769e-02
7100,4,-3.000000000000000e-02,6.220705643200125e-03,-3.622070564320012e-02
7100,5,2.500000000000000e-02,6.194519662278560e-03,1.880548033772144e-02
7100,6,2.000000000000000e-02,6.162116413833147e-03,1.383788358616685e-02
7100,7,-1.800000000000000e-02,6.124761770260402e-03,-2.412476177026040e-02
7100,8,1.500000000000000e-02,6.091972497313909e-03,8.908027502686090e-03
7100,9,1.200000000000000e-02,6.055498802913307e-03,5.944501197086693e-03
7100,10,-1.000000000000000e-02,6.016107174325110e-03,-1.601610717432511e-02
7100,11,8.999999999999999e-03,5.979314024808381e-03,3.020685975191619e-03
7100,12,8.000000000000000e-03,5.940372056452824e-03,2.059627943547176e-03
7100,13,-7.000000000000000e-03,5.899546914002334e-03,-1.289954691400233e-02
7100,14,6.000000000000000e-03,5.860604453264808e-03,1.393955467351923e-04
7100,15,5.000000000000000e-03,5.820298291139861e-03,-8.202982911398610e-04
7100,16,-4.000000000000000e-03,5.778893277122885e-03,-9.778893277122884e-03
7100,17,3.500000000000000e-03,5.738653883161977e-03,-2.238653883161977e-03
7100,18,3.000000000000000e-03,5.697710506625404e-03,-2.697710506625404e-03
7100,19,-2.500000000000000e-03,5.656201375283243e-03,-8.156201375283244e-03
7100,20,2.000000000000000e-03,5.615514412314959e-03,-3.615514412314959e-03
7100,21,1.800000000000000e-03,5.574530884161517e-03,-3.774530884161517e-03
7100,22,-1.500000000000000e-03,5.533312519530880e-03,-7.033312519530880e-03
7100,23,1.200000000000000e-03,5.492695855905711e-03,-4.292695855905711e-03
7100,24,1.000000000000000e-03,5.452012738096387e-03,-4.452012738096387e-03
7100,25,-8.000000000000000e-04,5.411323718993917e-03,-6.211323718993918e-03
7100,26,5.999999999999999e-04,5.371089006260838e-03,-4.771089006260838e-03
7100,27,5.000000000000000e-04,5.330965819160525e-03,-4.830965819160525e-03
7100,28,-4.000000000000000e-04,5.290988463573140e-03,-5.690988463573140e-03
7100,29,3.000000000000000e-04,5.251390949474865e-03,-4.951390949474865e-03
7200,0,1.200000000000000e-01,6.318155347572314e-03,1.136818446524277e-01
7200,1,-8.000000000000000e-02,6.288155347572314e-03,-8.628815534757231e-02
7200,2,5.500000000000000e-02,6.278162847572314e-03,4.872183715242769e-02
7200,3,4.000000000000000e-02,6.254425343822314e-03,3.374557465617769e-02
7200,4,-3.000000000000000e-02,6.220705643200125e-03,-3.622070564320012e-02
7200,5,2.500000000000000e-02,6.194519662278560e-03,1.880548033772144e-02
7200,6,2.000000000000000e-02,6.162116413833147e-03,1.383788358616685e-02
7200,7,-1.800000000000000e-02,6.124761770260402e-03,-2.412476177026040e-02
7200,8,1.500000000000000e-02,6.091972497313909e-03,8.908027502686090e-03
7200,9,1.200000000000000e-02,6.055498802913307e-03,5.944501197086693e-03
7200,10,-1.000000000000000e-02,6.016107174325110e-03,-1.601610717432511e-02
7200,11,8.999999999999999e-03,5.979314024808381e-03,3.020685975191619e-03
7200,12,8.000000000000000e-03,5.940372056452824e-03,2.059627943547176e-03
7200,13,-7.000000000000000e-03,5.899546914002334e-03,-1.289954691400233e-02
7200,14,6.000000000000000e-03,5.860604453264808e-03,1.393955467351923e-04
7200,15,5.000000000000000e-03,5.820298291139861e-03,-8.202982911398610e-04
7200,16,-4.000000000000000e-03,5.778893277122885e-03,-9.778893277122884e-03
7200,17,3.500000000000000e-03,5.738653883161977e-03,-2.238653883161977e-03
7200,18,3.000000000000000e-03,5.697710506625404e-03,-2.697710506625404e-03
7200,19,-2.500000000000000e-03,5.656201375283243e-03,-8.156201375283244e-03
7200,20,2.000000000000000e-03,5.615514412314959e-03,-3.615514412314959e-03
7200,21,1.800000000000000e-03,5.574530884161517e-03,-3.774530884161517e-03
7200,22,-1.500000000000000e-03,5.533312519530880e-03,-7.033312519530880e-03
7200,23,1.200000000000000e-03,5.492695855905711e-03,-4.292695855905711e-03
7200,24,1.000000000000000e-03,5.452012738096387e-03,-4.452012738096387e-03
7200,25,-8.000000000000000e-04,5.411323718993917e-03,-6.211323718993918e-03
7200,26,5.999999999999999e-04,5.371089006260838e-03,-4.771089006260838e-03
7200,27,5.000000000000000e-04,5.330965819160525e-03,-4.830965819160525e-03
7200,28,-4.000000000000000e-04,5.290988463573140e-03,-5.690988463573140e-03
7200,29,3.000000000000000e-04,5.251390949474865e-03,-4.951390949474865e-03
7300,0,1.200000000000000e-01,6.318155347572314e-03,1.136818446524277e-01
7300,1,-8.000000000000000e-02,6.288155347572314e-03,-8.628815534757231e-02
7300,2,5.500000000000000e-02,6.278162847572314e-03,4.872183715242769e-02
7300,3,4.000000000000000e-02,6.254425343822314e-03,3.374557465617769e-02
7300,4,-3.000000000000000e-02,6.220705643200125e-03,-3.622070564320012e-02
7300,5,2.500000000000000e-02,6.194519662278560e-03,1.880548033772144e-02
7300,6,2.000000000000000e-02,6.162116413833147e-03,1.383788358616685e-02
7300,7,-1.800000000000000e-02,6.124761770260402e-03,-2.412476177026040e-02
7300,8,1.500000000000000e-02,6.091972497313909e-03,8.908027502686090e-03
7300,9,1.200000000000000e-02,6.055498802913307e-03,5.944501197086693e-03
7300,10,-1.000000000000000e-02,6.016107174325110e-03,-1.601610717432511e-02
7300,11,8.999999999999999e-03,5.979314024808381e-03,3.020685975191619e-03
7300,12,8.000000000000000e-03,5.940372056452824e-03,2.059627943547176e-03
7300,13,-7.000000000000000e-03,5.899546914002334e-03,-1.289954691400233e-02
7300,14,6.000000000000000e-03,5.860604453264808e-03,1.393955467351923e-04
7300,15,5.000000000000000e-03,5.820298291139861e-03,-8.202982911398610e-04
7300,16,-4.000000000000000e-03,5.778893277122885e-03,-9.778893277122884e-03
7300,17,3.500000000000000e-03,5.738653883161977e-03,-2.238653883161977e-03
7300,18,3.000000000000000e-03,5.697710506625404e-03,-2.697710506625404e-03
7300,19,-2.500000000000000e-03,5.656201375283243e-03,-8.156201375283244e-03
7300,20,2.000000000000000e-03,5.615514412314959e-03,-3.615514412314959e-03
7300,21,1.800000000000000e-03,5.574530884161517e-03,-3.774530884161517e-03
7300,22,-1.500000000000000e-03,5.533312519530880e-03,-7.033312519530880e-03
7300,23,1.200000000000000e-03,5.492695855905711e-03,-4.292695855905711e-03
7300,24,1.000000000000000e-03,5.452012738096387e-03,-4.452012738096387e-03
7300,25,-8.000000000000000e-04,5.411323718993917e-03,-6.211323718993918e-03
7300,26,5.999999999999999e-04,5.371089006260838e-03,-4.771089006260838e-03
7300,27,5.000000000000000e-04,5.330965819160525e-03,-4.830965819160525e-03
7300,28,-4.000000000000000e-04,5.290988463573140e-03,-5.690988463573140e-03
7300,29,3.000000000000000e-04,5.251390949474865e-03,-4.951390949474865e-03
7400,0,1.200000000000000e-01,6.318155347572314e-03,1.136818446524277e-01
7400,1,-8.000000000000000e-02,6.288155347572314e-03,-8.628815534757231e-02
7400,2,5.500000000000000e-02,6.278162847572314e-03,4.872183715242769e-02
7400,3,4.000000000000000e-02,6.254425343822314e-03,3.374557465617769e-02
7400,4,-3.000000000000000e-02,6.220705643200125e-03,-3.622070564320012e-02
7400,5,2.500000000000000e-02,6.194519662278560e-03,1.880548033772144e-02
7400,6,2.000000000000000e-02,6.162116413833147e-03,1.383788358616685e-02
7400,7,-1.800000000000000e-02,6.124761770260402e-03,-2.412476177026040e-02
7400,8,1.500000000000000e-02,6.091972497313909e-03,8.908027502686090e-03
7400,9,1.200000000000000e-02,6.055498802913307e-03,5.944501197086693e-03
7400,10,-1.000000000000000e-02,6.016107174325110e-03,-1.601610717432511e-02
7400,11,8.999999999999999e-03,5.979314024808381e-03,3.020685975191619e-03
7400,12,8.000000000000000e-03,5.940372056452824e-03,2.059627943547176e-03
7400,13,-7.000000000000000e-03,5.899546914002334e-03,-1.289954691400233e-02
7400,14,6.000000000000000e-03,5.860604453264808e-03,1.393955467351923e-04
7400,15,5.000000000000000e-03,5.820298291139861e-03,-8.202982911398610e-04
7400,16,-4.000000000000000e-03,5.778893277122885e-03,-9.778893277122884e-03
7400,17,3.500000000000000e-03,5.738653883161977e-03,-2.238653883161977e-03
7400,18,3.000000000000000e-03,5.697710506625404e-03,-2.697710506625404e-03
7400,19,-2.500000000000000e-03,5.656201375283243e-03,-8.156201375283244e-03
7400,20,2.000000000000000e-03,5.615514412314959e-03,-3.615514412314959e-03
7400,21,1.800000000000000e-03,5.574530884161517e-03,-3.774530884161517e-03
7400,22,-1.500000000000000e-03,5.533312519530880e-03,-7.033312519530880e-03
7400,23,1.200000000000000e-03,5.492695855905711e-03,-4.292695855905711e-03
7400,24,1.000000000000000e-03,5.452012738096387e-03,-4.452012738096387e-03
7400,25,-8.000000000000000e-04,5.411323718993917e-03,-6.211323718993918e-03
7400,26,5.999999999999999e-04,5.371089006260838e-03,-4.771089006260838e-03
7400,27,5.000000000000000e-04,5.330965819160525e-03,-4.830965819160525e-03
7400,28,-4.000000000000000e-04,5.290988463573140e-03,-5.690988463573140e-03
7400,29,3.000000000000000e-04,5.251390949474865e-03,-4.951390949474865e-03
7500,0,1.200000000000000e-01,6.318155347572314e-03,1.136818446524277e-01
7500,1,-8.000000000000000e-02,6.288155347572314e-03,-8.628815534757231e-02
7500,2,5.500000000000000e-02,6.278162847572314e-03,4.872183715242769e-02
7500,3,4.000000000000000e-02,6.254425343822314e-03,3.374557465617769e-02
7500,4,-3.000000000000000e-02,6.220705643200125e-03,-3.622070564320012e-02
7500,5,2.500000000000000e-02,6.194519662278560e-03,1.880548033772144e-02
7500,6,2.000000000000000e-02,6.162116413833147e-03,1.383788358616685e-02
7500,7,-1.800000000000000e-02,6.124761770260402e-03,-2.412476177026040e-02
7500,8,1.500000000000000e-02,6.091972497313909e-03,8.908027502686090e-03
7500,9,1.200000000000000e-02,6.055498802913307e-03,5.944501197086693e-03
7500,10,-1.000000000000000e-02,6.016107174325110e-03,-1.601610717432511e-02
7500,11,8.999999999999999e-03,5.979314024808381e-03,3.020685975191619e-03
7500,12,8.000000000000000e-03,5.940372056452824e-03,2.059627943547176e-03
7500,13,-7.000000000000000e-03,5.899546914002334e-03,-1.289954691400233e-02
7500,14,6.000000000000000e-03,5.860604453264808e-03,1.393955467351923e-04
7500,15,5.000000000000000e-03,5.820298291139861e-03,-8.202982911398610e-04
7500,16,-4.000000000000000e-03,5.778893277122885e-03,-9.778893277122884e-03
7500,17,3.500000000000000e-03,5.738653883161977e-03,-2.238653883161977e-03
7500,18,3.000000000000000e-03,5.697710506625404e-03,-2.697710506625404e-03
7500,19,-2.500000000000000e-03,5.656201375283243e-03,-8.156201375283244e-03
7500,20,2.000000000000000e-03,5.615514412314959e-03,-3.615514412314959e-03
7500,21,1.800000000000000e-03,5.574530884161517e-03,-3.774530884161517e-03
7500,22,-1.500000000000000e-03,5.533312519530880e-03,-7.033312519530880e-03
7500,23,1.200000000000000e-03,5.492695855905711e-03,-4.292695855905711e-03
7500,24,1.000000000000000e-03,5.452012738096387e-03,-4.452012738096387e-03
7500,25,-8.000000000000000e-04,5.411323718993917e-03,-6.211323718993918e-03
7500,26,5.999999999999999e-04,5.371089006260838e-03,-4.771089006260838e-03
7500,27,5.000000000000000e-04,5.330965819160525e-03,-4.830965819160525e-03
7500,28,-4.000000000000000e-04,5.290988463573140e-03,-5.690988463573140e-03
7500,29,3.000000000000000e-04,5.251390949474865e-03,-4.951390949474865e-03
7600,0,1.200000000000000e-01,6.318155347572314e-03,1.136818446524277e-01
7600,1,-8.000000000000000e-02,6.288155347572314e-03,-8.628815534757231e-02
7600,2,5.500000000000000e-02,6.278162847572314e-03,4.872183715242769e-02
7600,3,4.000000000000000e-02,6.254425343822314e-03,3.374557465617769e-02
7600,4,-3.000000000000000e-02,6.220705643200125e-03,-3.622070564320012e-02
7600,5,2.500000000000000e-02,6.194519662278560e-03,1.880548033772144e-02
7600,6,2.000000000000000e-02,6.162116413833147e-03,1.383788358616685e-02
7600,7,-1.800000000000000e-02,6.124761770260402e-03,-2.412476177026040e-02
7600,8,1.500000000000000e-02,6.091972497313909e-03,8.908027502686090e-03
7600,9,1.200000000000000e-02,6.055498802913307e-03,5.944501197086693e-03
7600,10,-1.000000000000000e-02,6.016107174325110e-03,-1.601610717432511e-02
7600,11,8.999999999999999e-03,5.979314024808381e-03,3.020685975191619e-03
7600,12,8.000000000000000e-03,5.940372056452824e-03,2.059627943547176e-03
7600,13,-7.000000000000000e-03,5.899546914002334e-03,-1.289954691400233e-02
7600,14,6.000000000000000e-03,5.860604453264808e-03,1.393955467351923e-04
7600,15,5.000000000000000e-03,5.820298291139861e-03,-8.202982911398610e-04
7600,16,-4.000000000000000e-03,5.778893277122885e-03,-9.778893277122884e-03
7600,17,3.500000000000000e-03,5.738653883161977e-03,-2.238653883161977e-03
7600,18,3.000000000000000e-03,5.697710506625404e-03,-2.697710506625404e-03
7600,19,-2.500000000000000e-03,5.656201375283243e-03,-8.156201375283244e-03
7600,20,2.000000000000000e-03,5.615514412314959e-03,-3.615514412314959e-03
7600,21,1.800000000000000e-03,5.574530884161517e-03,-3.774530884161517e-03
7600,22,-1.500000000000000e-03,5.533312519530880e-03,-7.033312519530880e-03
7600,23,1.200000000000000e-03,5.492695855905711e-03,-4.292695855905711e-03
7600,24,1.000000000000000e-03,5.452012738096387e-03,-4.452012738096387e-03
7600,25,-8.000000000000000e-04,5.411323718993917e-03,-6.211323718993918e-03
7600,26,5.999999999999999e-04,5.371089006260838e-03,-4.771089006260838e-03
7600,27,5.000000000000000e-04,5.330965819160525e-03,-4.830965819160525e-03
7600,28,-4.000000000000000e-04,5.290988463573140e-03,-5.690988463573140e-03
7600,29,3.000000000000000e-04,5.251390949474865e-03,-4.951390949474865e-03
7700,0,1.200000000000000e-01,6.318155347572314e-03,1.136818446524277e-01
7700,1,-8.000000000000000e-02,6.288155347572314e-03,-8.628815534757231e-02
7700,2,5.500000000000000e-02,6.278162847572314e-03,4.872183715242769e-02
7700,3,4.000000000000000e-02,6.254425343822314e-03,3.374557465617769e-02
7700,4,-3.000000000000000e-02,6.220705643200125e-03,-3.622070564320012e-02
7700,5,2.500000000000000e-02,6.194519662278560e-03,1.880548033772144e-02
7700,6,2.000000000000000e-02,6.162116413833147e-03,1.383788358616685e-02
7700,7,-1.800000000000000e-02,6.124761770260402e-03,-2.412476177026040e-02
7700,8,1.500000000000000e-02,6.091972497313909e-03,8.908027502686090e-03
7700,9,1.200000000000000e-02,6.055498802913307e-03,5.944501197086693e-03
7700,10,-1.000000000000000e-02,6.016107174325110e-03,-1.601610717432511e-02
7700,11,8.999999999999999e-03,5.979314024808381e-03,3.020685975191619e-03
7700,12,8.000000000000000e-03,5.940372056452824e-03,2.059627943547176e-03
7700,13,-7.000000000000000e-03,5.899546914002334e-03,-1.289954691400233e-02
7700,14,6.000000000000000e-03,5.860604453264808e-03,1.393955467351923e-04
7700,15,5.000000000000000e-03,5.820298291139861e-03,-8.202982911398610e-04
7700,16,-4.000000000000000e-03,5.778893277122885e-03,-9.778893277122884e-03
7700,17,3.500000000000000e-03,5.738653883161977e-03,-2.238653883161977e-03
7700,18,3.000000000000000e-03,5.697710506625404e-03,-2.697710506625404e-03
7700,19,-2.500000000000000e-03,5.656201375283243e-03,-8.156201375283244e-03
7700,20,2.000000000000000e-03,5.615514412314959e-03,-3.615514412314959e-03
7700,21,1.800000000000000e-03,5.574530884161517e-03,-3.774530884161517e-03
7700,22,-1.500000000000000e-03,5.533312519530880e-03,-7.033312519530880e-03
7700,23,1.200000000000000e-03,5.492695855905711e-03,-4.292695855905711e-03
7700,24,1.000000000000000e-03,5.452012738096387e-03,-4.452012738096387e-03
7700,25,-8.000000000000000e-04,5.411323718993917e-03,-6.211323718993918e-03
7700,26,5.999999999999999e-04,5.371089006260838e-03,-4.771089006260838e-03
7700,27,5.000000000000000e-04,5.330965819160525e-03,-4.830965819160525e-03
7700,28,-4.000000000000000e-04,5.290988463573140e-03,-5.690988463573140e-03
7700,29,3.000000000000000e-04,5.251390949474865e-03,-4.951390949474865e-03
7800,0,1.200000000000000e-01,6.318155347572314e-03,1.136818446524277e-01
7800,1,-8.000000000000000e-02,6.288155347572314e-03,-8.628815534757231e-02
7800,2,5.500000000000000e-02,6.278162847572314e-03,4.872183715242769e-02
7800,3,4.000000000000000e-02,6.254425343822314e-03,3.374557465617769e-02
7800,4,-3.000000000000000e-02,6.220705643200125e-03,-3.622070564320012e-02
7800,5,2.500000000000000e-02,6.194519662278560e-03,1.880548033772144e-02
7800,6,2.000000000000000e-02,6.162116413833147e-03,1.383788358616685e-02
7800,7,-1.800000000000000e-02,6.124761770260402e-03,-2.412476177026040e-02
7800,8,1.500000000000000e-02,6.091972497313909e-03,8.908027502686090e-03
7800,9,1.200000000000000e-02,6.055498802913307e-03,5.944501197086693e-03
7800,10,-1.000000000000000e-02,6.016107174325110e-03,-1.601610717432511e-02
7800,11,8.999999999999999e-03,5.979314024808381e-03,3.020685975191619e-03
7800,12,8.000000000000000e-03,5.940372056452824e-03,2.059627943547176e-03
7800,13,-7.000000000000000e-03,5.899546914002334e-03,-1.289954691400233e-02
7800,14,6.000000000000000e-03,5.860604453264808e-03,1.393955467351923e-04
7800,15,5.000000000000000e-03,5.820298291139861e-03,-8.202982911398610e-04
7800,16,-4.000000000000000e-03,5.778893277122885e-03,-9.778893277122884e-03
7800,17,3.500000000000000e-03,5.738653883161977e-03,-2.238653883161977e-03
7800,18,3.000000000000000e-03,5.697710506625404e-03,-2.697710506625404e-03
7800,19,-2.500000000000000e-03,5.656201375283243e-03,-8.156201375283244e-03
7800,20,2.000000000000000e-03,5.615514412314959e-03,-3.615514412314959e-03
7800,21,1.800000000000000e-03,5.574530884161517e-03,-3.774530884161517e-03
7800,22,-1.500000000000000e-03,5.533312519530880e-03,-7.033312519530880e-03
7800,23,1.200000000000000e-03,5.492695855905711e-03,-4.292695855905711e-03
7800,24,1.000000000000000e-03,5.452012738096387e-03,-4.452012738096387e-03
7800,25,-8.000000000000000e-04,5.411323718993917e-03,-6.211323718993918e-03
7800,26,5.999999999999999e-04,5.371089006260838e-03,-4.771089006260838e-03
7800,27,5.000000000000000e-04,5.330965819160525e-03,-4.830965819160525e-03
7800,28,-4.000000000000000e-04,5.290988463573140e-03,-5.690988463573140e-03
7800,29,3.000000000000000e-04,5.251390949474865e-03,-4.951390949474865e-03
7900,0,1.200000000000000e-01,6.318155347572314e-03,1.136818446524277e-01
7900,1,-8.000000000000000e-02,6.288155347572314e-03,-8.628815534757231e-02
7900,2,5.500000000000000e-02,6.278162847572314e-03,4.872183715242769e-02
7900,3,4.000000000000000e-02,6.254425343822314e-03,3.374557465617769e-02
7900,4,-3.000000000000000e-02,6.220705643200125e-03,-3.622070564320012e-02
7900,5,2.500000000000000e-02,6.194519662278560e-03,1.880548033772144e-02
7900,6,2.000000000000000e-02,6.162116413833147e-03,1.383788358616685e-02
7900,7,-1.800000000000000e-02,6.124761770260402e-03,-2.412476177026040e-02
7900,8,1.500000000000000e-02,6.091972497313909e-03,8.908027502686090e-03
7900,9,1.200000000000000e-02,6.055498802913307e-03,5.944501197086693e-03
7900,10,-1.000000000000000e-02,6.016107174325110e-03,-1.601610717432511e-02
7900,11,8.999999999999999e-03,5.979314024808381e-03,3.020685975191619e-03
7900,12,8.000000000000000e-03,5.940372056452824e-03,2.059627943547176e-03
7900,13,-7.000000000000000e-03,5.899546914002334e-03,-1.289954691400233e-02
7900,14,6.000000000000000e-03,5.860604453264808e-03,1.393955467351923e-04
7900,15,5.000000000000000e-03,5.820298291139861e-03,-8.202982911398610e-04
7900,16,-4.000000000000000e-03,5.778893277122885e-03,-9.778893277122884e-03
7900,17,3.500000000000000e-03,5.738653883161977e-03,-2.238653883161977e-03
7900,18,3.000000000000000e-03,5.697710506625404e-03,-2.697710506625404e-03
7900,19,-2.500000000000000e-03,5.656201375283243e-03,-8.156201375283244e-03
7900,20,2.000000000000000e-03,5.615514412314959e-03,-3.615514412314959e-03
7900,21,1.800000000000000e-03,5.574530884161517e-03,-3.774530884161517e-03
7900,22,-1.500000000000000e-03,5.533312519530880e-03,-7.033312519530880e-03
7900,23,1.200000000000000e-03,5.492695855905711e-03,-4.292695855905711e-03
7900,24,1.000000000000000e-03,5.452012738096387e-03,-4.452012738096387e-03
7900,25,-8.000000000000000e-04,5.411323718993917e-03,-6.211323718993918e-03
7900,26,5.999999999999999e-04,5.371089006260838e-03,-4.771089006260838e-03
7900,27,5.000000000000000e-04,5.330965819160525e-03,-4.830965819160525e-03
7900,28,-4.000000000000000e-04,5.290988463573140e-03,-5.690988463573140e-03
7900,29,3.000000000000000e-04,5.251390949474865e-03,-4.951390949474865e-03
8000,0,1.200000000000000e-01,6.318155347572314e-03,1.136818446524277e-01
8000,1,-8.000000000000000e-02,6.288155347572314e-03,-8.628815534757231e-02
8000,2,5.500000000000000e-02,6.278162847572314e-03,4.872183715242769e-02
8000,3,4.000000000000000e-02,6.254425343822314e-03,3.374557465617769e-02
8000,4,-3.000000000000000e-02,6.220705643200125e-03,-3.622070564320012e-02
8000,5,2.500000000000000e-02,6.194519662278560e-03,1.880548033772144e-02
8000,6,2.000000000000000e-02,6.162116413833147e-03,1.383788358616685e-02
8000,7,-1.800000000000000e-02,6.124761770260402e-03,-2.412476177026040e-02
8000,8,1.500000000000000e-02,6.091972497313909e-03,8.908027502686090e-03
8000,9,1.200000000000000e-02,6.055498802913307e-03,5.944501197086693e-03
8000,10,-1.000000000000000e-02,6.016107174325110e-03,-1.601610717432511e-02
8000,11,8.999999999999999e-03,5.979314024808381e-03,3.020685975191619e-03
8000,12,8.000000000000000e-03,5.940372056452824e-03,2.059627943547176e-03
8000,13,-7.000000000000000e-03,5.899546914002334e-03,-1.289954691400233e-02
8000,14,6.000000000000000e-03,5.860604453264808e-03,1.393955467351923e-04
8000,15,5.000000000000000e-03,5.820298291139861e-03,-8.202982911398610e-04
8000,16,-4.000000000000000e-03,5.778893277122885e-03,-9.778893277122884e-03
8000,17,3.500000000000000e-03,5.738653883161977e-03,-2.238653883161977e-03
8000,18,3.000000000000000e-03,5.697710506625404e-03,-2.697710506625404e-03
8000,19,-2.500000000000000e-03,5.656201375283243e-03,-8.156201375283244e-03
8000,20,2.000000000000000e-03,5.615514412314959e-03,-3.615514412314959e-03
8000,21,1.800000000000000e-03,5.574530884161517e-03,-3.774530884161517e-03
8000,22,-1.500000000000000e-03,5.533312519530880e-03,-7.033312519530880e-03
8000,23,1.200000000000000e-03,5.492695855905711e-03,-4.292695855905711e-03
8000,24,1.000000000000000e-03,5.452012738096387e-03,-4.452012738096387e-03
8000,25,-8.000000000000000e-04,5.411323718993917e-03,-6.211323718993918e-03
8000,26,5.999999999999999e-04,5.371089006260838e-03,-4.771089006260838e-03
8000,27,5.000000000000000e-04,5.330965819160525e-03,-4.830965819160525e-03
8000,28,-4.000000000000000e-04,5.290988463573140e-03,-5.690988463573140e-03
8000,29,3.000000000000000e-04,5.251390949474865e-03,-4.951390949474865e-03
8100,0,1.200000000000000e-01,6.318155347572314e-03,1.136818446524277e-01
8100,1,-8.000000000000000e-02,6.288155347572314e-03,-8.628815534757231e-02
8100,2,5.500000000000000e-02,6.278162847572314e-03,4.872183715242769e-02
8100,3,4.000000000000000e-02,6.254425343822314e-03,3.374557465617769e-02
8100,4,-3.000000000000000e-02,6.220705643200125e-03,-3.622070564320012e-02
8100,5,2.500000000000000e-02,6.194519662278560e-03,1.880548033772144e-02
8100,6,2.000000000000000e-02,6.162116413833147e-03,1.383788358616685e-02
8100,7,-1.800000000000000e-02,6.124761770260402e-03,-2.412476177026040e-02
8100,8,1.500000000000000e-02,6.091972497313909e-03,8.908027502686090e-03
8100,9,1.200000000000000e-02,6.055498802913307e-03,5.944501197086693e-03
8100,10,-1.000000000000000e-02,6.016107174325110e-03,-1.601610717432511e-02
8100,11,8.999999999999999e-03,5.979314024808381e-03,3.020685975191619e-03
8100,12,8.000000000000000e-03,5.940372056452824e-03,2.059627943547176e-03
8100,13,-7.000000000000000e-03,5.899546914002334e-03,-1.289954691400233e-02
8100,14,6.000000000000000e-03,5.860604453264808e-03,1.393955467351923e-04
8100,15,5.000000000000000e-03,5.820298291139861e-03,-8.202982911398610e-04
8100,16,-4.000000000000000e-03,5.778893277122885e-03,-9.778893277122884e-03
8100,17,3.500000000000000e-03,5.738653883161977e-03,-2.238653883161977e-03
8100,18,3.000000000000000e-03,5.697710506625404e-03,-2.697710506625404e-03
8100,19,-2.500000000000000e-03,5.656201375283243e-03,-8.156201375283244e-03
8100,20,2.000000000000000e-03,5.615514412314959e-03,-3.615514412314959e-03
8100,21,1.800000000000000e-03,5.574530884161517e-03,-3.774530884161517e-03
8100,22,-1.500000000000000e-03,5.533312519530880e-03,-7.033312519530880e-03
8100,23,1.200000000000000e-03,5.492695855905711e-03,-4.292695855905711e-03
8100,24,1.000000000000000e-03,5.452012738096387e-03,-4.452012738096387e-03
8100,25,-8.000000000000000e-04,5.411323718993917e-03,-6.211323718993918e-03
8100,26,5.999999999999999e-04,5.371089006260838e-03,-4.771089006260838e-03
8100,27,5.000000000000000e-04,5.330965819160525e-03,-4.830965819160525e-03
8100,28,-4.000000000000000e-04,5.290988463573140e-03,-5.690988463573140e-03
8100,29,3.000000000000000e-04,5.251390949474865e-03,-4.951390949474865e-03
8200,0,1.200000000000000e-01,6.318155347572314e-03,1.136818446524277e-01
8200,1,-8.000000000000000e-02,6.288155347572314e-03,-8.628815534757231e-02
8200,2,5.500000000000000e-02,6.278162847572314e-03,4.872183715242769e-02
8200,3,4.000000000000000e-02,6.254425343822314e-03,3.374557465617769e-02
8200,4,-3.000000000000000e-02,6.220705643200125e-03,-3.622070564320012e-02
8200,5,2.500000000000000e-02,6.194519662278560e-03,1.880548033772144e-02
8200,6,2.000000000000000e-02,6.162116413833147e-03,1.383788358616685e-02
8200,7,-1.800000000000000e-02,6.124761770260402e-03,-2.412476177026040e-02
8200,8,1.500000000000000e-02,6.091972497313909e-03,8.908027502686090e-03
8200,9,1.200000000000000e-02,6.055498802913307e-03,5.944501197086693e-03
8200,10,-1.000000000000000e-02,6.016107174325110e-03,-1.601610717432511e-02
8200,11,8.999999999999999e-03,5.979314024808381e-03,3.020685975191619e-03
8200,12,8.000000000000000e-03,5.940372056452824e-03,2.059627943547176e-03
8200,13,-7.000000000000000e-03,5.899546914002334e-03,-1.289954691400233e-02
8200,14,6.000000000000000e-03,5.860604453264808e-03,1.393955467351923e-04
8200,15,5.000000000000000e-03,5.820298291139861e-03,-8.202982911398610e-04
8200,16,-4.000000000000000e-03,5.778893277122885e-03,-9.778893277122884e-03
8200,17,3.500000000000000e-03,5.738653883161977e-03,-2.238653883161977e-03
8200,18,3.000000000000000e-03,5.697710506625404e-03,-2.697710506625404e-03
8200,19,-2.500000000000000e-03,5.656201375283243e-03,-8.156201375283244e-03
8200,20,2.000000000000000e-03,5.615514412314959e-03,-3.615514412314959e-03
8200,21,1.800000000000000e-03,5.574530884161517e-03,-3.774530884161517e-03
8200,22,-1.500000000000000e-03,5.533312519530880e-03,-7.033312519530880e-03
8200,23,1.200000000000000e-03,5.492695855905711e-03,-4.292695855905711e-03
8200,24,1.000000000000000e-03,5.452012738096387e-03,-4.452012738096387e-03
8200,25,-8.000000000000000e-04,5.411323718993917e-03,-6.211323718993918e-03
8200,26,5.999999999999999e-04,5.371089006260838e-03,-4.771089006260838e-03
8200,27,5.000000000000000e-04,5.330965819160525e-03,-4.830965819160525e-03
8200,28,-4.000000000000000e-04,5.290988463573140e-03,-5.690988463573140e-03
8200,29,3.000000000000000e-04,5.251390949474865e-03,-4.951390949474865e-03
8300,0,1.200000000000000e-01,6.318155347572314e-03,1.136818446524277e-01
8300,1,-8.000000000000000e-02,6.288155347572314e-03,-8.628815534757231e-02
8300,2,5.500000000000000e-02,6.278162847572314e-03,4.872183715242769e-02
8300,3,4.000000000000000e-02,6.254425343822314e-03,3.374557465617769e-02
8300,4,-3.000000000000000e-02,6.220705643200125e-03,-3.622070564320012e-02
8300,5,2.500000000000000e-02,6.194519662278560e-03,1.880548033772144e-02
8300,6,2.000000000000000e-02,6.162116413833147e-03,1.383788358616685e-02
8300,7,-1.800000000000000e-02,6.124761770260402e-03,-2.412476177026040e-02
8300,8,1.500000000000000e-02,6.091972497313909e-03,8.908027502686090e-03
8300,9,1.200000000000000e-02,6.055498802913307e-03,5.944501197086693e-03
8300,10,-1.000000000000000e-02,6.016107174325110e-03,-1.601610717432511e-02
8300,11,8.999999999999999e-03,5.979314024808381e-03,3.020685975191619e-03
8300,12,8.000000000000000e-03,5.940372056452824e-03,2.059627943547176e-03
8300,13,-7.000000000000000e-03,5.899546914002334e-03,-1.289954691400233e-02
8300,14,6.000000000000000e-03,5.860604453264808e-03,1.393955467351923e-04
8300,15,5.000000000000000e-03,5.820298291139861e-03,-8.202982911398610e-04
8300,16,-4.000000000000000e-03,5.778893277122885e-03,-9.778893277122884e-03
8300,17,3.500000000000000e-03,5.738653883161977e-03,-2.238653883161977e-03
8300,18,3.000000000000000e-03,5.697710506625404e-03,-2.697710506625404e-03
8300,19,-2.500000000000000e-03,5.656201375283243e-03,-8.156201375283244e-03
8300,20,2.000000000000000e-03,5.615514412314959e-03,-3.615514412314959e-03
8300,21,1.800000000000000e-03,5.574530884161517e-03,-3.774530884161517e-03
8300,22,-1.500000000000000e-03,5.533312519530880e-03,-7.033312519530880e-03
8300,23,1.200000000000000e-03,5.492695855905711e-03,-4.292695855905711e-03
8300,24,1.000000000000000e-03,5.452012738096387e-03,-4.452012738096387e-03
8300,25,-8.000000000000000e-04,5.411323718993917e-03,-6.211323718993918e-03
8300,26,5.999999999999999e-04,5.371089006260838e-03,-4.771089006260838e-03
8300,27,5.000000000000000e-04,5.330965819160525e-03,-4.830965819160525e-03
8300,28,-4.000000000000000e-04,5.290988463573140e-03,-5.690988463573140e-03
8300,29,3.000000000000000e-04,5.251390949474865e-03,-4.951390949474865e-03
8400,0,1.200000000000000e-01,6.318155347572314e-03,1.136818446524277e-01
8400,1,-8.000000000000000e-02,6.288155347572314e-03,-8.628815534757231e-02
8400,2,5.500000000000000e-02,6.278162847572314e-03,4.872183715242769e-02
8400,3,4.000000000000000e-02,6.254425343822314e-03,3.374557465617769e-02
8400,4,-3.000000000000000e-02,6.220705643200125e-03,-3.622070564320012e-02
8400,5,2.500000000000000e-02,6.194519662278560e-03,1.880548033772144e-02
8400,6,2.000000000000000e-02,6.162116413833147e-03,1.383788358616685e-02
8400,7,-1.800000000000000e-02,6.124761770260402e-03,-2.412476177026040e-02
8400,8,1.500000000000000e-02,6.091972497313909e-03,8.908027502686090e-03
8400,9,1.200000000000000e-02,6.055498802913307e-03,5.944501197086693e-03
8400,10,-1.000000000000000e-02,6.016107174325110e-03,-1.601610717432511e-02
8400,11,8.999999999999999e-03,5.979314024808381e-03,3.020685975191619e-03
8400,12,8.000000000000000e-03,5.940372056452824e-03,2.059627943547176e-03
8400,13,-7.000000000000000e-03,5.899546914002334e-03,-1.289954691400233e-02
8400,14,6.000000000000000e-03,5.860604453264808e-03,1.393955467351923e-04
8400,15,5.000000000000000e-03,5.820298291139861e-03,-8.202982911398610e-04
8400,16,-4.000000000000000e-03,5.778893277122885e-03,-9.778893277122884e-03
8400,17,3.500000000000000e-03,5.738653883161977e-03,-2.238653883161977e-03
8400,18,3.000000000000000e-03,5.697710506625404e-03,-2.697710506625404e-03
8400,19,-2.500000000000000e-03,5.656201375283243e-03,-8.156201375283244e-03
8400,20,2.000000000000000e-03,5.615514412314959e-03,-3.615514412314959e-03
8400,21,1.800000000000000e-03,5.574530884161517e-03,-3.774530884161517e-03
8400,22,-1.500000000000000e-03,5.533312519530880e-03,-7.033312519530880e-03
8400,23,1.200000000000000e-03,5.492695855905711e-03,-4.292695855905711e-03
8400,24,1.000000000000000e-03,5.452012738096387e-03,-4.452012738096387e-03
8400,25,-8.000000000000000e-04,5.411323718993917e-03,-6.211323718993918e-03
8400,26,5.999999999999999e-04,5.371089006260838e-03,-4.771089006260838e-03
8400,27,5.000000000000000e-04,5.330965819160525e-03,-4.830965819160525e-03
8400,28,-4.000000000000000e-04,5.290988463573140e-03,-5.690988463573140e-03
8400,29,3.000000000000000e-04,5.251390949474865e-03,-4.951390949474865e-03
8500,0,1.200000000000000e-01,6.318155347572314e-03,1.136818446524277e-01
8500,1,-8.000000000000000e-02,6.288155347572314e-03,-8.628815534757231e-02
8500,2,5.500000000000000e-02,6.278162847572314e-03,4.872183715242769e-02
8500,3,4.000000000000000e-02,6.254425343822314e-03,3.374557465617769e-02
8500,4,-3.000000000000000e-02,6.220705643200125e-03,-3.622070564320012e-02
8500,5,2.500000000000000e-02,6.194519662278560e-03,1.880548033772144e-02
8500,6,2.000000000000000e-02,6.162116413833147e-03,1.383788358616685e-02
8500,7,-1.800000000000000e-02,6.124761770260402e-03,-2.412476177026040e-02
8500,8,1.500000000000000e-02,6.091972497313909e-03,8.908027502686090e-03
8500,9,1.200000000000000e-02,6.055498802913307e-03,5.944501197086693e-03
8500,10,-1.000000000000000e-02,6.016107174325110e-03,-1.601610717432511e-02
8500,11,8.999999999999999e-03,5.979314024808381e-03,3.020685975191619e-03
8500,12,8.000000000000000e-03,5.940372056452824e-03,2.059627943547176e-03
8500,13,-7.000000000000000e-03,5.899546914002334e-03,-1.289954691400233e-02
8500,14,6.000000000000000e-03,5.860604453264808e-03,1.393955467351923e-04
8500,15,5.000000000000000e-03,5.820298291139861e-03,-8.202982911398610e-04
8500,16,-4.000000000000000e-03,5.778893277122885e-03,-9.778893277122884e-03
8500,17,3.500000000000000e-03,5.738653883161977e-03,-2.238653883161977e-03
8500,18,3.000000000000000e-03,5.697710506625404e-03,-2.697710506625404e-03
8500,19,-2.500000000000000e-03,5.656201375283243e-03,-8.156201375283244e-03
8500,20,2.000000000000000e-03,5.615514412314959e-03,-3.615514412314959e-03
8500,21,1.800000000000000e-03,5.574530884161517e-03,-3.774530884161517e-03
8500,22,-1.500000000000000e-03,5.533312519530880e-03,-7.033312519530880e-03
8500,23,1.200000000000000e-03,5.492695855905711e-03,-4.292695855905711e-03
8500,24,1.000000000000000e-03,5.452012738096387e-03,-4.452012738096387e-03
8500,25,-8.000000000000000e-04,5.411323718993917e-03,-6.211323718993918e-03
8500,26,5.999999999999999e-04,5.371089006260838e-03,-4.771089006260838e-03
8500,27,5.000000000000000e-04,5.330965819160525e-03,-4.830965819160525e-03
8500,28,-4.000000000000000e-04,5.290988463573140e-03,-5.690988463573140e-03
8500,29,3.000000000000000e-04,5.251390949474865e-03,-4.951390949474865e-03
8600,0,1.200000000000000e-01,6.318155347572314e-03,1.136818446524277e-01
8600,1,-8.000000000000000e-02,6.288155347572314e-03,-8.628815534757231e-02
8600,2,5.500000000000000e-02,6.278162847572314e-03,4.872183715242769e-02
8600,3,4.000000000000000e-02,6.254425343822314e-03,3.374557465617769e-02
8600,4,-3.000000000000000e-02,6.220705643200125e-03,-3.622070564320012e-02
8600,5,2.500000000000000e-02,6.194519662278560e-03,1.880548033772144e-02
8600,6,2.000000000000000e-02,6.162116413833147e-03,1.383788358616685e-02
8600,7,-1.800000000000000e-02,6.124761770260402e-03,-2.412476177026040e-02
8600,8,1.500000000000000e-02,6.091972497313909e-03,8.908027502686090e-03
8600,9,1.200000000000000e-02,6.055498802913307e-03,5.944501197086693e-03
8600,10,-1.000000000000000e-02,6.016107174325110e-03,-1.601610717432511e-02
8600,11,8.999999999999999e-03,5.979314024808381e-03,3.020685975191619e-03
8600,12,8.000000000000000e-03,5.940372056452824e-03,2.059627943547176e-03
8600,13,-7.000000000000000e-03,5.899546914002334e-03,-1.289954691400233e-02
8600,14,6.000000000000000e-03,5.860604453264808e-03,1.393955467351923e-04
8600,15,5.000000000000000e-03,5.820298291139861e-03,-8.202982911398610e-04
8600,16,-4.000000000000000e-03,5.778893277122885e-03,-9.778893277122884e-03
8600,17,3.500000000000000e-03,5.738653883161977e-03,-2.238653883161977e-03
8600,18,3.000000000000000e-03,5.697710506625404e-03,-2.697710506625404e-03
8600,19,-2.500000000000000e-03,5.656201375283243e-03,-8.156201375283244e-03
8600,20,2.000000000000000e-03,5.615514412314959e-03,-3.615514412314959e-03
8600,21,1.800000000000000e-03,5.574530884161517e-03,-3.774530884161517e-03
8600,22,-1.500000000000000e-03,5.533312519530880e-03,-7.033312519530880e-03
8600,23,1.200000000000000e-03,5.492695855905711e-03,-4.292695855905711e-03
8600,24,1.000000000000000e-03,5.452012738096387e-03,-4.452012738096387e-03
8600,25,-8.000000000000000e-04,5.411323718993917e-03,-6.211323718993918e-03
8600,26,5.999999999999999e-04,5.371089006260838e-03,-4.771089006260838e-03
8600,27,5.000000000000000e-04,5.330965819160525e-03,-4.830965819160525e-03
8600,28,-4.000000000000000e-04,5.290988463573140e-03,-5.690988463573140e-03
8600,29,3.000000000000000e-04,5.251390949474865e-03,-4.951390949474865e-03
8700,0,1.200000000000000e-01,6.318155347572314e-03,1.136818446524277e-01
8700,1,-8.000000000000000e-02,6.288155347572314e-03,-8.628815534757231e-02
8700,2,5.500000000000000e-02,6.278162847572314e-03,4.872183715242769e-02
8700,3,4.000000000000000e-02,6.254425343822314e-03,3.374557465617769e-02
8700,4,-3.000000000000000e-02,6.220705643200125e-03,-3.622070564320012e-02
8700,5,2.500000000000000e-02,6.194519662278560e-03,1.880548033772144e-02
8700,6,2.000000000000000e-02,6.162116413833147e-03,1.383788358616685e-02
8700,7,-1.800000000000000e-02,6.124761770260402e-03,-2.412476177026040e-02
8700,8,1.500000000000000e-02,6.091972497313909e-03,8.908027502686090e-03
8700,9,1.200000000000000e-02,6.055498802913307e-03,5.944501197086693e-03
8700,10,-1.000000000000000e-02,6.016107174325110e-03,-1.601610717432511e-02
8700,11,8.999999999999999e-03,5.979314024808381e-03,3.020685975191619e-03
8700,12,8.000000000000000e-03,5.940372056452824e-03,2.059627943547176e-03
8700,13,-7.000000000000000e-03,5.899546914002334e-03,-1.289954691400233e-02
8700,14,6.000000000000000e-03,5.860604453264808e-03,1.393955467351923e-04
8700,15,5.000000000000000e-03,5.820298291139861e-03,-8.202982911398610e-04
8700,16,-4.000000000000000e-03,5.778893277122885e-03,-9.778893277122884e-03
8700,17,3.500000000000000e-03,5.738653883161977e-03,-2.238653883161977e-03
8700,18,3.000000000000000e-03,5.697710506625404e-03,-2.697710506625404e-03
8700,19,-2.500000000000000e-03,5.656201375283243e-03,-8.156201375283244e-03
8700,20,2.000000000000000e-03,5.615514412314959e-03,-3.615514412314959e-03
8700,21,1.800000000000000e-03,5.574530884161517e-03,-3.774530884161517e-03
8700,22,-1.500000000000000e-03,5.533312519530880e-03,-7.033312519530880e-03
8700,23,1.200000000000000e-03,5.492695855905711e-03,-4.292695855905711e-03
8700,24,1.000000000000000e-03,5.452012738096387e-03,-4.452012738096387e-03
8700,25,-8.000000000000000e-04,5.411323718993917e-03,-6.211323718993918e-03
8700,26,5.999999999999999e-04,5.371089006260838e-03,-4.771089006260838e-03
8700,27,5.000000000000000e-04,5.330965819160525e-03,-4.830965819160525e-03
8700,28,-4.000000000000000e-04,5.290988463573140e-03,-5.690988463573140e-03
8700,29,3.000000000000000e-04,5.251390949474865e-03,-4.951390949474865e-03
8800,0,1.200000000000000e-01,6.318155347572314e-03,1.136818446524277e-01
8800,1,-8.000000000000000e-02,6.288155347572314e-03,-8.628815534757231e-02
8800,2,5.500000000000000e-02,6.278162847572314e-03,4.872183715242769e-02
8800,3,4.000000000000000e-02,6.254425343822314e-03,3.374557465617769e-02
8800,4,-3.000000000000000e-02,6.220705643200125e-03,-3.622070564320012e-02
8800,5,2.500000000000000e-02,6.194519662278560e-03,1.880548033772144e-02
8800,6,2.000000000000000e-02,6.162116413833147e-03,1.383788358616685e-02
8800,7,-1.800000000000000e-02,6.124761770260402e-03,-2.412476177026040e-02
8800,8,1.500000000000000e-02,6.091972497313909e-03,8.908027502686090e-03
8800,9,1.200000000000000e-02,6.055498802913307e-03,5.944501197086693e-03
8800,10,-1.000000000000000e-02,6.016107174325110e-03,-1.601610717432511e-02
8800,11,8.999999999999999e-03,5.979314024808381e-03,3.020685975191619e-03
8800,12,8.000000000000000e-03,5.940372056452824e-03,2.059627943547176e-03
8800,13,-7.000000000000000e-03,5.899546914002334e-03,-1.289954691400233e-02
8800,14,6.000000000000000e-03,5.860604453264808e-03,1.393955467351923e-04
8800,15,5.000000000000000e-03,5.820298291139861e-03,-8.202982911398610e-04
8800,16,-4.000000000000000e-03,5.778893277122885e-03,-9.778893277122884e-03
8800,17,3.500000000000000e-03,5.738653883161977e-03,-2.238653883161977e-03
8800,18,3.000000000000000e-03,5.697710506625404e-03,-2.697710506625404e-03
8800,19,-2.500000000000000e-03,5.656201375283243e-03,-8.156201375283244e-03
8800,20,2.000000000000000e-03,5.615514412314959e-03,-3.615514412314959e-03
8800,21,1.800000000000000e-03,5.574530884161517e-03,-3.774530884161517e-03
8800,22,-1.500000000000000e-03,5.533312519530880e-03,-7.033312519530880e-03
8800,23,1.200000000000000e-03,5.492695855905711e-03,-4.292695855905711e-03
8800,24,1.000000000000000e-03,5.452012738096387e-03,-4.452012738096387e-03
8800,25,-8.000000000000000e-04,5.411323718993917e-03,-6.211323718993918e-03
8800,26,5.999999999999999e-04,5.371089006260838e-03,-4.771089006260838e-03
8800,27,5.000000000000000e-04,5.330965819160525e-03,-4.830965819160525e-03
8800,28,-4.000000000000000e-04,5.290988463573140e-03,-5.690988463573140e-03
8800,29,3.000000000000000e-04,5.251390949474865e-03,-4.951390949474865e-03
8900,0,1.200000000000000e-01,6.318155347572314e-03,1.136818446524277e-01
8900,1,-8.000000000000000e-02,6.288155347572314e-03,-8.628815534757231e-02
8900,2,5.500000000000000e-02,6.278162847572314e-03,4.872183715242769e-02
8900,3,4.000000000000000e-02,6.254425343822314e-03,3.374557465617769e-02
8900,4,-3.000000000000000e-02,6.220705643200125e-03,-3.622070564320012e-02
8900,5,2.500000000000000e-02,6.194519662278560e-03,1.880548033772144e-02
8900,6,2.000000000000000e-02,6.162116413833147e-03,1.383788358616685e-02
8900,7,-1.800000000000000e-02,6.124761770260402e-03,-2.412476177026040e-02
8900,8,1.500000000000000e-02,6.091972497313909e-03,8.908027502686090e-03
8900,9,1.200000000000000e-02,6.055498802913307e-03,5.944501197086693e-03
8900,10,-1.000000000000000e-02,6.016107174325110e-03,-1.601610717432511e-02
8900,11,8.999999999999999e-03,5.979314024808381e-03,3.020685975191619e-03
8900,12,8.000000000000000e-03,5.940372056452824e-03,2.059627943547176e-03
8900,13,-7.000000000000000e-03,5.899546914002334e-03,-1.289954691400233e-02
8900,14,6.000000000000000e-03,5.860604453264808e-03,1.393955467351923e-04
8900,15,5.000000000000000e-03,5.820298291139861e-03,-8.202982911398610e-04
8900,16,-4.000000000000000e-03,5.778893277122885e-03,-9.778893277122884e-03
8900,17,3.500000000000000e-03,5.738653883161977e-03,-2.238653883161977e-03
8900,18,3.000000000000000e-03,5.697710506625404e-03,-2.697710506625404e-03
8900,19,-2.500000000000000e-03,5.656201375283243e-03,-8.156201375283244e-03
8900,20,2.000000000000000e-03,5.615514412314959e-03,-3.615514412314959e-03
8900,21,1.800000000000000e-03,5.574530884161517e-03,-3.774530884161517e-03
8900,22,-1.500000000000000e-03,5.533312519530880e-03,-7.033312519530880e-03
8900,23,1.200000000000000e-03,5.492695855905711e-03,-4.292695855905711e-03
8900,24,1.000000000000000e-03,5.452012738096387e-03,-4.452012738096387e-03
8900,25,-8.000000000000000e-04,5.411323718993917e-03,-6.211323718993918e-03
8900,26,5.999999999999999e-04,5.371089006260838e-03,-4.771089006260838e-03
8900,27,5.000000000000000e-04,5.330965819160525e-03,-4.830965819160525e-03
8900,28,-4.000000000000000e-04,5.290988463573140e-03,-5.690988463573140e-03
8900,29,3.000000000000000e-04,5.251390949474865e-03,-4.951390949474865e-03
9000,0,1.200000000000000e-01,6.318155347572314e-03,1.136818446524277e-01
9000,1,-8.000000000000000e-02,6.288155347572314e-03,-8.628815534757231e-02
9000,2,5.500000000000000e-02,6.278162847572314e-03,4.872183715242769e-02
9000,3,4.000000000000000e-02,6.254425343822314e-03,3.374557465617769e-02
9000,4,-3.000000000000000e-02,6.220705643200125e-03,-3.622070564320012e-02
9000,5,2.500000000000000e-02,6.194519662278560e-03,1.880548033772144e-02
9000,6,2.000000000000000e-02,6.162116413833147e-03,1.383788358616685e-02
9000,7,-1.800000000000000e-02,6.124761770260402e-03,-2.412476177026040e-02
9000,8,1.500000000000000e-02,6.091972497313909e-03,8.908027502686090e-03
9000,9,1.200000000000000e-02,6.055498802913307e-03,5.944501197086693e-03
9000,10,-1.000000000000000e-02,6.016107174325110e-03,-1.601610717432511e-02
9000,11,8.999999999999999e-03,5.979314024808381e-03,3.020685975191619e-03
9000,12,8.000000000000000e-03,5.940372056452824e-03,2.059627943547176e-03
9000,13,-7.000000000000000e-03,5.899546914002334e-03,-1.289954691400233e-02
9000,14,6.000000000000000e-03,5.860604453264808e-03,1.393955467351923e-04
9000,15,5.000000000000000e-03,5.820298291139861e-03,-8.202982911398610e-04
9000,16,-4.000000000000000e-03,5.778893277122885e-03,-9.778893277122884e-03
9000,17,3.500000000000000e-03,5.738653883161977e-03,-2.238653883161977e-03
9000,18,3.000000000000000e-03,5.697710506625404e-03,-2.697710506625404e-03
9000,19,-2.500000000000000e-03,5.656201375283243e-03,-8.156201375283244e-03
9000,20,2.000000000000000e-03,5.615514412314959e-03,-3.615514412314959e-03
9000,21,1.800000000000000e-03,5.574530884161517e-03,-3.774530884161517e-03
9000,22,-1.500000000000000e-03,5.533312519530880e-03,-7.033312519530880e-03
9000,23,1.200000000000000e-03,5.492695855905711e-03,-4.292695855905711e-03
9000,24,1.000000000000000e-03,5.452012738096387e-03,-4.452012738096387e-03
9000,25,-8.000000000000000e-04,5.411323718993917e-03,-6.211323718993918e-03
9000,26,5.999999999999999e-04,5.371089006260838e-03,-4.771089006260838e-03
9000,27,5.000000000000000e-04,5.330965819160525e-03,-4.830965819160525e-03
9000,28,-4.000000000000000e-04,5.290988463573140e-03,-5.690988463573140e-03
9000,29,3.000000000000000e-04,5.251390949474865e-03,-4.951390949474865e-03
9100,0,1.200000000000000e-01,6.318155347572314e-03,1.136818446524277e-01
9100,1,-8.000000000000000e-02,6.288155347572314e-03,-8.628815534757231e-02
9100,2,5.500000000000000e-02,6.278162847572314e-03,4.872183715242769e-02
9100,3,4.000000000000000e-02,6.254425343822314e-03,3.374557465617769e-02
9100,4,-3.000000000000000e-02,6.220705643200125e-03,-3.622070564320012e-02
9100,5,2.500000000000000e-02,6.194519662278560e-03,1.880548033772144e-02
9100,6,2.000000000000000e-02,6.162116413833147e-03,1.383788358616685e-02
9100,7,-1.800000000000000e-02,6.124761770260402e-03,-2.412476177026040e-02
9100,8,1.500000000000000e-02,6.091972497313909e-03,8.908027502686090e-03
9100,9,1.200000000000000e-02,6.055498802913307e-03,5.944501197086693e-03
9100,10,-1.000000000000000e-02,6.016107174325110e-03,-1.601610717432511e-02
9100,11,8.999999999999999e-03,5.979314024808381e-03,3.020685975191619e-03
9100,12,8.000000000000000e-03,5.940372056452824e-03,2.059627943547176e-03
9100,13,-7.000000000000000e-03,5.899546914002334e-03,-1.289954691400233e-02
9100,14,6.000000000000000e-03,5.860604453264808e-03,1.393955467351923e-04
9100,15,5.000000000000000e-03,5.820298291139861e-03,-8.202982911398610e-04
9100,16,-4.000000000000000e-03,5.778893277122885e-03,-9.778893277122884e-03
9100,17,3.500000000000000e-03,5.738653883161977e-03,-2.238653883161977e-03
9100,18,3.000000000000000e-03,5.697710506625404e-03,-2.697710506625404e-03
9100,19,-2.500000000000000e-03,5.656201375283243e-03,-8.156201375283244e-03
9100,20,2.000000000000000e-03,5.615514412314959e-03,-3.615514412314959e-03
9100,21,1.800000000000000e-03,5.574530884161517e-03,-3.774530884161517e-03
9100,22,-1.500000000000000e-03,5.533312519530880e-03,-7.033312519530880e-03
9100,23,1.200000000000000e-03,5.492695855905711e-03,-4.292695855905711e-03
9100,24,1.000000000000000e-03,5.452012738096387e-03,-4.452012738096387e-03
9100,25,-8.000000000000000e-04,5.411323718993917e-03,-6.211323718993918e-03
9100,26,5.999999999999999e-04,5.371089006260838e-03,-4.771089006260838e-03
9100,27,5.000000000000000e-04,5.330965819160525e-03,-4.830965819160525e-03
9100,28,-4.000000000000000e-04,5.290988463573140e-03,-5.690988463573140e-03
9100,29,3.000000000000000e-04,5.251390949474865e-03,-4.951390949474865e-03
9200,0,1.200000000000000e-01,6.318155347572314e-03,1.136818446524277e-01
9200,1,-8.000000000000000e-02,6.288155347572314e-03,-8.628815534757231e-02
9200,2,5.500000000000000e-02,6.278162847572314e-03,4.872183715242769e-02
9200,3,4.000000000000000e-02,6.254425343822314e-03,3.374557465617769e-02
9200,4,-3.000000000000000e-02,6.220705643200125e-03,-3.622070564320012e-02
9200,5,2.500000000000000e-02,6.194519662278560e-03,1.880548033772144e-02
9200,6,2.000000000000000e-02,6.162116413833147e-03,1.383788358616685e-02
9200,7,-1.800000000000000e-02,6.124761770260402e-03,-2.412476177026040e-02
9200,8,1.500000000000000e-02,6.091972497313909e-03,8.908027502686090e-03
9200,9,1.200000000000000e-02,6.055498802913307e-03,5.944501197086693e-03
9200,10,-1.000000000000000e-02,6.016107174325110e-03,-1.601610717432511e-02
9200,11,8.999999999999999e-03,5.979314024808381e-03,3.020685975191619e-03
9200,12,8.000000000000000e-03,5.940372056452824e-03,2.059627943547176e-03
9200,13,-7.000000000000000e-03,5.899546914002334e-03,-1.289954691400233e-02
9200,14,6.000000000000000e-03,5.860604453264808e-03,1.393955467351923e-04
9200,15,5.000000000000000e-03,5.820298291139861e-03,-8.202982911398610e-04
9200,16,-4.000000000000000e-03,5.778893277122885e-03,-9.778893277122884e-03
9200,17,3.500000000000000e-03,5.738653883161977e-03,-2.238653883161977e-03
9200,18,3.000000000000000e-03,5.697710506625404e-03,-2.697710506625404e-03
9200,19,-2.500000000000000e-03,5.656201375283243e-03,-8.156201375283244e-03
9200,20,2.000000000000000e-03,5.615514412314959e-03,-3.615514412314959e-03
9200,21,1.800000000000000e-03,5.574530884161517e-03,-3.774530884161517e-03
9200,22,-1.500000000000000e-03,5.533312519530880e-03,-7.033312519530880e-03
9200,23,1.200000000000000e-03,5.492695855905711e-03,-4.292695855905711e-03
9200,24,1.000000000000000e-03,5.452012738096387e-03,-4.452012738096387e-03
9200,25,-8.000000000000000e-04,5.411323718993917e-03,-6.211323718993918e-03
9200,26,5.999999999999999e-04,5.371089006260838e-03,-4.771089006260838e-03
9200,27,5.000000000000000e-04,5.330965819160525e-03,-4.830965819160525e-03
9200,28,-4.000000000000000e-04,5.290988463573140e-03,-5.690988463573140e-03
9200,29,3.000000000000000e-04,5.251390949474865e-03,-4.951390949474865e-03
9300,0,1.200000000000000e-01,6.318155347572314e-03,1.136818446524277e-01
9300,1,-8.000000000000000e-02,6.288155347572314e-03,-8.628815534757231e-02
9300,2,5.500000000000000e-02,6.278162847572314e-03,4.872183715242769e-02
9300,3,4.000000000000000e-02,6.254425343822314e-03,3.374557465617769e-02
9300,4,-3.000000000000000e-02,6.220705643200125e-03,-3.622070564320012e-02
9300,5,2.500000000000000e-02,6.194519662278560e-03,1.880548033772144e-02
9300,6,2.000000000000000e-02,6.162116413833147e-03,1.383788358616685e-02
9300,7,-1.800000000000000e-02,6.124761770260402e-03,-2.412476177026040e-02
9300,8,1.500000000000000e-02,6.091972497313909e-03,8.908027502686090e-03
9300,9,1.200000000000000e-02,6.055498802913307e-03,5.944501197086693e-03
9300,10,-1.000000000000000e-02,6.016107174325110e-03,-1.601610717432511e-02
9300,11,8.999999999999999e-03,5.979314024808381e-03,3.020685975191619e-03
9300,12,8.000000000000000e-03,5.940372056452824e-03,2.059627943547176e-03
9300,13,-7.000000000000000e-03,5.899546914002334e-03,-1.289954691400233e-02
9300,14,6.000000000000000e-03,5.860604453264808e-03,1.393955467351923e-04
9300,15,5.000000000000000e-03,5.820298291139861e-03,-8.202982911398610e-04
9300,16,-4.000000000000000e-03,5.778893277122885e-03,-9.778893277122884e-03
9300,17,3.500000000000000e-03,5.738653883161977e-03,-2.238653883161977e-03
9300,18,3.000000000000000e-03,5.697710506625404e-03,-2.697710506625404e-03
9300,19,-2.500000000000000e-03,5.656201375283243e-03,-8.156201375283244e-03
9300,20,2.000000000000000e-03,5.615514412314959e-03,-3.615514412314959e-03
9300,21,1.800000000000000e-03,5.574530884161517e-03,-3.774530884161517e-03
9300,22,-1.500000000000000e-03,5.533312519530880e-03,-7.033312519530880e-03
9300,23,1.200000000000000e-03,5.492695855905711e-03,-4.292695855905711e-03
9300,24,1.000000000000000e-03,5.452012738096387e-03,-4.452012738096387e-03
9300,25,-8.000000000000000e-04,5.411323718993917e-03,-6.211323718993918e-03
9300,26,5.999999999999999e-04,5.371089006260838e-03,-4.771089006260838e-03
9300,27,5.000000000000000e-04,5.330965819160525e-03,-4.830965819160525e-03
9300,28,-4.000000000000000e-04,5.290988463573140e-03,-5.690988463573140e-03
9300,29,3.000000000000000e-04,5.251390949474865e-03,-4.951390949474865e-03
9400,0,1.200000000000000e-01,6.318155347572314e-03,1.136818446524277e-01
9400,1,-8.000000000000000e-02,6.288155347572314e-03,-8.628815534757231e-02
9400,2,5.500000000000000e-02,6.278162847572314e-03,4.872183715242769e-02
9400,3,4.000000000000000e-02,6.254425343822314e-03,3.374557465617769e-02
9400,4,-3.000000000000000e-02,6.220705643200125e-03,-3.622070564320012e-02
9400,5,2.500000000000000e-02,6.194519662278560e-03,1.880548033772144e-02
9400,6,2.000000000000000e-02,6.162116413833147e-03,1.383788358616685e-02
9400,7,-1.800000000000000e-02,6.124761770260402e-03,-2.412476177026040e-02
9400,8,1.500000000000000e-02,6.091972497313909e-03,8.908027502686090e-03
9400,9,1.200000000000000e-02,6.055498802913307e-03,5.944501197086693e-03
9400,10,-1.000000000000000e-02,6.016107174325110e-03,-1.601610717432511e-02
9400,11,8.999999999999999e-03,5.979314024808381e-03,3.020685975191619e-03
9400,12,8.000000000000000e-03,5.940372056452824e-03,2.059627943547176e-03
9400,13,-7.000000000000000e-03,5.899546914002334e-03,-1.289954691400233e-02
9400,14,6.000000000000000e-03,5.860604453264808e-03,1.393955467351923e-04
9400,15,5.000000000000000e-03,5.820298291139861e-03,-8.202982911398610e-04
9400,16,-4.000000000000000e-03,5.778893277122885e-03,-9.778893277122884e-03
9400,17,3.500000000000000e-03,5.738653883161977e-03,-2.238653883161977e-03
9400,18,3.000000000000000e-03,5.697710506625404e-03,-2.697710506625404e-03
9400,19,-2.500000000000000e-03,5.656201375283243e-03,-8.156201375283244e-03
9400,20,2.000000000000000e-03,5.615514412314959e-03,-3.615514412314959e-03
9400,21,1.800000000000000e-03,5.574530884161517e-03,-3.774530884161517e-03
9400,22,-1.500000000000000e-03,5.533312519530880e-03,-7.033312519530880e-03
9400,23,1.200000000000000e-03,5.492695855905711e-03,-4.292695855905711e-03
9400,24,1.000000000000000e-03,5.452012738096387e-03,-4.452012738096387e-03
9400,25,-8.000000000000000e-04,5.411323718993917e-03,-6.211323718993918e-03
9400,26,5.999999999999999e-04,5.371089006260838e-03,-4.771089006260838e-03
9400,27,5.000000000000000e-04,5.330965819160525e-03,-4.830965819160525e-03
9400,28,-4.000000000000000e-04,5.290988463573140e-03,-5.690988463573140e-03
9400,29,3.000000000000000e-04,5.251390949474865e-03,-4.951390949474865e-03
9500,0,1.200000000000000e-01,6.318155347572314e-03,1.136818446524277e-01
9500,1,-8.000000000000000e-02,6.288155347572314e-03,-8.628815534757231e-02
9500,2,5.500000000000000e-02,6.278162847572314e-03,4.872183715242769e-02
9500,3,4.000000000000000e-02,6.254425343822314e-03,3.374557465617769e-02
9500,4,-3.000000000000000e-02,6.220705643200125e-03,-3.622070564320012e-02
9500,5,2.500000000000000e-02,6.194519662278560e-03,1.880548033772144e-02
9500,6,2.000000000000000e-02,6.162116413833147e-03,1.383788358616685e-02
9500,7,-1.800000000000000e-02,6.124761770260402e-03,-2.412476177026040e-02
9500,8,1.500000000000000e-02,6.091972497313909e-03,8.908027502686090e-03
9500,9,1.200000000000000e-02,6.055498802913307e-03,5.944501197086693e-03
9500,10,-1.000000000000000e-02,6.016107174325110e-03,-1.601610717432511e-02
9500,11,8.999999999999999e-03,5.979314024808381e-03,3.020685975191619e-03
9500,12,8.000000000000000e-03,5.940372056452824e-03,2.059627943547176e-03
9500,13,-7.000000000000000e-03,5.899546914002334e-03,-1.289954691400233e-02
9500,14,6.000000000000000e-03,5.860604453264808e-03,1.393955467351923e-04
9500,15,5.000000000000000e-03,5.820298291139861e-03,-8.202982911398610e-04
9500,16,-4.000000000000000e-03,5.778893277122885e-03,-9.778893277122884e-03
9500,17,3.500000000000000e-03,5.738653883161977e-03,-2.238653883161977e-03
9500,18,3.000000000000000e-03,5.697710506625404e-03,-2.697710506625404e-03
9500,19,-2.500000000000000e-03,5.656201375283243e-03,-8.156201375283244e-03
9500,20,2.000000000000000e-03,5.615514412314959e-03,-3.615514412314959e-03
9500,21,1.800000000000000e-03,5.574530884161517e-03,-3.774530884161517e-03
9500,22,-1.500000000000000e-03,5.533312519530880e-03,-7.033312519530880e-03
9500,23,1.200000000000000e-03,5.492695855905711e-03,-4.292695855905711e-03
9500,24,1.000000000000000e-03,5.452012738096387e-03,-4.452012738096387e-03
9500,25,-8.000000000000000e-04,5.411323718993917e-03,-6.211323718993918e-03
9500,26,5.999999999999999e-04,5.371089006260838e-03,-4.771089006260838e-03
9500,27,5.000000000000000e-04,5.330965819160525e-03,-4.830965819160525e-03
9500,28,-4.000000000000000e-04,5.290988463573140e-03,-5.690988463573140e-03
9500,29,3.000000000000000e-04,5.251390949474865e-03,-4.951390949474865e-03
9600,0,1.200000000000000e-01,6.318155347572314e-03,1.136818446524277e-01
9600,1,-8.000000000000000e-02,6.288155347572314e-03,-8.628815534757231e-02
9600,2,5.500000000000000e-02,6.278162847572314e-03,4.872183715242769e-02
9600,3,4.000000000000000e-02,6.254425343822314e-03,3.374557465617769e-02
9600,4,-3.000000000000000e-02,6.220705643200125e-03,-3.622070564320012e-02
9600,5,2.500000000000000e-02,6.194519662278560e-03,1.880548033772144e-02
9600,6,2.000000000000000e-02,6.162116413833147e-03,1.383788358616685e-02
9600,7,-1.800000000000000e-02,6.124761770260402e-03,-2.412476177026040e-02
9600,8,1.500000000000000e-02,6.091972497313909e-03,8.908027502686090e-03
9600,9,1.200000000000000e-02,6.055498802913307e-03,5.944501197086693e-03
9600,10,-1.000000000000000e-02,6.016107174325110e-03,-1.601610717432511e-02
9600,11,8.999999999999999e-03,5.979314024808381e-03,3.020685975191619e-03
9600,12,8.000000000000000e-03,5.940372056452824e-03,2.059627943547176e-03
9600,13,-7.000000000000000e-03,5.899546914002334e-03,-1.289954691400233e-02
9600,14,6.000000000000000e-03,5.860604453264808e-03,1.393955467351923e-04
9600,15,5.000000000000000e-03,5.820298291139861e-03,-8.202982911398610e-04
9600,16,-4.000000000000000e-03,5.778893277122885e-03,-9.778893277122884e-03
9600,17,3.500000000000000e-03,5.738653883161977e-03,-2.238653883161977e-03
9600,18,3.000000000000000e-03,5.697710506625404e-03,-2.697710506625404e-03
9600,19,-2.500000000000000e-03,5.656201375283243e-03,-8.156201375283244e-03
9600,20,2.000000000000000e-03,5.615514412314959e-03,-3.615514412314959e-03
9600,21,1.800000000000000e-03,5.574530884161517e-03,-3.774530884161517e-03
9600,22,-1.500000000000000e-03,5.533312519530880e-03,-7.033312519530880e-03
9600,23,1.200000000000000e-03,5.492695855905711e-03,-4.292695855905711e-03
9600,24,1.000000000000000e-03,5.452012738096387e-03,-4.452012738096387e-03
9600,25,-8.000000000000000e-04,5.411323718993917e-03,-6.211323718993918e-03
9600,26,5.999999999999999e-04,5.371089006260838e-03,-4.771089006260838e-03
9600,27,5.000000000000000e-04,5.330965819160525e-03,-4.830965819160525e-03
9600,28,-4.000000000000000e-04,5.290988463573140e-03,-5.690988463573140e-03
9600,29,3.000000000000000e-04,5.251390949474865e-03,-4.951390949474865e-03
9700,0,1.200000000000000e-01,6.318155347572314e-03,1.136818446524277e-01
9700,1,-8.000000000000000e-02,6.288155347572314e-03,-8.628815534757231e-02
9700,2,5.500000000000000e-02,6.278162847572314e-03,4.872183715242769e-02
9700,3,4.000000000000000e-02,6.254425343822314e-03,3.374557465617769e-02
9700,4,-3.000000000000000e-02,6.220705643200125e-03,-3.622070564320012e-02
9700,5,2.500000000000000e-02,6.194519662278560e-03,1.880548033772144e-02
9700,6,2.000000000000000e-02,6.162116413833147e-03,1.383788358616685e-02
9700,7,-1.800000000000000e-02,6.124761770260402e-03,-2.412476177026040e-02
9700,8,1.500000000000000e-02,6.091972497313909e-03,8.908027502686090e-03
9700,9,1.200000000000000e-02,6.055498802913307e-03,5.944501197086693e-03
9700,10,-1.000000000000000e-02,6.016107174325110e-03,-1.601610717432511e-02
9700,11,8.999999999999999e-03,5.979314024808381e-03,3.020685975191619e-03
9700,12,8.000000000000000e-03,5.940372056452824e-03,2.059627943547176e-03
9700,13,-7.000000000000000e-03,5.899546914002334e-03,-1.289954691400233e-02
9700,14,6.000000000000000e-03,5.860604453264808e-03,1.393955467351923e-04
9700,15,5.000000000000000e-03,5.820298291139861e-03,-8.202982911398610e-04
9700,16,-4.000000000000000e-03,5.778893277122885e-03,-9.778893277122884e-03
9700,17,3.500000000000000e-03,5.738653883161977e-03,-2.238653883161977e-03
9700,18,3.000000000000000e-03,5.697710506625404e-03,-2.697710506625404e-03
9700,19,-2.500000000000000e-03,5.656201375283243e-03,-8.156201375283244e-03
9700,20,2.000000000000000e-03,5.615514412314959e-03,-3.615514412314959e-03
9700,21,1.800000000000000e-03,5.574530884161517e-03,-3.774530884161517e-03
9700,22,-1.500000000000000e-03,5.533312519530880e-03,-7.033312519530880e-03
9700,23,1.200000000000000e-03,5.492695855905711e-03,-4.292695855905711e-03
9700,24,1.000000000000000e-03,5.452012738096387e-03,-4.452012738096387e-03
9700,25,-8.000000000000000e-04,5.411323718993917e-03,-6.211323718993918e-03
9700,26,5.999999999999999e-04,5.371089006260838e-03,-4.771089006260838e-03
9700,27,5.000000000000000e-04,5.330965819160525e-03,-4.830965819160525e-03
9700,28,-4.000000000000000e-04,5.290988463573140e-03,-5.690988463573140e-03
9700,29,3.000000000000000e-04,5.251390949474865e-03,-4.951390949474865e-03
9800,0,1.200000000000000e-01,6.318155347572314e-03,1.136818446524277e-01
9800,1,-8.000000000000000e-02,6.288155347572314e-03,-8.628815534757231e-02
9800,2,5.500000000000000e-02,6.278162847572314e-03,4.872183715242769e-02
9800,3,4.000000000000000e-02,6.254425343822314e-03,3.374557465617769e-02
9800,4,-3.000000000000000e-02,6.220705643200125e-03,-3.622070564320012e-02
9800,5,2.500000000000000e-02,6.194519662278560e-03,1.880548033772144e-02
9800,6,2.000000000000000e-02,6.162116413833147e-03,1.383788358616685e-02
9800,7,-1.800000000000000e-02,6.124761770260402e-03,-2.412476177026040e-02
9800,8,1.500000000000000e-02,6.091972497313909e-03,8.908027502686090e-03
9800,9,1.200000000000000e-02,6.055498802913307e-03,5.944501197086693e-03
9800,10,-1.000000000000000e-02,6.016107174325110e-03,-1.601610717432511e-02
9800,11,8.999999999999999e-03,5.979314024808381e-03,3.020685975191619e-03
9800,12,8.000000000000000e-03,5.940372056452824e-03,2.059627943547176e-03
9800,13,-7.000000000000000e-03,5.899546914002334e-03,-1.289954691400233e-02
9800,14,6.000000000000000e-03,5.860604453264808e-03,1.393955467351923e-04
9800,15,5.000000000000000e-03,5.820298291139861e-03,-8.202982911398610e-04
9800,16,-4.000000000000000e-03,5.778893277122885e-03,-9.778893277122884e-03
9800,17,3.500000000000000e-03,5.738653883161977e-03,-2.238653883161977e-03
9800,18,3.000000000000000e-03,5.697710506625404e-03,-2.697710506625404e-03
9800,19,-2.500000000000000e-03,5.656201375283243e-03,-8.156201375283244e-03
9800,20,2.000000000000000e-03,5.615514412314959e-03,-3.615514412314959e-03
9800,21,1.800000000000000e-03,5.574530884161517e-03,-3.774530884161517e-03
9800,22,-1.500000000000000e-03,5.533312519530880e-03,-7.033312519530880e-03
9800,23,1.200000000000000e-03,5.492695855905711e-03,-4.292695855905711e-03
9800,24,1.000000000000000e-03,5.452012738096387e-03,-4.452012738096387e-03
9800,25,-8.000000000000000e-04,5.411323718993917e-03,-6.211323718993918e-03
9800,26,5.999999999999999e-04,5.371089006260838e-03,-4.771089006260838e-03
9800,27,5.000000000000000e-04,5.330965819160525e-03,-4.830965819160525e-03
9800,28,-4.000000000000000e-04,5.290988463573140e-03,-5.690988463573140e-03
9800,29,3.000000000000000e-04,5.251390949474865e-03,-4.951390949474865e-03
9900,0,1.200000000000000e-01,6.318155347572314e-03,1.136818446524277e-01
9900,1,-8.000000000000000e-02,6.288155347572314e-03,-8.628815534757231e-02
9900,2,5.500000000000000e-02,6.278162847572314e-03,4.872183715242769e-02
9900,3,4.000000000000000e-02,6.254425343822314e-03,3.374557465617769e-02
9900,4,-3.000000000000000e-02,6.220705643200125e-03,-3.622070564320012e-02
9900,5,2.500000000000000e-02,6.194519662278560e-03,1.880548033772144e-02
9900,6,2.000000000000000e-02,6.162116413833147e-03,1.383788358616685e-02
9900,7,-1.800000000000000e-02,6.124761770260402e-03,-2.412476177026040e-02
9900,8,1.500000000000000e-02,6.091972497313909e-03,8.908027502686090e-03
9900,9,1.200000000000000e-02,6.055498802913307e-03,5.944501197086693e-03
9900,10,-1.000000000000000e-02,6.016107174325110e-03,-1.601610717432511e-02
9900,11,8.999999999999999e-03,5.979314024808381e-03,3.020685975191619e-03
9900,12,8.000000000000000e-03,5.940372056452824e-03,2.059627943547176e-03
9900,13,-7.000000000000000e-03,5.899546914002334e-03,-1.289954691400233e-02
9900,14,6.000000000000000e-03,5.860604453264808e-03,1.393955467351923e-04
9900,15,5.000000000000000e-03,5.820298291139861e-03,-8.202982911398610e-04
9900,16,-4.000000000000000e-03,5.778893277122885e-03,-9.778893277122884e-03
9900,17,3.500000000000000e-03,5.738653883161977e-03,-2.238653883161977e-03
9900,18,3.000000000000000e-03,5.697710506625404e-03,-2.697710506625404e-03
9900,19,-2.500000000000000e-03,5.656201375283243e-03,-8.156201375283244e-03
9900,20,2.000000000000000e-03,5.615514412314959e-03,-3.615514412314959e-03
9900,21,1.800000000000000e-03,5.574530884161517e-03,-3.774530884161517e-03
9900,22,-1.500000000000000e-03,5.533312519530880e-03,-7.033312519530880e-03
9900,23,1.200000000000000e-03,5.492695855905711e-03,-4.292695855905711e-03
9900,24,1.000000000000000e-03,5.452012738096387e-03,-4.452012738096387e-03
9900,25,-8.000000000000000e-04,5.411323718993917e-03,-6.211323718993918e-03
9900,26,5.999999999999999e-04,5.371089006260838e-03,-4.771089006260838e-03
9900,27,5.000000000000000e-04,5.330965819160525e-03,-4.830965819160525e-03
9900,28,-4.000000000000000e-04,5.290988463573140e-03,-5.690988463573140e-03
9900,29,3.000000000000000e-04,5.251390949474865e-03,-4.951390949474865e-03
10000,0,1.200000000000000e-01,6.318155347572314e-03,1.136818446524277e-01
10000,1,-8.000000000000000e-02,6.288155347572314e-03,-8.628815534757231e-02
10000,2,5.500000000000000e-02,6.278162847572314e-03,4.872183715242769e-02
10000,3,4.000000000000000e-02,6.254425343822314e-03,3.374557465617769e-02
10000,4,-3.000000000000000e-02,6.220705643200125e-03,-3.622070564320012e-02
10000,5,2.500000000000000e-02,6.194519662278560e-03,1.880548033772144e-02
10000,6,2.000000000000000e-02,6.162116413833147e-03,1.383788358616685e-02
10000,7,-1.800000000000000e-02,6.124761770260402e-03,-2.412476177026040e-02
10000,8,1.500000000000000e-02,6.091972497313909e-03,8.908027502686090e-03
10000,9,1.200000000000000e-02,6.055498802913307e-03,5.944501197086693e-03
10000,10,-1.000000000000000e-02,6.016107174325110e-03,-1.601610717432511e-02
10000,11,8.999999999999999e-03,5.979314024808381e-03,3.020685975191619e-03
10000,12,8.000000000000000e-03,5.940372056452824e-03,2.059627943547176e-03
10000,13,-7.000000000000000e-03,5.899546914002334e-03,-1.289954691400233e-02
10000,14,6.000000000000000e-03,5.860604453264808e-03,1.393955467351923e-04
10000,15,5.000000000000000e-03,5.820298291139861e-03,-8.202982911398610e-04
10000,16,-4.000000000000000e-03,5.778893277122885e-03,-9.778893277122884e-03
10000,17,3.500000000000000e-03,5.738653883161977e-03,-2.238653883161977e-03
10000,18,3.000000000000000e-03,5.697710506625404e-03,-2.697710506625404e-03
10000,19,-2.500000000000000e-03,5.656201375283243e-03,-8.156201375283244e-03
10000,20,2.000000000000000e-03,5.615514412314959e-03,-3.615514412314959e-03
10000,21,1.800000000000000e-03,5.574530884161517e-03,-3.774530884161517e-03
10000,22,-1.500000000000000e-03,5.533312519530880e-03,-7.033312519530880e-03
10000,23,1.200000000000000e-03,5.492695855905711e-03,-4.292695855905711e-03
10000,24,1.000000000000000e-03,5.452012738096387e-03,-4.452012738096387e-03
10000,25,-8.000000000000000e-04,5.411323718993917e-03,-6.211323718993918e-03
10000,26,5.999999999999999e-04,5.371089006260838e-03,-4.771089006260838e-03
10000,27,5.000000000000000e-04,5.330965819160525e-03,-4.830965819160525e-03
10000,28,-4.000000000000000e-04,5.290988463573140e-03,-5.690988463573140e-03
10000,29,3.000000000000000e-04,5.251390949474865e-03,-4.951390949474865e-03
10100,0,1.200000000000000e-01,6.318155347572314e-03,1.136818446524277e-01
10100,1,-8.000000000000000e-02,6.288155347572314e-03,-8.628815534757231e-02
10100,2,5.500000000000000e-02,6.278162847572314e-03,4.872183715242769e-02
10100,3,4.000000000000000e-02,6.254425343822314e-03,3.374557465617769e-02
10100,4,-3.000000000000000e-02,6.220705643200125e-03,-3.622070564320012e-02
10100,5,2.500000000000000e-02,6.194519662278560e-03,1.880548033772144e-02
10100,6,2.000000000000000e-02,6.162116413833147e-03,1.383788358616685e-02
10100,7,-1.800000000000000e-02,6.124761770260402e-03,-2.412476177026040e-02
10100,8,1.500000000000000e-02,6.091972497313909e-03,8.908027502686090e-03
10100,9,1.200000000000000e-02,6.055498802913307e-03,5.944501197086693e-03
10100,10,-1.000000000000000e-02,6.016107174325110e-03,-1.601610717432511e-02
10100,11,8.999999999999999e-03,5.979314024808381e-03,3.020685975191619e-03
10100,12,8.000000000000000e-03,5.940372056452824e-03,2.059627943547176e-03
10100,13,-7.000000000000000e-03,5.899546914002334e-03,-1.289954691400233e-02
10100,14,6.000000000000000e-03,5.860604453264808e-03,1.393955467351923e-04
10100,15,5.000000000000000e-03,5.820298291139861e-03,-8.202982911398610e-04
10100,16,-4.000000000000000e-03,5.778893277122885e-03,-9.778893277122884e-03
10100,17,3.500000000000000e-03,5.738653883161977e-03,-2.238653883161977e-03
10100,18,3.000000000000000e-03,5.697710506625404e-03,-2.697710506625404e-03
10100,19,-2.500000000000000e-03,5.656201375283243e-03,-8.156201375283244e-03
10100,20,2.000000000000000e-03,5.615514412314959e-03,-3.615514412314959e-03
10100,21,1.800000000000000e-03,5.574530884161517e-03,-3.774530884161517e-03
10100,22,-1.500000000000000e-03,5.533312519530880e-03,-7.033312519530880e-03
10100,23,1.200000000000000e-03,5.492695855905711e-03,-4.292695855905711e-03
10100,24,1.000000000000000e-03,5.452012738096387e-03,-4.452012738096387e-03
10100,25,-8.000000000000000e-04,5.411323718993917e-03,-6.211323718993918e-03
10100,26,5.999999999999999e-04,5.371089006260838e-03,-4.771089006260838e-03
10100,27,5.000000000000000e-04,5.330965819160525e-03,-4.830965819160525e-03
10100,28,-4.000000000000000e-04,5.290988463573140e-03,-5.690988463573140e-03
10100,29,3.000000000000000e-04,5.251390949474865e-03,-4.951390949474865e-03
10200,0,1.200000000000000e-01,6.318155347572314e-03,1.136818446524277e-01
10200,1,-8.000000000000000e-02,6.288155347572314e-03,-8.628815534757231e-02
10200,2,5.500000000000000e-02,6.278162847572314e-03,4.872183715242769e-02
10200,3,4.000000000000000e-02,6.254425343822314e-03,3.374557465617769e-02
10200,4,-3.000000000000000e-02,6.220705643200125e-03,-3.622070564320012e-02
10200,5,2.500000000000000e-02,6.194519662278560e-03,1.880548033772144e-02
10200,6,2.000000000000000e-02,6.162116413833147e-03,1.383788358616685e-02
10200,7,-1.800000000000000e-02,6.124761770260402e-03,-2.412476177026040e-02
10200,8,1.500000000000000e-02,6.091972497313909e-03,8.908027502686090e-03
10200,9,1.200000000000000e-02,6.055498802913307e-03,5.944501197086693e-03
10200,10,-1.000000000000000e-02,6.016107174325110e-03,-1.601610717432511e-02
10200,11,8.999999999999999e-03,5.979314024808381e-03,3.020685975191619e-03
10200,12,8.000000000000000e-03,5.940372056452824e-03,2.059627943547176e-03
10200,13,-7.000000000000000e-03,5.899546914002334e-03,-1.289954691400233e-02
10200,14,6.000000000000000e-03,5.860604453264808e-03,1.393955467351923e-04
10200,15,5.000000000000000e-03,5.820298291139861e-03,-8.202982911398610e-04
10200,16,-4.000000000000000e-03,5.778893277122885e-03,-9.778893277122884e-03
10200,17,3.500000000000000e-03,5.738653883161977e-03,-2.238653883161977e-03
10200,18,3.000000000000000e-03,5.697710506625404e-03,-2.697710506625404e-03
10200,19,-2.500000000000000e-03,5.656201375283243e-03,-8.156201375283244e-03
10200,20,2.000000000000000e-03,5.615514412314959e-03,-3.615514412314959e-03
10200,21,1.800000000000000e-03,5.574530884161517e-03,-3.774530884161517e-03
10200,22,-1.500000000000000e-03,5.533312519530880e-03,-7.033312519530880e-03
10200,23,1.200000000000000e-03,5.492695855905711e-03,-4.292695855905711e-03
10200,24,1.000000000000000e-03,5.452012738096387e-03,-4.452012738096387e-03
10200,25,-8.000000000000000e-04,5.411323718993917e-03,-6.211323718993918e-03
10200,26,5.999999999999999e-04,5.371089006260838e-03,-4.771089006260838e-03
10200,27,5.000000000000000e-04,5.330965819160525e-03,-4.830965819160525e-03
10200,28,-4.000000000000000e-04,5.290988463573140e-03,-5.690988463573140e-03
10200,29,3.000000000000000e-04,5.251390949474865e-03,-4.951390949474865e-03
10300,0,1.200000000000000e-01,6.318155347572314e-03,1.136818446524277e-01
10300,1,-8.000000000000000e-02,6.288155347572314e-03,-8.628815534757231e-02
10300,2,5.500000000000000e-02,6.278162847572314e-03,4.872183715242769e-02
10300,3,4.000000000000000e-02,6.254425343822314e-03,3.374557465617769e-02
10300,4,-3.000000000000000e-02,6.220705643200125e-03,-3.622070564320012e-02
10300,5,2.500000000000000e-02,6.194519662278560e-03,1.880548033772144e-02
10300,6,2.000000000000000e-02,6.162116413833147e-03,1.383788358616685e-02
10300,7,-1.800000000000000e-02,6.124761770260402e-03,-2.412476177026040e-02
10300,8,1.500000000000000e-02,6.091972497313909e-03,8.908027502686090e-03
10300,9,1.200000000000000e-02,6.055498802913307e-03,5.944501197086693e-03
10300,10,-1.000000000000000e-02,6.016107174325110e-03,-1.601610717432511e-02
10300,11,8.999999999999999e-03,5.979314024808381e-03,3.020685975191619e-03
10300,12,8.000000000000000e-03,5.940372056452824e-03,2.059627943547176e-03
10300,13,-7.000000000000000e-03,5.899546914002334e-03,-1.289954691400233e-02
10300,14,6.000000000000000e-03,5.860604453264808e-03,1.393955467351923e-04
10300,15,5.000000000000000e-03,5.820298291139861e-03,-8.202982911398610e-04
10300,16,-4.000000000000000e-03,5.778893277122885e-03,-9.778893277122884e-03
10300,17,3.500000000000000e-03,5.738653883161977e-03,-2.238653883161977e-03
10300,18,3.000000000000000e-03,5.697710506625404e-03,-2.697710506625404e-03
10300,19,-2.500000000000000e-03,5.656201375283243e-03,-8.156201375283244e-03
10300,20,2.000000000000000e-03,5.615514412314959e-03,-3.615514412314959e-03
10300,21,1.800000000000000e-03,5.574530884161517e-03,-3.774530884161517e-03
10300,22,-1.500000000000000e-03,5.533312519530880e-03,-7.033312519530880e-03
10300,23,1.200000000000000e-03,5.492695855905711e-03,-4.292695855905711e-03
10300,24,1.000000000000000e-03,5.452012738096387e-03,-4.452012738096387e-03
10300,25,-8.000000000000000e-04,5.411323718993917e-03,-6.211323718993918e-03
10300,26,5.999999999999999e-04,5.371089006260838e-03,-4.771089006260838e-03
10300,27,5.000000000000000e-04,5.330965819160525e-03,-4.830965819160525e-03
10300,28,-4.000000000000000e-04,5.290988463573140e-03,-5.690988463573140e-03
10300,29,3.000000000000000e-04,5.251390949474865e-03,-4.951390949474865e-03
10400,0,1.200000000000000e-01,6.318155347572314e-03,1.136818446524277e-01
10400,1,-8.000000000000000e-02,6.288155347572314e-03,-8.628815534757231e-02
10400,2,5.500000000000000e-02,6.278162847572314e-03,4.872183715242769e-02
10400,3,4.000000000000000e-02,6.254425343822314e-03,3.374557465617769e-02
10400,4,-3.000000000000000e-02,6.220705643200125e-03,-3.622070564320012e-02
10400,5,2.500000000000000e-02,6.194519662278560e-03,1.880548033772144e-02
10400,6,2.000000000000000e-02,6.162116413833147e-03,1.383788358616685e-02
10400,7,-1.800000000000000e-02,6.124761770260402e-03,-2.412476177026040e-02
10400,8,1.500000000000000e-02,6.091972497313909e-03,8.908027502686090e-03
10400,9,1.200000000000000e-02,6.055498802913307e-03,5.944501197086693e-03
10400,10,-1.000000000000000e-02,6.016107174325110e-03,-1.601610717432511e-02
10400,11,8.999999999999999e-03,5.979314024808381e-03,3.020685975191619e-03
10400,12,8.000000000000000e-03,5.940372056452824e-03,2.059627943547176e-03
10400,13,-7.000000000000000e-03,5.899546914002334e-03,-1.289954691400233e-02
10400,14,6.000000000000000e-03,5.860604453264808e-03,1.393955467351923e-04
10400,15,5.000000000000000e-03,5.820298291139861e-03,-8.202982911398610e-04
10400,16,-4.000000000000000e-03,5.778893277122885e-03,-9.778893277122884e-03
10400,17,3.500000000000000e-03,5.738653883161977e-03,-2.238653883161977e-03
10400,18,3.000000000000000e-03,5.697710506625404e-03,-2.697710506625404e-03
10400,19,-2.500000000000000e-03,5.656201375283243e-03,-8.156201375283244e-03
10400,20,2.000000000000000e-03,5.615514412314959e-03,-3.615514412314959e-03
10400,21,1.800000000000000e-03,5.574530884161517e-03,-3.774530884161517e-03
10400,22,-1.500000000000000e-03,5.533312519530880e-03,-7.033312519530880e-03
10400,23,1.200000000000000e-03,5.492695855905711e-03,-4.292695855905711e-03
10400,24,1.000000000000000e-03,5.452012738096387e-03,-4.452012738096387e-03
10400,25,-8.000000000000000e-04,5.411323718993917e-03,-6.211323718993918e-03
10400,26,5.999999999999999e-04,5.371089006260838e-03,-4.771089006260838e-03
10400,27,5.000000000000000e-04,5.330965819160525e-03,-4.830965819160525e-03
10400,28,-4.000000000000000e-04,5.290988463573140e-03,-5.690988463573140e-03
10400,29,3.000000000000000e-04,5.251390949474865e-03,-4.951390949474865e-03
10500,0,1.200000000000000e-01,6.318155347572314e-03,1.136818446524277e-01
10500,1,-8.000000000000000e-02,6.288155347572314e-03,-8.628815534757231e-02
10500,2,5.500000000000000e-02,6.278162847572314e-03,4.872183715242769e-02
10500,3,4.000000000000000e-02,6.254425343822314e-03,3.374557465617769e-02
10500,4,-3.000000000000000e-02,6.220705643200125e-03,-3.622070564320012e-02
10500,5,2.500000000000000e-02,6.194519662278560e-03,1.880548033772144e-02
10500,6,2.000000000000000e-02,6.162116413833147e-03,1.383788358616685e-02
10500,7,-1.800000000000000e-02,6.124761770260402e-03,-2.412476177026040e-02
10500,8,1.500000000000000e-02,6.091972497313909e-03,8.908027502686090e-03
10500,9,1.200000000000000e-02,6.055498802913307e-03,5.944501197086693e-03
10500,10,-1.000000000000000e-02,6.016107174325110e-03,-1.601610717432511e-02
10500,11,8.999999999999999e-03,5.979314024808381e-03,3.020685975191619e-03
10500,12,8.000000000000000e-03,5.940372056452824e-03,2.059627943547176e-03
10500,13,-7.000000000000000e-03,5.899546914002334e-03,-1.289954691400233e-02
10500,14,6.000000000000000e-03,5.860604453264808e-03,1.393955467351923e-04
10500,15,5.000000000000000e-03,5.820298291139861e-03,-8.202982911398610e-04
10500,16,-4.000000000000000e-03,5.778893277122885e-03,-9.778893277122884e-03
10500,17,3.500000000000000e-03,5.738653883161977e-03,-2.238653883161977e-03
10500,18,3.000000000000000e-03,5.697710506625404e-03,-2.697710506625404e-03
10500,19,-2.500000000000000e-03,5.656201375283243e-03,-8.156201375283244e-03
10500,20,2.000000000000000e-03,5.615514412314959e-03,-3.615514412314959e-03
10500,21,1.800000000000000e-03,5.574530884161517e-03,-3.774530884161517e-03
10500,22,-1.500000000000000e-03,5.533312519530880e-03,-7.033312519530880e-03
10500,23,1.200000000000000e-03,5.492695855905711e-03,-4.292695855905711e-03
10500,24,1.000000000000000e-03,5.452012738096387e-03,-4.452012738096387e-03
10500,25,-8.000000000000000e-04,5.411323718993917e-03,-6.211323718993918e-03
10500,26,5.999999999999999e-04,5.371089006260838e-03,-4.771089006260838e-03
10500,27,5.000000000000000e-04,5.330965819160525e-03,-4.830965819160525e-03
10500,28,-4.000000000000000e-04,5.290988463573140e-03,-5.690988463573140e-03
10500,29,3.000000000000000e-04,5.251390949474865e-03,-4.951390949474865e-03
10600,0,1.200000000000000e-01,6.318155347572314e-03,1.136818446524277e-01
10600,1,-8.000000000000000e-02,6.288155347572314e-03,-8.628815534757231e-02
10600,2,5.500000000000000e-02,6.278162847572314e-03,4.872183715242769e-02
10600,3,4.000000000000000e-02,6.254425343822314e-03,3.374557465617769e-02
10600,4,-3.000000000000000e-02,6.220705643200125e-03,-3.622070564320012e-02
10600,5,2.500000000000000e-02,6.194519662278560e-03,1.880548033772144e-02
10600,6,2.000000000000000e-02,6.162116413833147e-03,1.383788358616685e-02
10600,7,-1.800000000000000e-02,6.124761770260402e-03,-2.412476177026040e-02
10600,8,1.500000000000000e-02,6.091972497313909e-03,8.908027502686090e-03
10600,9,1.200000000000000e-02,6.055498802913307e-03,5.944501197086693e-03
10600,10,-1.000000000000000e-02,6.016107174325110e-03,-1.601610717432511e-02
10600,11,8.999999999999999e-03,5.979314024808381e-03,3.020685975191619e-03
10600,12,8.000000000000000e-03,5.940372056452824e-03,2.059627943547176e-03
10600,13,-7.000000000000000e-03,5.899546914002334e-03,-1.289954691400233e-02
10600,14,6.000000000000000e-03,5.860604453264808e-03,1.393955467351923e-04
10600,15,5.000000000000000e-03,5.820298291139861e-03,-8.202982911398610e-04
10600,16,-4.000000000000000e-03,5.778893277122885e-03,-9.778893277122884e-03
10600,17,3.500000000000000e-03,5.738653883161977e-03,-2.238653883161977e-03
10600,18,3.000000000000000e-03,5.697710506625404e-03,-2.697710506625404e-03
10600,19,-2.500000000000000e-03,5.656201375283243e-03,-8.156201375283244e-03
10600,20,2.000000000000000e-03,5.615514412314959e-03,-3.615514412314959e-03
10600,21,1.800000000000000e-03,5.574530884161517e-03,-3.774530884161517e-03
10600,22,-1.500000000000000e-03,5.533312519530880e-03,-7.033312519530880e-03
10600,23,1.200000000000000e-03,5.492695855905711e-03,-4.292695855905711e-03
10600,24,1.000000000000000e-03,5.452012738096387e-03,-4.452012738096387e-03
10600,25,-8.000000000000000e-04,5.411323718993917e-03,-6.211323718993918e-03
10600,26,5.999999999999999e-04,5.371089006260838e-03,-4.771089006260838e-03
10600,27,5.000000000000000e-04,5.330965819160525e-03,-4.830965819160525e-03
10600,28,-4.000000000000000e-04,5.290988463573140e-03,-5.690988463573140e-03
10600,29,3.000000000000000e-04,5.251390949474865e-03,-4.951390949474865e-03
10700,0,1.200000000000000e-01,6.318155347572314e-03,1.136818446524277e-01
10700,1,-8.000000000000000e-02,6.288155347572314e-03,-8.628815534757231e-02
10700,2,5.500000000000000e-02,6.278162847572314e-03,4.872183715242769e-02
10700,3,4.000000000000000e-02,6.254425343822314e-03,3.374557465617769e-02
10700,4,-3.000000000000000e-02,6.220705643200125e-03,-3.622070564320012e-02
10700,5,2.500000000000000e-02,6.194519662278560e-03,1.880548033772144e-02
10700,6,2.000000000000000e-02,6.162116413833147e-03,1.383788358616685e-02
10700,7,-1.800000000000000e-02,6.124761770260402e-03,-2.412476177026040e-02
10700,8,1.500000000000000e-02,6.091972497313909e-03,8.908027502686090e-03
10700,9,1.200000000000000e-02,6.055498802913307e-03,5.944501197086693e-03
10700,10,-1.000000000000000e-02,6.016107174325110e-03,-1.601610717432511e-02
10700,11,8.999999999999999e-03,5.979314024808381e-03,3.020685975191619e-03
10700,12,8.000000000000000e-03,5.940372056452824e-03,2.059627943547176e-03
10700,13,-7.000000000000000e-03,5.899546914002334e-03,-1.289954691400233e-02
10700,14,6.000000000000000e-03,5.860604453264808e-03,1.393955467351923e-04
10700,15,5.000000000000000e-03,5.820298291139861e-03,-8.202982911398610e-04
10700,16,-4.000000000000000e-03,5.778893277122885e-03,-9.778893277122884e-03
10700,17,3.500000000000000e-03,5.738653883161977e-03,-2.238653883161977e-03
10700,18,3.000000000000000e-03,5.697710506625404e-03,-2.697710506625404e-03
10700,19,-2.500000000000000e-03,5.656201375283243e-03,-8.156201375283244e-03
10700,20,2.000000000000000e-03,5.615514412314959e-03,-3.615514412314959e-03
10700,21,1.800000000000000e-03,5.574530884161517e-03,-3.774530884161517e-03
10700,22,-1.500000000000000e-03,5.533312519530880e-03,-7.033312519530880e-03
10700,23,1.200000000000000e-03,5.492695855905711e-03,-4.292695855905711e-03
10700,24,1.000000000000000e-03,5.452012738096387e-03,-4.452012738096387e-03
10700,25,-8.000000000000000e-04,5.411323718993917e-03,-6.211323718993918e-03
10700,26,5.999999999999999e-04,5.371089006260838e-03,-4.771089006260838e-03
10700,27,5.000000000000000e-04,5.330965819160525e-03,-4.830965819160525e-03
10700,28,-4.000000000000000e-04,5.290988463573140e-03,-5.690988463573140e-03
10700,29,3.000000000000000e-04,5.251390949474865e-03,-4.951390949474865e-03
10800,0,1.200000000000000e-01,6.318155347572314e-03,1.136818446524277e-01
10800,1,-8.000000000000000e-02,6.288155347572314e-03,-8.628815534757231e-02
10800,2,5.500000000000000e-02,6.278162847572314e-03,4.872183715242769e-02
10800,3,4.000000000000000e-02,6.254425343822314e-03,3.374557465617769e-02
10800,4,-3.000000000000000e-02,6.220705643200125e-03,-3.622070564320012e-02
10800,5,2.500000000000000e-02,6.194519662278560e-03,1.880548033772144e-02
10800,6,2.000000000000000e-02,6.162116413833147e-03,1.383788358616685e-02
10800,7,-1.800000000000000e-02,6.124761770260402e-03,-2.412476177026040e-02
10800,8,1.500000000000000e-02,6.091972497313909e-03,8.908027502686090e-03
10800,9,1.200000000000000e-02,6.055498802913307e-03,5.944501197086693e-03
10800,10,-1.000000000000000e-02,6.016107174325110e-03,-1.601610717432511e-02
10800,11,8.999999999999999e-03,5.979314024808381e-03,3.020685975191619e-03
10800,12,8.000000000000000e-03,5.940372056452824e-03,2.059627943547176e-03
10800,13,-7.000000000000000e-03,5.899546914002334e-03,-1.289954691400233e-02
10800,14,6.000000000000000e-03,5.860604453264808e-03,1.393955467351923e-04
10800,15,5.000000000000000e-03,5.820298291139861e-03,-8.202982911398610e-04
10800,16,-4.000000000000000e-03,5.778893277122885e-03,-9.778893277122884e-03
10800,17,3.500000000000000e-03,5.738653883161977e-03,-2.238653883161977e-03
10800,18,3.000000000000000e-03,5.697710506625404e-03,-2.697710506625404e-03
10800,19,-2.500000000000000e-03,5.656201375283243e-03,-8.156201375283244e-03
10800,20,2.000000000000000e-03,5.615514412314959e-03,-3.615514412314959e-03
10800,21,1.800000000000000e-03,5.574530884161517e-03,-3.774530884161517e-03
10800,22,-1.500000000000000e-03,5.533312519530880e-03,-7.033312519530880e-03
10800,23,1.200000000000000e-03,5.492695855905711e-03,-4.292695855905711e-03
10800,24,1.000000000000000e-03,5.452012738096387e-03,-4.452012738096387e-03
10800,25,-8.000000000000000e-04,5.411323718993917e-03,-6.211323718993918e-03
10800,26,5.999999999999999e-04,5.371089006260838e-03,-4.771089006260838e-03
10800,27,5.000000000000000e-04,5.330965819160525e-03,-4.830965819160525e-03
10800,28,-4.000000000000000e-04,5.290988463573140e-03,-5.690988463573140e-03
10800,29,3.000000000000000e-04,5.251390949474865e-03,-4.951390949474865e-03
10900,0,1.200000000000000e-01,6.318155347572314e-03,1.136818446524277e-01
10900,1,-8.000000000000000e-02,6.288155347572314e-03,-8.628815534757231e-02
10900,2,5.500000000000000e-02,6.278162847572314e-03,4.872183715242769e-02
10900,3,4.000000000000000e-02,6.254425343822314e-03,3.374557465617769e-02
10900,4,-3.000000000000000e-02,6.220705643200125e-03,-3.622070564320012e-02
10900,5,2.500000000000000e-02,6.194519662278560e-03,1.880548033772144e-02
10900,6,2.000000000000000e-02,6.162116413833147e-03,1.383788358616685e-02
10900,7,-1.800000000000000e-02,6.124761770260402e-03,-2.412476177026040e-02
10900,8,1.500000000000000e-02,6.091972497313909e-03,8.908027502686090e-03
10900,9,1.200000000000000e-02,6.055498802913307e-03,5.944501197086693e-03
10900,10,-1.000000000000000e-02,6.016107174325110e-03,-1.601610717432511e-02
10900,11,8.999999999999999e-03,5.979314024808381e-03,3.020685975191619e-03
10900,12,8.000000000000000e-03,5.940372056452824e-03,2.059627943547176e-03
10900,13,-7.000000000000000e-03,5.899546914002334e-03,-1.289954691400233e-02
10900,14,6.000000000000000e-03,5.860604453264808e-03,1.393955467351923e-04
10900,15,5.000000000000000e-03,5.820298291139861e-03,-8.202982911398610e-04
10900,16,-4.000000000000000e-03,5.778893277122885e-03,-9.778893277122884e-03
10900,17,3.500000000000000e-03,5.738653883161977e-03,-2.238653883161977e-03
10900,18,3.000000000000000e-03,5.697710506625404e-03,-2.697710506625404e-03
10900,19,-2.500000000000000e-03,5.656201375283243e-03,-8.156201375283244e-03
10900,20,2.000000000000000e-03,5.615514412314959e-03,-3.615514412314959e-03
10900,21,1.800000000000000e-03,5.574530884161517e-03,-3.774530884161517e-03
10900,22,-1.500000000000000e-03,5.533312519530880e-03,-7.033312519530880e-03
10900,23,1.200000000000000e-03,5.492695855905711e-03,-4.292695855905711e-03
10900,24,1.000000000000000e-03,5.452012738096387e-03,-4.452012738096387e-03
10900,25,-8.000000000000000e-04,5.411323718993917e-03,-6.211323718993918e-03
10900,26,5.999999999999999e-04,5.371089006260838e-03,-4.771089006260838e-03
10900,27,5.000000000000000e-04,5.330965819160525e-03,-4.830965819160525e-03
10900,28,-4.000000000000000e-04,5.290988463573140e-03,-5.690988463573140e-03
10900,29,3.000000000000000e-04,5.251390949474865e-03,-4.951390949474865e-03
11000,0,1.200000000000000e-01,6.318155347572314e-03,1.136818446524277e-01
11000,1,-8.000000000000000e-02,6.288155347572314e-03,-8.628815534757231e-02
11000,2,5.500000000000000e-02,6.278162847572314e-03,4.872183715242769e-02
11000,3,4.000000000000000e-02,6.254425343822314e-03,3.374557465617769e-02
11000,4,-3.000000000000000e-02,6.220705643200125e-03,-3.622070564320012e-02
11000,5,2.500000000000000e-02,6.194519662278560e-03,1.880548033772144e-02
11000,6,2.000000000000000e-02,6.162116413833147e-03,1.383788358616685e-02
11000,7,-1.800000000000000e-02,6.124761770260402e-03,-2.412476177026040e-02
11000,8,1.500000000000000e-02,6.091972497313909e-03,8.908027502686090e-03
11000,9,1.200000000000000e-02,6.055498802913307e-03,5.944501197086693e-03
11000,10,-1.000000000000000e-02,6.016107174325110e-03,-1.601610717432511e-02
11000,11,8.999999999999999e-03,5.979314024808381e-03,3.020685975191619e-03
11000,12,8.000000000000000e-03,5.940372056452824e-03,2.059627943547176e-03
11000,13,-7.000000000000000e-03,5.899546914002334e-03,-1.289954691400233e-02
11000,14,6.000000000000000e-03,5.860604453264808e-03,1.393955467351923e-04
11000,15,5.000000000000000e-03,5.820298291139861e-03,-8.202982911398610e-04
11000,16,-4.000000000000000e-03,5.778893277122885e-03,-9.778893277122884e-03
11000,17,3.500000000000000e-03,5.738653883161977e-03,-2.238653883161977e-03
11000,18,3.000000000000000e-03,5.697710506625404e-03,-2.697710506625404e-03
11000,19,-2.500000000000000e-03,5.656201375283243e-03,-8.156201375283244e-03
11000,20,2.000000000000000e-03,5.615514412314959e-03,-3.615514412314959e-03
11000,21,1.800000000000000e-03,5.574530884161517e-03,-3.774530884161517e-03
11000,22,-1.500000000000000e-03,5.533312519530880e-03,-7.033312519530880e-03
11000,23,1.200000000000000e-03,5.492695855905711e-03,-4.292695855905711e-03
11000,24,1.000000000000000e-03,5.452012738096387e-03,-4.452012738096387e-03
11000,25,-8.000000000000000e-04,5.411323718993917e-03,-6.211323718993918e-03
11000,26,5.999999999999999e-04,5.371089006260838e-03,-4.771089006260838e-03
11000,27,5.000000000000000e-04,5.330965819160525e-03,-4.830965819160525e-03
11000,28,-4.000000000000000e-04,5.290988463573140e-03,-5.690988463573140e-03
11000,29,3.000000000000000e-04,5.251390949474865e-03,-4.951390949474865e-03
11100,0,1.200000000000000e-01,6.318155347572314e-03,1.136818446524277e-01
11100,1,-8.000000000000000e-02,6.288155347572314e-03,-8.628815534757231e-02
11100,2,5.500000000000000e-02,6.278162847572314e-03,4.872183715242769e-02
11100,3,4.000000000000000e-02,6.254425343822314e-03,3.374557465617769e-02
11100,4,-3.000000000000000e-02,6.220705643200125e-03,-3.622070564320012e-02
11100,5,2.500000000000000e-02,6.194519662278560e-03,1.880548033772144e-02
11100,6,2.000000000000000e-02,6.162116413833147e-03,1.383788358616685e-02
11100,7,-1.800000000000000e-02,6.124761770260402e-03,-2.412476177026040e-02
11100,8,1.500000000000000e-02,6.091972497313909e-03,8.908027502686090e-03
11100,9,1.200000000000000e-02,6.055498802913307e-03,5.944501197086693e-03
11100,10,-1.000000000000000e-02,6.016107174325110e-03,-1.601610717432511e-02
11100,11,8.999999999999999e-03,5.979314024808381e-03,3.020685975191619e-03
11100,12,8.000000000000000e-03,5.940372056452824e-03,2.059627943547176e-03
11100,13,-7.000000000000000e-03,5.899546914002334e-03,-1.289954691400233e-02
11100,14,6.000000000000000e-03,5.860604453264808e-03,1.393955467351923e-04
11100,15,5.000000000000000e-03,5.820298291139861e-03,-8.202982911398610e-04
11100,16,-4.000000000000000e-03,5.778893277122885e-03,-9.778893277122884e-03
11100,17,3.500000000000000e-03,5.738653883161977e-03,-2.238653883161977e-03
11100,18,3.000000000000000e-03,5.697710506625404e-03,-2.697710506625404e-03
11100,19,-2.500000000000000e-03,5.656201375283243e-03,-8.156201375283244e-03
11100,20,2.000000000000000e-03,5.615514412314959e-03,-3.615514412314959e-03
11100,21,1.800000000000000e-03,5.574530884161517e-03,-3.774530884161517e-03
11100,22,-1.500000000000000e-03,5.533312519530880e-03,-7.033312519530880e-03
11100,23,1.200000000000000e-03,5.492695855905711e-03,-4.292695855905711e-03
11100,24,1.000000000000000e-03,5.452012738096387e-03,-4.452012738096387e-03
11100,25,-8.000000000000000e-04,5.411323718993917e-03,-6.211323718993918e-03
11100,26,5.999999999999999e-04,5.371089006260838e-03,-4.771089006260838e-03
11100,27,5.000000000000000e-04,5.330965819160525e-03,-4.830965819160525e-03
11100,28,-4.000000000000000e-04,5.290988463573140e-03,-5.690988463573140e-03
11100,29,3.000000000000000e-04,5.251390949474865e-03,-4.951390949474865e-03
11200,0,1.200000000000000e-01,6.318155347572314e-03,1.136818446524277e-01
11200,1,-8.000000000000000e-02,6.288155347572314e-03,-8.628815534757231e-02
11200,2,5.500000000000000e-02,6.278162847572314e-03,4.872183715242769e-02
11200,3,4.000000000000000e-02,6.254425343822314e-03,3.374557465617769e-02
11200,4,-3.000000000000000e-02,6.220705643200125e-03,-3.622070564320012e-02
11200,5,2.500000000000000e-02,6.194519662278560e-03,1.880548033772144e-02
11200,6,2.000000000000000e-02,6.162116413833147e-03,1.383788358616685e-02
11200,7,-1.800000000000000e-02,6.124761770260402e-03,-2.412476177026040e-02
11200,8,1.500000000000000e-02,6.091972497313909e-03,8.908027502686090e-03
11200,9,1.200000000000000e-02,6.055498802913307e-03,5.944501197086693e-03
11200,10,-1.000000000000000e-02,6.016107174325110e-03,-1.601610717432511e-02
11200,11,8.999999999999999e-03,5.979314024808381e-03,3.020685975191619e-03
11200,12,8.000000000000000e-03,5.940372056452824e-03,2.059627943547176e-03
11200,13,-7.000000000000000e-03,5.899546914002334e-03,-1.289954691400233e-02
11200,14,6.000000000000000e-03,5.860604453264808e-03,1.393955467351923e-04
11200,15,5.000000000000000e-03,5.820298291139861e-03,-8.202982911398610e-04
11200,16,-4.000000000000000e-03,5.778893277122885e-03,-9.778893277122884e-03
11200,17,3.500000000000000e-03,5.738653883161977e-03,-2.238653883161977e-03
11200,18,3.000000000000000e-03,5.697710506625404e-03,-2.697710506625404e-03
11200,19,-2.500000000000000e-03,5.656201375283243e-03,-8.156201375283244e-03
11200,20,2.000000000000000e-03,5.615514412314959e-03,-3.615514412314959e-03
11200,21,1.800000000000000e-03,5.574530884161517e-03,-3.774530884161517e-03
11200,22,-1.500000000000000e-03,5.533312519530880e-03,-7.033312519530880e-03
11200,23,1.200000000000000e-03,5.492695855905711e-03,-4.292695855905711e-03
11200,24,1.000000000000000e-03,5.452012738096387e-03,-4.452012738096387e-03
11200,25,-8.000000000000000e-04,5.411323718993917e-03,-6.211323718993918e-03
11200,26,5.999999999999999e-04,5.371089006260838e-03,-4.771089006260838e-03
11200,27,5.000000000000000e-04,5.330965819160525e-03,-4.830965819160525e-03
11200,28,-4.000000000000000e-04,5.290988463573140e-03,-5.690988463573140e-03
11200,29,3.000000000000000e-04,5.251390949474865e-03,-4.951390949474865e-03
11300,0,1.200000000000000e-01,6.318155347572314e-03,1.136818446524277e-01
11300,1,-8.000000000000000e-02,6.288155347572314e-03,-8.628815534757231e-02
11300,2,5.500000000000000e-02,6.278162847572314e-03,4.872183715242769e-02
11300,3,4.000000000000000e-02,6.254425343822314e-03,3.374557465617769e-02
11300,4,-3.000000000000000e-02,6.220705643200125e-03,-3.622070564320012e-02
11300,5,2.500000000000000e-02,6.194519662278560e-03,1.880548033772144e-02
11300,6,2.000000000000000e-02,6.162116413833147e-03,1.383788358616685e-02
11300,7,-1.800000000000000e-02,6.124761770260402e-03,-2.412476177026040e-02
11300,8,1.500000000000000e-02,6.091972497313909e-03,8.908027502686090e-03
11300,9,1.200000000000000e-02,6.055498802913307e-03,5.944501197086693e-03
11300,10,-1.000000000000000e-02,6.016107174325110e-03,-1.601610717432511e-02
11300,11,8.999999999999999e-03,5.979314024808381e-03,3.020685975191619e-03
11300,12,8.000000000000000e-03,5.940372056452824e-03,2.059627943547176e-03
11300,13,-7.000000000000000e-03,5.899546914002334e-03,-1.289954691400233e-02
11300,14,6.000000000000000e-03,5.860604453264808e-03,1.393955467351923e-04
11300,15,5.000000000000000e-03,5.820298291139861e-03,-8.202982911398610e-04
11300,16,-4.000000000000000e-03,5.778893277122885e-03,-9.778893277122884e-03
11300,17,3.500000000000000e-03,5.738653883161977e-03,-2.238653883161977e-03
11300,18,3.000000000000000e-03,5.697710506625404e-03,-2.697710506625404e-03
11300,19,-2.500000000000000e-03,5.656201375283243e-03,-8.156201375283244e-03
11300,20,2.000000000000000e-03,5.615514412314959e-03,-3.615514412314959e-03
11300,21,1.800000000000000e-03,5.574530884161517e-03,-3.774530884161517e-03
11300,22,-1.500000000000000e-03,5.533312519530880e-03,-7.033312519530880e-03
11300,23,1.200000000000000e-03,5.492695855905711e-03,-4.292695855905711e-03
11300,24,1.000000000000000e-03,5.452012738096387e-03,-4.452012738096387e-03
11300,25,-8.000000000000000e-04,5.411323718993917e-03,-6.211323718993918e-03
11300,26,5.999999999999999e-04,5.371089006260838e-03,-4.771089006260838e-03
11300,27,5.000000000000000e-04,5.330965819160525e-03,-4.830965819160525e-03
11300,28,-4.000000000000000e-04,5.290988463573140e-03,-5.690988463573140e-03
11300,29,3.000000000000000e-04,5.251390949474865e-03,-4.951390949474865e-03
11400,0,1.200000000000000e-01,6.318155347572314e-03,1.136818446524277e-01
11400,1,-8.000000000000000e-02,6.288155347572314e-03,-8.628815534757231e-02
11400,2,5.500000000000000e-02,6.278162847572314e-03,4.872183715242769e-02
11400,3,4.000000000000000e-02,6.254425343822314e-03,3.374557465617769e-02
11400,4,-3.000000000000000e-02,6.220705643200125e-03,-3.622070564320012e-02
11400,5,2.500000000000000e-02,6.194519662278560e-03,1.880548033772144e-02
11400,6,2.000000000000000e-02,6.162116413833147e-03,1.383788358616685e-02
11400,7,-1.800000000000000e-02,6.124761770260402e-03,-2.412476177026040e-02
11400,8,1.500000000000000e-02,6.091972497313909e-03,8.908027502686090e-03
11400,9,1.200000000000000e-02,6.055498802913307e-03,5.944501197086693e-03
11400,10,-1.000000000000000e-02,6.016107174325110e-03,-1.601610717432511e-02
11400,11,8.999999999999999e-03,5.979314024808381e-03,3.020685975191619e-03
11400,12,8.000000000000000e-03,5.940372056452824e-03,2.059627943547176e-03
11400,13,-7.000000000000000e-03,5.899546914002334e-03,-1.289954691400233e-02
11400,14,6.000000000000000e-03,5.860604453264808e-03,1.393955467351923e-04
11400,15,5.000000000000000e-03,5.820298291139861e-03,-8.202982911398610e-04
11400,16,-4.000000000000000e-03,5.778893277122885e-03,-9.778893277122884e-03
11400,17,3.500000000000000e-03,5.738653883161977e-03,-2.238653883161977e-03
11400,18,3.000000000000000e-03,5.697710506625404e-03,-2.697710506625404e-03
11400,19,-2.500000000000000e-03,5.656201375283243e-03,-8.156201375283244e-03
11400,20,2.000000000000000e-03,5.615514412314959e-03,-3.615514412314959e-03
11400,21,1.800000000000000e-03,5.574530884161517e-03,-3.774530884161517e-03
11400,22,-1.500000000000000e-03,5.533312519530880e-03,-7.033312519530880e-03
11400,23,1.200000000000000e-03,5.492695855905711e-03,-4.292695855905711e-03
11400,24,1.000000000000000e-03,5.452012738096387e-03,-4.452012738096387e-03
11400,25,-8.000000000000000e-04,5.411323718993917e-03,-6.211323718993918e-03
11400,26,5.999999999999999e-04,5.371089006260838e-03,-4.771089006260838e-03
11400,27,5.000000000000000e-04,5.330965819160525e-03,-4.830965819160525e-03
11400,28,-4.000000000000000e-04,5.290988463573140e-03,-5.690988463573140e-03
11400,29,3.000000000000000e-04,5.251390949474865e-03,-4.951390949474865e-03
11500,0,1.200000000000000e-01,6.318155347572314e-03,1.136818446524277e-01
11500,1,-8.000000000000000e-02,6.288155347572314e-03,-8.628815534757231e-02
11500,2,5.500000000000000e-02,6.278162847572314e-03,4.872183715242769e-02
11500,3,4.000000000000000e-02,6.254425343822314e-03,3.374557465617769e-02
11500,4,-3.000000000000000e-02,6.220705643200125e-03,-3.622070564320012e-02
11500,5,2.500000000000000e-02,6.194519662278560e-03,1.880548033772144e-02
11500,6,2.000000000000000e-02,6.162116413833147e-03,1.383788358616685e-02
11500,7,-1.800000000000000e-02,6.124761770260402e-03,-2.412476177026040e-02
11500,8,1.500000000000000e-02,6.091972497313909e-03,8.908027502686090e-03
11500,9,1.200000000000000e-02,6.055498802913307e-03,5.944501197086693e-03
11500,10,-1.000000000000000e-02,6.016107174325110e-03,-1.601610717432511e-02
11500,11,8.999999999999999e-03,5.979314024808381e-03,3.020685975191619e-03
11500,12,8.000000000000000e-03,5.940372056452824e-03,2.059627943547176e-03
11500,13,-7.000000000000000e-03,5.899546914002334e-03,-1.289954691400233e-02
11500,14,6.000000000000000e-03,5.860604453264808e-03,1.393955467351923e-04
11500,15,5.000000000000000e-03,5.820298291139861e-03,-8.202982911398610e-04
11500,16,-4.000000000000000e-03,5.778893277122885e-03,-9.778893277122884e-03
11500,17,3.500000000000000e-03,5.738653883161977e-03,-2.238653883161977e-03
11500,18,3.000000000000000e-03,5.697710506625404e-03,-2.697710506625404e-03
11500,19,-2.500000000000000e-03,5.656201375283243e-03,-8.156201375283244e-03
11500,20,2.000000000000000e-03,5.615514412314959e-03,-3.615514412314959e-03
11500,21,1.800000000000000e-03,5.574530884161517e-03,-3.774530884161517e-03
11500,22,-1.500000000000000e-03,5.533312519530880e-03,-7.033312519530880e-03
11500,23,1.200000000000000e-03,5.492695855905711e-03,-4.292695855905711e-03
11500,24,1.000000000000000e-03,5.452012738096387e-03,-4.452012738096387e-03
11500,25,-8.000000000000000e-04,5.411323718993917e-03,-6.211323718993918e-03
11500,26,5.999999999999999e-04,5.371089006260838e-03,-4.771089006260838e-03
11500,27,5.000000000000000e-04,5.330965819160525e-03,-4.830965819160525e-03
11500,28,-4.000000000000000e-04,5.290988463573140e-03,-5.690988463573140e-03
11500,29,3.000000000000000e-04,5.251390949474865e-03,-4.951390949474865e-03
11600,0,1.200000000000000e-01,6.318155347572314e-03,1.136818446524277e-01
11600,1,-8.000000000000000e-02,6.288155347572314e-03,-8.628815534757231e-02
11600,2,5.500000000000000e-02,6.278162847572314e-03,4.872183715242769e-02
11600,3,4.000000000000000e-02,6.254425343822314e-03,3.374557465617769e-02
11600,4,-3.000000000000000e-02,6.220705643200125e-03,-3.622070564320012e-02
11600,5,2.500000000000000e-02,6.194519662278560e-03,1.880548033772144e-02
11600,6,2.000000000000000e-02,6.162116413833147e-03,1.383788358616685e-02
11600,7,-1.800000000000000e-02,6.124761770260402e-03,-2.412476177026040e-02
11600,8,1.500000000000000e-02,6.091972497313909e-03,8.908027502686090e-03
11600,9,1.200000000000000e-02,6.055498802913307e-03,5.944501197086693e-03
11600,10,-1.000000000000000e-02,6.016107174325110e-03,-1.601610717432511e-02
11600,11,8.999999999999999e-03,5.979314024808381e-03,3.020685975191619e-03
11600,12,8.000000000000000e-03,5.940372056452824e-03,2.059627943547176e-03
11600,13,-7.000000000000000e-03,5.899546914002334e-03,-1.289954691400233e-02
11600,14,6.000000000000000e-03,5.860604453264808e-03,1.393955467351923e-04
11600,15,5.000000000000000e-03,5.820298291139861e-03,-8.202982911398610e-04
11600,16,-4.000000000000000e-03,5.778893277122885e-03,-9.778893277122884e-03
11600,17,3.500000000000000e-03,5.738653883161977e-03,-2.238653883161977e-03
11600,18,3.000000000000000e-03,5.697710506625404e-03,-2.697710506625404e-03
11600,19,-2.500000000000000e-03,5.656201375283243e-03,-8.156201375283244e-03
11600,20,2.000000000000000e-03,5.615514412314959e-03,-3.615514412314959e-03
11600,21,1.800000000000000e-03,5.574530884161517e-03,-3.774530884161517e-03
11600,22,-1.500000000000000e-03,5.533312519530880e-03,-7.033312519530880e-03
11600,23,1.200000000000000e-03,5.492695855905711e-03,-4.292695855905711e-03
11600,24,1.000000000000000e-03,5.452012738096387e-03,-4.452012738096387e-03
11600,25,-8.000000000000000e-04,5.411323718993917e-03,-6.211323718993918e-03
11600,26,5.999999999999999e-04,5.371089006260838e-03,-4.771089006260838e-03
11600,27,5.000000000000000e-04,5.330965819160525e-03,-4.830965819160525e-03
11600,28,-4.000000000000000e-04,5.290988463573140e-03,-5.690988463573140e-03
11600,29,3.000000000000000e-04,5.251390949474865e-03,-4.951390949474865e-03
11700,0,1.200000000000000e-01,6.318155347572314e-03,1.136818446524277e-01
11700,1,-8.000000000000000e-02,6.288155347572314e-03,-8.628815534757231e-02
11700,2,5.500000000000000e-02,6.278162847572314e-03,4.872183715242769e-02
11700,3,4.000000000000000e-02,6.254425343822314e-03,3.374557465617769e-02
11700,4,-3.000000000000000e-02,6.220705643200125e-03,-3.622070564320012e-02
11700,5,2.500000000000000e-02,6.194519662278560e-03,1.880548033772144e-02
11700,6,2.000000000000000e-02,6.162116413833147e-03,1.383788358616685e-02
11700,7,-1.800000000000000e-02,6.124761770260402e-03,-2.412476177026040e-02
11700,8,1.500000000000000e-02,6.091972497313909e-03,8.908027502686090e-03
11700,9,1.200000000000000e-02,6.055498802913307e-03,5.944501197086693e-03
11700,10,-1.000000000000000e-02,6.016107174325110e-03,-1.601610717432511e-02
11700,11,8.999999999999999e-03,5.979314024808381e-03,3.020685975191619e-03
11700,12,8.000000000000000e-03,5.940372056452824e-03,2.059627943547176e-03
11700,13,-7.000000000000000e-03,5.899546914002334e-03,-1.289954691400233e-02
11700,14,6.000000000000000e-03,5.860604453264808e-03,1.393955467351923e-04
11700,15,5.000000000000000e-03,5.820298291139861e-03,-8.202982911398610e-04
11700,16,-4.000000000000000e-03,5.778893277122885e-03,-9.778893277122884e-03
11700,17,3.500000000000000e-03,5.738653883161977e-03,-2.238653883161977e-03
11700,18,3.000000000000000e-03,5.697710506625404e-03,-2.697710506625404e-03
11700,19,-2.500000000000000e-03,5.656201375283243e-03,-8.156201375283244e-03
11700,20,2.000000000000000e-03,5.615514412314959e-03,-3.615514412314959e-03
11700,21,1.800000000000000e-03,5.574530884161517e-03,-3.774530884161517e-03
11700,22,-1.500000000000000e-03,5.533312519530880e-03,-7.033312519530880e-03
11700,23,1.200000000000000e-03,5.492695855905711e-03,-4.292695855905711e-03
11700,24,1.000000000000000e-03,5.452012738096387e-03,-4.452012738096387e-03
11700,25,-8.000000000000000e-04,5.411323718993917e-03,-6.211323718993918e-03
11700,26,5.999999999999999e-04,5.371089006260838e-03,-4.771089006260838e-03
11700,27,5.000000000000000e-04,5.330965819160525e-03,-4.830965819160525e-03
11700,28,-4.000000000000000e-04,5.290988463573140e-03,-5.690988463573140e-03
11700,29,3.000000000000000e-04,5.251390949474865e-03,-4.951390949474865e-03
11800,0,1.200000000000000e-01,6.318155347572314e-03,1.136818446524277e-01
11800,1,-8.000000000000000e-02,6.288155347572314e-03,-8.628815534757231e-02
11800,2,5.500000000000000e-02,6.278162847572314e-03,4.872183715242769e-02
11800,3,4.000000000000000e-02,6.254425343822314e-03,3.374557465617769e-02
11800,4,-3.000000000000000e-02,6.220705643200125e-03,-3.622070564320012e-02
11800,5,2.500000000000000e-02,6.194519662278560e-03,1.880548033772144e-02
11800,6,2.000000000000000e-02,6.162116413833147e-03,1.383788358616685e-02
11800,7,-1.800000000000000e-02,6.124761770260402e-03,-2.412476177026040e-02
11800,8,1.500000000000000e-02,6.091972497313909e-03,8.908027502686090e-03
11800,9,1.200000000000000e-02,6.055498802913307e-03,5.944501197086693e-03
11800,10,-1.000000000000000e-02,6.016107174325110e-03,-1.601610717432511e-02
11800,11,8.999999999999999e-03,5.979314024808381e-03,3.020685975191619e-03
11800,12,8.000000000000000e-03,5.940372056452824e-03,2.059627943547176e-03
11800,13,-7.000000000000000e-03,5.899546914002334e-03,-1.289954691400233e-02
11800,14,6.000000000000000e-03,5.860604453264808e-03,1.393955467351923e-04
11800,15,5.000000000000000e-03,5.820298291139861e-03,-8.202982911398610e-04
11800,16,-4.000000000000000e-03,5.778893277122885e-03,-9.778893277122884e-03
11800,17,3.500000000000000e-03,5.738653883161977e-03,-2.238653883161977e-03
11800,18,3.000000000000000e-03,5.697710506625404e-03,-2.697710506625404e-03
11800,19,-2.500000000000000e-03,5.656201375283243e-03,-8.156201375283244e-03
11800,20,2.000000000000000e-03,5.615514412314959e-03,-3.615514412314959e-03
11800,21,1.800000000000000e-03,5.574530884161517e-03,-3.774530884161517e-03
11800,22,-1.500000000000000e-03,5.533312519530880e-03,-7.033312519530880e-03
11800,23,1.200000000000000e-03,5.492695855905711e-03,-4.292695855905711e-03
11800,24,1.000000000000000e-03,5.452012738096387e-03,-4.452012738096387e-03
11800,25,-8.000000000000000e-04,5.411323718993917e-03,-6.211323718993918e-03
11800,26,5.999999999999999e-04,5.371089006260838e-03,-4.771089006260838e-03
11800,27,5.000000000000000e-04,5.330965819160525e-03,-4.830965819160525e-03
11800,28,-4.000000000000000e-04,5.290988463573140e-03,-5.690988463573140e-03
11800,29,3.000000000000000e-04,5.251390949474865e-03,-4.951390949474865e-03
11900,0,1.200000000000000e-01,6.318155347572314e-03,1.136818446524277e-01
11900,1,-8.000000000000000e-02,6.288155347572314e-03,-8.628815534757231e-02
11900,2,5.500000000000000e-02,6.278162847572314e-03,4.872183715242769e-02
11900,3,4.000000000000000e-02,6.254425343822314e-03,3.374557465617769e-02
11900,4,-3.000000000000000e-02,6.220705643200125e-03,-3.622070564320012e-02
11900,5,2.500000000000000e-02,6.194519662278560e-03,1.880548033772144e-02
11900,6,2.000000000000000e-02,6.162116413833147e-03,1.383788358616685e-02
11900,7,-1.800000000000000e-02,6.124761770260402e-03,-2.412476177026040e-02
11900,8,1.500000000000000e-02,6.091972497313909e-03,8.908027502686090e-03
11900,9,1.200000000000000e-02,6.055498802913307e-03,5.944501197086693e-03
11900,10,-1.000000000000000e-02,6.016107174325110e-03,-1.601610717432511e-02
11900,11,8.999999999999999e-03,5.979314024808381e-03,3.020685975191619e-03
11900,12,8.000000000000000e-03,5.940372056452824e-03,2.059627943547176e-03
11900,13,-7.000000000000000e-03,5.899546914002334e-03,-1.289954691400233e-02
11900,14,6.000000000000000e-03,5.860604453264808e-03,1.393955467351923e-04
11900,15,5.000000000000000e-03,5.820298291139861e-03,-8.202982911398610e-04
11900,16,-4.000000000000000e-03,5.778893277122885e-03,-9.778893277122884e-03
11900,17,3.500000000000000e-03,5.738653883161977e-03,-2.238653883161977e-03
11900,18,3.000000000000000e-03,5.697710506625404e-03,-2.697710506625404e-03
11900,19,-2.500000000000000e-03,5.656201375283243e-03,-8.156201375283244e-03
11900,20,2.000000000000000e-03,5.615514412314959e-03,-3.615514412314959e-03
11900,21,1.800000000000000e-03,5.574530884161517e-03,-3.774530884161517e-03
11900,22,-1.500000000000000e-03,5.533312519530880e-03,-7.033312519530880e-03
11900,23,1.200000000000000e-03,5.492695855905711e-03,-4.292695855905711e-03
11900,24,1.000000000000000e-03,5.452012738096387e-03,-4.452012738096387e-03
11900,25,-8.000000000000000e-04,5.411323718993917e-03,-6.211323718993918e-03
11900,26,5.999999999999999e-04,5.371089006260838e-03,-4.771089006260838e-03
11900,27,5.000000000000000e-04,5.330965819160525e-03,-4.830965819160525e-03
11900,28,-4.000000000000000e-04,5.290988463573140e-03,-5.690988463573140e-03
11900,29,3.000000000000000e-04,5.251390949474865e-03,-4.951390949474865e-03
12000,0,1.200000000000000e-01,6.318155347572314e-03,1.136818446524277e-01
12000,1,-8.000000000000000e-02,6.288155347572314e-03,-8.628815534757231e-02
12000,2,5.500000000000000e-02,6.278162847572314e-03,4.872183715242769e-02
12000,3,4.000000000000000e-02,6.254425343822314e-03,3.374557465617769e-02
12000,4,-3.000000000000000e-02,6.220705643200125e-03,-3.622070564320012e-02
12000,5,2.500000000000000e-02,6.194519662278560e-03,1.880548033772144e-02
12000,6,2.000000000000000e-02,6.162116413833147e-03,1.383788358616685e-02
12000,7,-1.800000000000000e-02,6.124761770260402e-03,-2.412476177026040e-02
12000,8,1.500000000000000e-02,6.091972497313909e-03,8.908027502686090e-03
12000,9,1.200000000000000e-02,6.055498802913307e-03,5.944501197086693e-03
12000,10,-1.000000000000000e-02,6.016107174325110e-03,-1.601610717432511e-02
12000,11,8.999999999999999e-03,5.979314024808381e-03,3.020685975191619e-03
12000,12,8.000000000000000e-03,5.940372056452824e-03,2.059627943547176e-03
12000,13,-7.000000000000000e-03,5.899546914002334e-03,-1.289954691400233e-02
12000,14,6.000000000000000e-03,5.860604453264808e-03,1.393955467351923e-04
12000,15,5.000000000000000e-03,5.820298291139861e-03,-8.202982911398610e-04
12000,16,-4.000000000000000e-03,5.778893277122885e-03,-9.778893277122884e-03
12000,17,3.500000000000000e-03,5.738653883161977e-03,-2.238653883161977e-03
12000,18,3.000000000000000e-03,5.697710506625404e-03,-2.697710506625404e-03
12000,19,-2.500000000000000e-03,5.656201375283243e-03,-8.156201375283244e-03
12000,20,2.000000000000000e-03,5.615514412314959e-03,-3.615514412314959e-03
12000,21,1.800000000000000e-03,5.574530884161517e-03,-3.774530884161517e-03
12000,22,-1.500000000000000e-03,5.533312519530880e-03,-7.033312519530880e-03
12000,23,1.200000000000000e-03,5.492695855905711e-03,-4.292695855905711e-03
12000,24,1.000000000000000e-03,5.452012738096387e-03,-4.452012738096387e-03
12000,25,-8.000000000000000e-04,5.411323718993917e-03,-6.211323718993918e-03
12000,26,5.999999999999999e-04,5.371089006260838e-03,-4.771089006260838e-03
12000,27,5.000000000000000e-04,5.330965819160525e-03,-4.830965819160525e-03
12000,28,-4.000000000000000e-04,5.290988463573140e-03,-5.690988463573140e-03
12000,29,3.000000000000000e-04,5.251390949474865e-03,-4.951390949474865e-03
12100,0,1.200000000000000e-01,6.318155347572314e-03,1.136818446524277e-01
12100,1,-8.000000000000000e-02,6.288155347572314e-03,-8.628815534757231e-02
12100,2,5.500000000000000e-02,6.278162847572314e-03,4.872183715242769e-02
12100,3,4.000000000000000e-02,6.254425343822314e-03,3.374557465617769e-02
12100,4,-3.000000000000000e-02,6.220705643200125e-03,-3.622070564320012e-02
12100,5,2.500000000000000e-02,6.194519662278560e-03,1.880548033772144e-02
12100,6,2.000000000000000e-02,6.162116413833147e-03,1.383788358616685e-02
12100,7,-1.800000000000000e-02,6.124761770260402e-03,-2.412476177026040e-02
12100,8,1.500000000000000e-02,6.091972497313909e-03,8.908027502686090e-03
12100,9,1.200000000000000e-02,6.055498802913307e-03,5.944501197086693e-03
12100,10,-1.000000000000000e-02,6.016107174325110e-03,-1.601610717432511e-02
12100,11,8.999999999999999e-03,5.979314024808381e-03,3.020685975191619e-03
12100,12,8.000000000000000e-03,5.940372056452824e-03,2.059627943547176e-03
12100,13,-7.000000000000000e-03,5.899546914002334e-03,-1.289954691400233e-02
12100,14,6.000000000000000e-03,5.860604453264808e-03,1.393955467351923e-04
12100,15,5.000000000000000e-03,5.820298291139861e-03,-8.202982911398610e-04
12100,16,-4.000000000000000e-03,5.778893277122885e-03,-9.778893277122884e-03
12100,17,3.500000000000000e-03,5.738653883161977e-03,-2.238653883161977e-03
12100,18,3.000000000000000e-03,5.697710506625404e-03,-2.697710506625404e-03
12100,19,-2.500000000000000e-03,5.656201375283243e-03,-8.156201375283244e-03
12100,20,2.000000000000000e-03,5.615514412314959e-03,-3.615514412314959e-03
12100,21,1.800000000000000e-03,5.574530884161517e-03,-3.774530884161517e-03
12100,22,-1.500000000000000e-03,5.533312519530880e-03,-7.033312519530880e-03
12100,23,1.200000000000000e-03,5.492695855905711e-03,-4.292695855905711e-03
12100,24,1.000000000000000e-03,5.452012738096387e-03,-4.452012738096387e-03
12100,25,-8.000000000000000e-04,5.411323718993917e-03,-6.211323718993918e-03
12100,26,5.999999999999999e-04,5.371089006260838e-03,-4.771089006260838e-03
12100,27,5.000000000000000e-04,5.330965819160525e-03,-4.830965819160525e-03
12100,28,-4.000000000000000e-04,5.290988463573140e-03,-5.690988463573140e-03
12100,29,3.000000000000000e-04,5.251390949474865e-03,-4.951390949474865e-03
12200,0,1.200000000000000e-01,6.318155347572314e-03,1.136818446524277e-01
12200,1,-8.000000000000000e-02,6.288155347572314e-03,-8.628815534757231e-02
12200,2,5.500000000000000e-02,6.278162847572314e-03,4.872183715242769e-02
12200,3,4.000000000000000e-02,6.254425343822314e-03,3.374557465617769e-02
12200,4,-3.000000000000000e-02,6.220705643200125e-03,-3.622070564320012e-02
12200,5,2.500000000000000e-02,6.194519662278560e-03,1.880548033772144e-02
12200,6,2.000000000000000e-02,6.162116413833147e-03,1.383788358616685e-02
12200,7,-1.800000000000000e-02,6.124761770260402e-03,-2.412476177026040e-02
12200,8,1.500000000000000e-02,6.091972497313909e-03,8.908027502686090e-03
12200,9,1.200000000000000e-02,6.055498802913307e-03,5.944501197086693e-03
12200,10,-1.000000000000000e-02,6.016107174325110e-03,-1.601610717432511e-02
12200,11,8.999999999999999e-03,5.979314024808381e-03,3.020685975191619e-03
12200,12,8.000000000000000e-03,5.940372056452824e-03,2.059627943547176e-03
12200,13,-7.000000000000000e-03,5.899546914002334e-03,-1.289954691400233e-02
12200,14,6.000000000000000e-03,5.860604453264808e-03,1.393955467351923e-04
12200,15,5.000000000000000e-03,5.820298291139861e-03,-8.202982911398610e-04
12200,16,-4.000000000000000e-03,5.778893277122885e-03,-9.778893277122884e-03
12200,17,3.500000000000000e-03,5.738653883161977e-03,-2.238653883161977e-03
12200,18,3.000000000000000e-03,5.697710506625404e-03,-2.697710506625404e-03
12200,19,-2.500000000000000e-03,5.656201375283243e-03,-8.156201375283244e-03
12200,20,2.000000000000000e-03,5.615514412314959e-03,-3.615514412314959e-03
12200,21,1.800000000000000e-03,5.574530884161517e-03,-3.774530884161517e-03
12200,22,-1.500000000000000e-03,5.533312519530880e-03,-7.033312519530880e-03
12200,23,1.200000000000000e-03,5.492695855905711e-03,-4.292695855905711e-03
12200,24,1.000000000000000e-03,5.452012738096387e-03,-4.452012738096387e-03
12200,25,-8.000000000000000e-04,5.411323718993917e-03,-6.211323718993918e-03
12200,26,5.999999999999999e-04,5.371089006260838e-03,-4.771089006260838e-03
12200,27,5.000000000000000e-04,5.330965819160525e-03,-4.830965819160525e-03
12200,28,-4.000000000000000e-04,5.290988463573140e-03,-5.690988463573140e-03
12200,29,3.000000000000000e-04,5.251390949474865e-03,-4.951390949474865e-03
12300,0,1.200000000000000e-01,6.318155347572314e-03,1.136818446524277e-01
12300,1,-8.000000000000000e-02,6.288155347572314e-03,-8.628815534757231e-02
12300,2,5.500000000000000e-02,6.278162847572314e-03,4.872183715242769e-02
12300,3,4.000000000000000e-02,6.254425343822314e-03,3.374557465617769e-02
12300,4,-3.000000000000000e-02,6.220705643200125e-03,-3.622070564320012e-02
12300,5,2.500000000000000e-02,6.194519662278560e-03,1.880548033772144e-02
12300,6,2.000000000000000e-02,6.162116413833147e-03,1.383788358616685e-02
12300,7,-1.800000000000000e-02,6.124761770260402e-03,-2.412476177026040e-02
12300,8,1.500000000000000e-02,6.091972497313909e-03,8.908027502686090e-03
12300,9,1.200000000000000e-02,6.055498802913307e-03,5.944501197086693e-03
12300,10,-1.000000000000000e-02,6.016107174325110e-03,-1.601610717432511e-02
12300,11,8.999999999999999e-03,5.979314024808381e-03,3.020685975191619e-03
12300,12,8.000000000000000e-03,5.940372056452824e-03,2.059627943547176e-03
12300,13,-7.000000000000000e-03,5.899546914002334e-03,-1.289954691400233e-02
12300,14,6.000000000000000e-03,5.860604453264808e-03,1.393955467351923e-04
12300,15,5.000000000000000e-03,5.820298291139861e-03,-8.202982911398610e-04
12300,16,-4.000000000000000e-03,5.778893277122885e-03,-9.778893277122884e-03
12300,17,3.500000000000000e-03,5.738653883161977e-03,-2.238653883161977e-03
12300,18,3.000000000000000e-03,5.697710506625404e-03,-2.697710506625404e-03
12300,19,-2.500000000000000e-03,5.656201375283243e-03,-8.156201375283244e-03
12300,20,2.000000000000000e-03,5.615514412314959e-03,-3.615514412314959e-03
12300,21,1.800000000000000e-03,5.574530884161517e-03,-3.774530884161517e-03
12300,22,-1.500000000000000e-03,5.533312519530880e-03,-7.033312519530880e-03
12300,23,1.200000000000000e-03,5.492695855905711e-03,-4.292695855905711e-03
12300,24,1.000000000000000e-03,5.452012738096387e-03,-4.452012738096387e-03
12300,25,-8.000000000000000e-04,5.411323718993917e-03,-6.211323718993918e-03
12300,26,5.999999999999999e-04,5.371089006260838e-03,-4.771089006260838e-03
12300,27,5.000000000000000e-04,5.330965819160525e-03,-4.830965819160525e-03
12300,28,-4.000000000000000e-04,5.290988463573140e-03,-5.690988463573140e-03
12300,29,3.000000000000000e-04,5.251390949474865e-03,-4.951390949474865e-03
12400,0,1.200000000000000e-01,6.318155347572314e-03,1.136818446524277e-01
12400,1,-8.000000000000000e-02,6.288155347572314e-03,-8.628815534757231e-02
12400,2,5.500000000000000e-02,6.278162847572314e-03,4.872183715242769e-02
12400,3,4.000000000000000e-02,6.254425343822314e-03,3.374557465617769e-02
12400,4,-3.000000000000000e-02,6.220705643200125e-03,-3.622070564320012e-02
12400,5,2.500000000000000e-02,6.194519662278560e-03,1.880548033772144e-02
12400,6,2.000000000000000e-02,6.162116413833147e-03,1.383788358616685e-02
12400,7,-1.800000000000000e-02,6.124761770260402e-03,-2.412476177026040e-02
12400,8,1.500000000000000e-02,6.091972497313909e-03,8.908027502686090e-03
12400,9,1.200000000000000e-02,6.055498802913307e-03,5.944501197086693e-03
12400,10,-1.000000000000000e-02,6.016107174325110e-03,-1.601610717432511e-02
12400,11,8.999999999999999e-03,5.979314024808381e-03,3.020685975191619e-03
12400,12,8.000000000000000e-03,5.940372056452824e-03,2.059627943547176e-03
12400,13,-7.000000000000000e-03,5.899546914002334e-03,-1.289954691400233e-02
12400,14,6.000000000000000e-03,5.860604453264808e-03,1.393955467351923e-04
12400,15,5.000000000000000e-03,5.820298291139861e-03,-8.202982911398610e-04
12400,16,-4.000000000000000e-03,5.778893277122885e-03,-9.778893277122884e-03
12400,17,3.500000000000000e-03,5.738653883161977e-03,-2.238653883161977e-03
12400,18,3.000000000000000e-03,5.697710506625404e-03,-2.697710506625404e-03
12400,19,-2.500000000000000e-03,5.656201375283243e-03,-8.156201375283244e-03
12400,20,2.000000000000000e-03,5.615514412314959e-03,-3.615514412314959e-03
12400,21,1.800000000000000e-03,5.574530884161517e-03,-3.774530884161517e-03
12400,22,-1.500000000000000e-03,5.533312519530880e-03,-7.033312519530880e-03
12400,23,1.200000000000000e-03,5.492695855905711e-03,-4.292695855905711e-03
12400,24,1.000000000000000e-03,5.452012738096387e-03,-4.452012738096387e-03
12400,25,-8.000000000000000e-04,5.411323718993917e-03,-6.211323718993918e-03
12400,26,5.999999999999999e-04,5.371089006260838e-03,-4.771089006260838e-03
12400,27,5.000000000000000e-04,5.330965819160525e-03,-4.830965819160525e-03
12400,28,-4.000000000000000e-04,5.290988463573140e-03,-5.690988463573140e-03
12400,29,3.000000000000000e-04,5.251390949474865e-03,-4.951390949474865e-03
12500,0,1.200000000000000e-01,6.318155347572314e-03,1.136818446524277e-01
12500,1,-8.000000000000000e-02,6.288155347572314e-03,-8.628815534757231e-02
12500,2,5.500000000000000e-02,6.278162847572314e-03,4.872183715242769e-02
12500,3,4.000000000000000e-02,6.254425343822314e-03,3.374557465617769e-02
12500,4,-3.000000000000000e-02,6.220705643200125e-03,-3.622070564320012e-02
12500,5,2.500000000000000e-02,6.194519662278560e-03,1.880548033772144e-02
12500,6,2.000000000000000e-02,6.162116413833147e-03,1.383788358616685e-02
12500,7,-1.800000000000000e-02,6.124761770260402e-03,-2.412476177026040e-02
12500,8,1.500000000000000e-02,6.091972497313909e-03,8.908027502686090e-03
12500,9,1.200000000000000e-02,6.055498802913307e-03,5.944501197086693e-03
12500,10,-1.000000000000000e-02,6.016107174325110e-03,-1.601610717432511e-02
12500,11,8.999999999999999e-03,5.979314024808381e-03,3.020685975191619e-03
12500,12,8.000000000000000e-03,5.940372056452824e-03,2.059627943547176e-03
12500,13,-7.000000000000000e-03,5.899546914002334e-03,-1.289954691400233e-02
12500,14,6.000000000000000e-03,5.860604453264808e-03,1.393955467351923e-04
12500,15,5.000000000000000e-03,5.820298291139861e-03,-8.202982911398610e-04
12500,16,-4.000000000000000e-03,5.778893277122885e-03,-9.778893277122884e-03
12500,17,3.500000000000000e-03,5.738653883161977e-03,-2.238653883161977e-03
12500,18,3.000000000000000e-03,5.697710506625404e-03,-2.697710506625404e-03
12500,19,-2.500000000000000e-03,5.656201375283243e-03,-8.156201375283244e-03
12500,20,2.000000000000000e-03,5.615514412314959e-03,-3.615514412314959e-03
12500,21,1.800000000000000e-03,5.574530884161517e-03,-3.774530884161517e-03
12500,22,-1.500000000000000e-03,5.533312519530880e-03,-7.033312519530880e-03
12500,23,1.200000000000000e-03,5.492695855905711e-03,-4.292695855905711e-03
12500,24,1.000000000000000e-03,5.452012738096387e-03,-4.452012738096387e-03
12500,25,-8.000000000000000e-04,5.411323718993917e-03,-6.211323718993918e-03
12500,26,5.999999999999999e-04,5.371089006260838e-03,-4.771089006260838e-03
12500,27,5.000000000000000e-04,5.330965819160525e-03,-4.830965819160525e-03
12500,28,-4.000000000000000e-04,5.290988463573140e-03,-5.690988463573140e-03
12500,29,3.000000000000000e-04,5.251390949474865e-03,-4.951390949474865e-03
12600,0,1.200000000000000e-01,6.318155347572314e-03,1.136818446524277e-01
12600,1,-8.000000000000000e-02,6.288155347572314e-03,-8.628815534757231e-02
12600,2,5.500000000000000e-02,6.278162847572314e-03,4.872183715242769e-02
12600,3,4.000000000000000e-02,6.254425343822314e-03,3.374557465617769e-02
12600,4,-3.000000000000000e-02,6.220705643200125e-03,-3.622070564320012e-02
12600,5,2.500000000000000e-02,6.194519662278560e-03,1.880548033772144e-02
12600,6,2.000000000000000e-02,6.162116413833147e-03,1.383788358616685e-02
12600,7,-1.800000000000000e-02,6.124761770260402e-03,-2.412476177026040e-02
12600,8,1.500000000000000e-02,6.091972497313909e-03,8.908027502686090e-03
12600,9,1.200000000000000e-02,6.055498802913307e-03,5.944501197086693e-03
12600,10,-1.000000000000000e-02,6.016107174325110e-03,-1.601610717432511e-02
12600,11,8.999999999999999e-03,5.979314024808381e-03,3.020685975191619e-03
12600,12,8.000000000000000e-03,5.940372056452824e-03,2.059627943547176e-03
12600,13,-7.000000000000000e-03,5.899546914002334e-03,-1.289954691400233e-02
12600,14,6.000000000000000e-03,5.860604453264808e-03,1.393955467351923e-04
12600,15,5.000000000000000e-03,5.820298291139861e-03,-8.202982911398610e-04
12600,16,-4.000000000000000e-03,5.778893277122885e-03,-9.778893277122884e-03
12600,17,3.500000000000000e-03,5.738653883161977e-03,-2.238653883161977e-03
12600,18,3.000000000000000e-03,5.697710506625404e-03,-2.697710506625404e-03
12600,19,-2.500000000000000e-03,5.656201375283243e-03,-8.156201375283244e-03
12600,20,2.000000000000000e-03,5.615514412314959e-03,-3.615514412314959e-03
12600,21,1.800000000000000e-03,5.574530884161517e-03,-3.774530884161517e-03
12600,22,-1.500000000000000e-03,5.533312519530880e-03,-7.033312519530880e-03
12600,23,1.200000000000000e-03,5.492695855905711e-03,-4.292695855905711e-03
12600,24,1.000000000000000e-03,5.452012738096387e-03,-4.452012738096387e-03
12600,25,-8.000000000000000e-04,5.411323718993917e-03,-6.211323718993918e-03
12600,26,5.999999999999999e-04,5.371089006260838e-03,-4.771089006260838e-03
12600,27,5.000000000000000e-04,5.330965819160525e-03,-4.830965819160525e-03
12600,28,-4.000000000000000e-04,5.290988463573140e-03,-5.690988463573140e-03
12600,29,3.000000000000000e-04,5.251390949474865e-03,-4.951390949474865e-03
12700,0,1.200000000000000e-01,6.318155347572314e-03,1.136818446524277e-01
12700,1,-8.000000000000000e-02,6.288155347572314e-03,-8.628815534757231e-02
12700,2,5.500000000000000e-02,6.278162847572314e-03,4.872183715242769e-02
12700,3,4.000000000000000e-02,6.254425343822314e-03,3.374557465617769e-02
12700,4,-3.000000000000000e-02,6.220705643200125e-03,-3.622070564320012e-02
12700,5,2.500000000000000e-02,6.194519662278560e-03,1.880548033772144e-02
12700,6,2.000000000000000e-02,6.162116413833147e-03,1.383788358616685e-02
12700,7,-1.800000000000000e-02,6.124761770260402e-03,-2.412476177026040e-02
12700,8,1.500000000000000e-02,6.091972497313909e-03,8.908027502686090e-03
12700,9,1.200000000000000e-02,6.055498802913307e-03,5.944501197086693e-03
12700,10,-1.000000000000000e-02,6.016107174325110e-03,-1.601610717432511e-02
12700,11,8.999999999999999e-03,5.979314024808381e-03,3.020685975191619e-03
12700,12,8.000000000000000e-03,5.940372056452824e-03,2.059627943547176e-03
12700,13,-7.000000000000000e-03,5.899546914002334e-03,-1.289954691400233e-02
12700,14,6.000000000000000e-03,5.860604453264808e-03,1.393955467351923e-04
12700,15,5.000000000000000e-03,5.820298291139861e-03,-8.202982911398610e-04
12700,16,-4.000000000000000e-03,5.778893277122885e-03,-9.778893277122884e-03
12700,17,3.500000000000000e-03,5.738653883161977e-03,-2.238653883161977e-03
12700,18,3.000000000000000e-03,5.697710506625404e-03,-2.697710506625404e-03
12700,19,-2.500000000000000e-03,5.656201375283243e-03,-8.156201375283244e-03
12700,20,2.000000000000000e-03,5.615514412314959e-03,-3.615514412314959e-03
12700,21,1.800000000000000e-03,5.574530884161517e-03,-3.774530884161517e-03
12700,22,-1.500000000000000e-03,5.533312519530880e-03,-7.033312519530880e-03
12700,23,1.200000000000000e-03,5.492695855905711e-03,-4.292695855905711e-03
12700,24,1.000000000000000e-03,5.452012738096387e-03,-4.452012738096387e-03
12700,25,-8.000000000000000e-04,5.411323718993917e-03,-6.211323718993918e-03
12700,26,5.999999999999999e-04,5.371089006260838e-03,-4.771089006260838e-03
12700,27,5.000000000000000e-04,5.330965819160525e-03,-4.830965819160525e-03
12700,28,-4.000000000000000e-04,5.290988463573140e-03,-5.690988463573140e-03
12700,29,3.000000000000000e-04,5.251390949474865e-03,-4.951390949474865e-03
12800,0,1.200000000000000e-01,6.318155347572314e-03,1.136818446524277e-01
12800,1,-8.000000000000000e-02,6.288155347572314e-03,-8.628815534757231e-02
12800,2,5.500000000000000e-02,6.278162847572314e-03,4.872183715242769e-02
12800,3,4.000000000000000e-02,6.254425343822314e-03,3.374557465617769e-02
12800,4,-3.000000000000000e-02,6.220705643200125e-03,-3.622070564320012e-02
12800,5,2.500000000000000e-02,6.194519662278560e-03,1.880548033772144e-02
12800,6,2.000000000000000e-02,6.162116413833147e-03,1.383788358616685e-02
12800,7,-1.800000000000000e-02,6.124761770260402e-03,-2.412476177026040e-02
12800,8,1.500000000000000e-02,6.091972497313909e-03,8.908027502686090e-03
12800,9,1.200000000000000e-02,6.055498802913307e-03,5.944501197086693e-03
12800,10,-1.000000000000000e-02,6.016107174325110e-03,-1.601610717432511e-02
12800,11,8.999999999999999e-03,5.979314024808381e-03,3.020685975191619e-03
12800,12,8.000000000000000e-03,5.940372056452824e-03,2.059627943547176e-03
12800,13,-7.000000000000000e-03,5.899546914002334e-03,-1.289954691400233e-02
12800,14,6.000000000000000e-03,5.860604453264808e-03,1.393955467351923e-04
12800,15,5.000000000000000e-03,5.820298291139861e-03,-8.202982911398610e-04
12800,16,-4.000000000000000e-03,5.778893277122885e-03,-9.778893277122884e-03
12800,17,3.500000000000000e-03,5.738653883161977e-03,-2.238653883161977e-03
12800,18,3.000000000000000e-03,5.697710506625404e-03,-2.697710506625404e-03
12800,19,-2.500000000000000e-03,5.656201375283243e-03,-8.156201375283244e-03
12800,20,2.000000000000000e-03,5.615514412314959e-03,-3.615514412314959e-03
12800,21,1.800000000000000e-03,5.574530884161517e-03,-3.774530884161517e-03
12800,22,-1.500000000000000e-03,5.533312519530880e-03,-7.033312519530880e-03
12800,23,1.200000000000000e-03,5.492695855905711e-03,-4.292695855905711e-03
12800,24,1.000000000000000e-03,5.452012738096387e-03,-4.452012738096387e-03
12800,25,-8.000000000000000e-04,5.411323718993917e-03,-6.211323718993918e-03
12800,26,5.999999999999999e-04,5.371089006260838e-03,-4.771089006260838e-03
12800,27,5.000000000000000e-04,5.330965819160525e-03,-4.830965819160525e-03
12800,28,-4.000000000000000e-04,5.290988463573140e-03,-5.690988463573140e-03
12800,29,3.000000000000000e-04,5.251390949474865e-03,-4.951390949474865e-03
12900,0,1.200000000000000e-01,6.318155347572314e-03,1.136818446524277e-01
12900,1,-8.000000000000000e-02,6.288155347572314e-03,-8.628815534757231e-02
12900,2,5.500000000000000e-02,6.278162847572314e-03,4.872183715242769e-02
12900,3,4.000000000000000e-02,6.254425343822314e-03,3.374557465617769e-02
12900,4,-3.000000000000000e-02,6.220705643200125e-03,-3.622070564320012e-02
12900,5,2.500000000000000e-02,6.194519662278560e-03,1.880548033772144e-02
12900,6,2.000000000000000e-02,6.162116413833147e-03,1.383788358616685e-02
12900,7,-1.800000000000000e-02,6.124761770260402e-03,-2.412476177026040e-02
12900,8,1.500000000000000e-02,6.091972497313909e-03,8.908027502686090e-03
12900,9,1.200000000000000e-02,6.055498802913307e-03,5.944501197086693e-03
12900,10,-1.000000000000000e-02,6.016107174325110e-03,-1.601610717432511e-02
12900,11,8.999999999999999e-03,5.979314024808381e-03,3.020685975191619e-03
12900,12,8.000000000000000e-03,5.940372056452824e-03,2.059627943547176e-03
12900,13,-7.000000000000000e-03,5.899546914002334e-03,-1.289954691400233e-02
12900,14,6.000000000000000e-03,5.860604453264808e-03,1.393955467351923e-04
12900,15,5.000000000000000e-03,5.820298291139861e-03,-8.202982911398610e-04
12900,16,-4.000000000000000e-03,5.778893277122885e-03,-9.778893277122884e-03
12900,17,3.500000000000000e-03,5.738653883161977e-03,-2.238653883161977e-03
12900,18,3.000000000000000e-03,5.697710506625404e-03,-2.697710506625404e-03
12900,19,-2.500000000000000e-03,5.656201375283243e-03,-8.156201375283244e-03
12900,20,2.000000000000000e-03,5.615514412314959e-03,-3.615514412314959e-03
12900,21,1.800000000000000e-03,5.574530884161517e-03,-3.774530884161517e-03
12900,22,-1.500000000000000e-03,5.533312519530880e-03,-7.033312519530880e-03
12900,23,1.200000000000000e-03,5.492695855905711e-03,-4.292695855905711e-03
12900,24,1.000000000000000e-03,5.452012738096387e-03,-4.452012738096387e-03
12900,25,-8.000000000000000e-04,5.411323718993917e-03,-6.211323718993918e-03
12900,26,5.999999999999999e-04,5.371089006260838e-03,-4.771089006260838e-03
12900,27,5.000000000000000e-04,5.330965819160525e-03,-4.830965819160525e-03
12900,28,-4.000000000000000e-04,5.290988463573140e-03,-5.690988463573140e-03
12900,29,3.000000000000000e-04,5.251390949474865e-03,-4.951390949474865e-03
13000,0,1.200000000000000e-01,6.318155347572314e-03,1.136818446524277e-01
13000,1,-8.000000000000000e-02,6.288155347572314e-03,-8.628815534757231e-02
13000,2,5.500000000000000e-02,6.278162847572314e-03,4.872183715242769e-02
13000,3,4.000000000000000e-02,6.254425343822314e-03,3.374557465617769e-02
13000,4,-3.000000000000000e-02,6.220705643200125e-03,-3.622070564320012e-02
13000,5,2.500000000000000e-02,6.194519662278560e-03,1.880548033772144e-02
13000,6,2.000000000000000e-02,6.162116413833147e-03,1.383788358616685e-02
13000,7,-1.800000000000000e-02,6.124761770260402e-03,-2.412476177026040e-02
13000,8,1.500000000000000e-02,6.091972497313909e-03,8.908027502686090e-03
13000,9,1.200000000000000e-02,6.055498802913307e-03,5.944501197086693e-03
13000,10,-1.000000000000000e-02,6.016107174325110e-03,-1.601610717432511e-02
13000,11,8.999999999999999e-03,5.979314024808381e-03,3.020685975191619e-03
13000,12,8.000000000000000e-03,5.940372056452824e-03,2.059627943547176e-03
13000,13,-7.000000000000000e-03,5.899546914002334e-03,-1.289954691400233e-02
13000,14,6.000000000000000e-03,5.860604453264808e-03,1.393955467351923e-04
13000,15,5.000000000000000e-03,5.820298291139861e-03,-8.202982911398610e-04
13000,16,-4.000000000000000e-03,5.778893277122885e-03,-9.778893277122884e-03
13000,17,3.500000000000000e-03,5.738653883161977e-03,-2.238653883161977e-03
13000,18,3.000000000000000e-03,5.697710506625404e-03,-2.697710506625404e-03
13000,19,-2.500000000000000e-03,5.656201375283243e-03,-8.156201375283244e-03
13000,20,2.000000000000000e-03,5.615514412314959e-03,-3.615514412314959e-03
13000,21,1.800000000000000e-03,5.574530884161517e-03,-3.774530884161517e-03
13000,22,-1.500000000000000e-03,5.533312519530880e-03,-7.033312519530880e-03
13000,23,1.200000000000000e-03,5.492695855905711e-03,-4.292695855905711e-03
13000,24,1.000000000000000e-03,5.452012738096387e-03,-4.452012738096387e-03
13000,25,-8.000000000000000e-04,5.411323718993917e-03,-6.211323718993918e-03
13000,26,5.999999999999999e-04,5.371089006260838e-03,-4.771089006260838e-03
13000,27,5.000000000000000e-04,5.330965819160525e-03,-4.830965819160525e-03
13000,28,-4.000000000000000e-04,5.290988463573140e-03,-5.690988463573140e-03
13000,29,3.000000000000000e-04,5.251390949474865e-03,-4.951390949474865e-03
13100,0,1.200000000000000e-01,6.318155347572314e-03,1.136818446524277e-01
13100,1,-8.000000000000000e-02,6.288155347572314e-03,-8.628815534757231e-02
13100,2,5.500000000000000e-02,6.278162847572314e-03,4.872183715242769e-02
13100,3,4.000000000000000e-02,6.254425343822314e-03,3.374557465617769e-02
13100,4,-3.000000000000000e-02,6.220705643200125e-03,-3.622070564320012e-02
13100,5,2.500000000000000e-02,6.194519662278560e-03,1.880548033772144e-02
13100,6,2.000000000000000e-02,6.162116413833147e-03,1.383788358616685e-02
13100,7,-1.800000000000000e-02,6.124761770260402e-03,-2.412476177026040e-02
13100,8,1.500000000000000e-02,6.091972497313909e-03,8.908027502686090e-03
13100,9,1.200000000000000e-02,6.055498802913307e-03,5.944501197086693e-03
13100,10,-1.000000000000000e-02,6.016107174325110e-03,-1.601610717432511e-02
13100,11,8.999999999999999e-03,5.979314024808381e-03,3.020685975191619e-03
13100,12,8.000000000000000e-03,5.940372056452824e-03,2.059627943547176e-03
13100,13,-7.000000000000000e-03,5.899546914002334e-03,-1.289954691400233e-02
13100,14,6.000000000000000e-03,5.860604453264808e-03,1.393955467351923e-04
13100,15,5.000000000000000e-03,5.820298291139861e-03,-8.202982911398610e-04
13100,16,-4.000000000000000e-03,5.778893277122885e-03,-9.778893277122884e-03
13100,17,3.500000000000000e-03,5.738653883161977e-03,-2.238653883161977e-03
13100,18,3.000000000000000e-03,5.697710506625404e-03,-2.697710506625404e-03
13100,19,-2.500000000000000e-03,5.656201375283243e-03,-8.156201375283244e-03
13100,20,2.000000000000000e-03,5.615514412314959e-03,-3.615514412314959e-03
13100,21,1.800000000000000e-03,5.574530884161517e-03,-3.774530884161517e-03
13100,22,-1.500000000000000e-03,5.533312519530880e-03,-7.033312519530880e-03
13100,23,1.200000000000000e-03,5.492695855905711e-03,-4.292695855905711e-03
13100,24,1.000000000000000e-03,5.452012738096387e-03,-4.452012738096387e-03
13100,25,-8.000000000000000e-04,5.411323718993917e-03,-6.211323718993918e-03
13100,26,5.999999999999999e-04,5.371089006260838e-03,-4.771089006260838e-03
13100,27,5.000000000000000e-04,5.330965819160525e-03,-4.830965819160525e-03
13100,28,-4.000000000000000e-04,5.290988463573140e-03,-5.690988463573140e-03
13100,29,3.000000000000000e-04,5.251390949474865e-03,-4.951390949474865e-03
13200,0,1.200000000000000e-01,6.318155347572314e-03,1.136818446524277e-01
13200,1,-8.000000000000000e-02,6.288155347572314e-03,-8.628815534757231e-02
13200,2,5.500000000000000e-02,6.278162847572314e-03,4.872183715242769e-02
13200,3,4.000000000000000e-02,6.254425343822314e-03,3.374557465617769e-02
13200,4,-3.000000000000000e-02,6.220705643200125e-03,-3.622070564320012e-02
13200,5,2.500000000000000e-02,6.194519662278560e-03,1.880548033772144e-02
13200,6,2.000000000000000e-02,6.162116413833147e-03,1.383788358616685e-02
13200,7,-1.800000000000000e-02,6.124761770260402e-03,-2.412476177026040e-02
13200,8,1.500000000000000e-02,6.091972497313909e-03,8.908027502686090e-03
13200,9,1.200000000000000e-02,6.055498802913307e-03,5.944501197086693e-03
13200,10,-1.000000000000000e-02,6.016107174325110e-03,-1.601610717432511e-02
13200,11,8.999999999999999e-03,5.979314024808381e-03,3.020685975191619e-03
13200,12,8.000000000000000e-03,5.940372056452824e-03,2.059627943547176e-03
13200,13,-7.000000000000000e-03,5.899546914002334e-03,-1.289954691400233e-02
13200,14,6.000000000000000e-03,5.860604453264808e-03,1.393955467351923e-04
13200,15,5.000000000000000e-03,5.820298291139861e-03,-8.202982911398610e-04
13200,16,-4.000000000000000e-03,5.778893277122885e-03,-9.778893277122884e-03
13200,17,3.500000000000000e-03,5.738653883161977e-03,-2.238653883161977e-03
13200,18,3.000000000000000e-03,5.697710506625404e-03,-2.697710506625404e-03
13200,19,-2.500000000000000e-03,5.656201375283243e-03,-8.156201375283244e-03
13200,20,2.000000000000000e-03,5.615514412314959e-03,-3.615514412314959e-03
13200,21,1.800000000000000e-03,5.574530884161517e-03,-3.774530884161517e-03
13200,22,-1.500000000000000e-03,5.533312519530880e-03,-7.033312519530880e-03
13200,23,1.200000000000000e-03,5.492695855905711e-03,-4.292695855905711e-03
13200,24,1.000000000000000e-03,5.452012738096387e-03,-4.452012738096387e-03
13200,25,-8.000000000000000e-04,5.411323718993917e-03,-6.211323718993918e-03
13200,26,5.999999999999999e-04,5.371089006260838e-03,-4.771089006260838e-03
13200,27,5.000000000000000e-04,5.330965819160525e-03,-4.830965819160525e-03
13200,28,-4.000000000000000e-04,5.290988463573140e-03,-5.690988463573140e-03
13200,29,3.000000000000000e-04,5.251390949474865e-03,-4.951390949474865e-03
13300,0,1.200000000000000e-01,6.318155347572314e-03,1.136818446524277e-01
13300,1,-8.000000000000000e-02,6.288155347572314e-03,-8.628815534757231e-02
13300,2,5.500000000000000e-02,6.278162847572314e-03,4.872183715242769e-02
13300,3,4.000000000000000e-02,6.254425343822314e-03,3.374557465617769e-02
13300,4,-3.000000000000000e-02,6.220705643200125e-03,-3.622070564320012e-02
13300,5,2.500000000000000e-02,6.194519662278560e-03,1.880548033772144e-02
13300,6,2.000000000000000e-02,6.162116413833147e-03,1.383788358616685e-02
13300,7,-1.800000000000000e-02,6.124761770260402e-03,-2.412476177026040e-02
13300,8,1.500000000000000e-02,6.091972497313909e-03,8.908027502686090e-03
13300,9,1.200000000000000e-02,6.055498802913307e-03,5.944501197086693e-03
13300,10,-1.000000000000000e-02,6.016107174325110e-03,-1.601610717432511e-02
13300,11,8.999999999999999e-03,5.979314024808381e-03,3.020685975191619e-03
13300,12,8.000000000000000e-03,5.940372056452824e-03,2.059627943547176e-03
13300,13,-7.000000000000000e-03,5.899546914002334e-03,-1.289954691400233e-02
13300,14,6.000000000000000e-03,5.860604453264808e-03,1.393955467351923e-04
13300,15,5.000000000000000e-03,5.820298291139861e-03,-8.202982911398610e-04
13300,16,-4.000000000000000e-03,5.778893277122885e-03,-9.778893277122884e-03
13300,17,3.500000000000000e-03,5.738653883161977e-03,-2.238653883161977e-03
13300,18,3.000000000000000e-03,5.697710506625404e-03,-2.697710506625404e-03
13300,19,-2.500000000000000e-03,5.656201375283243e-03,-8.156201375283244e-03
13300,20,2.000000000000000e-03,5.615514412314959e-03,-3.615514412314959e-03
13300,21,1.800000000000000e-03,5.574530884161517e-03,-3.774530884161517e-03
13300,22,-1.500000000000000e-03,5.533312519530880e-03,-7.033312519530880e-03
13300,23,1.200000000000000e-03,5.492695855905711e-03,-4.292695855905711e-03
13300,24,1.000000000000000e-03,5.452012738096387e-03,-4.452012738096387e-03
13300,25,-8.000000000000000e-04,5.411323718993917e-03,-6.211323718993918e-03
13300,26,5.999999999999999e-04,5.371089006260838e-03,-4.771089006260838e-03
13300,27,5.000000000000000e-04,5.330965819160525e-03,-4.830965819160525e-03
13300,28,-4.000000000000000e-04,5.290988463573140e-03,-5.690988463573140e-03
13300,29,3.000000000000000e-04,5.251390949474865e-03,-4.951390949474865e-03
13400,0,1.200000000000000e-01,6.318155347572314e-03,1.136818446524277e-01
13400,1,-8.000000000000000e-02,6.288155347572314e-03,-8.628815534757231e-02
13400,2,5.500000000000000e-02,6.278162847572314e-03,4.872183715242769e-02
13400,3,4.000000000000000e-02,6.254425343822314e-03,3.374557465617769e-02
13400,4,-3.000000000000000e-02,6.220705643200125e-03,-3.622070564320012e-02
13400,5,2.500000000000000e-02,6.194519662278560e-03,1.880548033772144e-02
13400,6,2.000000000000000e-02,6.162116413833147e-03,1.383788358616685e-02
13400,7,-1.800000000000000e-02,6.124761770260402e-03,-2.412476177026040e-02
13400,8,1.500000000000000e-02,6.091972497313909e-03,8.908027502686090e-03
13400,9,1.200000000000000e-02,6.055498802913307e-03,5.944501197086693e-03
13400,10,-1.000000000000000e-02,6.016107174325110e-03,-1.601610717432511e-02
13400,11,8.999999999999999e-03,5.979314024808381e-03,3.020685975191619e-03
13400,12,8.000000000000000e-03,5.940372056452824e-03,2.059627943547176e-03
13400,13,-7.000000000000000e-03,5.899546914002334e-03,-1.289954691400233e-02
13400,14,6.000000000000000e-03,5.860604453264808e-03,1.393955467351923e-04
13400,15,5.000000000000000e-03,5.820298291139861e-03,-8.202982911398610e-04
13400,16,-4.000000000000000e-03,5.778893277122885e-03,-9.778893277122884e-03
13400,17,3.500000000000000e-03,5.738653883161977e-03,-2.238653883161977e-03
13400,18,3.000000000000000e-03,5.697710506625404e-03,-2.697710506625404e-03
13400,19,-2.500000000000000e-03,5.656201375283243e-03,-8.156201375283244e-03
13400,20,2.000000000000000e-03,5.615514412314959e-03,-3.615514412314959e-03
13400,21,1.800000000000000e-03,5.574530884161517e-03,-3.774530884161517e-03
13400,22,-1.500000000000000e-03,5.533312519530880e-03,-7.033312519530880e-03
13400,23,1.200000000000000e-03,5.492695855905711e-03,-4.292695855905711e-03
13400,24,1.000000000000000e-03,5.452012738096387e-03,-4.452012738096387e-03
13400,25,-8.000000000000000e-04,5.411323718993917e-03,-6.211323718993918e-03
13400,26,5.999999999999999e-04,5.371089006260838e-03,-4.771089006260838e-03
13400,27,5.000000000000000e-04,5.330965819160525e-03,-4.830965819160525e-03
13400,28,-4.000000000000000e-04,5.290988463573140e-03,-5.690988463573140e-03
13400,29,3.000000000000000e-04,5.251390949474865e-03,-4.951390949474865e-03
13500,0,1.200000000000000e-01,6.318155347572314e-03,1.136818446524277e-01
13500,1,-8.000000000000000e-02,6.288155347572314e-03,-8.628815534757231e-02
13500,2,5.500000000000000e-02,6.278162847572314e-03,4.872183715242769e-02
13500,3,4.000000000000000e-02,6.254425343822314e-03,3.374557465617769e-02
13500,4,-3.000000000000000e-02,6.220705643200125e-03,-3.622070564320012e-02
13500,5,2.500000000000000e-02,6.194519662278560e-03,1.880548033772144e-02
13500,6,2.000000000000000e-02,6.162116413833147e-03,1.383788358616685e-02
13500,7,-1.800000000000000e-02,6.124761770260402e-03,-2.412476177026040e-02
13500,8,1.500000000000000e-02,6.091972497313909e-03,8.908027502686090e-03
13500,9,1.200000000000000e-02,6.055498802913307e-03,5.944501197086693e-03
13500,10,-1.000000000000000e-02,6.016107174325110e-03,-1.601610717432511e-02
13500,11,8.999999999999999e-03,5.979314024808381e-03,3.020685975191619e-03
13500,12,8.000000000000000e-03,5.940372056452824e-03,2.059627943547176e-03
13500,13,-7.000000000000000e-03,5.899546914002334e-03,-1.289954691400233e-02
13500,14,6.000000000000000e-03,5.860604453264808e-03,1.393955467351923e-04
13500,15,5.000000000000000e-03,5.820298291139861e-03,-8.202982911398610e-04
13500,16,-4.000000000000000e-03,5.778893277122885e-03,-9.778893277122884e-03
13500,17,3.500000000000000e-03,5.738653883161977e-03,-2.238653883161977e-03
13500,18,3.000000000000000e-03,5.697710506625404e-03,-2.697710506625404e-03
13500,19,-2.500000000000000e-03,5.656201375283243e-03,-8.156201375283244e-03
13500,20,2.000000000000000e-03,5.615514412314959e-03,-3.615514412314959e-03
13500,21,1.800000000000000e-03,5.574530884161517e-03,-3.774530884161517e-03
13500,22,-1.500000000000000e-03,5.533312519530880e-03,-7.033312519530880e-03
13500,23,1.200000000000000e-03,5.492695855905711e-03,-4.292695855905711e-03
13500,24,1.000000000000000e-03,5.452012738096387e-03,-4.452012738096387e-03
13500,25,-8.000000000000000e-04,5.411323718993917e-03,-6.211323718993918e-03
13500,26,5.999999999999999e-04,5.371089006260838e-03,-4.771089006260838e-03
13500,27,5.000000000000000e-04,5.330965819160525e-03,-4.830965819160525e-03
13500,28,-4.000000000000000e-04,5.290988463573140e-03,-5.690988463573140e-03
13500,29,3.000000000000000e-04,5.251390949474865e-03,-4.951390949474865e-03
13600,0,1.200000000000000e-01,6.318155347572314e-03,1.136818446524277e-01
13600,1,-8.000000000000000e-02,6.288155347572314e-03,-8.628815534757231e-02
13600,2,5.500000000000000e-02,6.278162847572314e-03,4.872183715242769e-02
13600,3,4.000000000000000e-02,6.254425343822314e-03,3.374557465617769e-02
13600,4,-3.000000000000000e-02,6.220705643200125e-03,-3.622070564320012e-02
13600,5,2.500000000000000e-02,6.194519662278560e-03,1.880548033772144e-02
13600,6,2.000000000000000e-02,6.162116413833147e-03,1.383788358616685e-02
13600,7,-1.800000000000000e-02,6.124761770260402e-03,-2.412476177026040e-02
13600,8,1.500000000000000e-02,6.091972497313909e-03,8.908027502686090e-03
13600,9,1.200000000000000e-02,6.055498802913307e-03,5.944501197086693e-03
13600,10,-1.000000000000000e-02,6.016107174325110e-03,-1.601610717432511e-02
13600,11,8.999999999999999e-03,5.979314024808381e-03,3.020685975191619e-03
13600,12,8.000000000000000e-03,5.940372056452824e-03,2.059627943547176e-03
13600,13,-7.000000000000000e-03,5.899546914002334e-03,-1.289954691400233e-02
13600,14,6.000000000000000e-03,5.860604453264808e-03,1.393955467351923e-04
13600,15,5.000000000000000e-03,5.820298291139861e-03,-8.202982911398610e-04
13600,16,-4.000000000000000e-03,5.778893277122885e-03,-9.778893277122884e-03
13600,17,3.500000000000000e-03,5.738653883161977e-03,-2.238653883161977e-03
13600,18,3.000000000000000e-03,5.697710506625404e-03,-2.697710506625404e-03
13600,19,-2.500000000000000e-03,5.656201375283243e-03,-8.156201375283244e-03
13600,20,2.000000000000000e-03,5.615514412314959e-03,-3.615514412314959e-03
13600,21,1.800000000000000e-03,5.574530884161517e-03,-3.774530884161517e-03
13600,22,-1.500000000000000e-03,5.533312519530880e-03,-7.033312519530880e-03
13600,23,1.200000000000000e-03,5.492695855905711e-03,-4.292695855905711e-03
13600,24,1.000000000000000e-03,5.452012738096387e-03,-4.452012738096387e-03
13600,25,-8.000000000000000e-04,5.411323718993917e-03,-6.211323718993918e-03
13600,26,5.999999999999999e-04,5.371089006260838e-03,-4.771089006260838e-03
13600,27,5.000000000000000e-04,5.330965819160525e-03,-4.830965819160525e-03
13600,28,-4.000000000000000e-04,5.290988463573140e-03,-5.690988463573140e-03
13600,29,3.000000000000000e-04,5.251390949474865e-03,-4.951390949474865e-03
13700,0,1.200000000000000e-01,6.318155347572314e-03,1.136818446524277e-01
13700,1,-8.000000000000000e-02,6.288155347572314e-03,-8.628815534757231e-02
13700,2,5.500000000000000e-02,6.278162847572314e-03,4.872183715242769e-02
13700,3,4.000000000000000e-02,6.254425343822314e-03,3.374557465617769e-02
13700,4,-3.000000000000000e-02,6.220705643200125e-03,-3.622070564320012e-02
13700,5,2.500000000000000e-02,6.194519662278560e-03,1.880548033772144e-02
13700,6,2.000000000000000e-02,6.162116413833147e-03,1.383788358616685e-02
13700,7,-1.800000000000000e-02,6.124761770260402e-03,-2.412476177026040e-02
13700,8,1.500000000000000e-02,6.091972497313909e-03,8.908027502686090e-03
13700,9,1.200000000000000e-02,6.055498802913307e-03,5.944501197086693e-03
13700,10,-1.000000000000000e-02,6.016107174325110e-03,-1.601610717432511e-02
13700,11,8.999999999999999e-03,5.979314024808381e-03,3.020685975191619e-03
13700,12,8.000000000000000e-03,5.940372056452824e-03,2.059627943547176e-03
13700,13,-7.000000000000000e-03,5.899546914002334e-03,-1.289954691400233e-02
13700,14,6.000000000000000e-03,5.860604453264808e-03,1.393955467351923e-04
13700,15,5.000000000000000e-03,5.820298291139861e-03,-8.202982911398610e-04
13700,16,-4.000000000000000e-03,5.778893277122885e-03,-9.778893277122884e-03
13700,17,3.500000000000000e-03,5.738653883161977e-03,-2.238653883161977e-03
13700,18,3.000000000000000e-03,5.697710506625404e-03,-2.697710506625404e-03
13700,19,-2.500000000000000e-03,5.656201375283243e-03,-8.156201375283244e-03
13700,20,2.000000000000000e-03,5.615514412314959e-03,-3.615514412314959e-03
13700,21,1.800000000000000e-03,5.574530884161517e-03,-3.774530884161517e-03
13700,22,-1.500000000000000e-03,5.533312519530880e-03,-7.033312519530880e-03
13700,23,1.200000000000000e-03,5.492695855905711e-03,-4.292695855905711e-03
13700,24,1.000000000000000e-03,5.452012738096387e-03,-4.452012738096387e-03
13700,25,-8.000000000000000e-04,5.411323718993917e-03,-6.211323718993918e-03
13700,26,5.999999999999999e-04,5.371089006260838e-03,-4.771089006260838e-03
13700,27,5.000000000000000e-04,5.330965819160525e-03,-4.830965819160525e-03
13700,28,-4.000000000000000e-04,5.290988463573140e-03,-5.690988463573140e-03
13700,29,3.000000000000000e-04,5.251390949474865e-03,-4.951390949474865e-03
13800,0,1.200000000000000e-01,6.318155347572314e-03,1.136818446524277e-01
13800,1,-8.000000000000000e-02,6.288155347572314e-03,-8.628815534757231e-02
13800,2,5.500000000000000e-02,6.278162847572314e-03,4.872183715242769e-02
13800,3,4.000000000000000e-02,6.254425343822314e-03,3.374557465617769e-02
13800,4,-3.000000000000000e-02,6.220705643200125e-03,-3.622070564320012e-02
13800,5,2.500000000000000e-02,6.194519662278560e-03,1.880548033772144e-02
13800,6,2.000000000000000e-02,6.162116413833147e-03,1.383788358616685e-02
13800,7,-1.800000000000000e-02,6.124761770260402e-03,-2.412476177026040e-02
13800,8,1.500000000000000e-02,6.091972497313909e-03,8.908027502686090e-03
13800,9,1.200000000000000e-02,6.055498802913307e-03,5.944501197086693e-03
13800,10,-1.000000000000000e-02,6.016107174325110e-03,-1.601610717432511e-02
13800,11,8.999999999999999e-03,5.979314024808381e-03,3.020685975191619e-03
13800,12,8.000000000000000e-03,5.940372056452824e-03,2.059627943547176e-03
13800,13,-7.000000000000000e-03,5.899546914002334e-03,-1.289954691400233e-02
13800,14,6.000000000000000e-03,5.860604453264808e-03,1.393955467351923e-04
13800,15,5.000000000000000e-03,5.820298291139861e-03,-8.202982911398610e-04
13800,16,-4.000000000000000e-03,5.778893277122885e-03,-9.778893277122884e-03
13800,17,3.500000000000000e-03,5.738653883161977e-03,-2.238653883161977e-03
13800,18,3.000000000000000e-03,5.697710506625404e-03,-2.697710506625404e-03
13800,19,-2.500000000000000e-03,5.656201375283243e-03,-8.156201375283244e-03
13800,20,2.000000000000000e-03,5.615514412314959e-03,-3.615514412314959e-03
13800,21,1.800000000000000e-03,5.574530884161517e-03,-3.774530884161517e-03
13800,22,-1.500000000000000e-03,5.533312519530880e-03,-7.033312519530880e-03
13800,23,1.200000000000000e-03,5.492695855905711e-03,-4.292695855905711e-03
13800,24,1.000000000000000e-03,5.452012738096387e-03,-4.452012738096387e-03
13800,25,-8.000000000000000e-04,5.411323718993917e-03,-6.211323718993918e-03
13800,26,5.999999999999999e-04,5.371089006260838e-03,-4.771089006260838e-03
13800,27,5.000000000000000e-04,5.330965819160525e-03,-4.830965819160525e-03
13800,28,-4.000000000000000e-04,5.290988463573140e-03,-5.690988463573140e-03
13800,29,3.000000000000000e-04,5.251390949474865e-03,-4.951390949474865e-03
13900,0,1.200000000000000e-01,6.318155347572314e-03,1.136818446524277e-01
13900,1,-8.000000000000000e-02,6.288155347572314e-03,-8.628815534757231e-02
13900,2,5.500000000000000e-02,6.278162847572314e-03,4.872183715242769e-02
13900,3,4.000000000000000e-02,6.254425343822314e-03,3.374557465617769e-02
13900,4,-3.000000000000000e-02,6.220705643200125e-03,-3.622070564320012e-02
13900,5,2.500000000000000e-02,6.194519662278560e-03,1.880548033772144e-02
13900,6,2.000000000000000e-02,6.162116413833147e-03,1.383788358616685e-02
13900,7,-1.800000000000000e-02,6.124761770260402e-03,-2.412476177026040e-02
13900,8,1.500000000000000e-02,6.091972497313909e-03,8.908027502686090e-03
13900,9,1.200000000000000e-02,6.055498802913307e-03,5.944501197086693e-03
13900,10,-1.000000000000000e-02,6.016107174325110e-03,-1.601610717432511e-02
13900,11,8.999999999999999e-03,5.979314024808381e-03,3.020685975191619e-03
13900,12,8.000000000000000e-03,5.940372056452824e-03,2.059627943547176e-03
13900,13,-7.000000000000000e-03,5.899546914002334e-03,-1.289954691400233e-02
13900,14,6.000000000000000e-03,5.860604453264808e-03,1.393955467351923e-04
13900,15,5.000000000000000e-03,5.820298291139861e-03,-8.202982911398610e-04
13900,16,-4.000000000000000e-03,5.778893277122885e-03,-9.778893277122884e-03
13900,17,3.500000000000000e-03,5.738653883161977e-03,-2.238653883161977e-03
13900,18,3.000000000000000e-03,5.697710506625404e-03,-2.697710506625404e-03
13900,19,-2.500000000000000e-03,5.656201375283243e-03,-8.156201375283244e-03
13900,20,2.000000000000000e-03,5.615514412314959e-03,-3.615514412314959e-03
13900,21,1.800000000000000e-03,5.574530884161517e-03,-3.774530884161517e-03
13900,22,-1.500000000000000e-03,5.533312519530880e-03,-7.033312519530880e-03
13900,23,1.200000000000000e-03,5.492695855905711e-03,-4.292695855905711e-03
13900,24,1.000000000000000e-03,5.452012738096387e-03,-4.452012738096387e-03
13900,25,-8.000000000000000e-04,5.411323718993917e-03,-6.211323718993918e-03
13900,26,5.999999999999999e-04,5.371089006260838e-03,-4.771089006260838e-03
13900,27,5.000000000000000e-04,5.330965819160525e-03,-4.830965819160525e-03
13900,28,-4.000000000000000e-04,5.290988463573140e-03,-5.690988463573140e-03
13900,29,3.000000000000000e-04,5.251390949474865e-03,-4.951390949474865e-03
14000,0,1.200000000000000e-01,6.318155347572314e-03,1.136818446524277e-01
14000,1,-8.000000000000000e-02,6.288155347572314e-03,-8.628815534757231e-02
14000,2,5.500000000000000e-02,6.278162847572314e-03,4.872183715242769e-02
14000,3,4.000000000000000e-02,6.254425343822314e-03,3.374557465617769e-02
14000,4,-3.000000000000000e-02,6.220705643200125e-03,-3.622070564320012e-02
14000,5,2.500000000000000e-02,6.194519662278560e-03,1.880548033772144e-02
14000,6,2.000000000000000e-02,6.162116413833147e-03,1.383788358616685e-02
14000,7,-1.800000000000000e-02,6.124761770260402e-03,-2.412476177026040e-02
14000,8,1.500000000000000e-02,6.091972497313909e-03,8.908027502686090e-03
14000,9,1.200000000000000e-02,6.055498802913307e-03,5.944501197086693e-03
14000,10,-1.000000000000000e-02,6.016107174325110e-03,-1.601610717432511e-02
14000,11,8.999999999999999e-03,5.979314024808381e-03,3.020685975191619e-03
14000,12,8.000000000000000e-03,5.940372056452824e-03,2.059627943547176e-03
14000,13,-7.000000000000000e-03,5.899546914002334e-03,-1.289954691400233e-02
14000,14,6.000000000000000e-03,5.860604453264808e-03,1.393955467351923e-04
14000,15,5.000000000000000e-03,5.820298291139861e-03,-8.202982911398610e-04
14000,16,-4.000000000000000e-03,5.778893277122885e-03,-9.778893277122884e-03
14000,17,3.500000000000000e-03,5.738653883161977e-03,-2.238653883161977e-03
14000,18,3.000000000000000e-03,5.697710506625404e-03,-2.697710506625404e-03
14000,19,-2.500000000000000e-03,5.656201375283243e-03,-8.156201375283244e-03
14000,20,2.000000000000000e-03,5.615514412314959e-03,-3.615514412314959e-03
14000,21,1.800000000000000e-03,5.574530884161517e-03,-3.774530884161517e-03
14000,22,-1.500000000000000e-03,5.533312519530880e-03,-7.033312519530880e-03
14000,23,1.200000000000000e-03,5.492695855905711e-03,-4.292695855905711e-03
14000,24,1.000000000000000e-03,5.452012738096387e-03,-4.452012738096387e-03
14000,25,-8.000000000000000e-04,5.411323718993917e-03,-6.211323718993918e-03
14000,26,5.999999999999999e-04,5.371089006260838e-03,-4.771089006260838e-03
14000,27,5.000000000000000e-04,5.330965819160525e-03,-4.830965819160525e-03
14000,28,-4.000000000000000e-04,5.290988463573140e-03,-5.690988463573140e-03
14000,29,3.000000000000000e-04,5.251390949474865e-03,-4.951390949474865e-03
14100,0,1.200000000000000e-01,6.318155347572314e-03,1.136818446524277e-01
14100,1,-8.000000000000000e-02,6.288155347572314e-03,-8.628815534757231e-02
14100,2,5.500000000000000e-02,6.278162847572314e-03,4.872183715242769e-02
14100,3,4.000000000000000e-02,6.254425343822314e-03,3.374557465617769e-02
14100,4,-3.000000000000000e-02,6.220705643200125e-03,-3.622070564320012e-02
14100,5,2.500000000000000e-02,6.194519662278560e-03,1.880548033772144e-02
14100,6,2.000000000000000e-02,6.162116413833147e-03,1.383788358616685e-02
14100,7,-1.800000000000000e-02,6.124761770260402e-03,-2.412476177026040e-02
14100,8,1.500000000000000e-02,6.091972497313909e-03,8.908027502686090e-03
14100,9,1.200000000000000e-02,6.055498802913307e-03,5.944501197086693e-03
14100,10,-1.000000000000000e-02,6.016107174325110e-03,-1.601610717432511e-02
14100,11,8.999999999999999e-03,5.979314024808381e-03,3.020685975191619e-03
14100,12,8.000000000000000e-03,5.940372056452824e-03,2.059627943547176e-03
14100,13,-7.000000000000000e-03,5.899546914002334e-03,-1.289954691400233e-02
14100,14,6.000000000000000e-03,5.860604453264808e-03,1.393955467351923e-04
14100,15,5.000000000000000e-03,5.820298291139861e-03,-8.202982911398610e-04
14100,16,-4.000000000000000e-03,5.778893277122885e-03,-9.778893277122884e-03
14100,17,3.500000000000000e-03,5.738653883161977e-03,-2.238653883161977e-03
14100,18,3.000000000000000e-03,5.697710506625404e-03,-2.697710506625404e-03
14100,19,-2.500000000000000e-03,5.656201375283243e-03,-8.156201375283244e-03
14100,20,2.000000000000000e-03,5.615514412314959e-03,-3.615514412314959e-03
14100,21,1.800000000000000e-03,5.574530884161517e-03,-3.774530884161517e-03
14100,22,-1.500000000000000e-03,5.533312519530880e-03,-7.033312519530880e-03
14100,23,1.200000000000000e-03,5.492695855905711e-03,-4.292695855905711e-03
14100,24,1.000000000000000e-03,5.452012738096387e-03,-4.452012738096387e-03
14100,25,-8.000000000000000e-04,5.411323718993917e-03,-6.211323718993918e-03
14100,26,5.999999999999999e-04,5.371089006260838e-03,-4.771089006260838e-03
14100,27,5.000000000000000e-04,5.330965819160525e-03,-4.830965819160525e-03
14100,28,-4.000000000000000e-04,5.290988463573140e-03,-5.690988463573140e-03
14100,29,3.000000000000000e-04,5.251390949474865e-03,-4.951390949474865e-03
14200,0,1.200000000000000e-01,6.318155347572314e-03,1.136818446524277e-01
14200,1,-8.000000000000000e-02,6.288155347572314e-03,-8.628815534757231e-02
14200,2,5.500000000000000e-02,6.278162847572314e-03,4.872183715242769e-02
14200,3,4.000000000000000e-02,6.254425343822314e-03,3.374557465617769e-02
14200,4,-3.000000000000000e-02,6.220705643200125e-03,-3.622070564320012e-02
14200,5,2.500000000000000e-02,6.194519662278560e-03,1.880548033772144e-02
14200,6,2.000000000000000e-02,6.162116413833147e-03,1.383788358616685e-02
14200,7,-1.800000000000000e-02,6.124761770260402e-03,-2.412476177026040e-02
14200,8,1.500000000000000e-02,6.091972497313909e-03,8.908027502686090e-03
14200,9,1.200000000000000e-02,6.055498802913307e-03,5.944501197086693e-03
14200,10,-1.000000000000000e-02,6.016107174325110e-03,-1.601610717432511e-02
14200,11,8.999999999999999e-03,5.979314024808381e-03,3.020685975191619e-03
14200,12,8.000000000000000e-03,5.940372056452824e-03,2.059627943547176e-03
14200,13,-7.000000000000000e-03,5.899546914002334e-03,-1.289954691400233e-02
14200,14,6.000000000000000e-03,5.860604453264808e-03,1.393955467351923e-04
14200,15,5.000000000000000e-03,5.820298291139861e-03,-8.202982911398610e-04
14200,16,-4.000000000000000e-03,5.778893277122885e-03,-9.778893277122884e-03
14200,17,3.500000000000000e-03,5.738653883161977e-03,-2.238653883161977e-03
14200,18,3.000000000000000e-03,5.697710506625404e-03,-2.697710506625404e-03
14200,19,-2.500000000000000e-03,5.656201375283243e-03,-8.156201375283244e-03
14200,20,2.000000000000000e-03,5.615514412314959e-03,-3.615514412314959e-03
14200,21,1.800000000000000e-03,5.574530884161517e-03,-3.774530884161517e-03
14200,22,-1.500000000000000e-03,5.533312519530880e-03,-7.033312519530880e-03
14200,23,1.200000000000000e-03,5.492695855905711e-03,-4.292695855905711e-03
14200,24,1.000000000000000e-03,5.452012738096387e-03,-4.452012738096387e-03
14200,25,-8.000000000000000e-04,5.411323718993917e-03,-6.211323718993918e-03
14200,26,5.999999999999999e-04,5.371089006260838e-03,-4.771089006260838e-03
14200,27,5.000000000000000e-04,5.330965819160525e-03,-4.830965819160525e-03
14200,28,-4.000000000000000e-04,5.290988463573140e-03,-5.690988463573140e-03
14200,29,3.000000000000000e-04,5.251390949474865e-03,-4.951390949474865e-03
14300,0,1.200000000000000e-01,6.318155347572314e-03,1.136818446524277e-01
14300,1,-8.000000000000000e-02,6.288155347572314e-03,-8.628815534757231e-02
14300,2,5.500000000000000e-02,6.278162847572314e-03,4.872183715242769e-02
14300,3,4.000000000000000e-02,6.254425343822314e-03,3.374557465617769e-02
14300,4,-3.000000000000000e-02,6.220705643200125e-03,-3.622070564320012e-02
14300,5,2.500000000000000e-02,6.194519662278560e-03,1.880548033772144e-02
14300,6,2.000000000000000e-02,6.162116413833147e-03,1.383788358616685e-02
14300,7,-1.800000000000000e-02,6.124761770260402e-03,-2.412476177026040e-02
14300,8,1.500000000000000e-02,6.091972497313909e-03,8.908027502686090e-03
14300,9,1.200000000000000e-02,6.055498802913307e-03,5.944501197086693e-03
14300,10,-1.000000000000000e-02,6.016107174325110e-03,-1.601610717432511e-02
14300,11,8.999999999999999e-03,5.979314024808381e-03,3.020685975191619e-03
14300,12,8.000000000000000e-03,5.940372056452824e-03,2.059627943547176e-03
14300,13,-7.000000000000000e-03,5.899546914002334e-03,-1.289954691400233e-02
14300,14,6.000000000000000e-03,5.860604453264808e-03,1.393955467351923e-04
14300,15,5.000000000000000e-03,5.820298291139861e-03,-8.202982911398610e-04
14300,16,-4.000000000000000e-03,5.778893277122885e-03,-9.778893277122884e-03
14300,17,3.500000000000000e-03,5.738653883161977e-03,-2.238653883161977e-03
14300,18,3.000000000000000e-03,5.697710506625404e-03,-2.697710506625404e-03
14300,19,-2.500000000000000e-03,5.656201375283243e-03,-8.156201375283244e-03
14300,20,2.000000000000000e-03,5.615514412314959e-03,-3.615514412314959e-03
14300,21,1.800000000000000e-03,5.574530884161517e-03,-3.774530884161517e-03
14300,22,-1.500000000000000e-03,5.533312519530880e-03,-7.033312519530880e-03
14300,23,1.200000000000000e-03,5.492695855905711e-03,-4.292695855905711e-03
14300,24,1.000000000000000e-03,5.452012738096387e-03,-4.452012738096387e-03
14300,25,-8.000000000000000e-04,5.411323718993917e-03,-6.211323718993918e-03
14300,26,5.999999999999999e-04,5.371089006260838e-03,-4.771089006260838e-03
14300,27,5.000000000000000e-04,5.330965819160525e-03,-4.830965819160525e-03
14300,28,-4.000000000000000e-04,5.290988463573140e-03,-5.690988463573140e-03
14300,29,3.000000000000000e-04,5.251390949474865e-03,-4.951390949474865e-03
14400,0,1.200000000000000e-01,6.318155347572314e-03,1.136818446524277e-01
14400,1,-8.000000000000000e-02,6.288155347572314e-03,-8.628815534757231e-02
14400,2,5.500000000000000e-02,6.278162847572314e-03,4.872183715242769e-02
14400,3,4.000000000000000e-02,6.254425343822314e-03,3.374557465617769e-02
14400,4,-3.000000000000000e-02,6.220705643200125e-03,-3.622070564320012e-02
14400,5,2.500000000000000e-02,6.194519662278560e-03,1.880548033772144e-02
14400,6,2.000000000000000e-02,6.162116413833147e-03,1.383788358616685e-02
14400,7,-1.800000000000000e-02,6.124761770260402e-03,-2.412476177026040e-02
14400,8,1.500000000000000e-02,6.091972497313909e-03,8.908027502686090e-03
14400,9,1.200000000000000e-02,6.055498802913307e-03,5.944501197086693e-03
14400,10,-1.000000000000000e-02,6.016107174325110e-03,-1.601610717432511e-02
14400,11,8.999999999999999e-03,5.979314024808381e-03,3.020685975191619e-03
14400,12,8.000000000000000e-03,5.940372056452824e-03,2.059627943547176e-03
14400,13,-7.000000000000000e-03,5.899546914002334e-03,-1.289954691400233e-02
14400,14,6.000000000000000e-03,5.860604453264808e-03,1.393955467351923e-04
14400,15,5.000000000000000e-03,5.820298291139861e-03,-8.202982911398610e-04
14400,16,-4.000000000000000e-03,5.778893277122885e-03,-9.778893277122884e-03
14400,17,3.500000000000000e-03,5.738653883161977e-03,-2.238653883161977e-03
14400,18,3.000000000000000e-03,5.697710506625404e-03,-2.697710506625404e-03
14400,19,-2.500000000000000e-03,5.656201375283243e-03,-8.156201375283244e-03
14400,20,2.000000000000000e-03,5.615514412314959e-03,-3.615514412314959e-03
14400,21,1.800000000000000e-03,5.574530884161517e-03,-3.774530884161517e-03
14400,22,-1.500000000000000e-03,5.533312519530880e-03,-7.033312519530880e-03
14400,23,1.200000000000000e-03,5.492695855905711e-03,-4.292695855905711e-03
14400,24,1.000000000000000e-03,5.452012738096387e-03,-4.452012738096387e-03
14400,25,-8.000000000000000e-04,5.411323718993917e-03,-6.211323718993918e-03
14400,26,5.999999999999999e-04,5.371089006260838e-03,-4.771089006260838e-03
14400,27,5.000000000000000e-04,5.330965819160525e-03,-4.830965819160525e-03
14400,28,-4.000000000000000e-04,5.290988463573140e-03,-5.690988463573140e-03
14400,29,3.000000000000000e-04,5.251390949474865e-03,-4.951390949474865e-03
14500,0,1.200000000000000e-01,6.318155347572314e-03,1.136818446524277e-01
14500,1,-8.000000000000000e-02,6.288155347572314e-03,-8.628815534757231e-02
14500,2,5.500000000000000e-02,6.278162847572314e-03,4.872183715242769e-02
14500,3,4.000000000000000e-02,6.254425343822314e-03,3.374557465617769e-02
14500,4,-3.000000000000000e-02,6.220705643200125e-03,-3.622070564320012e-02
14500,5,2.500000000000000e-02,6.194519662278560e-03,1.880548033772144e-02
14500,6,2.000000000000000e-02,6.162116413833147e-03,1.383788358616685e-02
14500,7,-1.800000000000000e-02,6.124761770260402e-03,-2.412476177026040e-02
14500,8,1.500000000000000e-02,6.091972497313909e-03,8.908027502686090e-03
14500,9,1.200000000000000e-02,6.055498802913307e-03,5.944501197086693e-03
14500,10,-1.000000000000000e-02,6.016107174325110e-03,-1.601610717432511e-02
14500,11,8.999999999999999e-03,5.979314024808381e-03,3.020685975191619e-03
14500,12,8.000000000000000e-03,5.940372056452824e-03,2.059627943547176e-03
14500,13,-7.000000000000000e-03,5.899546914002334e-03,-1.289954691400233e-02
14500,14,6.000000000000000e-03,5.860604453264808e-03,1.393955467351923e-04
14500,15,5.000000000000000e-03,5.820298291139861e-03,-8.202982911398610e-04
14500,16,-4.000000000000000e-03,5.778893277122885e-03,-9.778893277122884e-03
14500,17,3.500000000000000e-03,5.738653883161977e-03,-2.238653883161977e-03
14500,18,3.000000000000000e-03,5.697710506625404e-03,-2.697710506625404e-03
14500,19,-2.500000000000000e-03,5.656201375283243e-03,-8.156201375283244e-03
14500,20,2.000000000000000e-03,5.615514412314959e-03,-3.615514412314959e-03
14500,21,1.800000000000000e-03,5.574530884161517e-03,-3.774530884161517e-03
14500,22,-1.500000000000000e-03,5.533312519530880e-03,-7.033312519530880e-03
14500,23,1.200000000000000e-03,5.492695855905711e-03,-4.292695855905711e-03
14500,24,1.000000000000000e-03,5.452012738096387e-03,-4.452012738096387e-03
14500,25,-8.000000000000000e-04,5.411323718993917e-03,-6.211323718993918e-03
14500,26,5.999999999999999e-04,5.371089006260838e-03,-4.771089006260838e-03
14500,27,5.000000000000000e-04,5.330965819160525e-03,-4.830965819160525e-03
14500,28,-4.000000000000000e-04,5.290988463573140e-03,-5.690988463573140e-03
14500,29,3.000000000000000e-04,5.251390949474865e-03,-4.951390949474865e-03
14600,0,1.200000000000000e-01,6.318155347572314e-03,1.136818446524277e-01
14600,1,-8.000000000000000e-02,6.288155347572314e-03,-8.628815534757231e-02
14600,2,5.500000000000000e-02,6.278162847572314e-03,4.872183715242769e-02
14600,3,4.000000000000000e-02,6.254425343822314e-03,3.374557465617769e-02
14600,4,-3.000000000000000e-02,6.220705643200125e-03,-3.622070564320012e-02
14600,5,2.500000000000000e-02,6.194519662278560e-03,1.880548033772144e-02
14600,6,2.000000000000000e-02,6.162116413833147e-03,1.383788358616685e-02
14600,7,-1.800000000000000e-02,6.124761770260402e-03,-2.412476177026040e-02
14600,8,1.500000000000000e-02,6.091972497313909e-03,8.908027502686090e-03
14600,9,1.200000000000000e-02,6.055498802913307e-03,5.944501197086693e-03
14600,10,-1.000000000000000e-02,6.016107174325110e-03,-1.601610717432511e-02
14600,11,8.999999999999999e-03,5.979314024808381e-03,3.020685975191619e-03
14600,12,8.000000000000000e-03,5.940372056452824e-03,2.059627943547176e-03
14600,13,-7.000000000000000e-03,5.899546914002334e-03,-1.289954691400233e-02
14600,14,6.000000000000000e-03,5.860604453264808e-03,1.393955467351923e-04
14600,15,5.000000000000000e-03,5.820298291139861e-03,-8.202982911398610e-04
14600,16,-4.000000000000000e-03,5.778893277122885e-03,-9.778893277122884e-03
14600,17,3.500000000000000e-03,5.738653883161977e-03,-2.238653883161977e-03
14600,18,3.000000000000000e-03,5.697710506625404e-03,-2.697710506625404e-03
14600,19,-2.500000000000000e-03,5.656201375283243e-03,-8.156201375283244e-03
14600,20,2.000000000000000e-03,5.615514412314959e-03,-3.615514412314959e-03
14600,21,1.800000000000000e-03,5.574530884161517e-03,-3.774530884161517e-03
14600,22,-1.500000000000000e-03,5.533312519530880e-03,-7.033312519530880e-03
14600,23,1.200000000000000e-03,5.492695855905711e-03,-4.292695855905711e-03
14600,24,1.000000000000000e-03,5.452012738096387e-03,-4.452012738096387e-03
14600,25,-8.000000000000000e-04,5.411323718993917e-03,-6.211323718993918e-03
14600,26,5.999999999999999e-04,5.371089006260838e-03,-4.771089006260838e-03
14600,27,5.000000000000000e-04,5.330965819160525e-03,-4.830965819160525e-03
14600,28,-4.000000000000000e-04,5.290988463573140e-03,-5.690988463573140e-03
14600,29,3.000000000000000e-04,5.251390949474865e-03,-4.951390949474865e-03
14700,0,1.200000000000000e-01,6.318155347572314e-03,1.136818446524277e-01
14700,1,-8.000000000000000e-02,6.288155347572314e-03,-8.628815534757231e-02
14700,2,5.500000000000000e-02,6.278162847572314e-03,4.872183715242769e-02
14700,3,4.000000000000000e-02,6.254425343822314e-03,3.374557465617769e-02
14700,4,-3.000000000000000e-02,6.220705643200125e-03,-3.622070564320012e-02
14700,5,2.500000000000000e-02,6.194519662278560e-03,1.880548033772144e-02
14700,6,2.000000000000000e-02,6.162116413833147e-03,1.383788358616685e-02
14700,7,-1.800000000000000e-02,6.124761770260402e-03,-2.412476177026040e-02
14700,8,1.500000000000000e-02,6.091972497313909e-03,8.908027502686090e-03
14700,9,1.200000000000000e-02,6.055498802913307e-03,5.944501197086693e-03
14700,10,-1.000000000000000e-02,6.016107174325110e-03,-1.601610717432511e-02
14700,11,8.999999999999999e-03,5.979314024808381e-03,3.020685975191619e-03
14700,12,8.000000000000000e-03,5.940372056452824e-03,2.059627943547176e-03
14700,13,-7.000000000000000e-03,5.899546914002334e-03,-1.289954691400233e-02
14700,14,6.000000000000000e-03,5.860604453264808e-03,1.393955467351923e-04
14700,15,5.000000000000000e-03,5.820298291139861e-03,-8.202982911398610e-04
14700,16,-4.000000000000000e-03,5.778893277122885e-03,-9.778893277122884e-03
14700,17,3.500000000000000e-03,5.738653883161977e-03,-2.238653883161977e-03
14700,18,3.000000000000000e-03,5.697710506625404e-03,-2.697710506625404e-03
14700,19,-2.500000000000000e-03,5.656201375283243e-03,-8.156201375283244e-03
14700,20,2.000000000000000e-03,5.615514412314959e-03,-3.615514412314959e-03
14700,21,1.800000000000000e-03,5.574530884161517e-03,-3.774530884161517e-03
14700,22,-1.500000000000000e-03,5.533312519530880e-03,-7.033312519530880e-03
14700,23,1.200000000000000e-03,5.492695855905711e-03,-4.292695855905711e-03
14700,24,1.000000000000000e-03,5.452012738096387e-03,-4.452012738096387e-03
14700,25,-8.000000000000000e-04,5.411323718993917e-03,-6.211323718993918e-03
14700,26,5.999999999999999e-04,5.371089006260838e-03,-4.771089006260838e-03
14700,27,5.000000000000000e-04,5.330965819160525e-03,-4.830965819160525e-03
14700,28,-4.000000000000000e-04,5.290988463573140e-03,-5.690988463573140e-03
14700,29,3.000000000000000e-04,5.251390949474865e-03,-4.951390949474865e-03
14800,0,1.200000000000000e-01,6.318155347572314e-03,1.136818446524277e-01
14800,1,-8.000000000000000e-02,6.288155347572314e-03,-8.628815534757231e-02
14800,2,5.500000000000000e-02,6.278162847572314e-03,4.872183715242769e-02
14800,3,4.000000000000000e-02,6.254425343822314e-03,3.374557465617769e-02
14800,4,-3.000000000000000e-02,6.220705643200125e-03,-3.622070564320012e-02
14800,5,2.500000000000000e-02,6.194519662278560e-03,1.880548033772144e-02
14800,6,2.000000000000000e-02,6.162116413833147e-03,1.383788358616685e-02
14800,7,-1.800000000000000e-02,6.124761770260402e-03,-2.412476177026040e-02
14800,8,1.500000000000000e-02,6.091972497313909e-03,8.908027502686090e-03
14800,9,1.200000000000000e-02,6.055498802913307e-03,5.944501197086693e-03
14800,10,-1.000000000000000e-02,6.016107174325110e-03,-1.601610717432511e-02
14800,11,8.999999999999999e-03,5.979314024808381e-03,3.020685975191619e-03
14800,12,8.000000000000000e-03,5.940372056452824e-03,2.059627943547176e-03
14800,13,-7.000000000000000e-03,5.899546914002334e-03,-1.289954691400233e-02
14800,14,6.000000000000000e-03,5.860604453264808e-03,1.393955467351923e-04
14800,15,5.000000000000000e-03,5.820298291139861e-03,-8.202982911398610e-04
14800,16,-4.000000000000000e-03,5.778893277122885e-03,-9.778893277122884e-03
14800,17,3.500000000000000e-03,5.738653883161977e-03,-2.238653883161977e-03
14800,18,3.000000000000000e-03,5.697710506625404e-03,-2.697710506625404e-03
14800,19,-2.500000000000000e-03,5.656201375283243e-03,-8.156201375283244e-03
14800,20,2.000000000000000e-03,5.615514412314959e-03,-3.615514412314959e-03
14800,21,1.800000000000000e-03,5.574530884161517e-03,-3.774530884161517e-03
14800,22,-1.500000000000000e-03,5.533312519530880e-03,-7.033312519530880e-03
14800,23,1.200000000000000e-03,5.492695855905711e-03,-4.292695855905711e-03
14800,24,1.000000000000000e-03,5.452012738096387e-03,-4.452012738096387e-03
14800,25,-8.000000000000000e-04,5.411323718993917e-03,-6.211323718993918e-03
14800,26,5.999999999999999e-04,5.371089006260838e-03,-4.771089006260838e-03
14800,27,5.000000000000000e-04,5.330965819160525e-03,-4.830965819160525e-03
14800,28,-4.000000000000000e-04,5.290988463573140e-03,-5.690988463573140e-03
14800,29,3.000000000000000e-04,5.251390949474865e-03,-4.951390949474865e-03
14900,0,1.200000000000000e-01,6.318155347572314e-03,1.136818446524277e-01
14900,1,-8.000000000000000e-02,6.288155347572314e-03,-8.628815534757231e-02
14900,2,5.500000000000000e-02,6.278162847572314e-03,4.872183715242769e-02
14900,3,4.000000000000000e-02,6.254425343822314e-03,3.374557465617769e-02
14900,4,-3.000000000000000e-02,6.220705643200125e-03,-3.622070564320012e-02
14900,5,2.500000000000000e-02,6.194519662278560e-03,1.880548033772144e-02
14900,6,2.000000000000000e-02,6.162116413833147e-03,1.383788358616685e-02
14900,7,-1.800000000000000e-02,6.124761770260402e-03,-2.412476177026040e-02
14900,8,1.500000000000000e-02,6.091972497313909e-03,8.908027502686090e-03
14900,9,1.200000000000000e-02,6.055498802913307e-03,5.944501197086693e-03
14900,10,-1.000000000000000e-02,6.016107174325110e-03,-1.601610717432511e-02
14900,11,8.999999999999999e-03,5.979314024808381e-03,3.020685975191619e-03
14900,12,8.000000000000000e-03,5.940372056452824e-03,2.059627943547176e-03
14900,13,-7.000000000000000e-03,5.899546914002334e-03,-1.289954691400233e-02
14900,14,6.000000000000000e-03,5.860604453264808e-03,1.393955467351923e-04
14900,15,5.000000000000000e-03,5.820298291139861e-03,-8.202982911398610e-04
14900,16,-4.000000000000000e-03,5.778893277122885e-03,-9.778893277122884e-03
14900,17,3.500000000000000e-03,5.738653883161977e-03,-2.238653883161977e-03
14900,18,3.000000000000000e-03,5.697710506625404e-03,-2.697710506625404e-03
14900,19,-2.500000000000000e-03,5.656201375283243e-03,-8.156201375283244e-03
14900,20,2.000000000000000e-03,5.615514412314959e-03,-3.615514412314959e-03
14900,21,1.800000000000000e-03,5.574530884161517e-03,-3.774530884161517e-03
14900,22,-1.500000000000000e-03,5.533312519530880e-03,-7.033312519530880e-03
14900,23,1.200000000000000e-03,5.492695855905711e-03,-4.292695855905711e-03
14900,24,1.000000000000000e-03,5.452012738096387e-03,-4.452012738096387e-03
14900,25,-8.000000000000000e-04,5.411323718993917e-03,-6.211323718993918e-03
14900,26,5.999999999999999e-04,5.371089006260838e-03,-4.771089006260838e-03
14900,27,5.000000000000000e-04,5.330965819160525e-03,-4.830965819160525e-03
14900,28,-4.000000000000000e-04,5.290988463573140e-03,-5.690988463573140e-03
14900,29,3.000000000000000e-04,5.251390949474865e-03,-4.951390949474865e-03
15000,0,1.200000000000000e-01,6.318155347572314e-03,1.136818446524277e-01
15000,1,-8.000000000000000e-02,6.288155347572314e-03,-8.628815534757231e-02
15000,2,5.500000000000000e-02,6.278162847572314e-03,4.872183715242769e-02
15000,3,4.000000000000000e-02,6.254425343822314e-03,3.374557465617769e-02
15000,4,-3.000000000000000e-02,6.220705643200125e-03,-3.622070564320012e-02
15000,5,2.500000000000000e-02,6.194519662278560e-03,1.880548033772144e-02
15000,6,2.000000000000000e-02,6.162116413833147e-03,1.383788358616685e-02
15000,7,-1.800000000000000e-02,6.124761770260402e-03,-2.412476177026040e-02
15000,8,1.500000000000000e-02,6.091972497313909e-03,8.908027502686090e-03
15000,9,1.200000000000000e-02,6.055498802913307e-03,5.944501197086693e-03
15000,10,-1.000000000000000e-02,6.016107174325110e-03,-1.601610717432511e-02
15000,11,8.999999999999999e-03,5.979314024808381e-03,3.020685975191619e-03
15000,12,8.000000000000000e-03,5.940372056452824e-03,2.059627943547176e-03
15000,13,-7.000000000000000e-03,5.899546914002334e-03,-1.289954691400233e-02
15000,14,6.000000000000000e-03,5.860604453264808e-03,1.393955467351923e-04
15000,15,5.000000000000000e-03,5.820298291139861e-03,-8.202982911398610e-04
15000,16,-4.000000000000000e-03,5.778893277122885e-03,-9.778893277122884e-03
15000,17,3.500000000000000e-03,5.738653883161977e-03,-2.238653883161977e-03
15000,18,3.000000000000000e-03,5.697710506625404e-03,-2.697710506625404e-03
15000,19,-2.500000000000000e-03,5.656201375283243e-03,-8.156201375283244e-03
15000,20,2.000000000000000e-03,5.615514412314959e-03,-3.615514412314959e-03
15000,21,1.800000000000000e-03,5.574530884161517e-03,-3.774530884161517e-03
15000,22,-1.500000000000000e-03,5.533312519530880e-03,-7.033312519530880e-03
15000,23,1.200000000000000e-03,5.492695855905711e-03,-4.292695855905711e-03
15000,24,1.000000000000000e-03,5.452012738096387e-03,-4.452012738096387e-03
15000,25,-8.000000000000000e-04,5.411323718993917e-03,-6.211323718993918e-03
15000,26,5.999999999999999e-04,5.371089006260838e-03,-4.771089006260838e-03
15000,27,5.000000000000000e-04,5.330965819160525e-03,-4.830965819160525e-03
15000,28,-4.000000000000000e-04,5.290988463573140e-03,-5.690988463573140e-03
15000,29,3.000000000000000e-04,5.251390949474865e-03,-4.951390949474865e-03
15100,0,1.200000000000000e-01,6.318155347572314e-03,1.136818446524277e-01
15100,1,-8.000000000000000e-02,6.288155347572314e-03,-8.628815534757231e-02
15100,2,5.500000000000000e-02,6.278162847572314e-03,4.872183715242769e-02
15100,3,4.000000000000000e-02,6.254425343822314e-03,3.374557465617769e-02
15100,4,-3.000000000000000e-02,6.220705643200125e-03,-3.622070564320012e-02
15100,5,2.500000000000000e-02,6.194519662278560e-03,1.880548033772144e-02
15100,6,2.000000000000000e-02,6.162116413833147e-03,1.383788358616685e-02
15100,7,-1.800000000000000e-02,6.124761770260402e-03,-2.412476177026040e-02
15100,8,1.500000000000000e-02,6.091972497313909e-03,8.908027502686090e-03
15100,9,1.200000000000000e-02,6.055498802913307e-03,5.944501197086693e-03
15100,10,-1.000000000000000e-02,6.016107174325110e-03,-1.601610717432511e-02
15100,11,8.999999999999999e-03,5.979314024808381e-03,3.020685975191619e-03
15100,12,8.000000000000000e-03,5.940372056452824e-03,2.059627943547176e-03
15100,13,-7.000000000000000e-03,5.899546914002334e-03,-1.289954691400233e-02
15100,14,6.000000000000000e-03,5.860604453264808e-03,1.393955467351923e-04
15100,15,5.000000000000000e-03,5.820298291139861e-03,-8.202982911398610e-04
15100,16,-4.000000000000000e-03,5.778893277122885e-03,-9.778893277122884e-03
15100,17,3.500000000000000e-03,5.738653883161977e-03,-2.238653883161977e-03
15100,18,3.000000000000000e-03,5.697710506625404e-03,-2.697710506625404e-03
15100,19,-2.500000000000000e-03,5.656201375283243e-03,-8.156201375283244e-03
15100,20,2.000000000000000e-03,5.615514412314959e-03,-3.615514412314959e-03
15100,21,1.800000000000000e-03,5.574530884161517e-03,-3.774530884161517e-03
15100,22,-1.500000000000000e-03,5.533312519530880e-03,-7.033312519530880e-03
15100,23,1.200000000000000e-03,5.492695855905711e-03,-4.292695855905711e-03
15100,24,1.000000000000000e-03,5.452012738096387e-03,-4.452012738096387e-03
15100,25,-8.000000000000000e-04,5.411323718993917e-03,-6.211323718993918e-03
15100,26,5.999999999999999e-04,5.371089006260838e-03,-4.771089006260838e-03
15100,27,5.000000000000000e-04,5.330965819160525e-03,-4.830965819160525e-03
15100,28,-4.000000000000000e-04,5.290988463573140e-03,-5.690988463573140e-03
15100,29,3.000000000000000e-04,5.251390949474865e-03,-4.951390949474865e-03
15200,0,1.200000000000000e-01,6.318155347572314e-03,1.136818446524277e-01
15200,1,-8.000000000000000e-02,6.288155347572314e-03,-8.628815534757231e-02
15200,2,5.500000000000000e-02,6.278162847572314e-03,4.872183715242769e-02
15200,3,4.000000000000000e-02,6.254425343822314e-03,3.374557465617769e-02
15200,4,-3.000000000000000e-02,6.220705643200125e-03,-3.622070564320012e-02
15200,5,2.500000000000000e-02,6.194519662278560e-03,1.880548033772144e-02
15200,6,2.000000000000000e-02,6.162116413833147e-03,1.383788358616685e-02
15200,7,-1.800000000000000e-02,6.124761770260402e-03,-2.412476177026040e-02
15200,8,1.500000000000000e-02,6.091972497313909e-03,8.908027502686090e-03
15200,9,1.200000000000000e-02,6.055498802913307e-03,5.944501197086693e-03
15200,10,-1.000000000000000e-02,6.016107174325110e-03,-1.601610717432511e-02
15200,11,8.999999999999999e-03,5.979314024808381e-03,3.020685975191619e-03
15200,12,8.000000000000000e-03,5.940372056452824e-03,2.059627943547176e-03
15200,13,-7.000000000000000e-03,5.899546914002334e-03,-1.289954691400233e-02
15200,14,6.000000000000000e-03,5.860604453264808e-03,1.393955467351923e-04
15200,15,5.000000000000000e-03,5.820298291139861e-03,-8.202982911398610e-04
15200,16,-4.000000000000000e-03,5.778893277122885e-03,-9.778893277122884e-03
15200,17,3.500000000000000e-03,5.738653883161977e-03,-2.238653883161977e-03
15200,18,3.000000000000000e-03,5.697710506625404e-03,-2.697710506625404e-03
15200,19,-2.500000000000000e-03,5.656201375283243e-03,-8.156201375283244e-03
15200,20,2.000000000000000e-03,5.615514412314959e-03,-3.615514412314959e-03
15200,21,1.800000000000000e-03,5.574530884161517e-03,-3.774530884161517e-03
15200,22,-1.500000000000000e-03,5.533312519530880e-03,-7.033312519530880e-03
15200,23,1.200000000000000e-03,5.492695855905711e-03,-4.292695855905711e-03
15200,24,1.000000000000000e-03,5.452012738096387e-03,-4.452012738096387e-03
15200,25,-8.000000000000000e-04,5.411323718993917e-03,-6.211323718993918e-03
15200,26,5.999999999999999e-04,5.371089006260838e-03,-4.771089006260838e-03
15200,27,5.000000000000000e-04,5.330965819160525e-03,-4.830965819160525e-03
15200,28,-4.000000000000000e-04,5.290988463573140e-03,-5.690988463573140e-03
15200,29,3.000000000000000e-04,5.251390949474865e-03,-4.951390949474865e-03
15300,0,1.200000000000000e-01,6.318155347572314e-03,1.136818446524277e-01
15300,1,-8.000000000000000e-02,6.288155347572314e-03,-8.628815534757231e-02
15300,2,5.500000000000000e-02,6.278162847572314e-03,4.872183715242769e-02
15300,3,4.000000000000000e-02,6.254425343822314e-03,3.374557465617769e-02
15300,4,-3.000000000000000e-02,6.220705643200125e-03,-3.622070564320012e-02
15300,5,2.500000000000000e-02,6.194519662278560e-03,1.880548033772144e-02
15300,6,2.000000000000000e-02,6.162116413833147e-03,1.383788358616685e-02
15300,7,-1.800000000000000e-02,6.124761770260402e-03,-2.412476177026040e-02
15300,8,1.500000000000000e-02,6.091972497313909e-03,8.908027502686090e-03
15300,9,1.200000000000000e-02,6.055498802913307e-03,5.944501197086693e-03
15300,10,-1.000000000000000e-02,6.016107174325110e-03,-1.601610717432511e-02
15300,11,8.999999999999999e-03,5.979314024808381e-03,3.020685975191619e-03
15300,12,8.000000000000000e-03,5.940372056452824e-03,2.059627943547176e-03
15300,13,-7.000000000000000e-03,5.899546914002334e-03,-1.289954691400233e-02
15300,14,6.000000000000000e-03,5.860604453264808e-03,1.393955467351923e-04
15300,15,5.000000000000000e-03,5.820298291139861e-03,-8.202982911398610e-04
15300,16,-4.000000000000000e-03,5.778893277122885e-03,-9.778893277122884e-03
15300,17,3.500000000000000e-03,5.738653883161977e-03,-2.238653883161977e-03
15300,18,3.000000000000000e-03,5.697710506625404e-03,-2.697710506625404e-03
15300,19,-2.500000000000000e-03,5.656201375283243e-03,-8.156201375283244e-03
15300,20,2.000000000000000e-03,5.615514412314959e-03,-3.615514412314959e-03
15300,21,1.800000000000000e-03,5.574530884161517e-03,-3.774530884161517e-03
15300,22,-1.500000000000000e-03,5.533312519530880e-03,-7.033312519530880e-03
15300,23,1.200000000000000e-03,5.492695855905711e-03,-4.292695855905711e-03
15300,24,1.000000000000000e-03,5.452012738096387e-03,-4.452012738096387e-03
15300,25,-8.000000000000000e-04,5.411323718993917e-03,-6.211323718993918e-03
15300,26,5.999999999999999e-04,5.371089006260838e-03,-4.771089006260838e-03
15300,27,5.000000000000000e-04,5.330965819160525e-03,-4.830965819160525e-03
15300,28,-4.000000000000000e-04,5.290988463573140e-03,-5.690988463573140e-03
15300,29,3.000000000000000e-04,5.251390949474865e-03,-4.951390949474865e-03
15400,0,1.200000000000000e-01,6.318155347572314e-03,1.136818446524277e-01
15400,1,-8.000000000000000e-02,6.288155347572314e-03,-8.628815534757231e-02
15400,2,5.500000000000000e-02,6.278162847572314e-03,4.872183715242769e-02
15400,3,4.000000000000000e-02,6.254425343822314e-03,3.374557465617769e-02
15400,4,-3.000000000000000e-02,6.220705643200125e-03,-3.622070564320012e-02
15400,5,2.500000000000000e-02,6.194519662278560e-03,1.880548033772144e-02
15400,6,2.000000000000000e-02,6.162116413833147e-03,1.383788358616685e-02
15400,7,-1.800000000000000e-02,6.124761770260402e-03,-2.412476177026040e-02
15400,8,1.500000000000000e-02,6.091972497313909e-03,8.908027502686090e-03
15400,9,1.200000000000000e-02,6.055498802913307e-03,5.944501197086693e-03
15400,10,-1.000000000000000e-02,6.016107174325110e-03,-1.601610717432511e-02
15400,11,8.999999999999999e-03,5.979314024808381e-03,3.020685975191619e-03
15400,12,8.000000000000000e-03,5.940372056452824e-03,2.059627943547176e-03
15400,13,-7.000000000000000e-03,5.899546914002334e-03,-1.289954691400233e-02
15400,14,6.000000000000000e-03,5.860604453264808e-03,1.393955467351923e-04
15400,15,5.000000000000000e-03,5.820298291139861e-03,-8.202982911398610e-04
15400,16,-4.000000000000000e-03,5.778893277122885e-03,-9.778893277122884e-03
15400,17,3.500000000000000e-03,5.738653883161977e-03,-2.238653883161977e-03
15400,18,3.000000000000000e-03,5.697710506625404e-03,-2.697710506625404e-03
15400,19,-2.500000000000000e-03,5.656201375283243e-03,-8.156201375283244e-03
15400,20,2.000000000000000e-03,5.615514412314959e-03,-3.615514412314959e-03
15400,21,1.800000000000000e-03,5.574530884161517e-03,-3.774530884161517e-03
15400,22,-1.500000000000000e-03,5.533312519530880e-03,-7.033312519530880e-03
15400,23,1.200000000000000e-03,5.492695855905711e-03,-4.292695855905711e-03
15400,24,1.000000000000000e-03,5.452012738096387e-03,-4.452012738096387e-03
15400,25,-8.000000000000000e-04,5.411323718993917e-03,-6.211323718993918e-03
15400,26,5.999999999999999e-04,5.371089006260838e-03,-4.771089006260838e-03
15400,27,5.000000000000000e-04,5.330965819160525e-03,-4.830965819160525e-03
15400,28,-4.000000000000000e-04,5.290988463573140e-03,-5.690988463573140e-03
15400,29,3.000000000000000e-04,5.251390949474865e-03,-4.951390949474865e-03
15500,0,1.200000000000000e-01,6.318155347572314e-03,1.136818446524277e-01
15500,1,-8.000000000000000e-02,6.288155347572314e-03,-8.628815534757231e-02
15500,2,5.500000000000000e-02,6.278162847572314e-03,4.872183715242769e-02
15500,3,4.000000000000000e-02,6.254425343822314e-03,3.374557465617769e-02
15500,4,-3.000000000000000e-02,6.220705643200125e-03,-3.622070564320012e-02
15500,5,2.500000000000000e-02,6.194519662278560e-03,1.880548033772144e-02
15500,6,2.000000000000000e-02,6.162116413833147e-03,1.383788358616685e-02
15500,7,-1.800000000000000e-02,6.124761770260402e-03,-2.412476177026040e-02
15500,8,1.500000000000000e-02,6.091972497313909e-03,8.908027502686090e-03
15500,9,1.200000000000000e-02,6.055498802913307e-03,5.944501197086693e-03
15500,10,-1.000000000000000e-02,6.016107174325110e-03,-1.601610717432511e-02
15500,11,8.999999999999999e-03,5.979314024808381e-03,3.020685975191619e-03
15500,12,8.000000000000000e-03,5.940372056452824e-03,2.059627943547176e-03
15500,13,-7.000000000000000e-03,5.899546914002334e-03,-1.289954691400233e-02
15500,14,6.000000000000000e-03,5.860604453264808e-03,1.393955467351923e-04
15500,15,5.000000000000000e-03,5.820298291139861e-03,-8.202982911398610e-04
15500,16,-4.000000000000000e-03,5.778893277122885e-03,-9.778893277122884e-03
15500,17,3.500000000000000e-03,5.738653883161977e-03,-2.238653883161977e-03
15500,18,3.000000000000000e-03,5.697710506625404e-03,-2.697710506625404e-03
15500,19,-2.500000000000000e-03,5.656201375283243e-03,-8.156201375283244e-03
15500,20,2.000000000000000e-03,5.615514412314959e-03,-3.615514412314959e-03
15500,21,1.800000000000000e-03,5.574530884161517e-03,-3.774530884161517e-03
15500,22,-1.500000000000000e-03,5.533312519530880e-03,-7.033312519530880e-03
15500,23,1.200000000000000e-03,5.492695855905711e-03,-4.292695855905711e-03
15500,24,1.000000000000000e-03,5.452012738096387e-03,-4.452012738096387e-03
15500,25,-8.000000000000000e-04,5.411323718993917e-03,-6.211323718993918e-03
15500,26,5.999999999999999e-04,5.371089006260838e-03,-4.771089006260838e-03
15500,27,5.000000000000000e-04,5.330965819160525e-03,-4.830965819160525e-03
15500,28,-4.000000000000000e-04,5.290988463573140e-03,-5.690988463573140e-03
15500,29,3.000000000000000e-04,5.251390949474865e-03,-4.951390949474865e-03
15600,0,1.200000000000000e-01,6.318155347572314e-03,1.136818446524277e-01
15600,1,-8.000000000000000e-02,6.288155347572314e-03,-8.628815534757231e-02
15600,2,5.500000000000000e-02,6.278162847572314e-03,4.872183715242769e-02
15600,3,4.000000000000000e-02,6.254425343822314e-03,3.374557465617769e-02
15600,4,-3.000000000000000e-02,6.220705643200125e-03,-3.622070564320012e-02
15600,5,2.500000000000000e-02,6.194519662278560e-03,1.880548033772144e-02
15600,6,2.000000000000000e-02,6.162116413833147e-03,1.383788358616685e-02
15600,7,-1.800000000000000e-02,6.124761770260402e-03,-2.412476177026040e-02
15600,8,1.500000000000000e-02,6.091972497313909e-03,8.908027502686090e-03
15600,9,1.200000000000000e-02,6.055498802913307e-03,5.944501197086693e-03
15600,10,-1.000000000000000e-02,6.016107174325110e-03,-1.601610717432511e-02
15600,11,8.999999999999999e-03,5.979314024808381e-03,3.020685975191619e-03
15600,12,8.000000000000000e-03,5.940372056452824e-03,2.059627943547176e-03
15600,13,-7.000000000000000e-03,5.899546914002334e-03,-1.289954691400233e-02
15600,14,6.000000000000000e-03,5.860604453264808e-03,1.393955467351923e-04
15600,15,5.000000000000000e-03,5.820298291139861e-03,-8.202982911398610e-04
15600,16,-4.000000000000000e-03,5.778893277122885e-03,-9.778893277122884e-03
15600,17,3.500000000000000e-03,5.738653883161977e-03,-2.238653883161977e-03
15600,18,3.000000000000000e-03,5.697710506625404e-03,-2.697710506625404e-03
15600,19,-2.500000000000000e-03,5.656201375283243e-03,-8.156201375283244e-03
15600,20,2.000000000000000e-03,5.615514412314959e-03,-3.615514412314959e-03
15600,21,1.800000000000000e-03,5.574530884161517e-03,-3.774530884161517e-03
15600,22,-1.500000000000000e-03,5.533312519530880e-03,-7.033312519530880e-03
15600,23,1.200000000000000e-03,5.492695855905711e-03,-4.292695855905711e-03
15600,24,1.000000000000000e-03,5.452012738096387e-03,-4.452012738096387e-03
15600,25,-8.000000000000000e-04,5.411323718993917e-03,-6.211323718993918e-03
15600,26,5.999999999999999e-04,5.371089006260838e-03,-4.771089006260838e-03
15600,27,5.000000000000000e-04,5.330965819160525e-03,-4.830965819160525e-03
15600,28,-4.000000000000000e-04,5.290988463573140e-03,-5.690988463573140e-03
15600,29,3.000000000000000e-04,5.251390949474865e-03,-4.951390949474865e-03
15700,0,1.200000000000000e-01,6.318155347572314e-03,1.136818446524277e-01
15700,1,-8.000000000000000e-02,6.288155347572314e-03,-8.628815534757231e-02
15700,2,5.500000000000000e-02,6.278162847572314e-03,4.872183715242769e-02
15700,3,4.000000000000000e-02,6.254425343822314e-03,3.374557465617769e-02
15700,4,-3.000000000000000e-02,6.220705643200125e-03,-3.622070564320012e-02
15700,5,2.500000000000000e-02,6.194519662278560e-03,1.880548033772144e-02
15700,6,2.000000000000000e-02,6.162116413833147e-03,1.383788358616685e-02
15700,7,-1.800000000000000e-02,6.124761770260402e-03,-2.412476177026040e-02
15700,8,1.500000000000000e-02,6.091972497313909e-03,8.908027502686090e-03
15700,9,1.200000000000000e-02,6.055498802913307e-03,5.944501197086693e-03
15700,10,-1.000000000000000e-02,6.016107174325110e-03,-1.601610717432511e-02
15700,11,8.999999999999999e-03,5.979314024808381e-03,3.020685975191619e-03
15700,12,8.000000000000000e-03,5.940372056452824e-03,2.059627943547176e-03
15700,13,-7.000000000000000e-03,5.899546914002334e-03,-1.289954691400233e-02
15700,14,6.000000000000000e-03,5.860604453264808e-03,1.393955467351923e-04
15700,15,5.000000000000000e-03,5.820298291139861e-03,-8.202982911398610e-04
15700,16,-4.000000000000000e-03,5.778893277122885e-03,-9.778893277122884e-03
15700,17,3.500000000000000e-03,5.738653883161977e-03,-2.238653883161977e-03
15700,18,3.000000000000000e-03,5.697710506625404e-03,-2.697710506625404e-03
15700,19,-2.500000000000000e-03,5.656201375283243e-03,-8.156201375283244e-03
15700,20,2.000000000000000e-03,5.615514412314959e-03,-3.615514412314959e-03
15700,21,1.800000000000000e-03,5.574530884161517e-03,-3.774530884161517e-03
15700,22,-1.500000000000000e-03,5.533312519530880e-03,-7.033312519530880e-03
15700,23,1.200000000000000e-03,5.492695855905711e-03,-4.292695855905711e-03
15700,24,1.000000000000000e-03,5.452012738096387e-03,-4.452012738096387e-03
15700,25,-8.000000000000000e-04,5.411323718993917e-03,-6.211323718993918e-03
15700,26,5.999999999999999e-04,5.371089006260838e-03,-4.771089006260838e-03
15700,27,5.000000000000000e-04,5.330965819160525e-03,-4.830965819160525e-03
15700,28,-4.000000000000000e-04,5.290988463573140e-03,-5.690988463573140e-03
15700,29,3.000000000000000e-04,5.251390949474865e-03,-4.951390949474865e-03
15800,0,1.200000000000000e-01,6.318155347572314e-03,1.136818446524277e-01
15800,1,-8.000000000000000e-02,6.288155347572314e-03,-8.628815534757231e-02
15800,2,5.500000000000000e-02,6.278162847572314e-03,4.872183715242769e-02
15800,3,4.000000000000000e-02,6.254425343822314e-03,3.374557465617769e-02
15800,4,-3.000000000000000e-02,6.220705643200125e-03,-3.622070564320012e-02
15800,5,2.500000000000000e-02,6.194519662278560e-03,1.880548033772144e-02
15800,6,2.000000000000000e-02,6.162116413833147e-03,1.383788358616685e-02
15800,7,-1.800000000000000e-02,6.124761770260402e-03,-2.412476177026040e-02
15800,8,1.500000000000000e-02,6.091972497313909e-03,8.908027502686090e-03
15800,9,1.200000000000000e-02,6.055498802913307e-03,5.944501197086693e-03
15800,10,-1.000000000000000e-02,6.016107174325110e-03,-1.601610717432511e-02
15800,11,8.999999999999999e-03,5.979314024808381e-03,3.020685975191619e-03
15800,12,8.000000000000000e-03,5.940372056452824e-03,2.059627943547176e-03
15800,13,-7.000000000000000e-03,5.899546914002334e-03,-1.289954691400233e-02
15800,14,6.000000000000000e-03,5.860604453264808e-03,1.393955467351923e-04
15800,15,5.000000000000000e-03,5.820298291139861e-03,-8.202982911398610e-04
15800,16,-4.000000000000000e-03,5.778893277122885e-03,-9.778893277122884e-03
15800,17,3.500000000000000e-03,5.738653883161977e-03,-2.238653883161977e-03
15800,18,3.000000000000000e-03,5.697710506625404e-03,-2.697710506625404e-03
15800,19,-2.500000000000000e-03,5.656201375283243e-03,-8.156201375283244e-03
15800,20,2.000000000000000e-03,5.615514412314959e-03,-3.615514412314959e-03
15800,21,1.800000000000000e-03,5.574530884161517e-03,-3.774530884161517e-03
15800,22,-1.500000000000000e-03,5.533312519530880e-03,-7.033312519530880e-03
15800,23,1.200000000000000e-03,5.492695855905711e-03,-4.292695855905711e-03
15800,24,1.000000000000000e-03,5.452012738096387e-03,-4.452012738096387e-03
15800,25,-8.000000000000000e-04,5.411323718993917e-03,-6.211323718993918e-03
15800,26,5.999999999999999e-04,5.371089006260838e-03,-4.771089006260838e-03
15800,27,5.000000000000000e-04,5.330965819160525e-03,-4.830965819160525e-03
15800,28,-4.000000000000000e-04,5.290988463573140e-03,-5.690988463573140e-03
15800,29,3.000000000000000e-04,5.251390949474865e-03,-4.951390949474865e-03
15900,0,1.200000000000000e-01,6.318155347572314e-03,1.136818446524277e-01
15900,1,-8.000000000000000e-02,6.288155347572314e-03,-8.628815534757231e-02
15900,2,5.500000000000000e-02,6.278162847572314e-03,4.872183715242769e-02
15900,3,4.000000000000000e-02,6.254425343822314e-03,3.374557465617769e-02
15900,4,-3.000000000000000e-02,6.220705643200125e-03,-3.622070564320012e-02
15900,5,2.500000000000000e-02,6.194519662278560e-03,1.880548033772144e-02
15900,6,2.000000000000000e-02,6.162116413833147e-03,1.383788358616685e-02
15900,7,-1.800000000000000e-02,6.124761770260402e-03,-2.412476177026040e-02
15900,8,1.500000000000000e-02,6.091972497313909e-03,8.908027502686090e-03
15900,9,1.200000000000000e-02,6.055498802913307e-03,5.944501197086693e-03
15900,10,-1.000000000000000e-02,6.016107174325110e-03,-1.601610717432511e-02
15900,11,8.999999999999999e-03,5.979314024808381e-03,3.020685975191619e-03
15900,12,8.000000000000000e-03,5.940372056452824e-03,2.059627943547176e-03
15900,13,-7.000000000000000e-03,5.899546914002334e-03,-1.289954691400233e-02
15900,14,6.000000000000000e-03,5.860604453264808e-03,1.393955467351923e-04
15900,15,5.000000000000000e-03,5.820298291139861e-03,-8.202982911398610e-04
15900,16,-4.000000000000000e-03,5.778893277122885e-03,-9.778893277122884e-03
15900,17,3.500000000000000e-03,5.738653883161977e-03,-2.238653883161977e-03
15900,18,3.000000000000000e-03,5.697710506625404e-03,-2.697710506625404e-03
15900,19,-2.500000000000000e-03,5.656201375283243e-03,-8.156201375283244e-03
15900,20,2.000000000000000e-03,5.615514412314959e-03,-3.615514412314959e-03
15900,21,1.800000000000000e-03,5.574530884161517e-03,-3.774530884161517e-03
15900,22,-1.500000000000000e-03,5.533312519530880e-03,-7.033312519530880e-03
15900,23,1.200000000000000e-03,5.492695855905711e-03,-4.292695855905711e-03
15900,24,1.000000000000000e-03,5.452012738096387e-03,-4.452012738096387e-03
15900,25,-8.000000000000000e-04,5.411323718993917e-03,-6.211323718993918e-03
15900,26,5.999999999999999e-04,5.371089006260838e-03,-4.771089006260838e-03
15900,27,5.000000000000000e-04,5.330965819160525e-03,-4.830965819160525e-03
15900,28,-4.000000000000000e-04,5.290988463573140e-03,-5.690988463573140e-03
15900,29,3.000000000000000e-04,5.251390949474865e-03,-4.951390949474865e-03
16000,0,1.200000000000000e-01,6.318155347572314e-03,1.136818446524277e-01
16000,1,-8.000000000000000e-02,6.288155347572314e-03,-8.628815534757231e-02
16000,2,5.500000000000000e-02,6.278162847572314e-03,4.872183715242769e-02
16000,3,4.000000000000000e-02,6.254425343822314e-03,3.374557465617769e-02
16000,4,-3.000000000000000e-02,6.220705643200125e-03,-3.622070564320012e-02
16000,5,2.500000000000000e-02,6.194519662278560e-03,1.880548033772144e-02
16000,6,2.000000000000000e-02,6.162116413833147e-03,1.383788358616685e-02
16000,7,-1.800000000000000e-02,6.124761770260402e-03,-2.412476177026040e-02
16000,8,1.500000000000000e-02,6.091972497313909e-03,8.908027502686090e-03
16000,9,1.200000000000000e-02,6.055498802913307e-03,5.944501197086693e-03
16000,10,-1.000000000000000e-02,6.016107174325110e-03,-1.601610717432511e-02
16000,11,8.999999999999999e-03,5.979314024808381e-03,3.020685975191619e-03
16000,12,8.000000000000000e-03,5.940372056452824e-03,2.059627943547176e-03
16000,13,-7.000000000000000e-03,5.899546914002334e-03,-1.289954691400233e-02
16000,14,6.000000000000000e-03,5.860604453264808e-03,1.393955467351923e-04
16000,15,5.000000000000000e-03,5.820298291139861e-03,-8.202982911398610e-04
16000,16,-4.000000000000000e-03,5.778893277122885e-03,-9.778893277122884e-03
16000,17,3.500000000000000e-03,5.738653883161977e-03,-2.238653883161977e-03
16000,18,3.000000000000000e-03,5.697710506625404e-03,-2.697710506625404e-03
16000,19,-2.500000000000000e-03,5.656201375283243e-03,-8.156201375283244e-03
16000,20,2.000000000000000e-03,5.615514412314959e-03,-3.615514412314959e-03
16000,21,1.800000000000000e-03,5.574530884161517e-03,-3.774530884161517e-03
16000,22,-1.500000000000000e-03,5.533312519530880e-03,-7.033312519530880e-03
16000,23,1.200000000000000e-03,5.492695855905711e-03,-4.292695855905711e-03
16000,24,1.000000000000000e-03,5.452012738096387e-03,-4.452012738096387e-03
16000,25,-8.000000000000000e-04,5.411323718993917e-03,-6.211323718993918e-03
16000,26,5.999999999999999e-04,5.371089006260838e-03,-4.771089006260838e-03
16000,27,5.000000000000000e-04,5.330965819160525e-03,-4.830965819160525e-03
16000,28,-4.000000000000000e-04,5.290988463573140e-03,-5.690988463573140e-03
16000,29,3.000000000000000e-04,5.251390949474865e-03,-4.951390949474865e-03
16100,0,1.200000000000000e-01,6.318155347572314e-03,1.136818446524277e-01
16100,1,-8.000000000000000e-02,6.288155347572314e-03,-8.628815534757231e-02
16100,2,5.500000000000000e-02,6.278162847572314e-03,4.872183715242769e-02
16100,3,4.000000000000000e-02,6.254425343822314e-03,3.374557465617769e-02
16100,4,-3.000000000000000e-02,6.220705643200125e-03,-3.622070564320012e-02
16100,5,2.500000000000000e-02,6.194519662278560e-03,1.880548033772144e-02
16100,6,2.000000000000000e-02,6.162116413833147e-03,1.383788358616685e-02
16100,7,-1.800000000000000e-02,6.124761770260402e-03,-2.412476177026040e-02
16100,8,1.500000000000000e-02,6.091972497313909e-03,8.908027502686090e-03
16100,9,1.200000000000000e-02,6.055498802913307e-03,5.944501197086693e-03
16100,10,-1.000000000000000e-02,6.016107174325110e-03,-1.601610717432511e-02
16100,11,8.999999999999999e-03,5.979314024808381e-03,3.020685975191619e-03
16100,12,8.000000000000000e-03,5.940372056452824e-03,2.059627943547176e-03
16100,13,-7.000000000000000e-03,5.899546914002334e-03,-1.289954691400233e-02
16100,14,6.000000000000000e-03,5.860604453264808e-03,1.393955467351923e-04
16100,15,5.000000000000000e-03,5.820298291139861e-03,-8.202982911398610e-04
16100,16,-4.000000000000000e-03,5.778893277122885e-03,-9.778893277122884e-03
16100,17,3.500000000000000e-03,5.738653883161977e-03,-2.238653883161977e-03
16100,18,3.000000000000000e-03,5.697710506625404e-03,-2.697710506625404e-03
16100,19,-2.500000000000000e-03,5.656201375283243e-03,-8.156201375283244e-03
16100,20,2.000000000000000e-03,5.615514412314959e-03,-3.615514412314959e-03
16100,21,1.800000000000000e-03,5.574530884161517e-03,-3.774530884161517e-03
16100,22,-1.500000000000000e-03,5.533312519530880e-03,-7.033312519530880e-03
16100,23,1.200000000000000e-03,5.492695855905711e-03,-4.292695855905711e-03
16100,24,1.000000000000000e-03,5.452012738096387e-03,-4.452012738096387e-03
16100,25,-8.000000000000000e-04,5.411323718993917e-03,-6.211323718993918e-03
16100,26,5.999999999999999e-04,5.371089006260838e-03,-4.771089006260838e-03
16100,27,5.000000000000000e-04,5.330965819160525e-03,-4.830965819160525e-03
16100,28,-4.000000000000000e-04,5.290988463573140e-03,-5.690988463573140e-03
16100,29,3.000000000000000e-04,5.251390949474865e-03,-4.951390949474865e-03
16200,0,1.200000000000000e-01,6.318155347572314e-03,1.136818446524277e-01
16200,1,-8.000000000000000e-02,6.288155347572314e-03,-8.628815534757231e-02
16200,2,5.500000000000000e-02,6.278162847572314e-03,4.872183715242769e-02
16200,3,4.000000000000000e-02,6.254425343822314e-03,3.374557465617769e-02
16200,4,-3.000000000000000e-02,6.220705643200125e-03,-3.622070564320012e-02
16200,5,2.500000000000000e-02,6.194519662278560e-03,1.880548033772144e-02
16200,6,2.000000000000000e-02,6.162116413833147e-03,1.383788358616685e-02
16200,7,-1.800000000000000e-02,6.124761770260402e-03,-2.412476177026040e-02
16200,8,1.500000000000000e-02,6.091972497313909e-03,8.908027502686090e-03
16200,9,1.200000000000000e-02,6.055498802913307e-03,5.944501197086693e-03
16200,10,-1.000000000000000e-02,6.016107174325110e-03,-1.601610717432511e-02
16200,11,8.999999999999999e-03,5.979314024808381e-03,3.020685975191619e-03
16200,12,8.000000000000000e-03,5.940372056452824e-03,2.059627943547176e-03
16200,13,-7.000000000000000e-03,5.899546914002334e-03,-1.289954691400233e-02
16200,14,6.000000000000000e-03,5.860604453264808e-03,1.393955467351923e-04
16200,15,5.000000000000000e-03,5.820298291139861e-03,-8.202982911398610e-04
16200,16,-4.000000000000000e-03,5.778893277122885e-03,-9.778893277122884e-03
16200,17,3.500000000000000e-03,5.738653883161977e-03,-2.238653883161977e-03
16200,18,3.000000000000000e-03,5.697710506625404e-03,-2.697710506625404e-03
16200,19,-2.500000000000000e-03,5.656201375283243e-03,-8.156201375283244e-03
16200,20,2.000000000000000e-03,5.615514412314959e-03,-3.615514412314959e-03
16200,21,1.800000000000000e-03,5.574530884161517e-03,-3.774530884161517e-03
16200,22,-1.500000000000000e-03,5.533312519530880e-03,-7.033312519530880e-03
16200,23,1.200000000000000e-03,5.492695855905711e-03,-4.292695855905711e-03
16200,24,1.000000000000000e-03,5.452012738096387e-03,-4.452012738096387e-03
16200,25,-8.000000000000000e-04,5.411323718993917e-03,-6.211323718993918e-03
16200,26,5.999999999999999e-04,5.371089006260838e-03,-4.771089006260838e-03
16200,27,5.000000000000000e-04,5.330965819160525e-03,-4.830965819160525e-03
16200,28,-4.000000000000000e-04,5.290988463573140e-03,-5.690988463573140e-03
16200,29,3.000000000000000e-04,5.251390949474865e-03,-4.951390949474865e-03
16300,0,1.200000000000000e-01,6.318155347572314e-03,1.136818446524277e-01
16300,1,-8.000000000000000e-02,6.288155347572314e-03,-8.628815534757231e-02
16300,2,5.500000000000000e-02,6.278162847572314e-03,4.872183715242769e-02
16300,3,4.000000000000000e-02,6.254425343822314e-03,3.374557465617769e-02
16300,4,-3.000000000000000e-02,6.220705643200125e-03,-3.622070564320012e-02
16300,5,2.500000000000000e-02,6.194519662278560e-03,1.880548033772144e-02
16300,6,2.000000000000000e-02,6.162116413833147e-03,1.383788358616685e-02
16300,7,-1.800000000000000e-02,6.124761770260402e-03,-2.412476177026040e-02
16300,8,1.500000000000000e-02,6.091972497313909e-03,8.908027502686090e-03
16300,9,1.200000000000000e-02,6.055498802913307e-03,5.944501197086693e-03
16300,10,-1.000000000000000e-02,6.016107174325110e-03,-1.601610717432511e-02
16300,11,8.999999999999999e-03,5.979314024808381e-03,3.020685975191619e-03
16300,12,8.000000000000000e-03,5.940372056452824e-03,2.059627943547176e-03
16300,13,-7.000000000000000e-03,5.899546914002334e-03,-1.289954691400233e-02
16300,14,6.000000000000000e-03,5.860604453264808e-03,1.393955467351923e-04
16300,15,5.000000000000000e-03,5.820298291139861e-03,-8.202982911398610e-04
16300,16,-4.000000000000000e-03,5.778893277122885e-03,-9.778893277122884e-03
16300,17,3.500000000000000e-03,5.738653883161977e-03,-2.238653883161977e-03
16300,18,3.000000000000000e-03,5.697710506625404e-03,-2.697710506625404e-03
16300,19,-2.500000000000000e-03,5.656201375283243e-03,-8.156201375283244e-03
16300,20,2.000000000000000e-03,5.615514412314959e-03,-3.615514412314959e-03
16300,21,1.800000000000000e-03,5.574530884161517e-03,-3.774530884161517e-03
16300,22,-1.500000000000000e-03,5.533312519530880e-03,-7.033312519530880e-03
16300,23,1.200000000000000e-03,5.492695855905711e-03,-4.292695855905711e-03
16300,24,1.000000000000000e-03,5.452012738096387e-03,-4.452012738096387e-03
16300,25,-8.000000000000000e-04,5.411323718993917e-03,-6.211323718993918e-03
16300,26,5.999999999999999e-04,5.371089006260838e-03,-4.771089006260838e-03
16300,27,5.000000000000000e-04,5.330965819160525e-03,-4.830965819160525e-03
16300,28,-4.000000000000000e-04,5.290988463573140e-03,-5.690988463573140e-03
16300,29,3.000000000000000e-04,5.251390949474865e-03,-4.951390949474865e-03
16400,0,1.200000000000000e-01,6.318155347572314e-03,1.136818446524277e-01
16400,1,-8.000000000000000e-02,6.288155347572314e-03,-8.628815534757231e-02
16400,2,5.500000000000000e-02,6.278162847572314e-03,4.872183715242769e-02
16400,3,4.000000000000000e-02,6.254425343822314e-03,3.374557465617769e-02
16400,4,-3.000000000000000e-02,6.220705643200125e-03,-3.622070564320012e-02
16400,5,2.500000000000000e-02,6.194519662278560e-03,1.880548033772144e-02
16400,6,2.000000000000000e-02,6.162116413833147e-03,1.383788358616685e-02
16400,7,-1.800000000000000e-02,6.124761770260402e-03,-2.412476177026040e-02
16400,8,1.500000000000000e-02,6.091972497313909e-03,8.908027502686090e-03
16400,9,1.200000000000000e-02,6.055498802913307e-03,5.944501197086693e-03
16400,10,-1.000000000000000e-02,6.016107174325110e-03,-1.601610717432511e-02
16400,11,8.999999999999999e-03,5.979314024808381e-03,3.020685975191619e-03
16400,12,8.000000000000000e-03,5.940372056452824e-03,2.059627943547176e-03
16400,13,-7.000000000000000e-03,5.899546914002334e-03,-1.289954691400233e-02
16400,14,6.000000000000000e-03,5.860604453264808e-03,1.393955467351923e-04
16400,15,5.000000000000000e-03,5.820298291139861e-03,-8.202982911398610e-04
16400,16,-4.000000000000000e-03,5.778893277122885e-03,-9.778893277122884e-03
16400,17,3.500000000000000e-03,5.738653883161977e-03,-2.238653883161977e-03
16400,18,3.000000000000000e-03,5.697710506625404e-03,-2.697710506625404e-03
16400,19,-2.500000000000000e-03,5.656201375283243e-03,-8.156201375283244e-03
16400,20,2.000000000000000e-03,5.615514412314959e-03,-3.615514412314959e-03
16400,21,1.800000000000000e-03,5.574530884161517e-03,-3.774530884161517e-03
16400,22,-1.500000000000000e-03,5.533312519530880e-03,-7.033312519530880e-03
16400,23,1.200000000000000e-03,5.492695855905711e-03,-4.292695855905711e-03
16400,24,1.000000000000000e-03,5.452012738096387e-03,-4.452012738096387e-03
16400,25,-8.000000000000000e-04,5.411323718993917e-03,-6.211323718993918e-03
16400,26,5.999999999999999e-04,5.371089006260838e-03,-4.771089006260838e-03
16400,27,5.000000000000000e-04,5.330965819160525e-03,-4.830965819160525e-03
16400,28,-4.000000000000000e-04,5.290988463573140e-03,-5.690988463573140e-03
16400,29,3.000000000000000e-04,5.251390949474865e-03,-4.951390949474865e-03
16500,0,1.200000000000000e-01,6.318155347572314e-03,1.136818446524277e-01
16500,1,-8.000000000000000e-02,6.288155347572314e-03,-8.628815534757231e-02
16500,2,5.500000000000000e-02,6.278162847572314e-03,4.872183715242769e-02
16500,3,4.000000000000000e-02,6.254425343822314e-03,3.374557465617769e-02
16500,4,-3.000000000000000e-02,6.220705643200125e-03,-3.622070564320012e-02
16500,5,2.500000000000000e-02,6.194519662278560e-03,1.880548033772144e-02
16500,6,2.000000000000000e-02,6.162116413833147e-03,1.383788358616685e-02
16500,7,-1.800000000000000e-02,6.124761770260402e-03,-2.412476177026040e-02
16500,8,1.500000000000000e-02,6.091972497313909e-03,8.908027502686090e-03
16500,9,1.200000000000000e-02,6.055498802913307e-03,5.944501197086693e-03
16500,10,-1.000000000000000e-02,6.016107174325110e-03,-1.601610717432511e-02
16500,11,8.999999999999999e-03,5.979314024808381e-03,3.020685975191619e-03
16500,12,8.000000000000000e-03,5.940372056452824e-03,2.059627943547176e-03
16500,13,-7.000000000000000e-03,5.899546914002334e-03,-1.289954691400233e-02
16500,14,6.000000000000000e-03,5.860604453264808e-03,1.393955467351923e-04
16500,15,5.000000000000000e-03,5.820298291139861e-03,-8.202982911398610e-04
16500,16,-4.000000000000000e-03,5.778893277122885e-03,-9.778893277122884e-03
16500,17,3.500000000000000e-03,5.738653883161977e-03,-2.238653883161977e-03
16500,18,3.000000000000000e-03,5.697710506625404e-03,-2.697710506625404e-03
16500,19,-2.500000000000000e-03,5.656201375283243e-03,-8.156201375283244e-03
16500,20,2.000000000000000e-03,5.615514412314959e-03,-3.615514412314959e-03
16500,21,1.800000000000000e-03,5.574530884161517e-03,-3.774530884161517e-03
16500,22,-1.500000000000000e-03,5.533312519530880e-03,-7.033312519530880e-03
16500,23,1.200000000000000e-03,5.492695855905711e-03,-4.292695855905711e-03
16500,24,1.000000000000000e-03,5.452012738096387e-03,-4.452012738096387e-03
16500,25,-8.000000000000000e-04,5.411323718993917e-03,-6.211323718993918e-03
16500,26,5.999999999999999e-04,5.371089006260838e-03,-4.771089006260838e-03
16500,27,5.000000000000000e-04,5.330965819160525e-03,-4.830965819160525e-03
16500,28,-4.000000000000000e-04,5.290988463573140e-03,-5.690988463573140e-03
16500,29,3.000000000000000e-04,5.251390949474865e-03,-4.951390949474865e-03
16600,0,1.200000000000000e-01,6.318155347572314e-03,1.136818446524277e-01
16600,1,-8.000000000000000e-02,6.288155347572314e-03,-8.628815534757231e-02
16600,2,5.500000000000000e-02,6.278162847572314e-03,4.872183715242769e-02
16600,3,4.000000000000000e-02,6.254425343822314e-03,3.374557465617769e-02
16600,4,-3.000000000000000e-02,6.220705643200125e-03,-3.622070564320012e-02
16600,5,2.500000000000000e-02,6.194519662278560e-03,1.880548033772144e-02
16600,6,2.000000000000000e-02,6.162116413833147e-03,1.383788358616685e-02
16600,7,-1.800000000000000e-02,6.124761770260402e-03,-2.412476177026040e-02
16600,8,1.500000000000000e-02,6.091972497313909e-03,8.908027502686090e-03
16600,9,1.200000000000000e-02,6.055498802913307e-03,5.944501197086693e-03
16600,10,-1.000000000000000e-02,6.016107174325110e-03,-1.601610717432511e-02
16600,11,8.999999999999999e-03,5.979314024808381e-03,3.020685975191619e-03
16600,12,8.000000000000000e-03,5.940372056452824e-03,2.059627943547176e-03
16600,13,-7.000000000000000e-03,5.899546914002334e-03,-1.289954691400233e-02
16600,14,6.000000000000000e-03,5.860604453264808e-03,1.393955467351923e-04
16600,15,5.000000000000000e-03,5.820298291139861e-03,-8.202982911398610e-04
16600,16,-4.000000000000000e-03,5.778893277122885e-03,-9.778893277122884e-03
16600,17,3.500000000000000e-03,5.738653883161977e-03,-2.238653883161977e-03
16600,18,3.000000000000000e-03,5.697710506625404e-03,-2.697710506625404e-03
16600,19,-2.500000000000000e-03,5.656201375283243e-03,-8.156201375283244e-03
16600,20,2.000000000000000e-03,5.615514412314959e-03,-3.615514412314959e-03
16600,21,1.800000000000000e-03,5.574530884161517e-03,-3.774530884161517e-03
16600,22,-1.500000000000000e-03,5.533312519530880e-03,-7.033312519530880e-03
16600,23,1.200000000000000e-03,5.492695855905711e-03,-4.292695855905711e-03
16600,24,1.000000000000000e-03,5.452012738096387e-03,-4.452012738096387e-03
16600,25,-8.000000000000000e-04,5.411323718993917e-03,-6.211323718993918e-03
16600,26,5.999999999999999e-04,5.371089006260838e-03,-4.771089006260838e-03
16600,27,5.000000000000000e-04,5.330965819160525e-03,-4.830965819160525e-03
16600,28,-4.000000000000000e-04,5.290988463573140e-03,-5.690988463573140e-03
16600,29,3.000000000000000e-04,5.251390949474865e-03,-4.951390949474865e-03
16700,0,1.200000000000000e-01,6.318155347572314e-03,1.136818446524277e-01
16700,1,-8.000000000000000e-02,6.288155347572314e-03,-8.628815534757231e-02
16700,2,5.500000000000000e-02,6.278162847572314e-03,4.872183715242769e-02
16700,3,4.000000000000000e-02,6.254425343822314e-03,3.374557465617769e-02
16700,4,-3.000000000000000e-02,6.220705643200125e-03,-3.622070564320012e-02
16700,5,2.500000000000000e-02,6.194519662278560e-03,1.880548033772144e-02
16700,6,2.000000000000000e-02,6.162116413833147e-03,1.383788358616685e-02
16700,7,-1.800000000000000e-02,6.124761770260402e-03,-2.412476177026040e-02
16700,8,1.500000000000000e-02,6.091972497313909e-03,8.908027502686090e-03
16700,9,1.200000000000000e-02,6.055498802913307e-03,5.944501197086693e-03
16700,10,-1.000000000000000e-02,6.016107174325110e-03,-1.601610717432511e-02
16700,11,8.999999999999999e-03,5.979314024808381e-03,3.020685975191619e-03
16700,12,8.000000000000000e-03,5.940372056452824e-03,2.059627943547176e-03
16700,13,-7.000000000000000e-03,5.899546914002334e-03,-1.289954691400233e-02
16700,14,6.000000000000000e-03,5.860604453264808e-03,1.393955467351923e-04
16700,15,5.000000000000000e-03,5.820298291139861e-03,-8.202982911398610e-04
16700,16,-4.000000000000000e-03,5.778893277122885e-03,-9.778893277122884e-03
16700,17,3.500000000000000e-03,5.738653883161977e-03,-2.238653883161977e-03
16700,18,3.000000000000000e-03,5.697710506625404e-03,-2.697710506625404e-03
16700,19,-2.500000000000000e-03,5.656201375283243e-03,-8.156201375283244e-03
16700,20,2.000000000000000e-03,5.615514412314959e-03,-3.615514412314959e-03
16700,21,1.800000000000000e-03,5.574530884161517e-03,-3.774530884161517e-03
16700,22,-1.500000000000000e-03,5.533312519530880e-03,-7.033312519530880e-03
16700,23,1.200000000000000e-03,5.492695855905711e-03,-4.292695855905711e-03
16700,24,1.000000000000000e-03,5.452012738096387e-03,-4.452012738096387e-03
16700,25,-8.000000000000000e-04,5.411323718993917e-03,-6.211323718993918e-03
16700,26,5.999999999999999e-04,5.371089006260838e-03,-4.771089006260838e-03
16700,27,5.000000000000000e-04,5.330965819160525e-03,-4.830965819160525e-03
16700,28,-4.000000000000000e-04,5.290988463573140e-03,-5.690988463573140e-03
16700,29,3.000000000000000e-04,5.251390949474865e-03,-4.951390949474865e-03
16800,0,1.200000000000000e-01,6.318155347572314e-03,1.136818446524277e-01
16800,1,-8.000000000000000e-02,6.288155347572314e-03,-8.628815534757231e-02
16800,2,5.500000000000000e-02,6.278162847572314e-03,4.872183715242769e-02
16800,3,4.000000000000000e-02,6.254425343822314e-03,3.374557465617769e-02
16800,4,-3.000000000000000e-02,6.220705643200125e-03,-3.622070564320012e-02
16800,5,2.500000000000000e-02,6.194519662278560e-03,1.880548033772144e-02
16800,6,2.000000000000000e-02,6.162116413833147e-03,1.383788358616685e-02
16800,7,-1.800000000000000e-02,6.124761770260402e-03,-2.412476177026040e-02
16800,8,1.500000000000000e-02,6.091972497313909e-03,8.908027502686090e-03
16800,9,1.200000000000000e-02,6.055498802913307e-03,5.944501197086693e-03
16800,10,-1.000000000000000e-02,6.016107174325110e-03,-1.601610717432511e-02
16800,11,8.999999999999999e-03,5.979314024808381e-03,3.020685975191619e-03
16800,12,8.000000000000000e-03,5.940372056452824e-03,2.059627943547176e-03
16800,13,-7.000000000000000e-03,5.899546914002334e-03,-1.289954691400233e-02
16800,14,6.000000000000000e-03,5.860604453264808e-03,1.393955467351923e-04
16800,15,5.000000000000000e-03,5.820298291139861e-03,-8.202982911398610e-04
16800,16,-4.000000000000000e-03,5.778893277122885e-03,-9.778893277122884e-03
16800,17,3.500000000000000e-03,5.738653883161977e-03,-2.238653883161977e-03
16800,18,3.000000000000000e-03,5.697710506625404e-03,-2.697710506625404e-03
16800,19,-2.500000000000000e-03,5.656201375283243e-03,-8.156201375283244e-03
16800,20,2.000000000000000e-03,5.615514412314959e-03,-3.615514412314959e-03
16800,21,1.800000000000000e-03,5.574530884161517e-03,-3.774530884161517e-03
16800,22,-1.500000000000000e-03,5.533312519530880e-03,-7.033312519530880e-03
16800,23,1.200000000000000e-03,5.492695855905711e-03,-4.292695855905711e-03
16800,24,1.000000000000000e-03,5.452012738096387e-03,-4.452012738096387e-03
16800,25,-8.000000000000000e-04,5.411323718993917e-03,-6.211323718993918e-03
16800,26,5.999999999999999e-04,5.371089006260838e-03,-4.771089006260838e-03
16800,27,5.000000000000000e-04,5.330965819160525e-03,-4.830965819160525e-03
16800,28,-4.000000000000000e-04,5.290988463573140e-03,-5.690988463573140e-03
16800,29,3.000000000000000e-04,5.251390949474865e-03,-4.951390949474865e-03
16900,0,1.200000000000000e-01,6.318155347572314e-03,1.136818446524277e-01
16900,1,-8.000000000000000e-02,6.288155347572314e-03,-8.628815534757231e-02
16900,2,5.500000000000000e-02,6.278162847572314e-03,4.872183715242769e-02
16900,3,4.000000000000000e-02,6.254425343822314e-03,3.374557465617769e-02
16900,4,-3.000000000000000e-02,6.220705643200125e-03,-3.622070564320012e-02
16900,5,2.500000000000000e-02,6.194519662278560e-03,1.880548033772144e-02
16900,6,2.000000000000000e-02,6.162116413833147e-03,1.383788358616685e-02
16900,7,-1.800000000000000e-02,6.124761770260402e-03,-2.412476177026040e-02
16900,8,1.500000000000000e-02,6.091972497313909e-03,8.908027502686090e-03
16900,9,1.200000000000000e-02,6.055498802913307e-03,5.944501197086693e-03
16900,10,-1.000000000000000e-02,6.016107174325110e-03,-1.601610717432511e-02
16900,11,8.999999999999999e-03,5.979314024808381e-03,3.020685975191619e-03
16900,12,8.000000000000000e-03,5.940372056452824e-03,2.059627943547176e-03
16900,13,-7.000000000000000e-03,5.899546914002334e-03,-1.289954691400233e-02
16900,14,6.000000000000000e-03,5.860604453264808e-03,1.393955467351923e-04
16900,15,5.000000000000000e-03,5.820298291139861e-03,-8.202982911398610e-04
16900,16,-4.000000000000000e-03,5.778893277122885e-03,-9.778893277122884e-03
16900,17,3.500000000000000e-03,5.738653883161977e-03,-2.238653883161977e-03
16900,18,3.000000000000000e-03,5.697710506625404e-03,-2.697710506625404e-03
16900,19,-2.500000000000000e-03,5.656201375283243e-03,-8.156201375283244e-03
16900,20,2.000000000000000e-03,5.615514412314959e-03,-3.615514412314959e-03
16900,21,1.800000000000000e-03,5.574530884161517e-03,-3.774530884161517e-03
16900,22,-1.500000000000000e-03,5.533312519530880e-03,-7.033312519530880e-03
16900,23,1.200000000000000e-03,5.492695855905711e-03,-4.292695855905711e-03
16900,24,1.000000000000000e-03,5.452012738096387e-03,-4.452012738096387e-03
16900,25,-8.000000000000000e-04,5.411323718993917e-03,-6.211323718993918e-03
16900,26,5.999999999999999e-04,5.371089006260838e-03,-4.771089006260838e-03
16900,27,5.000000000000000e-04,5.330965819160525e-03,-4.830965819160525e-03
16900,28,-4.000000000000000e-04,5.290988463573140e-03,-5.690988463573140e-03
16900,29,3.000000000000000e-04,5.251390949474865e-03,-4.951390949474865e-03
17000,0,1.200000000000000e-01,6.318155347572314e-03,1.136818446524277e-01
17000,1,-8.000000000000000e-02,6.288155347572314e-03,-8.628815534757231e-02
17000,2,5.500000000000000e-02,6.278162847572314e-03,4.872183715242769e-02
17000,3,4.000000000000000e-02,6.254425343822314e-03,3.374557465617769e-02
17000,4,-3.000000000000000e-02,6.220705643200125e-03,-3.622070564320012e-02
17000,5,2.500000000000000e-02,6.194519662278560e-03,1.880548033772144e-02
17000,6,2.000000000000000e-02,6.162116413833147e-03,1.383788358616685e-02
17000,7,-1.800000000000000e-02,6.124761770260402e-03,-2.412476177026040e-02
17000,8,1.500000000000000e-02,6.091972497313909e-03,8.908027502686090e-03
17000,9,1.200000000000000e-02,6.055498802913307e-03,5.944501197086693e-03
17000,10,-1.000000000000000e-02,6.016107174325110e-03,-1.601610717432511e-02
17000,11,8.999999999999999e-03,5.979314024808381e-03,3.020685975191619e-03
17000,12,8.000000000000000e-03,5.940372056452824e-03,2.059627943547176e-03
17000,13,-7.000000000000000e-03,5.899546914002334e-03,-1.289954691400233e-02
17000,14,6.000000000000000e-03,5.860604453264808e-03,1.393955467351923e-04
17000,15,5.000000000000000e-03,5.820298291139861e-03,-8.202982911398610e-04
17000,16,-4.000000000000000e-03,5.778893277122885e-03,-9.778893277122884e-03
17000,17,3.500000000000000e-03,5.738653883161977e-03,-2.238653883161977e-03
17000,18,3.000000000000000e-03,5.697710506625404e-03,-2.697710506625404e-03
17000,19,-2.500000000000000e-03,5.656201375283243e-03,-8.156201375283244e-03
17000,20,2.000000000000000e-03,5.615514412314959e-03,-3.615514412314959e-03
17000,21,1.800000000000000e-03,5.574530884161517e-03,-3.774530884161517e-03
17000,22,-1.500000000000000e-03,5.533312519530880e-03,-7.033312519530880e-03
17000,23,1.200000000000000e-03,5.492695855905711e-03,-4.292695855905711e-03
17000,24,1.000000000000000e-03,5.452012738096387e-03,-4.452012738096387e-03
17000,25,-8.000000000000000e-04,5.411323718993917e-03,-6.211323718993918e-03
17000,26,5.999999999999999e-04,5.371089006260838e-03,-4.771089006260838e-03
17000,27,5.000000000000000e-04,5.330965819160525e-03,-4.830965819160525e-03
17000,28,-4.000000000000000e-04,5.290988463573140e-03,-5.690988463573140e-03
17000,29,3.000000000000000e-04,5.251390949474865e-03,-4.951390949474865e-03
17100,0,1.200000000000000e-01,6.318155347572314e-03,1.136818446524277e-01
17100,1,-8.000000000000000e-02,6.288155347572314e-03,-8.628815534757231e-02
17100,2,5.500000000000000e-02,6.278162847572314e-03,4.872183715242769e-02
17100,3,4.000000000000000e-02,6.254425343822314e-03,3.374557465617769e-02
17100,4,-3.000000000000000e-02,6.220705643200125e-03,-3.622070564320012e-02
17100,5,2.500000000000000e-02,6.194519662278560e-03,1.880548033772144e-02
17100,6,2.000000000000000e-02,6.162116413833147e-03,1.383788358616685e-02
17100,7,-1.800000000000000e-02,6.124761770260402e-03,-2.412476177026040e-02
17100,8,1.500000000000000e-02,6.091972497313909e-03,8.908027502686090e-03
17100,9,1.200000000000000e-02,6.055498802913307e-03,5.944501197086693e-03
17100,10,-1.000000000000000e-02,6.016107174325110e-03,-1.601610717432511e-02
17100,11,8.999999999999999e-03,5.979314024808381e-03,3.020685975191619e-03
17100,12,8.000000000000000e-03,5.940372056452824e-03,2.059627943547176e-03
17100,13,-7.000000000000000e-03,5.899546914002334e-03,-1.289954691400233e-02
17100,14,6.000000000000000e-03,5.860604453264808e-03,1.393955467351923e-04
17100,15,5.000000000000000e-03,5.820298291139861e-03,-8.202982911398610e-04
17100,16,-4.000000000000000e-03,5.778893277122885e-03,-9.778893277122884e-03
17100,17,3.500000000000000e-03,5.738653883161977e-03,-2.238653883161977e-03
17100,18,3.000000000000000e-03,5.697710506625404e-03,-2.697710506625404e-03
17100,19,-2.500000000000000e-03,5.656201375283243e-03,-8.156201375283244e-03
17100,20,2.000000000000000e-03,5.615514412314959e-03,-3.615514412314959e-03
17100,21,1.800000000000000e-03,5.574530884161517e-03,-3.774530884161517e-03
17100,22,-1.500000000000000e-03,5.533312519530880e-03,-7.033312519530880e-03
17100,23,1.200000000000000e-03,5.492695855905711e-03,-4.292695855905711e-03
17100,24,1.000000000000000e-03,5.452012738096387e-03,-4.452012738096387e-03
17100,25,-8.000000000000000e-04,5.411323718993917e-03,-6.211323718993918e-03
17100,26,5.999999999999999e-04,5.371089006260838e-03,-4.771089006260838e-03
17100,27,5.000000000000000e-04,5.330965819160525e-03,-4.830965819160525e-03
17100,28,-4.000000000000000e-04,5.290988463573140e-03,-5.690988463573140e-03
17100,29,3.000000000000000e-04,5.251390949474865e-03,-4.951390949474865e-03
17200,0,1.200000000000000e-01,6.318155347572314e-03,1.136818446524277e-01
17200,1,-8.000000000000000e-02,6.288155347572314e-03,-8.628815534757231e-02
17200,2,5.500000000000000e-02,6.278162847572314e-03,4.872183715242769e-02
17200,3,4.000000000000000e-02,6.254425343822314e-03,3.374557465617769e-02
17200,4,-3.000000000000000e-02,6.220705643200125e-03,-3.622070564320012e-02
17200,5,2.500000000000000e-02,6.194519662278560e-03,1.880548033772144e-02
17200,6,2.000000000000000e-02,6.162116413833147e-03,1.383788358616685e-02
17200,7,-1.800000000000000e-02,6.124761770260402e-03,-2.412476177026040e-02
17200,8,1.500000000000000e-02,6.091972497313909e-03,8.908027502686090e-03
17200,9,1.200000000000000e-02,6.055498802913307e-03,5.944501197086693e-03
17200,10,-1.000000000000000e-02,6.016107174325110e-03,-1.601610717432511e-02
17200,11,8.999999999999999e-03,5.979314024808381e-03,3.020685975191619e-03
17200,12,8.000000000000000e-03,5.940372056452824e-03,2.059627943547176e-03
17200,13,-7.000000000000000e-03,5.899546914002334e-03,-1.289954691400233e-02
17200,14,6.000000000000000e-03,5.860604453264808e-03,1.393955467351923e-04
17200,15,5.000000000000000e-03,5.820298291139861e-03,-8.202982911398610e-04
17200,16,-4.000000000000000e-03,5.778893277122885e-03,-9.778893277122884e-03
17200,17,3.500000000000000e-03,5.738653883161977e-03,-2.238653883161977e-03
17200,18,3.000000000000000e-03,5.697710506625404e-03,-2.697710506625404e-03
17200,19,-2.500000000000000e-03,5.656201375283243e-03,-8.156201375283244e-03
17200,20,2.000000000000000e-03,5.615514412314959e-03,-3.615514412314959e-03
17200,21,1.800000000000000e-03,5.574530884161517e-03,-3.774530884161517e-03
17200,22,-1.500000000000000e-03,5.533312519530880e-03,-7.033312519530880e-03
17200,23,1.200000000000000e-03,5.492695855905711e-03,-4.292695855905711e-03
17200,24,1.000000000000000e-03,5.452012738096387e-03,-4.452012738096387e-03
17200,25,-8.000000000000000e-04,5.411323718993917e-03,-6.211323718993918e-03
17200,26,5.999999999999999e-04,5.371089006260838e-03,-4.771089006260838e-03
17200,27,5.000000000000000e-04,5.330965819160525e-03,-4.830965819160525e-03
17200,28,-4.000000000000000e-04,5.290988463573140e-03,-5.690988463573140e-03
17200,29,3.000000000000000e-04,5.251390949474865e-03,-4.951390949474865e-03
17300,0,1.200000000000000e-01,6.318155347572314e-03,1.136818446524277e-01
17300,1,-8.000000000000000e-02,6.288155347572314e-03,-8.628815534757231e-02
17300,2,5.500000000000000e-02,6.278162847572314e-03,4.872183715242769e-02
17300,3,4.000000000000000e-02,6.254425343822314e-03,3.374557465617769e-02
17300,4,-3.000000000000000e-02,6.220705643200125e-03,-3.622070564320012e-02
17300,5,2.500000000000000e-02,6.194519662278560e-03,1.880548033772144e-02
17300,6,2.000000000000000e-02,6.162116413833147e-03,1.383788358616685e-02
17300,7,-1.800000000000000e-02,6.124761770260402e-03,-2.412476177026040e-02
17300,8,1.500000000000000e-02,6.091972497313909e-03,8.908027502686090e-03
17300,9,1.200000000000000e-02,6.055498802913307e-03,5.944501197086693e-03
17300,10,-1.000000000000000e-02,6.016107174325110e-03,-1.601610717432511e-02
17300,11,8.999999999999999e-03,5.979314024808381e-03,3.020685975191619e-03
17300,12,8.000000000000000e-03,5.940372056452824e-03,2.059627943547176e-03
17300,13,-7.000000000000000e-03,5.899546914002334e-03,-1.289954691400233e-02
17300,14,6.000000000000000e-03,5.860604453264808e-03,1.393955467351923e-04
17300,15,5.000000000000000e-03,5.820298291139861e-03,-8.202982911398610e-04
17300,16,-4.000000000000000e-03,5.778893277122885e-03,-9.778893277122884e-03
17300,17,3.500000000000000e-03,5.738653883161977e-03,-2.238653883161977e-03
17300,18,3.000000000000000e-03,5.697710506625404e-03,-2.697710506625404e-03
17300,19,-2.500000000000000e-03,5.656201375283243e-03,-8.156201375283244e-03
17300,20,2.000000000000000e-03,5.615514412314959e-03,-3.615514412314959e-03
17300,21,1.800000000000000e-03,5.574530884161517e-03,-3.774530884161517e-03
17300,22,-1.500000000000000e-03,5.533312519530880e-03,-7.033312519530880e-03
17300,23,1.200000000000000e-03,5.492695855905711e-03,-4.292695855905711e-03
17300,24,1.000000000000000e-03,5.452012738096387e-03,-4.452012738096387e-03
17300,25,-8.000000000000000e-04,5.411323718993917e-03,-6.211323718993918e-03
17300,26,5.999999999999999e-04,5.371089006260838e-03,-4.771089006260838e-03
17300,27,5.000000000000000e-04,5.330965819160525e-03,-4.830965819160525e-03
17300,28,-4.000000000000000e-04,5.290988463573140e-03,-5.690988463573140e-03
17300,29,3.000000000000000e-04,5.251390949474865e-03,-4.951390949474865e-03
17400,0,1.200000000000000e-01,6.318155347572314e-03,1.136818446524277e-01
17400,1,-8.000000000000000e-02,6.288155347572314e-03,-8.628815534757231e-02
17400,2,5.500000000000000e-02,6.278162847572314e-03,4.872183715242769e-02
17400,3,4.000000000000000e-02,6.254425343822314e-03,3.374557465617769e-02
17400,4,-3.000000000000000e-02,6.220705643200125e-03,-3.622070564320012e-02
17400,5,2.500000000000000e-02,6.194519662278560e-03,1.880548033772144e-02
17400,6,2.000000000000000e-02,6.162116413833147e-03,1.383788358616685e-02
17400,7,-1.800000000000000e-02,6.124761770260402e-03,-2.412476177026040e-02
17400,8,1.500000000000000e-02,6.091972497313909e-03,8.908027502686090e-03
17400,9,1.200000000000000e-02,6.055498802913307e-03,5.944501197086693e-03
17400,10,-1.000000000000000e-02,6.016107174325110e-03,-1.601610717432511e-02
17400,11,8.999999999999999e-03,5.979314024808381e-03,3.020685975191619e-03
17400,12,8.000000000000000e-03,5.940372056452824e-03,2.059627943547176e-03
17400,13,-7.000000000000000e-03,5.899546914002334e-03,-1.289954691400233e-02
17400,14,6.000000000000000e-03,5.860604453264808e-03,1.393955467351923e-04
17400,15,5.000000000000000e-03,5.820298291139861e-03,-8.202982911398610e-04
17400,16,-4.000000000000000e-03,5.778893277122885e-03,-9.778893277122884e-03
17400,17,3.500000000000000e-03,5.738653883161977e-03,-2.238653883161977e-03
17400,18,3.000000000000000e-03,5.697710506625404e-03,-2.697710506625404e-03
17400,19,-2.500000000000000e-03,5.656201375283243e-03,-8.156201375283244e-03
17400,20,2.000000000000000e-03,5.615514412314959e-03,-3.615514412314959e-03
17400,21,1.800000000000000e-03,5.574530884161517e-03,-3.774530884161517e-03
17400,22,-1.500000000000000e-03,5.533312519530880e-03,-7.033312519530880e-03
17400,23,1.200000000000000e-03,5.492695855905711e-03,-4.292695855905711e-03
17400,24,1.000000000000000e-03,5.452012738096387e-03,-4.452012738096387e-03
17400,25,-8.000000000000000e-04,5.411323718993917e-03,-6.211323718993918e-03
17400,26,5.999999999999999e-04,5.371089006260838e-03,-4.771089006260838e-03
17400,27,5.000000000000000e-04,5.330965819160525e-03,-4.830965819160525e-03
17400,28,-4.000000000000000e-04,5.290988463573140e-03,-5.690988463573140e-03
17400,29,3.000000000000000e-04,5.251390949474865e-03,-4.951390949474865e-03
17500,0,1.200000000000000e-01,6.318155347572314e-03,1.136818446524277e-01
17500,1,-8.000000000000000e-02,6.288155347572314e-03,-8.628815534757231e-02
17500,2,5.500000000000000e-02,6.278162847572314e-03,4.872183715242769e-02
17500,3,4.000000000000000e-02,6.254425343822314e-03,3.374557465617769e-02
17500,4,-3.000000000000000e-02,6.220705643200125e-03,-3.622070564320012e-02
17500,5,2.500000000000000e-02,6.194519662278560e-03,1.880548033772144e-02
17500,6,2.000000000000000e-02,6.162116413833147e-03,1.383788358616685e-02
17500,7,-1.800000000000000e-02,6.124761770260402e-03,-2.412476177026040e-02
17500,8,1.500000000000000e-02,6.091972497313909e-03,8.908027502686090e-03
17500,9,1.200000000000000e-02,6.055498802913307e-03,5.944501197086693e-03
17500,10,-1.000000000000000e-02,6.016107174325110e-03,-1.601610717432511e-02
17500,11,8.999999999999999e-03,5.979314024808381e-03,3.020685975191619e-03
17500,12,8.000000000000000e-03,5.940372056452824e-03,2.059627943547176e-03
17500,13,-7.000000000000000e-03,5.899546914002334e-03,-1.289954691400233e-02
17500,14,6.000000000000000e-03,5.860604453264808e-03,1.393955467351923e-04
17500,15,5.000000000000000e-03,5.820298291139861e-03,-8.202982911398610e-04
17500,16,-4.000000000000000e-03,5.778893277122885e-03,-9.778893277122884e-03
17500,17,3.500000000000000e-03,5.738653883161977e-03,-2.238653883161977e-03
17500,18,3.000000000000000e-03,5.697710506625404e-03,-2.697710506625404e-03
17500,19,-2.500000000000000e-03,5.656201375283243e-03,-8.156201375283244e-03
17500,20,2.000000000000000e-03,5.615514412314959e-03,-3.615514412314959e-03
17500,21,1.800000000000000e-03,5.574530884161517e-03,-3.774530884161517e-03
17500,22,-1.500000000000000e-03,5.533312519530880e-03,-7.033312519530880e-03
17500,23,1.200000000000000e-03,5.492695855905711e-03,-4.292695855905711e-03
17500,24,1.000000000000000e-03,5.452012738096387e-03,-4.452012738096387e-03
17500,25,-8.000000000000000e-04,5.411323718993917e-03,-6.211323718993918e-03
17500,26,5.999999999999999e-04,5.371089006260838e-03,-4.771089006260838e-03
17500,27,5.000000000000000e-04,5.330965819160525e-03,-4.830965819160525e-03
17500,28,-4.000000000000000e-04,5.290988463573140e-03,-5.690988463573140e-03
17500,29,3.000000000000000e-04,5.251390949474865e-03,-4.951390949474865e-03
17600,0,1.200000000000000e-01,6.318155347572314e-03,1.136818446524277e-01
17600,1,-8.000000000000000e-02,6.288155347572314e-03,-8.628815534757231e-02
17600,2,5.500000000000000e-02,6.278162847572314e-03,4.872183715242769e-02
17600,3,4.000000000000000e-02,6.254425343822314e-03,3.374557465617769e-02
17600,4,-3.000000000000000e-02,6.220705643200125e-03,-3.622070564320012e-02
17600,5,2.500000000000000e-02,6.194519662278560e-03,1.880548033772144e-02
17600,6,2.000000000000000e-02,6.162116413833147e-03,1.383788358616685e-02
17600,7,-1.800000000000000e-02,6.124761770260402e-03,-2.412476177026040e-02
17600,8,1.500000000000000e-02,6.091972497313909e-03,8.908027502686090e-03
17600,9,1.200000000000000e-02,6.055498802913307e-03,5.944501197086693e-03
17600,10,-1.000000000000000e-02,6.016107174325110e-03,-1.601610717432511e-02
17600,11,8.999999999999999e-03,5.979314024808381e-03,3.020685975191619e-03
17600,12,8.000000000000000e-03,5.940372056452824e-03,2.059627943547176e-03
17600,13,-7.000000000000000e-03,5.899546914002334e-03,-1.289954691400233e-02
17600,14,6.000000000000000e-03,5.860604453264808e-03,1.393955467351923e-04
17600,15,5.000000000000000e-03,5.820298291139861e-03,-8.202982911398610e-04
17600,16,-4.000000000000000e-03,5.778893277122885e-03,-9.778893277122884e-03
17600,17,3.500000000000000e-03,5.738653883161977e-03,-2.238653883161977e-03
17600,18,3.000000000000000e-03,5.697710506625404e-03,-2.697710506625404e-03
17600,19,-2.500000000000000e-03,5.656201375283243e-03,-8.156201375283244e-03
17600,20,2.000000000000000e-03,5.615514412314959e-03,-3.615514412314959e-03
17600,21,1.800000000000000e-03,5.574530884161517e-03,-3.774530884161517e-03
17600,22,-1.500000000000000e-03,5.533312519530880e-03,-7.033312519530880e-03
17600,23,1.200000000000000e-03,5.492695855905711e-03,-4.292695855905711e-03
17600,24,1.000000000000000e-03,5.452012738096387e-03,-4.452012738096387e-03
17600,25,-8.000000000000000e-04,5.411323718993917e-03,-6.211323718993918e-03
17600,26,5.999999999999999e-04,5.371089006260838e-03,-4.771089006260838e-03
17600,27,5.000000000000000e-04,5.330965819160525e-03,-4.830965819160525e-03
17600,28,-4.000000000000000e-04,5.290988463573140e-03,-5.690988463573140e-03
17600,29,3.000000000000000e-04,5.251390949474865e-03,-4.951390949474865e-03
17700,0,1.200000000000000e-01,6.318155347572314e-03,1.136818446524277e-01
17700,1,-8.000000000000000e-02,6.288155347572314e-03,-8.628815534757231e-02
17700,2,5.500000000000000e-02,6.278162847572314e-03,4.872183715242769e-02
17700,3,4.000000000000000e-02,6.254425343822314e-03,3.374557465617769e-02
17700,4,-3.000000000000000e-02,6.220705643200125e-03,-3.622070564320012e-02
17700,5,2.500000000000000e-02,6.194519662278560e-03,1.880548033772144e-02
17700,6,2.000000000000000e-02,6.162116413833147e-03,1.383788358616685e-02
17700,7,-1.800000000000000e-02,6.124761770260402e-03,-2.412476177026040e-02
17700,8,1.500000000000000e-02,6.091972497313909e-03,8.908027502686090e-03
17700,9,1.200000000000000e-02,6.055498802913307e-03,5.944501197086693e-03
17700,10,-1.000000000000000e-02,6.016107174325110e-03,-1.601610717432511e-02
17700,11,8.999999999999999e-03,5.979314024808381e-03,3.020685975191619e-03
17700,12,8.000000000000000e-03,5.940372056452824e-03,2.059627943547176e-03
17700,13,-7.000000000000000e-03,5.899546914002334e-03,-1.289954691400233e-02
17700,14,6.000000000000000e-03,5.860604453264808e-03,1.393955467351923e-04
17700,15,5.000000000000000e-03,5.820298291139861e-03,-8.202982911398610e-04
17700,16,-4.000000000000000e-03,5.778893277122885e-03,-9.778893277122884e-03
17700,17,3.500000000000000e-03,5.738653883161977e-03,-2.238653883161977e-03
17700,18,3.000000000000000e-03,5.697710506625404e-03,-2.697710506625404e-03
17700,19,-2.500000000000000e-03,5.656201375283243e-03,-8.156201375283244e-03
17700,20,2.000000000000000e-03,5.615514412314959e-03,-3.615514412314959e-03
17700,21,1.800000000000000e-03,5.574530884161517e-03,-3.774530884161517e-03
17700,22,-1.500000000000000e-03,5.533312519530880e-03,-7.033312519530880e-03
17700,23,1.200000000000000e-03,5.492695855905711e-03,-4.292695855905711e-03
17700,24,1.000000000000000e-03,5.452012738096387e-03,-4.452012738096387e-03
17700,25,-8.000000000000000e-04,5.411323718993917e-03,-6.211323718993918e-03
17700,26,5.999999999999999e-04,5.371089006260838e-03,-4.771089006260838e-03
17700,27,5.000000000000000e-04,5.330965819160525e-03,-4.830965819160525e-03
17700,28,-4.000000000000000e-04,5.290988463573140e-03,-5.690988463573140e-03
17700,29,3.000000000000000e-04,5.251390949474865e-03,-4.951390949474865e-03
17800,0,1.200000000000000e-01,6.318155347572314e-03,1.136818446524277e-01
17800,1,-8.000000000000000e-02,6.288155347572314e-03,-8.628815534757231e-02
17800,2,5.500000000000000e-02,6.278162847572314e-03,4.872183715242769e-02
17800,3,4.000000000000000e-02,6.254425343822314e-03,3.374557465617769e-02
17800,4,-3.000000000000000e-02,6.220705643200125e-03,-3.622070564320012e-02
17800,5,2.500000000000000e-02,6.194519662278560e-03,1.880548033772144e-02
17800,6,2.000000000000000e-02,6.162116413833147e-03,1.383788358616685e-02
17800,7,-1.800000000000000e-02,6.124761770260402e-03,-2.412476177026040e-02
17800,8,1.500000000000000e-02,6.091972497313909e-03,8.908027502686090e-03
17800,9,1.200000000000000e-02,6.055498802913307e-03,5.944501197086693e-03
17800,10,-1.000000000000000e-02,6.016107174325110e-03,-1.601610717432511e-02
17800,11,8.999999999999999e-03,5.979314024808381e-03,3.020685975191619e-03
17800,12,8.000000000000000e-03,5.940372056452824e-03,2.059627943547176e-03
17800,13,-7.000000000000000e-03,5.899546914002334e-03,-1.289954691400233e-02
17800,14,6.000000000000000e-03,5.860604453264808e-03,1.393955467351923e-04
17800,15,5.000000000000000e-03,5.820298291139861e-03,-8.202982911398610e-04
17800,16,-4.000000000000000e-03,5.778893277122885e-03,-9.778893277122884e-03
17800,17,3.500000000000000e-03,5.738653883161977e-03,-2.238653883161977e-03
17800,18,3.000000000000000e-03,5.697710506625404e-03,-2.697710506625404e-03
17800,19,-2.500000000000000e-03,5.656201375283243e-03,-8.156201375283244e-03
17800,20,2.000000000000000e-03,5.615514412314959e-03,-3.615514412314959e-03
17800,21,1.800000000000000e-03,5.574530884161517e-03,-3.774530884161517e-03
17800,22,-1.500000000000000e-03,5.533312519530880e-03,-7.033312519530880e-03
17800,23,1.200000000000000e-03,5.492695855905711e-03,-4.292695855905711e-03
17800,24,1.000000000000000e-03,5.452012738096387e-03,-4.452012738096387e-03
17800,25,-8.000000000000000e-04,5.411323718993917e-03,-6.211323718993918e-03
17800,26,5.999999999999999e-04,5.371089006260838e-03,-4.771089006260838e-03
17800,27,5.000000000000000e-04,5.330965819160525e-03,-4.830965819160525e-03
17800,28,-4.000000000000000e-04,5.290988463573140e-03,-5.690988463573140e-03
17800,29,3.000000000000000e-04,5.251390949474865e-03,-4.951390949474865e-03
17900,0,1.200000000000000e-01,6.318155347572314e-03,1.136818446524277e-01
17900,1,-8.000000000000000e-02,6.288155347572314e-03,-8.628815534757231e-02
17900,2,5.500000000000000e-02,6.278162847572314e-03,4.872183715242769e-02
17900,3,4.000000000000000e-02,6.254425343822314e-03,3.374557465617769e-02
17900,4,-3.000000000000000e-02,6.220705643200125e-03,-3.622070564320012e-02
17900,5,2.500000000000000e-02,6.194519662278560e-03,1.880548033772144e-02
17900,6,2.000000000000000e-02,6.162116413833147e-03,1.383788358616685e-02
17900,7,-1.800000000000000e-02,6.124761770260402e-03,-2.412476177026040e-02
17900,8,1.500000000000000e-02,6.091972497313909e-03,8.908027502686090e-03
17900,9,1.200000000000000e-02,6.055498802913307e-03,5.944501197086693e-03
17900,10,-1.000000000000000e-02,6.016107174325110e-03,-1.601610717432511e-02
17900,11,8.999999999999999e-03,5.979314024808381e-03,3.020685975191619e-03
17900,12,8.000000000000000e-03,5.940372056452824e-03,2.059627943547176e-03
17900,13,-7.000000000000000e-03,5.899546914002334e-03,-1.289954691400233e-02
17900,14,6.000000000000000e-03,5.860604453264808e-03,1.393955467351923e-04
17900,15,5.000000000000000e-03,5.820298291139861e-03,-8.202982911398610e-04
17900,16,-4.000000000000000e-03,5.778893277122885e-03,-9.778893277122884e-03
17900,17,3.500000000000000e-03,5.738653883161977e-03,-2.238653883161977e-03
17900,18,3.000000000000000e-03,5.697710506625404e-03,-2.697710506625404e-03
17900,19,-2.500000000000000e-03,5.656201375283243e-03,-8.156201375283244e-03
17900,20,2.000000000000000e-03,5.615514412314959e-03,-3.615514412314959e-03
17900,21,1.800000000000000e-03,5.574530884161517e-03,-3.774530884161517e-03
17900,22,-1.500000000000000e-03,5.533312519530880e-03,-7.033312519530880e-03
17900,23,1.200000000000000e-03,5.492695855905711e-03,-4.292695855905711e-03
17900,24,1.000000000000000e-03,5.452012738096387e-03,-4.452012738096387e-03
17900,25,-8.000000000000000e-04,5.411323718993917e-03,-6.211323718993918e-03
17900,26,5.999999999999999e-04,5.371089006260838e-03,-4.771089006260838e-03
17900,27,5.000000000000000e-04,5.330965819160525e-03,-4.830965819160525e-03
17900,28,-4.000000000000000e-04,5.290988463573140e-03,-5.690988463573140e-03
17900,29,3.000000000000000e-04,5.251390949474865e-03,-4.951390949474865e-03
18000,0,1.200000000000000e-01,6.318155347572314e-03,1.136818446524277e-01
18000,1,-8.000000000000000e-02,6.288155347572314e-03,-8.628815534757231e-02
18000,2,5.500000000000000e-02,6.278162847572314e-03,4.872183715242769e-02
18000,3,4.000000000000000e-02,6.254425343822314e-03,3.374557465617769e-02
18000,4,-3.000000000000000e-02,6.220705643200125e-03,-3.622070564320012e-02
18000,5,2.500000000000000e-02,6.194519662278560e-03,1.880548033772144e-02
18000,6,2.000000000000000e-02,6.162116413833147e-03,1.383788358616685e-02
18000,7,-1.800000000000000e-02,6.124761770260402e-03,-2.412476177026040e-02
18000,8,1.500000000000000e-02,6.091972497313909e-03,8.908027502686090e-03
18000,9,1.200000000000000e-02,6.055498802913307e-03,5.944501197086693e-03
18000,10,-1.000000000000000e-02,6.016107174325110e-03,-1.601610717432511e-02
18000,11,8.999999999999999e-03,5.979314024808381e-03,3.020685975191619e-03
18000,12,8.000000000000000e-03,5.940372056452824e-03,2.059627943547176e-03
18000,13,-7.000000000000000e-03,5.899546914002334e-03,-1.289954691400233e-02
18000,14,6.000000000000000e-03,5.860604453264808e-03,1.393955467351923e-04
18000,15,5.000000000000000e-03,5.820298291139861e-03,-8.202982911398610e-04
18000,16,-4.000000000000000e-03,5.778893277122885e-03,-9.778893277122884e-03
18000,17,3.500000000000000e-03,5.738653883161977e-03,-2.238653883161977e-03
18000,18,3.000000000000000e-03,5.697710506625404e-03,-2.697710506625404e-03
18000,19,-2.500000000000000e-03,5.656201375283243e-03,-8.156201375283244e-03
18000,20,2.000000000000000e-03,5.615514412314959e-03,-3.615514412314959e-03
18000,21,1.800000000000000e-03,5.574530884161517e-03,-3.774530884161517e-03
18000,22,-1.500000000000000e-03,5.533312519530880e-03,-7.033312519530880e-03
18000,23,1.200000000000000e-03,5.492695855905711e-03,-4.292695855905711e-03
18000,24,1.000000000000000e-03,5.452012738096387e-03,-4.452012738096387e-03
18000,25,-8.000000000000000e-04,5.411323718993917e-03,-6.211323718993918e-03
18000,26,5.999999999999999e-04,5.371089006260838e-03,-4.771089006260838e-03
18000,27,5.000000000000000e-04,5.330965819160525e-03,-4.830965819160525e-03
18000,28,-4.000000000000000e-04,5.290988463573140e-03,-5.690988463573140e-03
18000,29,3.000000000000000e-04,5.251390949474865e-03,-4.951390949474865e-03
18100,0,1.200000000000000e-01,6.318155347572314e-03,1.136818446524277e-01
18100,1,-8.000000000000000e-02,6.288155347572314e-03,-8.628815534757231e-02
18100,2,5.500000000000000e-02,6.278162847572314e-03,4.872183715242769e-02
18100,3,4.000000000000000e-02,6.254425343822314e-03,3.374557465617769e-02
18100,4,-3.000000000000000e-02,6.220705643200125e-03,-3.622070564320012e-02
18100,5,2.500000000000000e-02,6.194519662278560e-03,1.880548033772144e-02
18100,6,2.000000000000000e-02,6.162116413833147e-03,1.383788358616685e-02
18100,7,-1.800000000000000e-02,6.124761770260402e-03,-2.412476177026040e-02
18100,8,1.500000000000000e-02,6.091972497313909e-03,8.908027502686090e-03
18100,9,1.200000000000000e-02,6.055498802913307e-03,5.944501197086693e-03
18100,10,-1.000000000000000e-02,6.016107174325110e-03,-1.601610717432511e-02
18100,11,8.999999999999999e-03,5.979314024808381e-03,3.020685975191619e-03
18100,12,8.000000000000000e-03,5.940372056452824e-03,2.059627943547176e-03
18100,13,-7.000000000000000e-03,5.899546914002334e-03,-1.289954691400233e-02
18100,14,6.000000000000000e-03,5.860604453264808e-03,1.393955467351923e-04
18100,15,5.000000000000000e-03,5.820298291139861e-03,-8.202982911398610e-04
18100,16,-4.000000000000000e-03,5.778893277122885e-03,-9.778893277122884e-03
18100,17,3.500000000000000e-03,5.738653883161977e-03,-2.238653883161977e-03
18100,18,3.000000000000000e-03,5.697710506625404e-03,-2.697710506625404e-03
18100,19,-2.500000000000000e-03,5.656201375283243e-03,-8.156201375283244e-03
18100,20,2.000000000000000e-03,5.615514412314959e-03,-3.615514412314959e-03
18100,21,1.800000000000000e-03,5.574530884161517e-03,-3.774530884161517e-03
18100,22,-1.500000000000000e-03,5.533312519530880e-03,-7.033312519530880e-03
18100,23,1.200000000000000e-03,5.492695855905711e-03,-4.292695855905711e-03
18100,24,1.000000000000000e-03,5.452012738096387e-03,-4.452012738096387e-03
18100,25,-8.000000000000000e-04,5.411323718993917e-03,-6.211323718993918e-03
18100,26,5.999999999999999e-04,5.371089006260838e-03,-4.771089006260838e-03
18100,27,5.000000000000000e-04,5.330965819160525e-03,-4.830965819160525e-03
18100,28,-4.000000000000000e-04,5.290988463573140e-03,-5.690988463573140e-03
18100,29,3.000000000000000e-04,5.251390949474865e-03,-4.951390949474865e-03
18200,0,1.200000000000000e-01,6.318155347572314e-03,1.136818446524277e-01
18200,1,-8.000000000000000e-02,6.288155347572314e-03,-8.628815534757231e-02
18200,2,5.500000000000000e-02,6.278162847572314e-03,4.872183715242769e-02
18200,3,4.000000000000000e-02,6.254425343822314e-03,3.374557465617769e-02
18200,4,-3.000000000000000e-02,6.220705643200125e-03,-3.622070564320012e-02
18200,5,2.500000000000000e-02,6.194519662278560e-03,1.880548033772144e-02
18200,6,2.000000000000000e-02,6.162116413833147e-03,1.383788358616685e-02
18200,7,-1.800000000000000e-02,6.124761770260402e-03,-2.412476177026040e-02
18200,8,1.500000000000000e-02,6.091972497313909e-03,8.908027502686090e-03
18200,9,1.200000000000000e-02,6.055498802913307e-03,5.944501197086693e-03
18200,10,-1.000000000000000e-02,6.016107174325110e-03,-1.601610717432511e-02
18200,11,8.999999999999999e-03,5.979314024808381e-03,3.020685975191619e-03
18200,12,8.000000000000000e-03,5.940372056452824e-03,2.059627943547176e-03
18200,13,-7.000000000000000e-03,5.899546914002334e-03,-1.289954691400233e-02
18200,14,6.000000000000000e-03,5.860604453264808e-03,1.393955467351923e-04
18200,15,5.000000000000000e-03,5.820298291139861e-03,-8.202982911398610e-04
18200,16,-4.000000000000000e-03,5.778893277122885e-03,-9.778893277122884e-03
18200,17,3.500000000000000e-03,5.738653883161977e-03,-2.238653883161977e-03
18200,18,3.000000000000000e-03,5.697710506625404e-03,-2.697710506625404e-03
18200,19,-2.500000000000000e-03,5.656201375283243e-03,-8.156201375283244e-03
18200,20,2.000000000000000e-03,5.615514412314959e-03,-3.615514412314959e-03
18200,21,1.800000000000000e-03,5.574530884161517e-03,-3.774530884161517e-03
18200,22,-1.500000000000000e-03,5.533312519530880e-03,-7.033312519530880e-03
18200,23,1.200000000000000e-03,5.492695855905711e-03,-4.292695855905711e-03
18200,24,1.000000000000000e-03,5.452012738096387e-03,-4.452012738096387e-03
18200,25,-8.000000000000000e-04,5.411323718993917e-03,-6.211323718993918e-03
18200,26,5.999999999999999e-04,5.371089006260838e-03,-4.771089006260838e-03
18200,27,5.000000000000000e-04,5.330965819160525e-03,-4.830965819160525e-03
18200,28,-4.000000000000000e-04,5.290988463573140e-03,-5.690988463573140e-03
18200,29,3.000000000000000e-04,5.251390949474865e-03,-4.951390949474865e-03
18300,0,1.200000000000000e-01,6.318155347572314e-03,1.136818446524277e-01
18300,1,-8.000000000000000e-02,6.288155347572314e-03,-8.628815534757231e-02
18300,2,5.500000000000000e-02,6.278162847572314e-03,4.872183715242769e-02
18300,3,4.000000000000000e-02,6.254425343822314e-03,3.374557465617769e-02
18300,4,-3.000000000000000e-02,6.220705643200125e-03,-3.622070564320012e-02
18300,5,2.500000000000000e-02,6.194519662278560e-03,1.880548033772144e-02
18300,6,2.000000000000000e-02,6.162116413833147e-03,1.383788358616685e-02
18300,7,-1.800000000000000e-02,6.124761770260402e-03,-2.412476177026040e-02
18300,8,1.500000000000000e-02,6.091972497313909e-03,8.908027502686090e-03
18300,9,1.200000000000000e-02,6.055498802913307e-03,5.944501197086693e-03
18300,10,-1.000000000000000e-02,6.016107174325110e-03,-1.601610717432511e-02
18300,11,8.999999999999999e-03,5.979314024808381e-03,3.020685975191619e-03
18300,12,8.000000000000000e-03,5.940372056452824e-03,2.059627943547176e-03
18300,13,-7.000000000000000e-03,5.899546914002334e-03,-1.289954691400233e-02
18300,14,6.000000000000000e-03,5.860604453264808e-03,1.393955467351923e-04
18300,15,5.000000000000000e-03,5.820298291139861e-03,-8.202982911398610e-04
18300,16,-4.000000000000000e-03,5.778893277122885e-03,-9.778893277122884e-03
18300,17,3.500000000000000e-03,5.738653883161977e-03,-2.238653883161977e-03
18300,18,3.000000000000000e-03,5.697710506625404e-03,-2.697710506625404e-03
18300,19,-2.500000000000000e-03,5.656201375283243e-03,-8.156201375283244e-03
18300,20,2.000000000000000e-03,5.615514412314959e-03,-3.615514412314959e-03
18300,21,1.800000000000000e-03,5.574530884161517e-03,-3.774530884161517e-03
18300,22,-1.500000000000000e-03,5.533312519530880e-03,-7.033312519530880e-03
18300,23,1.200000000000000e-03,5.492695855905711e-03,-4.292695855905711e-03
18300,24,1.000000000000000e-03,5.452012738096387e-03,-4.452012738096387e-03
18300,25,-8.000000000000000e-04,5.411323718993917e-03,-6.211323718993918e-03
18300,26,5.999999999999999e-04,5.371089006260838e-03,-4.771089006260838e-03
18300,27,5.000000000000000e-04,5.330965819160525e-03,-4.830965819160525e-03
18300,28,-4.000000000000000e-04,5.290988463573140e-03,-5.690988463573140e-03
18300,29,3.000000000000000e-04,5.251390949474865e-03,-4.951390949474865e-03
18400,0,1.200000000000000e-01,6.318155347572314e-03,1.136818446524277e-01
18400,1,-8.000000000000000e-02,6.288155347572314e-03,-8.628815534757231e-02
18400,2,5.500000000000000e-02,6.278162847572314e-03,4.872183715242769e-02
18400,3,4.000000000000000e-02,6.254425343822314e-03,3.374557465617769e-02
18400,4,-3.000000000000000e-02,6.220705643200125e-03,-3.622070564320012e-02
18400,5,2.500000000000000e-02,6.194519662278560e-03,1.880548033772144e-02
18400,6,2.000000000000000e-02,6.162116413833147e-03,1.383788358616685e-02
18400,7,-1.800000000000000e-02,6.124761770260402e-03,-2.412476177026040e-02
18400,8,1.500000000000000e-02,6.091972497313909e-03,8.908027502686090e-03
18400,9,1.200000000000000e-02,6.055498802913307e-03,5.944501197086693e-03
18400,10,-1.000000000000000e-02,6.016107174325110e-03,-1.601610717432511e-02
18400,11,8.999999999999999e-03,5.979314024808381e-03,3.020685975191619e-03
18400,12,8.000000000000000e-03,5.940372056452824e-03,2.059627943547176e-03
18400,13,-7.000000000000000e-03,5.899546914002334e-03,-1.289954691400233e-02
18400,14,6.000000000000000e-03,5.860604453264808e-03,1.393955467351923e-04
18400,15,5.000000000000000e-03,5.820298291139861e-03,-8.202982911398610e-04
18400,16,-4.000000000000000e-03,5.778893277122885e-03,-9.778893277122884e-03
18400,17,3.500000000000000e-03,5.738653883161977e-03,-2.238653883161977e-03
18400,18,3.000000000000000e-03,5.697710506625404e-03,-2.697710506625404e-03
18400,19,-2.500000000000000e-03,5.656201375283243e-03,-8.156201375283244e-03
18400,20,2.000000000000000e-03,5.615514412314959e-03,-3.615514412314959e-03
18400,21,1.800000000000000e-03,5.574530884161517e-03,-3.774530884161517e-03
18400,22,-1.500000000000000e-03,5.533312519530880e-03,-7.033312519530880e-03
18400,23,1.200000000000000e-03,5.492695855905711e-03,-4.292695855905711e-03
18400,24,1.000000000000000e-03,5.452012738096387e-03,-4.452012738096387e-03
18400,25,-8.000000000000000e-04,5.411323718993917e-03,-6.211323718993918e-03
18400,26,5.999999999999999e-04,5.371089006260838e-03,-4.771089006260838e-03
18400,27,5.000000000000000e-04,5.330965819160525e-03,-4.830965819160525e-03
18400,28,-4.000000000000000e-04,5.290988463573140e-03,-5.690988463573140e-03
18400,29,3.000000000000000e-04,5.251390949474865e-03,-4.951390949474865e-03
18500,0,1.200000000000000e-01,6.318155347572314e-03,1.136818446524277e-01
18500,1,-8.000000000000000e-02,6.288155347572314e-03,-8.628815534757231e-02
18500,2,5.500000000000000e-02,6.278162847572314e-03,4.872183715242769e-02
18500,3,4.000000000000000e-02,6.254425343822314e-03,3.374557465617769e-02
18500,4,-3.000000000000000e-02,6.220705643200125e-03,-3.622070564320012e-02
18500,5,2.500000000000000e-02,6.194519662278560e-03,1.880548033772144e-02
18500,6,2.000000000000000e-02,6.162116413833147e-03,1.383788358616685e-02
18500,7,-1.800000000000000e-02,6.124761770260402e-03,-2.412476177026040e-02
18500,8,1.500000000000000e-02,6.091972497313909e-03,8.908027502686090e-03
18500,9,1.200000000000000e-02,6.055498802913307e-03,5.944501197086693e-03
18500,10,-1.000000000000000e-02,6.016107174325110e-03,-1.601610717432511e-02
18500,11,8.999999999999999e-03,5.979314024808381e-03,3.020685975191619e-03
18500,12,8.000000000000000e-03,5.940372056452824e-03,2.059627943547176e-03
18500,13,-7.000000000000000e-03,5.899546914002334e-03,-1.289954691400233e-02
18500,14,6.000000000000000e-03,5.860604453264808e-03,1.393955467351923e-04
18500,15,5.000000000000000e-03,5.820298291139861e-03,-8.202982911398610e-04
18500,16,-4.000000000000000e-03,5.778893277122885e-03,-9.778893277122884e-03
18500,17,3.500000000000000e-03,5.738653883161977e-03,-2.238653883161977e-03
18500,18,3.000000000000000e-03,5.697710506625404e-03,-2.697710506625404e-03
18500,19,-2.500000000000000e-03,5.656201375283243e-03,-8.156201375283244e-03
18500,20,2.000000000000000e-03,5.615514412314959e-03,-3.615514412314959e-03
18500,21,1.800000000000000e-03,5.574530884161517e-03,-3.774530884161517e-03
18500,22,-1.500000000000000e-03,5.533312519530880e-03,-7.033312519530880e-03
18500,23,1.200000000000000e-03,5.492695855905711e-03,-4.292695855905711e-03
18500,24,1.000000000000000e-03,5.452012738096387e-03,-4.452012738096387e-03
18500,25,-8.000000000000000e-04,5.411323718993917e-03,-6.211323718993918e-03
18500,26,5.999999999999999e-04,5.371089006260838e-03,-4.771089006260838e-03
18500,27,5.000000000000000e-04,5.330965819160525e-03,-4.830965819160525e-03
18500,28,-4.000000000000000e-04,5.290988463573140e-03,-5.690988463573140e-03
18500,29,3.000000000000000e-04,5.251390949474865e-03,-4.951390949474865e-03
18600,0,1.200000000000000e-01,6.318155347572314e-03,1.136818446524277e-01
18600,1,-8.000000000000000e-02,6.288155347572314e-03,-8.628815534757231e-02
18600,2,5.500000000000000e-02,6.278162847572314e-03,4.872183715242769e-02
18600,3,4.000000000000000e-02,6.254425343822314e-03,3.374557465617769e-02
18600,4,-3.000000000000000e-02,6.220705643200125e-03,-3.622070564320012e-02
18600,5,2.500000000000000e-02,6.194519662278560e-03,1.880548033772144e-02
18600,6,2.000000000000000e-02,6.162116413833147e-03,1.383788358616685e-02
18600,7,-1.800000000000000e-02,6.124761770260402e-03,-2.412476177026040e-02
18600,8,1.500000000000000e-02,6.091972497313909e-03,8.908027502686090e-03
18600,9,1.200000000000000e-02,6.055498802913307e-03,5.944501197086693e-03
18600,10,-1.000000000000000e-02,6.016107174325110e-03,-1.601610717432511e-02
18600,11,8.999999999999999e-03,5.979314024808381e-03,3.020685975191619e-03
18600,12,8.000000000000000e-03,5.940372056452824e-03,2.059627943547176e-03
18600,13,-7.000000000000000e-03,5.899546914002334e-03,-1.289954691400233e-02
18600,14,6.000000000000000e-03,5.860604453264808e-03,1.393955467351923e-04
18600,15,5.000000000000000e-03,5.820298291139861e-03,-8.202982911398610e-04
18600,16,-4.000000000000000e-03,5.778893277122885e-03,-9.778893277122884e-03
18600,17,3.500000000000000e-03,5.738653883161977e-03,-2.238653883161977e-03
18600,18,3.000000000000000e-03,5.697710506625404e-03,-2.697710506625404e-03
18600,19,-2.500000000000000e-03,5.656201375283243e-03,-8.156201375283244e-03
18600,20,2.000000000000000e-03,5.615514412314959e-03,-3.615514412314959e-03
18600,21,1.800000000000000e-03,5.574530884161517e-03,-3.774530884161517e-03
18600,22,-1.500000000000000e-03,5.533312519530880e-03,-7.033312519530880e-03
18600,23,1.200000000000000e-03,5.492695855905711e-03,-4.292695855905711e-03
18600,24,1.000000000000000e-03,5.452012738096387e-03,-4.452012738096387e-03
18600,25,-8.000000000000000e-04,5.411323718993917e-03,-6.211323718993918e-03
18600,26,5.999999999999999e-04,5.371089006260838e-03,-4.771089006260838e-03
18600,27,5.000000000000000e-04,5.330965819160525e-03,-4.830965819160525e-03
18600,28,-4.000000000000000e-04,5.290988463573140e-03,-5.690988463573140e-03
18600,29,3.000000000000000e-04,5.251390949474865e-03,-4.951390949474865e-03
18700,0,1.200000000000000e-01,6.318155347572314e-03,1.136818446524277e-01
18700,1,-8.000000000000000e-02,6.288155347572314e-03,-8.628815534757231e-02
18700,2,5.500000000000000e-02,6.278162847572314e-03,4.872183715242769e-02
18700,3,4.000000000000000e-02,6.254425343822314e-03,3.374557465617769e-02
18700,4,-3.000000000000000e-02,6.220705643200125e-03,-3.622070564320012e-02
18700,5,2.500000000000000e-02,6.194519662278560e-03,1.880548033772144e-02
18700,6,2.000000000000000e-02,6.162116413833147e-03,1.383788358616685e-02
18700,7,-1.800000000000000e-02,6.124761770260402e-03,-2.412476177026040e-02
18700,8,1.500000000000000e-02,6.091972497313909e-03,8.908027502686090e-03
18700,9,1.200000000000000e-02,6.055498802913307e-03,5.944501197086693e-03
18700,10,-1.000000000000000e-02,6.016107174325110e-03,-1.601610717432511e-02
18700,11,8.999999999999999e-03,5.979314024808381e-03,3.020685975191619e-03
18700,12,8.000000000000000e-03,5.940372056452824e-03,2.059627943547176e-03
18700,13,-7.000000000000000e-03,5.899546914002334e-03,-1.289954691400233e-02
18700,14,6.000000000000000e-03,5.860604453264808e-03,1.393955467351923e-04
18700,15,5.000000000000000e-03,5.820298291139861e-03,-8.202982911398610e-04
18700,16,-4.000000000000000e-03,5.778893277122885e-03,-9.778893277122884e-03
18700,17,3.500000000000000e-03,5.738653883161977e-03,-2.238653883161977e-03
18700,18,3.000000000000000e-03,5.697710506625404e-03,-2.697710506625404e-03
18700,19,-2.500000000000000e-03,5.656201375283243e-03,-8.156201375283244e-03
18700,20,2.000000000000000e-03,5.615514412314959e-03,-3.615514412314959e-03
18700,21,1.800000000000000e-03,5.574530884161517e-03,-3.774530884161517e-03
18700,22,-1.500000000000000e-03,5.533312519530880e-03,-7.033312519530880e-03
18700,23,1.200000000000000e-03,5.492695855905711e-03,-4.292695855905711e-03
18700,24,1.000000000000000e-03,5.452012738096387e-03,-4.452012738096387e-03
18700,25,-8.000000000000000e-04,5.411323718993917e-03,-6.211323718993918e-03
18700,26,5.999999999999999e-04,5.371089006260838e-03,-4.771089006260838e-03
18700,27,5.000000000000000e-04,5.330965819160525e-03,-4.830965819160525e-03
18700,28,-4.000000000000000e-04,5.290988463573140e-03,-5.690988463573140e-03
18700,29,3.000000000000000e-04,5.251390949474865e-03,-4.951390949474865e-03
18800,0,1.200000000000000e-01,6.318155347572314e-03,1.136818446524277e-01
18800,1,-8.000000000000000e-02,6.288155347572314e-03,-8.628815534757231e-02
18800,2,5.500000000000000e-02,6.278162847572314e-03,4.872183715242769e-02
18800,3,4.000000000000000e-02,6.254425343822314e-03,3.374557465617769e-02
18800,4,-3.000000000000000e-02,6.220705643200125e-03,-3.622070564320012e-02
18800,5,2.500000000000000e-02,6.194519662278560e-03,1.880548033772144e-02
18800,6,2.000000000000000e-02,6.162116413833147e-03,1.383788358616685e-02
18800,7,-1.800000000000000e-02,6.124761770260402e-03,-2.412476177026040e-02
18800,8,1.500000000000000e-02,6.091972497313909e-03,8.908027502686090e-03
18800,9,1.200000000000000e-02,6.055498802913307e-03,5.944501197086693e-03
18800,10,-1.000000000000000e-02,6.016107174325110e-03,-1.601610717432511e-02
18800,11,8.999999999999999e-03,5.979314024808381e-03,3.020685975191619e-03
18800,12,8.000000000000000e-03,5.940372056452824e-03,2.059627943547176e-03
18800,13,-7.000000000000000e-03,5.899546914002334e-03,-1.289954691400233e-02
18800,14,6.000000000000000e-03,5.860604453264808e-03,1.393955467351923e-04
18800,15,5.000000000000000e-03,5.820298291139861e-03,-8.202982911398610e-04
18800,16,-4.000000000000000e-03,5.778893277122885e-03,-9.778893277122884e-03
18800,17,3.500000000000000e-03,5.738653883161977e-03,-2.238653883161977e-03
18800,18,3.000000000000000e-03,5.697710506625404e-03,-2.697710506625404e-03
18800,19,-2.500000000000000e-03,5.656201375283243e-03,-8.156201375283244e-03
18800,20,2.000000000000000e-03,5.615514412314959e-03,-3.615514412314959e-03
18800,21,1.800000000000000e-03,5.574530884161517e-03,-3.774530884161517e-03
18800,22,-1.500000000000000e-03,5.533312519530880e-03,-7.033312519530880e-03
18800,23,1.200000000000000e-03,5.492695855905711e-03,-4.292695855905711e-03
18800,24,1.000000000000000e-03,5.452012738096387e-03,-4.452012738096387e-03
18800,25,-8.000000000000000e-04,5.411323718993917e-03,-6.211323718993918e-03
18800,26,5.999999999999999e-04,5.371089006260838e-03,-4.771089006260838e-03
18800,27,5.000000000000000e-04,5.330965819160525e-03,-4.830965819160525e-03
18800,28,-4.000000000000000e-04,5.290988463573140e-03,-5.690988463573140e-03
18800,29,3.000000000000000e-04,5.251390949474865e-03,-4.951390949474865e-03
18900,0,1.200000000000000e-01,6.318155347572314e-03,1.136818446524277e-01
18900,1,-8.000000000000000e-02,6.288155347572314e-03,-8.628815534757231e-02
18900,2,5.500000000000000e-02,6.278162847572314e-03,4.872183715242769e-02
18900,3,4.000000000000000e-02,6.254425343822314e-03,3.374557465617769e-02
18900,4,-3.000000000000000e-02,6.220705643200125e-03,-3.622070564320012e-02
18900,5,2.500000000000000e-02,6.194519662278560e-03,1.880548033772144e-02
18900,6,2.000000000000000e-02,6.162116413833147e-03,1.383788358616685e-02
18900,7,-1.800000000000000e-02,6.124761770260402e-03,-2.412476177026040e-02
18900,8,1.500000000000000e-02,6.091972497313909e-03,8.908027502686090e-03
18900,9,1.200000000000000e-02,6.055498802913307e-03,5.944501197086693e-03
18900,10,-1.000000000000000e-02,6.016107174325110e-03,-1.601610717432511e-02
18900,11,8.999999999999999e-03,5.979314024808381e-03,3.020685975191619e-03
18900,12,8.000000000000000e-03,5.940372056452824e-03,2.059627943547176e-03
18900,13,-7.000000000000000e-03,5.899546914002334e-03,-1.289954691400233e-02
18900,14,6.000000000000000e-03,5.860604453264808e-03,1.393955467351923e-04
18900,15,5.000000000000000e-03,5.820298291139861e-03,-8.202982911398610e-04
18900,16,-4.000000000000000e-03,5.778893277122885e-03,-9.778893277122884e-03
18900,17,3.500000000000000e-03,5.738653883161977e-03,-2.238653883161977e-03
18900,18,3.000000000000000e-03,5.697710506625404e-03,-2.697710506625404e-03
18900,19,-2.500000000000000e-03,5.656201375283243e-03,-8.156201375283244e-03
18900,20,2.000000000000000e-03,5.615514412314959e-03,-3.615514412314959e-03
18900,21,1.800000000000000e-03,5.574530884161517e-03,-3.774530884161517e-03
18900,22,-1.500000000000000e-03,5.533312519530880e-03,-7.033312519530880e-03
18900,23,1.200000000000000e-03,5.492695855905711e-03,-4.292695855905711e-03
18900,24,1.000000000000000e-03,5.452012738096387e-03,-4.452012738096387e-03
18900,25,-8.000000000000000e-04,5.411323718993917e-03,-6.211323718993918e-03
18900,26,5.999999999999999e-04,5.371089006260838e-03,-4.771089006260838e-03
18900,27,5.000000000000000e-04,5.330965819160525e-03,-4.830965819160525e-03
18900,28,-4.000000000000000e-04,5.290988463573140e-03,-5.690988463573140e-03
18900,29,3.000000000000000e-04,5.251390949474865e-03,-4.951390949474865e-03
19000,0,1.200000000000000e-01,6.318155347572314e-03,1.136818446524277e-01
19000,1,-8.000000000000000e-02,6.288155347572314e-03,-8.628815534757231e-02
19000,2,5.500000000000000e-02,6.278162847572314e-03,4.872183715242769e-02
19000,3,4.000000000000000e-02,6.254425343822314e-03,3.374557465617769e-02
19000,4,-3.000000000000000e-02,6.220705643200125e-03,-3.622070564320012e-02
19000,5,2.500000000000000e-02,6.194519662278560e-03,1.880548033772144e-02
19000,6,2.000000000000000e-02,6.162116413833147e-03,1.383788358616685e-02
19000,7,-1.800000000000000e-02,6.124761770260402e-03,-2.412476177026040e-02
19000,8,1.500000000000000e-02,6.091972497313909e-03,8.908027502686090e-03
19000,9,1.200000000000000e-02,6.055498802913307e-03,5.944501197086693e-03
19000,10,-1.000000000000000e-02,6.016107174325110e-03,-1.601610717432511e-02
19000,11,8.999999999999999e-03,5.979314024808381e-03,3.020685975191619e-03
19000,12,8.000000000000000e-03,5.940372056452824e-03,2.059627943547176e-03
19000,13,-7.000000000000000e-03,5.899546914002334e-03,-1.289954691400233e-02
19000,14,6.000000000000000e-03,5.860604453264808e-03,1.393955467351923e-04
19000,15,5.000000000000000e-03,5.820298291139861e-03,-8.202982911398610e-04
19000,16,-4.000000000000000e-03,5.778893277122885e-03,-9.778893277122884e-03
19000,17,3.500000000000000e-03,5.738653883161977e-03,-2.238653883161977e-03
19000,18,3.000000000000000e-03,5.697710506625404e-03,-2.697710506625404e-03
19000,19,-2.500000000000000e-03,5.656201375283243e-03,-8.156201375283244e-03
19000,20,2.000000000000000e-03,5.615514412314959e-03,-3.615514412314959e-03
19000,21,1.800000000000000e-03,5.574530884161517e-03,-3.774530884161517e-03
19000,22,-1.500000000000000e-03,5.533312519530880e-03,-7.033312519530880e-03
19000,23,1.200000000000000e-03,5.492695855905711e-03,-4.292695855905711e-03
19000,24,1.000000000000000e-03,5.452012738096387e-03,-4.452012738096387e-03
19000,25,-8.000000000000000e-04,5.411323718993917e-03,-6.211323718993918e-03
19000,26,5.999999999999999e-04,5.371089006260838e-03,-4.771089006260838e-03
19000,27,5.000000000000000e-04,5.330965819160525e-03,-4.830965819160525e-03
19000,28,-4.000000000000000e-04,5.290988463573140e-03,-5.690988463573140e-03
19000,29,3.000000000000000e-04,5.251390949474865e-03,-4.951390949474865e-03
19100,0,1.200000000000000e-01,6.318155347572314e-03,1.136818446524277e-01
19100,1,-8.000000000000000e-02,6.288155347572314e-03,-8.628815534757231e-02
19100,2,5.500000000000000e-02,6.278162847572314e-03,4.872183715242769e-02
19100,3,4.000000000000000e-02,6.254425343822314e-03,3.374557465617769e-02
19100,4,-3.000000000000000e-02,6.220705643200125e-03,-3.622070564320012e-02
19100,5,2.500000000000000e-02,6.194519662278560e-03,1.880548033772144e-02
19100,6,2.000000000000000e-02,6.162116413833147e-03,1.383788358616685e-02
19100,7,-1.800000000000000e-02,6.124761770260402e-03,-2.412476177026040e-02
19100,8,1.500000000000000e-02,6.091972497313909e-03,8.908027502686090e-03
19100,9,1.200000000000000e-02,6.055498802913307e-03,5.944501197086693e-03
19100,10,-1.000000000000000e-02,6.016107174325110e-03,-1.601610717432511e-02
19100,11,8.999999999999999e-03,5.979314024808381e-03,3.020685975191619e-03
19100,12,8.000000000000000e-03,5.940372056452824e-03,2.059627943547176e-03
19100,13,-7.000000000000000e-03,5.899546914002334e-03,-1.289954691400233e-02
19100,14,6.000000000000000e-03,5.860604453264808e-03,1.393955467351923e-04
19100,15,5.000000000000000e-03,5.820298291139861e-03,-8.202982911398610e-04
19100,16,-4.000000000000000e-03,5.778893277122885e-03,-9.778893277122884e-03
19100,17,3.500000000000000e-03,5.738653883161977e-03,-2.238653883161977e-03
19100,18,3.000000000000000e-03,5.697710506625404e-03,-2.697710506625404e-03
19100,19,-2.500000000000000e-03,5.656201375283243e-03,-8.156201375283244e-03
19100,20,2.000000000000000e-03,5.615514412314959e-03,-3.615514412314959e-03
19100,21,1.800000000000000e-03,5.574530884161517e-03,-3.774530884161517e-03
19100,22,-1.500000000000000e-03,5.533312519530880e-03,-7.033312519530880e-03
19100,23,1.200000000000000e-03,5.492695855905711e-03,-4.292695855905711e-03
19100,24,1.000000000000000e-03,5.452012738096387e-03,-4.452012738096387e-03
19100,25,-8.000000000000000e-04,5.411323718993917e-03,-6.211323718993918e-03
19100,26,5.999999999999999e-04,5.371089006260838e-03,-4.771089006260838e-03
19100,27,5.000000000000000e-04,5.330965819160525e-03,-4.830965819160525e-03
19100,28,-4.000000000000000e-04,5.290988463573140e-03,-5.690988463573140e-03
19100,29,3.000000000000000e-04,5.251390949474865e-03,-4.951390949474865e-03
19200,0,1.200000000000000e-01,6.318155347572314e-03,1.136818446524277e-01
19200,1,-8.000000000000000e-02,6.288155347572314e-03,-8.628815534757231e-02
19200,2,5.500000000000000e-02,6.278162847572314e-03,4.872183715242769e-02
19200,3,4.000000000000000e-02,6.254425343822314e-03,3.374557465617769e-02
19200,4,-3.000000000000000e-02,6.220705643200125e-03,-3.622070564320012e-02
19200,5,2.500000000000000e-02,6.194519662278560e-03,1.880548033772144e-02
19200,6,2.000000000000000e-02,6.162116413833147e-03,1.383788358616685e-02
19200,7,-1.800000000000000e-02,6.124761770260402e-03,-2.412476177026040e-02
19200,8,1.500000000000000e-02,6.091972497313909e-03,8.908027502686090e-03
19200,9,1.200000000000000e-02,6.055498802913307e-03,5.944501197086693e-03
19200,10,-1.000000000000000e-02,6.016107174325110e-03,-1.601610717432511e-02
19200,11,8.999999999999999e-03,5.979314024808381e-03,3.020685975191619e-03
19200,12,8.000000000000000e-03,5.940372056452824e-03,2.059627943547176e-03
19200,13,-7.000000000000000e-03,5.899546914002334e-03,-1.289954691400233e-02
19200,14,6.000000000000000e-03,5.860604453264808e-03,1.393955467351923e-04
19200,15,5.000000000000000e-03,5.820298291139861e-03,-8.202982911398610e-04
19200,16,-4.000000000000000e-03,5.778893277122885e-03,-9.778893277122884e-03
19200,17,3.500000000000000e-03,5.738653883161977e-03,-2.238653883161977e-03
19200,18,3.000000000000000e-03,5.697710506625404e-03,-2.697710506625404e-03
19200,19,-2.500000000000000e-03,5.656201375283243e-03,-8.156201375283244e-03
19200,20,2.000000000000000e-03,5.615514412314959e-03,-3.615514412314959e-03
19200,21,1.800000000000000e-03,5.574530884161517e-03,-3.774530884161517e-03
19200,22,-1.500000000000000e-03,5.533312519530880e-03,-7.033312519530880e-03
19200,23,1.200000000000000e-03,5.492695855905711e-03,-4.292695855905711e-03
19200,24,1.000000000000000e-03,5.452012738096387e-03,-4.452012738096387e-03
19200,25,-8.000000000000000e-04,5.411323718993917e-03,-6.211323718993918e-03
19200,26,5.999999999999999e-04,5.371089006260838e-03,-4.771089006260838e-03
19200,27,5.000000000000000e-04,5.330965819160525e-03,-4.830965819160525e-03
19200,28,-4.000000000000000e-04,5.290988463573140e-03,-5.690988463573140e-03
19200,29,3.000000000000000e-04,5.251390949474865e-03,-4.951390949474865e-03
19300,0,1.200000000000000e-01,6.318155347572314e-03,1.136818446524277e-01
19300,1,-8.000000000000000e-02,6.288155347572314e-03,-8.628815534757231e-02
19300,2,5.500000000000000e-02,6.278162847572314e-03,4.872183715242769e-02
19300,3,4.000000000000000e-02,6.254425343822314e-03,3.374557465617769e-02
19300,4,-3.000000000000000e-02,6.220705643200125e-03,-3.622070564320012e-02
19300,5,2.500000000000000e-02,6.194519662278560e-03,1.880548033772144e-02
19300,6,2.000000000000000e-02,6.162116413833147e-03,1.383788358616685e-02
19300,7,-1.800000000000000e-02,6.124761770260402e-03,-2.412476177026040e-02
19300,8,1.500000000000000e-02,6.091972497313909e-03,8.908027502686090e-03
19300,9,1.200000000000000e-02,6.055498802913307e-03,5.944501197086693e-03
19300,10,-1.000000000000000e-02,6.016107174325110e-03,-1.601610717432511e-02
19300,11,8.999999999999999e-03,5.979314024808381e-03,3.020685975191619e-03
19300,12,8.000000000000000e-03,5.940372056452824e-03,2.059627943547176e-03
19300,13,-7.000000000000000e-03,5.899546914002334e-03,-1.289954691400233e-02
19300,14,6.000000000000000e-03,5.860604453264808e-03,1.393955467351923e-04
19300,15,5.000000000000000e-03,5.820298291139861e-03,-8.202982911398610e-04
19300,16,-4.000000000000000e-03,5.778893277122885e-03,-9.778893277122884e-03
19300,17,3.500000000000000e-03,5.738653883161977e-03,-2.238653883161977e-03
19300,18,3.000000000000000e-03,5.697710506625404e-03,-2.697710506625404e-03
19300,19,-2.500000000000000e-03,5.656201375283243e-03,-8.156201375283244e-03
19300,20,2.000000000000000e-03,5.615514412314959e-03,-3.615514412314959e-03
19300,21,1.800000000000000e-03,5.574530884161517e-03,-3.774530884161517e-03
19300,22,-1.500000000000000e-03,5.533312519530880e-03,-7.033312519530880e-03
19300,23,1.200000000000000e-03,5.492695855905711e-03,-4.292695855905711e-03
19300,24,1.000000000000000e-03,5.452012738096387e-03,-4.452012738096387e-03
19300,25,-8.000000000000000e-04,5.411323718993917e-03,-6.211323718993918e-03
19300,26,5.999999999999999e-04,5.371089006260838e-03,-4.771089006260838e-03
19300,27,5.000000000000000e-04,5.330965819160525e-03,-4.830965819160525e-03
19300,28,-4.000000000000000e-04,5.290988463573140e-03,-5.690988463573140e-03
19300,29,3.000000000000000e-04,5.251390949474865e-03,-4.951390949474865e-03
19400,0,1.200000000000000e-01,6.318155347572314e-03,1.136818446524277e-01
19400,1,-8.000000000000000e-02,6.288155347572314e-03,-8.628815534757231e-02
19400,2,5.500000000000000e-02,6.278162847572314e-03,4.872183715242769e-02
19400,3,4.000000000000000e-02,6.254425343822314e-03,3.374557465617769e-02
19400,4,-3.000000000000000e-02,6.220705643200125e-03,-3.622070564320012e-02
19400,5,2.500000000000000e-02,6.194519662278560e-03,1.880548033772144e-02
19400,6,2.000000000000000e-02,6.162116413833147e-03,1.383788358616685e-02
19400,7,-1.800000000000000e-02,6.124761770260402e-03,-2.412476177026040e-02
19400,8,1.500000000000000e-02,6.091972497313909e-03,8.908027502686090e-03
19400,9,1.200000000000000e-02,6.055498802913307e-03,5.944501197086693e-03
19400,10,-1.000000000000000e-02,6.016107174325110e-03,-1.601610717432511e-02
19400,11,8.999999999999999e-03,5.979314024808381e-03,3.020685975191619e-03
19400,12,8.000000000000000e-03,5.940372056452824e-03,2.059627943547176e-03
19400,13,-7.000000000000000e-03,5.899546914002334e-03,-1.289954691400233e-02
19400,14,6.000000000000000e-03,5.860604453264808e-03,1.393955467351923e-04
19400,15,5.000000000000000e-03,5.820298291139861e-03,-8.202982911398610e-04
19400,16,-4.000000000000000e-03,5.778893277122885e-03,-9.778893277122884e-03
19400,17,3.500000000000000e-03,5.738653883161977e-03,-2.238653883161977e-03
19400,18,3.000000000000000e-03,5.697710506625404e-03,-2.697710506625404e-03
19400,19,-2.500000000000000e-03,5.656201375283243e-03,-8.156201375283244e-03
19400,20,2.000000000000000e-03,5.615514412314959e-03,-3.615514412314959e-03
19400,21,1.800000000000000e-03,5.574530884161517e-03,-3.774530884161517e-03
19400,22,-1.500000000000000e-03,5.533312519530880e-03,-7.033312519530880e-03
19400,23,1.200000000000000e-03,5.492695855905711e-03,-4.292695855905711e-03
19400,24,1.000000000000000e-03,5.452012738096387e-03,-4.452012738096387e-03
19400,25,-8.000000000000000e-04,5.411323718993917e-03,-6.211323718993918e-03
19400,26,5.999999999999999e-04,5.371089006260838e-03,-4.771089006260838e-03
19400,27,5.000000000000000e-04,5.330965819160525e-03,-4.830965819160525e-03
19400,28,-4.000000000000000e-04,5.290988463573140e-03,-5.690988463573140e-03
19400,29,3.000000000000000e-04,5.251390949474865e-03,-4.951390949474865e-03
19500,0,1.200000000000000e-01,6.318155347572314e-03,1.136818446524277e-01
19500,1,-8.000000000000000e-02,6.288155347572314e-03,-8.628815534757231e-02
19500,2,5.500000000000000e-02,6.278162847572314e-03,4.872183715242769e-02
19500,3,4.000000000000000e-02,6.254425343822314e-03,3.374557465617769e-02
19500,4,-3.000000000000000e-02,6.220705643200125e-03,-3.622070564320012e-02
19500,5,2.500000000000000e-02,6.194519662278560e-03,1.880548033772144e-02
19500,6,2.000000000000000e-02,6.162116413833147e-03,1.383788358616685e-02
19500,7,-1.800000000000000e-02,6.124761770260402e-03,-2.412476177026040e-02
19500,8,1.500000000000000e-02,6.091972497313909e-03,8.908027502686090e-03
19500,9,1.200000000000000e-02,6.055498802913307e-03,5.944501197086693e-03
19500,10,-1.000000000000000e-02,6.016107174325110e-03,-1.601610717432511e-02
19500,11,8.999999999999999e-03,5.979314024808381e-03,3.020685975191619e-03
19500,12,8.000000000000000e-03,5.940372056452824e-03,2.059627943547176e-03
19500,13,-7.000000000000000e-03,5.899546914002334e-03,-1.289954691400233e-02
19500,14,6.000000000000000e-03,5.860604453264808e-03,1.393955467351923e-04
19500,15,5.000000000000000e-03,5.820298291139861e-03,-8.202982911398610e-04
19500,16,-4.000000000000000e-03,5.778893277122885e-03,-9.778893277122884e-03
19500,17,3.500000000000000e-03,5.738653883161977e-03,-2.238653883161977e-03
19500,18,3.000000000000000e-03,5.697710506625404e-03,-2.697710506625404e-03
19500,19,-2.500000000000000e-03,5.656201375283243e-03,-8.156201375283244e-03
19500,20,2.000000000000000e-03,5.615514412314959e-03,-3.615514412314959e-03
19500,21,1.800000000000000e-03,5.574530884161517e-03,-3.774530884161517e-03
19500,22,-1.500000000000000e-03,5.533312519530880e-03,-7.033312519530880e-03
19500,23,1.200000000000000e-03,5.492695855905711e-03,-4.292695855905711e-03
19500,24,1.000000000000000e-03,5.452012738096387e-03,-4.452012738096387e-03
19500,25,-8.000000000000000e-04,5.411323718993917e-03,-6.211323718993918e-03
19500,26,5.999999999999999e-04,5.371089006260838e-03,-4.771089006260838e-03
19500,27,5.000000000000000e-04,5.330965819160525e-03,-4.830965819160525e-03
19500,28,-4.000000000000000e-04,5.290988463573140e-03,-5.690988463573140e-03
19500,29,3.000000000000000e-04,5.251390949474865e-03,-4.951390949474865e-03
19600,0,1.200000000000000e-01,6.318155347572314e-03,1.136818446524277e-01
19600,1,-8.000000000000000e-02,6.288155347572314e-03,-8.628815534757231e-02
19600,2,5.500000000000000e-02,6.278162847572314e-03,4.872183715242769e-02
19600,3,4.000000000000000e-02,6.254425343822314e-03,3.374557465617769e-02
19600,4,-3.000000000000000e-02,6.220705643200125e-03,-3.622070564320012e-02
19600,5,2.500000000000000e-02,6.194519662278560e-03,1.880548033772144e-02
19600,6,2.000000000000000e-02,6.162116413833147e-03,1.383788358616685e-02
19600,7,-1.800000000000000e-02,6.124761770260402e-03,-2.412476177026040e-02
19600,8,1.500000000000000e-02,6.091972497313909e-03,8.908027502686090e-03
19600,9,1.200000000000000e-02,6.055498802913307e-03,5.944501197086693e-03
19600,10,-1.000000000000000e-02,6.016107174325110e-03,-1.601610717432511e-02
19600,11,8.999999999999999e-03,5.979314024808381e-03,3.020685975191619e-03
19600,12,8.000000000000000e-03,5.940372056452824e-03,2.059627943547176e-03
19600,13,-7.000000000000000e-03,5.899546914002334e-03,-1.289954691400233e-02
19600,14,6.000000000000000e-03,5.860604453264808e-03,1.393955467351923e-04
19600,15,5.000000000000000e-03,5.820298291139861e-03,-8.202982911398610e-04
19600,16,-4.000000000000000e-03,5.778893277122885e-03,-9.778893277122884e-03
19600,17,3.500000000000000e-03,5.738653883161977e-03,-2.238653883161977e-03
19600,18,3.000000000000000e-03,5.697710506625404e-03,-2.697710506625404e-03
19600,19,-2.500000000000000e-03,5.656201375283243e-03,-8.156201375283244e-03
19600,20,2.000000000000000e-03,5.615514412314959e-03,-3.615514412314959e-03
19600,21,1.800000000000000e-03,5.574530884161517e-03,-3.774530884161517e-03
19600,22,-1.500000000000000e-03,5.533312519530880e-03,-7.033312519530880e-03
19600,23,1.200000000000000e-03,5.492695855905711e-03,-4.292695855905711e-03
19600,24,1.000000000000000e-03,5.452012738096387e-03,-4.452012738096387e-03
19600,25,-8.000000000000000e-04,5.411323718993917e-03,-6.211323718993918e-03
19600,26,5.999999999999999e-04,5.371089006260838e-03,-4.771089006260838e-03
19600,27,5.000000000000000e-04,5.330965819160525e-03,-4.830965819160525e-03
19600,28,-4.000000000000000e-04,5.290988463573140e-03,-5.690988463573140e-03
19600,29,3.000000000000000e-04,5.251390949474865e-03,-4.951390949474865e-03
19700,0,1.200000000000000e-01,6.318155347572314e-03,1.136818446524277e-01
19700,1,-8.000000000000000e-02,6.288155347572314e-03,-8.628815534757231e-02
19700,2,5.500000000000000e-02,6.278162847572314e-03,4.872183715242769e-02
19700,3,4.000000000000000e-02,6.254425343822314e-03,3.374557465617769e-02
19700,4,-3.000000000000000e-02,6.220705643200125e-03,-3.622070564320012e-02
19700,5,2.500000000000000e-02,6.194519662278560e-03,1.880548033772144e-02
19700,6,2.000000000000000e-02,6.162116413833147e-03,1.383788358616685e-02
19700,7,-1.800000000000000e-02,6.124761770260402e-03,-2.412476177026040e-02
19700,8,1.500000000000000e-02,6.091972497313909e-03,8.908027502686090e-03
19700,9,1.200000000000000e-02,6.055498802913307e-03,5.944501197086693e-03
19700,10,-1.000000000000000e-02,6.016107174325110e-03,-1.601610717432511e-02
19700,11,8.999999999999999e-03,5.979314024808381e-03,3.020685975191619e-03
19700,12,8.000000000000000e-03,5.940372056452824e-03,2.059627943547176e-03
19700,13,-7.000000000000000e-03,5.899546914002334e-03,-1.289954691400233e-02
19700,14,6.000000000000000e-03,5.860604453264808e-03,1.393955467351923e-04
19700,15,5.000000000000000e-03,5.820298291139861e-03,-8.202982911398610e-04
19700,16,-4.000000000000000e-03,5.778893277122885e-03,-9.778893277122884e-03
19700,17,3.500000000000000e-03,5.738653883161977e-03,-2.238653883161977e-03
19700,18,3.000000000000000e-03,5.697710506625404e-03,-2.697710506625404e-03
19700,19,-2.500000000000000e-03,5.656201375283243e-03,-8.156201375283244e-03
19700,20,2.000000000000000e-03,5.615514412314959e-03,-3.615514412314959e-03
19700,21,1.800000000000000e-03,5.574530884161517e-03,-3.774530884161517e-03
19700,22,-1.500000000000000e-03,5.533312519530880e-03,-7.033312519530880e-03
19700,23,1.200000000000000e-03,5.492695855905711e-03,-4.292695855905711e-03
19700,24,1.000000000000000e-03,5.452012738096387e-03,-4.452012738096387e-03
19700,25,-8.000000000000000e-04,5.411323718993917e-03,-6.211323718993918e-03
19700,26,5.999999999999999e-04,5.371089006260838e-03,-4.771089006260838e-03
19700,27,5.000000000000000e-04,5.330965819160525e-03,-4.830965819160525e-03
19700,28,-4.000000000000000e-04,5.290988463573140e-03,-5.690988463573140e-03
19700,29,3.000000000000000e-04,5.251390949474865e-03,-4.951390949474865e-03
19800,0,1.200000000000000e-01,6.318155347572314e-03,1.136818446524277e-01
19800,1,-8.000000000000000e-02,6.288155347572314e-03,-8.628815534757231e-02
19800,2,5.500000000000000e-02,6.278162847572314e-03,4.872183715242769e-02
19800,3,4.000000000000000e-02,6.254425343822314e-03,3.374557465617769e-02
19800,4,-3.000000000000000e-02,6.220705643200125e-03,-3.622070564320012e-02
19800,5,2.500000000000000e-02,6.194519662278560e-03,1.880548033772144e-02
19800,6,2.000000000000000e-02,6.162116413833147e-03,1.383788358616685e-02
19800,7,-1.800000000000000e-02,6.124761770260402e-03,-2.412476177026040e-02
19800,8,1.500000000000000e-02,6.091972497313909e-03,8.908027502686090e-03
19800,9,1.200000000000000e-02,6.055498802913307e-03,5.944501197086693e-03
19800,10,-1.000000000000000e-02,6.016107174325110e-03,-1.601610717432511e-02
19800,11,8.999999999999999e-03,5.979314024808381e-03,3.020685975191619e-03
19800,12,8.000000000000000e-03,5.940372056452824e-03,2.059627943547176e-03
19800,13,-7.000000000000000e-03,5.899546914002334e-03,-1.289954691400233e-02
19800,14,6.000000000000000e-03,5.860604453264808e-03,1.393955467351923e-04
19800,15,5.000000000000000e-03,5.820298291139861e-03,-8.202982911398610e-04
19800,16,-4.000000000000000e-03,5.778893277122885e-03,-9.778893277122884e-03
19800,17,3.500000000000000e-03,5.738653883161977e-03,-2.238653883161977e-03
19800,18,3.000000000000000e-03,5.697710506625404e-03,-2.697710506625404e-03
19800,19,-2.500000000000000e-03,5.656201375283243e-03,-8.156201375283244e-03
19800,20,2.000000000000000e-03,5.615514412314959e-03,-3.615514412314959e-03
19800,21,1.800000000000000e-03,5.574530884161517e-03,-3.774530884161517e-03
19800,22,-1.500000000000000e-03,5.533312519530880e-03,-7.033312519530880e-03
19800,23,1.200000000000000e-03,5.492695855905711e-03,-4.292695855905711e-03
19800,24,1.000000000000000e-03,5.452012738096387e-03,-4.452012738096387e-03
19800,25,-8.000000000000000e-04,5.411323718993917e-03,-6.211323718993918e-03
19800,26,5.999999999999999e-04,5.371089006260838e-03,-4.771089006260838e-03
19800,27,5.000000000000000e-04,5.330965819160525e-03,-4.830965819160525e-03
19800,28,-4.000000000000000e-04,5.290988463573140e-03,-5.690988463573140e-03
19800,29,3.000000000000000e-04,5.251390949474865e-03,-4.951390949474865e-03
19900,0,1.200000000000000e-01,6.318155347572314e-03,1.136818446524277e-01
19900,1,-8.000000000000000e-02,6.288155347572314e-03,-8.628815534757231e-02
19900,2,5.500000000000000e-02,6.278162847572314e-03,4.872183715242769e-02
19900,3,4.000000000000000e-02,6.254425343822314e-03,3.374557465617769e-02
19900,4,-3.000000000000000e-02,6.220705643200125e-03,-3.622070564320012e-02
19900,5,2.500000000000000e-02,6.194519662278560e-03,1.880548033772144e-02
19900,6,2.000000000000000e-02,6.162116413833147e-03,1.383788358616685e-02
19900,7,-1.800000000000000e-02,6.124761770260402e-03,-2.412476177026040e-02
19900,8,1.500000000000000e-02,6.091972497313909e-03,8.908027502686090e-03
19900,9,1.200000000000000e-02,6.055498802913307e-03,5.944501197086693e-03
19900,10,-1.000000000000000e-02,6.016107174325110e-03,-1.601610717432511e-02
19900,11,8.999999999999999e-03,5.979314024808381e-03,3.020685975191619e-03
19900,12,8.000000000000000e-03,5.940372056452824e-03,2.059627943547176e-03
19900,13,-7.000000000000000e-03,5.899546914002334e-03,-1.289954691400233e-02
19900,14,6.000000000000000e-03,5.860604453264808e-03,1.393955467351923e-04
19900,15,5.000000000000000e-03,5.820298291139861e-03,-8.202982911398610e-04
19900,16,-4.000000000000000e-03,5.778893277122885e-03,-9.778893277122884e-03
19900,17,3.500000000000000e-03,5.738653883161977e-03,-2.238653883161977e-03
19900,18,3.000000000000000e-03,5.697710506625404e-03,-2.697710506625404e-03
19900,19,-2.500000000000000e-03,5.656201375283243e-03,-8.156201375283244e-03
19900,20,2.000000000000000e-03,5.615514412314959e-03,-3.615514412314959e-03
19900,21,1.800000000000000e-03,5.574530884161517e-03,-3.774530884161517e-03
19900,22,-1.500000000000000e-03,5.533312519530880e-03,-7.033312519530880e-03
19900,23,1.200000000000000e-03,5.492695855905711e-03,-4.292695855905711e-03
19900,24,1.000000000000000e-03,5.452012738096387e-03,-4.452012738096387e-03
19900,25,-8.000000000000000e-04,5.411323718993917e-03,-6.211323718993918e-03
19900,26,5.999999999999999e-04,5.371089006260838e-03,-4.771089006260838e-03
19900,27,5.000000000000000e-04,5.330965819160525e-03,-4.830965819160525e-03
19900,28,-4.000000000000000e-04,5.290988463573140e-03,-5.690988463573140e-03
19900,29,3.000000000000000e-04,5.251390949474865e-03,-4.951390949474865e-03
20000,0,1.200000000000000e-01,6.318155347572314e-03,1.136818446524277e-01
20000,1,-8.000000000000000e-02,6.288155347572314e-03,-8.628815534757231e-02
20000,2,5.500000000000000e-02,6.278162847572314e-03,4.872183715242769e-02
20000,3,4.000000000000000e-02,6.254425343822314e-03,3.374557465617769e-02
20000,4,-3.000000000000000e-02,6.220705643200125e-03,-3.622070564320012e-02
20000,5,2.500000000000000e-02,6.194519662278560e-03,1.880548033772144e-02
20000,6,2.000000000000000e-02,6.162116413833147e-03,1.383788358616685e-02
20000,7,-1.800000000000000e-02,6.124761770260402e-03,-2.412476177026040e-02
20000,8,1.500000000000000e-02,6.091972497313909e-03,8.908027502686090e-03
20000,9,1.200000000000000e-02,6.055498802913307e-03,5.944501197086693e-03
20000,10,-1.000000000000000e-02,6.016107174325110e-03,-1.601610717432511e-02
20000,11,8.999999999999999e-03,5.979314024808381e-03,3.020685975191619e-03
20000,12,8.000000000000000e-03,5.940372056452824e-03,2.059627943547176e-03
20000,13,-7.000000000000000e-03,5.899546914002334e-03,-1.289954691400233e-02
20000,14,6.000000000000000e-03,5.860604453264808e-03,1.393955467351923e-04
20000,15,5.000000000000000e-03,5.820298291139861e-03,-8.202982911398610e-04
20000,16,-4.000000000000000e-03,5.778893277122885e-03,-9.778893277122884e-03
20000,17,3.500000000000000e-03,5.738653883161977e-03,-2.238653883161977e-03
20000,18,3.000000000000000e-03,5.697710506625404e-03,-2.697710506625404e-03
20000,19,-2.500000000000000e-03,5.656201375283243e-03,-8.156201375283244e-03
20000,20,2.000000000000000e-03,5.615514412314959e-03,-3.615514412314959e-03
20000,21,1.800000000000000e-03,5.574530884161517e-03,-3.774530884161517e-03
20000,22,-1.500000000000000e-03,5.533312519530880e-03,-7.033312519530880e-03
20000,23,1.200000000000000e-03,5.492695855905711e-03,-4.292695855905711e-03
20000,24,1.000000000000000e-03,5.452012738096387e-03,-4.452012738096387e-03
20000,25,-8.000000000000000e-04,5.411323718993917e-03,-6.211323718993918e-03
20000,26,5.999999999999999e-04,5.371089006260838e-03,-4.771089006260838e-03
20000,27,5.000000000000000e-04,5.330965819160525e-03,-4.830965819160525e-03
20000,28,-4.000000000000000e-04,5.290988463573140e-03,-5.690988463573140e-03
20000,29,3.000000000000000e-04,5.251390949474865e-03,-4.951390949474865e-03
