n,i,h,w,h_minus_w
100,0,1.200000000000000e-01,3.179819678749656e-02,8.820180321250343e-02
100,1,-8.000000000000000e-02,-1.718577536085557e-02,-6.281422463914443e-02
100,2,5.500000000000000e-02,1.297506204595750e-02,4.202493795404250e-02
100,3,4.000000000000000e-02,7.853716966448362e-03,3.214628303355164e-02
100,4,-3.000000000000000e-02,-5.335930160458635e-03,-2.466406983954136e-02
100,5,2.500000000000000e-02,1.061510769555644e-02,1.438489230444356e-02
100,6,2.000000000000000e-02,3.325652951233823e-04,1.966743470487662e-02
100,7,-1.800000000000000e-02,-1.231911059298562e-03,-1.676808894070144e-02
100,8,1.500000000000000e-02,3.447339281950557e-03,1.155266071804944e-02
100,9,1.200000000000000e-02,-2.793819816001582e-03,1.479381981600158e-02
100,10,-1.000000000000000e-02,-1.035334033166141e-03,-8.964665966833860e-03
100,11,8.999999999999999e-03,1.693196982591530e-03,7.306803017408469e-03
100,12,8.000000000000000e-03,-3.945856812111012e-03,1.194585681211101e-02
100,13,-7.000000000000000e-03,3.489223570506001e-03,-1.048922357050600e-02
100,14,6.000000000000000e-03,-4.620880058607491e-03,1.062088005860749e-02
100,15,5.000000000000000e-03,-1.583138372790344e-03,6.583138372790344e-03
100,16,-4.000000000000000e-03,4.853288336942369e-03,-8.853288336942369e-03
100,17,3.500000000000000e-03,-5.894086505574004e-03,9.394086505574004e-03
100,18,3.000000000000000e-03,4.663314957782614e-03,-1.663314957782614e-03
100,19,-2.500000000000000e-03,-6.392921476426241e-04,-1.860707852357376e-03
100,20,2.000000000000000e-03,-4.540859823652907e-04,2.454085982365291e-03
100,21,1.800000000000000e-03,-1.807164118489525e-03,3.607164118489525e-03
100,22,-1.500000000000000e-03,-3.805566539300365e-04,-1.119443346069963e-03
100,23,1.200000000000000e-03,-1.414259359750138e-03,2.614259359750138e-03
100,24,1.000000000000000e-03,-3.609832226502128e-03,4.609832226502128e-03
100,25,-8.000000000000000e-04,2.082539077270963e-03,-2.882539077270963e-03
100,26,5.999999999999999e-04,-4.400908257937191e-03,5.000908257937191e-03
100,27,5.000000000000000e-04,2.630499007879575e-03,-2.130499007879575e-03
100,28,-4.000000000000000e-04,-2.226273410168620e-03,1.826273410168620e-03
100,29,3.000000000000000e-04,-4.495872991475086e-04,7.495872991475085e-04
200,0,1.200000000000000e-01,6.429225518826551e-02,5.570774481173449e-02
200,1,-8.000000000000000e-02,-3.996659579979629e-02,-4.003340420020372e-02
200,2,5.500000000000000e-02,2.452149567574347e-02,3.047850432425653e-02
200,3,4.000000000000000e-02,2.355036740029014e-02,1.644963259970986e-02
200,4,-3.000000000000000e-02,-1.745392085657555e-02,-1.254607914342445e-02
200,5,2.500000000000000e-02,1.836512046372008e-02,6.634879536279920e-03
200,6,2.000000000000000e-02,7.200176072311145e-03,1.279982392768885e-02
200,7,-1.800000000000000e-02,-9.208369911483842e-03,-8.791630088516156e-03
200,8,1.500000000000000e-02,1.094235736804411e-02,4.057642631955891e-03
200,9,1.200000000000000e-02,-1.459431475210257e-03,1.345943147521026e-02
200,10,-1.000000000000000e-02,-2.677396039944637e-03,-7.322603960055364e-03
200,11,8.999999999999999e-03,9.525285043033838e-03,-5.252850430338390e-04
200,12,8.000000000000000e-03,-5.266876774554758e-03,1.326687677455476e-02
200,13,-7.000000000000000e-03,-1.204281642103139e-03,-5.795718357896861e-03
200,14,6.000000000000000e-03,3.419698452164518e-03,2.580301547835482e-03
200,15,5.000000000000000e-03,-3.626931160073767e-03,8.626931160073768e-03
200,16,-4.000000000000000e-03,7.115834518782724e-04,-4.711583451878273e-03
200,17,3.500000000000000e-03,2.691244666878408e-04,3.230875533312159e-03
200,18,3.000000000000000e-03,-5.033049917676672e-04,3.503304991767667e-03
200,19,-2.500000000000000e-03,1.136207727726220e-03,-3.636207727726220e-03
200,20,2.000000000000000e-03,-6.138286579092011e-04,2.613828657909201e-03
200,21,1.800000000000000e-03,-1.963507283351200e-03,3.763507283351200e-03
200,22,-1.500000000000000e-03,2.267523740954265e-03,-3.767523740954265e-03
200,23,1.200000000000000e-03,-4.119502689875664e-03,5.319502689875664e-03
200,24,1.000000000000000e-03,-4.867996683056920e-03,5.867996683056920e-03
200,25,-8.000000000000000e-04,1.937954196566804e-03,-2.737954196566804e-03
200,26,5.999999999999999e-04,-6.622487460970106e-03,7.222487460970105e-03
200,27,5.000000000000000e-04,3.335064990914990e-03,-2.835064990914990e-03
200,28,-4.000000000000000e-04,-2.845557240554553e-03,2.445557240554553e-03
200,29,3.000000000000000e-04,-5.005040295060074e-03,5.305040295060074e-03
300,0,1.200000000000000e-01,8.141006706213776e-02,3.858993293786224e-02
300,1,-8.000000000000000e-02,-4.902996356103661e-02,-3.097003643896339e-02
300,2,5.500000000000000e-02,3.378341350509046e-02,2.121658649490954e-02
300,3,4.000000000000000e-02,3.061281671150020e-02,9.387183288499797e-03
300,4,-3.000000000000000e-02,-2.101576100044878e-02,-8.984238999551218e-03
300,5,2.500000000000000e-02,2.150450349462927e-02,3.495496505370729e-03
300,6,2.000000000000000e-02,1.312673594874088e-02,6.873264051259124e-03
300,7,-1.800000000000000e-02,-1.168740507970999e-02,-6.312594920290010e-03
300,8,1.500000000000000e-02,1.364926937401556e-02,1.350730625984436e-03
300,9,1.200000000000000e-02,4.371683090514654e-03,7.628316909485346e-03
300,10,-1.000000000000000e-02,-6.072256661222958e-03,-3.927743338777042e-03
300,11,8.999999999999999e-03,1.081541986363694e-02,-1.815419863636944e-03
300,12,8.000000000000000e-03,-1.340769649023858e-04,8.134076964902386e-03
300,13,-7.000000000000000e-03,-4.304939829825447e-03,-2.695060170174553e-03
300,14,6.000000000000000e-03,6.045100458961008e-03,-4.510045896100826e-05
300,15,5.000000000000000e-03,2.072453545705735e-04,4.792754645429427e-03
300,16,-4.000000000000000e-03,-1.176498140406677e-03,-2.823501859593323e-03
300,17,3.500000000000000e-03,2.966971488086136e-03,5.330285119138638e-04
300,18,3.000000000000000e-03,2.194890179228025e-03,8.051098207719752e-04
300,19,-2.500000000000000e-03,-1.388579803328893e-03,-1.111420196671107e-03
300,20,2.000000000000000e-03,2.874803610776464e-03,-8.748036107764636e-04
300,21,1.800000000000000e-03,-1.031290459305269e-03,2.831290459305268e-03
300,22,-1.500000000000000e-03,2.567444202062963e-03,-4.067444202062964e-03
300,23,1.200000000000000e-03,-4.166136458523338e-03,5.366136458523338e-03
300,24,1.000000000000000e-03,-1.432133260669566e-03,2.432133260669566e-03
300,25,-8.000000000000000e-04,1.537009841003526e-03,-2.337009841003527e-03
300,26,5.999999999999999e-04,-4.352751368555926e-03,4.952751368555925e-03
300,27,5.000000000000000e-04,3.184181868153940e-03,-2.684181868153940e-03
300,28,-4.000000000000000e-04,7.871461051974998e-04,-1.187146105197500e-03
300,29,3.000000000000000e-04,-3.470308005865351e-03,3.770308005865351e-03
400,0,1.200000000000000e-01,9.462712773140589e-02,2.537287226859411e-02
400,1,-8.000000000000000e-02,-6.213623808963046e-02,-1.786376191036954e-02
400,2,5.500000000000000e-02,4.105287618308300e-02,1.394712381691701e-02
400,3,4.000000000000000e-02,3.616721599045838e-02,3.832784009541616e-03
400,4,-3.000000000000000e-02,-2.628999745162526e-02,-3.710002548374742e-03
400,5,2.500000000000000e-02,2.190227222805315e-02,3.097727771946852e-03
400,6,2.000000000000000e-02,1.903390970893633e-02,9.660902910636690e-04
400,7,-1.800000000000000e-02,-1.710649888612415e-02,-8.935011138758511e-04
400,8,1.500000000000000e-02,1.321270682724711e-02,1.787293172752889e-03
400,9,1.200000000000000e-02,9.512721843058408e-03,2.487278156941592e-03
400,10,-1.000000000000000e-02,-9.837253441274119e-03,-1.627465587258816e-04
400,11,8.999999999999999e-03,8.716045113505563e-03,2.839548864944363e-04
400,12,8.000000000000000e-03,3.466681361056359e-03,4.533318638943641e-03
400,13,-7.000000000000000e-03,-5.510217095052229e-03,-1.489782904947771e-03
400,14,6.000000000000000e-03,3.125310091758141e-03,2.874689908241859e-03
400,15,5.000000000000000e-03,3.326053174333736e-03,1.673946825666264e-03
400,16,-4.000000000000000e-03,-2.647040745320812e-03,-1.352959254679188e-03
400,17,3.500000000000000e-03,1.726307457718911e-03,1.773692542281089e-03
400,18,3.000000000000000e-03,2.424510071013264e-03,5.754899289867363e-04
400,19,-2.500000000000000e-03,-1.354020986180348e-03,-1.145979013819652e-03
400,20,2.000000000000000e-03,2.008061037516474e-03,-8.061037516474048e-06
400,21,1.800000000000000e-03,7.325374261449272e-05,1.726746257385507e-03
400,22,-1.500000000000000e-03,8.095763491000505e-04,-2.309576349100051e-03
400,23,1.200000000000000e-03,-3.952233362387084e-03,5.152233362387084e-03
400,24,1.000000000000000e-03,6.437105570373072e-04,3.562894429626929e-04
400,25,-8.000000000000000e-04,-1.795879353058008e-03,9.958793530580076e-04
400,26,5.999999999999999e-04,-2.395426565537095e-03,2.995426565537095e-03
400,27,5.000000000000000e-04,3.186060910429122e-03,-2.686060910429122e-03
400,28,-4.000000000000000e-04,-1.014589411368986e-03,6.145894113689860e-04
400,29,3.000000000000000e-04,-1.278710661174020e-03,1.578710661174020e-03
500,0,1.200000000000000e-01,1.021808988472544e-01,1.781910115274561e-02
500,1,-8.000000000000000e-02,-6.818537083757478e-02,-1.181462916242522e-02
500,2,5.500000000000000e-02,4.506288749740084e-02,9.937112502599162e-03
500,3,4.000000000000000e-02,3.696154177302548e-02,3.038458226974516e-03
500,4,-3.000000000000000e-02,-2.839988598338529e-02,-1.600114016614706e-03
500,5,2.500000000000000e-02,2.392224619562239e-02,1.077753804377610e-03
500,6,2.000000000000000e-02,1.874603984820285e-02,1.253960151797150e-03
500,7,-1.800000000000000e-02,-1.836943963753531e-02,3.694396375353119e-04
500,8,1.500000000000000e-02,1.397324739424089e-02,1.026752605759105e-03
500,9,1.200000000000000e-02,1.020328729118196e-02,1.796712708818040e-03
500,10,-1.000000000000000e-02,-1.000341863136538e-02,3.418631365378205e-06
500,11,8.999999999999999e-03,9.423443414877683e-03,-4.234434148776833e-04
500,12,8.000000000000000e-03,4.307983614768614e-03,3.692016385231386e-03
500,13,-7.000000000000000e-03,-5.634897702366785e-03,-1.365102297633215e-03
500,14,6.000000000000000e-03,3.179311728483243e-03,2.820688271516757e-03
500,15,5.000000000000000e-03,5.107818147242339e-03,-1.078181472423390e-04
500,16,-4.000000000000000e-03,-4.911200517388478e-03,9.112005173884776e-04
500,17,3.500000000000000e-03,2.717364767534212e-03,7.826352324657882e-04
500,18,3.000000000000000e-03,2.901113458437435e-03,9.888654156256504e-05
500,19,-2.500000000000000e-03,-1.874700252655711e-03,-6.252997473442893e-04
500,20,2.000000000000000e-03,1.907690944772374e-03,9.230905522762591e-05
500,21,1.800000000000000e-03,7.111795718814356e-04,1.088820428118564e-03
500,22,-1.500000000000000e-03,-7.333346009572505e-04,-7.666653990427495e-04
500,23,1.200000000000000e-03,-1.738903524130425e-03,2.938903524130425e-03
500,24,1.000000000000000e-03,1.106774156296491e-03,-1.067741562964910e-04
500,25,-8.000000000000000e-04,-1.547452164763482e-03,7.474521647634818e-04
500,26,5.999999999999999e-04,-3.101357248654911e-03,3.701357248654911e-03
500,27,5.000000000000000e-04,3.068233798725048e-03,-2.568233798725048e-03
500,28,-4.000000000000000e-04,-9.288979326694607e-04,5.288979326694607e-04
500,29,3.000000000000000e-04,-1.397191415957534e-03,1.697191415957534e-03
600,0,1.200000000000000e-01,1.083143218154222e-01,1.168567818457783e-02
600,1,-8.000000000000000e-02,-7.305726457779785e-02,-6.942735422202154e-03
600,2,5.500000000000000e-02,4.873066831999386e-02,6.269331680006138e-03
600,3,4.000000000000000e-02,3.749334273500027e-02,2.506657264999733e-03
600,4,-3.000000000000000e-02,-2.922913167491838e-02,-7.708683250816153e-04
600,5,2.500000000000000e-02,2.390545688440275e-02,1.094543115597247e-03
600,6,2.000000000000000e-02,1.934484050358173e-02,6.551594964182735e-04
600,7,-1.800000000000000e-02,-1.859545929361821e-02,5.954592936182092e-04
600,8,1.500000000000000e-02,1.351424243117846e-02,1.485757568821539e-03
600,9,1.200000000000000e-02,1.090190413214081e-02,1.098095867859188e-03
600,10,-1.000000000000000e-02,-9.579955229035047e-03,-4.200447709649530e-04
600,11,8.999999999999999e-03,8.650490608842968e-03,3.495093911570317e-04
600,12,8.000000000000000e-03,5.660838855425896e-03,2.339161144574105e-03
600,13,-7.000000000000000e-03,-6.680743893345708e-03,-3.192561066542926e-04
600,14,6.000000000000000e-03,4.614847519513557e-03,1.385152480486443e-03
600,15,5.000000000000000e-03,4.966260526862776e-03,3.373947313722436e-05
600,16,-4.000000000000000e-03,-5.083926008351649e-03,1.083926008351649e-03
600,17,3.500000000000000e-03,2.910567255339406e-03,5.894327446605944e-04
600,18,3.000000000000000e-03,3.306177127442078e-03,-3.061771274420776e-04
600,19,-2.500000000000000e-03,-3.014051547945459e-03,5.140515479454587e-04
600,20,2.000000000000000e-03,3.183700731766530e-03,-1.183700731766530e-03
600,21,1.800000000000000e-03,2.948843036944021e-04,1.505115696305598e-03
600,22,-1.500000000000000e-03,-1.107614308382049e-03,-3.923856916179511e-04
600,23,1.200000000000000e-03,-5.066309550986785e-05,1.250663095509868e-03
600,24,1.000000000000000e-03,-3.049302998264069e-05,1.030493029982641e-03
600,25,-8.000000000000000e-04,-8.860889463269508e-04,8.608894632695073e-05
600,26,5.999999999999999e-04,-1.599206188826492e-03,2.199206188826492e-03
600,27,5.000000000000000e-04,1.482789753645076e-03,-9.827897536450762e-04
600,28,-4.000000000000000e-04,-1.879011909285275e-04,-2.120988090714725e-04
600,29,3.000000000000000e-04,-7.034917814180550e-04,1.003491781418055e-03
700,0,1.200000000000000e-01,1.124756865958961e-01,7.524313404103866e-03
700,1,-8.000000000000000e-02,-7.626265258721196e-02,-3.737347412788042e-03
700,2,5.500000000000000e-02,5.108220534238585e-02,3.917794657614153e-03
700,3,4.000000000000000e-02,3.767072800044524e-02,2.329271999554759e-03
700,4,-3.000000000000000e-02,-2.953808576300643e-02,-4.619142369935679e-04
700,5,2.500000000000000e-02,2.447142815329669e-02,5.285718467033101e-04
700,6,2.000000000000000e-02,1.908662239307045e-02,9.133776069295552e-04
700,7,-1.800000000000000e-02,-1.847806912381517e-02,4.780691238151710e-04
700,8,1.500000000000000e-02,1.365359025733224e-02,1.346409742667764e-03
700,9,1.200000000000000e-02,1.102868954447018e-02,9.713104555298165e-04
700,10,-1.000000000000000e-02,-9.807631210629364e-03,-1.923687893706366e-04
700,11,8.999999999999999e-03,8.648698741864845e-03,3.513012581351539e-04
700,12,8.000000000000000e-03,6.332493649707588e-03,1.667506350292412e-03
700,13,-7.000000000000000e-03,-7.546807528338932e-03,5.468075283389323e-04
700,14,6.000000000000000e-03,5.519662260135569e-03,4.803377398644310e-04
700,15,5.000000000000000e-03,4.569142835015150e-03,4.308571649848502e-04
700,16,-4.000000000000000e-03,-5.117126354726797e-03,1.117126354726797e-03
700,17,3.500000000000000e-03,2.979452720701126e-03,5.205472792988736e-04
700,18,3.000000000000000e-03,3.093530272995270e-03,-9.353027299526971e-05
700,19,-2.500000000000000e-03,-3.280888157480427e-03,7.808881574804267e-04
700,20,2.000000000000000e-03,2.682606372181176e-03,-6.826063721811762e-04
700,21,1.800000000000000e-03,8.690034555199125e-04,9.309965444800874e-04
700,22,-1.500000000000000e-03,-1.725084735094924e-03,2.250847350949241e-04
700,23,1.200000000000000e-03,6.532693434236913e-05,1.134673065657631e-03
700,24,1.000000000000000e-03,6.387178844474148e-04,3.612821155525852e-04
700,25,-8.000000000000000e-04,-1.474126986300789e-03,6.741269863007889e-04
700,26,5.999999999999999e-04,-2.497258259677446e-04,8.497258259677445e-04
700,27,5.000000000000000e-04,5.880950711212984e-04,-8.809507112129836e-05
700,28,-4.000000000000000e-04,2.684465988368731e-04,-6.684465988368732e-04
700,29,3.000000000000000e-04,-7.522013080568654e-04,1.052201308056865e-03
800,0,1.200000000000000e-01,1.143267819891951e-01,5.673218010804934e-03
800,1,-8.000000000000000e-02,-7.703974401962629e-02,-2.960255980373708e-03
800,2,5.500000000000000e-02,5.208947820501377e-02,2.910521794986229e-03
800,3,4.000000000000000e-02,3.809966233792975e-02,1.900337662070255e-03
800,4,-3.000000000000000e-02,-2.963173095079859e-02,-3.682690492014043e-04
800,5,2.500000000000000e-02,2.484045113712732e-02,1.595488628726854e-04
800,6,2.000000000000000e-02,1.919280353390885e-02,8.071964660911479e-04
800,7,-1.800000000000000e-02,-1.830766015337200e-02,3.076601533720039e-04
800,8,1.500000000000000e-02,1.384251818361199e-02,1.157481816388011e-03
800,9,1.200000000000000e-02,1.121813040898718e-02,7.818695910128248e-04
800,10,-1.000000000000000e-02,-1.011803059775640e-02,1.180305977564033e-04
800,11,8.999999999999999e-03,8.713421313492269e-03,2.865786865077300e-04
800,12,8.000000000000000e-03,6.811231822458980e-03,1.188768177541020e-03
800,13,-7.000000000000000e-03,-7.518174379614289e-03,5.181743796142885e-04
800,14,6.000000000000000e-03,5.663091604516552e-03,3.369083954834484e-04
800,15,5.000000000000000e-03,4.321013104650284e-03,6.789868953497157e-04
800,16,-4.000000000000000e-03,-5.013506787015675e-03,1.013506787015675e-03
800,17,3.500000000000000e-03,3.036519810947290e-03,4.634801890527097e-04
800,18,3.000000000000000e-03,2.624175430164186e-03,3.758245698358138e-04
800,19,-2.500000000000000e-03,-3.047190327134665e-03,5.471903271346652e-04
800,20,2.000000000000000e-03,2.260602107195592e-03,-2.606021071955922e-04
800,21,1.800000000000000e-03,9.908334330568814e-04,8.091665669431186e-04
800,22,-1.500000000000000e-03,-1.977580269834254e-03,4.775802698342539e-04
800,23,1.200000000000000e-03,2.395837278108810e-04,9.604162721891189e-04
800,24,1.000000000000000e-03,9.316948814342836e-04,6.830511856571644e-05
800,25,-8.000000000000000e-04,-1.517533704623923e-03,7.175337046239231e-04
800,26,5.999999999999999e-04,1.121619797756537e-04,4.878380202243463e-04
800,27,5.000000000000000e-04,4.272444416415945e-04,7.275555835840550e-05
800,28,-4.000000000000000e-04,3.630362517500573e-04,-7.630362517500574e-04
800,29,3.000000000000000e-04,-5.293608884066418e-04,8.293608884066418e-04
900,0,1.200000000000000e-01,1.158612582040548e-01,4.138741795945242e-03
900,1,-8.000000000000000e-02,-7.781203251962576e-02,-2.187967480374239e-03
900,2,5.500000000000000e-02,5.301141334526924e-02,1.988586654730763e-03
900,3,4.000000000000000e-02,3.847167286620828e-02,1.528327133791724e-03
900,4,-3.000000000000000e-02,-2.963670375236128e-02,-3.632962476387142e-04
900,5,2.500000000000000e-02,2.475143975770423e-02,2.485602422957721e-04
900,6,2.000000000000000e-02,1.959849510297178e-02,4.015048970282160e-04
900,7,-1.800000000000000e-02,-1.820895674046388e-02,2.089567404638844e-04
900,8,1.500000000000000e-02,1.416764807748498e-02,8.323519225150230e-04
900,9,1.200000000000000e-02,1.113556961577468e-02,8.644303842253211e-04
900,10,-1.000000000000000e-02,-9.957903521878111e-03,-4.209647812188945e-05
900,11,8.999999999999999e-03,8.626296933167745e-03,3.737030668322545e-04
900,12,8.000000000000000e-03,6.982245015326939e-03,1.017754984673061e-03
900,13,-7.000000000000000e-03,-7.378667167641005e-03,3.786671676410044e-04
900,14,6.000000000000000e-03,5.650519008843579e-03,3.494809911564209e-04
900,15,5.000000000000000e-03,4.540976320876560e-03,4.590236791234400e-04
900,16,-4.000000000000000e-03,-4.885142708219747e-03,8.851427082197470e-04
900,17,3.500000000000000e-03,3.320661291889593e-03,1.793387081104074e-04
900,18,3.000000000000000e-03,2.503788165333554e-03,4.962118346664465e-04
900,19,-2.500000000000000e-03,-2.823418376011726e-03,3.234183760117259e-04
900,20,2.000000000000000e-03,2.174487449805788e-03,-1.744874498057882e-04
900,21,1.800000000000000e-03,1.020754241690607e-03,7.792457583093934e-04
900,22,-1.500000000000000e-03,-1.834085791964865e-03,3.340857919648652e-04
900,23,1.200000000000000e-03,6.369029625331384e-04,5.630970374668615e-04
900,24,1.000000000000000e-03,8.835866634864924e-04,1.164133365135076e-04
900,25,-8.000000000000000e-04,-1.341365467327456e-03,5.413654673274562e-04
900,26,5.999999999999999e-04,8.565789730034466e-05,5.143421026996553e-04
900,27,5.000000000000000e-04,9.050215140897417e-04,-4.050215140897417e-04
900,28,-4.000000000000000e-04,-2.437196847388342e-05,-3.756280315261166e-04
900,29,3.000000000000000e-04,-1.630158865375069e-04,4.630158865375069e-04
1000,0,1.200000000000000e-01,1.171828097871769e-01,2.817190212823117e-03
1000,1,-8.000000000000000e-02,-7.866653873433806e-02,-1.333461265661945e-03
1000,2,5.500000000000000e-02,5.374165735939074e-02,1.258342640609263e-03
1000,3,4.000000000000000e-02,3.898561810383356e-02,1.014381896166441e-03
1000,4,-3.000000000000000e-02,-2.977592432652074e-02,-2.240756734792591e-04
1000,5,2.500000000000000e-02,2.482279903170728e-02,1.772009682927261e-04
1000,6,2.000000000000000e-02,1.983923300355266e-02,1.607669964473375e-04
1000,7,-1.800000000000000e-02,-1.814720190034893e-02,1.472019003489339e-04
1000,8,1.500000000000000e-02,1.419486866446262e-02,8.051313355373797e-04
1000,9,1.200000000000000e-02,1.156092095648700e-02,4.390790435130024e-04
1000,10,-1.000000000000000e-02,-9.920199625486738e-03,-7.980037451326208e-05
1000,11,8.999999999999999e-03,8.614219863479130e-03,3.857801365208698e-04
1000,12,8.000000000000000e-03,7.312053611215443e-03,6.879463887845567e-04
1000,13,-7.000000000000000e-03,-7.414022799180646e-03,4.140227991806461e-04
1000,14,6.000000000000000e-03,5.712209067603669e-03,2.877909323963307e-04
1000,15,5.000000000000000e-03,4.671919772160058e-03,3.280802278399419e-04
1000,16,-4.000000000000000e-03,-4.499294038073471e-03,4.992940380734705e-04
1000,17,3.500000000000000e-03,3.262033345897405e-03,2.379666541025946e-04
1000,18,3.000000000000000e-03,2.838016005090396e-03,1.619839949096044e-04
1000,19,-2.500000000000000e-03,-2.503243580188081e-03,3.243580188081168e-06
1000,20,2.000000000000000e-03,2.210344714118031e-03,-2.103447141180307e-04
1000,21,1.800000000000000e-03,1.129481222863761e-03,6.705187771362392e-04
1000,22,-1.500000000000000e-03,-1.603956019322857e-03,1.039560193228566e-04
1000,23,1.200000000000000e-03,7.792399298613457e-04,4.207600701386542e-04
1000,24,1.000000000000000e-03,9.033535915137555e-04,9.664640848624454e-05
1000,25,-8.000000000000000e-04,-1.304175652328431e-03,5.041756523284307e-04
1000,26,5.999999999999999e-04,3.409019703439602e-04,2.590980296560398e-04
1000,27,5.000000000000000e-04,8.389118500531767e-04,-3.389118500531767e-04
1000,28,-4.000000000000000e-04,-2.284812280080713e-04,-1.715187719919287e-04
1000,29,3.000000000000000e-04,-1.218325694076233e-05,3.121832569407623e-04
1100,0,1.200000000000000e-01,1.179416455958428e-01,2.058354404157178e-03
1100,1,-8.000000000000000e-02,-7.892826254999659e-02,-1.071737450003413e-03
1100,2,5.500000000000000e-02,5.406820359506877e-02,9.317964049312330e-04
1100,3,4.000000000000000e-02,3.931979107976034e-02,6.802089202396569e-04
1100,4,-3.000000000000000e-02,-2.984234284474545e-02,-1.576571552545473e-04
1100,5,2.500000000000000e-02,2.483951148702522e-02,1.604885129747775e-04
1100,6,2.000000000000000e-02,1.994254497731386e-02,5.745502268614255e-05
1100,7,-1.800000000000000e-02,-1.817664416426983e-02,1.766441642698270e-04
1100,8,1.500000000000000e-02,1.449597418159833e-02,5.040258184016658e-04
1100,9,1.200000000000000e-02,1.158678491957294e-02,4.132150804270571e-04
1100,10,-1.000000000000000e-02,-1.006355215364046e-02,6.355215364046117e-05
1100,11,8.999999999999999e-03,8.883074100534055e-03,1.169258994659448e-04
1100,12,8.000000000000000e-03,7.365471182398445e-03,6.345288176015547e-04
1100,13,-7.000000000000000e-03,-7.340603622467107e-03,3.406036224671066e-04
1100,14,6.000000000000000e-03,5.990288344485185e-03,9.711655514815093e-06
1100,15,5.000000000000000e-03,4.716840247629943e-03,2.831597523700576e-04
1100,16,-4.000000000000000e-03,-4.518428018430281e-03,5.184280184302812e-04
1100,17,3.500000000000000e-03,3.486192145256587e-03,1.380785474341300e-05
1100,18,3.000000000000000e-03,2.766482404781476e-03,2.335175952185237e-04
1100,19,-2.500000000000000e-03,-2.553964282529401e-03,5.396428252940145e-05
1100,20,2.000000000000000e-03,2.184356462037926e-03,-1.843564620379263e-04
1100,21,1.800000000000000e-03,1.284069553962268e-03,5.159304460377321e-04
1100,22,-1.500000000000000e-03,-1.554739961159175e-03,5.473996115917530e-05
1100,23,1.200000000000000e-03,8.839619201249691e-04,3.160380798750308e-04
1100,24,1.000000000000000e-03,9.359832169759369e-04,6.401678302406309e-05
1100,25,-8.000000000000000e-04,-1.064992785320419e-03,2.649927853204185e-04
1100,26,5.999999999999999e-04,4.398560121591657e-04,1.601439878408343e-04
1100,27,5.000000000000000e-04,6.879640348433264e-04,-1.879640348433263e-04
1100,28,-4.000000000000000e-04,-2.108493735155810e-04,-1.891506264844190e-04
1100,29,3.000000000000000e-04,9.190540393788367e-05,2.080945960621163e-04
1200,0,1.200000000000000e-01,1.185214648315127e-01,1.478535168487297e-03
1200,1,-8.000000000000000e-02,-7.924066029998725e-02,-7.593397000127539e-04
1200,2,5.500000000000000e-02,5.432382282935357e-02,6.761771706464276e-04
1200,3,4.000000000000000e-02,3.953452442149476e-02,4.654755785052367e-04
1200,4,-3.000000000000000e-02,-2.995288844005168e-02,-4.711155994831934e-05
1200,5,2.500000000000000e-02,2.497755655223861e-02,2.244344776139093e-05
1200,6,2.000000000000000e-02,1.995551897828469e-02,4.448102171530563e-05
1200,7,-1.800000000000000e-02,-1.811859545937240e-02,1.185954593724003e-04
1200,8,1.500000000000000e-02,1.460389747454874e-02,3.961025254512560e-04
1200,9,1.200000000000000e-02,1.169222179742444e-02,3.077782025755621e-04
1200,10,-1.000000000000000e-02,-1.006351617156677e-02,6.351617156676904e-05
1200,11,8.999999999999999e-03,8.959961237828750e-03,4.003876217124891e-05
1200,12,8.000000000000000e-03,7.501345603137579e-03,4.986543968624208e-04
1200,13,-7.000000000000000e-03,-7.219783299588767e-03,2.197832995887664e-04
1200,14,6.000000000000000e-03,5.979841507589730e-03,2.015849241026983e-05
1200,15,5.000000000000000e-03,4.839300494471335e-03,1.606995055286652e-04
1200,16,-4.000000000000000e-03,-4.379865582831067e-03,3.798655828310665e-04
1200,17,3.500000000000000e-03,3.449406093102133e-03,5.059390689786695e-05
1200,18,3.000000000000000e-03,2.928179944244234e-03,7.182005575576567e-05
1200,19,-2.500000000000000e-03,-2.595926193738735e-03,9.592619373873477e-05
1200,20,2.000000000000000e-03,2.116104161959199e-03,-1.161041619591988e-04
1200,21,1.800000000000000e-03,1.370235774943212e-03,4.297642250567877e-04
1200,22,-1.500000000000000e-03,-1.591056527579994e-03,9.105652757999375e-05
1200,23,1.200000000000000e-03,1.006925140709436e-03,1.930748592905637e-04
1200,24,1.000000000000000e-03,8.847835325748932e-04,1.152164674251068e-04
1200,25,-8.000000000000000e-04,-1.034268029339129e-03,2.342680293391286e-04
1200,26,5.999999999999999e-04,4.505685900511539e-04,1.494314099488460e-04
1200,27,5.000000000000000e-04,5.745770066497349e-04,-7.457700664973484e-05
1200,28,-4.000000000000000e-04,-2.890341247494752e-04,-1.109658752505248e-04
1200,29,3.000000000000000e-04,7.690673361689633e-05,2.230932663831036e-04
1300,0,1.200000000000000e-01,1.189442286337733e-01,1.055771366226685e-03
1300,1,-8.000000000000000e-02,-7.951180023126297e-02,-4.881997687370271e-04
1300,2,5.500000000000000e-02,5.450173745551623e-02,4.982625444837699e-04
1300,3,4.000000000000000e-02,3.970442649102186e-02,2.955735089781378e-04
1300,4,-3.000000000000000e-02,-2.996191258197279e-02,-3.808741802720575e-05
1300,5,2.500000000000000e-02,2.495335933638272e-02,4.664066361728322e-05
1300,6,2.000000000000000e-02,2.003444552079121e-02,-3.444552079121324e-05
1300,7,-1.800000000000000e-02,-1.812580658118469e-02,1.258065811846933e-04
1300,8,1.500000000000000e-02,1.472152422918568e-02,2.784757708143206e-04
1300,9,1.200000000000000e-02,1.182241122057363e-02,1.775887794263700e-04
1300,10,-1.000000000000000e-02,-1.007646218715761e-02,7.646218715760822e-05
1300,11,8.999999999999999e-03,8.982242943781334e-03,1.775705621866533e-05
1300,12,8.000000000000000e-03,7.732474496932007e-03,2.675255030679929e-04
1300,13,-7.000000000000000e-03,-7.196920456607406e-03,1.969204566074061e-04
1300,14,6.000000000000000e-03,6.014399388940900e-03,-1.439938894090033e-05
1300,15,5.000000000000000e-03,4.905182730957822e-03,9.481726904217794e-05
1300,16,-4.000000000000000e-03,-4.281608550970413e-03,2.816085509704126e-04
1300,17,3.500000000000000e-03,3.503600053639385e-03,-3.600053639384471e-06
1300,18,3.000000000000000e-03,2.962700641351978e-03,3.729935864802249e-05
1300,19,-2.500000000000000e-03,-2.561560277159778e-03,6.156027715977777e-05
1300,20,2.000000000000000e-03,2.085242843253532e-03,-8.524284325353224e-05
1300,21,1.800000000000000e-03,1.480980202136455e-03,3.190197978635446e-04
1300,22,-1.500000000000000e-03,-1.589204386605655e-03,8.920438660565532e-05
1300,23,1.200000000000000e-03,1.050324920709798e-03,1.496750792902024e-04
1300,24,1.000000000000000e-03,8.199074808284757e-04,1.800925191715243e-04
1300,25,-8.000000000000000e-04,-9.310398385021339e-04,1.310398385021338e-04
1300,26,5.999999999999999e-04,4.511075766130385e-04,1.488924233869614e-04
1300,27,5.000000000000000e-04,6.031288285609812e-04,-1.031288285609812e-04
1300,28,-4.000000000000000e-04,-3.757100699973953e-04,-2.428993000260475e-05
1300,29,3.000000000000000e-04,1.487188954495034e-04,1.512811045504966e-04
1400,0,1.200000000000000e-01,1.192664496588893e-01,7.335503411106947e-04
1400,1,-8.000000000000000e-02,-7.963409785205923e-02,-3.659021479407720e-04
1400,2,5.500000000000000e-02,5.462842637588475e-02,3.715736241152526e-04
1400,3,4.000000000000000e-02,3.980000576263060e-02,1.999942373693969e-04
1400,4,-3.000000000000000e-02,-2.996032151013553e-02,-3.967848986446629e-05
1400,5,2.500000000000000e-02,2.499614185504646e-02,3.858144953541170e-06
1400,6,2.000000000000000e-02,2.005555812680521e-02,-5.555812680520592e-05
1400,7,-1.800000000000000e-02,-1.812975366324134e-02,1.297536632413367e-04
1400,8,1.500000000000000e-02,1.480386810842860e-02,1.961318915713987e-04
1400,9,1.200000000000000e-02,1.189646498756877e-02,1.035350124312315e-04
1400,10,-1.000000000000000e-02,-1.007665399292332e-02,7.665399292332460e-05
1400,11,8.999999999999999e-03,9.003978025865132e-03,-3.978025865132920e-06
1400,12,8.000000000000000e-03,7.837784398168721e-03,1.622156018312795e-04
1400,13,-7.000000000000000e-03,-7.168990074030656e-03,1.689900740306557e-04
1400,14,6.000000000000000e-03,5.991824987398478e-03,8.175012601522279e-06
1400,15,5.000000000000000e-03,4.910852943305792e-03,8.914705669420785e-05
1400,16,-4.000000000000000e-03,-4.240751539132211e-03,2.407515391322111e-04
1400,17,3.500000000000000e-03,3.460854919307038e-03,3.914508069296227e-05
1400,18,3.000000000000000e-03,2.927480781770325e-03,7.251921822967527e-05
1400,19,-2.500000000000000e-03,-2.567541184982456e-03,6.754118498245639e-05
1400,20,2.000000000000000e-03,2.084003975562296e-03,-8.400397556229547e-05
1400,21,1.800000000000000e-03,1.548401653770638e-03,2.515983462293616e-04
1400,22,-1.500000000000000e-03,-1.648393113924340e-03,1.483931139243395e-04
1400,23,1.200000000000000e-03,1.129313569151379e-03,7.068643084862081e-05
1400,24,1.000000000000000e-03,8.255636443131019e-04,1.744363556868982e-04
1400,25,-8.000000000000000e-04,-8.996241881031723e-04,9.962418810317223e-05
1400,26,5.999999999999999e-04,4.342180981356250e-04,1.657819018643749e-04
1400,27,5.000000000000000e-04,5.665280918457923e-04,-6.652809184579231e-05
1400,28,-4.000000000000000e-04,-3.698754374387059e-04,-3.012456256129412e-05
1400,29,3.000000000000000e-04,1.768181021783543e-04,1.231818978216457e-04
1500,0,1.200000000000000e-01,1.194896023924332e-01,5.103976075667843e-04
1500,1,-8.000000000000000e-02,-7.969506936671354e-02,-3.049306332864599e-04
1500,2,5.500000000000000e-02,5.474184860576385e-02,2.581513942361488e-04
1500,3,4.000000000000000e-02,3.981952143221638e-02,1.804785677836235e-04
1500,4,-3.000000000000000e-02,-2.995684142133520e-02,-4.315857866479464e-05
1500,5,2.500000000000000e-02,2.495870863525433e-02,4.129136474566655e-05
1500,6,2.000000000000000e-02,2.007345090236133e-02,-7.345090236133417e-05
1500,7,-1.800000000000000e-02,-1.810290177436298e-02,1.029017743629825e-04
1500,8,1.500000000000000e-02,1.484641710279645e-02,1.535828972035521e-04
1500,9,1.200000000000000e-02,1.191701994880943e-02,8.298005119056900e-05
1500,10,-1.000000000000000e-02,-1.003111312988977e-02,3.111312988977183e-05
1500,11,8.999999999999999e-03,9.010958941602754e-03,-1.095894160275425e-05
1500,12,8.000000000000000e-03,7.870926675335269e-03,1.290733246647312e-04
1500,13,-7.000000000000000e-03,-7.134887336815029e-03,1.348873368150292e-04
1500,14,6.000000000000000e-03,6.010034159527756e-03,-1.003415952775550e-05
1500,15,5.000000000000000e-03,4.956069631000416e-03,4.393036899958368e-05
1500,16,-4.000000000000000e-03,-4.169474221167280e-03,1.694742211672800e-04
1500,17,3.500000000000000e-03,3.470246671009223e-03,2.975332899077731e-05
1500,18,3.000000000000000e-03,3.012152462256312e-03,-1.215246225631187e-05
1500,19,-2.500000000000000e-03,-2.542043450992430e-03,4.204345099243032e-05
1500,20,2.000000000000000e-03,2.096480312967714e-03,-9.648031296771416e-05
1500,21,1.800000000000000e-03,1.608687188451630e-03,1.913128115483703e-04
1500,22,-1.500000000000000e-03,-1.567404016170908e-03,6.740401617090779e-05
1500,23,1.200000000000000e-03,1.184729761416154e-03,1.527023858384556e-05
1500,24,1.000000000000000e-03,9.336680421379918e-04,6.633195786200823e-05
1500,25,-8.000000000000000e-04,-8.212088919182432e-04,2.120889191824314e-05
1500,26,5.999999999999999e-04,5.107216809505630e-04,8.927831904943697e-05
1500,27,5.000000000000000e-04,5.885121183417689e-04,-8.851211834176890e-05
1500,28,-4.000000000000000e-04,-3.813433286762956e-04,-1.865667132370445e-05
1500,29,3.000000000000000e-04,2.171716333188637e-04,8.282836668113626e-05
1600,0,1.200000000000000e-01,1.196711913817672e-01,3.288086182328259e-04
1600,1,-8.000000000000000e-02,-7.979577544734159e-02,-2.042245526584080e-04
1600,2,5.500000000000000e-02,5.481698159364173e-02,1.830184063582665e-04
1600,3,4.000000000000000e-02,3.986545778855876e-02,1.345422114412409e-04
1600,4,-3.000000000000000e-02,-2.998669935829460e-02,-1.330064170539449e-05
1600,5,2.500000000000000e-02,2.499216039058177e-02,7.839609418230226e-06
1600,6,2.000000000000000e-02,2.000320068888098e-02,-3.200688880974911e-06
1600,7,-1.800000000000000e-02,-1.805230799568000e-02,5.230799567999822e-05
1600,8,1.500000000000000e-02,1.488846202669557e-02,1.115379733044302e-04
1600,9,1.200000000000000e-02,1.195372910540039e-02,4.627089459961417e-05
1600,10,-1.000000000000000e-02,-1.003849788957639e-02,3.849788957639190e-05
1600,11,8.999999999999999e-03,8.987308478888461e-03,1.269152111153804e-05
1600,12,8.000000000000000e-03,7.921326460774628e-03,7.867353922537228e-05
1600,13,-7.000000000000000e-03,-7.125525841658685e-03,1.255258416586851e-04
1600,14,6.000000000000000e-03,6.027077260821486e-03,-2.707726082148629e-05
1600,15,5.000000000000000e-03,4.943646990127283e-03,5.635300987271753e-05
1600,16,-4.000000000000000e-03,-4.097859086688391e-03,9.785908668839046e-05
1600,17,3.500000000000000e-03,3.472137590249455e-03,2.786240975054472e-05
1600,18,3.000000000000000e-03,2.983188839709646e-03,1.681116029035373e-05
1600,19,-2.500000000000000e-03,-2.528812813428384e-03,2.881281342838413e-05
1600,20,2.000000000000000e-03,2.048669343431858e-03,-4.866934343185749e-05
1600,21,1.800000000000000e-03,1.671690537746036e-03,1.283094622539641e-04
1600,22,-1.500000000000000e-03,-1.557334063989361e-03,5.733406398936137e-05
1600,23,1.200000000000000e-03,1.175315493364248e-03,2.468450663575166e-05
1600,24,1.000000000000000e-03,9.816298396041088e-04,1.837016039589121e-05
1600,25,-8.000000000000000e-04,-8.185656501416036e-04,1.856565014160354e-05
1600,26,5.999999999999999e-04,5.320570750630630e-04,6.794292493693692e-05
1600,27,5.000000000000000e-04,5.380415118343587e-04,-3.804151183435869e-05
1600,28,-4.000000000000000e-04,-3.751024028348170e-04,-2.489759716518304e-05
1600,29,3.000000000000000e-04,2.443542613900666e-04,5.564573860993336e-05
1700,0,1.200000000000000e-01,1.197835488063186e-01,2.164511936813551e-04
1700,1,-8.000000000000000e-02,-7.986840558372445e-02,-1.315944162755545e-04
1700,2,5.500000000000000e-02,5.486840491354419e-02,1.315950864558060e-04
1700,3,4.000000000000000e-02,3.990118200930427e-02,9.881799069573483e-05
1700,4,-3.000000000000000e-02,-3.000312520515922e-02,3.125205159222599e-06
1700,5,2.500000000000000e-02,2.502036594680482e-02,-2.036594680481646e-05
1700,6,2.000000000000000e-02,1.996993769383936e-02,3.006230616063935e-05
1700,7,-1.800000000000000e-02,-1.803495027675688e-02,3.495027675688017e-05
1700,8,1.500000000000000e-02,1.494125448887086e-02,5.874551112914315e-05
1700,9,1.200000000000000e-02,1.194008451810851e-02,5.991548189148918e-05
1700,10,-1.000000000000000e-02,-1.002753776603554e-02,2.753776603554164e-05
1700,11,8.999999999999999e-03,9.000205127577387e-03,-2.051275773875399e-07
1700,12,8.000000000000000e-03,7.927779642084966e-03,7.222035791503399e-05
1700,13,-7.000000000000000e-03,-7.072896569598562e-03,7.289656959856214e-05
1700,14,6.000000000000000e-03,6.003005582115860e-03,-3.005582115860224e-06
1700,15,5.000000000000000e-03,4.969976781624173e-03,3.002321837582752e-05
1700,16,-4.000000000000000e-03,-4.077543905384987e-03,7.754390538498683e-05
1700,17,3.500000000000000e-03,3.476301480380921e-03,2.369851961907862e-05
1700,18,3.000000000000000e-03,2.993914717203341e-03,6.085282796659212e-06
1700,19,-2.500000000000000e-03,-2.540092368164467e-03,4.009236816446661e-05
1700,20,2.000000000000000e-03,2.052351842242741e-03,-5.235184224274122e-05
1700,21,1.800000000000000e-03,1.700100976054682e-03,9.989902394531782e-05
1700,22,-1.500000000000000e-03,-1.523324445057600e-03,2.332444505759963e-05
1700,23,1.200000000000000e-03,1.174507686086257e-03,2.549231391374331e-05
1700,24,1.000000000000000e-03,9.961446047653882e-04,3.855395234611840e-06
1700,25,-8.000000000000000e-04,-8.080391093258666e-04,8.039109325866552e-06
1700,26,5.999999999999999e-04,5.486965311287636e-04,5.130346887123637e-05
1700,27,5.000000000000000e-04,5.304345220577427e-04,-3.043452205774271e-05
1700,28,-4.000000000000000e-04,-3.728674289226352e-04,-2.713257107736484e-05
1700,29,3.000000000000000e-04,2.525419222781926e-04,4.745807772180735e-05
1800,0,1.200000000000000e-01,1.198518497617247e-01,1.481502382753436e-04
1800,1,-8.000000000000000e-02,-7.989242161462175e-02,-1.075783853782541e-04
1800,2,5.500000000000000e-02,5.491755436962550e-02,8.244563037450303e-05
1800,3,4.000000000000000e-02,3.994460844523368e-02,5.539155476631807e-05
1800,4,-3.000000000000000e-02,-2.999120900948286e-02,-8.790990517142105e-06
1800,5,2.500000000000000e-02,2.502878347492091e-02,-2.878347492090566e-05
1800,6,2.000000000000000e-02,1.999800224222002e-02,1.997757779977766e-06
1800,7,-1.800000000000000e-02,-1.801378684914819e-02,1.378684914819100e-05
1800,8,1.500000000000000e-02,1.497261273034963e-02,2.738726965036999e-05
1800,9,1.200000000000000e-02,1.196559358976926e-02,3.440641023074419e-05
1800,10,-1.000000000000000e-02,-1.000361715982056e-02,3.617159820562196e-06
1800,11,8.999999999999999e-03,9.006875669775960e-03,-6.875669775960325e-06
1800,12,8.000000000000000e-03,7.961300244623834e-03,3.869975537616581e-05
1800,13,-7.000000000000000e-03,-7.038582466754680e-03,3.858246675467972e-05
1800,14,6.000000000000000e-03,6.007370826916995e-03,-7.370826916994547e-06
1800,15,5.000000000000000e-03,4.988477984012204e-03,1.152201598779608e-05
1800,16,-4.000000000000000e-03,-4.043950738721743e-03,4.395073872174270e-05
1800,17,3.500000000000000e-03,3.492553980856154e-03,7.446019143845725e-06
1800,18,3.000000000000000e-03,3.010612559882400e-03,-1.061255988239968e-05
1800,19,-2.500000000000000e-03,-2.526244923920038e-03,2.624492392003762e-05
1800,20,2.000000000000000e-03,2.050141818253095e-03,-5.014181825309470e-05
1800,21,1.800000000000000e-03,1.728504406154959e-03,7.149559384504061e-05
1800,22,-1.500000000000000e-03,-1.505748527326228e-03,5.748527326228338e-06
1800,23,1.200000000000000e-03,1.183851018241045e-03,1.614898175895463e-05
1800,24,1.000000000000000e-03,1.004163747833184e-03,-4.163747833184220e-06
1800,25,-8.000000000000000e-04,-8.026579048355152e-04,2.657904835515201e-06
1800,26,5.999999999999999e-04,5.693224440740796e-04,3.067755592592032e-05
1800,27,5.000000000000000e-04,5.284011134244477e-04,-2.840111342444773e-05
1800,28,-4.000000000000000e-04,-3.822378257191174e-04,-1.776217428088264e-05
1800,29,3.000000000000000e-04,2.733201946484922e-04,2.667980535150775e-05
1900,0,1.200000000000000e-01,1.199100196744558e-01,8.998032554419222e-05
1900,1,-8.000000000000000e-02,-7.993817423883878e-02,-6.182576116121885e-05
1900,2,5.500000000000000e-02,5.494442558401328e-02,5.557441598671997e-05
1900,3,4.000000000000000e-02,3.995966918968073e-02,4.033081031926816e-05
1900,4,-3.000000000000000e-02,-2.998759498805944e-02,-1.240501194056318e-05
1900,5,2.500000000000000e-02,2.501378151698860e-02,-1.378151698859867e-05
1900,6,2.000000000000000e-02,2.000249851987386e-02,-2.498519873862792e-06
1900,7,-1.800000000000000e-02,-1.801246155315783e-02,1.246155315782690e-05
1900,8,1.500000000000000e-02,1.498892008703091e-02,1.107991296909333e-05
1900,9,1.200000000000000e-02,1.197132800787612e-02,2.867199212387532e-05
1900,10,-1.000000000000000e-02,-1.000070379875941e-02,7.037987594070427e-07
1900,11,8.999999999999999e-03,9.012354960376770e-03,-1.235496037677031e-05
1900,12,8.000000000000000e-03,7.969059927530291e-03,3.094007246970919e-05
1900,13,-7.000000000000000e-03,-7.027675937504318e-03,2.767593750431768e-05
1900,14,6.000000000000000e-03,6.004975176727305e-03,-4.975176727304610e-06
1900,15,5.000000000000000e-03,5.000833626204916e-03,-8.336262049156093e-07
1900,16,-4.000000000000000e-03,-4.037871324784115e-03,3.787132478411462e-05
1900,17,3.500000000000000e-03,3.494549455803933e-03,5.450544196066841e-06
1900,18,3.000000000000000e-03,3.011176614343625e-03,-1.117661434362534e-05
1900,19,-2.500000000000000e-03,-2.516688170189191e-03,1.668817018919081e-05
1900,20,2.000000000000000e-03,2.029298317547485e-03,-2.929831754748449e-05
1900,21,1.800000000000000e-03,1.761315456682111e-03,3.868454331788936e-05
1900,22,-1.500000000000000e-03,-1.502022721488641e-03,2.022721488640711e-06
1900,23,1.200000000000000e-03,1.185829267986495e-03,1.417073201350535e-05
1900,24,1.000000000000000e-03,1.009310809701408e-03,-9.310809701407706e-06
1900,25,-8.000000000000000e-04,-8.030942268445031e-04,3.094226844503069e-06
1900,26,5.999999999999999e-04,5.774587881941853e-04,2.254121180581469e-05
1900,27,5.000000000000000e-04,5.216674866126410e-04,-2.166748661264098e-05
1900,28,-4.000000000000000e-04,-3.890368549886664e-04,-1.096314501133357e-05
1900,29,3.000000000000000e-04,2.896303885589894e-04,1.036961144101060e-05
2000,0,1.200000000000000e-01,1.199384408766300e-01,6.155912337002523e-05
2000,1,-8.000000000000000e-02,-7.995220196393173e-02,-4.779803606827504e-05
2000,2,5.500000000000000e-02,5.496347676886479e-02,3.652323113521178e-05
2000,3,4.000000000000000e-02,3.996325285591510e-02,3.674714408490043e-05
2000,4,-3.000000000000000e-02,-2.999280233845836e-02,-7.197661541641365e-06
2000,5,2.500000000000000e-02,2.500867413171307e-02,-8.674131713071187e-06
2000,6,2.000000000000000e-02,1.999577503487502e-02,4.224965124977054e-06
2000,7,-1.800000000000000e-02,-1.800870522083570e-02,8.705220835705102e-06
2000,8,1.500000000000000e-02,1.499297405985711e-02,7.025940142891401e-06
2000,9,1.200000000000000e-02,1.197869264017535e-02,2.130735982464743e-05
2000,10,-1.000000000000000e-02,-1.000133002182513e-02,1.330021825125816e-06
2000,11,8.999999999999999e-03,9.007140657709708e-03,-7.140657709708842e-06
2000,12,8.000000000000000e-03,7.973751918779040e-03,2.624808122096006e-05
2000,13,-7.000000000000000e-03,-7.024737644345977e-03,2.473764434597712e-05
2000,14,6.000000000000000e-03,6.004929400926288e-03,-4.929400926287700e-06
2000,15,5.000000000000000e-03,4.996787401527905e-03,3.212598472095499e-06
2000,16,-4.000000000000000e-03,-4.024064644184159e-03,2.406464418415900e-05
2000,17,3.500000000000000e-03,3.498693202584636e-03,1.306797415364172e-06
2000,18,3.000000000000000e-03,3.007117780275498e-03,-7.117780275497487e-06
2000,19,-2.500000000000000e-03,-2.509504019584015e-03,9.504019584014554e-06
2000,20,2.000000000000000e-03,2.013608234120521e-03,-1.360823412052117e-05
2000,21,1.800000000000000e-03,1.776979605635326e-03,2.302039436467406e-05
2000,22,-1.500000000000000e-03,-1.507666817944265e-03,7.666817944264760e-06
2000,23,1.200000000000000e-03,1.194504692451456e-03,5.495307548543599e-06
2000,24,1.000000000000000e-03,1.007044626522127e-03,-7.044626522127468e-06
2000,25,-8.000000000000000e-04,-8.037782160812807e-04,3.778216081280652e-06
2000,26,5.999999999999999e-04,5.818608987659109e-04,1.813910123408906e-05
2000,27,5.000000000000000e-04,5.172147309684365e-04,-1.721473096843648e-05
2000,28,-4.000000000000000e-04,-3.924069922280719e-04,-7.593007771928087e-06
2000,29,3.000000000000000e-04,2.920280984180337e-04,7.971901581966319e-06
2100,0,1.200000000000000e-01,1.199572264418138e-01,4.277355818622930e-05
2100,1,-8.000000000000000e-02,-7.996701357759686e-02,-3.298642240313898e-05
2100,2,5.500000000000000e-02,5.497247701733993e-02,2.752298266006648e-05
2100,3,4.000000000000000e-02,3.997577181413765e-02,2.422818586234748e-05
2100,4,-3.000000000000000e-02,-2.999580666751761e-02,-4.193332482388401e-06
2100,5,2.500000000000000e-02,2.501104012989674e-02,-1.104012989673955e-05
2100,6,2.000000000000000e-02,1.999570264666975e-02,4.297353330254272e-06
2100,7,-1.800000000000000e-02,-1.800700050623678e-02,7.000506236778253e-06
2100,8,1.500000000000000e-02,1.499822292841539e-02,1.777071584605980e-06
2100,9,1.200000000000000e-02,1.198198747703909e-02,1.801252296091023e-05
2100,10,-1.000000000000000e-02,-1.000189271735167e-02,1.892717351665782e-06
2100,11,8.999999999999999e-03,9.006788909183775e-03,-6.788909183775768e-06
2100,12,8.000000000000000e-03,7.981026232350598e-03,1.897376764940263e-05
2100,13,-7.000000000000000e-03,-7.015763157628692e-03,1.576315762869158e-05
2100,14,6.000000000000000e-03,6.003980995763284e-03,-3.980995763284111e-06
2100,15,5.000000000000000e-03,4.997678692222837e-03,2.321307777162704e-06
2100,16,-4.000000000000000e-03,-4.014942201140125e-03,1.494220114012495e-05
2100,17,3.500000000000000e-03,3.496830463142245e-03,3.169536857754781e-06
2100,18,3.000000000000000e-03,3.006874593636556e-03,-6.874593636556174e-06
2100,19,-2.500000000000000e-03,-2.509530086277899e-03,9.530086277899103e-06
2100,20,2.000000000000000e-03,2.010253427084439e-03,-1.025342708443856e-05
2100,21,1.800000000000000e-03,1.785088218959306e-03,1.491178104069441e-05
2100,22,-1.500000000000000e-03,-1.508726531052092e-03,8.726531052091757e-06
2100,23,1.200000000000000e-03,1.196264353623281e-03,3.735646376719012e-06
2100,24,1.000000000000000e-03,1.003350722539915e-03,-3.350722539915323e-06
2100,25,-8.000000000000000e-04,-8.023971385098367e-04,2.397138509836641e-06
2100,26,5.999999999999999e-04,5.895054932845945e-04,1.049450671540542e-05
2100,27,5.000000000000000e-04,5.092996646032831e-04,-9.299664603283045e-06
2100,28,-4.000000000000000e-04,-3.945562942229733e-04,-5.443705777026715e-06
2100,29,3.000000000000000e-04,2.973314385416745e-04,2.668561458325466e-06
2200,0,1.200000000000000e-01,1.199710160916216e-01,2.898390837842435e-05
2200,1,-8.000000000000000e-02,-7.998033452164460e-02,-1.966547835539900e-05
2200,2,5.500000000000000e-02,5.497792983023955e-02,2.207016976045473e-05
2200,3,4.000000000000000e-02,3.998465309949199e-02,1.534690050800785e-05
2200,4,-3.000000000000000e-02,-3.000130332294640e-02,1.303322946396429e-06
2200,5,2.500000000000000e-02,2.500946002753648e-02,-9.460027536479371e-06
2200,6,2.000000000000000e-02,1.999533235450691e-02,4.667645493085931e-06
2200,7,-1.800000000000000e-02,-1.800439368851432e-02,4.393688514323785e-06
2200,8,1.500000000000000e-02,1.499421650300889e-02,5.783496991110249e-06
2200,9,1.200000000000000e-02,1.198737079593294e-02,1.262920406705850e-05
2200,10,-1.000000000000000e-02,-1.000240163934919e-02,2.401639349192478e-06
2200,11,8.999999999999999e-03,9.001189798977528e-03,-1.189798977528633e-06
2200,12,8.000000000000000e-03,7.987024069779001e-03,1.297593022099933e-05
2200,13,-7.000000000000000e-03,-7.011702408825873e-03,1.170240882587305e-05
2200,14,6.000000000000000e-03,6.000148581342626e-03,-1.485813426261098e-07
2200,15,5.000000000000000e-03,4.996057377677316e-03,3.942622322683671e-06
2200,16,-4.000000000000000e-03,-4.006996179372503e-03,6.996179372502527e-06
2200,17,3.500000000000000e-03,3.492422631998641e-03,7.577368001359351e-06
2200,18,3.000000000000000e-03,3.005664288277233e-03,-5.664288277233091e-06
2200,19,-2.500000000000000e-03,-2.504231033440146e-03,4.231033440145558e-06
2200,20,2.000000000000000e-03,2.004405122088409e-03,-4.405122088409121e-06
2200,21,1.800000000000000e-03,1.788493978961062e-03,1.150602103893827e-05
2200,22,-1.500000000000000e-03,-1.507464589278632e-03,7.464589278632179e-06
2200,23,1.200000000000000e-03,1.196490153280833e-03,3.509846719166416e-06
2200,24,1.000000000000000e-03,1.001572399215525e-03,-1.572399215524602e-06
2200,25,-8.000000000000000e-04,-8.027391326295897e-04,2.739132629589686e-06
2200,26,5.999999999999999e-04,5.935349448762873e-04,6.465055123712656e-06
2200,27,5.000000000000000e-04,5.061131031719300e-04,-6.113103171929957e-06
2200,28,-4.000000000000000e-04,-3.962859296816149e-04,-3.714070318385106e-06
2200,29,3.000000000000000e-04,3.004912884243847e-04,-4.912884243847234e-07
2300,0,1.200000000000000e-01,1.199776691118121e-01,2.233088818787143e-05
2300,1,-8.000000000000000e-02,-7.998649547265395e-02,-1.350452734605323e-05
2300,2,5.500000000000000e-02,5.498520144799005e-02,1.479855200994806e-05
2300,3,4.000000000000000e-02,3.998742110085466e-02,1.257889914534072e-05
2300,4,-3.000000000000000e-02,-3.000287589359538e-02,2.875893595377654e-06
2300,5,2.500000000000000e-02,2.500597552531524e-02,-5.975525315237568e-06
2300,6,2.000000000000000e-02,1.999549626772229e-02,4.503732277706674e-06
2300,7,-1.800000000000000e-02,-1.800200698575258e-02,2.006985752586038e-06
2300,8,1.500000000000000e-02,1.499514117937917e-02,4.858820620828180e-06
2300,9,1.200000000000000e-02,1.199114610796990e-02,8.853892030098731e-06
2300,10,-1.000000000000000e-02,-1.000140615717503e-02,1.406157175032341e-06
2300,11,8.999999999999999e-03,8.998994419515981e-03,1.005580484018595e-06
2300,12,8.000000000000000e-03,7.987245563186847e-03,1.275443681315359e-05
2300,13,-7.000000000000000e-03,-7.011046331011701e-03,1.104633101170049e-05
2300,14,6.000000000000000e-03,6.001349928066919e-03,-1.349928066918769e-06
2300,15,5.000000000000000e-03,4.996284535475183e-03,3.715464524816671e-06
2300,16,-4.000000000000000e-03,-4.005269276612889e-03,5.269276612889298e-06
2300,17,3.500000000000000e-03,3.493581735137044e-03,6.418264862955575e-06
2300,18,3.000000000000000e-03,3.004753057443565e-03,-4.753057443564798e-06
2300,19,-2.500000000000000e-03,-2.504002187155705e-03,4.002187155705342e-06
2300,20,2.000000000000000e-03,2.001451224994299e-03,-1.451224994298769e-06
2300,21,1.800000000000000e-03,1.791145559079400e-03,8.854440920600141e-06
2300,22,-1.500000000000000e-03,-1.506527014334576e-03,6.527014334575506e-06
2300,23,1.200000000000000e-03,1.197385991763267e-03,2.614008236733086e-06
2300,24,1.000000000000000e-03,1.001550481053857e-03,-1.550481053856590e-06
2300,25,-8.000000000000000e-04,-8.038219973274155e-04,3.821997327415412e-06
2300,26,5.999999999999999e-04,5.934329556873293e-04,6.567044312670686e-06
2300,27,5.000000000000000e-04,5.037589468375169e-04,-3.758946837516893e-06
2300,28,-4.000000000000000e-04,-3.974474848397183e-04,-2.552515160281687e-06
2300,29,3.000000000000000e-04,2.991998895930041e-04,8.001104069959024e-07
2400,0,1.200000000000000e-01,1.199852762991582e-01,1.472370084183716e-05
2400,1,-8.000000000000000e-02,-7.999102870197838e-02,-8.971298021617780e-06
2400,2,5.500000000000000e-02,5.499101349106815e-02,8.986508931850545e-06
2400,3,4.000000000000000e-02,3.999010493087735e-02,9.895069122647926e-06
2400,4,-3.000000000000000e-02,-3.000180310718508e-02,1.803107185081865e-06
2400,5,2.500000000000000e-02,2.500419691796659e-02,-4.196917966593078e-06
2400,6,2.000000000000000e-02,1.999730573545476e-02,2.694264545240882e-06
2400,7,-1.800000000000000e-02,-1.800131633848562e-02,1.316338485619212e-06
2400,8,1.500000000000000e-02,1.499431050046732e-02,5.689499532678804e-06
2400,9,1.200000000000000e-02,1.199425192257559e-02,5.748077424405293e-06
2400,10,-1.000000000000000e-02,-1.000031164848503e-02,3.116484850254619e-07
2400,11,8.999999999999999e-03,8.999485364316643e-03,5.146356833567178e-07
2400,12,8.000000000000000e-03,7.990693853558604e-03,9.306146441396060e-06
2400,13,-7.000000000000000e-03,-7.008269569207283e-03,8.269569207282855e-06
2400,14,6.000000000000000e-03,6.000522890938427e-03,-5.228909384265290e-07
2400,15,5.000000000000000e-03,4.998174315171125e-03,1.825684828875469e-06
2400,16,-4.000000000000000e-03,-4.005319478400887e-03,5.319478400886771e-06
2400,17,3.500000000000000e-03,3.495411500036685e-03,4.588499963314920e-06
2400,18,3.000000000000000e-03,3.002062703519613e-03,-2.062703519612515e-06
2400,19,-2.500000000000000e-03,-2.500042627031972e-03,4.262703197149484e-08
2400,20,2.000000000000000e-03,1.999209970871878e-03,7.900291281218684e-07
2400,21,1.800000000000000e-03,1.794215344788549e-03,5.784655211450848e-06
2400,22,-1.500000000000000e-03,-1.505337009374197e-03,5.337009374196738e-06
2400,23,1.200000000000000e-03,1.198751905949070e-03,1.248094050929505e-06
2400,24,1.000000000000000e-03,9.997975603963317e-04,2.024396036682825e-07
2400,25,-8.000000000000000e-04,-8.029441200317430e-04,2.944120031742959e-06
2400,26,5.999999999999999e-04,5.943609321617915e-04,5.639067838208458e-06
2400,27,5.000000000000000e-04,5.025480202393633e-04,-2.548020239363249e-06
2400,28,-4.000000000000000e-04,-3.975175273605976e-04,-2.482472639402436e-06
2400,29,3.000000000000000e-04,2.991700423819767e-04,8.299576180232238e-07
2500,0,1.200000000000000e-01,1.199905180717044e-01,9.481928295612674e-06
2500,1,-8.000000000000000e-02,-7.999217762268052e-02,-7.822377319485763e-06
2500,2,5.500000000000000e-02,5.499415348320676e-02,5.846516793237000e-06
2500,3,4.000000000000000e-02,3.999354562833305e-02,6.454371666950176e-06
2500,4,-3.000000000000000e-02,-2.999960874790923e-02,-3.912520907707606e-07
2500,5,2.500000000000000e-02,2.500498810302483e-02,-4.988103024825691e-06
2500,6,2.000000000000000e-02,1.999656789221793e-02,3.432107782072591e-06
2500,7,-1.800000000000000e-02,-1.799907098075881e-02,-9.290192411887110e-07
2500,8,1.500000000000000e-02,1.499732555344319e-02,2.674446556810012e-06
2500,9,1.200000000000000e-02,1.199662956963700e-02,3.370430362997778e-06
2500,10,-1.000000000000000e-02,-9.999458914256432e-03,-5.410857435682315e-07
2500,11,8.999999999999999e-03,9.000634794669417e-03,-6.347946694181678e-07
2500,12,8.000000000000000e-03,7.995310345846380e-03,4.689654153620590e-06
2500,13,-7.000000000000000e-03,-7.004674912002803e-03,4.674912002802789e-06
2500,14,6.000000000000000e-03,6.001449238979138e-03,-1.449238979137416e-06
2500,15,5.000000000000000e-03,4.999085197316476e-03,9.148026835241116e-07
2500,16,-4.000000000000000e-03,-4.003054089872550e-03,3.054089872550105e-06
2500,17,3.500000000000000e-03,3.498144353332857e-03,1.855646667142836e-06
2500,18,3.000000000000000e-03,3.000932717457679e-03,-9.327174576787001e-07
2500,19,-2.500000000000000e-03,-2.499724995008366e-03,-2.750049916343776e-07
2500,20,2.000000000000000e-03,1.999867601971028e-03,1.323980289716711e-07
2500,21,1.800000000000000e-03,1.797606382863823e-03,2.393617136177070e-06
2500,22,-1.500000000000000e-03,-1.503210594205554e-03,3.210594205553486e-06
2500,23,1.200000000000000e-03,1.199195507472305e-03,8.044925276949264e-07
2500,24,1.000000000000000e-03,1.001235728475644e-03,-1.235728475643995e-06
2500,25,-8.000000000000000e-04,-8.011935395779252e-04,1.193539577925120e-06
2500,26,5.999999999999999e-04,5.964293952964606e-04,3.570604703539352e-06
2500,27,5.000000000000000e-04,5.018748002317283e-04,-1.874800231728337e-06
2500,28,-4.000000000000000e-04,-3.987346302639373e-04,-1.265369736062753e-06
2500,29,3.000000000000000e-04,3.004708235822931e-04,-4.708235822931030e-07
2600,0,1.200000000000000e-01,1.199938584908360e-01,6.141509164045433e-06
2600,1,-8.000000000000000e-02,-7.999360043152311e-02,-6.399568476894713e-06
2600,2,5.500000000000000e-02,5.499564653862162e-02,4.353461378378554e-06
2600,3,4.000000000000000e-02,3.999599609334890e-02,4.003906651096900e-06
2600,4,-3.000000000000000e-02,-2.999897808201856e-02,-1.021917981434278e-06
2600,5,2.500000000000000e-02,2.500413049093694e-02,-4.130490936934961e-06
2600,6,2.000000000000000e-02,1.999856081564766e-02,1.439184352341333e-06
2600,7,-1.800000000000000e-02,-1.799867882873362e-02,-1.321171266374654e-06
2600,8,1.500000000000000e-02,1.499833595130789e-02,1.664048692111286e-06
2600,9,1.200000000000000e-02,1.199846171535997e-02,1.538284640030876e-06
2600,10,-1.000000000000000e-02,-9.999054599992662e-03,-9.454000073384761e-07
2600,11,8.999999999999999e-03,9.001536624010893e-03,-1.536624010893203e-06
2600,12,8.000000000000000e-03,7.997516504147529e-03,2.483495852471235e-06
2600,13,-7.000000000000000e-03,-7.003355726387764e-03,3.355726387764199e-06
2600,14,6.000000000000000e-03,6.002042590658991e-03,-2.042590658991178e-06
2600,15,5.000000000000000e-03,5.000503014539530e-03,-5.030145395299584e-07
2600,16,-4.000000000000000e-03,-4.002137631987311e-03,2.137631987310720e-06
2600,17,3.500000000000000e-03,3.499005605857781e-03,9.943941422195512e-07
2600,18,3.000000000000000e-03,3.001760696865073e-03,-1.760696865072981e-06
2600,19,-2.500000000000000e-03,-2.499467683960247e-03,-5.323160397526644e-07
2600,20,2.000000000000000e-03,2.000476475247810e-03,-4.764752478095442e-07
2600,21,1.800000000000000e-03,1.798363229357037e-03,1.636770642963244e-06
2600,22,-1.500000000000000e-03,-1.502251611489837e-03,2.251611489837053e-06
2600,23,1.200000000000000e-03,1.199386690504306e-03,6.133094956942663e-07
2600,24,1.000000000000000e-03,1.001743396687546e-03,-1.743396687545673e-06
2600,25,-8.000000000000000e-04,-8.009982620684231e-04,9.982620684230534e-07
2600,26,5.999999999999999e-04,5.972754656571607e-04,2.724534342839246e-06
2600,27,5.000000000000000e-04,5.014259873691502e-04,-1.425987369150193e-06
2600,28,-4.000000000000000e-04,-3.985035683467791e-04,-1.496431653220953e-06
2600,29,3.000000000000000e-04,3.002284873126928e-04,-2.284873126928147e-07
2700,0,1.200000000000000e-01,1.199953754996953e-01,4.624500304709067e-06
2700,1,-8.000000000000000e-02,-7.999525810822229e-02,-4.741891777709784e-06
2700,2,5.500000000000000e-02,5.499663084983480e-02,3.369150165202783e-06
2700,3,4.000000000000000e-02,3.999712002167163e-02,2.879978328373944e-06
2700,4,-3.000000000000000e-02,-2.999948072432611e-02,-5.192756738839344e-07
2700,5,2.500000000000000e-02,2.500348699909400e-02,-3.486999093998966e-06
2700,6,2.000000000000000e-02,1.999920049068181e-02,7.995093181910329e-07
2700,7,-1.800000000000000e-02,-1.799893831529843e-02,-1.061684701569865e-06
2700,8,1.500000000000000e-02,1.499809158257373e-02,1.908417426274220e-06
2700,9,1.200000000000000e-02,1.199945874820708e-02,5.412517929213184e-07
2700,10,-1.000000000000000e-02,-9.998913717936849e-03,-1.086282063151450e-06
2700,11,8.999999999999999e-03,9.000490297656301e-03,-4.902976563012085e-07
2700,12,8.000000000000000e-03,7.997730843446401e-03,2.269156553599133e-06
2700,13,-7.000000000000000e-03,-7.002294999429661e-03,2.294999429660466e-06
2700,14,6.000000000000000e-03,6.001158687157761e-03,-1.158687157760616e-06
2700,15,5.000000000000000e-03,5.000380188986633e-03,-3.801889866331121e-07
2700,16,-4.000000000000000e-03,-4.000924284414748e-03,9.242844147480667e-07
2700,17,3.500000000000000e-03,3.498777313119213e-03,1.222686880786999e-06
2700,18,3.000000000000000e-03,3.000984123097789e-03,-9.841230977887874e-07
2700,19,-2.500000000000000e-03,-2.498596316948704e-03,-1.403683051296161e-06
2700,20,2.000000000000000e-03,2.000190026460294e-03,-1.900264602941980e-07
2700,21,1.800000000000000e-03,1.798505671098589e-03,1.494328901410552e-06
2700,22,-1.500000000000000e-03,-1.501507347909712e-03,1.507347909711658e-06
2700,23,1.200000000000000e-03,1.199613759942574e-03,3.862400574255499e-07
2700,24,1.000000000000000e-03,1.001043346513043e-03,-1.043346513043136e-06
2700,25,-8.000000000000000e-04,-8.005030480522890e-04,5.030480522889326e-07
2700,26,5.999999999999999e-04,5.980960223533270e-04,1.903977646672966e-06
2700,27,5.000000000000000e-04,5.004596158999831e-04,-4.596158999831037e-07
2700,28,-4.000000000000000e-04,-3.988293970970571e-04,-1.170602902942893e-06
2700,29,3.000000000000000e-04,3.008807695653111e-04,-8.807695653110853e-07
2800,0,1.200000000000000e-01,1.199968446237532e-01,3.155376246802288e-06
2800,1,-8.000000000000000e-02,-7.999628677615540e-02,-3.713223844598046e-06
2800,2,5.500000000000000e-02,5.499741806282028e-02,2.581937179717275e-06
2800,3,4.000000000000000e-02,3.999795891766367e-02,2.041082336326494e-06
2800,4,-3.000000000000000e-02,-2.999976993692673e-02,-2.300630732657294e-07
2800,5,2.500000000000000e-02,2.500283074939203e-02,-2.830749392029874e-06
2800,6,2.000000000000000e-02,1.999915879544286e-02,8.412045571365434e-07
2800,7,-1.800000000000000e-02,-1.799919645980375e-02,-8.035401962494526e-07
2800,8,1.500000000000000e-02,1.499881187500302e-02,1.188124996975501e-06
2800,9,1.200000000000000e-02,1.199941246598465e-02,5.875340153525810e-07
2800,10,-1.000000000000000e-02,-9.999179797574986e-03,-8.202024250145851e-07
2800,11,8.999999999999999e-03,9.000434191636939e-03,-4.341916369395016e-07
2800,12,8.000000000000000e-03,7.998378020285654e-03,1.621979714346369e-06
2800,13,-7.000000000000000e-03,-7.001568764855181e-03,1.568764855180461e-06
2800,14,6.000000000000000e-03,6.000796744380235e-03,-7.967443802344917e-07
2800,15,5.000000000000000e-03,5.000386242468032e-03,-3.862424680315529e-07
2800,16,-4.000000000000000e-03,-4.000662095547327e-03,6.620955473272266e-07
2800,17,3.500000000000000e-03,3.499218155191143e-03,7.818448088570303e-07
2800,18,3.000000000000000e-03,3.000974182993334e-03,-9.741829933335340e-07
2800,19,-2.500000000000000e-03,-2.499089508814552e-03,-9.104911854475838e-07
2800,20,2.000000000000000e-03,2.000394421673768e-03,-3.944216737683005e-07
2800,21,1.800000000000000e-03,1.799087771147985e-03,9.122288520152944e-07
2800,22,-1.500000000000000e-03,-1.501263724768252e-03,1.263724768251536e-06
2800,23,1.200000000000000e-03,1.199643955426312e-03,3.560445736878071e-07
2800,24,1.000000000000000e-03,1.000977843661704e-03,-9.778436617039615e-07
2800,25,-8.000000000000000e-04,-8.002114912371374e-04,2.114912371374090e-07
2800,26,5.999999999999999e-04,5.985153877183697e-04,1.484612281630292e-06
2800,27,5.000000000000000e-04,5.005387280600202e-04,-5.387280600201638e-07
2800,28,-4.000000000000000e-04,-3.990686091910004e-04,-9.313908089996045e-07
2800,29,3.000000000000000e-04,3.005905774024154e-04,-5.905774024154509e-07
2900,0,1.200000000000000e-01,1.199978779934814e-01,2.122006518640029e-06
2900,1,-8.000000000000000e-02,-7.999743692236623e-02,-2.563077633771504e-06
2900,2,5.500000000000000e-02,5.499805706912213e-02,1.942930877865678e-06
2900,3,4.000000000000000e-02,3.999816542518077e-02,1.834574819226109e-06
2900,4,-3.000000000000000e-02,-2.999950728762407e-02,-4.927123759303209e-07
2900,5,2.500000000000000e-02,2.500191240528165e-02,-1.912405281644797e-06
2900,6,2.000000000000000e-02,1.999922167243475e-02,7.783275652491206e-07
2900,7,-1.800000000000000e-02,-1.799956383659857e-02,-4.361634014272975e-07
2900,8,1.500000000000000e-02,1.499933182350816e-02,6.681764918355787e-07
2900,9,1.200000000000000e-02,1.199947607746743e-02,5.239225325665009e-07
2900,10,-1.000000000000000e-02,-9.999440040116801e-03,-5.599598831996372e-07
2900,11,8.999999999999999e-03,9.000409625349266e-03,-4.096253492669871e-07
2900,12,8.000000000000000e-03,7.998750562101689e-03,1.249437898311404e-06
2900,13,-7.000000000000000e-03,-7.000987490816539e-03,9.874908165384902e-07
2900,14,6.000000000000000e-03,6.000441539450157e-03,-4.415394501567499e-07
2900,15,5.000000000000000e-03,5.000385215389013e-03,-3.852153890133644e-07
2900,16,-4.000000000000000e-03,-4.000572185276390e-03,5.721852763896154e-07
2900,17,3.500000000000000e-03,3.499498672060004e-03,5.013279399958791e-07
2900,18,3.000000000000000e-03,3.000504621979938e-03,-5.046219799377354e-07
2900,19,-2.500000000000000e-03,-2.499384945071052e-03,-6.150549289479258e-07
2900,20,2.000000000000000e-03,2.000153923227457e-03,-1.539232274572894e-07
2900,21,1.800000000000000e-03,1.799390961524935e-03,6.090384750650872e-07
2900,22,-1.500000000000000e-03,-1.501065054572132e-03,1.065054572131933e-06
2900,23,1.200000000000000e-03,1.199633076906259e-03,3.669230937404597e-07
2900,24,1.000000000000000e-03,1.000962316734225e-03,-9.623167342251871e-07
2900,25,-8.000000000000000e-04,-8.001184759569915e-04,1.184759569914989e-07
2900,26,5.999999999999999e-04,5.991545551134170e-04,8.454448865829458e-07
2900,27,5.000000000000000e-04,5.000941617840647e-04,-9.416178406473127e-08
2900,28,-4.000000000000000e-04,-3.994104167989852e-04,-5.895832010148288e-07
2900,29,3.000000000000000e-04,3.004554255521559e-04,-4.554255521559136e-07
3000,0,1.200000000000000e-01,1.199984876475064e-01,1.512352493640567e-06
3000,1,-8.000000000000000e-02,-7.999807517339547e-02,-1.924826604535190e-06
3000,2,5.500000000000000e-02,5.499852651916280e-02,1.473480837205221e-06
3000,3,4.000000000000000e-02,3.999874382491635e-02,1.256175083647060e-06
3000,4,-3.000000000000000e-02,-2.999961022790176e-02,-3.897720982394548e-07
3000,5,2.500000000000000e-02,2.500139292063204e-02,-1.392920632035249e-06
3000,6,2.000000000000000e-02,1.999936646154525e-02,6.335384547528911e-07
3000,7,-1.800000000000000e-02,-1.799973788503089e-02,-2.621149691045543e-07
3000,8,1.500000000000000e-02,1.499967390257321e-02,3.260974267855349e-07
3000,9,1.200000000000000e-02,1.199953508154801e-02,4.649184519919108e-07
3000,10,-1.000000000000000e-02,-9.999578376425457e-03,-4.216235745431451e-07
3000,11,8.999999999999999e-03,9.000209985020997e-03,-2.099850209980741e-07
3000,12,8.000000000000000e-03,7.999192869633655e-03,8.071303663446938e-07
3000,13,-7.000000000000000e-03,-7.000811080598220e-03,8.110805982198058e-07
3000,14,6.000000000000000e-03,6.000320434676243e-03,-3.204346762427507e-07
3000,15,5.000000000000000e-03,5.000223985114531e-03,-2.239851145313318e-07
3000,16,-4.000000000000000e-03,-4.000401334107007e-03,4.013341070065179e-07
3000,17,3.500000000000000e-03,3.499816506209359e-03,1.834937906407090e-07
3000,18,3.000000000000000e-03,3.000283360819258e-03,-2.833608192575124e-07
3000,19,-2.500000000000000e-03,-2.499609438604562e-03,-3.905613954382353e-07
3000,20,2.000000000000000e-03,2.000119338805022e-03,-1.193388050216120e-07
3000,21,1.800000000000000e-03,1.799742044144416e-03,2.579558555839551e-07
3000,22,-1.500000000000000e-03,-1.500876335368397e-03,8.763353683965969e-07
3000,23,1.200000000000000e-03,1.199806733229193e-03,1.932667708071621e-07
3000,24,1.000000000000000e-03,1.000720095031627e-03,-7.200950316265092e-07
3000,25,-8.000000000000000e-04,-7.999388999251501e-04,-6.110007484997574e-08
3000,26,5.999999999999999e-04,5.992654368681829e-04,7.345631318170665e-07
3000,27,5.000000000000000e-04,5.002107337458035e-04,-2.107337458035364e-07
3000,28,-4.000000000000000e-04,-3.996798817551255e-04,-3.201182448745550e-07
3000,29,3.000000000000000e-04,3.003669669745187e-04,-3.669669745187025e-07
3100,0,1.200000000000000e-01,1.199988866655558e-01,1.113334444219349e-06
3100,1,-8.000000000000000e-02,-7.999865934645661e-02,-1.340653543388526e-06
3100,2,5.500000000000000e-02,5.499886698095852e-02,1.133019041477112e-06
3100,3,4.000000000000000e-02,3.999918569059035e-02,8.143094096524361e-07
3100,4,-3.000000000000000e-02,-2.999974082257083e-02,-2.591774291640925e-07
3100,5,2.500000000000000e-02,2.500104194265774e-02,-1.041942657736827e-06
3100,6,2.000000000000000e-02,1.999945821888196e-02,5.417811180449816e-07
3100,7,-1.800000000000000e-02,-1.799980417536803e-02,-1.958246319648527e-07
3100,8,1.500000000000000e-02,1.499985479863293e-02,1.452013670671243e-07
3100,9,1.200000000000000e-02,1.199966314294046e-02,3.368570595397441e-07
3100,10,-1.000000000000000e-02,-9.999762989726215e-03,-2.370102737854485e-07
3100,11,8.999999999999999e-03,9.000175474874396e-03,-1.754748743965778e-07
3100,12,8.000000000000000e-03,7.999383135830956e-03,6.168641690437737e-07
3100,13,-7.000000000000000e-03,-7.000676307500012e-03,6.763075000113666e-07
3100,14,6.000000000000000e-03,6.000307510579550e-03,-3.075105795497315e-07
3100,15,5.000000000000000e-03,5.000210214173578e-03,-2.102141735777982e-07
3100,16,-4.000000000000000e-03,-4.000302086442679e-03,3.020864426791711e-07
3100,17,3.500000000000000e-03,3.499818964183124e-03,1.810358168756465e-07
3100,18,3.000000000000000e-03,3.000403140806339e-03,-4.031408063391931e-07
3100,19,-2.500000000000000e-03,-2.499841113307044e-03,-1.588866929557071e-07
3100,20,2.000000000000000e-03,2.000073374157024e-03,-7.337415702367983e-08
3100,21,1.800000000000000e-03,1.800073547715617e-03,-7.354771561674141e-08
3100,22,-1.500000000000000e-03,-1.500782469040095e-03,7.824690400949109e-07
3100,23,1.200000000000000e-03,1.199739728078451e-03,2.602719215486198e-07
3100,24,1.000000000000000e-03,1.000587319354144e-03,-5.873193541442844e-07
3100,25,-8.000000000000000e-04,-7.999535228334192e-04,-4.647716658084423e-08
3100,26,5.999999999999999e-04,5.994673461654730e-04,5.326538345269130e-07
3100,27,5.000000000000000e-04,5.002588171087710e-04,-2.588171087709954e-07
3100,28,-4.000000000000000e-04,-3.998186805926844e-04,-1.813194073156232e-07
3100,29,3.000000000000000e-04,3.002875743815187e-04,-2.875743815187667e-07
3200,0,1.200000000000000e-01,1.199992455071780e-01,7.544928219971325e-07
3200,1,-8.000000000000000e-02,-7.999906367554159e-02,-9.363244584115193e-07
3200,2,5.500000000000000e-02,5.499913894281814e-02,8.610571818612467e-07
3200,3,4.000000000000000e-02,3.999944659217574e-02,5.534078242608320e-07
3200,4,-3.000000000000000e-02,-2.999973656540927e-02,-2.634345907283342e-07
3200,5,2.500000000000000e-02,2.500079597008511e-02,-7.959700851108142e-07
3200,6,2.000000000000000e-02,1.999961908492232e-02,3.809150776780401e-07
3200,7,-1.800000000000000e-02,-1.799985639350735e-02,-1.436064926522984e-07
3200,8,1.500000000000000e-02,1.499993900337416e-02,6.099662584226062e-08
3200,9,1.200000000000000e-02,1.199980522935926e-02,1.947706407372241e-07
3200,10,-1.000000000000000e-02,-9.999860904668633e-03,-1.390953313674947e-07
3200,11,8.999999999999999e-03,9.000066042283955e-03,-6.604228395580558e-08
3200,12,8.000000000000000e-03,7.999566530088832e-03,4.334699111683410e-07
3200,13,-7.000000000000000e-03,-7.000500693027922e-03,5.006930279220084e-07
3200,14,6.000000000000000e-03,6.000225267047406e-03,-2.252670474062884e-07
3200,15,5.000000000000000e-03,5.000091307923299e-03,-9.130792329864468e-08
3200,16,-4.000000000000000e-03,-4.000096488064231e-03,9.648806423116774e-08
3200,17,3.500000000000000e-03,3.499899270315902e-03,1.007296840981400e-07
3200,18,3.000000000000000e-03,3.000294853690391e-03,-2.948536903910233e-07
3200,19,-2.500000000000000e-03,-2.499864317608015e-03,-1.356823919854318e-07
3200,20,2.000000000000000e-03,2.000095246668855e-03,-9.524666885448244e-08
3200,21,1.800000000000000e-03,1.800067459540800e-03,-6.745954080024028e-08
3200,22,-1.500000000000000e-03,-1.500530381464945e-03,5.303814649452402e-07
3200,23,1.200000000000000e-03,1.199799201598422e-03,2.007984015782536e-07
3200,24,1.000000000000000e-03,1.000378940800629e-03,-3.789408006291215e-07
3200,25,-8.000000000000000e-04,-7.999810371020401e-04,-1.896289795989218e-08
3200,26,5.999999999999999e-04,5.997198753859919e-04,2.801246140080949e-07
3200,27,5.000000000000000e-04,5.000833377487345e-04,-8.333774873447650e-08
3200,28,-4.000000000000000e-04,-3.998682808702971e-04,-1.317191297029461e-07
3200,29,3.000000000000000e-04,3.002338326379746e-04,-2.338326379746638e-07
3300,0,1.200000000000000e-01,1.199994931759933e-01,5.068240066519181e-07
3300,1,-8.000000000000000e-02,-7.999928611686964e-02,-7.138831303599158e-07
3300,2,5.500000000000000e-02,5.499930513340012e-02,6.948665998776637e-07
3300,3,4.000000000000000e-02,3.999972020640413e-02,2.797935958684383e-07
3300,4,-3.000000000000000e-02,-2.999988750492350e-02,-1.124950764971877e-07
3300,5,2.500000000000000e-02,2.500060576334977e-02,-6.057633497660864e-07
3300,6,2.000000000000000e-02,1.999970568291282e-02,2.943170871842760e-07
3300,7,-1.800000000000000e-02,-1.799993638526422e-02,-6.361473577770616e-08
3300,8,1.500000000000000e-02,1.499992527441137e-02,7.472558862485490e-08
3300,9,1.200000000000000e-02,1.199989576799303e-02,1.042320069699620e-07
3300,10,-1.000000000000000e-02,-9.999916309473476e-03,-8.369052652452968e-08
3300,11,8.999999999999999e-03,9.000079211134524e-03,-7.921113452484529e-08
3300,12,8.000000000000000e-03,7.999738062694559e-03,2.619373054412594e-07
3300,13,-7.000000000000000e-03,-7.000355410258327e-03,3.554102583269367e-07
3300,14,6.000000000000000e-03,6.000153716258428e-03,-1.537162584277010e-07
3300,15,5.000000000000000e-03,5.000039408944619e-03,-3.940894461890859e-08
3300,16,-4.000000000000000e-03,-4.000084123688347e-03,8.412368834691264e-08
3300,17,3.500000000000000e-03,3.499913726824996e-03,8.627317500415482e-08
3300,18,3.000000000000000e-03,3.000190988815165e-03,-1.909888151644702e-07
3300,19,-2.500000000000000e-03,-2.499845704858454e-03,-1.542951415462249e-07
3300,20,2.000000000000000e-03,2.000075062939003e-03,-7.506293900295599e-08
3300,21,1.800000000000000e-03,1.799991981221574e-03,8.018778425772019e-09
3300,22,-1.500000000000000e-03,-1.500324714126568e-03,3.247141265676733e-07
3300,23,1.200000000000000e-03,1.199821097882577e-03,1.789021174232810e-07
3300,24,1.000000000000000e-03,1.000238669420235e-03,-2.386694202350173e-07
3300,25,-8.000000000000000e-04,-7.999277040201625e-04,-7.229597983758520e-08
3300,26,5.999999999999999e-04,5.997684600106516e-04,2.315399893483257e-07
3300,27,5.000000000000000e-04,4.999961720122905e-04,3.827987709475490e-09
3300,28,-4.000000000000000e-04,-3.998593746189344e-04,-1.406253810655998e-07
3300,29,3.000000000000000e-04,3.002330939805213e-04,-2.330939805213726e-07
3400,0,1.200000000000000e-01,1.199996329113758e-01,3.670886241508020e-07
3400,1,-8.000000000000000e-02,-7.999953380775229e-02,-4.661922477083857e-07
3400,2,5.500000000000000e-02,5.499948874608153e-02,5.112539184712328e-07
3400,3,4.000000000000000e-02,3.999982468653888e-02,1.753134611232054e-07
3400,4,-3.000000000000000e-02,-2.999995255757607e-02,-4.744242393384113e-08
3400,5,2.500000000000000e-02,2.500044284870031e-02,-4.428487003042825e-07
3400,6,2.000000000000000e-02,1.999978106742662e-02,2.189325733828462e-07
3400,7,-1.800000000000000e-02,-1.799997783527651e-02,-2.216472348368081e-08
3400,8,1.500000000000000e-02,1.499994754177389e-02,5.245822610848438e-08
3400,9,1.200000000000000e-02,1.199990301338608e-02,9.698661392228136e-08
3400,10,-1.000000000000000e-02,-9.999942044434613e-03,-5.795556538672197e-08
3400,11,8.999999999999999e-03,9.000089673830012e-03,-8.967383001261264e-08
3400,12,8.000000000000000e-03,7.999813337885207e-03,1.866621147927905e-07
3400,13,-7.000000000000000e-03,-7.000275498413576e-03,2.754984135761376e-07
3400,14,6.000000000000000e-03,6.000143974886927e-03,-1.439748869265858e-07
3400,15,5.000000000000000e-03,5.000027716723085e-03,-2.771672308506112e-08
3400,16,-4.000000000000000e-03,-4.000090204301822e-03,9.020430182232059e-08
3400,17,3.500000000000000e-03,3.499958846789207e-03,4.115321079354792e-08
3400,18,3.000000000000000e-03,3.000091137339558e-03,-9.113733955793540e-08
3400,19,-2.500000000000000e-03,-2.499904364747602e-03,-9.563525239786319e-08
3400,20,2.000000000000000e-03,2.000097127082501e-03,-9.712708250132415e-08
3400,21,1.800000000000000e-03,1.799960481042956e-03,3.951895704429331e-08
3400,22,-1.500000000000000e-03,-1.500259612201968e-03,2.596122019684396e-07
3400,23,1.200000000000000e-03,1.199910574548609e-03,8.942545139047249e-08
3400,24,1.000000000000000e-03,1.000204989353809e-03,-2.049893538089067e-07
3400,25,-8.000000000000000e-04,-7.999343097442237e-04,-6.569025577630398e-08
3400,26,5.999999999999999e-04,5.998403973740113e-04,1.596026259886169e-07
3400,27,5.000000000000000e-04,5.000022050995884e-04,-2.205099588386064e-09
3400,28,-4.000000000000000e-04,-3.999221396581305e-04,-7.786034186954343e-08
3400,29,3.000000000000000e-04,3.001592010638215e-04,-1.592010638215265e-07
3500,0,1.200000000000000e-01,1.199997465149403e-01,2.534850596508376e-07
3500,1,-8.000000000000000e-02,-7.999964975696933e-02,-3.502430306751014e-07
3500,2,5.500000000000000e-02,5.499964542809761e-02,3.545719023875793e-07
3500,3,4.000000000000000e-02,3.999986033693623e-02,1.396630637667817e-07
3500,4,-3.000000000000000e-02,-2.999994496899281e-02,-5.503100718867726e-08
3500,5,2.500000000000000e-02,2.500029729357551e-02,-2.972935755039818e-07
3500,6,2.000000000000000e-02,1.999978095981411e-02,2.190401858885582e-07
3500,7,-1.800000000000000e-02,-1.799998555648810e-02,-1.444351190038606e-08
3500,8,1.500000000000000e-02,1.500000403483715e-02,-4.034837153624182e-09
3500,9,1.200000000000000e-02,1.199993699846071e-02,6.300153929106322e-08
3500,10,-1.000000000000000e-02,-1.000000182356828e-02,1.823568284223254e-09
3500,11,8.999999999999999e-03,9.000077931000454e-03,-7.793100045491719e-08
3500,12,8.000000000000000e-03,7.999873384791852e-03,1.266152081479122e-07
3500,13,-7.000000000000000e-03,-7.000170268143224e-03,1.702681432236286e-07
3500,14,6.000000000000000e-03,6.000096714751835e-03,-9.671475183475192e-08
3500,15,5.000000000000000e-03,5.000004288072252e-03,-4.288072251446007e-09
3500,16,-4.000000000000000e-03,-4.000058856656200e-03,5.885665619979885e-08
3500,17,3.500000000000000e-03,3.499993443187812e-03,6.556812188248523e-09
3500,18,3.000000000000000e-03,3.000033583751610e-03,-3.358375160952831e-08
3500,19,-2.500000000000000e-03,-2.499981675236807e-03,-1.832476319340096e-08
3500,20,2.000000000000000e-03,2.000058932948409e-03,-5.893294840846053e-08
3500,21,1.800000000000000e-03,1.800034888837909e-03,-3.488883790897512e-08
3500,22,-1.500000000000000e-03,-1.500184669568698e-03,1.846695686980905e-07
3500,23,1.200000000000000e-03,1.199949699709537e-03,5.030029046298838e-08
3500,24,1.000000000000000e-03,1.000107430855900e-03,-1.074308558998444e-07
3500,25,-8.000000000000000e-04,-7.998988399031805e-04,-1.011600968195544e-07
3500,26,5.999999999999999e-04,5.998598216191240e-04,1.401783808759700e-07
3500,27,5.000000000000000e-04,5.000543313987772e-04,-5.433139877721819e-08
3500,28,-4.000000000000000e-04,-3.999841851962363e-04,-1.581480376375895e-08
3500,29,3.000000000000000e-04,3.000961084404023e-04,-9.610844040232195e-08
3600,0,1.200000000000000e-01,1.199998056759837e-01,1.943240163226889e-07
3600,1,-8.000000000000000e-02,-7.999972746729696e-02,-2.725327030439484e-07
3600,2,5.500000000000000e-02,5.499970778385462e-02,2.922161453852712e-07
3600,3,4.000000000000000e-02,3.999990748836771e-02,9.251163229223591e-08
3600,4,-3.000000000000000e-02,-2.999997153345669e-02,-2.846654331353782e-08
3600,5,2.500000000000000e-02,2.500024654625976e-02,-2.465462597550649e-07
3600,6,2.000000000000000e-02,1.999982800496663e-02,1.719950333718689e-07
3600,7,-1.800000000000000e-02,-1.799998646740929e-02,-1.353259071121271e-08
3600,8,1.500000000000000e-02,1.499998505071854e-02,1.494928145856500e-08
3600,9,1.200000000000000e-02,1.199996081639949e-02,3.918360051181902e-08
3600,10,-1.000000000000000e-02,-9.999995707535771e-03,-4.292464229546655e-09
3600,11,8.999999999999999e-03,9.000061839318830e-03,-6.183931883056715e-08
3600,12,8.000000000000000e-03,7.999887951387027e-03,1.120486129730508e-07
3600,13,-7.000000000000000e-03,-7.000136059896903e-03,1.360598969029486e-07
3600,14,6.000000000000000e-03,6.000088194906925e-03,-8.819490692531934e-08
3600,15,5.000000000000000e-03,5.000016023907781e-03,-1.602390778138868e-08
3600,16,-4.000000000000000e-03,-4.000058490609649e-03,5.849060964908948e-08
3600,17,3.500000000000000e-03,3.499997790141563e-03,2.209858437299955e-09
3600,18,3.000000000000000e-03,3.000025032659661e-03,-2.503265966085147e-08
3600,19,-2.500000000000000e-03,-2.499975578894322e-03,-2.442110567848349e-08
3600,20,2.000000000000000e-03,2.000040543846744e-03,-4.054384674431061e-08
3600,21,1.800000000000000e-03,1.800032380193701e-03,-3.238019370124454e-08
3600,22,-1.500000000000000e-03,-1.500151923138581e-03,1.519231385813027e-07
3600,23,1.200000000000000e-03,1.199954920649704e-03,4.507935029603172e-08
3600,24,1.000000000000000e-03,1.000074669893916e-03,-7.466989391559375e-08
3600,25,-8.000000000000000e-04,-7.999135624025842e-04,-8.643759741582165e-08
3600,26,5.999999999999999e-04,5.998866919960061e-04,1.133080039938819e-07
3600,27,5.000000000000000e-04,5.000436136614748e-04,-4.361366147474354e-08
3600,28,-4.000000000000000e-04,-4.000089246519605e-04,8.924651960485162e-09
3600,29,3.000000000000000e-04,3.000885568096847e-04,-8.855680968470735e-08
3700,0,1.200000000000000e-01,1.199998474229988e-01,1.525770011723271e-07
3700,1,-8.000000000000000e-02,-7.999977069316883e-02,-2.293068311759461e-07
3700,2,5.500000000000000e-02,5.499976484232729e-02,2.351576727094296e-07
3700,3,4.000000000000000e-02,3.999993788954694e-02,6.211045306542262e-08
3700,4,-3.000000000000000e-02,-2.999999971790978e-02,-2.820902157696370e-10
3700,5,2.500000000000000e-02,2.500020973106981e-02,-2.097310698098709e-07
3700,6,2.000000000000000e-02,1.999985923918453e-02,1.407608154722906e-07
3700,7,-1.800000000000000e-02,-1.799998355118806e-02,-1.644881193751946e-08
3700,8,1.500000000000000e-02,1.499998810576361e-02,1.189423638574272e-08
3700,9,1.200000000000000e-02,1.199998282813277e-02,1.717186723024233e-08
3700,10,-1.000000000000000e-02,-9.999994632541941e-03,-5.367458059610253e-09
3700,11,8.999999999999999e-03,9.000050725107421e-03,-5.072510742172576e-08
3700,12,8.000000000000000e-03,7.999909823675235e-03,9.017632476501780e-08
3700,13,-7.000000000000000e-03,-7.000127335342512e-03,1.273353425115115e-07
3700,14,6.000000000000000e-03,6.000078810629317e-03,-7.881062931685417e-08
3700,15,5.000000000000000e-03,5.000001919152253e-03,-1.919152252914669e-09
3700,16,-4.000000000000000e-03,-4.000029757727445e-03,2.975772744537308e-08
3700,17,3.500000000000000e-03,3.499994327247173e-03,5.672752827375060e-09
3700,18,3.000000000000000e-03,3.000018099960859e-03,-1.809996085866752e-08
3700,19,-2.500000000000000e-03,-2.499966926037898e-03,-3.307396210204538e-08
3700,20,2.000000000000000e-03,2.000033340831969e-03,-3.334083196896223e-08
3700,21,1.800000000000000e-03,1.799999117400835e-03,8.825991647601339e-10
3700,22,-1.500000000000000e-03,-1.500127098384504e-03,1.270983845040423e-07
3700,23,1.200000000000000e-03,1.199989564613473e-03,1.043538652646843e-08
3700,24,1.000000000000000e-03,1.000034893624848e-03,-3.489362484783258e-08
3700,25,-8.000000000000000e-04,-7.999254158552033e-04,-7.458414479674224e-08
3700,26,5.999999999999999e-04,5.999130242088067e-04,8.697579119323461e-08
3700,27,5.000000000000000e-04,5.000248825520617e-04,-2.488255206164938e-08
3700,28,-4.000000000000000e-04,-4.000158956225069e-04,1.589562250684136e-08
3700,29,3.000000000000000e-04,3.000786792294728e-04,-7.867922947277792e-08
3800,0,1.200000000000000e-01,1.199998992275941e-01,1.007724059337578e-07
3800,1,-8.000000000000000e-02,-7.999985438516176e-02,-1.456148382428246e-07
3800,2,5.500000000000000e-02,5.499983649541477e-02,1.635045852321770e-07
3800,3,4.000000000000000e-02,3.999995278691343e-02,4.721308657223977e-08
3800,4,-3.000000000000000e-02,-2.999999403723754e-02,-5.962762457401016e-09
3800,5,2.500000000000000e-02,2.500012720919047e-02,-1.272091904730432e-07
3800,6,2.000000000000000e-02,1.999992473722150e-02,7.526277849556617e-08
3800,7,-1.800000000000000e-02,-1.799998722156581e-02,-1.277843418925895e-08
3800,8,1.500000000000000e-02,1.500000861734871e-02,-8.617348709605288e-09
3800,9,1.200000000000000e-02,1.199997501986969e-02,2.498013031496105e-08
3800,10,-1.000000000000000e-02,-1.000000496179840e-02,4.961798397498662e-09
3800,11,8.999999999999999e-03,9.000026510374170e-03,-2.651037417020219e-08
3800,12,8.000000000000000e-03,7.999960214794049e-03,3.978520595089574e-08
3800,13,-7.000000000000000e-03,-7.000098377694965e-03,9.837769496517240e-08
3800,14,6.000000000000000e-03,6.000056730602009e-03,-5.673060200859364e-08
3800,15,5.000000000000000e-03,4.999990573817157e-03,9.426182842955932e-09
3800,16,-4.000000000000000e-03,-4.000013211459423e-03,1.321145942298485e-08
3800,17,3.500000000000000e-03,3.499991104545798e-03,8.895454202233199e-09
3800,18,3.000000000000000e-03,3.000029313210853e-03,-2.931321085256761e-08
3800,19,-2.500000000000000e-03,-2.499986152105424e-03,-1.384789457626115e-08
3800,20,2.000000000000000e-03,2.000010491888576e-03,-1.049188857581845e-08
3800,21,1.800000000000000e-03,1.799993388177040e-03,6.611822960011018e-09
3800,22,-1.500000000000000e-03,-1.500071573325081e-03,7.157332508134565e-08
3800,23,1.200000000000000e-03,1.199981094830417e-03,1.890516958258370e-08
3800,24,1.000000000000000e-03,1.000013089875770e-03,-1.308987577033384e-08
3800,25,-8.000000000000000e-04,-7.999434786228264e-04,-5.652137717365377e-08
3800,26,5.999999999999999e-04,5.999361211104377e-04,6.387888956227265e-08
3800,27,5.000000000000000e-04,5.000117306725361e-04,-1.173067253610379e-08
3800,28,-4.000000000000000e-04,-3.999924293753239e-04,-7.570624676147327e-09
3800,29,3.000000000000000e-04,3.000521278467668e-04,-5.212784676687007e-08
3900,0,1.200000000000000e-01,1.199999317175229e-01,6.828247708923207e-08
3900,1,-8.000000000000000e-02,-7.999989574365782e-02,-1.042563421843612e-07
3900,2,5.500000000000000e-02,5.499987072088398e-02,1.292791160234508e-07
3900,3,4.000000000000000e-02,3.999998751301469e-02,1.248698530686987e-08
3900,4,-3.000000000000000e-02,-3.000000762910895e-02,7.629108948747909e-09
3900,5,2.500000000000000e-02,2.500009492250585e-02,-9.492250584511308e-08
3900,6,2.000000000000000e-02,1.999994467249553e-02,5.532750447026502e-08
3900,7,-1.800000000000000e-02,-1.799998604367856e-02,-1.395632144227110e-08
3900,8,1.500000000000000e-02,1.499999567107197e-02,4.328928026806067e-09
3900,9,1.200000000000000e-02,1.199998223939530e-02,1.776060469874108e-08
3900,10,-1.000000000000000e-02,-9.999994788300102e-03,-5.211699898033384e-09
3900,11,8.999999999999999e-03,9.000007512721172e-03,-7.512721172595049e-09
3900,12,8.000000000000000e-03,7.999980950192352e-03,1.904980764799724e-08
3900,13,-7.000000000000000e-03,-7.000077333493748e-03,7.733349374761112e-08
3900,14,6.000000000000000e-03,6.000037566947673e-03,-3.756694767331065e-08
3900,15,5.000000000000000e-03,4.999989137421954e-03,1.086257804625707e-08
3900,16,-4.000000000000000e-03,-3.999993795909986e-03,-6.204090014297337e-09
3900,17,3.500000000000000e-03,3.499977884135753e-03,2.211586424714571e-08
3900,18,3.000000000000000e-03,3.000027472481488e-03,-2.747248148762815e-08
3900,19,-2.500000000000000e-03,-2.499981272028495e-03,-1.872797150475822e-08
3900,20,2.000000000000000e-03,1.999994305680427e-03,5.694319573160134e-09
3900,21,1.800000000000000e-03,1.799993973382599e-03,6.026617400869266e-09
3900,22,-1.500000000000000e-03,-1.500044165433629e-03,4.416543362929445e-08
3900,23,1.200000000000000e-03,1.199976206879193e-03,2.379312080669736e-08
3900,24,1.000000000000000e-03,1.000008040532914e-03,-8.040532914173684e-09
3900,25,-8.000000000000000e-04,-7.999479045491362e-04,-5.209545086385260e-08
3900,26,5.999999999999999e-04,5.999521411052120e-04,4.785889478795512e-08
3900,27,5.000000000000000e-04,5.000019870287696e-04,-1.987028769604923e-09
3900,28,-4.000000000000000e-04,-3.999898580509056e-04,-1.014194909440070e-08
3900,29,3.000000000000000e-04,3.000355145453780e-04,-3.551454537804822e-08
4000,0,1.200000000000000e-01,1.199999464189888e-01,5.358101116959002e-08
4000,1,-8.000000000000000e-02,-7.999992535171946e-02,-7.464828054304373e-08
4000,2,5.500000000000000e-02,5.499990304365773e-02,9.695634227424588e-08
4000,3,4.000000000000000e-02,3.999999312867566e-02,6.871324335910867e-09
4000,4,-3.000000000000000e-02,-3.000000733394250e-02,7.333942498438661e-09
4000,5,2.500000000000000e-02,2.500006594027398e-02,-6.594027397721636e-08
4000,6,2.000000000000000e-02,1.999995574497783e-02,4.425502216770516e-08
4000,7,-1.800000000000000e-02,-1.799998792364321e-02,-1.207635678956986e-08
4000,8,1.500000000000000e-02,1.499999640409463e-02,3.595905372077990e-09
4000,9,1.200000000000000e-02,1.199999237782563e-02,7.622174369101287e-09
4000,10,-1.000000000000000e-02,-1.000000480349065e-02,4.803490653848552e-09
4000,11,8.999999999999999e-03,9.000007258745354e-03,-7.258745354787877e-09
4000,12,8.000000000000000e-03,7.999985423091225e-03,1.457690877552931e-08
4000,13,-7.000000000000000e-03,-7.000057312506394e-03,5.731250639351426e-08
4000,14,6.000000000000000e-03,6.000024961003800e-03,-2.496100380035282e-08
4000,15,5.000000000000000e-03,4.999995103617215e-03,4.896382785335440e-09
4000,16,-4.000000000000000e-03,-4.000002284362345e-03,2.284362345117419e-09
4000,17,3.500000000000000e-03,3.499991781217190e-03,8.218782809703284e-09
4000,18,3.000000000000000e-03,3.000015570018220e-03,-1.557001822003606e-08
4000,19,-2.500000000000000e-03,-2.499985406884885e-03,-1.459311511518499e-08
4000,20,2.000000000000000e-03,1.999991550716898e-03,8.449283102167360e-09
4000,21,1.800000000000000e-03,1.799999950833452e-03,4.916654843672985e-11
4000,22,-1.500000000000000e-03,-1.500031921663833e-03,3.192166383287308e-08
4000,23,1.200000000000000e-03,1.199985823068093e-03,1.417693190706310e-08
4000,24,1.000000000000000e-03,1.000002536930506e-03,-2.536930506381180e-09
4000,25,-8.000000000000000e-04,-7.999642709675734e-04,-3.572903242666722e-08
4000,26,5.999999999999999e-04,5.999669804890288e-04,3.301951097115820e-08
4000,27,5.000000000000000e-04,5.000056636923335e-04,-5.663692333483447e-09
4000,28,-4.000000000000000e-04,-3.999984704097130e-04,-1.529590287058496e-09
4000,29,3.000000000000000e-04,3.000191430063764e-04,-1.914300637646284e-08
4100,0,1.200000000000000e-01,1.199999622583123e-01,3.774168765013908e-08
4100,1,-8.000000000000000e-02,-7.999994490177115e-02,-5.509822885441107e-08
4100,2,5.500000000000000e-02,5.499992776404296e-02,7.223595704236585e-08
4100,3,4.000000000000000e-02,4.000000148274354e-02,-1.482743539060749e-09
4100,4,-3.000000000000000e-02,-3.000001209594910e-02,1.209594909651335e-08
4100,5,2.500000000000000e-02,2.500004495322320e-02,-4.495322319594819e-08
4100,6,2.000000000000000e-02,1.999997372976141e-02,2.627023859211319e-08
4100,7,-1.800000000000000e-02,-1.799999027775771e-02,-9.722242289011973e-09
4100,8,1.500000000000000e-02,1.499998753941601e-02,1.246058399170802e-08
4100,9,1.200000000000000e-02,1.200000283238779e-02,-2.832387791321112e-09
4100,10,-1.000000000000000e-02,-1.000000371418415e-02,3.714184149475330e-09
4100,11,8.999999999999999e-03,9.000001540485176e-03,-1.540485176920736e-09
4100,12,8.000000000000000e-03,7.999987442151890e-03,1.255784811034222e-08
4100,13,-7.000000000000000e-03,-7.000039878329879e-03,3.987832987873557e-08
4100,14,6.000000000000000e-03,6.000017237173180e-03,-1.723717318012630e-08
4100,15,5.000000000000000e-03,4.999993055404258e-03,6.944595742214288e-09
4100,16,-4.000000000000000e-03,-3.999995955292039e-03,-4.044707960920713e-09
4100,17,3.500000000000000e-03,3.499992143877143e-03,7.856122857287373e-09
4100,18,3.000000000000000e-03,3.000007511909470e-03,-7.511909469893469e-09
4100,19,-2.500000000000000e-03,-2.499983520166469e-03,-1.647983353079974e-08
4100,20,2.000000000000000e-03,1.999994375063418e-03,5.624936582054180e-09
4100,21,1.800000000000000e-03,1.799996442454318e-03,3.557545682304417e-09
4100,22,-1.500000000000000e-03,-1.500024748905478e-03,2.474890547750699e-08
4100,23,1.200000000000000e-03,1.199994672717065e-03,5.327282935315217e-09
4100,24,1.000000000000000e-03,9.999999446759162e-04,5.532408385577892e-11
4100,25,-8.000000000000000e-04,-7.999707492768919e-04,-2.925072310809660e-08
4100,26,5.999999999999999e-04,5.999745186215511e-04,2.548137844888936e-08
4100,27,5.000000000000000e-04,5.000089939664264e-04,-8.993966426435948e-09
4100,28,-4.000000000000000e-04,-3.999962978273311e-04,-3.702172668906475e-09
4100,29,3.000000000000000e-04,3.000107147521697e-04,-1.071475216971735e-08
4200,0,1.200000000000000e-01,1.199999762058295e-01,2.379417050890620e-08
4200,1,-8.000000000000000e-02,-7.999995875723626e-02,-4.124276374584124e-08
4200,2,5.500000000000000e-02,5.499995061791611e-02,4.938208389426713e-08
4200,3,4.000000000000000e-02,3.999999809448053e-02,1.905519471379069e-09
4200,4,-3.000000000000000e-02,-3.000000789086290e-02,7.890862900594708e-09
4200,5,2.500000000000000e-02,2.500003051185682e-02,-3.051185681543500e-08
4200,6,2.000000000000000e-02,1.999998127701320e-02,1.872298679983508e-08
4200,7,-1.800000000000000e-02,-1.799999294874995e-02,-7.051250049128210e-09
4200,8,1.500000000000000e-02,1.499998895224161e-02,1.104775839040617e-08
4200,9,1.200000000000000e-02,1.200000439554136e-02,-4.395541357976596e-09
4200,10,-1.000000000000000e-02,-1.000000550319199e-02,5.503191994118972e-09
4200,11,8.999999999999999e-03,9.000006026953764e-03,-6.026953764184939e-09
4200,12,8.000000000000000e-03,7.999988615815580e-03,1.138418441980205e-08
4200,13,-7.000000000000000e-03,-7.000022970192238e-03,2.297019223787555e-08
4200,14,6.000000000000000e-03,6.000008333269671e-03,-8.333269670666998e-09
4200,15,5.000000000000000e-03,5.000001181758756e-03,-1.181758755956774e-09
4200,16,-4.000000000000000e-03,-4.000001726358184e-03,1.726358184010734e-09
4200,17,3.500000000000000e-03,3.499995278657230e-03,4.721342770300924e-09
4200,18,3.000000000000000e-03,2.999999922515007e-03,7.748499324805591e-11
4200,19,-2.500000000000000e-03,-2.499988922372793e-03,-1.107762720659392e-08
4200,20,2.000000000000000e-03,1.999995342727811e-03,4.657272189428907e-09
4200,21,1.800000000000000e-03,1.799997419117871e-03,2.580882128670747e-09
4200,22,-1.500000000000000e-03,-1.500017505922405e-03,1.750592240525733e-08
4200,23,1.200000000000000e-03,1.199997314293999e-03,2.685706000909310e-09
4200,24,1.000000000000000e-03,1.000001716446014e-03,-1.716446013533962e-09
4200,25,-8.000000000000000e-04,-7.999804800004674e-04,-1.951999953266493e-08
4200,26,5.999999999999999e-04,5.999780899406116e-04,2.191005938831370e-08
4200,27,5.000000000000000e-04,5.000019470613442e-04,-1.947061344185347e-09
4200,28,-4.000000000000000e-04,-3.999944755458309e-04,-5.524454169082357e-09
4200,29,3.000000000000000e-04,3.000048766511951e-04,-4.876651195167246e-09
4300,0,1.200000000000000e-01,1.199999839120917e-01,1.608790825557982e-08
4300,1,-8.000000000000000e-02,-7.999997293550730e-02,-2.706449270251099e-08
4300,2,5.500000000000000e-02,5.499996376940266e-02,3.623059734170209e-08
4300,3,4.000000000000000e-02,3.999999666715545e-02,3.332844548953329e-09
4300,4,-3.000000000000000e-02,-3.000000009899392e-02,9.899392069967483e-11
4300,5,2.500000000000000e-02,2.500001979099748e-02,-1.979099747626001e-08
4300,6,2.000000000000000e-02,1.999998580346014e-02,1.419653986034497e-08
4300,7,-1.800000000000000e-02,-1.799999549605365e-02,-4.503946347822474e-09
4300,8,1.500000000000000e-02,1.499999404445508e-02,5.955544916599886e-09
4300,9,1.200000000000000e-02,1.200000475925370e-02,-4.759253702940613e-09
4300,10,-1.000000000000000e-02,-1.000000984309191e-02,9.843091910988200e-09
4300,11,8.999999999999999e-03,9.000009982684588e-03,-9.982684588683011e-09
4300,12,8.000000000000000e-03,7.999989140065982e-03,1.085993401803154e-08
4300,13,-7.000000000000000e-03,-7.000012651311963e-03,1.265131196245134e-08
4300,14,6.000000000000000e-03,6.000001006820767e-03,-1.006820766515093e-09
4300,15,5.000000000000000e-03,5.000004909621656e-03,-4.909621656272456e-09
4300,16,-4.000000000000000e-03,-4.000005560371275e-03,5.560371274526688e-09
4300,17,3.500000000000000e-03,3.499999995863135e-03,4.136864895781800e-12
4300,18,3.000000000000000e-03,3.000000587617121e-03,-5.876171207605529e-10
4300,19,-2.500000000000000e-03,-2.499993132817254e-03,-6.867182745628336e-09
4300,20,2.000000000000000e-03,1.999995899172031e-03,4.100827969300697e-09
4300,21,1.800000000000000e-03,1.799999904476632e-03,9.552336764466485e-11
4300,22,-1.500000000000000e-03,-1.500009786208488e-03,9.786208487669312e-09
4300,23,1.200000000000000e-03,1.199991689711481e-03,8.310288518746309e-09
4300,24,1.000000000000000e-03,1.000003003044884e-03,-3.003044883728365e-09
4300,25,-8.000000000000000e-04,-7.999860423625114e-04,-1.395763748860985e-08
4300,26,5.999999999999999e-04,5.999878517509032e-04,1.214824909678142e-08
4300,27,5.000000000000000e-04,4.999969788652930e-04,3.021134706987505e-09
4300,28,-4.000000000000000e-04,-3.999934539841183e-04,-6.546015881691430e-09
4300,29,3.000000000000000e-04,3.000017102001602e-04,-1.710200160252775e-09
4400,0,1.200000000000000e-01,1.199999922844314e-01,7.715568614563573e-09
4400,1,-8.000000000000000e-02,-7.999998089351375e-02,-1.910648625425004e-08
4400,2,5.500000000000000e-02,5.499997556967536e-02,2.443032463828043e-08
4400,3,4.000000000000000e-02,3.999999670950384e-02,3.290496160268663e-09
4400,4,-3.000000000000000e-02,-2.999999802371702e-02,-1.976282974075483e-09
4400,5,2.500000000000000e-02,2.500001487696696e-02,-1.487696696042540e-08
4400,6,2.000000000000000e-02,1.999998982151185e-02,1.017848814607869e-08
4400,7,-1.800000000000000e-02,-1.799999753648894e-02,-2.463511061812085e-09
4400,8,1.500000000000000e-02,1.499999632199516e-02,3.678004841661808e-09
4400,9,1.200000000000000e-02,1.200000369783476e-02,-3.697834762353414e-09
4400,10,-1.000000000000000e-02,-1.000000559906744e-02,5.599067440589800e-09
4400,11,8.999999999999999e-03,9.000007697874252e-03,-7.697874252962644e-09
4400,12,8.000000000000000e-03,7.999992830533046e-03,7.169466954143333e-09
4400,13,-7.000000000000000e-03,-7.000008196510751e-03,8.196510750506369e-09
4400,14,6.000000000000000e-03,6.000001660534265e-03,-1.660534264778801e-09
4400,15,5.000000000000000e-03,5.000004421080947e-03,-4.421080946649669e-09
4400,16,-4.000000000000000e-03,-4.000004458223871e-03,4.458223870802691e-09
4400,17,3.500000000000000e-03,3.499999935136256e-03,6.486374415012874e-11
4400,18,3.000000000000000e-03,2.999999533392859e-03,4.666071413798878e-10
4400,19,-2.500000000000000e-03,-2.499993097919894e-03,-6.902080105803537e-09
4400,20,2.000000000000000e-03,1.999995770444369e-03,4.229555631510978e-09
4400,21,1.800000000000000e-03,1.800002237523830e-03,-2.237523830063079e-09
4400,22,-1.500000000000000e-03,-1.500008304873033e-03,8.304873033194993e-09
4400,23,1.200000000000000e-03,1.199995408287225e-03,4.591712775194740e-09
4400,24,1.000000000000000e-03,1.000001522656169e-03,-1.522656168685688e-09
4400,25,-8.000000000000000e-04,-7.999893804348805e-04,-1.061956511952660e-08
4400,26,5.999999999999999e-04,5.999917061113749e-04,8.293888625041969e-09
4400,27,5.000000000000000e-04,4.999951832995922e-04,4.816700407777284e-09
4400,28,-4.000000000000000e-04,-3.999963582569556e-04,-3.641743044440187e-09
4400,29,3.000000000000000e-04,3.000027815066665e-04,-2.781506666486855e-09
4500,0,1.200000000000000e-01,1.199999938665013e-01,6.133498708926766e-09
4500,1,-8.000000000000000e-02,-7.999998747385759e-02,-1.252614241498140e-08
4500,2,5.500000000000000e-02,5.499998374662943e-02,1.625337056609943e-08
4500,3,4.000000000000000e-02,3.999999758176533e-02,2.418234675005682e-09
4500,4,-3.000000000000000e-02,-2.999999775858999e-02,-2.241410005515698e-09
4500,5,2.500000000000000e-02,2.500000873061923e-02,-8.730619231039904e-09
4500,6,2.000000000000000e-02,1.999999354369442e-02,6.456305576968413e-09
4500,7,-1.800000000000000e-02,-1.799999779287893e-02,-2.207121069242035e-09
4500,8,1.500000000000000e-02,1.499999810603381e-02,1.893966188742935e-09
4500,9,1.200000000000000e-02,1.200000166847645e-02,-1.668476445546019e-09
4500,10,-1.000000000000000e-02,-1.000000427672507e-02,4.276725067836606e-09
4500,11,8.999999999999999e-03,9.000005667459447e-03,-5.667459447925016e-09
4500,12,8.000000000000000e-03,7.999996105366060e-03,3.894633940002001e-09
4500,13,-7.000000000000000e-03,-7.000005958053743e-03,5.958053743079783e-09
4500,14,6.000000000000000e-03,6.000001078431548e-03,-1.078431548055814e-09
4500,15,5.000000000000000e-03,5.000002566491414e-03,-2.566491414356109e-09
4500,16,-4.000000000000000e-03,-4.000003679401876e-03,3.679401876059696e-09
4500,17,3.500000000000000e-03,3.500001180836096e-03,-1.180836096004861e-09
4500,18,3.000000000000000e-03,2.999999142256964e-03,8.577430363199134e-10
4500,19,-2.500000000000000e-03,-2.499994699886815e-03,-5.300113185141564e-09
4500,20,2.000000000000000e-03,1.999995869664999e-03,4.130335001534952e-09
4500,21,1.800000000000000e-03,1.800001721880080e-03,-1.721880080142110e-09
4500,22,-1.500000000000000e-03,-1.500005505582127e-03,5.505582126698674e-09
4500,23,1.200000000000000e-03,1.199997853699304e-03,2.146300695548067e-09
4500,24,1.000000000000000e-03,9.999990008683613e-04,9.991316387517740e-10
4500,25,-8.000000000000000e-04,-7.999925291316228e-04,-7.470868377277076e-09
4500,26,5.999999999999999e-04,5.999938686034370e-04,6.131396562995481e-09
4500,27,5.000000000000000e-04,4.999978062213626e-04,2.193778637373488e-09
4500,28,-4.000000000000000e-04,-3.999972613052692e-04,-2.738694730849631e-09
4500,29,3.000000000000000e-04,3.000016839367605e-04,-1.683936760540385e-09
4600,0,1.200000000000000e-01,1.199999950392256e-01,4.960774388496070e-09
4600,1,-8.000000000000000e-02,-7.999999031829708e-02,-9.681702925479208e-09
4600,2,5.500000000000000e-02,5.499998716006263e-02,1.283993737027922e-08
4600,3,4.000000000000000e-02,3.999999893997185e-02,1.060028148591741e-09
4600,4,-3.000000000000000e-02,-2.999999925050860e-02,-7.494913960293115e-10
4600,5,2.500000000000000e-02,2.500000650303456e-02,-6.503034555294107e-09
4600,6,2.000000000000000e-02,1.999999597366876e-02,4.026331244105785e-09
4600,7,-1.800000000000000e-02,-1.799999820542943e-02,-1.794570568536269e-09
4600,8,1.500000000000000e-02,1.499999718884667e-02,2.811153325746329e-09
4600,9,1.200000000000000e-02,1.200000235290997e-02,-2.352909971026218e-09
4600,10,-1.000000000000000e-02,-1.000000336947228e-02,3.369472279315944e-09
4600,11,8.999999999999999e-03,9.000004829020530e-03,-4.829020530672246e-09
4600,12,8.000000000000000e-03,7.999996355699928e-03,3.644300071783957e-09
4600,13,-7.000000000000000e-03,-7.000004866506609e-03,4.866506609149668e-09
4600,14,6.000000000000000e-03,6.000000778079181e-03,-7.780791809464116e-10
4600,15,5.000000000000000e-03,5.000002866762599e-03,-2.866762599008921e-09
4600,16,-4.000000000000000e-03,-4.000003216889397e-03,3.216889397222866e-09
4600,17,3.500000000000000e-03,3.500000724464125e-03,-7.244641245414407e-10
4600,18,3.000000000000000e-03,2.999998997938691e-03,1.002061308930102e-09
4600,19,-2.500000000000000e-03,-2.499994920312653e-03,-5.079687347402800e-09
4600,20,2.000000000000000e-03,1.999996795738337e-03,3.204261662861224e-09
4600,21,1.800000000000000e-03,1.800000130176879e-03,-1.301768790418906e-10
4600,22,-1.500000000000000e-03,-1.500004159568319e-03,4.159568318473986e-09
4600,23,1.200000000000000e-03,1.199999272364335e-03,7.276356643950987e-10
4600,24,1.000000000000000e-03,9.999988532534134e-04,1.146746586577763e-09
4600,25,-8.000000000000000e-04,-7.999942415820185e-04,-5.758417981490370e-09
4600,26,5.999999999999999e-04,5.999951948044414e-04,4.805195558512179e-09
4600,27,5.000000000000000e-04,4.999987292934695e-04,1.270706530558281e-09
4600,28,-4.000000000000000e-04,-3.999981081172739e-04,-1.891882726162957e-09
4600,29,3.000000000000000e-04,3.000018670063354e-04,-1.867006335447806e-09
4700,0,1.200000000000000e-01,1.199999966188074e-01,3.381192631435326e-09
4700,1,-8.000000000000000e-02,-7.999999405311618e-02,-5.946883818719328e-09
4700,2,5.500000000000000e-02,5.499999108125302e-02,8.918746977060188e-09
4700,3,4.000000000000000e-02,3.999999929316275e-02,7.068372553931113e-10
4700,4,-3.000000000000000e-02,-2.999999932092736e-02,-6.790726383987256e-10
4700,5,2.500000000000000e-02,2.500000339829039e-02,-3.398290385203673e-09
4700,6,2.000000000000000e-02,1.999999824496089e-02,1.755039114037515e-09
4700,7,-1.800000000000000e-02,-1.799999843187420e-02,-1.568125795881059e-09
4700,8,1.500000000000000e-02,1.499999837950227e-02,1.620497725590697e-09
4700,9,1.200000000000000e-02,1.200000127591320e-02,-1.275913201481682e-09
4700,10,-1.000000000000000e-02,-1.000000184161792e-02,1.841617922396233e-09
4700,11,8.999999999999999e-03,9.000002394694473e-03,-2.394694473967229e-09
4700,12,8.000000000000000e-03,7.999997698569974e-03,2.301430025719586e-09
4700,13,-7.000000000000000e-03,-7.000003069747157e-03,3.069747156990432e-09
4700,14,6.000000000000000e-03,6.000000590666459e-03,-5.906664584526267e-10
4700,15,5.000000000000000e-03,5.000000900511839e-03,-9.005118387084288e-10
4700,16,-4.000000000000000e-03,-4.000001455959105e-03,1.455959105015059e-09
4700,17,3.500000000000000e-03,3.500000761814300e-03,-7.618143000112654e-10
4700,18,3.000000000000000e-03,2.999999421524893e-03,5.784751072254735e-10
4700,19,-2.500000000000000e-03,-2.499996433419326e-03,-3.566580673592529e-09
4700,20,2.000000000000000e-03,1.999997810182841e-03,2.189817158767399e-09
4700,21,1.800000000000000e-03,1.799999042888107e-03,9.571118932127920e-10
4700,22,-1.500000000000000e-03,-1.500002059722320e-03,2.059722319569177e-09
4700,23,1.200000000000000e-03,1.199999108681751e-03,8.913182485918020e-10
4700,24,1.000000000000000e-03,9.999986262085798e-04,1.373791420249473e-09
4700,25,-8.000000000000000e-04,-7.999967162025272e-04,-3.283797472873953e-09
4700,26,5.999999999999999e-04,5.999977471251418e-04,2.252874858128980e-09
4700,27,5.000000000000000e-04,4.999985657356794e-04,1.434264320591266e-09
4700,28,-4.000000000000000e-04,-3.999984675640118e-04,-1.532435988218020e-09
4700,29,3.000000000000000e-04,3.000013151755041e-04,-1.315175504092159e-09
4800,0,1.200000000000000e-01,1.199999980913672e-01,1.908632751845829e-09
4800,1,-8.000000000000000e-02,-7.999999577722487e-02,-4.222775129569811e-09
4800,2,5.500000000000000e-02,5.499999413182158e-02,5.868178422352432e-09
4800,3,4.000000000000000e-02,3.999999918550227e-02,8.144977262092290e-10
4800,4,-3.000000000000000e-02,-2.999999895388134e-02,-1.046118656977679e-09
4800,5,2.500000000000000e-02,2.500000217169467e-02,-2.171694664376833e-09
4800,6,2.000000000000000e-02,1.999999874015185e-02,1.259848149415266e-09
4800,7,-1.800000000000000e-02,-1.799999888790085e-02,-1.112099152350554e-09
4800,8,1.500000000000000e-02,1.499999880982806e-02,1.190171940168572e-09
4800,9,1.200000000000000e-02,1.200000031621093e-02,-3.162109272342173e-10
4800,10,-1.000000000000000e-02,-1.000000100576044e-02,1.005760441943893e-09
4800,11,8.999999999999999e-03,9.000002207438299e-03,-2.207438299858810e-09
4800,12,8.000000000000000e-03,7.999997967796903e-03,2.032203096774543e-09
4800,13,-7.000000000000000e-03,-7.000001596255801e-03,1.596255801150637e-09
4800,14,6.000000000000000e-03,6.000000150727575e-03,-1.507275745188386e-10
4800,15,5.000000000000000e-03,5.000000927059178e-03,-9.270591776883164e-10
4800,16,-4.000000000000000e-03,-4.000000928144521e-03,9.281445213088491e-10
4800,17,3.500000000000000e-03,3.499999932845461e-03,6.715453887418121e-11
4800,18,3.000000000000000e-03,2.999999864641590e-03,1.353584102442573e-10
4800,19,-2.500000000000000e-03,-2.499997553609576e-03,-2.446390423571643e-09
4800,20,2.000000000000000e-03,1.999998638863138e-03,1.361136862075563e-09
4800,21,1.800000000000000e-03,1.799998833099772e-03,1.166900228137188e-09
4800,22,-1.500000000000000e-03,-1.500000741543751e-03,7.415437510999850e-10
4800,23,1.200000000000000e-03,1.199999187931316e-03,8.120686842156416e-10
4800,24,1.000000000000000e-03,9.999991600741502e-04,8.399258497916728e-10
4800,25,-8.000000000000000e-04,-7.999978575090159e-04,-2.142490984104184e-09
4800,26,5.999999999999999e-04,5.999986985297811e-04,1.301470218813099e-09
4800,27,5.000000000000000e-04,4.999983657620138e-04,1.634237986256060e-09
4800,28,-4.000000000000000e-04,-3.999990434031796e-04,-9.565968204193476e-10
4800,29,3.000000000000000e-04,3.000014037477784e-04,-1.403747778390071e-09
4900,0,1.200000000000000e-01,1.199999990674848e-01,9.325152316996821e-10
4900,1,-8.000000000000000e-02,-7.999999732494402e-02,-2.675055982281904e-09
4900,2,5.500000000000000e-02,5.499999584142659e-02,4.158573409240862e-09
4900,3,4.000000000000000e-02,3.999999923418730e-02,7.658127049170460e-10
4900,4,-3.000000000000000e-02,-2.999999908455904e-02,-9.154409591483059e-10
4900,5,2.500000000000000e-02,2.500000171206358e-02,-1.712063577713474e-09
4900,6,2.000000000000000e-02,1.999999909576784e-02,9.042321579000312e-10
4900,7,-1.800000000000000e-02,-1.799999926262156e-02,-7.373784360886759e-10
4900,8,1.500000000000000e-02,1.499999936788606e-02,6.321139427861722e-10
4900,9,1.200000000000000e-02,1.200000007783946e-02,-7.783945883688137e-11
4900,10,-1.000000000000000e-02,-1.000000061226990e-02,6.122698979760255e-10
4900,11,8.999999999999999e-03,9.000001426075828e-03,-1.426075828606099e-09
4900,12,8.000000000000000e-03,7.999998782693904e-03,1.217306096201742e-09
4900,13,-7.000000000000000e-03,-7.000001572886160e-03,1.572886159859066e-09
4900,14,6.000000000000000e-03,6.000000174894970e-03,-1.748949700342006e-10
4900,15,5.000000000000000e-03,5.000001083645541e-03,-1.083645541355427e-09
4900,16,-4.000000000000000e-03,-4.000001242799772e-03,1.242799771948577e-09
4900,17,3.500000000000000e-03,3.500000121709713e-03,-1.217097126207656e-10
4900,18,3.000000000000000e-03,3.000000127396344e-03,-1.273963434744729e-10
4900,19,-2.500000000000000e-03,-2.499998333492354e-03,-1.666507646290449e-09
4900,20,2.000000000000000e-03,1.999999055768395e-03,9.442316052307720e-10
4900,21,1.800000000000000e-03,1.799999104604482e-03,8.953955174962475e-10
4900,22,-1.500000000000000e-03,-1.500000376401788e-03,3.764017884270304e-10
4900,23,1.200000000000000e-03,1.199999298707073e-03,7.012929267250639e-10
4900,24,1.000000000000000e-03,9.999994848185702e-04,5.151814298515883e-10
4900,25,-8.000000000000000e-04,-7.999986797637235e-04,-1.320236276531293e-09
4900,26,5.999999999999999e-04,5.999993313220819e-04,6.686779180494970e-10
4900,27,5.000000000000000e-04,4.999984235825863e-04,1.576417413707426e-09
4900,28,-4.000000000000000e-04,-3.999991903338647e-04,-8.096661353526602e-10
4900,29,3.000000000000000e-04,3.000009091125769e-04,-9.091125769398502e-10
5000,0,1.200000000000000e-01,1.199999993382240e-01,6.617759951144109e-10
5000,1,-8.000000000000000e-02,-7.999999832921852e-02,-1.670781485385575e-09
5000,2,5.500000000000000e-02,5.499999707877835e-02,2.921221646523531e-09
5000,3,4.000000000000000e-02,3.999999952567137e-02,4.743286319275342e-10
5000,4,-3.000000000000000e-02,-2.999999945720579e-02,-5.427942054159196e-10
5000,5,2.500000000000000e-02,2.500000131921732e-02,-1.319217315248755e-09
5000,6,2.000000000000000e-02,1.999999934398222e-02,6.560177817638291e-10
5000,7,-1.800000000000000e-02,-1.799999935020702e-02,-6.497929833093607e-10
5000,8,1.500000000000000e-02,1.499999962233173e-02,3.776682647171903e-10
5000,9,1.200000000000000e-02,1.200000011346465e-02,-1.134646508693660e-10
5000,10,-1.000000000000000e-02,-1.000000037751481e-02,3.775148128132289e-10
5000,11,8.999999999999999e-03,9.000000680069930e-03,-6.800699309250646e-10
5000,12,8.000000000000000e-03,7.999999025027979e-03,9.749720215196378e-10
5000,13,-7.000000000000000e-03,-7.000000914950361e-03,9.149503611347032e-10
5000,14,6.000000000000000e-03,5.999999922276483e-03,7.772351685864098e-11
5000,15,5.000000000000000e-03,5.000000649594476e-03,-6.495944754325578e-10
5000,16,-4.000000000000000e-03,-4.000000747844635e-03,7.478446351766310e-10
5000,17,3.500000000000000e-03,3.500000192073659e-03,-1.920736586273619e-10
5000,18,3.000000000000000e-03,2.999999914474026e-03,8.552597388980510e-11
5000,19,-2.500000000000000e-03,-2.499998811245659e-03,-1.188754340623877e-09
5000,20,2.000000000000000e-03,1.999999375724184e-03,6.242758163708950e-10
5000,21,1.800000000000000e-03,1.799999434838542e-03,5.651614579972597e-10
5000,22,-1.500000000000000e-03,-1.500000496004364e-03,4.960043643170708e-10
5000,23,1.200000000000000e-03,1.199999415046186e-03,5.849538141193544e-10
5000,24,1.000000000000000e-03,9.999995581345838e-04,4.418654162181845e-10
5000,25,-8.000000000000000e-04,-7.999991558346926e-04,-8.441653074264463e-10
5000,26,5.999999999999999e-04,5.999994419051882e-04,5.580948117924270e-10
5000,27,5.000000000000000e-04,4.999989321056693e-04,1.067894330689795e-09
5000,28,-4.000000000000000e-04,-3.999994601384848e-04,-5.398615151924399e-10
5000,29,3.000000000000000e-04,3.000007220804551e-04,-7.220804551077292e-10
5100,0,1.200000000000000e-01,1.199999994933369e-01,5.066631419969880e-10
5100,1,-8.000000000000000e-02,-7.999999890330857e-02,-1.096691432111996e-09
5100,2,5.500000000000000e-02,5.499999795022083e-02,2.049779165846921e-09
5100,3,4.000000000000000e-02,3.999999974846423e-02,2.515357713783750e-10
5100,4,-3.000000000000000e-02,-2.999999960750623e-02,-3.924937666544004e-10
5100,5,2.500000000000000e-02,2.500000090826236e-02,-9.082623576850413e-10
5100,6,2.000000000000000e-02,1.999999956284751e-02,4.371524947588412e-10
5100,7,-1.800000000000000e-02,-1.799999975578229e-02,-2.442177120254296e-10
5100,8,1.500000000000000e-02,1.499999979966955e-02,2.003304518799487e-10
5100,9,1.200000000000000e-02,1.200000003976436e-02,-3.976435673791467e-11
5100,10,-1.000000000000000e-02,-1.000000011538803e-02,1.153880324622492e-10
5100,11,8.999999999999999e-03,9.000000290244989e-03,-2.902449895009207e-10
5100,12,8.000000000000000e-03,7.999999637824167e-03,3.621758327271296e-10
5100,13,-7.000000000000000e-03,-7.000000759639313e-03,7.596393123907030e-10
5100,14,6.000000000000000e-03,5.999999977666501e-03,2.233349876562540e-11
5100,15,5.000000000000000e-03,5.000000271072786e-03,-2.710727857457851e-10
5100,16,-4.000000000000000e-03,-4.000000412892941e-03,4.128929411914561e-10
5100,17,3.500000000000000e-03,3.500000180635117e-03,-1.806351166734610e-10
5100,18,3.000000000000000e-03,2.999999967883554e-03,3.211644578754447e-11
5100,19,-2.500000000000000e-03,-2.499999307316371e-03,-6.926836287717009e-10
5100,20,2.000000000000000e-03,1.999999771712108e-03,2.282878916286257e-10
5100,21,1.800000000000000e-03,1.799999456873267e-03,5.431267332579870e-10
5100,22,-1.500000000000000e-03,-1.500000222491426e-03,2.224914256738347e-10
5100,23,1.200000000000000e-03,1.199999353443831e-03,6.465561684133869e-10
5100,24,1.000000000000000e-03,9.999997863230879e-04,2.136769121016679e-10
5100,25,-8.000000000000000e-04,-7.999994641941532e-04,-5.358058468478769e-10
5100,26,5.999999999999999e-04,5.999997432799323e-04,2.567200676215423e-10
5100,27,5.000000000000000e-04,4.999991432061353e-04,8.567938646975373e-10
5100,28,-4.000000000000000e-04,-3.999994556230756e-04,-5.443769243978352e-10
5100,29,3.000000000000000e-04,3.000001403424478e-04,-1.403424477867433e-10
5200,0,1.200000000000000e-01,1.199999996031195e-01,3.968804729304054e-10
5200,1,-8.000000000000000e-02,-7.999999919273237e-02,-8.072676277448565e-10
5200,2,5.500000000000000e-02,5.499999856902882e-02,1.430971181826113e-09
5200,3,4.000000000000000e-02,3.999999990331322e-02,9.668678357943605e-11
5200,4,-3.000000000000000e-02,-2.999999979663012e-02,-2.033698764947189e-10
5200,5,2.500000000000000e-02,2.500000065851772e-02,-6.585177195206349e-10
5200,6,2.000000000000000e-02,1.999999968636056e-02,3.136394442770918e-10
5200,7,-1.800000000000000e-02,-1.799999989554845e-02,-1.044515481052333e-10
5200,8,1.500000000000000e-02,1.499999985247618e-02,1.475238230186360e-10
5200,9,1.200000000000000e-02,1.199999999012013e-02,9.879872961415792e-12
5200,10,-1.000000000000000e-02,-1.000000014122455e-02,1.412245546200674e-10
5200,11,8.999999999999999e-03,9.000000243844584e-03,-2.438445851488114e-10
5200,12,8.000000000000000e-03,7.999999945824300e-03,5.417570038412922e-11
5200,13,-7.000000000000000e-03,-7.000000514523318e-03,5.145233180486875e-10
5200,14,6.000000000000000e-03,6.000000082966788e-03,-8.296678795371992e-11
5200,15,5.000000000000000e-03,5.000000143863330e-03,-1.438633301029113e-10
5200,16,-4.000000000000000e-03,-4.000000365650723e-03,3.656507232413508e-10
5200,17,3.500000000000000e-03,3.500000123927328e-03,-1.239273276013031e-10
5200,18,3.000000000000000e-03,2.999999935090845e-03,6.490915530760200e-11
5200,19,-2.500000000000000e-03,-2.499999552039521e-03,-4.479604794743741e-10
5200,20,2.000000000000000e-03,1.999999838335175e-03,1.616648247562691e-10
5200,21,1.800000000000000e-03,1.799999642075319e-03,3.579246812129844e-10
5200,22,-1.500000000000000e-03,-1.500000153491557e-03,1.534915573548484e-10
5200,23,1.200000000000000e-03,1.199999575398874e-03,4.246011263940586e-10
5200,24,1.000000000000000e-03,9.999999742684967e-04,2.573150329962526e-11
5200,25,-8.000000000000000e-04,-7.999997356671169e-04,-2.643328831644295e-10
5200,26,5.999999999999999e-04,5.999998011408792e-04,1.988591207934681e-10
5200,27,5.000000000000000e-04,4.999993896003047e-04,6.103996953070803e-10
5200,28,-4.000000000000000e-04,-3.999996359237571e-04,-3.640762428949035e-10
5200,29,3.000000000000000e-04,3.000000789831898e-04,-7.898318978016849e-11
5300,0,1.200000000000000e-01,1.199999997539122e-01,2.460877474019796e-10
5300,1,-8.000000000000000e-02,-7.999999942595570e-02,-5.740442982071770e-10
5300,2,5.500000000000000e-02,5.499999898616582e-02,1.013834183272166e-09
5300,3,4.000000000000000e-02,3.999999986811986e-02,1.318801387539814e-10
5300,4,-3.000000000000000e-02,-2.999999982356659e-02,-1.764334095488707e-10
5300,5,2.500000000000000e-02,2.500000053912465e-02,-5.391246442332243e-10
5300,6,2.000000000000000e-02,1.999999975750805e-02,2.424919536003767e-10
5300,7,-1.800000000000000e-02,-1.799999994781731e-02,-5.218268872564380e-11
5300,8,1.500000000000000e-02,1.499999985508555e-02,1.449144519660717e-10
5300,9,1.200000000000000e-02,1.199999999598094e-02,4.019059390847346e-12
5300,10,-1.000000000000000e-02,-1.000000001746537e-02,1.746536769375862e-11
5300,11,8.999999999999999e-03,9.000000219644932e-03,-2.196449324504135e-10
5300,12,8.000000000000000e-03,7.999999919660055e-03,8.033994476630557e-11
5300,13,-7.000000000000000e-03,-7.000000324694070e-03,3.246940702417156e-10
5300,14,6.000000000000000e-03,6.000000079886636e-03,-7.988663550118069e-11
5300,15,5.000000000000000e-03,5.000000117042692e-03,-1.170426915109157e-10
5300,16,-4.000000000000000e-03,-4.000000233895035e-03,2.338950344168977e-10
5300,17,3.500000000000000e-03,3.500000040103006e-03,-4.010300555176705e-11
5300,18,3.000000000000000e-03,2.999999969918883e-03,3.008111728458607e-11
5300,19,-2.500000000000000e-03,-2.499999662448054e-03,-3.375519460301069e-10
5300,20,2.000000000000000e-03,1.999999910489166e-03,8.951083364100443e-11
5300,21,1.800000000000000e-03,1.799999749795143e-03,2.502048566162957e-10
5300,22,-1.500000000000000e-03,-1.500000142992334e-03,1.429923339024003e-10
5300,23,1.200000000000000e-03,1.199999691886388e-03,3.081136114475858e-10
5300,24,1.000000000000000e-03,1.000000048583005e-03,-4.858300524032688e-11
5300,25,-8.000000000000000e-04,-7.999997995730537e-04,-2.004269463069808e-10
5300,26,5.999999999999999e-04,5.999998293709900e-04,1.706290099446825e-10
5300,27,5.000000000000000e-04,4.999995886423959e-04,4.113576041213027e-10
5300,28,-4.000000000000000e-04,-3.999997609978596e-04,-2.390021404527140e-10
5300,29,3.000000000000000e-04,3.000000969142678e-04,-9.691426784350088e-11
5400,0,1.200000000000000e-01,1.199999997483617e-01,2.516382935358052e-10
5400,1,-8.000000000000000e-02,-7.999999956005328e-02,-4.399467179450056e-10
5400,2,5.500000000000000e-02,5.499999928158057e-02,7.184194281140144e-10
5400,3,4.000000000000000e-02,3.999999992938395e-02,7.061605467040266e-11
5400,4,-3.000000000000000e-02,-2.999999993778634e-02,-6.221366130598760e-11
5400,5,2.500000000000000e-02,2.500000040337115e-02,-4.033711524520367e-10
5400,6,2.000000000000000e-02,1.999999981374552e-02,1.862544840580682e-10
5400,7,-1.800000000000000e-02,-1.799999991165640e-02,-8.834360326614998e-11
5400,8,1.500000000000000e-02,1.499999991022946e-02,8.977053995995465e-11
5400,9,1.200000000000000e-02,1.199999995403546e-02,4.596453946625889e-11
5400,10,-1.000000000000000e-02,-1.000000003788018e-02,3.788017642614161e-11
5400,11,8.999999999999999e-03,9.000000143537032e-03,-1.435370329538888e-10
5400,12,8.000000000000000e-03,8.000000008613466e-03,-8.613465843354540e-12
5400,13,-7.000000000000000e-03,-7.000000197438504e-03,1.974385039141269e-10
5400,14,6.000000000000000e-03,6.000000015095496e-03,-1.509549603373461e-11
5400,15,5.000000000000000e-03,5.000000019037919e-03,-1.903791881086025e-11
5400,16,-4.000000000000000e-03,-4.000000153675199e-03,1.536751984346219e-10
5400,17,3.500000000000000e-03,3.500000088940064e-03,-8.894006364723595e-11
5400,18,3.000000000000000e-03,2.999999997043061e-03,2.956938947168419e-12
5400,19,-2.500000000000000e-03,-2.499999760106191e-03,-2.398938088107871e-10
5400,20,2.000000000000000e-03,1.999999889088323e-03,1.109116774117291e-10
5400,21,1.800000000000000e-03,1.799999816312444e-03,1.836875558342693e-10
5400,22,-1.500000000000000e-03,-1.500000086398882e-03,8.639888240610794e-11
5400,23,1.200000000000000e-03,1.199999809706957e-03,1.902930426081473e-10
5400,24,1.000000000000000e-03,1.000000021913595e-03,-2.191359463679654e-11
5400,25,-8.000000000000000e-04,-7.999999076545332e-04,-9.234546688528106e-11
5400,26,5.999999999999999e-04,5.999998622832212e-04,1.377167787360717e-10
5400,27,5.000000000000000e-04,4.999997395404899e-04,2.604595100794832e-10
5400,28,-4.000000000000000e-04,-3.999997935490564e-04,-2.064509436344210e-10
5400,29,3.000000000000000e-04,3.000000600409254e-04,-6.004092541070719e-11
5500,0,1.200000000000000e-01,1.199999998514837e-01,1.485162687275832e-10
5500,1,-8.000000000000000e-02,-7.999999964821095e-02,-3.517890562187986e-10
5500,2,5.500000000000000e-02,5.499999945138474e-02,5.486152573896952e-10
5500,3,4.000000000000000e-02,3.999999996014303e-02,3.985697188957360e-11
5500,4,-3.000000000000000e-02,-2.999999993548924e-02,-6.451075784674742e-11
5500,5,2.500000000000000e-02,2.500000030453535e-02,-3.045353517971972e-10
5500,6,2.000000000000000e-02,1.999999987417471e-02,1.258252946279015e-10
5500,7,-1.800000000000000e-02,-1.799999994146086e-02,-5.853914228359791e-11
5500,8,1.500000000000000e-02,1.499999994363069e-02,5.636931026120617e-11
5500,9,1.200000000000000e-02,1.199999996825601e-02,3.174399458572008e-11
5500,10,-1.000000000000000e-02,-1.000000001277492e-02,1.277491480655701e-11
5500,11,8.999999999999999e-03,9.000000093172200e-03,-9.317220085736100e-11
5500,12,8.000000000000000e-03,8.000000052738284e-03,-5.273828422580618e-11
5500,13,-7.000000000000000e-03,-7.000000158049581e-03,1.580495803676918e-10
5500,14,6.000000000000000e-03,5.999999996177398e-03,3.822601957192973e-12
5500,15,5.000000000000000e-03,5.000000018576274e-03,-1.857627419943331e-11
5500,16,-4.000000000000000e-03,-4.000000099313978e-03,9.931397804835429e-11
5500,17,3.500000000000000e-03,3.500000082865055e-03,-8.286505466179039e-11
5500,18,3.000000000000000e-03,2.999999969841487e-03,3.015851327350938e-11
5500,19,-2.500000000000000e-03,-2.499999802544780e-03,-1.974552197095414e-10
5500,20,2.000000000000000e-03,1.999999921925567e-03,7.807443276955373e-11
5500,21,1.800000000000000e-03,1.799999882211747e-03,1.177882524589641e-10
5500,22,-1.500000000000000e-03,-1.500000060063727e-03,6.006372742922705e-11
5500,23,1.200000000000000e-03,1.199999889051519e-03,1.109484810881550e-10
5500,24,1.000000000000000e-03,9.999999889926026e-04,1.100739746746904e-11
5500,25,-8.000000000000000e-04,-7.999999130769152e-04,-8.692308483236599e-11
5500,26,5.999999999999999e-04,5.999999189943904e-04,8.100560955522085e-11
5500,27,5.000000000000000e-04,4.999998232689730e-04,1.767310270567660e-10
5500,28,-4.000000000000000e-04,-3.999998298655761e-04,-1.701344239644388e-10
5500,29,3.000000000000000e-04,3.000000607836614e-04,-6.078366141578501e-11
5600,0,1.200000000000000e-01,1.199999998915427e-01,1.084572986975729e-10
5600,1,-8.000000000000000e-02,-7.999999975068445e-02,-2.493155543126235e-10
5600,2,5.500000000000000e-02,5.499999964320194e-02,3.567980563778939e-10
5600,3,4.000000000000000e-02,3.999999998196457e-02,1.803543425715759e-11
5600,4,-3.000000000000000e-02,-2.999999998829475e-02,-1.170525135152367e-11
5600,5,2.500000000000000e-02,2.500000021463388e-02,-2.146338766439992e-10
5600,6,2.000000000000000e-02,1.999999988028312e-02,1.197168787714364e-10
5600,7,-1.800000000000000e-02,-1.799999994030973e-02,-5.969027355723355e-11
5600,8,1.500000000000000e-02,1.499999997580870e-02,2.419129827013755e-11
5600,9,1.200000000000000e-02,1.199999997781204e-02,2.218796327224659e-11
5600,10,-1.000000000000000e-02,-1.000000002979766e-02,2.979765739707929e-11
5600,11,8.999999999999999e-03,9.000000081310073e-03,-8.131007325773432e-11
5600,12,8.000000000000000e-03,8.000000039873958e-03,-3.987395830185037e-11
5600,13,-7.000000000000000e-03,-7.000000078711624e-03,7.871162402417475e-11
5600,14,6.000000000000000e-03,5.999999968024928e-03,3.197507189578452e-11
5600,15,5.000000000000000e-03,5.000000029255915e-03,-2.925591453123433e-11
5600,16,-4.000000000000000e-03,-4.000000077137513e-03,7.713751339066821e-11
5600,17,3.500000000000000e-03,3.500000082132251e-03,-8.213225108702482e-11
5600,18,3.000000000000000e-03,2.999999957601861e-03,4.239813881923293e-11
5600,19,-2.500000000000000e-03,-2.499999902938760e-03,-9.706124012159867e-11
5600,20,2.000000000000000e-03,1.999999929035957e-03,7.096404323544969e-11
5600,21,1.800000000000000e-03,1.799999928463475e-03,7.153652475076766e-11
5600,22,-1.500000000000000e-03,-1.500000029392373e-03,2.939237308402509e-11
5600,23,1.200000000000000e-03,1.199999925237526e-03,7.476247355572840e-11
5600,24,1.000000000000000e-03,1.000000007860787e-03,-7.860787108043832e-12
5600,25,-8.000000000000000e-04,-7.999999449431805e-04,-5.505681956348429e-11
5600,26,5.999999999999999e-04,5.999999154982395e-04,8.450176040668278e-11
5600,27,5.000000000000000e-04,4.999998755712529e-04,1.244287471452096e-10
5600,28,-4.000000000000000e-04,-3.999998816228064e-04,-1.183771935727232e-10
5600,29,3.000000000000000e-04,3.000000160685335e-04,-1.606853354801235e-11
5700,0,1.200000000000000e-01,1.199999999126857e-01,8.731433631670171e-11
5700,1,-8.000000000000000e-02,-7.999999982156934e-02,-1.784306591368079e-10
5700,2,5.500000000000000e-02,5.499999975131222e-02,2.486877787033492e-10
5700,3,4.000000000000000e-02,3.999999998956408e-02,1.043592295912887e-11
5700,4,-3.000000000000000e-02,-2.999999998700462e-02,-1.299537560894848e-11
5700,5,2.500000000000000e-02,2.500000016775131e-02,-1.677513093711891e-10
5700,6,2.000000000000000e-02,1.999999990990868e-02,9.009131982096186e-11
5700,7,-1.800000000000000e-02,-1.799999994898330e-02,-5.101669434126599e-11
5700,8,1.500000000000000e-02,1.499999996789563e-02,3.210436777534298e-11
5700,9,1.200000000000000e-02,1.199999998779097e-02,1.220903239618210e-11
5700,10,-1.000000000000000e-02,-1.000000001292609e-02,1.292609075331796e-11
5700,11,8.999999999999999e-03,9.000000062842434e-03,-6.284243438126058e-11
5700,12,8.000000000000000e-03,8.000000027776245e-03,-2.777624484584518e-11
5700,13,-7.000000000000000e-03,-7.000000026299132e-03,2.629913214285962e-11
5700,14,6.000000000000000e-03,5.999999957416324e-03,4.258367616860603e-11
5700,15,5.000000000000000e-03,5.000000012668781e-03,-1.266878095484980e-11
5700,16,-4.000000000000000e-03,-4.000000038888337e-03,3.888833699505767e-11
5700,17,3.500000000000000e-03,3.500000064072190e-03,-6.407219026172140e-11
5700,18,3.000000000000000e-03,2.999999963090254e-03,3.690974609282804e-11
5700,19,-2.500000000000000e-03,-2.499999920875327e-03,-7.912467339318829e-11
5700,20,2.000000000000000e-03,1.999999950963898e-03,4.903610243550682e-11
5700,21,1.800000000000000e-03,1.799999946805678e-03,5.319432199411833e-11
5700,22,-1.500000000000000e-03,-1.500000014979915e-03,1.497991531165810e-11
5700,23,1.200000000000000e-03,1.199999937980125e-03,6.201987512964580e-11
5700,24,1.000000000000000e-03,1.000000028993120e-03,-2.899312040449686e-11
5700,25,-8.000000000000000e-04,-7.999999605276700e-04,-3.947233002694200e-11
5700,26,5.999999999999999e-04,5.999999379002135e-04,6.209978646760927e-11
5700,27,5.000000000000000e-04,4.999999069687753e-04,9.303122475937814e-11
5700,28,-4.000000000000000e-04,-3.999999250521827e-04,-7.494781732080361e-11
5700,29,3.000000000000000e-04,3.000000075347050e-04,-7.534705064732306e-12
5800,0,1.200000000000000e-01,1.199999999532525e-01,4.674753639744011e-11
5800,1,-8.000000000000000e-02,-7.999999991597144e-02,-8.402856188638452e-11
5800,2,5.500000000000000e-02,5.499999984902058e-02,1.509794234078043e-10
5800,3,4.000000000000000e-02,3.999999996746856e-02,3.253143587844676e-11
5800,4,-3.000000000000000e-02,-2.999999997089422e-02,-2.910577681647375e-11
5800,5,2.500000000000000e-02,2.500000010137494e-02,-1.013749362233085e-10
5800,6,2.000000000000000e-02,1.999999995645436e-02,4.354563931663336e-11
5800,7,-1.800000000000000e-02,-1.799999997607539e-02,-2.392460882183478e-11
5800,8,1.500000000000000e-02,1.499999996887465e-02,3.112534882609985e-11
5800,9,1.200000000000000e-02,1.199999999828090e-02,1.719098821628684e-12
5800,10,-1.000000000000000e-02,-1.000000001205282e-02,1.205281707772343e-11
5800,11,8.999999999999999e-03,9.000000051310969e-03,-5.131096936228374e-11
5800,12,8.000000000000000e-03,8.000000015281476e-03,-1.528147573759409e-11
5800,13,-7.000000000000000e-03,-7.000000010392951e-03,1.039295038918198e-11
5800,14,6.000000000000000e-03,5.999999972618432e-03,2.738156836684658e-11
5800,15,5.000000000000000e-03,4.999999983542068e-03,1.645793223925551e-11
5800,16,-4.000000000000000e-03,-4.000000014722749e-03,1.472274906155757e-11
5800,17,3.500000000000000e-03,3.500000033945896e-03,-3.394589557365046e-11
5800,18,3.000000000000000e-03,3.000000001124651e-03,-1.124651153455725e-12
5800,19,-2.500000000000000e-03,-2.499999965687672e-03,-3.431232771869408e-11
5800,20,2.000000000000000e-03,1.999999980741127e-03,1.925887314208063e-11
5800,21,1.800000000000000e-03,1.799999950157837e-03,4.984216251530116e-11
5800,22,-1.500000000000000e-03,-1.500000007798323e-03,7.798323185120859e-12
5800,23,1.200000000000000e-03,1.199999943170904e-03,5.682909589958818e-11
5800,24,1.000000000000000e-03,1.000000019462804e-03,-1.946280398130995e-11
5800,25,-8.000000000000000e-04,-7.999999665064191e-04,-3.349358095559862e-11
5800,26,5.999999999999999e-04,5.999999463102728e-04,5.368972714331344e-11
5800,27,5.000000000000000e-04,4.999999389639681e-04,6.103603191441598e-11
5800,28,-4.000000000000000e-04,-3.999999453137805e-04,-5.468621952844921e-11
5800,29,3.000000000000000e-04,3.000000003595413e-04,-3.595412812959498e-13
5900,0,1.200000000000000e-01,1.199999999566752e-01,4.332476044588418e-11
5900,1,-8.000000000000000e-02,-7.999999994173422e-02,-5.826578108880653e-11
5900,2,5.500000000000000e-02,5.499999988482750e-02,1.151724965398060e-10
5900,3,4.000000000000000e-02,3.999999998951501e-02,1.048499481681731e-11
5900,4,-3.000000000000000e-02,-2.999999998041535e-02,-1.958464987406039e-11
5900,5,2.500000000000000e-02,2.500000006581177e-02,-6.581176922870746e-11
5900,6,2.000000000000000e-02,1.999999996320413e-02,3.679587190497102e-11
5900,7,-1.800000000000000e-02,-1.799999997474458e-02,-2.525542275311210e-11
5900,8,1.500000000000000e-02,1.499999997871448e-02,2.128551848668003e-11
5900,9,1.200000000000000e-02,1.199999999393073e-02,6.069268351782675e-12
5900,10,-1.000000000000000e-02,-1.000000001587457e-02,1.587457248986013e-11
5900,11,8.999999999999999e-03,9.000000039353055e-03,-3.935305553648405e-11
5900,12,8.000000000000000e-03,8.000000016051050e-03,-1.605104937851820e-11
5900,13,-7.000000000000000e-03,-7.000000006086676e-03,6.086676301864102e-12
5900,14,6.000000000000000e-03,5.999999973563089e-03,2.643691082021560e-11
5900,15,5.000000000000000e-03,4.999999986913233e-03,1.308676691319510e-11
5900,16,-4.000000000000000e-03,-4.000000015988069e-03,1.598806850799939e-11
5900,17,3.500000000000000e-03,3.500000028248057e-03,-2.824805667156483e-11
5900,18,3.000000000000000e-03,3.000000005110521e-03,-5.110520513718075e-12
5900,19,-2.500000000000000e-03,-2.499999974873902e-03,-2.512609781693542e-11
5900,20,2.000000000000000e-03,1.999999978399242e-03,2.160075764090497e-11
5900,21,1.800000000000000e-03,1.799999963519963e-03,3.648003687323209e-11
5900,22,-1.500000000000000e-03,-1.500000001091229e-03,1.091229103605817e-12
5900,23,1.200000000000000e-03,1.199999956805045e-03,4.319495455762379e-11
5900,24,1.000000000000000e-03,1.000000002854000e-03,-2.854000239263521e-12
5900,25,-8.000000000000000e-04,-7.999999705438327e-04,-2.945616732301370e-11
5900,26,5.999999999999999e-04,5.999999701487778e-04,2.985122218857050e-11
5900,27,5.000000000000000e-04,4.999999546938497e-04,4.530615032444230e-11
5900,28,-4.000000000000000e-04,-3.999999691317152e-04,-3.086828481626419e-11
5900,29,3.000000000000000e-04,2.999999990513368e-04,9.486631315572258e-13
6000,0,1.200000000000000e-01,1.199999999712107e-01,2.878926264049397e-11
6000,1,-8.000000000000000e-02,-7.999999996105295e-02,-3.894705391527253e-11
6000,2,5.500000000000000e-02,5.499999991471231e-02,8.528768663529362e-11
6000,3,4.000000000000000e-02,3.999999999058503e-02,9.414968804577484e-12
6000,4,-3.000000000000000e-02,-2.999999998387153e-02,-1.612847355669800e-11
6000,5,2.500000000000000e-02,2.500000004814543e-02,-4.814542514663955e-11
6000,6,2.000000000000000e-02,1.999999997865022e-02,2.134978305257107e-11
6000,7,-1.800000000000000e-02,-1.799999998401781e-02,-1.598219126486278e-11
6000,8,1.500000000000000e-02,1.499999998102702e-02,1.897298117226054e-11
6000,9,1.200000000000000e-02,1.199999999808823e-02,1.911771088658476e-12
6000,10,-1.000000000000000e-02,-1.000000001239043e-02,1.239042896061804e-11
6000,11,8.999999999999999e-03,9.000000028736571e-03,-2.873657214963465e-11
6000,12,8.000000000000000e-03,8.000000010403636e-03,-1.040363628579399e-11
6000,13,-7.000000000000000e-03,-7.000000004968971e-03,4.968970547525320e-12
6000,14,6.000000000000000e-03,5.999999979051002e-03,2.094899774485182e-11
6000,15,5.000000000000000e-03,4.999999987789535e-03,1.221046527777325e-11
6000,16,-4.000000000000000e-03,-4.000000010287271e-03,1.028727103502547e-11
6000,17,3.500000000000000e-03,3.500000024178766e-03,-2.417876576038536e-11
6000,18,3.000000000000000e-03,3.000000004629285e-03,-4.629284802715183e-12
6000,19,-2.500000000000000e-03,-2.499999980208810e-03,-1.979119038791888e-11
6000,20,2.000000000000000e-03,1.999999986375844e-03,1.362415649047710e-11
6000,21,1.800000000000000e-03,1.799999973991915e-03,2.600808500854979e-11
6000,22,-1.500000000000000e-03,-1.500000005877345e-03,5.877344617932767e-12
6000,23,1.200000000000000e-03,1.199999974700328e-03,2.529967229637775e-11
6000,24,1.000000000000000e-03,9.999999978898856e-04,2.110114383571671e-12
6000,25,-8.000000000000000e-04,-7.999999781998037e-04,-2.180019630527302e-11
6000,26,5.999999999999999e-04,5.999999782499757e-04,2.175002419921995e-11
6000,27,5.000000000000000e-04,4.999999693894977e-04,3.061050230564882e-11
6000,28,-4.000000000000000e-04,-3.999999813580660e-04,-1.864193397089001e-11
6000,29,3.000000000000000e-04,2.999999993928013e-04,6.071986446629096e-13
6100,0,1.200000000000000e-01,1.199999999825876e-01,1.741241872910138e-11
6100,1,-8.000000000000000e-02,-7.999999997489751e-02,-2.510248953146998e-11
6100,2,5.500000000000000e-02,5.499999994358672e-02,5.641328376659871e-11
6100,3,4.000000000000000e-02,3.999999999381050e-02,6.189500301179152e-12
6100,4,-3.000000000000000e-02,-2.999999998704724e-02,-1.295276386148458e-11
6100,5,2.500000000000000e-02,2.500000003122409e-02,-3.122408928635245e-11
6100,6,2.000000000000000e-02,1.999999998767480e-02,1.232519641902741e-11
6100,7,-1.800000000000000e-02,-1.799999999391126e-02,-6.088733683906611e-12
6100,8,1.500000000000000e-02,1.499999998953854e-02,1.046146155814220e-11
6100,9,1.200000000000000e-02,1.199999999547741e-02,4.522592370048706e-12
6100,10,-1.000000000000000e-02,-1.000000000424644e-02,4.246440005184482e-12
6100,11,8.999999999999999e-03,9.000000017739920e-03,-1.773992064357799e-11
6100,12,8.000000000000000e-03,8.000000012359487e-03,-1.235948669797704e-11
6100,13,-7.000000000000000e-03,-7.000000004067626e-03,4.067625576642531e-12
6100,14,6.000000000000000e-03,5.999999986242788e-03,1.375721238316974e-11
6100,15,5.000000000000000e-03,4.999999990574253e-03,9.425747508895466e-12
6100,16,-4.000000000000000e-03,-4.000000005798836e-03,5.798836237580485e-12
6100,17,3.500000000000000e-03,3.500000017298089e-03,-1.729808917633191e-11
6100,18,3.000000000000000e-03,2.999999999912044e-03,8.795655176419004e-14
6100,19,-2.500000000000000e-03,-2.499999986297139e-03,-1.370286089458217e-11
6100,20,2.000000000000000e-03,1.999999992222497e-03,7.777503033962185e-12
6100,21,1.800000000000000e-03,1.799999984232383e-03,1.576761724658704e-11
6100,22,-1.500000000000000e-03,-1.500000005715884e-03,5.715883929363619e-12
6100,23,1.200000000000000e-03,1.199999982669488e-03,1.733051159177879e-11
6100,24,1.000000000000000e-03,9.999999979570218e-04,2.042978199806589e-12
6100,25,-8.000000000000000e-04,-7.999999808519942e-04,-1.914800588052878e-11
6100,26,5.999999999999999e-04,5.999999844225643e-04,1.557743560878788e-11
6100,27,5.000000000000000e-04,4.999999810375096e-04,1.896249043203957e-11
6100,28,-4.000000000000000e-04,-3.999999901647706e-04,-9.835229419080660e-12
6100,29,3.000000000000000e-04,3.000000010756659e-04,-1.075665923520874e-12
6200,0,1.200000000000000e-01,1.199999999921225e-01,7.877448693349720e-12
6200,1,-8.000000000000000e-02,-7.999999998518063e-02,-1.481936795499905e-11
6200,2,5.500000000000000e-02,5.499999996181761e-02,3.818239474595586e-11
6200,3,4.000000000000000e-02,3.999999999584512e-02,4.154877830675474e-12
6200,4,-3.000000000000000e-02,-2.999999998901559e-02,-1.098440435831627e-11
6200,5,2.500000000000000e-02,2.500000002047427e-02,-2.047426811424558e-11
6200,6,2.000000000000000e-02,1.999999999509662e-02,4.903383254983851e-12
6200,7,-1.800000000000000e-02,-1.799999999653390e-02,-3.466102405091931e-12
6200,8,1.500000000000000e-02,1.499999999207118e-02,7.928815590196869e-12
6200,9,1.200000000000000e-02,1.199999999416823e-02,5.831769095410166e-12
6200,10,-1.000000000000000e-02,-1.000000000294128e-02,2.941282634116860e-12
6200,11,8.999999999999999e-03,9.000000011822667e-03,-1.182266784471864e-11
6200,12,8.000000000000000e-03,8.000000009116780e-03,-9.116780247397926e-12
6200,13,-7.000000000000000e-03,-7.000000003954286e-03,3.954285683616110e-12
6200,14,6.000000000000000e-03,5.999999990578511e-03,9.421488762761943e-12
6200,15,5.000000000000000e-03,4.999999991867809e-03,8.132191101073438e-12
6200,16,-4.000000000000000e-03,-4.000000002581962e-03,2.581961554282142e-12
6200,17,3.500000000000000e-03,3.500000013437458e-03,-1.343745817741770e-11
6200,18,3.000000000000000e-03,3.000000002570270e-03,-2.570269951734927e-12
6200,19,-2.500000000000000e-03,-2.499999990453381e-03,-9.546619137573709e-12
6200,20,2.000000000000000e-03,1.999999992686909e-03,7.313091104910185e-12
6200,21,1.800000000000000e-03,1.799999988661927e-03,1.133807284170452e-11
6200,22,-1.500000000000000e-03,-1.500000005852399e-03,5.852399077507786e-12
6200,23,1.200000000000000e-03,1.199999992577871e-03,7.422128883716184e-12
6200,24,1.000000000000000e-03,9.999999972422576e-04,2.757742385145479e-12
6200,25,-8.000000000000000e-04,-7.999999856699807e-04,-1.433001937597989e-11
6200,26,5.999999999999999e-04,5.999999906357070e-04,9.364292978195077e-12
6200,27,5.000000000000000e-04,4.999999869398080e-04,1.306019203374531e-11
6200,28,-4.000000000000000e-04,-3.999999982454550e-04,-1.754545022724513e-12
6200,29,3.000000000000000e-04,3.000000006772717e-04,-6.772717152728203e-13
6300,0,1.200000000000000e-01,1.199999999937345e-01,6.265488128320840e-12
6300,1,-8.000000000000000e-02,-7.999999999087318e-02,-9.126824296323832e-12
6300,2,5.500000000000000e-02,5.499999997306989e-02,2.693011091903230e-11
6300,3,4.000000000000000e-02,3.999999999816504e-02,1.834962737312651e-12
6300,4,-3.000000000000000e-02,-2.999999999260796e-02,-7.392034900854938e-12
6300,5,2.500000000000000e-02,2.500000001471313e-02,-1.471313348933023e-11
6300,6,2.000000000000000e-02,1.999999999543897e-02,4.561032107552876e-12
6300,7,-1.800000000000000e-02,-1.799999999747171e-02,-2.528293546744109e-12
6300,8,1.500000000000000e-02,1.499999999685405e-02,3.145947044536079e-12
6300,9,1.200000000000000e-02,1.199999999530179e-02,4.698212305309646e-12
6300,10,-1.000000000000000e-02,-1.000000000349784e-02,3.497835701637975e-12
6300,11,8.999999999999999e-03,9.000000009165421e-03,-9.165421893664316e-12
6300,12,8.000000000000000e-03,8.000000006522151e-03,-6.522150874932464e-12
6300,13,-7.000000000000000e-03,-7.000000005901425e-03,5.901425181864539e-12
6300,14,6.000000000000000e-03,5.999999994905508e-03,5.094491668800050e-12
6300,15,5.000000000000000e-03,4.999999995428914e-03,4.571086564819637e-12
6300,16,-4.000000000000000e-03,-4.000000004121510e-03,4.121509557253322e-12
6300,17,3.500000000000000e-03,3.500000006763855e-03,-6.763855101010741e-12
6300,18,3.000000000000000e-03,3.000000004817907e-03,-4.817906924109439e-12
6300,19,-2.500000000000000e-03,-2.499999995174690e-03,-4.825309856543170e-12
6300,20,2.000000000000000e-03,1.999999994093394e-03,5.906605933525544e-12
6300,21,1.800000000000000e-03,1.799999992281654e-03,7.718345710824859e-12
6300,22,-1.500000000000000e-03,-1.500000004700455e-03,4.700455085923649e-12
6300,23,1.200000000000000e-03,1.199999994511015e-03,5.488985351312370e-12
6300,24,1.000000000000000e-03,9.999999969162831e-04,3.083716875601494e-12
6300,25,-8.000000000000000e-04,-7.999999899913657e-04,-1.000863432930321e-11
6300,26,5.999999999999999e-04,5.999999951734695e-04,4.826530451348954e-12
6300,27,5.000000000000000e-04,4.999999908200939e-04,9.179906075747202e-12
6300,28,-4.000000000000000e-04,-3.999999985389683e-04,-1.461031707943039e-12
6300,29,3.000000000000000e-04,2.999999984683586e-04,1.531641350208113e-12
6400,0,1.200000000000000e-01,1.199999999976066e-01,2.393404918699105e-12
6400,1,-8.000000000000000e-02,-7.999999999471019e-02,-5.289810256492444e-12
6400,2,5.500000000000000e-02,5.499999998133494e-02,1.866505561221032e-11
6400,3,4.000000000000000e-02,3.999999999890089e-02,1.099113855485001e-12
6400,4,-3.000000000000000e-02,-2.999999999466561e-02,-5.334389180378096e-12
6400,5,2.500000000000000e-02,2.500000000865949e-02,-8.659493261342632e-12
6400,6,2.000000000000000e-02,1.999999999863107e-02,1.368925806044530e-12
6400,7,-1.800000000000000e-02,-1.799999999836120e-02,-1.638800206649194e-12
6400,8,1.500000000000000e-02,1.499999999821483e-02,1.785170969381689e-12
6400,9,1.200000000000000e-02,1.199999999844588e-02,1.554124884339814e-12
6400,10,-1.000000000000000e-02,-1.000000000315106e-02,3.151059274619783e-12
6400,11,8.999999999999999e-03,9.000000005902327e-03,-5.902327238072047e-12
6400,12,8.000000000000000e-03,8.000000005806314e-03,-5.806313763123683e-12
6400,13,-7.000000000000000e-03,-7.000000004380075e-03,4.380074428156355e-12
6400,14,6.000000000000000e-03,5.999999996737507e-03,3.262493573907843e-12
6400,15,5.000000000000000e-03,4.999999997443758e-03,2.556242544027310e-12
6400,16,-4.000000000000000e-03,-4.000000002276945e-03,2.276945125501140e-12
6400,17,3.500000000000000e-03,3.500000005786269e-03,-5.786269033358771e-12
6400,18,3.000000000000000e-03,3.000000002694599e-03,-2.694598450619923e-12
6400,19,-2.500000000000000e-03,-2.499999995947124e-03,-4.052876090288038e-12
6400,20,2.000000000000000e-03,1.999999996715093e-03,3.284907502260070e-12
6400,21,1.800000000000000e-03,1.799999994525846e-03,5.474153899273637e-12
6400,22,-1.500000000000000e-03,-1.500000002491756e-03,2.491756367212217e-12
6400,23,1.200000000000000e-03,1.199999997258629e-03,2.741370932340947e-12
6400,24,1.000000000000000e-03,9.999999977092842e-04,2.290715794134313e-12
6400,25,-8.000000000000000e-04,-7.999999947042216e-04,-5.295778464191325e-12
6400,26,5.999999999999999e-04,5.999999974122554e-04,2.587744580249962e-12
6400,27,5.000000000000000e-04,4.999999932834582e-04,6.716541819246080e-12
6400,28,-4.000000000000000e-04,-3.999999983017411e-04,-1.698258937990471e-12
6400,29,3.000000000000000e-04,2.999999999718892e-04,2.811076024733516e-14
6500,0,1.200000000000000e-01,1.199999999985866e-01,1.413411054862479e-12
6500,1,-8.000000000000000e-02,-7.999999999536503e-02,-4.634972960992911e-12
6500,2,5.500000000000000e-02,5.499999998615027e-02,1.384972692086706e-11
6500,3,4.000000000000000e-02,4.000000000006744e-02,-6.743910985207435e-14
6500,4,-3.000000000000000e-02,-2.999999999581790e-02,-4.182095642013550e-12
6500,5,2.500000000000000e-02,2.500000000612833e-02,-6.128330481969257e-12
6500,6,2.000000000000000e-02,1.999999999893484e-02,1.065165317060135e-12
6500,7,-1.800000000000000e-02,-1.799999999971181e-02,-2.881930805109789e-13
6500,8,1.500000000000000e-02,1.499999999840951e-02,1.590486423119764e-12
6500,9,1.200000000000000e-02,1.199999999940491e-02,5.950899495399398e-13
6500,10,-1.000000000000000e-02,-1.000000000307452e-02,3.074521540136210e-12
6500,11,8.999999999999999e-03,9.000000004324745e-03,-4.324745422890075e-12
6500,12,8.000000000000000e-03,8.000000004803989e-03,-4.803988803980808e-12
6500,13,-7.000000000000000e-03,-7.000000003732879e-03,3.732878589568500e-12
6500,14,6.000000000000000e-03,5.999999998041760e-03,1.958239993771205e-12
6500,15,5.000000000000000e-03,4.999999998042258e-03,1.957742128133599e-12
6500,16,-4.000000000000000e-03,-4.000000002278062e-03,2.278062287419669e-12
6500,17,3.500000000000000e-03,3.500000004506098e-03,-4.506098185558249e-12
6500,18,3.000000000000000e-03,3.000000001721308e-03,-1.721307558294471e-12
6500,19,-2.500000000000000e-03,-2.499999997148572e-03,-2.851427861189082e-12
6500,20,2.000000000000000e-03,1.999999998822742e-03,1.177258377588197e-12
6500,21,1.800000000000000e-03,1.799999995778786e-03,4.221213873237262e-12
6500,22,-1.500000000000000e-03,-1.500000001837015e-03,1.837014481503862e-12
6500,23,1.200000000000000e-03,1.199999998086466e-03,1.913534218231372e-12
6500,24,1.000000000000000e-03,9.999999987588401e-04,1.241159952591886e-12
6500,25,-8.000000000000000e-04,-7.999999955599935e-04,-4.440006522166140e-12
6500,26,5.999999999999999e-04,5.999999984994932e-04,1.500506750101716e-12
6500,27,5.000000000000000e-04,4.999999950828711e-04,4.917128878546839e-12
6500,28,-4.000000000000000e-04,-3.999999989340281e-04,-1.065971963476464e-12
6500,29,3.000000000000000e-04,2.999999996802405e-04,3.197595183426771e-13
6600,0,1.200000000000000e-01,1.199999999985950e-01,1.404973359875328e-12
6600,1,-8.000000000000000e-02,-7.999999999671056e-02,-3.289438166298453e-12
6600,2,5.500000000000000e-02,5.499999998949533e-02,1.050466658103488e-11
6600,3,4.000000000000000e-02,4.000000000007069e-02,-7.069345109300684e-14
6600,4,-3.000000000000000e-02,-2.999999999758822e-02,-2.411782579203603e-12
6600,5,2.500000000000000e-02,2.500000000461959e-02,-4.619585963760997e-12
6600,6,2.000000000000000e-02,1.999999999980763e-02,1.923738945919240e-13
6600,7,-1.800000000000000e-02,-1.799999999999026e-02,-9.742207041085749e-15
6600,8,1.500000000000000e-02,1.499999999781279e-02,2.187205278003646e-12
6600,9,1.200000000000000e-02,1.199999999978503e-02,2.149704025899979e-13
6600,10,-1.000000000000000e-02,-1.000000000200987e-02,2.009871435948440e-12
6600,11,8.999999999999999e-03,9.000000003794811e-03,-3.794811687107824e-12
6600,12,8.000000000000000e-03,8.000000003877151e-03,-3.877150336895063e-12
6600,13,-7.000000000000000e-03,-7.000000002803417e-03,2.803417220587079e-12
6600,14,6.000000000000000e-03,5.999999998888852e-03,1.111147632237852e-12
6600,15,5.000000000000000e-03,4.999999998763032e-03,1.236967993312188e-12
6600,16,-4.000000000000000e-03,-4.000000002248048e-03,2.248048101838318e-12
6600,17,3.500000000000000e-03,3.500000003903673e-03,-3.903672957800142e-12
6600,18,3.000000000000000e-03,3.000000001251046e-03,-1.251046141681478e-12
6600,19,-2.500000000000000e-03,-2.499999998181732e-03,-1.818268192260719e-12
6600,20,2.000000000000000e-03,1.999999998846958e-03,1.153041637863561e-12
6600,21,1.800000000000000e-03,1.799999996425007e-03,3.574992515562037e-12
6600,22,-1.500000000000000e-03,-1.500000001568115e-03,1.568114995492698e-12
6600,23,1.200000000000000e-03,1.199999998562146e-03,1.437854176000730e-12
6600,24,1.000000000000000e-03,9.999999993035632e-04,6.964368318151948e-13
6600,25,-8.000000000000000e-04,-7.999999959342646e-04,-4.065735486995237e-12
6600,26,5.999999999999999e-04,5.999999985998749e-04,1.400125024600407e-12
6600,27,5.000000000000000e-04,4.999999969510036e-04,3.048996385229819e-12
6600,28,-4.000000000000000e-04,-3.999999996913885e-04,-3.086115347647467e-13
6600,29,3.000000000000000e-04,2.999999995438714e-04,4.561285702441020e-13
6700,0,1.200000000000000e-01,1.199999999986887e-01,1.311312169960388e-12
6700,1,-8.000000000000000e-02,-7.999999999769217e-02,-2.307834479076121e-12
6700,2,5.500000000000000e-02,5.499999999231534e-02,7.684658465123562e-12
6700,3,4.000000000000000e-02,3.999999999980704e-02,1.929567616798522e-13
6700,4,-3.000000000000000e-02,-2.999999999803350e-02,-1.966499879602068e-12
6700,5,2.500000000000000e-02,2.500000000369958e-02,-3.699575368276697e-12
6700,6,2.000000000000000e-02,1.999999999952446e-02,4.755432159164741e-13
6700,7,-1.800000000000000e-02,-1.799999999952681e-02,-4.731909308830495e-13
6700,8,1.500000000000000e-02,1.499999999829141e-02,1.708591601534692e-12
6700,9,1.200000000000000e-02,1.199999999992532e-02,7.467984564080155e-14
6700,10,-1.000000000000000e-02,-1.000000000166241e-02,1.662409793157238e-12
6700,11,8.999999999999999e-03,9.000000003054941e-03,-3.054941716262860e-12
6700,12,8.000000000000000e-03,8.000000002885086e-03,-2.885086267112591e-12
6700,13,-7.000000000000000e-03,-7.000000002093313e-03,2.093312502504663e-12
6700,14,6.000000000000000e-03,5.999999999317283e-03,6.827169038436942e-13
6700,15,5.000000000000000e-03,4.999999999225497e-03,7.745028576811031e-13
6700,16,-4.000000000000000e-03,-4.000000001669965e-03,1.669964513895117e-12
6700,17,3.500000000000000e-03,3.500000003095648e-03,-3.095647869988394e-12
6700,18,3.000000000000000e-03,3.000000000721221e-03,-7.212212597973444e-13
6700,19,-2.500000000000000e-03,-2.499999998126974e-03,-1.873025606141665e-12
6700,20,2.000000000000000e-03,1.999999998697356e-03,1.302643756750932e-12
6700,21,1.800000000000000e-03,1.799999997380066e-03,2.619934000649971e-12
6700,22,-1.500000000000000e-03,-1.500000001268506e-03,1.268505916626750e-12
6700,23,1.200000000000000e-03,1.199999998787459e-03,1.212541352046959e-12
6700,24,1.000000000000000e-03,9.999999996992812e-04,3.007188682097039e-13
6700,25,-8.000000000000000e-04,-7.999999969653310e-04,-3.034669087201292e-12
6700,26,5.999999999999999e-04,5.999999989785743e-04,1.021425674076204e-12
6700,27,5.000000000000000e-04,4.999999975082526e-04,2.491747368334185e-12
6700,28,-4.000000000000000e-04,-3.999999993393704e-04,-6.606295913959281e-13
6700,29,3.000000000000000e-04,2.999999998836033e-04,1.163966926315263e-13
6800,0,1.200000000000000e-01,1.199999999991311e-01,8.689021724350710e-13
6800,1,-8.000000000000000e-02,-7.999999999851179e-02,-1.488212331146599e-12
6800,2,5.500000000000000e-02,5.499999999430092e-02,5.699080096732700e-12
6800,3,4.000000000000000e-02,3.999999999938931e-02,6.106920524828752e-13
6800,4,-3.000000000000000e-02,-2.999999999834308e-02,-1.656921128079247e-12
6800,5,2.500000000000000e-02,2.500000000257796e-02,-2.577962149308277e-12
6800,6,2.000000000000000e-02,1.999999999979483e-02,2.051692149507289e-13
6800,7,-1.800000000000000e-02,-1.799999999961781e-02,-3.821838678863543e-13
6800,8,1.500000000000000e-02,1.499999999839385e-02,1.606152710831310e-12
6800,9,1.200000000000000e-02,1.199999999989329e-02,1.067149840716652e-13
6800,10,-1.000000000000000e-02,-1.000000000119873e-02,1.198732085816445e-12
6800,11,8.999999999999999e-03,9.000000002477491e-03,-2.477492169750128e-12
6800,12,8.000000000000000e-03,8.000000002224816e-03,-2.224815817686299e-12
6800,13,-7.000000000000000e-03,-7.000000001627298e-03,1.627298122641729e-12
6800,14,6.000000000000000e-03,5.999999999652180e-03,3.478198631889917e-13
6800,15,5.000000000000000e-03,4.999999999196963e-03,8.030373241374456e-13
6800,16,-4.000000000000000e-03,-4.000000001305660e-03,1.305659573513918e-12
6800,17,3.500000000000000e-03,3.500000002442568e-03,-2.442567849370025e-12
6800,18,3.000000000000000e-03,3.000000000603582e-03,-6.035818546357152e-13
6800,19,-2.500000000000000e-03,-2.499999998470315e-03,-1.529685232648514e-12
6800,20,2.000000000000000e-03,1.999999998420470e-03,1.579530343326363e-12
6800,21,1.800000000000000e-03,1.799999997997374e-03,2.002625929670154e-12
6800,22,-1.500000000000000e-03,-1.500000000949491e-03,9.494913535967875e-13
6800,23,1.200000000000000e-03,1.199999998983064e-03,1.016936318140593e-12
6800,24,1.000000000000000e-03,1.000000000019589e-03,-1.958936485246809e-14
6800,25,-8.000000000000000e-04,-7.999999975488872e-04,-2.451112880372253e-12
6800,26,5.999999999999999e-04,5.999999993613760e-04,6.386239193717502e-13
6800,27,5.000000000000000e-04,4.999999980755200e-04,1.924479998104134e-12
6800,28,-4.000000000000000e-04,-3.999999998116350e-04,-1.883650570591588e-13
6800,29,3.000000000000000e-04,3.000000001261336e-04,-1.261336412920755e-13
6900,0,1.200000000000000e-01,1.199999999994940e-01,5.059702656851073e-13
6900,1,-8.000000000000000e-02,-7.999999999900102e-02,-9.989786775577159e-13
6900,2,5.500000000000000e-02,5.499999999623483e-02,3.765168732350332e-12
6900,3,4.000000000000000e-02,3.999999999943733e-02,5.626749066678371e-13
6900,4,-3.000000000000000e-02,-2.999999999859506e-02,-1.404935195958856e-12
6900,5,2.500000000000000e-02,2.500000000143174e-02,-1.431736673662698e-12
6900,6,2.000000000000000e-02,1.999999999982148e-02,1.785169234658213e-13
6900,7,-1.800000000000000e-02,-1.799999999990574e-02,-9.425793479067579e-14
6900,8,1.500000000000000e-02,1.499999999924001e-02,7.599858242723911e-13
6900,9,1.200000000000000e-02,1.199999999980072e-02,1.992850329202156e-13
6900,10,-1.000000000000000e-02,-1.000000000061263e-02,6.126297386055413e-13
6900,11,8.999999999999999e-03,9.000000001538843e-03,-1.538843705239934e-12
6900,12,8.000000000000000e-03,8.000000001505272e-03,-1.505271601809355e-12
6900,13,-7.000000000000000e-03,-7.000000001106178e-03,1.106177649479179e-12
6900,14,6.000000000000000e-03,5.999999999776961e-03,2.230394688385040e-13
6900,15,5.000000000000000e-03,4.999999999557601e-03,4.423995891844612e-13
6900,16,-4.000000000000000e-03,-4.000000000839663e-03,8.396625408857439e-13
6900,17,3.500000000000000e-03,3.500000001504296e-03,-1.504296253534987e-12
6900,18,3.000000000000000e-03,3.000000000352144e-03,-3.521436614528639e-13
6900,19,-2.500000000000000e-03,-2.499999999141778e-03,-8.582219136743507e-13
6900,20,2.000000000000000e-03,1.999999999081437e-03,9.185629687435970e-13
6900,21,1.800000000000000e-03,1.799999998757161e-03,1.242839164916631e-12
6900,22,-1.500000000000000e-03,-1.500000000353149e-03,3.531491505476270e-13
6900,23,1.200000000000000e-03,1.199999998859769e-03,1.140231355514776e-12
6900,24,1.000000000000000e-03,1.000000000000092e-03,-9.215718466126788e-17
6900,25,-8.000000000000000e-04,-7.999999984358848e-04,-1.564115265258181e-12
6900,26,5.999999999999999e-04,5.999999995580104e-04,4.419895439228272e-13
6900,27,5.000000000000000e-04,4.999999983423193e-04,1.657680720121291e-12
6900,28,-4.000000000000000e-04,-3.999999997655304e-04,-2.344696160318238e-13
6900,29,3.000000000000000e-04,2.999999998061943e-04,1.938056919809084e-13
7000,0,1.200000000000000e-01,1.199999999995360e-01,4.639483242030451e-13
7000,1,-8.000000000000000e-02,-7.999999999924222e-02,-7.577827254579006e-13
7000,2,5.500000000000000e-02,5.499999999708493e-02,2.915070962394850e-12
7000,3,4.000000000000000e-02,3.999999999962529e-02,3.747072097048942e-13
7000,4,-3.000000000000000e-02,-2.999999999894267e-02,-1.057327836395672e-12
7000,5,2.500000000000000e-02,2.500000000102297e-02,-1.022973372677427e-12
7000,6,2.000000000000000e-02,1.999999999981227e-02,1.877283051232581e-13
7000,7,-1.800000000000000e-02,-1.799999999991894e-02,-8.106362803239620e-14
7000,8,1.500000000000000e-02,1.499999999928092e-02,7.190793099853821e-13
7000,9,1.200000000000000e-02,1.199999999963982e-02,3.601789005935885e-13
7000,10,-1.000000000000000e-02,-1.000000000060585e-02,6.058469698144719e-13
7000,11,8.999999999999999e-03,9.000000001131096e-03,-1.131096952211585e-12
7000,12,8.000000000000000e-03,8.000000001210242e-03,-1.210241976079551e-12
7000,13,-7.000000000000000e-03,-7.000000000879362e-03,8.793616876334731e-13
7000,14,6.000000000000000e-03,5.999999999760548e-03,2.394525550064586e-13
7000,15,5.000000000000000e-03,4.999999999462276e-03,5.377243789128627e-13
7000,16,-4.000000000000000e-03,-4.000000000692682e-03,6.926820228514430e-13
7000,17,3.500000000000000e-03,3.500000001179354e-03,-1.179353489866308e-12
7000,18,3.000000000000000e-03,3.000000000269098e-03,-2.690981118491642e-13
7000,19,-2.500000000000000e-03,-2.499999999437383e-03,-5.626167934313919e-13
7000,20,2.000000000000000e-03,1.999999999246341e-03,7.536588540746347e-13
7000,21,1.800000000000000e-03,1.799999998942665e-03,1.057334992130010e-12
7000,22,-1.500000000000000e-03,-1.500000000078320e-03,7.831951233383538e-14
7000,23,1.200000000000000e-03,1.199999999221572e-03,7.784276695455006e-13
7000,24,1.000000000000000e-03,1.000000000136596e-03,-1.365962464666692e-13
7000,25,-8.000000000000000e-04,-7.999999987476054e-04,-1.252394672343615e-12
7000,26,5.999999999999999e-04,5.999999998362037e-04,1.637962768891166e-13
7000,27,5.000000000000000e-04,4.999999988144925e-04,1.185507529817553e-12
7000,28,-4.000000000000000e-04,-3.999999999286201e-04,-7.137996790862466e-14
7000,29,3.000000000000000e-04,2.999999996589067e-04,3.410932560704572e-13
7100,0,1.200000000000000e-01,1.199999999997050e-01,2.950140132185197e-13
7100,1,-8.000000000000000e-02,-7.999999999945175e-02,-5.482558851355179e-13
7100,2,5.500000000000000e-02,5.499999999791587e-02,2.084131478508056e-12
7100,3,4.000000000000000e-02,3.999999999961505e-02,3.849490171070613e-13
7100,4,-3.000000000000000e-02,-2.999999999911614e-02,-8.838554887979910e-13
7100,5,2.500000000000000e-02,2.500000000074669e-02,-7.466874341055529e-13
7100,6,2.000000000000000e-02,1.999999999973390e-02,2.660996423209383e-13
7100,7,-1.800000000000000e-02,-1.799999999985654e-02,-1.434581620163300e-13
7100,8,1.500000000000000e-02,1.499999999942189e-02,5.781104761570788e-13
7100,9,1.200000000000000e-02,1.199999999982733e-02,1.726657011813515e-13
7100,10,-1.000000000000000e-02,-1.000000000053700e-02,5.369975297764285e-13
7100,11,8.999999999999999e-03,9.000000001065610e-03,-1.065611140993461e-12
7100,12,8.000000000000000e-03,8.000000000839880e-03,-8.398802486819790e-13
7100,13,-7.000000000000000e-03,-7.000000000578921e-03,5.789205920203599e-13
7100,14,6.000000000000000e-03,5.999999999705925e-03,2.940755278180163e-13
7100,15,5.000000000000000e-03,4.999999999568031e-03,4.319695642851507e-13
7100,16,-4.000000000000000e-03,-4.000000000625180e-03,6.251795955924955e-13
7100,17,3.500000000000000e-03,3.500000000879247e-03,-8.792471958840586e-13
7100,18,3.000000000000000e-03,3.000000000411962e-03,-4.119621310749721e-13
7100,19,-2.500000000000000e-03,-2.499999999589905e-03,-4.100951349339521e-13
7100,20,2.000000000000000e-03,1.999999999423601e-03,5.763987377671587e-13
7100,21,1.800000000000000e-03,1.799999999031136e-03,9.688636611743240e-13
7100,22,-1.500000000000000e-03,-1.500000000036482e-03,3.648188522109574e-14
7100,23,1.200000000000000e-03,1.199999999305467e-03,6.945325391194412e-13
7100,24,1.000000000000000e-03,1.000000000173161e-03,-1.731611815741774e-13
7100,25,-8.000000000000000e-04,-7.999999989115764e-04,-1.088423622064294e-12
7100,26,5.999999999999999e-04,5.999999997583908e-04,2.416091415477495e-13
7100,27,5.000000000000000e-04,4.999999991835983e-04,8.164017422165881e-13
7100,28,-4.000000000000000e-04,-4.000000000965216e-04,9.652158629649965e-14
7100,29,3.000000000000000e-04,2.999999996031437e-04,3.968562674663834e-13
7200,0,1.200000000000000e-01,1.199999999996310e-01,3.689548666585551e-13
7200,1,-8.000000000000000e-02,-7.999999999960285e-02,-3.971545314840341e-13
7200,2,5.500000000000000e-02,5.499999999875795e-02,1.242048131011586e-12
7200,3,4.000000000000000e-02,3.999999999983110e-02,1.688996165150058e-13
7200,4,-3.000000000000000e-02,-2.999999999944697e-02,-5.530298441414061e-13
7200,5,2.500000000000000e-02,2.500000000034429e-02,-3.442905682771169e-13
7200,6,2.000000000000000e-02,1.999999999975577e-02,2.442317181827747e-13
7200,7,-1.800000000000000e-02,-1.799999999992758e-02,-7.241776622812779e-14
7200,8,1.500000000000000e-02,1.499999999969417e-02,3.058300140912351e-13
7200,9,1.200000000000000e-02,1.200000000020057e-02,-2.005652588454865e-13
7200,10,-1.000000000000000e-02,-1.000000000046065e-02,4.606540843221651e-13
7200,11,8.999999999999999e-03,9.000000000531326e-03,-5.313267187334603e-13
7200,12,8.000000000000000e-03,8.000000000408637e-03,-4.086366661715246e-13
7200,13,-7.000000000000000e-03,-7.000000000381383e-03,3.813832930021910e-13
7200,14,6.000000000000000e-03,5.999999999971786e-03,2.821440997502478e-14
7200,15,5.000000000000000e-03,4.999999999857212e-03,1.427876913928650e-13
7200,16,-4.000000000000000e-03,-4.000000000351408e-03,3.514081386990497e-13
7200,17,3.500000000000000e-03,3.500000000538812e-03,-5.388120505323002e-13
7200,18,3.000000000000000e-03,2.999999999918119e-03,8.188155015131926e-14
7200,19,-2.500000000000000e-03,-2.499999999837379e-03,-1.626212185745768e-13
7200,20,2.000000000000000e-03,1.999999999847960e-03,1.520398390519873e-13
7200,21,1.800000000000000e-03,1.799999999530816e-03,4.691837196535431e-13
7200,22,-1.500000000000000e-03,-1.499999999912050e-03,-8.795026339158962e-14
7200,23,1.200000000000000e-03,1.199999999423051e-03,5.769490787899123e-13
7200,24,1.000000000000000e-03,9.999999998867740e-04,1.132260517983097e-13
7200,25,-8.000000000000000e-04,-7.999999993984051e-04,-6.015949457344183e-13
7200,26,5.999999999999999e-04,5.999999998291894e-04,1.708105228440115e-13
7200,27,5.000000000000000e-04,4.999999997016097e-04,2.983903272038568e-13
7200,28,-4.000000000000000e-04,-3.999999998757499e-04,-1.242501110679251e-13
7200,29,3.000000000000000e-04,2.999999996850077e-04,3.149922271801497e-13
7300,0,1.200000000000000e-01,1.199999999997201e-01,2.799149800836176e-13
7300,1,-8.000000000000000e-02,-7.999999999972013e-02,-2.798733467201941e-13
7300,2,5.500000000000000e-02,5.499999999911627e-02,8.837305887077207e-13
7300,3,4.000000000000000e-02,3.999999999991414e-02,8.586187316694804e-14
7300,4,-3.000000000000000e-02,-2.999999999962448e-02,-3.755225297386033e-13
7300,5,2.500000000000000e-02,2.500000000024061e-02,-2.406061461179831e-13
7300,6,2.000000000000000e-02,1.999999999977527e-02,2.247334263127954e-13
7300,7,-1.800000000000000e-02,-1.799999999994611e-02,-5.388398061079158e-14
7300,8,1.500000000000000e-02,1.499999999984535e-02,1.546523326068083e-13
7300,9,1.200000000000000e-02,1.200000000012317e-02,-1.231740404117332e-13
7300,10,-1.000000000000000e-02,-1.000000000033677e-02,3.367653378383295e-13
7300,11,8.999999999999999e-03,9.000000000336147e-03,-3.361477762808818e-13
7300,12,8.000000000000000e-03,8.000000000286913e-03,-2.869128545857080e-13
7300,13,-7.000000000000000e-03,-7.000000000254855e-03,2.548551647496566e-13
7300,14,6.000000000000000e-03,5.999999999963365e-03,3.663475772741620e-14
7300,15,5.000000000000000e-03,4.999999999859066e-03,1.409341393587837e-13
7300,16,-4.000000000000000e-03,-4.000000000223056e-03,2.230559487115258e-13
7300,17,3.500000000000000e-03,3.500000000356921e-03,-3.569206562248350e-13
7300,18,3.000000000000000e-03,2.999999999948286e-03,5.171427522321359e-14
7300,19,-2.500000000000000e-03,-2.499999999872019e-03,-1.279809591636649e-13
7300,20,2.000000000000000e-03,1.999999999939137e-03,6.086277315464628e-14
7300,21,1.800000000000000e-03,1.799999999670446e-03,3.295543091891284e-13
7300,22,-1.500000000000000e-03,-1.499999999968195e-03,-3.180485388942778e-14
7300,23,1.200000000000000e-03,1.199999999566020e-03,4.339796751129388e-13
7300,24,1.000000000000000e-03,9.999999999013944e-04,9.860558550234266e-14
7300,25,-8.000000000000000e-04,-7.999999995970164e-04,-4.029836360441852e-13
7300,26,5.999999999999999e-04,5.999999999302991e-04,6.970086400409636e-14
7300,27,5.000000000000000e-04,4.999999997673174e-04,2.326825798010246e-13
7300,28,-4.000000000000000e-04,-3.999999999509123e-04,-4.908774125025883e-14
7300,29,3.000000000000000e-04,2.999999997017268e-04,2.982731249490111e-13
7400,0,1.200000000000000e-01,1.199999999997966e-01,2.033789803235209e-13
7400,1,-8.000000000000000e-02,-7.999999999983026e-02,-1.697392226773786e-13
7400,2,5.500000000000000e-02,5.499999999939570e-02,6.043013311973766e-13
7400,3,4.000000000000000e-02,3.999999999992978e-02,7.022160630754115e-14
7400,4,-3.000000000000000e-02,-2.999999999973812e-02,-2.618773253804108e-13
7400,5,2.500000000000000e-02,2.500000000018284e-02,-1.828363849210035e-13
7400,6,2.000000000000000e-02,1.999999999989903e-02,1.009713146427060e-13
7400,7,-1.800000000000000e-02,-1.799999999997305e-02,-2.694372502887177e-14
7400,8,1.500000000000000e-02,1.499999999980777e-02,1.922264430964660e-13
7400,9,1.200000000000000e-02,1.200000000007094e-02,-7.094325127354750e-14
7400,10,-1.000000000000000e-02,-1.000000000019020e-02,1.902020208000010e-13
7400,11,8.999999999999999e-03,9.000000000226608e-03,-2.266086623903263e-13
7400,12,8.000000000000000e-03,8.000000000155882e-03,-1.558822515512759e-13
7400,13,-7.000000000000000e-03,-7.000000000174915e-03,1.749147701679554e-13
7400,14,6.000000000000000e-03,5.999999999917838e-03,8.216257535442750e-14
7400,15,5.000000000000000e-03,4.999999999891546e-03,1.084540443563320e-13
7400,16,-4.000000000000000e-03,-4.000000000126480e-03,1.264795559952070e-13
7400,17,3.500000000000000e-03,3.500000000225583e-03,-2.255825734542860e-13
7400,18,3.000000000000000e-03,2.999999999933117e-03,6.688313097802379e-14
7400,19,-2.500000000000000e-03,-2.499999999883372e-03,-1.166276276942657e-13
7400,20,2.000000000000000e-03,1.999999999957200e-03,4.279996496103777e-14
7400,21,1.800000000000000e-03,1.799999999730309e-03,2.696913872779483e-13
7400,22,-1.500000000000000e-03,-1.499999999972011e-03,-2.798889592314779e-14
7400,23,1.200000000000000e-03,1.199999999734855e-03,2.651446770474131e-13
7400,24,1.000000000000000e-03,9.999999999469244e-04,5.307559947098639e-14
7400,25,-8.000000000000000e-04,-7.999999997725609e-04,-2.274391612544502e-13
7400,26,5.999999999999999e-04,5.999999999704591e-04,2.954082291284355e-14
7400,27,5.000000000000000e-04,4.999999998717257e-04,1.282743442715395e-13
7400,28,-4.000000000000000e-04,-3.999999999755929e-04,-2.440707141601606e-14
7400,29,3.000000000000000e-04,2.999999997645059e-04,2.354940786646054e-13
7500,0,1.200000000000000e-01,1.199999999998325e-01,1.674771432647049e-13
7500,1,-8.000000000000000e-02,-7.999999999988412e-02,-1.158795281952507e-13
7500,2,5.500000000000000e-02,5.499999999957312e-02,4.268807529683727e-13
7500,3,4.000000000000000e-02,3.999999999997214e-02,2.785965902418752e-14
7500,4,-3.000000000000000e-02,-2.999999999985309e-02,-1.469102617335238e-13
7500,5,2.500000000000000e-02,2.500000000015738e-02,-1.573741137406159e-13
7500,6,2.000000000000000e-02,1.999999999989063e-02,1.093673762664338e-13
7500,7,-1.800000000000000e-02,-1.799999999995752e-02,-4.248337792667201e-14
7500,8,1.500000000000000e-02,1.499999999986103e-02,1.389739018309299e-13
7500,9,1.200000000000000e-02,1.200000000004901e-02,-4.900767291982078e-14
7500,10,-1.000000000000000e-02,-1.000000000011432e-02,1.143217465138235e-13
7500,11,8.999999999999999e-03,9.000000000149111e-03,-1.491116258245384e-13
7500,12,8.000000000000000e-03,8.000000000083239e-03,-8.323897127127111e-14
7500,13,-7.000000000000000e-03,-7.000000000069648e-03,6.964741283699283e-14
7500,14,6.000000000000000e-03,5.999999999910569e-03,8.943106671877032e-14
7500,15,5.000000000000000e-03,4.999999999921692e-03,7.830801979080704e-14
7500,16,-4.000000000000000e-03,-4.000000000049572e-03,4.957145804951324e-14
7500,17,3.500000000000000e-03,3.500000000142963e-03,-1.429624647830696e-13
7500,18,3.000000000000000e-03,2.999999999939473e-03,6.052710416204476e-14
7500,19,-2.500000000000000e-03,-2.499999999936596e-03,-6.340414304695230e-14
7500,20,2.000000000000000e-03,1.999999999974031e-03,2.596924411624180e-14
7500,21,1.800000000000000e-03,1.799999999810298e-03,1.897019867580507e-13
7500,22,-1.500000000000000e-03,-1.499999999982437e-03,-1.756299099209269e-14
7500,23,1.200000000000000e-03,1.199999999819348e-03,1.806519343838797e-13
7500,24,1.000000000000000e-03,9.999999999900178e-04,9.982249402074039e-15
7500,25,-8.000000000000000e-04,-7.999999998875804e-04,-1.124196222224150e-13
7500,26,5.999999999999999e-04,5.999999999781262e-04,2.187377882989505e-14
7500,27,5.000000000000000e-04,4.999999999246171e-04,7.538295074965840e-14
7500,28,-4.000000000000000e-04,-3.999999999298379e-04,-7.016213781838032e-14
7500,29,3.000000000000000e-04,2.999999998233032e-04,1.766968190687612e-13
7600,0,1.200000000000000e-01,1.199999999998744e-01,1.255662240851052e-13
7600,1,-8.000000000000000e-02,-7.999999999993301e-02,-6.698808174832038e-14
7600,2,5.500000000000000e-02,5.499999999970023e-02,2.997671555426962e-13
7600,3,4.000000000000000e-02,3.999999999998942e-02,1.058181320345852e-14
7600,4,-3.000000000000000e-02,-2.999999999989739e-02,-1.026123630509801e-13
7600,5,2.500000000000000e-02,2.500000000012508e-02,-1.250770320648797e-13
7600,6,2.000000000000000e-02,1.999999999991712e-02,8.288508768217184e-14
7600,7,-1.800000000000000e-02,-1.799999999996473e-02,-3.527039771356044e-14
7600,8,1.500000000000000e-02,1.499999999990510e-02,9.489457830635928e-14
7600,9,1.200000000000000e-02,1.200000000004052e-02,-4.052140567534224e-14
7600,10,-1.000000000000000e-02,-1.000000000008283e-02,8.283131125441656e-14
7600,11,8.999999999999999e-03,9.000000000099356e-03,-9.935628708657163e-14
7600,12,8.000000000000000e-03,8.000000000064789e-03,-6.478845238078179e-14
7600,13,-7.000000000000000e-03,-7.000000000016685e-03,1.668457039194493e-14
7600,14,6.000000000000000e-03,5.999999999924603e-03,7.539715379811796e-14
7600,15,5.000000000000000e-03,4.999999999945591e-03,5.440960182401255e-14
7600,16,-4.000000000000000e-03,-4.000000000018312e-03,1.831174101241118e-14
7600,17,3.500000000000000e-03,3.500000000094389e-03,-9.438934009398103e-14
7600,18,3.000000000000000e-03,2.999999999984001e-03,1.599892093806510e-14
7600,19,-2.500000000000000e-03,-2.499999999944641e-03,-5.535936292710986e-14
7600,20,2.000000000000000e-03,1.999999999988312e-03,1.168813310026273e-14
7600,21,1.800000000000000e-03,1.799999999848980e-03,1.510200384885474e-13
7600,22,-1.500000000000000e-03,-1.500000000017991e-03,1.799103400978996e-14
7600,23,1.200000000000000e-03,1.199999999867675e-03,1.323249235879453e-13
7600,24,1.000000000000000e-03,9.999999999990700e-04,9.300286235580657e-16
7600,25,-8.000000000000000e-04,-7.999999999485272e-04,-5.147282339940107e-14
7600,26,5.999999999999999e-04,6.000000000101098e-04,-1.010985999777558e-14
7600,27,5.000000000000000e-04,4.999999999369418e-04,6.305817413371217e-14
7600,28,-4.000000000000000e-04,-3.999999999763414e-04,-2.365864665634931e-14
7600,29,3.000000000000000e-04,2.999999998768104e-04,1.231895987129084e-13
7700,0,1.200000000000000e-01,1.199999999999216e-01,7.839562332634387e-14
7700,1,-8.000000000000000e-02,-7.999999999995490e-02,-4.510281037539698e-14
7700,2,5.500000000000000e-02,5.499999999978886e-02,2.111366637080891e-13
7700,3,4.000000000000000e-02,4.000000000000405e-02,-4.045375145977914e-15
7700,4,-3.000000000000000e-02,-2.999999999993003e-02,-6.996486723309658e-14
7700,5,2.500000000000000e-02,2.500000000010368e-02,-1.036809527121818e-13
7700,6,2.000000000000000e-02,1.999999999995304e-02,4.696243394164412e-14
7700,7,-1.800000000000000e-02,-1.799999999997146e-02,-2.853967062677043e-14
7700,8,1.500000000000000e-02,1.499999999992437e-02,7.563047410563684e-14
7700,9,1.200000000000000e-02,1.200000000002770e-02,-2.769832974092168e-14
7700,10,-1.000000000000000e-02,-1.000000000003653e-02,3.652633751016765e-14
7700,11,8.999999999999999e-03,9.000000000082407e-03,-8.240803872627822e-14
7700,12,8.000000000000000e-03,8.000000000053490e-03,-5.349019838174485e-14
7700,13,-7.000000000000000e-03,-7.000000000003129e-03,3.128573788924172e-15
7700,14,6.000000000000000e-03,5.999999999941629e-03,5.837084288140559e-14
7700,15,5.000000000000000e-03,4.999999999955811e-03,4.418947846529520e-14
7700,16,-4.000000000000000e-03,-4.000000000007791e-03,7.790643130611841e-15
7700,17,3.500000000000000e-03,3.500000000077777e-03,-7.777719440715813e-14
7700,18,3.000000000000000e-03,2.999999999997626e-03,2.373969076874261e-15
7700,19,-2.500000000000000e-03,-2.499999999950686e-03,-4.931428529419968e-14
7700,20,2.000000000000000e-03,2.000000000009097e-03,-9.097323588891371e-15
7700,21,1.800000000000000e-03,1.799999999888920e-03,1.110795483372229e-13
7700,22,-1.500000000000000e-03,-1.500000000005196e-03,5.196364172288526e-15
7700,23,1.200000000000000e-03,1.199999999910339e-03,8.966070073890275e-14
7700,24,1.000000000000000e-03,1.000000000015984e-03,-1.598439262895379e-14
7700,25,-8.000000000000000e-04,-7.999999999557184e-04,-4.428163564995646e-14
7700,26,5.999999999999999e-04,6.000000000185360e-04,-1.853606244189843e-14
7700,27,5.000000000000000e-04,4.999999999527569e-04,4.724313388410062e-14
7700,28,-4.000000000000000e-04,-3.999999999762774e-04,-2.372266879463458e-14
7700,29,3.000000000000000e-04,2.999999999143776e-04,8.562237290704600e-14
7800,0,1.200000000000000e-01,1.199999999999357e-01,6.432354648922001e-14
7800,1,-8.000000000000000e-02,-7.999999999997784e-02,-2.216282712907969e-14
7800,2,5.500000000000000e-02,5.499999999983834e-02,1.616554112793267e-13
7800,3,4.000000000000000e-02,4.000000000001003e-02,-1.002670169114595e-14
7800,4,-3.000000000000000e-02,-2.999999999994622e-02,-5.378336664918493e-14
7800,5,2.500000000000000e-02,2.500000000008128e-02,-8.127873374341732e-14
7800,6,2.000000000000000e-02,1.999999999995814e-02,4.186234692227231e-14
7800,7,-1.800000000000000e-02,-1.799999999998066e-02,-1.934216675714140e-14
7800,8,1.500000000000000e-02,1.499999999994921e-02,5.078576448269700e-14
7800,9,1.200000000000000e-02,1.200000000002171e-02,-2.170659485489779e-14
7800,10,-1.000000000000000e-02,-1.000000000002747e-02,2.746761151861676e-14
7800,11,8.999999999999999e-03,9.000000000061650e-03,-6.165033761273975e-14
7800,12,8.000000000000000e-03,8.000000000043859e-03,-4.385901364312161e-14
7800,13,-7.000000000000000e-03,-6.999999999996657e-03,-3.342812138207307e-15
7800,14,6.000000000000000e-03,5.999999999954705e-03,4.529536468123041e-14
7800,15,5.000000000000000e-03,4.999999999965551e-03,3.444900614768542e-14
7800,16,-4.000000000000000e-03,-4.000000000003718e-03,3.718379770756286e-15
7800,17,3.500000000000000e-03,3.500000000053900e-03,-5.389959312207537e-14
7800,18,3.000000000000000e-03,2.999999999996649e-03,3.350618393849203e-15
7800,19,-2.500000000000000e-03,-2.499999999958916e-03,-4.108432344329671e-14
7800,20,2.000000000000000e-03,2.000000000000656e-03,-6.557254739192331e-16
7800,21,1.800000000000000e-03,1.799999999920326e-03,7.967433136857327e-14
7800,22,-1.500000000000000e-03,-1.500000000015539e-03,1.553900237649675e-14
7800,23,1.200000000000000e-03,1.199999999932340e-03,6.766028709526140e-14
7800,24,1.000000000000000e-03,9.999999999954429e-04,4.557118571391072e-15
7800,25,-8.000000000000000e-04,-7.999999999572775e-04,-4.272255292592231e-14
7800,26,5.999999999999999e-04,6.000000000148872e-04,-1.488728845061571e-14
7800,27,5.000000000000000e-04,4.999999999646866e-04,3.531344053980812e-14
7800,28,-4.000000000000000e-04,-3.999999999857901e-04,-1.420993314335539e-14
7800,29,3.000000000000000e-04,2.999999999259668e-04,7.403317325502257e-14
7900,0,1.200000000000000e-01,1.199999999999661e-01,3.388955782668290e-14
7900,1,-8.000000000000000e-02,-7.999999999998175e-02,-1.824929096727601e-14
7900,2,5.500000000000000e-02,5.499999999990357e-02,9.642980858259875e-14
7900,3,4.000000000000000e-02,3.999999999999743e-02,2.567390744445674e-15
7900,4,-3.000000000000000e-02,-2.999999999995471e-02,-4.528669106385053e-14
7900,5,2.500000000000000e-02,2.500000000003499e-02,-3.498590306350025e-14
7900,6,2.000000000000000e-02,1.999999999996009e-02,3.991251773527438e-14
7900,7,-1.800000000000000e-02,-1.799999999997922e-02,-2.078198724220215e-14
7900,8,1.500000000000000e-02,1.499999999998116e-02,1.883562750215617e-14
7900,9,1.200000000000000e-02,1.200000000003152e-02,-3.152166028197456e-14
7900,10,-1.000000000000000e-02,-1.000000000002250e-02,2.249762875994321e-14
7900,11,8.999999999999999e-03,9.000000000028234e-03,-2.823435929499851e-14
7900,12,8.000000000000000e-03,8.000000000015132e-03,-1.513199288094569e-14
7900,13,-7.000000000000000e-03,-6.999999999998690e-03,-1.310583586100478e-15
7900,14,6.000000000000000e-03,5.999999999977581e-03,2.241956620352425e-14
7900,15,5.000000000000000e-03,4.999999999987574e-03,1.242582425842187e-14
7900,16,-4.000000000000000e-03,-3.999999999984906e-03,-1.509382896447420e-14
7900,17,3.500000000000000e-03,3.500000000024897e-03,-2.489718500808813e-14
7900,18,3.000000000000000e-03,2.999999999987089e-03,1.291111315082638e-14
7900,19,-2.500000000000000e-03,-2.499999999985149e-03,-1.485140135870644e-14
7900,20,2.000000000000000e-03,2.000000000007002e-03,-7.002211310780382e-15
7900,21,1.800000000000000e-03,1.799999999951512e-03,4.848812323876572e-14
7900,22,-1.500000000000000e-03,-1.499999999994136e-03,-5.864449550974093e-15
7900,23,1.200000000000000e-03,1.199999999948049e-03,5.195084813724993e-14
7900,24,1.000000000000000e-03,9.999999999891461e-04,1.085394794875238e-14
7900,25,-8.000000000000000e-04,-7.999999999817394e-04,-1.826067509008711e-14
7900,26,5.999999999999999e-04,6.000000000105218e-04,-1.052185682332007e-14
7900,27,5.000000000000000e-04,4.999999999807169e-04,1.928307773874094e-14
7900,28,-4.000000000000000e-04,-3.999999999879965e-04,-1.200352751223877e-14
7900,29,3.000000000000000e-04,2.999999999579567e-04,4.204330026486014e-14
8000,0,1.200000000000000e-01,1.199999999999739e-01,2.613187444211462e-14
8000,1,-8.000000000000000e-02,-7.999999999998458e-02,-1.541822225448186e-14
8000,2,5.500000000000000e-02,5.499999999992891e-02,7.108896804552955e-14
8000,3,4.000000000000000e-02,4.000000000000101e-02,-1.006139616066548e-15
8000,4,-3.000000000000000e-02,-2.999999999996596e-02,-3.403527459866496e-14
8000,5,2.500000000000000e-02,2.500000000003004e-02,-3.003500226306244e-14
8000,6,2.000000000000000e-02,1.999999999997145e-02,2.855007896762629e-14
8000,7,-1.800000000000000e-02,-1.799999999998515e-02,-1.484576350740952e-14
8000,8,1.500000000000000e-02,1.499999999998386e-02,1.614333666744017e-14
8000,9,1.200000000000000e-02,1.200000000002096e-02,-2.095892903675178e-14
8000,10,-1.000000000000000e-02,-1.000000000001457e-02,1.456647302777725e-14
8000,11,8.999999999999999e-03,9.000000000024115e-03,-2.411612576302957e-14
8000,12,8.000000000000000e-03,8.000000000010823e-03,-1.082293976661930e-14
8000,13,-7.000000000000000e-03,-7.000000000001054e-03,1.053844511655910e-15
8000,14,6.000000000000000e-03,5.999999999983981e-03,1.601930393890783e-14
8000,15,5.000000000000000e-03,4.999999999993666e-03,6.334342772529311e-15
8000,16,-4.000000000000000e-03,-3.999999999989754e-03,-1.024614421085701e-14
8000,17,3.500000000000000e-03,3.500000000019520e-03,-1.951997591342902e-14
8000,18,3.000000000000000e-03,2.999999999994679e-03,5.320830581689862e-15
8000,19,-2.500000000000000e-03,-2.499999999986097e-03,-1.390337497908511e-14
8000,20,2.000000000000000e-03,2.000000000006186e-03,-6.186457596202288e-15
8000,21,1.800000000000000e-03,1.799999999965223e-03,3.477686888464504e-14
8000,22,-1.500000000000000e-03,-1.499999999996107e-03,-3.892936320526452e-15
8000,23,1.200000000000000e-03,1.199999999960692e-03,3.930796660389646e-14
8000,24,1.000000000000000e-03,9.999999999926483e-04,7.351758091189708e-15
8000,25,-8.000000000000000e-04,-7.999999999863271e-04,-1.367298201743194e-14
8000,26,5.999999999999999e-04,6.000000000125945e-04,-1.259452611646061e-14
8000,27,5.000000000000000e-04,4.999999999885647e-04,1.143529715363911e-14
8000,28,-4.000000000000000e-04,-3.999999999918876e-04,-8.112380125296914e-15
8000,29,3.000000000000000e-04,2.999999999642081e-04,3.579184474841735e-14
8100,0,1.200000000000000e-01,1.199999999999774e-01,2.257916076331412e-14
8100,1,-8.000000000000000e-02,-7.999999999998288e-02,-1.712519015484304e-14
8100,2,5.500000000000000e-02,5.499999999995048e-02,4.951594689828198e-14
8100,3,4.000000000000000e-02,3.999999999999799e-02,2.012279232133096e-15
8100,4,-3.000000000000000e-02,-2.999999999997722e-02,-2.278385813347938e-14
8100,5,2.500000000000000e-02,2.500000000001813e-02,-1.812786032395763e-14
8100,6,2.000000000000000e-02,1.999999999997979e-02,2.020952849512980e-14
8100,7,-1.800000000000000e-02,-1.799999999998603e-02,-1.396799342856525e-14
8100,8,1.500000000000000e-02,1.499999999998581e-02,1.419003803349028e-14
8100,9,1.200000000000000e-02,1.200000000001477e-02,-1.476596622751458e-14
8100,10,-1.000000000000000e-02,-1.000000000000663e-02,6.628378401707380e-15
8100,11,8.999999999999999e-03,9.000000000017286e-03,-1.728651943810888e-14
8100,12,8.000000000000000e-03,8.000000000004569e-03,-4.569261635722910e-15
8100,13,-7.000000000000000e-03,-6.999999999997618e-03,-2.382642694254145e-15
8100,14,6.000000000000000e-03,5.999999999989456e-03,1.054451664872502e-14
8100,15,5.000000000000000e-03,4.999999999996925e-03,3.074797361168891e-15
8100,16,-4.000000000000000e-03,-3.999999999995760e-03,-4.240531537025305e-15
8100,17,3.500000000000000e-03,3.500000000012440e-03,-1.243970204622968e-14
8100,18,3.000000000000000e-03,2.999999999994414e-03,5.586243273514313e-15
8100,19,-2.500000000000000e-03,-2.499999999987317e-03,-1.268343069460443e-14
8100,20,2.000000000000000e-03,2.000000000001659e-03,-1.658829323902822e-15
8100,21,1.800000000000000e-03,1.799999999973970e-03,2.602952575703199e-14
8100,22,-1.500000000000000e-03,-1.499999999992096e-03,-7.903616996984830e-15
8100,23,1.200000000000000e-03,1.199999999969577e-03,3.042249611950876e-14
8100,24,1.000000000000000e-03,9.999999999959696e-04,4.030413155997614e-15
8100,25,-8.000000000000000e-04,-7.999999999903220e-04,-9.678022272474607e-15
8100,26,5.999999999999999e-04,6.000000000078870e-04,-7.887028703745802e-15
8100,27,5.000000000000000e-04,4.999999999885383e-04,1.146175168664776e-14
8100,28,-4.000000000000000e-04,-3.999999999940017e-04,-5.998348519276053e-15
8100,29,3.000000000000000e-04,2.999999999731853e-04,2.681470497034599e-14
8200,0,1.200000000000000e-01,1.199999999999855e-01,1.451616604697392e-14
8200,1,-8.000000000000000e-02,-7.999999999998524e-02,-1.476596622751458e-14
8200,2,5.500000000000000e-02,5.499999999996211e-02,3.788636071533347e-14
8200,3,4.000000000000000e-02,4.000000000000042e-02,-4.163336342344337e-16
8200,4,-3.000000000000000e-02,-2.999999999998142e-02,-1.857541898075965e-14
8200,5,2.500000000000000e-02,2.500000000001533e-02,-1.532454718677911e-14
8200,6,2.000000000000000e-02,1.999999999998609e-02,1.391248227733399e-14
8200,7,-1.800000000000000e-02,-1.799999999999109e-02,-8.913009219568835e-15
8200,8,1.500000000000000e-02,1.499999999999140e-02,8.597289546941056e-15
8200,9,1.200000000000000e-02,1.200000000000952e-02,-9.516692989208764e-15
8200,10,-1.000000000000000e-02,-1.000000000000491e-02,4.909267437014364e-15
8200,11,8.999999999999999e-03,9.000000000010614e-03,-1.061477294950208e-14
8200,12,8.000000000000000e-03,8.000000000005803e-03,-5.802650027142420e-15
8200,13,-7.000000000000000e-03,-6.999999999999780e-03,-2.203098814490545e-16
8200,14,6.000000000000000e-03,5.999999999993092e-03,6.908536243077634e-15
8200,15,5.000000000000000e-03,4.999999999997797e-03,2.203098814490545e-15
8200,16,-4.000000000000000e-03,-3.999999999997146e-03,-2.854487479719836e-15
8200,17,3.500000000000000e-03,3.500000000010536e-03,-1.053627671221413e-14
8200,18,3.000000000000000e-03,2.999999999995358e-03,4.641686340844942e-15
8200,19,-2.500000000000000e-03,-2.499999999990587e-03,-9.412609580650155e-15
8200,20,2.000000000000000e-03,2.000000000002274e-03,-2.274222477005594e-15
8200,21,1.800000000000000e-03,1.799999999982665e-03,1.733465801456724e-14
8200,22,-1.500000000000000e-03,-1.499999999996068e-03,-3.932184439170427e-15
8200,23,1.200000000000000e-03,1.199999999978327e-03,2.167276774711624e-14
8200,24,1.000000000000000e-03,9.999999999953152e-04,4.684837587309865e-15
8200,25,-8.000000000000000e-04,-7.999999999916480e-04,-8.352043015524835e-15
8200,26,5.999999999999999e-04,6.000000000053200e-04,-5.320071640169122e-15
8200,27,5.000000000000000e-04,4.999999999905639e-04,9.436136767793091e-15
8200,28,-4.000000000000000e-04,-3.999999999956876e-04,-4.312414141061094e-15
8200,29,3.000000000000000e-04,2.999999999795122e-04,2.048778898269821e-14
8300,0,1.200000000000000e-01,1.199999999999909e-01,9.089951014118469e-15
8300,1,-8.000000000000000e-02,-7.999999999999242e-02,-7.577272143066693e-15
8300,2,5.500000000000000e-02,5.499999999997568e-02,2.432082313319484e-14
8300,3,4.000000000000000e-02,3.999999999999789e-02,2.109423746787797e-15
8300,4,-3.000000000000000e-02,-2.999999999998268e-02,-1.732294863110440e-14
8300,5,2.500000000000000e-02,2.500000000001008e-02,-1.007527394847330e-14
8300,6,2.000000000000000e-02,1.999999999998930e-02,1.069977439982495e-14
8300,7,-1.800000000000000e-02,-1.799999999999808e-02,-1.915134717478395e-15
8300,8,1.500000000000000e-02,1.499999999999618e-02,3.814656923672999e-15
8300,9,1.200000000000000e-02,1.200000000000320e-02,-3.198830089701232e-15
8300,10,-1.000000000000000e-02,-1.000000000000149e-02,1.488392742388100e-15
8300,11,8.999999999999999e-03,9.000000000007120e-03,-7.121039868884793e-15
8300,12,8.000000000000000e-03,8.000000000007118e-03,-7.117570421932840e-15
8300,13,-7.000000000000000e-03,-7.000000000000737e-03,7.363901155521546e-16
8300,14,6.000000000000000e-03,5.999999999992135e-03,7.865236240078843e-15
8300,15,5.000000000000000e-03,4.999999999996538e-03,3.462508058049707e-15
8300,16,-4.000000000000000e-03,-3.999999999997717e-03,-2.282896094385478e-15
8300,17,3.500000000000000e-03,3.500000000005134e-03,-5.133914127153361e-15
8300,18,3.000000000000000e-03,2.999999999997564e-03,2.435985441140431e-15
8300,19,-2.500000000000000e-03,-2.499999999989498e-03,-1.050201592356359e-14
8300,20,2.000000000000000e-03,1.999999999999041e-03,9.593020822151743e-16
8300,21,1.800000000000000e-03,1.799999999990651e-03,9.348858492908008e-15
8300,22,-1.500000000000000e-03,-1.499999999998316e-03,-1.683765973869988e-15
8300,23,1.200000000000000e-03,1.199999999984392e-03,1.560795763466682e-14
8300,24,1.000000000000000e-03,9.999999999975788e-04,2.421240291594629e-15
8300,25,-8.000000000000000e-04,-7.999999999932598e-04,-6.740268065907884e-15
8300,26,5.999999999999999e-04,6.000000000047972e-04,-4.797269352596611e-15
8300,27,5.000000000000000e-04,4.999999999945216e-04,5.478365157352005e-15
8300,28,-4.000000000000000e-04,-3.999999999990181e-04,-9.819619076201214e-16
8300,29,3.000000000000000e-04,2.999999999845544e-04,1.544554414922850e-14
8400,0,1.200000000000000e-01,1.199999999999916e-01,8.368306048112117e-15
8400,1,-8.000000000000000e-02,-7.999999999999628e-02,-3.719247132494274e-15
8400,2,5.500000000000000e-02,5.499999999998299e-02,1.701416785238052e-14
8400,3,4.000000000000000e-02,3.999999999999920e-02,7.979727989493313e-16
8400,4,-3.000000000000000e-02,-2.999999999998745e-02,-1.254552017826427e-14
8400,5,2.500000000000000e-02,2.500000000000787e-02,-7.868705687030797e-15
8400,6,2.000000000000000e-02,1.999999999999114e-02,8.860967515289531e-15
8400,7,-1.800000000000000e-02,-1.799999999999811e-02,-1.890848588814720e-15
8400,8,1.500000000000000e-02,1.499999999999671e-02,3.285566263500073e-15
8400,9,1.200000000000000e-02,1.200000000000302e-02,-3.016684124723668e-15
8400,10,-1.000000000000000e-02,-9.999999999999662e-03,-3.382710778154774e-16
8400,11,8.999999999999999e-03,9.000000000005682e-03,-5.682954107300020e-15
8400,12,8.000000000000000e-03,8.000000000005220e-03,-5.219782939214213e-15
8400,13,-7.000000000000000e-03,-6.999999999998259e-03,-1.740795008142726e-15
8400,14,6.000000000000000e-03,5.999999999994020e-03,5.980459183430042e-15
8400,15,5.000000000000000e-03,4.999999999995817e-03,4.183285662318070e-15
8400,16,-4.000000000000000e-03,-3.999999999998615e-03,-1.385176695567480e-15
8400,17,3.500000000000000e-03,3.500000000005334e-03,-5.334274688628682e-15
8400,18,3.000000000000000e-03,2.999999999998710e-03,1.290200585257750e-15
8400,19,-2.500000000000000e-03,-2.499999999992872e-03,-7.127978762788700e-15
8400,20,2.000000000000000e-03,1.999999999999268e-03,7.324869877312068e-16
8400,21,1.800000000000000e-03,1.799999999994363e-03,5.637200775621132e-15
8400,22,-1.500000000000000e-03,-1.499999999999851e-03,-1.489693784995083e-16
8400,23,1.200000000000000e-03,1.199999999987093e-03,1.290677634213644e-14
8400,24,1.000000000000000e-03,9.999999999996531e-04,3.469446951953614e-16
8400,25,-8.000000000000000e-04,-7.999999999960638e-04,-3.936195987208624e-15
8400,26,5.999999999999999e-04,6.000000000038147e-04,-3.814765343890247e-15
8400,27,5.000000000000000e-04,4.999999999972234e-04,2.776641763735377e-15
8400,28,-4.000000000000000e-04,-4.000000000000737e-04,7.372574772901430e-17
8400,29,3.000000000000000e-04,2.999999999885240e-04,1.147600894521594e-14
8500,0,1.200000000000000e-01,1.199999999999945e-01,5.481726184086710e-15
8500,1,-8.000000000000000e-02,-7.999999999999621e-02,-3.788636071533347e-15
8500,2,5.500000000000000e-02,5.499999999998809e-02,1.191408083300871e-14
8500,3,4.000000000000000e-02,3.999999999999952e-02,4.857225732735060e-16
8500,4,-3.000000000000000e-02,-2.999999999998914e-02,-1.085936895961481e-14
8500,5,2.500000000000000e-02,2.500000000000580e-02,-5.800915303666443e-15
8500,6,2.000000000000000e-02,1.999999999999336e-02,6.637052019087264e-15
8500,7,-1.800000000000000e-02,-1.799999999999989e-02,-1.075528555105620e-16
8500,8,1.500000000000000e-02,1.499999999999676e-02,3.240463453124676e-15
8500,9,1.200000000000000e-02,1.200000000000112e-02,-1.117161918529064e-15
8500,10,-1.000000000000000e-02,-9.999999999998765e-03,-1.235123114895487e-15
8500,11,8.999999999999999e-03,9.000000000004549e-03,-4.550179677487165e-15
8500,12,8.000000000000000e-03,8.000000000004894e-03,-4.893654925730573e-15
8500,13,-7.000000000000000e-03,-6.999999999999913e-03,-8.673617379884035e-17
8500,14,6.000000000000000e-03,5.999999999995099e-03,4.901461181372468e-15
8500,15,5.000000000000000e-03,4.999999999995631e-03,4.368901074247589e-15
8500,16,-4.000000000000000e-03,-3.999999999999618e-03,-3.816391647148976e-16
8500,17,3.500000000000000e-03,3.500000000003029e-03,-3.029260869924499e-15
8500,18,3.000000000000000e-03,2.999999999998971e-03,1.029558382992235e-15
8500,19,-2.500000000000000e-03,-2.499999999993180e-03,-6.820065345802817e-15
8500,20,2.000000000000000e-03,1.999999999999977e-03,2.341876692568690e-17
8500,21,1.800000000000000e-03,1.799999999995259e-03,4.740782419410117e-15
8500,22,-1.500000000000000e-03,-1.499999999999925e-03,-7.459310946700271e-17
8500,23,1.200000000000000e-03,1.199999999989849e-03,1.015051757924379e-14
8500,24,1.000000000000000e-03,9.999999999996683e-04,3.317658647805644e-16
8500,25,-8.000000000000000e-04,-7.999999999956178e-04,-4.382236760969160e-15
8500,26,5.999999999999999e-04,6.000000000037414e-04,-3.741473277030227e-15
8500,27,5.000000000000000e-04,4.999999999980132e-04,1.986800481079687e-15
8500,28,-4.000000000000000e-04,-4.000000000005830e-04,5.830297182540800e-16
8500,29,3.000000000000000e-04,2.999999999906184e-04,9.381601398517070e-15
8600,0,1.200000000000000e-01,1.199999999999965e-01,3.483324739761429e-15
8600,1,-8.000000000000000e-02,-7.999999999999838e-02,-1.623701173514291e-15
8600,2,5.500000000000000e-02,5.499999999999124e-02,8.763823000634829e-15
8600,3,4.000000000000000e-02,3.999999999999927e-02,7.285838599102590e-16
8600,4,-3.000000000000000e-02,-2.999999999999223e-02,-7.764622278472189e-15
8600,5,2.500000000000000e-02,2.500000000000533e-02,-5.332539965152705e-15
8600,6,2.000000000000000e-02,1.999999999999506e-02,4.943961906533900e-15
8600,7,-1.800000000000000e-02,-1.800000000000018e-02,1.838806884535416e-16
8600,8,1.500000000000000e-02,1.499999999999911e-02,8.899131431761020e-16
8600,9,1.200000000000000e-02,1.200000000000043e-02,-4.302114220422482e-16
8600,10,-1.000000000000000e-02,-9.999999999999941e-03,-5.898059818321144e-17
8600,11,8.999999999999999e-03,9.000000000003238e-03,-3.238728729648699e-15
8600,12,8.000000000000000e-03,8.000000000003588e-03,-3.587408148320037e-15
8600,13,-7.000000000000000e-03,-7.000000000000673e-03,6.730727086790012e-16
8600,14,6.000000000000000e-03,5.999999999996794e-03,3.205768983605140e-15
8600,15,5.000000000000000e-03,4.999999999998182e-03,1.817990202823694e-15
8600,16,-4.000000000000000e-03,-3.999999999999876e-03,-1.240327285323417e-16
8600,17,3.500000000000000e-03,3.500000000002278e-03,-2.278125604826542e-15
8600,18,3.000000000000000e-03,2.999999999999333e-03,6.674348573820765e-16
8600,19,-2.500000000000000e-03,-2.499999999995817e-03,-4.182851981449076e-15
8600,20,2.000000000000000e-03,1.999999999999656e-03,3.439089291124020e-16
8600,21,1.800000000000000e-03,1.799999999996966e-03,3.033814519048939e-15
8600,22,-1.500000000000000e-03,-1.500000000000398e-03,3.979021973021801e-16
8600,23,1.200000000000000e-03,1.199999999993435e-03,6.564844154399729e-15
8600,24,1.000000000000000e-03,9.999999999999582e-04,4.185020385794047e-17
8600,25,-8.000000000000000e-04,-7.999999999972580e-04,-2.742055714433089e-15
8600,26,5.999999999999999e-04,6.000000000024685e-04,-2.468511506314996e-15
8600,27,5.000000000000000e-04,4.999999999994382e-04,5.618335657819884e-16
8600,28,-4.000000000000000e-04,-4.000000000010425e-04,1.042460388844813e-15
8600,29,3.000000000000000e-04,2.999999999928518e-04,7.148144923196931e-15
8700,0,1.200000000000000e-01,1.199999999999976e-01,2.400857290751901e-15
8700,1,-8.000000000000000e-02,-7.999999999999866e-02,-1.346145417358002e-15
8700,2,5.500000000000000e-02,5.499999999999360e-02,6.397660179402465e-15
8700,3,4.000000000000000e-02,3.999999999999924e-02,7.563394355258879e-16
8700,4,-3.000000000000000e-02,-2.999999999999410e-02,-5.894590371369191e-15
8700,5,2.500000000000000e-02,2.500000000000359e-02,-3.587408148320037e-15
8700,6,2.000000000000000e-02,1.999999999999691e-02,3.091277234190670e-15
8700,7,-1.800000000000000e-02,-1.800000000000054e-02,5.377642775528102e-16
8700,8,1.500000000000000e-02,1.499999999999918e-02,8.222589276130066e-16
8700,9,1.200000000000000e-02,1.199999999999970e-02,3.035766082959412e-16
8700,10,-1.000000000000000e-02,-1.000000000000057e-02,5.724587470723463e-16
8700,11,8.999999999999999e-03,9.000000000002067e-03,-2.067790383364354e-15
8700,12,8.000000000000000e-03,8.000000000003109e-03,-3.108624468950438e-15
8700,13,-7.000000000000000e-03,-7.000000000000299e-03,2.992397996059992e-16
8700,14,6.000000000000000e-03,5.999999999997385e-03,2.615095640035037e-15
8700,15,5.000000000000000e-03,4.999999999998095e-03,1.905593738360523e-15
8700,16,-4.000000000000000e-03,-4.000000000000322e-03,3.217912047936977e-16
8700,17,3.500000000000000e-03,3.500000000001899e-03,-1.899088525325610e-15
8700,18,3.000000000000000e-03,2.999999999999252e-03,7.485331798839923e-16
8700,19,-2.500000000000000e-03,-2.499999999996641e-03,-3.358858330360093e-15
8700,20,2.000000000000000e-03,1.999999999999614e-03,3.859759734048396e-16
8700,21,1.800000000000000e-03,1.799999999997840e-03,2.160381248894616e-15
8700,22,-1.500000000000000e-03,-1.500000000001101e-03,1.100682045507284e-15
8700,23,1.200000000000000e-03,1.199999999995524e-03,4.475586568020162e-15
8700,24,1.000000000000000e-03,1.000000000000512e-03,-5.123939467166494e-16
8700,25,-8.000000000000000e-04,-7.999999999972060e-04,-2.793988998495145e-15
8700,26,5.999999999999999e-04,6.000000000013427e-04,-1.342784390623297e-15
8700,27,5.000000000000000e-04,4.999999999995128e-04,4.872404563149857e-16
8700,28,-4.000000000000000e-04,-4.000000000010417e-04,1.041647237215448e-15
8700,29,3.000000000000000e-04,2.999999999953251e-04,4.674862927322998e-15
8800,0,1.200000000000000e-01,1.199999999999981e-01,1.845745778439323e-15
8800,1,-8.000000000000000e-02,-7.999999999999875e-02,-1.249000902703301e-15
8800,2,5.500000000000000e-02,5.499999999999573e-02,4.267419750902945e-15
8800,3,4.000000000000000e-02,3.999999999999963e-02,3.747002708109903e-16
8800,4,-3.000000000000000e-02,-2.999999999999586e-02,-4.135580766728708e-15
8800,5,2.500000000000000e-02,2.500000000000214e-02,-2.140648769355380e-15
8800,6,2.000000000000000e-02,1.999999999999737e-02,2.633310236532793e-15
8800,7,-1.800000000000000e-02,-1.800000000000023e-02,2.359223927328458e-16
8800,8,1.500000000000000e-02,1.499999999999953e-02,4.735795089416683e-16
8800,9,1.200000000000000e-02,1.200000000000038e-02,-3.781697177629439e-16
8800,10,-1.000000000000000e-02,-1.000000000000026e-02,2.584737979205443e-16
8800,11,8.999999999999999e-03,9.000000000000972e-03,-9.731798700229888e-16
8800,12,8.000000000000000e-03,8.000000000001317e-03,-1.316655118266397e-15
8800,13,-7.000000000000000e-03,-7.000000000000233e-03,2.324529457808922e-16
8800,14,6.000000000000000e-03,5.999999999998322e-03,1.678344963007561e-15
8800,15,5.000000000000000e-03,4.999999999999044e-03,9.558326352632207e-16
8800,16,-4.000000000000000e-03,-3.999999999999629e-03,-3.712308238590367e-16
8800,17,3.500000000000000e-03,3.500000000001179e-03,-1.178744601926240e-15
8800,18,3.000000000000000e-03,2.999999999998984e-03,1.016547956922409e-15
8800,19,-2.500000000000000e-03,-2.499999999998144e-03,-1.856154119295184e-15
8800,20,2.000000000000000e-03,1.999999999999950e-03,4.987329993433320e-17
8800,21,1.800000000000000e-03,1.799999999999193e-03,8.066464163292153e-16
8800,22,-1.500000000000000e-03,-1.500000000000404e-03,4.044074103370932e-16
8800,23,1.200000000000000e-03,1.199999999996342e-03,3.657447608662601e-15
8800,24,1.000000000000000e-03,1.000000000000023e-03,-2.276824562219559e-17
8800,25,-8.000000000000000e-04,-7.999999999977140e-04,-2.286040280685686e-15
8800,26,5.999999999999999e-04,6.000000000006098e-04,-6.098637220230962e-16
8800,27,5.000000000000000e-04,4.999999999997856e-04,2.144551897176328e-16
8800,28,-4.000000000000000e-04,-3.999999999999541e-04,-4.591596200476111e-17
8800,29,3.000000000000000e-04,2.999999999968263e-04,3.173676599299569e-15
8900,0,1.200000000000000e-01,1.199999999999985e-01,1.457167719820518e-15
8900,1,-8.000000000000000e-02,-7.999999999999913e-02,-8.743006318923108e-16
8900,2,5.500000000000000e-02,5.499999999999698e-02,3.018418848199644e-15
8900,3,4.000000000000000e-02,3.999999999999972e-02,2.775557561562891e-16
8900,4,-3.000000000000000e-02,-2.999999999999712e-02,-2.876171523169546e-15
8900,5,2.500000000000000e-02,2.500000000000138e-02,-1.377370439925585e-15
8900,6,2.000000000000000e-02,1.999999999999833e-02,1.668803983889688e-15
8900,7,-1.800000000000000e-02,-1.800000000000026e-02,2.567390744445674e-16
8900,8,1.500000000000000e-02,1.499999999999949e-02,5.117434254131581e-16
8900,9,1.200000000000000e-02,1.200000000000045e-02,-4.527628272299467e-16
8900,10,-1.000000000000000e-02,-1.000000000000032e-02,3.209238430557093e-16
8900,11,8.999999999999999e-03,9.000000000000423e-03,-4.232725281383409e-16
8900,12,8.000000000000000e-03,8.000000000000814e-03,-8.135853102331225e-16
8900,13,-7.000000000000000e-03,-7.000000000000327e-03,3.269953752216281e-16
8900,14,6.000000000000000e-03,5.999999999998939e-03,1.060783405559818e-15
8900,15,5.000000000000000e-03,4.999999999999239e-03,7.615436059538183e-16
8900,16,-4.000000000000000e-03,-3.999999999999643e-03,-3.573530360512223e-16
8900,17,3.500000000000000e-03,3.500000000001218e-03,-1.218209561004713e-15
8900,18,3.000000000000000e-03,2.999999999998667e-03,1.333134991288176e-15
8900,19,-2.500000000000000e-03,-2.499999999998781e-03,-1.219076922742701e-15
8900,20,2.000000000000000e-03,2.000000000000130e-03,-1.296705798292663e-16
8900,21,1.800000000000000e-03,1.799999999999553e-03,4.469081354985249e-16
8900,22,-1.500000000000000e-03,-1.500000000000238e-03,2.380907970778168e-16
8900,23,1.200000000000000e-03,1.199999999997308e-03,2.691640313412513e-15
8900,24,1.000000000000000e-03,1.000000000000073e-03,-7.285838599102590e-17
8900,25,-8.000000000000000e-04,-7.999999999984678e-04,-1.532194510156515e-15
8900,26,5.999999999999999e-04,6.000000000001366e-04,-1.366094737331736e-16
8900,27,5.000000000000000e-04,5.000000000001321e-04,-1.320558246087344e-16
8900,28,-4.000000000000000e-04,-3.999999999998611e-04,-1.388862982953931e-16
8900,29,3.000000000000000e-04,2.999999999975003e-04,2.499682318773955e-15
9000,0,1.200000000000000e-01,1.199999999999990e-01,1.026956297778270e-15
9000,1,-8.000000000000000e-02,-7.999999999999925e-02,-7.494005416219807e-16
9000,2,5.500000000000000e-02,5.499999999999765e-02,2.352285033424550e-15
9000,3,4.000000000000000e-02,3.999999999999995e-02,5.551115123125783e-17
9000,4,-3.000000000000000e-02,-2.999999999999790e-02,-2.102484852883890e-15
9000,5,2.500000000000000e-02,2.500000000000109e-02,-1.089406342913435e-15
9000,6,2.000000000000000e-02,1.999999999999868e-02,1.321859288694327e-15
9000,7,-1.800000000000000e-02,-1.800000000000034e-02,3.400058012914542e-16
9000,8,1.500000000000000e-02,1.499999999999969e-02,3.105155021998485e-16
9000,9,1.200000000000000e-02,1.200000000000056e-02,-5.568462357885551e-16
9000,10,-1.000000000000000e-02,-1.000000000000053e-02,5.256212132209725e-16
9000,11,8.999999999999999e-03,9.000000000000449e-03,-4.492933802779930e-16
9000,12,8.000000000000000e-03,8.000000000000645e-03,-6.453171330633722e-16
9000,13,-7.000000000000000e-03,-7.000000000000272e-03,2.723515857283587e-16
9000,14,6.000000000000000e-03,5.999999999999230e-03,7.702172233337023e-16
9000,15,5.000000000000000e-03,4.999999999999232e-03,7.676151381197371e-16
9000,16,-4.000000000000000e-03,-3.999999999999921e-03,-7.892991815694472e-17
9000,17,3.500000000000000e-03,3.500000000000907e-03,-9.072603779358701e-16
9000,18,3.000000000000000e-03,2.999999999998992e-03,1.008308020411519e-15
9000,19,-2.500000000000000e-03,-2.499999999999121e-03,-8.786374405822528e-16
9000,20,2.000000000000000e-03,2.000000000000380e-03,-3.803381221079150e-16
9000,21,1.800000000000000e-03,1.799999999999587e-03,4.128641872824801e-16
9000,22,-1.500000000000000e-03,-1.500000000000150e-03,1.496198998029996e-16
9000,23,1.200000000000000e-03,1.199999999998165e-03,1.834686916279971e-15
9000,24,1.000000000000000e-03,1.000000000000091e-03,-9.107298248878237e-17
9000,25,-8.000000000000000e-04,-7.999999999987343e-04,-1.265697616159578e-15
9000,26,5.999999999999999e-04,6.000000000001971e-04,-1.971079549578647e-16
9000,27,5.000000000000000e-04,5.000000000000679e-04,-6.787105599759258e-17
9000,28,-4.000000000000000e-04,-3.999999999998753e-04,-1.246832498358330e-16
9000,29,3.000000000000000e-04,2.999999999981612e-04,1.838752674426791e-15
9100,0,1.200000000000000e-01,1.199999999999991e-01,8.881784197001252e-16
9100,1,-8.000000000000000e-02,-7.999999999999954e-02,-4.579669976578771e-16
9100,2,5.500000000000000e-02,5.499999999999842e-02,1.582067810090848e-15
9100,3,4.000000000000000e-02,4.000000000000022e-02,-2.151057110211241e-16
9100,4,-3.000000000000000e-02,-2.999999999999861e-02,-1.387778780781446e-15
9100,5,2.500000000000000e-02,2.500000000000081e-02,-8.083811398051921e-16
9100,6,2.000000000000000e-02,1.999999999999897e-02,1.026956297778270e-15
9100,7,-1.800000000000000e-02,-1.800000000000018e-02,1.804112415015879e-16
9100,8,1.500000000000000e-02,1.499999999999967e-02,3.261280134836397e-16
9100,9,1.200000000000000e-02,1.200000000000020e-02,-2.029626466892864e-16
9100,10,-1.000000000000000e-02,-1.000000000000009e-02,9.020562075079397e-17
9100,11,8.999999999999999e-03,9.000000000000547e-03,-5.481726184086710e-16
9100,12,8.000000000000000e-03,8.000000000000174e-03,-1.734723475976807e-16
9100,13,-7.000000000000000e-03,-7.000000000000220e-03,2.194425197110661e-16
9100,14,6.000000000000000e-03,5.999999999999474e-03,5.264885749589610e-16
9100,15,5.000000000000000e-03,4.999999999999591e-03,4.093947403305265e-16
9100,16,-4.000000000000000e-03,-4.000000000000132e-03,1.318389841742373e-16
9100,17,3.500000000000000e-03,3.500000000000451e-03,-4.510281037539698e-16
9100,18,3.000000000000000e-03,2.999999999999558e-03,4.423544863740858e-16
9100,19,-2.500000000000000e-03,-2.499999999999372e-03,-6.279698983036042e-16
9100,20,2.000000000000000e-03,2.000000000000191e-03,-1.912532632264430e-16
9100,21,1.800000000000000e-03,1.799999999999790e-03,2.099015405931937e-16
9100,22,-1.500000000000000e-03,-1.500000000000064e-03,6.353424730765056e-17
9100,23,1.200000000000000e-03,1.199999999998591e-03,1.408595462493167e-15
9100,24,1.000000000000000e-03,9.999999999999172e-04,8.283304597789254e-17
9100,25,-8.000000000000000e-04,-7.999999999991524e-04,-8.476292584491674e-16
9100,26,5.999999999999999e-04,6.000000000004650e-04,-4.650143117790329e-16
9100,27,5.000000000000000e-04,5.000000000000536e-04,-5.355958732078392e-17
9100,28,-4.000000000000000e-04,-3.999999999999655e-04,-3.447762908503904e-17
9100,29,3.000000000000000e-04,2.999999999986528e-04,1.347175409421864e-15
9200,0,1.200000000000000e-01,1.199999999999993e-01,7.077671781985373e-16
9200,1,-8.000000000000000e-02,-7.999999999999956e-02,-4.440892098500626e-16
9200,2,5.500000000000000e-02,5.499999999999877e-02,1.235123114895487e-15
9200,3,4.000000000000000e-02,4.000000000000009e-02,-9.020562075079397e-17
9200,4,-3.000000000000000e-02,-2.999999999999891e-02,-1.085936895961481e-15
9200,5,2.500000000000000e-02,2.500000000000061e-02,-6.036837696399289e-16
9200,6,2.000000000000000e-02,1.999999999999914e-02,8.638922910364499e-16
9200,7,-1.800000000000000e-02,-1.800000000000019e-02,1.873501354054952e-16
9200,8,1.500000000000000e-02,1.499999999999972e-02,2.792904796322659e-16
9200,9,1.200000000000000e-02,1.199999999999996e-02,4.510281037539698e-17
9200,10,-1.000000000000000e-02,-9.999999999999995e-03,-5.204170427930421e-18
9200,11,8.999999999999999e-03,9.000000000000398e-03,-3.989863994746656e-16
9200,12,8.000000000000000e-03,8.000000000000231e-03,-2.307182223049153e-16
9200,13,-7.000000000000000e-03,-7.000000000000073e-03,7.285838599102590e-17
9200,14,6.000000000000000e-03,5.999999999999485e-03,5.152128723651117e-16
9200,15,5.000000000000000e-03,4.999999999999597e-03,4.033232081646076e-16
9200,16,-4.000000000000000e-03,-4.000000000000082e-03,8.239936510889834e-17
9200,17,3.500000000000000e-03,3.500000000000370e-03,-3.703634621210483e-16
9200,18,3.000000000000000e-03,2.999999999999739e-03,2.615095640035037e-16
9200,19,-2.500000000000000e-03,-2.499999999999426e-03,-5.737597896793289e-16
9200,20,2.000000000000000e-03,2.000000000000043e-03,-4.336808689942018e-17
9200,21,1.800000000000000e-03,1.799999999999755e-03,2.452465314162211e-16
9200,22,-1.500000000000000e-03,-1.500000000000146e-03,1.459336124165489e-16
9200,23,1.200000000000000e-03,1.199999999998830e-03,1.169854144111859e-15
9200,24,1.000000000000000e-03,9.999999999999653e-04,3.469446951953614e-17
9200,25,-8.000000000000000e-04,-7.999999999993612e-04,-6.388119200284592e-16
9200,26,5.999999999999999e-04,6.000000000003441e-04,-3.441257695468991e-16
9200,27,5.000000000000000e-04,5.000000000000350e-04,-3.501973017128179e-17
9200,28,-4.000000000000000e-04,-3.999999999998763e-04,-1.237616779892203e-16
9200,29,3.000000000000000e-04,2.999999999989843e-04,1.015680595184421e-15
9300,0,1.200000000000000e-01,1.199999999999994e-01,6.383782391594650e-16
9300,1,-8.000000000000000e-02,-7.999999999999959e-02,-4.163336342344337e-16
9300,2,5.500000000000000e-02,5.499999999999912e-02,8.812395257962180e-16
9300,3,4.000000000000000e-02,4.000000000000015e-02,-1.457167719820518e-16
9300,4,-3.000000000000000e-02,-2.999999999999941e-02,-5.863365348801608e-16
9300,5,2.500000000000000e-02,2.500000000000034e-02,-3.434752482434078e-16
9300,6,2.000000000000000e-02,1.999999999999938e-02,6.210310043996969e-16
9300,7,-1.800000000000000e-02,-1.799999999999998e-02,-2.081668171172169e-17
9300,8,1.500000000000000e-02,1.499999999999966e-02,3.348016308635238e-16
9300,9,1.200000000000000e-02,1.199999999999999e-02,1.040834085586084e-17
9300,10,-1.000000000000000e-02,-1.000000000000002e-02,2.255140518769849e-17
9300,11,8.999999999999999e-03,9.000000000000223e-03,-2.237793284010081e-16
9300,12,8.000000000000000e-03,8.000000000000115e-03,-1.144917494144693e-16
9300,13,-7.000000000000000e-03,-6.999999999999900e-03,-1.006139616066548e-16
9300,14,6.000000000000000e-03,5.999999999999585e-03,4.154662724964453e-16
9300,15,5.000000000000000e-03,4.999999999999638e-03,3.616898447411643e-16
9300,16,-4.000000000000000e-03,-4.000000000000069e-03,6.852157730108388e-17
9300,17,3.500000000000000e-03,3.500000000000341e-03,-3.413068438984368e-16
9300,18,3.000000000000000e-03,2.999999999999824e-03,1.756407519426517e-16
9300,19,-2.500000000000000e-03,-2.499999999999584e-03,-4.163336342344337e-16
9300,20,2.000000000000000e-03,1.999999999999899e-03,1.010476424756490e-16
9300,21,1.800000000000000e-03,1.799999999999692e-03,3.081302574203804e-16
9300,22,-1.500000000000000e-03,-1.500000000000008e-03,7.806255641895632e-18
9300,23,1.200000000000000e-03,1.199999999999202e-03,7.975391180803371e-16
9300,24,1.000000000000000e-03,9.999999999999547e-04,4.531965080989409e-17
9300,25,-8.000000000000000e-04,-7.999999999995958e-04,-4.041905699025961e-16
9300,26,5.999999999999999e-04,6.000000000002212e-04,-2.212856634042915e-16
9300,27,5.000000000000000e-04,4.999999999999991e-04,8.673617379884035e-19
9300,28,-4.000000000000000e-04,-3.999999999997927e-04,-2.073536654878527e-16
9300,29,3.000000000000000e-04,2.999999999992602e-04,7.397511422868597e-16
9400,0,1.200000000000000e-01,1.199999999999997e-01,3.330669073875470e-16
9400,1,-8.000000000000000e-02,-7.999999999999978e-02,-2.220446049250313e-16
9400,2,5.500000000000000e-02,5.499999999999935e-02,6.453171330633722e-16
9400,3,4.000000000000000e-02,4.000000000000013e-02,-1.249000902703301e-16
9400,4,-3.000000000000000e-02,-2.999999999999953e-02,-4.683753385137379e-16
9400,5,2.500000000000000e-02,2.500000000000025e-02,-2.498001805406602e-16
9400,6,2.000000000000000e-02,1.999999999999963e-02,3.712308238590367e-16
9400,7,-1.800000000000000e-02,-1.799999999999995e-02,-4.857225732735060e-17
9400,8,1.500000000000000e-02,1.499999999999975e-02,2.515349040166370e-16
9400,9,1.200000000000000e-02,1.200000000000009e-02,-9.367506770274758e-17
9400,10,-1.000000000000000e-02,-1.000000000000013e-02,1.266348137463069e-16
9400,11,8.999999999999999e-03,9.000000000000234e-03,-2.341876692568690e-16
9400,12,8.000000000000000e-03,8.000000000000096e-03,-9.540979117872439e-17
9400,13,-7.000000000000000e-03,-6.999999999999958e-03,-4.250072516143177e-17
9400,14,6.000000000000000e-03,5.999999999999797e-03,2.029626466892864e-16
9400,15,5.000000000000000e-03,4.999999999999803e-03,1.968911145233676e-16
9400,16,-4.000000000000000e-03,-4.000000000000044e-03,4.423544863740858e-17
9400,17,3.500000000000000e-03,3.500000000000272e-03,-2.714842239903703e-16
9400,18,3.000000000000000e-03,2.999999999999909e-03,9.107298248878237e-17
9400,19,-2.500000000000000e-03,-2.499999999999800e-03,-2.003605614753212e-16
9400,20,2.000000000000000e-03,2.000000000000011e-03,-1.084202172485504e-17
9400,21,1.800000000000000e-03,1.799999999999796e-03,2.042636892962690e-16
9400,22,-1.500000000000000e-03,-1.500000000000003e-03,2.602085213965211e-18
9400,23,1.200000000000000e-03,1.199999999999468e-03,5.316927453868914e-16
9400,24,1.000000000000000e-03,9.999999999999582e-04,4.185020385794047e-17
9400,25,-8.000000000000000e-04,-7.999999999997000e-04,-2.999987411267391e-16
9400,26,5.999999999999999e-04,6.000000000001762e-04,-1.762912732461430e-16
9400,27,5.000000000000000e-04,4.999999999999846e-04,1.539567084929416e-17
9400,28,-4.000000000000000e-04,-3.999999999999053e-04,-9.475926987523309e-17
9400,29,3.000000000000000e-04,2.999999999995400e-04,4.599727716769753e-16
9500,0,1.200000000000000e-01,1.199999999999998e-01,2.359223927328458e-16
9500,1,-8.000000000000000e-02,-7.999999999999981e-02,-1.942890293094024e-16
9500,2,5.500000000000000e-02,5.499999999999953e-02,4.718447854656915e-16
9500,3,4.000000000000000e-02,4.000000000000005e-02,-4.857225732735060e-17
9500,4,-3.000000000000000e-02,-2.999999999999974e-02,-2.636779683484747e-16
9500,5,2.500000000000000e-02,2.500000000000020e-02,-2.012279232133096e-16
9500,6,2.000000000000000e-02,1.999999999999975e-02,2.463307335887066e-16
9500,7,-1.800000000000000e-02,-1.799999999999994e-02,-5.551115123125783e-17
9500,8,1.500000000000000e-02,1.499999999999980e-02,1.977584762613560e-16
9500,9,1.200000000000000e-02,1.200000000000003e-02,-3.469446951953614e-17
9500,10,-1.000000000000000e-02,-1.000000000000011e-02,1.075528555105620e-16
9500,11,8.999999999999999e-03,9.000000000000214e-03,-2.151057110211241e-16
9500,12,8.000000000000000e-03,8.000000000000019e-03,-1.908195823574488e-17
9500,13,-7.000000000000000e-03,-6.999999999999971e-03,-2.949029909160572e-17
9500,14,6.000000000000000e-03,5.999999999999860e-03,1.405126015541214e-16
9500,15,5.000000000000000e-03,4.999999999999907e-03,9.280770596475918e-17
9500,16,-4.000000000000000e-03,-4.000000000000022e-03,2.168404344971009e-17
9500,17,3.500000000000000e-03,3.500000000000131e-03,-1.314053033052431e-16
9500,18,3.000000000000000e-03,2.999999999999896e-03,1.036497276896142e-16
9500,19,-2.500000000000000e-03,-2.499999999999846e-03,-1.543903893619358e-16
9500,20,2.000000000000000e-03,2.000000000000046e-03,-4.640385298237959e-17
9500,21,1.800000000000000e-03,1.799999999999810e-03,1.901690610539575e-16
9500,22,-1.500000000000000e-03,-1.500000000000031e-03,3.144186300207963e-17
9500,23,1.200000000000000e-03,1.199999999999658e-03,3.415236843329339e-16
9500,24,1.000000000000000e-03,1.000000000000008e-03,-7.589415207398531e-18
9500,25,-8.000000000000000e-04,-7.999999999998213e-04,-1.787849382428597e-16
9500,26,5.999999999999999e-04,6.000000000000683e-04,-6.830473686658678e-17
9500,27,5.000000000000000e-04,4.999999999999723e-04,2.775557561562891e-17
9500,28,-4.000000000000000e-04,-3.999999999998994e-04,-1.006139616066548e-16
9500,29,3.000000000000000e-04,2.999999999996882e-04,3.118165448068311e-16
9600,0,1.200000000000000e-01,1.199999999999998e-01,2.081668171172169e-16
9600,1,-8.000000000000000e-02,-7.999999999999982e-02,-1.804112415015879e-16
9600,2,5.500000000000000e-02,5.499999999999963e-02,3.747002708109903e-16
9600,3,4.000000000000000e-02,4.000000000000008e-02,-7.632783294297951e-17
9600,4,-3.000000000000000e-02,-2.999999999999979e-02,-2.116362640691705e-16
9600,5,2.500000000000000e-02,2.500000000000017e-02,-1.665334536937735e-16
9600,6,2.000000000000000e-02,1.999999999999983e-02,1.734723475976807e-16
9600,7,-1.800000000000000e-02,-1.799999999999997e-02,-3.122502256758253e-17
9600,8,1.500000000000000e-02,1.499999999999983e-02,1.717376241217039e-16
9600,9,1.200000000000000e-02,1.200000000000005e-02,-5.204170427930421e-17
9600,10,-1.000000000000000e-02,-1.000000000000007e-02,6.938893903907228e-17
9600,11,8.999999999999999e-03,9.000000000000176e-03,-1.769417945496343e-16
9600,12,8.000000000000000e-03,8.000000000000023e-03,-2.255140518769849e-17
9600,13,-7.000000000000000e-03,-6.999999999999977e-03,-2.341876692568690e-17
9600,14,6.000000000000000e-03,5.999999999999884e-03,1.162264728904461e-16
9600,15,5.000000000000000e-03,4.999999999999938e-03,6.245004513516506e-17
9600,16,-4.000000000000000e-03,-4.000000000000013e-03,1.301042606982605e-17
9600,17,3.500000000000000e-03,3.500000000000095e-03,-9.497611030973019e-17
9600,18,3.000000000000000e-03,2.999999999999930e-03,6.982261990806649e-17
9600,19,-2.500000000000000e-03,-2.499999999999884e-03,-1.157927920214519e-16
9600,20,2.000000000000000e-03,2.000000000000051e-03,-5.117434254131581e-17
9600,21,1.800000000000000e-03,1.799999999999867e-03,1.329231863467228e-16
9600,22,-1.500000000000000e-03,-1.500000000000047e-03,4.705437428587089e-17
9600,23,1.200000000000000e-03,1.199999999999762e-03,2.378739566433197e-16
9600,24,1.000000000000000e-03,9.999999999999894e-04,1.062518129035794e-17
9600,25,-8.000000000000000e-04,-7.999999999998493e-04,-1.507041019754851e-16
9600,26,5.999999999999999e-04,6.000000000000848e-04,-8.489303010561500e-17
9600,27,5.000000000000000e-04,4.999999999999914e-04,8.565197162635485e-18
9600,28,-4.000000000000000e-04,-3.999999999999364e-04,-6.358845741627484e-17
9600,29,3.000000000000000e-04,2.999999999997896e-04,2.103894315708121e-16
9700,0,1.200000000000000e-01,1.199999999999998e-01,1.942890293094024e-16
9700,1,-8.000000000000000e-02,-7.999999999999982e-02,-1.804112415015879e-16
9700,2,5.500000000000000e-02,5.499999999999967e-02,3.330669073875470e-16
9700,3,4.000000000000000e-02,4.000000000000008e-02,-8.326672684688674e-17
9700,4,-3.000000000000000e-02,-2.999999999999984e-02,-1.630640067418199e-16
9700,5,2.500000000000000e-02,2.500000000000018e-02,-1.769417945496343e-16
9700,6,2.000000000000000e-02,1.999999999999984e-02,1.630640067418199e-16
9700,7,-1.800000000000000e-02,-1.799999999999996e-02,-4.163336342344337e-17
9700,8,1.500000000000000e-02,1.499999999999985e-02,1.509209424099822e-16
9700,9,1.200000000000000e-02,1.200000000000004e-02,-3.816391647148976e-17
9700,10,-1.000000000000000e-02,-1.000000000000006e-02,6.418476861114186e-17
9700,11,8.999999999999999e-03,9.000000000000143e-03,-1.439820485060750e-16
9700,12,8.000000000000000e-03,8.000000000000023e-03,-2.255140518769849e-17
9700,13,-7.000000000000000e-03,-6.999999999999976e-03,-2.428612866367530e-17
9700,14,6.000000000000000e-03,5.999999999999893e-03,1.075528555105620e-16
9700,15,5.000000000000000e-03,4.999999999999931e-03,6.938893903907228e-17
9700,16,-4.000000000000000e-03,-4.000000000000026e-03,2.602085213965211e-17
9700,17,3.500000000000000e-03,3.500000000000082e-03,-8.153200337090993e-17
9700,18,3.000000000000000e-03,2.999999999999953e-03,4.727121472036799e-17
9700,19,-2.500000000000000e-03,-2.499999999999892e-03,-1.079865363795562e-16
9700,20,2.000000000000000e-03,2.000000000000033e-03,-3.339342691255354e-17
9700,21,1.800000000000000e-03,1.799999999999890e-03,1.099381002900301e-16
9700,22,-1.500000000000000e-03,-1.500000000000044e-03,4.358492733391728e-17
9700,23,1.200000000000000e-03,1.199999999999814e-03,1.862659332330097e-16
9700,24,1.000000000000000e-03,1.000000000000019e-03,-1.864827736675068e-17
9700,25,-8.000000000000000e-04,-7.999999999998910e-04,-1.090707385520417e-16
9700,26,5.999999999999999e-04,6.000000000000748e-04,-7.480994990149981e-17
9700,27,5.000000000000000e-04,4.999999999999793e-04,2.070826149447313e-17
9700,28,-4.000000000000000e-04,-3.999999999999460e-04,-5.404747829840240e-17
9700,29,3.000000000000000e-04,2.999999999998243e-04,1.756949620512760e-16
9800,0,1.200000000000000e-01,1.199999999999998e-01,1.526556658859590e-16
9800,1,-8.000000000000000e-02,-7.999999999999985e-02,-1.526556658859590e-16
9800,2,5.500000000000000e-02,5.499999999999976e-02,2.359223927328458e-16
9800,3,4.000000000000000e-02,4.000000000000003e-02,-2.775557561562891e-17
9800,4,-3.000000000000000e-02,-2.999999999999985e-02,-1.526556658859590e-16
9800,5,2.500000000000000e-02,2.500000000000008e-02,-7.979727989493313e-17
9800,6,2.000000000000000e-02,1.999999999999991e-02,9.020562075079397e-17
9800,7,-1.800000000000000e-02,-1.800000000000001e-02,1.040834085586084e-17
9800,8,1.500000000000000e-02,1.499999999999994e-02,6.071532165918825e-17
9800,9,1.200000000000000e-02,1.199999999999999e-02,6.938893903907228e-18
9800,10,-1.000000000000000e-02,-1.000000000000003e-02,2.602085213965211e-17
9800,11,8.999999999999999e-03,9.000000000000086e-03,-8.673617379884035e-17
9800,12,8.000000000000000e-03,8.000000000000047e-03,-4.683753385137379e-17
9800,13,-7.000000000000000e-03,-7.000000000000011e-03,1.127570259384925e-17
9800,14,6.000000000000000e-03,5.999999999999941e-03,5.898059818321144e-17
9800,15,5.000000000000000e-03,4.999999999999943e-03,5.724587470723463e-17
9800,16,-4.000000000000000e-03,-4.000000000000018e-03,1.821459649775647e-17
9800,17,3.500000000000000e-03,3.500000000000062e-03,-6.158268339717665e-17
9800,18,3.000000000000000e-03,2.999999999999973e-03,2.732189474663471e-17
9800,19,-2.500000000000000e-03,-2.499999999999922e-03,-7.762887554996212e-17
9800,20,2.000000000000000e-03,2.000000000000027e-03,-2.688821387764051e-17
9800,21,1.800000000000000e-03,1.799999999999936e-03,6.353424730765056e-17
9800,22,-1.500000000000000e-03,-1.500000000000057e-03,5.681219383824043e-17
9800,23,1.200000000000000e-03,1.199999999999896e-03,1.034328872551171e-16
9800,24,1.000000000000000e-03,9.999999999999725e-04,2.753873518113181e-17
9800,25,-8.000000000000000e-04,-7.999999999998862e-04,-1.138412281109780e-16
9800,26,5.999999999999999e-04,6.000000000000204e-04,-2.049142105997603e-17
9800,27,5.000000000000000e-04,5.000000000000037e-04,-3.686287386450715e-18
9800,28,-4.000000000000000e-04,-3.999999999999948e-04,-5.258380536554697e-18
9800,29,3.000000000000000e-04,2.999999999999138e-04,8.619407271259760e-17
9900,0,1.200000000000000e-01,1.199999999999998e-01,1.526556658859590e-16
9900,1,-8.000000000000000e-02,-7.999999999999985e-02,-1.526556658859590e-16
9900,2,5.500000000000000e-02,5.499999999999981e-02,1.942890293094024e-16
9900,3,4.000000000000000e-02,4.000000000000001e-02,-6.938893903907228e-18
9900,4,-3.000000000000000e-02,-2.999999999999988e-02,-1.214306433183765e-16
9900,5,2.500000000000000e-02,2.500000000000006e-02,-5.898059818321144e-17
9900,6,2.000000000000000e-02,1.999999999999993e-02,7.285838599102590e-17
9900,7,-1.800000000000000e-02,-1.799999999999999e-02,-1.040834085586084e-17
9900,8,1.500000000000000e-02,1.499999999999993e-02,6.765421556309548e-17
9900,9,1.200000000000000e-02,1.200000000000002e-02,-1.561251128379126e-17
9900,10,-1.000000000000000e-02,-1.000000000000003e-02,3.295974604355933e-17
9900,11,8.999999999999999e-03,9.000000000000076e-03,-7.632783294297951e-17
9900,12,8.000000000000000e-03,8.000000000000028e-03,-2.775557561562891e-17
9900,13,-7.000000000000000e-03,-7.000000000000009e-03,8.673617379884035e-18
9900,14,6.000000000000000e-03,5.999999999999960e-03,3.989863994746656e-17
9900,15,5.000000000000000e-03,4.999999999999962e-03,3.816391647148976e-17
9900,16,-4.000000000000000e-03,-4.000000000000006e-03,6.071532165918825e-18
9900,17,3.500000000000000e-03,3.500000000000049e-03,-4.857225732735060e-17
9900,18,3.000000000000000e-03,2.999999999999976e-03,2.385244779468110e-17
9900,19,-2.500000000000000e-03,-2.499999999999940e-03,-5.984795992119984e-17
9900,20,2.000000000000000e-03,2.000000000000019e-03,-1.908195823574488e-17
9900,21,1.800000000000000e-03,1.799999999999931e-03,6.895525817007808e-17
9900,22,-1.500000000000000e-03,-1.500000000000030e-03,2.949029909160572e-17
9900,23,1.200000000000000e-03,1.199999999999921e-03,7.849623728795052e-17
9900,24,1.000000000000000e-03,9.999999999999690e-04,3.100818213308543e-17
9900,25,-8.000000000000000e-04,-7.999999999998977e-04,-1.023486850826316e-16
9900,26,5.999999999999999e-04,6.000000000000172e-04,-1.723881454251952e-17
9900,27,5.000000000000000e-04,5.000000000000216e-04,-2.157562323246154e-17
9900,28,-4.000000000000000e-04,-3.999999999999947e-04,-5.312590645178972e-18
9900,29,3.000000000000000e-04,2.999999999999476e-04,5.236696493104986e-17
10000,0,1.200000000000000e-01,1.199999999999998e-01,1.526556658859590e-16
10000,1,-8.000000000000000e-02,-7.999999999999985e-02,-1.526556658859590e-16
10000,2,5.500000000000000e-02,5.499999999999981e-02,1.873501354054952e-16
10000,3,4.000000000000000e-02,4.000000000000000e-02,0.000000000000000e+00
10000,4,-3.000000000000000e-02,-2.999999999999991e-02,-8.673617379884035e-17
10000,5,2.500000000000000e-02,2.500000000000005e-02,-5.204170427930421e-17
10000,6,2.000000000000000e-02,1.999999999999992e-02,7.632783294297951e-17
10000,7,-1.800000000000000e-02,-1.799999999999999e-02,-6.938893903907228e-18
10000,8,1.500000000000000e-02,1.499999999999995e-02,4.683753385137379e-17
10000,9,1.200000000000000e-02,1.200000000000002e-02,-2.255140518769849e-17
10000,10,-1.000000000000000e-02,-1.000000000000006e-02,5.724587470723463e-17
10000,11,8.999999999999999e-03,9.000000000000058e-03,-5.898059818321144e-17
10000,12,8.000000000000000e-03,8.000000000000018e-03,-1.734723475976807e-17
10000,13,-7.000000000000000e-03,-7.000000000000015e-03,1.474514954580286e-17
10000,14,6.000000000000000e-03,5.999999999999978e-03,2.168404344971009e-17
10000,15,5.000000000000000e-03,4.999999999999974e-03,2.602085213965211e-17
10000,16,-4.000000000000000e-03,-4.000000000000008e-03,7.806255641895632e-18
10000,17,3.500000000000000e-03,3.500000000000046e-03,-4.640385298237959e-17
10000,18,3.000000000000000e-03,2.999999999999973e-03,2.688821387764051e-17
10000,19,-2.500000000000000e-03,-2.499999999999963e-03,-3.686287386450715e-17
10000,20,2.000000000000000e-03,2.000000000000015e-03,-1.517883041479706e-17
10000,21,1.800000000000000e-03,1.799999999999950e-03,5.030698080332741e-17
10000,22,-1.500000000000000e-03,-1.500000000000025e-03,2.493664996716660e-17
10000,23,1.200000000000000e-03,1.199999999999946e-03,5.421010862427522e-17
10000,24,1.000000000000000e-03,9.999999999999792e-04,2.081668171172169e-17
10000,25,-8.000000000000000e-04,-7.999999999999360e-04,-6.407634839389331e-17
10000,26,5.999999999999999e-04,6.000000000000162e-04,-1.626303258728257e-17
10000,27,5.000000000000000e-04,5.000000000000032e-04,-3.144186300207963e-18
10000,28,-4.000000000000000e-04,-4.000000000000032e-04,3.198396408832238e-18
10000,29,3.000000000000000e-04,2.999999999999668e-04,3.317658647805644e-17
10100,0,1.200000000000000e-01,1.199999999999998e-01,1.526556658859590e-16
10100,1,-8.000000000000000e-02,-7.999999999999985e-02,-1.526556658859590e-16
10100,2,5.500000000000000e-02,5.499999999999982e-02,1.804112415015879e-16
10100,3,4.000000000000000e-02,4.000000000000001e-02,-6.938893903907228e-18
10100,4,-3.000000000000000e-02,-2.999999999999993e-02,-6.938893903907228e-17
10100,5,2.500000000000000e-02,2.500000000000005e-02,-4.510281037539698e-17
10100,6,2.000000000000000e-02,1.999999999999993e-02,6.591949208711867e-17
10100,7,-1.800000000000000e-02,-1.799999999999998e-02,-1.734723475976807e-17
10100,8,1.500000000000000e-02,1.499999999999996e-02,3.989863994746656e-17
10100,9,1.200000000000000e-02,1.200000000000002e-02,-2.255140518769849e-17
10100,10,-1.000000000000000e-02,-1.000000000000005e-02,5.204170427930421e-17
10100,11,8.999999999999999e-03,9.000000000000048e-03,-4.857225732735060e-17
10100,12,8.000000000000000e-03,8.000000000000018e-03,-1.734723475976807e-17
10100,13,-7.000000000000000e-03,-7.000000000000017e-03,1.734723475976807e-17
10100,14,6.000000000000000e-03,5.999999999999981e-03,1.908195823574488e-17
10100,15,5.000000000000000e-03,4.999999999999989e-03,1.127570259384925e-17
10100,16,-4.000000000000000e-03,-4.000000000000021e-03,2.081668171172169e-17
10100,17,3.500000000000000e-03,3.500000000000036e-03,-3.599551212651875e-17
10100,18,3.000000000000000e-03,2.999999999999987e-03,1.301042606982605e-17
10100,19,-2.500000000000000e-03,-2.499999999999983e-03,-1.734723475976807e-17
10100,20,2.000000000000000e-03,2.000000000000013e-03,-1.257674520083185e-17
10100,21,1.800000000000000e-03,1.799999999999973e-03,2.688821387764051e-17
10100,22,-1.500000000000000e-03,-1.500000000000034e-03,3.404394821604484e-17
10100,23,1.200000000000000e-03,1.199999999999956e-03,4.380176776841438e-17
10100,24,1.000000000000000e-03,9.999999999999900e-04,9.974659986866641e-18
10100,25,-8.000000000000000e-04,-7.999999999999445e-04,-5.551115123125783e-17
10100,26,5.999999999999999e-04,6.000000000000097e-04,-9.757819552369540e-18
10100,27,5.000000000000000e-04,5.000000000000001e-04,-1.084202172485504e-19
10100,28,-4.000000000000000e-04,-4.000000000000020e-04,2.005774019098183e-18
10100,29,3.000000000000000e-04,2.999999999999728e-04,2.721347452938616e-17
10200,0,1.200000000000000e-01,1.199999999999998e-01,1.526556658859590e-16
10200,1,-8.000000000000000e-02,-7.999999999999985e-02,-1.526556658859590e-16
10200,2,5.500000000000000e-02,5.499999999999986e-02,1.387778780781446e-16
10200,3,4.000000000000000e-02,4.000000000000001e-02,-1.387778780781446e-17
10200,4,-3.000000000000000e-02,-2.999999999999995e-02,-5.204170427930421e-17
10200,5,2.500000000000000e-02,2.500000000000004e-02,-3.816391647148976e-17
10200,6,2.000000000000000e-02,1.999999999999995e-02,5.204170427930421e-17
10200,7,-1.800000000000000e-02,-1.799999999999998e-02,-1.387778780781446e-17
10200,8,1.500000000000000e-02,1.499999999999997e-02,2.602085213965211e-17
10200,9,1.200000000000000e-02,1.200000000000002e-02,-2.081668171172169e-17
10200,10,-1.000000000000000e-02,-1.000000000000004e-02,4.163336342344337e-17
10200,11,8.999999999999999e-03,9.000000000000037e-03,-3.816391647148976e-17
10200,12,8.000000000000000e-03,8.000000000000004e-03,-3.469446951953614e-18
10200,13,-7.000000000000000e-03,-7.000000000000018e-03,1.821459649775647e-17
10200,14,6.000000000000000e-03,5.999999999999988e-03,1.214306433183765e-17
10200,15,5.000000000000000e-03,5.000000000000001e-03,-8.673617379884035e-19
10200,16,-4.000000000000000e-03,-4.000000000000012e-03,1.214306433183765e-17
10200,17,3.500000000000000e-03,3.500000000000016e-03,-1.561251128379126e-17
10200,18,3.000000000000000e-03,3.000000000000000e-03,0.000000000000000e+00
10200,19,-2.500000000000000e-03,-2.499999999999984e-03,-1.604619215278547e-17
10200,20,2.000000000000000e-03,2.000000000000006e-03,-5.637851296924623e-18
10200,21,1.800000000000000e-03,1.799999999999973e-03,2.710505431213761e-17
10200,22,-1.500000000000000e-03,-1.500000000000013e-03,1.344410693882025e-17
10200,23,1.200000000000000e-03,1.199999999999973e-03,2.710505431213761e-17
10200,24,1.000000000000000e-03,9.999999999999868e-04,1.322726650432315e-17
10200,25,-8.000000000000000e-04,-7.999999999999572e-04,-4.282598581317743e-17
10200,26,5.999999999999999e-04,6.000000000000070e-04,-7.047314121155779e-18
10200,27,5.000000000000000e-04,4.999999999999998e-04,2.168404344971009e-19
10200,28,-4.000000000000000e-04,-3.999999999999969e-04,-3.089976191583688e-18
10200,29,3.000000000000000e-04,2.999999999999834e-04,1.653408313040394e-17
10300,0,1.200000000000000e-01,1.199999999999998e-01,1.526556658859590e-16
10300,1,-8.000000000000000e-02,-7.999999999999985e-02,-1.526556658859590e-16
10300,2,5.500000000000000e-02,5.499999999999986e-02,1.387778780781446e-16
10300,3,4.000000000000000e-02,4.000000000000001e-02,-1.387778780781446e-17
10300,4,-3.000000000000000e-02,-2.999999999999996e-02,-3.816391647148976e-17
10300,5,2.500000000000000e-02,2.500000000000003e-02,-3.122502256758253e-17
10300,6,2.000000000000000e-02,1.999999999999996e-02,3.816391647148976e-17
10300,7,-1.800000000000000e-02,-1.799999999999998e-02,-1.387778780781446e-17
10300,8,1.500000000000000e-02,1.499999999999998e-02,2.255140518769849e-17
10300,9,1.200000000000000e-02,1.200000000000002e-02,-2.428612866367530e-17
10300,10,-1.000000000000000e-02,-1.000000000000004e-02,3.642919299551295e-17
10300,11,8.999999999999999e-03,9.000000000000036e-03,-3.642919299551295e-17
10300,12,8.000000000000000e-03,7.999999999999998e-03,1.734723475976807e-18
10300,13,-7.000000000000000e-03,-7.000000000000013e-03,1.301042606982605e-17
10300,14,6.000000000000000e-03,5.999999999999989e-03,1.127570259384925e-17
10300,15,5.000000000000000e-03,5.000000000000001e-03,-8.673617379884035e-19
10300,16,-4.000000000000000e-03,-4.000000000000017e-03,1.647987302177967e-17
10300,17,3.500000000000000e-03,3.500000000000005e-03,-5.204170427930421e-18
10300,18,3.000000000000000e-03,2.999999999999996e-03,3.903127820947816e-18
10300,19,-2.500000000000000e-03,-2.499999999999989e-03,-1.127570259384925e-17
10300,20,2.000000000000000e-03,1.999999999999997e-03,2.602085213965211e-18
10300,21,1.800000000000000e-03,1.799999999999990e-03,1.040834085586084e-17
10300,22,-1.500000000000000e-03,-1.500000000000017e-03,1.713039432527097e-17
10300,23,1.200000000000000e-03,1.199999999999978e-03,2.233456475320139e-17
10300,24,1.000000000000000e-03,9.999999999999922e-04,7.806255641895632e-18
10300,25,-8.000000000000000e-04,-7.999999999999698e-04,-3.024924061234557e-17
10300,26,5.999999999999999e-04,5.999999999999982e-04,1.734723475976807e-18
10300,27,5.000000000000000e-04,5.000000000000038e-04,-3.794707603699266e-18
10300,28,-4.000000000000000e-04,-4.000000000000037e-04,3.686287386450715e-18
10300,29,3.000000000000000e-04,2.999999999999957e-04,4.282598581317743e-18
10400,0,1.200000000000000e-01,1.199999999999998e-01,1.526556658859590e-16
10400,1,-8.000000000000000e-02,-7.999999999999985e-02,-1.526556658859590e-16
10400,2,5.500000000000000e-02,5.499999999999987e-02,1.318389841742373e-16
10400,3,4.000000000000000e-02,4.000000000000001e-02,-1.387778780781446e-17
10400,4,-3.000000000000000e-02,-2.999999999999996e-02,-4.163336342344337e-17
10400,5,2.500000000000000e-02,2.500000000000002e-02,-1.387778780781446e-17
10400,6,2.000000000000000e-02,1.999999999999996e-02,3.816391647148976e-17
10400,7,-1.800000000000000e-02,-1.799999999999998e-02,-2.081668171172169e-17
10400,8,1.500000000000000e-02,1.499999999999997e-02,3.295974604355933e-17
10400,9,1.200000000000000e-02,1.200000000000002e-02,-2.255140518769849e-17
10400,10,-1.000000000000000e-02,-1.000000000000002e-02,2.255140518769849e-17
10400,11,8.999999999999999e-03,9.000000000000018e-03,-1.908195823574488e-17
10400,12,8.000000000000000e-03,8.000000000000007e-03,-6.938893903907228e-18
10400,13,-7.000000000000000e-03,-7.000000000000010e-03,9.540979117872439e-18
10400,14,6.000000000000000e-03,6.000000000000004e-03,-4.336808689942018e-18
10400,15,5.000000000000000e-03,4.999999999999992e-03,7.806255641895632e-18
10400,16,-4.000000000000000e-03,-4.000000000000001e-03,8.673617379884035e-19
10400,17,3.500000000000000e-03,3.500000000000001e-03,-8.673617379884035e-19
10400,18,3.000000000000000e-03,2.999999999999994e-03,5.637851296924623e-18
10400,19,-2.500000000000000e-03,-2.499999999999979e-03,-2.125036258071589e-17
10400,20,2.000000000000000e-03,1.999999999999987e-03,1.257674520083185e-17
10400,21,1.800000000000000e-03,1.800000000000008e-03,-8.456776945386935e-18
10400,22,-1.500000000000000e-03,-1.500000000000021e-03,2.081668171172169e-17
10400,23,1.200000000000000e-03,1.199999999999979e-03,2.125036258071589e-17
10400,24,1.000000000000000e-03,9.999999999999931e-04,6.938893903907228e-18
10400,25,-8.000000000000000e-04,-7.999999999999747e-04,-2.537033083616080e-17
10400,26,5.999999999999999e-04,6.000000000000034e-04,-3.469446951953614e-18
10400,27,5.000000000000000e-04,4.999999999999995e-04,5.421010862427522e-19
10400,28,-4.000000000000000e-04,-3.999999999999969e-04,-3.089976191583688e-18
10400,29,3.000000000000000e-04,2.999999999999973e-04,2.656295322589486e-18
10500,0,1.200000000000000e-01,1.199999999999998e-01,1.526556658859590e-16
10500,1,-8.000000000000000e-02,-7.999999999999985e-02,-1.526556658859590e-16
10500,2,5.500000000000000e-02,5.499999999999987e-02,1.318389841742373e-16
10500,3,4.000000000000000e-02,4.000000000000001e-02,-1.387778780781446e-17
10500,4,-3.000000000000000e-02,-2.999999999999996e-02,-3.816391647148976e-17
10500,5,2.500000000000000e-02,2.500000000000000e-02,-3.469446951953614e-18
10500,6,2.000000000000000e-02,1.999999999999997e-02,2.775557561562891e-17
10500,7,-1.800000000000000e-02,-1.799999999999997e-02,-2.428612866367530e-17
10500,8,1.500000000000000e-02,1.499999999999998e-02,1.561251128379126e-17
10500,9,1.200000000000000e-02,1.200000000000001e-02,-1.040834085586084e-17
10500,10,-1.000000000000000e-02,-1.000000000000002e-02,1.734723475976807e-17
10500,11,8.999999999999999e-03,9.000000000000024e-03,-2.428612866367530e-17
10500,12,8.000000000000000e-03,7.999999999999995e-03,5.204170427930421e-18
10500,13,-7.000000000000000e-03,-7.000000000000004e-03,3.469446951953614e-18
10500,14,6.000000000000000e-03,6.000000000000012e-03,-1.214306433183765e-17
10500,15,5.000000000000000e-03,4.999999999999998e-03,2.602085213965211e-18
10500,16,-4.000000000000000e-03,-3.999999999999999e-03,-8.673617379884035e-19
10500,17,3.500000000000000e-03,3.500000000000000e-03,0.000000000000000e+00
10500,18,3.000000000000000e-03,2.999999999999992e-03,8.239936510889834e-18
10500,19,-2.500000000000000e-03,-2.499999999999987e-03,-1.301042606982605e-17
10500,20,2.000000000000000e-03,1.999999999999991e-03,9.540979117872439e-18
10500,21,1.800000000000000e-03,1.800000000000001e-03,-1.084202172485504e-18
10500,22,-1.500000000000000e-03,-1.500000000000006e-03,5.854691731421724e-18
10500,23,1.200000000000000e-03,1.199999999999985e-03,1.474514954580286e-17
10500,24,1.000000000000000e-03,9.999999999999898e-04,1.019150042136374e-17
10500,25,-8.000000000000000e-04,-7.999999999999715e-04,-2.851451713636877e-17
10500,26,5.999999999999999e-04,5.999999999999918e-04,8.131516293641283e-18
10500,27,5.000000000000000e-04,5.000000000000022e-04,-2.168404344971009e-18
10500,28,-4.000000000000000e-04,-3.999999999999994e-04,-6.505213034913027e-19
10500,29,3.000000000000000e-04,3.000000000000002e-04,-2.710505431213761e-19
10600,0,1.200000000000000e-01,1.199999999999998e-01,1.526556658859590e-16
10600,1,-8.000000000000000e-02,-7.999999999999985e-02,-1.526556658859590e-16
10600,2,5.500000000000000e-02,5.499999999999987e-02,1.318389841742373e-16
10600,3,4.000000000000000e-02,4.000000000000002e-02,-2.081668171172169e-17
10600,4,-3.000000000000000e-02,-2.999999999999998e-02,-2.081668171172169e-17
10600,5,2.500000000000000e-02,2.500000000000001e-02,-1.040834085586084e-17
10600,6,2.000000000000000e-02,1.999999999999998e-02,2.428612866367530e-17
10600,7,-1.800000000000000e-02,-1.799999999999999e-02,-1.040834085586084e-17
10600,8,1.500000000000000e-02,1.499999999999998e-02,1.908195823574488e-17
10600,9,1.200000000000000e-02,1.200000000000001e-02,-6.938893903907228e-18
10600,10,-1.000000000000000e-02,-1.000000000000001e-02,1.040834085586084e-17
10600,11,8.999999999999999e-03,9.000000000000024e-03,-2.428612866367530e-17
10600,12,8.000000000000000e-03,7.999999999999981e-03,1.908195823574488e-17
10600,13,-7.000000000000000e-03,-7.000000000000000e-03,0.000000000000000e+00
10600,14,6.000000000000000e-03,6.000000000000006e-03,-6.071532165918825e-18
10600,15,5.000000000000000e-03,4.999999999999997e-03,3.469446951953614e-18
10600,16,-4.000000000000000e-03,-4.000000000000008e-03,7.806255641895632e-18
10600,17,3.500000000000000e-03,3.500000000000004e-03,-3.469446951953614e-18
10600,18,3.000000000000000e-03,2.999999999999998e-03,1.734723475976807e-18
10600,19,-2.500000000000000e-03,-2.499999999999996e-03,-4.336808689942018e-18
10600,20,2.000000000000000e-03,1.999999999999994e-03,5.637851296924623e-18
10600,21,1.800000000000000e-03,1.800000000000000e-03,-2.168404344971009e-19
10600,22,-1.500000000000000e-03,-1.500000000000009e-03,8.673617379884035e-18
10600,23,1.200000000000000e-03,1.199999999999988e-03,1.235990476633475e-17
10600,24,1.000000000000000e-03,9.999999999999981e-04,1.951563910473908e-18
10600,25,-8.000000000000000e-04,-7.999999999999773e-04,-2.276824562219559e-17
10600,26,5.999999999999999e-04,5.999999999999952e-04,4.770489558936220e-18
10600,27,5.000000000000000e-04,4.999999999999966e-04,3.361026734705064e-18
10600,28,-4.000000000000000e-04,-3.999999999999992e-04,-8.673617379884035e-19
10600,29,3.000000000000000e-04,3.000000000000044e-04,-4.445228907190568e-18
10700,0,1.200000000000000e-01,1.199999999999998e-01,1.526556658859590e-16
10700,1,-8.000000000000000e-02,-7.999999999999985e-02,-1.526556658859590e-16
10700,2,5.500000000000000e-02,5.499999999999987e-02,1.318389841742373e-16
10700,3,4.000000000000000e-02,4.000000000000001e-02,-1.387778780781446e-17
10700,4,-3.000000000000000e-02,-2.999999999999999e-02,-1.387778780781446e-17
10700,5,2.500000000000000e-02,2.500000000000001e-02,-1.040834085586084e-17
10700,6,2.000000000000000e-02,1.999999999999997e-02,2.775557561562891e-17
10700,7,-1.800000000000000e-02,-1.800000000000000e-02,0.000000000000000e+00
10700,8,1.500000000000000e-02,1.499999999999999e-02,1.040834085586084e-17
10700,9,1.200000000000000e-02,1.199999999999999e-02,8.673617379884035e-18
10700,10,-1.000000000000000e-02,-9.999999999999992e-03,-8.673617379884035e-18
10700,11,8.999999999999999e-03,8.999999999999996e-03,3.469446951953614e-18
10700,12,8.000000000000000e-03,7.999999999999997e-03,3.469446951953614e-18
10700,13,-7.000000000000000e-03,-6.999999999999996e-03,-4.336808689942018e-18
10700,14,6.000000000000000e-03,6.000000000000001e-03,-8.673617379884035e-19
10700,15,5.000000000000000e-03,4.999999999999997e-03,3.469446951953614e-18
10700,16,-4.000000000000000e-03,-4.000000000000006e-03,6.071532165918825e-18
10700,17,3.500000000000000e-03,3.500000000000001e-03,-8.673617379884035e-19
10700,18,3.000000000000000e-03,2.999999999999989e-03,1.084202172485504e-17
10700,19,-2.500000000000000e-03,-2.499999999999997e-03,-3.035766082959412e-18
10700,20,2.000000000000000e-03,2.000000000000001e-03,-1.301042606982605e-18
10700,21,1.800000000000000e-03,1.799999999999997e-03,2.818925648462312e-18
10700,22,-1.500000000000000e-03,-1.500000000000009e-03,8.890457814381136e-18
10700,23,1.200000000000000e-03,1.199999999999995e-03,4.987329993433320e-18
10700,24,1.000000000000000e-03,1.000000000000006e-03,-6.071532165918825e-18
10700,25,-8.000000000000000e-04,-7.999999999999877e-04,-1.235990476633475e-17
10700,26,5.999999999999999e-04,5.999999999999941e-04,5.854691731421724e-18
10700,27,5.000000000000000e-04,5.000000000000055e-04,-5.529431079676073e-18
10700,28,-4.000000000000000e-04,-4.000000000000053e-04,5.312590645178972e-18
10700,29,3.000000000000000e-04,2.999999999999992e-04,8.131516293641283e-19
10800,0,1.200000000000000e-01,1.199999999999998e-01,1.526556658859590e-16
10800,1,-8.000000000000000e-02,-7.999999999999985e-02,-1.526556658859590e-16
10800,2,5.500000000000000e-02,5.499999999999987e-02,1.318389841742373e-16
10800,3,4.000000000000000e-02,4.000000000000001e-02,-1.387778780781446e-17
10800,4,-3.000000000000000e-02,-2.999999999999999e-02,-6.938893903907228e-18
10800,5,2.500000000000000e-02,2.500000000000001e-02,-1.040834085586084e-17
10800,6,2.000000000000000e-02,1.999999999999997e-02,2.775557561562891e-17
10800,7,-1.800000000000000e-02,-1.799999999999999e-02,-1.040834085586084e-17
10800,8,1.500000000000000e-02,1.499999999999999e-02,1.214306433183765e-17
10800,9,1.200000000000000e-02,1.199999999999999e-02,6.938893903907228e-18
10800,10,-1.000000000000000e-02,-9.999999999999993e-03,-6.938893903907228e-18
10800,11,8.999999999999999e-03,8.999999999999996e-03,3.469446951953614e-18
10800,12,8.000000000000000e-03,8.000000000000002e-03,-1.734723475976807e-18
10800,13,-7.000000000000000e-03,-7.000000000000001e-03,8.673617379884035e-19
10800,14,6.000000000000000e-03,6.000000000000001e-03,-8.673617379884035e-19
10800,15,5.000000000000000e-03,4.999999999999992e-03,7.806255641895632e-18
10800,16,-4.000000000000000e-03,-3.999999999999997e-03,-3.469446951953614e-18
10800,17,3.500000000000000e-03,3.500000000000000e-03,0.000000000000000e+00
10800,18,3.000000000000000e-03,3.000000000000002e-03,-1.734723475976807e-18
10800,19,-2.500000000000000e-03,-2.500000000000011e-03,1.084202172485504e-17
10800,20,2.000000000000000e-03,2.000000000000008e-03,-8.239936510889834e-18
10800,21,1.800000000000000e-03,1.799999999999995e-03,4.987329993433320e-18
10800,22,-1.500000000000000e-03,-1.500000000000009e-03,8.890457814381136e-18
10800,23,1.200000000000000e-03,1.199999999999989e-03,1.040834085586084e-17
10800,24,1.000000000000000e-03,1.000000000000020e-03,-1.951563910473908e-17
10800,25,-8.000000000000000e-04,-8.000000000000049e-04,4.878909776184770e-18
10800,26,5.999999999999999e-04,5.999999999999934e-04,6.505213034913027e-18
10800,27,5.000000000000000e-04,5.000000000000011e-04,-1.084202172485504e-18
10800,28,-4.000000000000000e-04,-4.000000000000092e-04,9.161508357502512e-18
10800,29,3.000000000000000e-04,3.000000000000124e-04,-1.241411487495903e-17
10900,0,1.200000000000000e-01,1.199999999999998e-01,1.526556658859590e-16
10900,1,-8.000000000000000e-02,-7.999999999999985e-02,-1.526556658859590e-16
10900,2,5.500000000000000e-02,5.499999999999988e-02,1.249000902703301e-16
10900,3,4.000000000000000e-02,4.000000000000001e-02,-1.387778780781446e-17
10900,4,-3.000000000000000e-02,-3.000000000000000e-02,0.000000000000000e+00
10900,5,2.500000000000000e-02,2.500000000000002e-02,-1.734723475976807e-17
10900,6,2.000000000000000e-02,1.999999999999997e-02,3.122502256758253e-17
10900,7,-1.800000000000000e-02,-1.799999999999998e-02,-2.081668171172169e-17
10900,8,1.500000000000000e-02,1.499999999999999e-02,8.673617379884035e-18
10900,9,1.200000000000000e-02,1.199999999999999e-02,6.938893903907228e-18
10900,10,-1.000000000000000e-02,-9.999999999999992e-03,-8.673617379884035e-18
10900,11,8.999999999999999e-03,8.999999999999984e-03,1.561251128379126e-17
10900,12,8.000000000000000e-03,8.000000000000024e-03,-2.428612866367530e-17
10900,13,-7.000000000000000e-03,-7.000000000000003e-03,2.602085213965211e-18
10900,14,6.000000000000000e-03,5.999999999999997e-03,3.469446951953614e-18
10900,15,5.000000000000000e-03,5.000000000000004e-03,-3.469446951953614e-18
10900,16,-4.000000000000000e-03,-3.999999999999997e-03,-2.602085213965211e-18
10900,17,3.500000000000000e-03,3.500000000000003e-03,-3.035766082959412e-18
10900,18,3.000000000000000e-03,2.999999999999999e-03,1.301042606982605e-18
10900,19,-2.500000000000000e-03,-2.500000000000002e-03,2.168404344971009e-18
10900,20,2.000000000000000e-03,2.000000000000012e-03,-1.214306433183765e-17
10900,21,1.800000000000000e-03,1.799999999999984e-03,1.626303258728257e-17
10900,22,-1.500000000000000e-03,-1.499999999999997e-03,-2.818925648462312e-18
10900,23,1.200000000000000e-03,1.199999999999985e-03,1.452830911130576e-17
10900,24,1.000000000000000e-03,1.000000000000022e-03,-2.168404344971009e-17
10900,25,-8.000000000000000e-04,-8.000000000000035e-04,3.469446951953614e-18
10900,26,5.999999999999999e-04,6.000000000000030e-04,-3.035766082959412e-18
10900,27,5.000000000000000e-04,5.000000000000020e-04,-1.951563910473908e-18
10900,28,-4.000000000000000e-04,-3.999999999999957e-04,-4.282598581317743e-18
10900,29,3.000000000000000e-04,2.999999999999960e-04,4.011548038196366e-18
11000,0,1.200000000000000e-01,1.199999999999998e-01,1.526556658859590e-16
11000,1,-8.000000000000000e-02,-7.999999999999985e-02,-1.526556658859590e-16
11000,2,5.500000000000000e-02,5.499999999999988e-02,1.249000902703301e-16
11000,3,4.000000000000000e-02,4.000000000000001e-02,-1.387778780781446e-17
11000,4,-3.000000000000000e-02,-3.000000000000000e-02,0.000000000000000e+00
11000,5,2.500000000000000e-02,2.500000000000002e-02,-2.081668171172169e-17
11000,6,2.000000000000000e-02,1.999999999999996e-02,3.816391647148976e-17
11000,7,-1.800000000000000e-02,-1.799999999999998e-02,-1.734723475976807e-17
11000,8,1.500000000000000e-02,1.500000000000000e-02,1.734723475976807e-18
11000,9,1.200000000000000e-02,1.199999999999999e-02,8.673617379884035e-18
11000,10,-1.000000000000000e-02,-9.999999999999988e-03,-1.214306433183765e-17
11000,11,8.999999999999999e-03,8.999999999999989e-03,1.040834085586084e-17
11000,12,8.000000000000000e-03,8.000000000000012e-03,-1.214306433183765e-17
11000,13,-7.000000000000000e-03,-6.999999999999985e-03,-1.561251128379126e-17
11000,14,6.000000000000000e-03,5.999999999999988e-03,1.214306433183765e-17
11000,15,5.000000000000000e-03,5.000000000000004e-03,-4.336808689942018e-18
11000,16,-4.000000000000000e-03,-3.999999999999993e-03,-6.938893903907228e-18
11000,17,3.500000000000000e-03,3.499999999999997e-03,2.602085213965211e-18
11000,18,3.000000000000000e-03,2.999999999999998e-03,1.734723475976807e-18
11000,19,-2.500000000000000e-03,-2.499999999999997e-03,-2.602085213965211e-18
11000,20,2.000000000000000e-03,1.999999999999994e-03,6.505213034913027e-18
11000,21,1.800000000000000e-03,1.799999999999996e-03,3.686287386450715e-18
11000,22,-1.500000000000000e-03,-1.499999999999993e-03,-7.372574772901430e-18
11000,23,1.200000000000000e-03,1.199999999999978e-03,2.233456475320139e-17
11000,24,1.000000000000000e-03,1.000000000000019e-03,-1.908195823574488e-17
11000,25,-8.000000000000000e-04,-7.999999999999966e-04,-3.469446951953614e-18
11000,26,5.999999999999999e-04,5.999999999999921e-04,7.806255641895632e-18
11000,27,5.000000000000000e-04,5.000000000000064e-04,-6.396792817664476e-18
11000,28,-4.000000000000000e-04,-4.000000000000016e-04,1.572093150103981e-18
11000,29,3.000000000000000e-04,2.999999999999993e-04,7.047314121155779e-19
11100,0,1.200000000000000e-01,1.199999999999998e-01,1.526556658859590e-16
11100,1,-8.000000000000000e-02,-7.999999999999985e-02,-1.526556658859590e-16
11100,2,5.500000000000000e-02,5.499999999999988e-02,1.179611963664229e-16
11100,3,4.000000000000000e-02,4.000000000000001e-02,-1.387778780781446e-17
11100,4,-3.000000000000000e-02,-3.000000000000001e-02,6.938893903907228e-18
11100,5,2.500000000000000e-02,2.500000000000002e-02,-2.081668171172169e-17
11100,6,2.000000000000000e-02,1.999999999999998e-02,2.081668171172169e-17
11100,7,-1.800000000000000e-02,-1.800000000000000e-02,-3.469446951953614e-18
11100,8,1.500000000000000e-02,1.500000000000000e-02,-1.734723475976807e-18
11100,9,1.200000000000000e-02,1.200000000000000e-02,-1.734723475976807e-18
11100,10,-1.000000000000000e-02,-9.999999999999990e-03,-1.040834085586084e-17
11100,11,8.999999999999999e-03,9.000000000000003e-03,-3.469446951953614e-18
11100,12,8.000000000000000e-03,7.999999999999995e-03,5.204170427930421e-18
11100,13,-7.000000000000000e-03,-6.999999999999983e-03,-1.734723475976807e-17
11100,14,6.000000000000000e-03,6.000000000000002e-03,-1.734723475976807e-18
11100,15,5.000000000000000e-03,4.999999999999990e-03,1.040834085586084e-17
11100,16,-4.000000000000000e-03,-3.999999999999979e-03,-2.081668171172169e-17
11100,17,3.500000000000000e-03,3.499999999999991e-03,9.107298248878237e-18
11100,18,3.000000000000000e-03,2.999999999999991e-03,9.540979117872439e-18
11100,19,-2.500000000000000e-03,-2.499999999999998e-03,-1.734723475976807e-18
11100,20,2.000000000000000e-03,1.999999999999999e-03,8.673617379884035e-19
11100,21,1.800000000000000e-03,1.799999999999990e-03,9.757819552369540e-18
11100,22,-1.500000000000000e-03,-1.499999999999992e-03,-7.806255641895632e-18
11100,23,1.200000000000000e-03,1.199999999999981e-03,1.908195823574488e-17
11100,24,1.000000000000000e-03,1.000000000000007e-03,-6.938893903907228e-18
11100,25,-8.000000000000000e-04,-7.999999999999844e-04,-1.561251128379126e-17
11100,26,5.999999999999999e-04,5.999999999999722e-04,2.775557561562891e-17
11100,27,5.000000000000000e-04,5.000000000000172e-04,-1.723881454251952e-17
11100,28,-4.000000000000000e-04,-4.000000000000032e-04,3.198396408832238e-18
11100,29,3.000000000000000e-04,2.999999999999943e-04,5.637851296924623e-18
11200,0,1.200000000000000e-01,1.199999999999998e-01,1.526556658859590e-16
11200,1,-8.000000000000000e-02,-7.999999999999985e-02,-1.526556658859590e-16
11200,2,5.500000000000000e-02,5.499999999999988e-02,1.179611963664229e-16
11200,3,4.000000000000000e-02,4.000000000000001e-02,-1.387778780781446e-17
11200,4,-3.000000000000000e-02,-3.000000000000000e-02,3.469446951953614e-18
11200,5,2.500000000000000e-02,2.500000000000002e-02,-1.387778780781446e-17
11200,6,2.000000000000000e-02,1.999999999999999e-02,1.387778780781446e-17
11200,7,-1.800000000000000e-02,-1.800000000000000e-02,-3.469446951953614e-18
11200,8,1.500000000000000e-02,1.500000000000001e-02,-6.938893903907228e-18
11200,9,1.200000000000000e-02,1.200000000000000e-02,-3.469446951953614e-18
11200,10,-1.000000000000000e-02,-1.000000000000001e-02,8.673617379884035e-18
11200,11,8.999999999999999e-03,9.000000000000005e-03,-5.204170427930421e-18
11200,12,8.000000000000000e-03,7.999999999999995e-03,5.204170427930421e-18
11200,13,-7.000000000000000e-03,-6.999999999999988e-03,-1.214306433183765e-17
11200,14,6.000000000000000e-03,6.000000000000002e-03,-1.734723475976807e-18
11200,15,5.000000000000000e-03,4.999999999999984e-03,1.561251128379126e-17
11200,16,-4.000000000000000e-03,-3.999999999999984e-03,-1.561251128379126e-17
11200,17,3.500000000000000e-03,3.499999999999989e-03,1.084202172485504e-17
11200,18,3.000000000000000e-03,3.000000000000000e-03,0.000000000000000e+00
11200,19,-2.500000000000000e-03,-2.500000000000000e-03,4.336808689942018e-19
11200,20,2.000000000000000e-03,2.000000000000007e-03,-6.505213034913027e-18
11200,21,1.800000000000000e-03,1.799999999999994e-03,5.637851296924623e-18
11200,22,-1.500000000000000e-03,-1.500000000000004e-03,4.119968255444917e-18
11200,23,1.200000000000000e-03,1.199999999999994e-03,5.854691731421724e-18
11200,24,1.000000000000000e-03,9.999999999999937e-04,6.288372600415926e-18
11200,25,-8.000000000000000e-04,-7.999999999999844e-04,-1.561251128379126e-17
11200,26,5.999999999999999e-04,5.999999999999744e-04,2.558717127065790e-17
11200,27,5.000000000000000e-04,5.000000000000206e-04,-2.059984127722458e-17
11200,28,-4.000000000000000e-04,-4.000000000000227e-04,2.271403551357132e-17
11200,29,3.000000000000000e-04,3.000000000000188e-04,-1.881090769262350e-17
11300,0,1.200000000000000e-01,1.199999999999998e-01,1.526556658859590e-16
11300,1,-8.000000000000000e-02,-7.999999999999985e-02,-1.526556658859590e-16
11300,2,5.500000000000000e-02,5.499999999999988e-02,1.179611963664229e-16
11300,3,4.000000000000000e-02,4.000000000000001e-02,-1.387778780781446e-17
11300,4,-3.000000000000000e-02,-3.000000000000001e-02,1.387778780781446e-17
11300,5,2.500000000000000e-02,2.500000000000002e-02,-2.081668171172169e-17
11300,6,2.000000000000000e-02,1.999999999999998e-02,2.081668171172169e-17
11300,7,-1.800000000000000e-02,-1.800000000000000e-02,0.000000000000000e+00
11300,8,1.500000000000000e-02,1.500000000000002e-02,-1.734723475976807e-17
11300,9,1.200000000000000e-02,1.199999999999999e-02,8.673617379884035e-18
11300,10,-1.000000000000000e-02,-1.000000000000001e-02,8.673617379884035e-18
11300,11,8.999999999999999e-03,9.000000000000011e-03,-1.214306433183765e-17
11300,12,8.000000000000000e-03,7.999999999999995e-03,5.204170427930421e-18
11300,13,-7.000000000000000e-03,-6.999999999999991e-03,-9.540979117872439e-18
11300,14,6.000000000000000e-03,6.000000000000000e-03,0.000000000000000e+00
11300,15,5.000000000000000e-03,4.999999999999994e-03,6.071532165918825e-18
11300,16,-4.000000000000000e-03,-4.000000000000002e-03,1.734723475976807e-18
11300,17,3.500000000000000e-03,3.499999999999998e-03,1.734723475976807e-18
11300,18,3.000000000000000e-03,2.999999999999999e-03,8.673617379884035e-19
11300,19,-2.500000000000000e-03,-2.500000000000006e-03,5.637851296924623e-18
11300,20,2.000000000000000e-03,2.000000000000012e-03,-1.170938346284345e-17
11300,21,1.800000000000000e-03,1.799999999999996e-03,3.903127820947816e-18
11300,22,-1.500000000000000e-03,-1.500000000000011e-03,1.084202172485504e-17
11300,23,1.200000000000000e-03,1.199999999999995e-03,5.204170427930421e-18
11300,24,1.000000000000000e-03,9.999999999999939e-04,6.071532165918825e-18
11300,25,-8.000000000000000e-04,-7.999999999999833e-04,-1.669671345627677e-17
11300,26,5.999999999999999e-04,5.999999999999782e-04,2.179246366695864e-17
11300,27,5.000000000000000e-04,5.000000000000186e-04,-1.853985714950213e-17
11300,28,-4.000000000000000e-04,-4.000000000000187e-04,1.870248747537495e-17
11300,29,3.000000000000000e-04,3.000000000000226e-04,-2.260561529632277e-17
11400,0,1.200000000000000e-01,1.199999999999998e-01,1.526556658859590e-16
11400,1,-8.000000000000000e-02,-7.999999999999985e-02,-1.526556658859590e-16
11400,2,5.500000000000000e-02,5.499999999999988e-02,1.179611963664229e-16
11400,3,4.000000000000000e-02,4.000000000000001e-02,-1.387778780781446e-17
11400,4,-3.000000000000000e-02,-3.000000000000000e-02,3.469446951953614e-18
11400,5,2.500000000000000e-02,2.500000000000001e-02,-6.938893903907228e-18
11400,6,2.000000000000000e-02,1.999999999999999e-02,1.387778780781446e-17
11400,7,-1.800000000000000e-02,-1.800000000000001e-02,1.040834085586084e-17
11400,8,1.500000000000000e-02,1.500000000000002e-02,-2.255140518769849e-17
11400,9,1.200000000000000e-02,1.199999999999999e-02,1.387778780781446e-17
11400,10,-1.000000000000000e-02,-1.000000000000000e-02,1.734723475976807e-18
11400,11,8.999999999999999e-03,9.000000000000011e-03,-1.214306433183765e-17
11400,12,8.000000000000000e-03,7.999999999999995e-03,5.204170427930421e-18
11400,13,-7.000000000000000e-03,-6.999999999999985e-03,-1.561251128379126e-17
11400,14,6.000000000000000e-03,5.999999999999991e-03,9.540979117872439e-18
11400,15,5.000000000000000e-03,5.000000000000002e-03,-1.734723475976807e-18
11400,16,-4.000000000000000e-03,-4.000000000000005e-03,5.204170427930421e-18
11400,17,3.500000000000000e-03,3.499999999999998e-03,1.734723475976807e-18
11400,18,3.000000000000000e-03,2.999999999999999e-03,8.673617379884035e-19
11400,19,-2.500000000000000e-03,-2.500000000000002e-03,1.734723475976807e-18
11400,20,2.000000000000000e-03,2.000000000000012e-03,-1.170938346284345e-17
11400,21,1.800000000000000e-03,1.799999999999988e-03,1.235990476633475e-17
11400,22,-1.500000000000000e-03,-1.500000000000000e-03,-2.168404344971009e-19
11400,23,1.200000000000000e-03,1.199999999999995e-03,4.770489558936220e-18
11400,24,1.000000000000000e-03,9.999999999999883e-04,1.170938346284345e-17
11400,25,-8.000000000000000e-04,-7.999999999999831e-04,-1.691355389077387e-17
11400,26,5.999999999999999e-04,5.999999999999822e-04,1.778091562876227e-17
11400,27,5.000000000000000e-04,5.000000000000127e-04,-1.268516541808040e-17
11400,28,-4.000000000000000e-04,-4.000000000000290e-04,2.894819800536297e-17
11400,29,3.000000000000000e-04,3.000000000000271e-04,-2.710505431213761e-17
11500,0,1.200000000000000e-01,1.199999999999998e-01,1.526556658859590e-16
11500,1,-8.000000000000000e-02,-7.999999999999985e-02,-1.526556658859590e-16
11500,2,5.500000000000000e-02,5.499999999999988e-02,1.179611963664229e-16
11500,3,4.000000000000000e-02,4.000000000000001e-02,-1.387778780781446e-17
11500,4,-3.000000000000000e-02,-3.000000000000000e-02,3.469446951953614e-18
11500,5,2.500000000000000e-02,2.500000000000001e-02,-1.040834085586084e-17
11500,6,2.000000000000000e-02,1.999999999999999e-02,6.938893903907228e-18
11500,7,-1.800000000000000e-02,-1.800000000000002e-02,1.734723475976807e-17
11500,8,1.500000000000000e-02,1.500000000000003e-02,-2.602085213965211e-17
11500,9,1.200000000000000e-02,1.199999999999999e-02,6.938893903907228e-18
11500,10,-1.000000000000000e-02,-9.999999999999997e-03,-3.469446951953614e-18
11500,11,8.999999999999999e-03,8.999999999999999e-03,0.000000000000000e+00
11500,12,8.000000000000000e-03,8.000000000000002e-03,-1.734723475976807e-18
11500,13,-7.000000000000000e-03,-6.999999999999985e-03,-1.474514954580286e-17
11500,14,6.000000000000000e-03,5.999999999999988e-03,1.214306433183765e-17
11500,15,5.000000000000000e-03,4.999999999999994e-03,6.071532165918825e-18
11500,16,-4.000000000000000e-03,-3.999999999999997e-03,-3.469446951953614e-18
11500,17,3.500000000000000e-03,3.499999999999989e-03,1.127570259384925e-17
11500,18,3.000000000000000e-03,3.000000000000025e-03,-2.515349040166370e-17
11500,19,-2.500000000000000e-03,-2.500000000000021e-03,2.081668171172169e-17
11500,20,2.000000000000000e-03,2.000000000000016e-03,-1.561251128379126e-17
11500,21,1.800000000000000e-03,1.799999999999998e-03,1.951563910473908e-18
11500,22,-1.500000000000000e-03,-1.500000000000000e-03,4.336808689942018e-19
11500,23,1.200000000000000e-03,1.199999999999992e-03,8.023096076392733e-18
11500,24,1.000000000000000e-03,9.999999999999931e-04,6.938893903907228e-18
11500,25,-8.000000000000000e-04,-7.999999999999840e-04,-1.604619215278547e-17
11500,26,5.999999999999999e-04,5.999999999999836e-04,1.637145280453112e-17
11500,27,5.000000000000000e-04,5.000000000000167e-04,-1.669671345627677e-17
11500,28,-4.000000000000000e-04,-4.000000000000274e-04,2.743031496388326e-17
11500,29,3.000000000000000e-04,3.000000000000323e-04,-3.230922474006803e-17
11600,0,1.200000000000000e-01,1.199999999999998e-01,1.526556658859590e-16
11600,1,-8.000000000000000e-02,-7.999999999999985e-02,-1.526556658859590e-16
11600,2,5.500000000000000e-02,5.499999999999990e-02,9.714451465470120e-17
11600,3,4.000000000000000e-02,4.000000000000001e-02,-1.387778780781446e-17
11600,4,-3.000000000000000e-02,-3.000000000000000e-02,3.469446951953614e-18
11600,5,2.500000000000000e-02,2.500000000000000e-02,-3.469446951953614e-18
11600,6,2.000000000000000e-02,2.000000000000000e-02,0.000000000000000e+00
11600,7,-1.800000000000000e-02,-1.800000000000001e-02,1.387778780781446e-17
11600,8,1.500000000000000e-02,1.500000000000002e-02,-2.255140518769849e-17
11600,9,1.200000000000000e-02,1.200000000000000e-02,3.469446951953614e-18
11600,10,-1.000000000000000e-02,-1.000000000000000e-02,0.000000000000000e+00
11600,11,8.999999999999999e-03,8.999999999999999e-03,0.000000000000000e+00
11600,12,8.000000000000000e-03,8.000000000000000e-03,0.000000000000000e+00
11600,13,-7.000000000000000e-03,-6.999999999999988e-03,-1.214306433183765e-17
11600,14,6.000000000000000e-03,5.999999999999985e-03,1.561251128379126e-17
11600,15,5.000000000000000e-03,5.000000000000006e-03,-6.071532165918825e-18
11600,16,-4.000000000000000e-03,-4.000000000000004e-03,3.469446951953614e-18
11600,17,3.500000000000000e-03,3.499999999999990e-03,1.040834085586084e-17
11600,18,3.000000000000000e-03,3.000000000000023e-03,-2.298508605669269e-17
11600,19,-2.500000000000000e-03,-2.500000000000015e-03,1.517883041479706e-17
11600,20,2.000000000000000e-03,2.000000000000008e-03,-7.806255641895632e-18
11600,21,1.800000000000000e-03,1.799999999999996e-03,3.469446951953614e-18
11600,22,-1.500000000000000e-03,-1.499999999999990e-03,-1.019150042136374e-17
11600,23,1.200000000000000e-03,1.199999999999989e-03,1.062518129035794e-17
11600,24,1.000000000000000e-03,9.999999999999911e-04,8.890457814381136e-18
11600,25,-8.000000000000000e-04,-7.999999999999850e-04,-1.507041019754851e-17
11600,26,5.999999999999999e-04,5.999999999999928e-04,7.155734338404329e-18
11600,27,5.000000000000000e-04,5.000000000000098e-04,-9.757819552369540e-18
11600,28,-4.000000000000000e-04,-4.000000000000174e-04,1.740144486839235e-17
11600,29,3.000000000000000e-04,3.000000000000333e-04,-3.328500669530499e-17
11700,0,1.200000000000000e-01,1.199999999999998e-01,1.526556658859590e-16
11700,1,-8.000000000000000e-02,-7.999999999999985e-02,-1.526556658859590e-16
11700,2,5.500000000000000e-02,5.499999999999990e-02,9.714451465470120e-17
11700,3,4.000000000000000e-02,4.000000000000001e-02,-1.387778780781446e-17
11700,4,-3.000000000000000e-02,-3.000000000000000e-02,0.000000000000000e+00
11700,5,2.500000000000000e-02,2.500000000000000e-02,-3.469446951953614e-18
11700,6,2.000000000000000e-02,2.000000000000000e-02,0.000000000000000e+00
11700,7,-1.800000000000000e-02,-1.800000000000002e-02,2.081668171172169e-17
11700,8,1.500000000000000e-02,1.500000000000002e-02,-1.908195823574488e-17
11700,9,1.200000000000000e-02,1.200000000000000e-02,0.000000000000000e+00
11700,10,-1.000000000000000e-02,-1.000000000000000e-02,1.734723475976807e-18
11700,11,8.999999999999999e-03,9.000000000000001e-03,-1.734723475976807e-18
11700,12,8.000000000000000e-03,7.999999999999995e-03,5.204170427930421e-18
11700,13,-7.000000000000000e-03,-6.999999999999985e-03,-1.474514954580286e-17
11700,14,6.000000000000000e-03,5.999999999999989e-03,1.127570259384925e-17
11700,15,5.000000000000000e-03,5.000000000000001e-03,-8.673617379884035e-19
11700,16,-4.000000000000000e-03,-4.000000000000002e-03,1.734723475976807e-18
11700,17,3.500000000000000e-03,3.499999999999992e-03,7.806255641895632e-18
11700,18,3.000000000000000e-03,3.000000000000019e-03,-1.864827736675068e-17
11700,19,-2.500000000000000e-03,-2.500000000000010e-03,9.974659986866641e-18
11700,20,2.000000000000000e-03,2.000000000000004e-03,-3.903127820947816e-18
11700,21,1.800000000000000e-03,1.800000000000002e-03,-1.734723475976807e-18
11700,22,-1.500000000000000e-03,-1.499999999999988e-03,-1.170938346284345e-17
11700,23,1.200000000000000e-03,1.199999999999985e-03,1.517883041479706e-17
11700,24,1.000000000000000e-03,9.999999999999939e-04,6.071532165918825e-18
11700,25,-8.000000000000000e-04,-7.999999999999827e-04,-1.734723475976807e-17
11700,26,5.999999999999999e-04,5.999999999999861e-04,1.387778780781446e-17
11700,27,5.000000000000000e-04,5.000000000000066e-04,-6.613633252161577e-18
11700,28,-4.000000000000000e-04,-4.000000000000155e-04,1.544988095791844e-17
11700,29,3.000000000000000e-04,3.000000000000277e-04,-2.775557561562891e-17
11800,0,1.200000000000000e-01,1.199999999999998e-01,1.526556658859590e-16
11800,1,-8.000000000000000e-02,-7.999999999999985e-02,-1.526556658859590e-16
11800,2,5.500000000000000e-02,5.499999999999990e-02,9.714451465470120e-17
11800,3,4.000000000000000e-02,4.000000000000001e-02,-1.387778780781446e-17
11800,4,-3.000000000000000e-02,-3.000000000000000e-02,-3.469446951953614e-18
11800,5,2.500000000000000e-02,2.500000000000000e-02,-3.469446951953614e-18
11800,6,2.000000000000000e-02,2.000000000000000e-02,3.469446951953614e-18
11800,7,-1.800000000000000e-02,-1.800000000000002e-02,2.428612866367530e-17
11800,8,1.500000000000000e-02,1.500000000000001e-02,-1.387778780781446e-17
11800,9,1.200000000000000e-02,1.200000000000000e-02,5.204170427930421e-18
11800,10,-1.000000000000000e-02,-1.000000000000001e-02,6.938893903907228e-18
11800,11,8.999999999999999e-03,8.999999999999999e-03,0.000000000000000e+00
11800,12,8.000000000000000e-03,8.000000000000004e-03,-3.469446951953614e-18
11800,13,-7.000000000000000e-03,-7.000000000000004e-03,4.336808689942018e-18
11800,14,6.000000000000000e-03,5.999999999999992e-03,7.806255641895632e-18
11800,15,5.000000000000000e-03,5.000000000000010e-03,-9.540979117872439e-18
11800,16,-4.000000000000000e-03,-4.000000000000017e-03,1.734723475976807e-17
11800,17,3.500000000000000e-03,3.499999999999999e-03,8.673617379884035e-19
11800,18,3.000000000000000e-03,3.000000000000014e-03,-1.344410693882025e-17
11800,19,-2.500000000000000e-03,-2.500000000000011e-03,1.127570259384925e-17
11800,20,2.000000000000000e-03,2.000000000000007e-03,-6.505213034913027e-18
11800,21,1.800000000000000e-03,1.799999999999999e-03,6.505213034913027e-19
11800,22,-1.500000000000000e-03,-1.499999999999989e-03,-1.084202172485504e-17
11800,23,1.200000000000000e-03,1.199999999999994e-03,6.071532165918825e-18
11800,24,1.000000000000000e-03,9.999999999999935e-04,6.505213034913027e-18
11800,25,-8.000000000000000e-04,-7.999999999999836e-04,-1.647987302177967e-17
11800,26,5.999999999999999e-04,5.999999999999868e-04,1.311884628707460e-17
11800,27,5.000000000000000e-04,5.000000000000067e-04,-6.722053469410127e-18
11800,28,-4.000000000000000e-04,-4.000000000000124e-04,1.235990476633475e-17
11800,29,3.000000000000000e-04,3.000000000000287e-04,-2.867714746224159e-17
11900,0,1.200000000000000e-01,1.199999999999998e-01,1.526556658859590e-16
11900,1,-8.000000000000000e-02,-7.999999999999985e-02,-1.526556658859590e-16
11900,2,5.500000000000000e-02,5.499999999999990e-02,9.714451465470120e-17
11900,3,4.000000000000000e-02,4.000000000000001e-02,-1.387778780781446e-17
11900,4,-3.000000000000000e-02,-3.000000000000000e-02,0.000000000000000e+00
11900,5,2.500000000000000e-02,2.500000000000001e-02,-6.938893903907228e-18
11900,6,2.000000000000000e-02,1.999999999999999e-02,1.387778780781446e-17
11900,7,-1.800000000000000e-02,-1.800000000000002e-02,2.081668171172169e-17
11900,8,1.500000000000000e-02,1.500000000000001e-02,-1.387778780781446e-17
11900,9,1.200000000000000e-02,1.200000000000000e-02,-1.734723475976807e-18
11900,10,-1.000000000000000e-02,-1.000000000000001e-02,6.938893903907228e-18
11900,11,8.999999999999999e-03,9.000000000000006e-03,-6.938893903907228e-18
11900,12,8.000000000000000e-03,7.999999999999993e-03,6.938893903907228e-18
11900,13,-7.000000000000000e-03,-6.999999999999998e-03,-2.602085213965211e-18
11900,14,6.000000000000000e-03,5.999999999999990e-03,1.040834085586084e-17
11900,15,5.000000000000000e-03,5.000000000000015e-03,-1.474514954580286e-17
11900,16,-4.000000000000000e-03,-4.000000000000023e-03,2.255140518769849e-17
11900,17,3.500000000000000e-03,3.500000000000004e-03,-3.469446951953614e-18
11900,18,3.000000000000000e-03,3.000000000000010e-03,-9.974659986866641e-18
11900,19,-2.500000000000000e-03,-2.500000000000006e-03,6.071532165918825e-18
11900,20,2.000000000000000e-03,2.000000000000004e-03,-3.903127820947816e-18
11900,21,1.800000000000000e-03,1.800000000000002e-03,-2.385244779468110e-18
11900,22,-1.500000000000000e-03,-1.499999999999991e-03,-8.890457814381136e-18
11900,23,1.200000000000000e-03,1.199999999999984e-03,1.604619215278547e-17
11900,24,1.000000000000000e-03,1.000000000000011e-03,-1.062518129035794e-17
11900,25,-8.000000000000000e-04,-7.999999999999983e-04,-1.734723475976807e-18
11900,26,5.999999999999999e-04,5.999999999999984e-04,1.517883041479706e-18
11900,27,5.000000000000000e-04,4.999999999999959e-04,4.119968255444917e-18
11900,28,-4.000000000000000e-04,-4.000000000000095e-04,9.486769009248164e-18
11900,29,3.000000000000000e-04,3.000000000000277e-04,-2.775557561562891e-17
12000,0,1.200000000000000e-01,1.199999999999998e-01,1.526556658859590e-16
12000,1,-8.000000000000000e-02,-7.999999999999985e-02,-1.526556658859590e-16
12000,2,5.500000000000000e-02,5.499999999999990e-02,9.714451465470120e-17
12000,3,4.000000000000000e-02,4.000000000000001e-02,-1.387778780781446e-17
12000,4,-3.000000000000000e-02,-2.999999999999998e-02,-2.081668171172169e-17
12000,5,2.500000000000000e-02,2.500000000000001e-02,-6.938893903907228e-18
12000,6,2.000000000000000e-02,1.999999999999999e-02,1.040834085586084e-17
12000,7,-1.800000000000000e-02,-1.800000000000002e-02,1.734723475976807e-17
12000,8,1.500000000000000e-02,1.500000000000001e-02,-6.938893903907228e-18
12000,9,1.200000000000000e-02,1.200000000000001e-02,-6.938893903907228e-18
12000,10,-1.000000000000000e-02,-1.000000000000000e-02,3.469446951953614e-18
12000,11,8.999999999999999e-03,9.000000000000008e-03,-8.673617379884035e-18
12000,12,8.000000000000000e-03,7.999999999999988e-03,1.214306433183765e-17
12000,13,-7.000000000000000e-03,-6.999999999999998e-03,-1.734723475976807e-18
12000,14,6.000000000000000e-03,5.999999999999992e-03,7.806255641895632e-18
12000,15,5.000000000000000e-03,5.000000000000011e-03,-1.040834085586084e-17
12000,16,-4.000000000000000e-03,-4.000000000000020e-03,1.994931997373328e-17
12000,17,3.500000000000000e-03,3.500000000000006e-03,-6.071532165918825e-18
12000,18,3.000000000000000e-03,3.000000000000014e-03,-1.387778780781446e-17
12000,19,-2.500000000000000e-03,-2.500000000000012e-03,1.214306433183765e-17
12000,20,2.000000000000000e-03,2.000000000000004e-03,-3.469446951953614e-18
12000,21,1.800000000000000e-03,1.800000000000005e-03,-5.204170427930421e-18
12000,22,-1.500000000000000e-03,-1.499999999999990e-03,-1.040834085586084e-17
12000,23,1.200000000000000e-03,1.199999999999981e-03,1.864827736675068e-17
12000,24,1.000000000000000e-03,1.000000000000016e-03,-1.626303258728257e-17
12000,25,-8.000000000000000e-04,-7.999999999999979e-04,-2.168404344971009e-18
12000,26,5.999999999999999e-04,5.999999999999992e-04,7.589415207398531e-19
12000,27,5.000000000000000e-04,4.999999999999969e-04,3.144186300207963e-18
12000,28,-4.000000000000000e-04,-4.000000000000028e-04,2.764715539838036e-18
12000,29,3.000000000000000e-04,3.000000000000238e-04,-2.385244779468110e-17
12100,0,1.200000000000000e-01,1.199999999999998e-01,1.526556658859590e-16
12100,1,-8.000000000000000e-02,-7.999999999999985e-02,-1.526556658859590e-16
12100,2,5.500000000000000e-02,5.499999999999990e-02,9.714451465470120e-17
12100,3,4.000000000000000e-02,4.000000000000001e-02,-1.387778780781446e-17
12100,4,-3.000000000000000e-02,-2.999999999999999e-02,-6.938893903907228e-18
12100,5,2.500000000000000e-02,2.500000000000002e-02,-1.387778780781446e-17
12100,6,2.000000000000000e-02,1.999999999999998e-02,1.734723475976807e-17
12100,7,-1.800000000000000e-02,-1.800000000000001e-02,1.387778780781446e-17
12100,8,1.500000000000000e-02,1.500000000000000e-02,-3.469446951953614e-18
12100,9,1.200000000000000e-02,1.200000000000002e-02,-1.734723475976807e-17
12100,10,-1.000000000000000e-02,-1.000000000000000e-02,3.469446951953614e-18
12100,11,8.999999999999999e-03,8.999999999999998e-03,1.734723475976807e-18
12100,12,8.000000000000000e-03,7.999999999999997e-03,3.469446951953614e-18
12100,13,-7.000000000000000e-03,-7.000000000000001e-03,8.673617379884035e-19
12100,14,6.000000000000000e-03,5.999999999999995e-03,5.204170427930421e-18
12100,15,5.000000000000000e-03,5.000000000000004e-03,-3.469446951953614e-18
12100,16,-4.000000000000000e-03,-4.000000000000016e-03,1.561251128379126e-17
12100,17,3.500000000000000e-03,3.499999999999996e-03,4.336808689942018e-18
12100,18,3.000000000000000e-03,3.000000000000018e-03,-1.821459649775647e-17
12100,19,-2.500000000000000e-03,-2.500000000000021e-03,2.081668171172169e-17
12100,20,2.000000000000000e-03,2.000000000000002e-03,-1.734723475976807e-18
12100,21,1.800000000000000e-03,1.800000000000004e-03,-3.903127820947816e-18
12100,22,-1.500000000000000e-03,-1.499999999999994e-03,-5.637851296924623e-18
12100,23,1.200000000000000e-03,1.199999999999980e-03,2.038300084272748e-17
12100,24,1.000000000000000e-03,1.000000000000018e-03,-1.756407519426517e-17
12100,25,-8.000000000000000e-04,-8.000000000000065e-04,6.505213034913027e-18
12100,26,5.999999999999999e-04,5.999999999999989e-04,1.084202172485504e-18
12100,27,5.000000000000000e-04,4.999999999999955e-04,4.553649124439119e-18
12100,28,-4.000000000000000e-04,-4.000000000000049e-04,4.878909776184770e-18
12100,29,3.000000000000000e-04,3.000000000000221e-04,-2.211772431870429e-17
12200,0,1.200000000000000e-01,1.199999999999998e-01,1.526556658859590e-16
12200,1,-8.000000000000000e-02,-7.999999999999985e-02,-1.526556658859590e-16
12200,2,5.500000000000000e-02,5.499999999999990e-02,9.714451465470120e-17
12200,3,4.000000000000000e-02,4.000000000000001e-02,-1.387778780781446e-17
12200,4,-3.000000000000000e-02,-3.000000000000000e-02,0.000000000000000e+00
12200,5,2.500000000000000e-02,2.500000000000002e-02,-1.387778780781446e-17
12200,6,2.000000000000000e-02,1.999999999999999e-02,1.387778780781446e-17
12200,7,-1.800000000000000e-02,-1.800000000000002e-02,1.734723475976807e-17
12200,8,1.500000000000000e-02,1.500000000000000e-02,1.734723475976807e-18
12200,9,1.200000000000000e-02,1.200000000000001e-02,-1.387778780781446e-17
12200,10,-1.000000000000000e-02,-9.999999999999995e-03,-5.204170427930421e-18
12200,11,8.999999999999999e-03,9.000000000000001e-03,-1.734723475976807e-18
12200,12,8.000000000000000e-03,7.999999999999993e-03,6.938893903907228e-18
12200,13,-7.000000000000000e-03,-6.999999999999999e-03,-8.673617379884035e-19
12200,14,6.000000000000000e-03,5.999999999999988e-03,1.214306433183765e-17
12200,15,5.000000000000000e-03,5.000000000000004e-03,-3.469446951953614e-18
12200,16,-4.000000000000000e-03,-4.000000000000013e-03,1.301042606982605e-17
12200,17,3.500000000000000e-03,3.499999999999992e-03,7.806255641895632e-18
12200,18,3.000000000000000e-03,3.000000000000020e-03,-2.038300084272748e-17
12200,19,-2.500000000000000e-03,-2.500000000000023e-03,2.298508605669269e-17
12200,20,2.000000000000000e-03,2.000000000000013e-03,-1.301042606982605e-17
12200,21,1.800000000000000e-03,1.799999999999995e-03,4.987329993433320e-18
12200,22,-1.500000000000000e-03,-1.499999999999992e-03,-8.239936510889834e-18
12200,23,1.200000000000000e-03,1.199999999999984e-03,1.604619215278547e-17
12200,24,1.000000000000000e-03,1.000000000000012e-03,-1.192622389734055e-17
12200,25,-8.000000000000000e-04,-8.000000000000075e-04,7.480994990149981e-18
12200,26,5.999999999999999e-04,6.000000000000076e-04,-7.697835424647081e-18
12200,27,5.000000000000000e-04,4.999999999999904e-04,9.649399335120989e-18
12200,28,-4.000000000000000e-04,-3.999999999999968e-04,-3.252606517456513e-18
12200,29,3.000000000000000e-04,3.000000000000082e-04,-8.239936510889834e-18
12300,0,1.200000000000000e-01,1.199999999999998e-01,1.526556658859590e-16
12300,1,-8.000000000000000e-02,-7.999999999999985e-02,-1.526556658859590e-16
12300,2,5.500000000000000e-02,5.499999999999990e-02,9.714451465470120e-17
12300,3,4.000000000000000e-02,4.000000000000001e-02,-1.387778780781446e-17
12300,4,-3.000000000000000e-02,-3.000000000000001e-02,1.040834085586084e-17
12300,5,2.500000000000000e-02,2.500000000000002e-02,-1.734723475976807e-17
12300,6,2.000000000000000e-02,1.999999999999999e-02,6.938893903907228e-18
12300,7,-1.800000000000000e-02,-1.800000000000001e-02,1.040834085586084e-17
12300,8,1.500000000000000e-02,1.499999999999999e-02,5.204170427930421e-18
12300,9,1.200000000000000e-02,1.200000000000002e-02,-2.255140518769849e-17
12300,10,-1.000000000000000e-02,-1.000000000000001e-02,6.938893903907228e-18
12300,11,8.999999999999999e-03,9.000000000000011e-03,-1.214306433183765e-17
12300,12,8.000000000000000e-03,7.999999999999991e-03,8.673617379884035e-18
12300,13,-7.000000000000000e-03,-7.000000000000000e-03,0.000000000000000e+00
12300,14,6.000000000000000e-03,5.999999999999998e-03,1.734723475976807e-18
12300,15,5.000000000000000e-03,4.999999999999998e-03,1.734723475976807e-18
12300,16,-4.000000000000000e-03,-4.000000000000009e-03,8.673617379884035e-18
12300,17,3.500000000000000e-03,3.500000000000002e-03,-2.168404344971009e-18
12300,18,3.000000000000000e-03,3.000000000000008e-03,-8.239936510889834e-18
12300,19,-2.500000000000000e-03,-2.500000000000011e-03,1.127570259384925e-17
12300,20,2.000000000000000e-03,2.000000000000000e-03,0.000000000000000e+00
12300,21,1.800000000000000e-03,1.800000000000005e-03,-5.204170427930421e-18
12300,22,-1.500000000000000e-03,-1.500000000000008e-03,8.023096076392733e-18
12300,23,1.200000000000000e-03,1.199999999999996e-03,4.336808689942018e-18
12300,24,1.000000000000000e-03,1.000000000000004e-03,-4.119968255444917e-18
12300,25,-8.000000000000000e-04,-8.000000000000014e-04,1.409462824231156e-18
12300,26,5.999999999999999e-04,6.000000000000063e-04,-6.396792817664476e-18
12300,27,5.000000000000000e-04,4.999999999999926e-04,7.372574772901430e-18
12300,28,-4.000000000000000e-04,-3.999999999999975e-04,-2.493664996716660e-18
12300,29,3.000000000000000e-04,3.000000000000128e-04,-1.279358563532895e-17
12400,0,1.200000000000000e-01,1.199999999999998e-01,1.526556658859590e-16
12400,1,-8.000000000000000e-02,-7.999999999999985e-02,-1.526556658859590e-16
12400,2,5.500000000000000e-02,5.499999999999990e-02,9.714451465470120e-17
12400,3,4.000000000000000e-02,4.000000000000001e-02,-1.387778780781446e-17
12400,4,-3.000000000000000e-02,-2.999999999999999e-02,-1.040834085586084e-17
12400,5,2.500000000000000e-02,2.500000000000000e-02,3.469446951953614e-18
12400,6,2.000000000000000e-02,2.000000000000000e-02,-3.469446951953614e-18
12400,7,-1.800000000000000e-02,-1.800000000000001e-02,6.938893903907228e-18
12400,8,1.500000000000000e-02,1.500000000000000e-02,3.469446951953614e-18
12400,9,1.200000000000000e-02,1.200000000000002e-02,-2.081668171172169e-17
12400,10,-1.000000000000000e-02,-1.000000000000001e-02,5.204170427930421e-18
12400,11,8.999999999999999e-03,9.000000000000013e-03,-1.387778780781446e-17
12400,12,8.000000000000000e-03,7.999999999999983e-03,1.734723475976807e-17
12400,13,-7.000000000000000e-03,-6.999999999999992e-03,-7.806255641895632e-18
12400,14,6.000000000000000e-03,5.999999999999997e-03,3.469446951953614e-18
12400,15,5.000000000000000e-03,5.000000000000003e-03,-2.602085213965211e-18
12400,16,-4.000000000000000e-03,-3.999999999999999e-03,-8.673617379884035e-19
12400,17,3.500000000000000e-03,3.499999999999997e-03,3.469446951953614e-18
12400,18,3.000000000000000e-03,3.000000000000007e-03,-7.372574772901430e-18
12400,19,-2.500000000000000e-03,-2.500000000000014e-03,1.387778780781446e-17
12400,20,2.000000000000000e-03,2.000000000000001e-03,-8.673617379884035e-19
12400,21,1.800000000000000e-03,1.800000000000002e-03,-2.385244779468110e-18
12400,22,-1.500000000000000e-03,-1.500000000000003e-03,2.818925648462312e-18
12400,23,1.200000000000000e-03,1.199999999999994e-03,5.854691731421724e-18
12400,24,1.000000000000000e-03,1.000000000000007e-03,-6.505213034913027e-18
12400,25,-8.000000000000000e-04,-8.000000000000068e-04,6.722053469410127e-18
12400,26,5.999999999999999e-04,6.000000000000102e-04,-1.029992063861229e-17
12400,27,5.000000000000000e-04,4.999999999999855e-04,1.452830911130576e-17
12400,28,-4.000000000000000e-04,-3.999999999999911e-04,-8.944667923005412e-18
12400,29,3.000000000000000e-04,3.000000000000017e-04,-1.734723475976807e-18
12500,0,1.200000000000000e-01,1.199999999999998e-01,1.526556658859590e-16
12500,1,-8.000000000000000e-02,-7.999999999999985e-02,-1.526556658859590e-16
12500,2,5.500000000000000e-02,5.499999999999991e-02,9.020562075079397e-17
12500,3,4.000000000000000e-02,4.000000000000001e-02,-1.387778780781446e-17
12500,4,-3.000000000000000e-02,-3.000000000000000e-02,0.000000000000000e+00
12500,5,2.500000000000000e-02,2.499999999999999e-02,6.938893903907228e-18
12500,6,2.000000000000000e-02,2.000000000000001e-02,-6.938893903907228e-18
12500,7,-1.800000000000000e-02,-1.800000000000002e-02,2.081668171172169e-17
12500,8,1.500000000000000e-02,1.500000000000001e-02,-8.673617379884035e-18
12500,9,1.200000000000000e-02,1.200000000000001e-02,-1.387778780781446e-17
12500,10,-1.000000000000000e-02,-1.000000000000001e-02,5.204170427930421e-18
12500,11,8.999999999999999e-03,9.000000000000010e-03,-1.040834085586084e-17
12500,12,8.000000000000000e-03,7.999999999999995e-03,5.204170427930421e-18
12500,13,-7.000000000000000e-03,-6.999999999999996e-03,-4.336808689942018e-18
12500,14,6.000000000000000e-03,6.000000000000010e-03,-9.540979117872439e-18
12500,15,5.000000000000000e-03,4.999999999999999e-03,8.673617379884035e-19
12500,16,-4.000000000000000e-03,-4.000000000000010e-03,1.040834085586084e-17
12500,17,3.500000000000000e-03,3.500000000000004e-03,-3.903127820947816e-18
12500,18,3.000000000000000e-03,3.000000000000004e-03,-3.903127820947816e-18
12500,19,-2.500000000000000e-03,-2.500000000000009e-03,9.107298248878237e-18
12500,20,2.000000000000000e-03,2.000000000000002e-03,-2.168404344971009e-18
12500,21,1.800000000000000e-03,1.800000000000004e-03,-4.336808689942018e-18
12500,22,-1.500000000000000e-03,-1.500000000000008e-03,7.806255641895632e-18
12500,23,1.200000000000000e-03,1.199999999999993e-03,7.372574772901430e-18
12500,24,1.000000000000000e-03,1.000000000000009e-03,-9.324138683375338e-18
12500,25,-8.000000000000000e-04,-8.000000000000033e-04,3.252606517456513e-18
12500,26,5.999999999999999e-04,6.000000000000092e-04,-9.215718466126788e-18
12500,27,5.000000000000000e-04,4.999999999999887e-04,1.127570259384925e-17
12500,28,-4.000000000000000e-04,-3.999999999999948e-04,-5.258380536554697e-18
12500,29,3.000000000000000e-04,2.999999999999924e-04,7.589415207398531e-18
12600,0,1.200000000000000e-01,1.199999999999998e-01,1.526556658859590e-16
12600,1,-8.000000000000000e-02,-7.999999999999985e-02,-1.526556658859590e-16
12600,2,5.500000000000000e-02,5.499999999999991e-02,9.020562075079397e-17
12600,3,4.000000000000000e-02,4.000000000000001e-02,-1.387778780781446e-17
12600,4,-3.000000000000000e-02,-3.000000000000000e-02,0.000000000000000e+00
12600,5,2.500000000000000e-02,2.500000000000000e-02,0.000000000000000e+00
12600,6,2.000000000000000e-02,2.000000000000000e-02,0.000000000000000e+00
12600,7,-1.800000000000000e-02,-1.800000000000001e-02,6.938893903907228e-18
12600,8,1.500000000000000e-02,1.500000000000000e-02,1.734723475976807e-18
12600,9,1.200000000000000e-02,1.200000000000001e-02,-6.938893903907228e-18
12600,10,-1.000000000000000e-02,-1.000000000000000e-02,0.000000000000000e+00
12600,11,8.999999999999999e-03,9.000000000000010e-03,-1.040834085586084e-17
12600,12,8.000000000000000e-03,8.000000000000000e-03,0.000000000000000e+00
12600,13,-7.000000000000000e-03,-6.999999999999998e-03,-2.602085213965211e-18
12600,14,6.000000000000000e-03,6.000000000000005e-03,-5.204170427930421e-18
12600,15,5.000000000000000e-03,5.000000000000002e-03,-1.734723475976807e-18
12600,16,-4.000000000000000e-03,-4.000000000000007e-03,6.938893903907228e-18
12600,17,3.500000000000000e-03,3.499999999999999e-03,8.673617379884035e-19
12600,18,3.000000000000000e-03,3.000000000000004e-03,-3.903127820947816e-18
12600,19,-2.500000000000000e-03,-2.500000000000010e-03,1.040834085586084e-17
12600,20,2.000000000000000e-03,1.999999999999995e-03,4.770489558936220e-18
12600,21,1.800000000000000e-03,1.800000000000003e-03,-3.035766082959412e-18
12600,22,-1.500000000000000e-03,-1.500000000000000e-03,-4.336808689942018e-19
12600,23,1.200000000000000e-03,1.199999999999986e-03,1.409462824231156e-17
12600,24,1.000000000000000e-03,1.000000000000007e-03,-7.155734338404329e-18
12600,25,-8.000000000000000e-04,-7.999999999999973e-04,-2.710505431213761e-18
12600,26,5.999999999999999e-04,6.000000000000058e-04,-5.854691731421724e-18
12600,27,5.000000000000000e-04,4.999999999999920e-04,8.023096076392733e-18
12600,28,-4.000000000000000e-04,-4.000000000000050e-04,4.933119884809045e-18
12600,29,3.000000000000000e-04,3.000000000000058e-04,-5.800481622797449e-18
12700,0,1.200000000000000e-01,1.199999999999998e-01,1.526556658859590e-16
12700,1,-8.000000000000000e-02,-7.999999999999985e-02,-1.526556658859590e-16
12700,2,5.500000000000000e-02,5.499999999999991e-02,9.020562075079397e-17
12700,3,4.000000000000000e-02,4.000000000000001e-02,-1.387778780781446e-17
12700,4,-3.000000000000000e-02,-3.000000000000000e-02,3.469446951953614e-18
12700,5,2.500000000000000e-02,2.500000000000000e-02,0.000000000000000e+00
12700,6,2.000000000000000e-02,2.000000000000001e-02,-1.040834085586084e-17
12700,7,-1.800000000000000e-02,-1.800000000000000e-02,3.469446951953614e-18
12700,8,1.500000000000000e-02,1.500000000000000e-02,0.000000000000000e+00
12700,9,1.200000000000000e-02,1.200000000000000e-02,-1.734723475976807e-18
12700,10,-1.000000000000000e-02,-1.000000000000000e-02,0.000000000000000e+00
12700,11,8.999999999999999e-03,9.000000000000003e-03,-3.469446951953614e-18
12700,12,8.000000000000000e-03,8.000000000000004e-03,-3.469446951953614e-18
12700,13,-7.000000000000000e-03,-6.999999999999995e-03,-5.204170427930421e-18
12700,14,6.000000000000000e-03,6.000000000000002e-03,-1.734723475976807e-18
12700,15,5.000000000000000e-03,5.000000000000009e-03,-8.673617379884035e-18
12700,16,-4.000000000000000e-03,-4.000000000000016e-03,1.561251128379126e-17
12700,17,3.500000000000000e-03,3.499999999999998e-03,1.734723475976807e-18
12700,18,3.000000000000000e-03,3.000000000000005e-03,-4.770489558936220e-18
12700,19,-2.500000000000000e-03,-2.500000000000007e-03,6.938893903907228e-18
12700,20,2.000000000000000e-03,1.999999999999997e-03,3.035766082959412e-18
12700,21,1.800000000000000e-03,1.800000000000003e-03,-3.469446951953614e-18
12700,22,-1.500000000000000e-03,-1.500000000000003e-03,3.252606517456513e-18
12700,23,1.200000000000000e-03,1.200000000000004e-03,-4.119968255444917e-18
12700,24,1.000000000000000e-03,9.999999999999976e-04,2.385244779468110e-18
12700,25,-8.000000000000000e-04,-7.999999999999882e-04,-1.181780368009200e-17
12700,26,5.999999999999999e-04,5.999999999999924e-04,7.589415207398531e-18
12700,27,5.000000000000000e-04,5.000000000000094e-04,-9.432558900623889e-18
12700,28,-4.000000000000000e-04,-4.000000000000091e-04,9.053088140253962e-18
12700,29,3.000000000000000e-04,3.000000000000047e-04,-4.716279450311944e-18
12800,0,1.200000000000000e-01,1.199999999999998e-01,1.526556658859590e-16
12800,1,-8.000000000000000e-02,-7.999999999999985e-02,-1.526556658859590e-16
12800,2,5.500000000000000e-02,5.499999999999991e-02,9.020562075079397e-17
12800,3,4.000000000000000e-02,4.000000000000001e-02,-1.387778780781446e-17
12800,4,-3.000000000000000e-02,-3.000000000000000e-02,0.000000000000000e+00
12800,5,2.500000000000000e-02,2.500000000000000e-02,0.000000000000000e+00
12800,6,2.000000000000000e-02,2.000000000000000e-02,-3.469446951953614e-18
12800,7,-1.800000000000000e-02,-1.799999999999999e-02,-6.938893903907228e-18
12800,8,1.500000000000000e-02,1.499999999999999e-02,6.938893903907228e-18
12800,9,1.200000000000000e-02,1.200000000000002e-02,-1.734723475976807e-17
12800,10,-1.000000000000000e-02,-1.000000000000001e-02,5.204170427930421e-18
12800,11,8.999999999999999e-03,8.999999999999998e-03,1.734723475976807e-18
12800,12,8.000000000000000e-03,8.000000000000007e-03,-6.938893903907228e-18
12800,13,-7.000000000000000e-03,-7.000000000000006e-03,6.071532165918825e-18
12800,14,6.000000000000000e-03,6.000000000000014e-03,-1.387778780781446e-17
12800,15,5.000000000000000e-03,5.000000000000003e-03,-2.602085213965211e-18
12800,16,-4.000000000000000e-03,-4.000000000000011e-03,1.127570259384925e-17
12800,17,3.500000000000000e-03,3.500000000000000e-03,0.000000000000000e+00
12800,18,3.000000000000000e-03,3.000000000000003e-03,-2.602085213965211e-18
12800,19,-2.500000000000000e-03,-2.499999999999999e-03,-8.673617379884035e-19
12800,20,2.000000000000000e-03,1.999999999999997e-03,3.469446951953614e-18
12800,21,1.800000000000000e-03,1.800000000000003e-03,-2.818925648462312e-18
12800,22,-1.500000000000000e-03,-1.500000000000005e-03,4.987329993433320e-18
12800,23,1.200000000000000e-03,1.200000000000007e-03,-7.589415207398531e-18
12800,24,1.000000000000000e-03,9.999999999999937e-04,6.288372600415926e-18
12800,25,-8.000000000000000e-04,-7.999999999999914e-04,-8.673617379884035e-18
12800,26,5.999999999999999e-04,5.999999999999920e-04,7.914675859144182e-18
12800,27,5.000000000000000e-04,5.000000000000104e-04,-1.040834085586084e-17
12800,28,-4.000000000000000e-04,-4.000000000000035e-04,3.469446951953614e-18
12800,29,3.000000000000000e-04,3.000000000000030e-04,-2.981555974335137e-18
12900,0,1.200000000000000e-01,1.199999999999998e-01,1.526556658859590e-16
12900,1,-8.000000000000000e-02,-7.999999999999985e-02,-1.526556658859590e-16
12900,2,5.500000000000000e-02,5.499999999999991e-02,9.020562075079397e-17
12900,3,4.000000000000000e-02,4.000000000000001e-02,-1.387778780781446e-17
12900,4,-3.000000000000000e-02,-2.999999999999999e-02,-1.387778780781446e-17
12900,5,2.500000000000000e-02,2.500000000000000e-02,0.000000000000000e+00
12900,6,2.000000000000000e-02,2.000000000000000e-02,0.000000000000000e+00
12900,7,-1.800000000000000e-02,-1.799999999999998e-02,-2.081668171172169e-17
12900,8,1.500000000000000e-02,1.499999999999999e-02,1.214306433183765e-17
12900,9,1.200000000000000e-02,1.200000000000002e-02,-1.734723475976807e-17
12900,10,-1.000000000000000e-02,-1.000000000000001e-02,1.387778780781446e-17
12900,11,8.999999999999999e-03,9.000000000000003e-03,-3.469446951953614e-18
12900,12,8.000000000000000e-03,8.000000000000004e-03,-3.469446951953614e-18
12900,13,-7.000000000000000e-03,-6.999999999999993e-03,-6.938893903907228e-18
12900,14,6.000000000000000e-03,6.000000000000009e-03,-8.673617379884035e-18
12900,15,5.000000000000000e-03,4.999999999999991e-03,8.673617379884035e-18
12900,16,-4.000000000000000e-03,-3.999999999999997e-03,-2.602085213965211e-18
12900,17,3.500000000000000e-03,3.500000000000000e-03,4.336808689942018e-19
12900,18,3.000000000000000e-03,3.000000000000000e-03,0.000000000000000e+00
12900,19,-2.500000000000000e-03,-2.500000000000003e-03,3.035766082959412e-18
12900,20,2.000000000000000e-03,2.000000000000002e-03,-2.168404344971009e-18
12900,21,1.800000000000000e-03,1.800000000000008e-03,-8.239936510889834e-18
12900,22,-1.500000000000000e-03,-1.500000000000015e-03,1.517883041479706e-17
12900,23,1.200000000000000e-03,1.200000000000018e-03,-1.778091562876227e-17
12900,24,1.000000000000000e-03,9.999999999999831e-04,1.691355389077387e-17
12900,25,-8.000000000000000e-04,-7.999999999999919e-04,-8.131516293641283e-18
12900,26,5.999999999999999e-04,6.000000000000010e-04,-1.084202172485504e-18
12900,27,5.000000000000000e-04,5.000000000000017e-04,-1.734723475976807e-18
12900,28,-4.000000000000000e-04,-4.000000000000018e-04,1.788933584601082e-18
12900,29,3.000000000000000e-04,3.000000000000052e-04,-5.204170427930421e-18
13000,0,1.200000000000000e-01,1.199999999999998e-01,1.526556658859590e-16
13000,1,-8.000000000000000e-02,-7.999999999999985e-02,-1.526556658859590e-16
13000,2,5.500000000000000e-02,5.499999999999992e-02,8.326672684688674e-17
13000,3,4.000000000000000e-02,4.000000000000001e-02,-1.387778780781446e-17
13000,4,-3.000000000000000e-02,-3.000000000000000e-02,0.000000000000000e+00
13000,5,2.500000000000000e-02,2.500000000000002e-02,-1.387778780781446e-17
13000,6,2.000000000000000e-02,1.999999999999998e-02,1.734723475976807e-17
13000,7,-1.800000000000000e-02,-1.799999999999998e-02,-1.387778780781446e-17
13000,8,1.500000000000000e-02,1.499999999999999e-02,1.040834085586084e-17
13000,9,1.200000000000000e-02,1.200000000000001e-02,-8.673617379884035e-18
13000,10,-1.000000000000000e-02,-1.000000000000001e-02,1.040834085586084e-17
13000,11,8.999999999999999e-03,9.000000000000011e-03,-1.214306433183765e-17
13000,12,8.000000000000000e-03,7.999999999999998e-03,1.734723475976807e-18
13000,13,-7.000000000000000e-03,-6.999999999999992e-03,-7.806255641895632e-18
13000,14,6.000000000000000e-03,6.000000000000017e-03,-1.647987302177967e-17
13000,15,5.000000000000000e-03,4.999999999999992e-03,7.806255641895632e-18
13000,16,-4.000000000000000e-03,-3.999999999999997e-03,-3.469446951953614e-18
13000,17,3.500000000000000e-03,3.500000000000006e-03,-5.637851296924623e-18
13000,18,3.000000000000000e-03,2.999999999999988e-03,1.214306433183765e-17
13000,19,-2.500000000000000e-03,-2.499999999999988e-03,-1.170938346284345e-17
13000,20,2.000000000000000e-03,1.999999999999995e-03,4.770489558936220e-18
13000,21,1.800000000000000e-03,1.799999999999999e-03,8.673617379884035e-19
13000,22,-1.500000000000000e-03,-1.500000000000000e-03,0.000000000000000e+00
13000,23,1.200000000000000e-03,1.200000000000007e-03,-6.938893903907228e-18
13000,24,1.000000000000000e-03,9.999999999999848e-04,1.517883041479706e-17
13000,25,-8.000000000000000e-04,-7.999999999999839e-04,-1.615461237003402e-17
13000,26,5.999999999999999e-04,5.999999999999931e-04,6.830473686658678e-18
13000,27,5.000000000000000e-04,5.000000000000013e-04,-1.301042606982605e-18
13000,28,-4.000000000000000e-04,-3.999999999999916e-04,-8.456776945386935e-18
13000,29,3.000000000000000e-04,3.000000000000005e-04,-5.421010862427522e-19
13100,0,1.200000000000000e-01,1.199999999999998e-01,1.526556658859590e-16
13100,1,-8.000000000000000e-02,-7.999999999999985e-02,-1.526556658859590e-16
13100,2,5.500000000000000e-02,5.499999999999992e-02,8.326672684688674e-17
13100,3,4.000000000000000e-02,4.000000000000001e-02,-1.387778780781446e-17
13100,4,-3.000000000000000e-02,-3.000000000000000e-02,-3.469446951953614e-18
13100,5,2.500000000000000e-02,2.500000000000002e-02,-1.734723475976807e-17
13100,6,2.000000000000000e-02,1.999999999999999e-02,6.938893903907228e-18
13100,7,-1.800000000000000e-02,-1.799999999999999e-02,-6.938893903907228e-18
13100,8,1.500000000000000e-02,1.499999999999999e-02,8.673617379884035e-18
13100,9,1.200000000000000e-02,1.199999999999999e-02,1.040834085586084e-17
13100,10,-1.000000000000000e-02,-9.999999999999992e-03,-8.673617379884035e-18
13100,11,8.999999999999999e-03,9.000000000000005e-03,-5.204170427930421e-18
13100,12,8.000000000000000e-03,7.999999999999991e-03,8.673617379884035e-18
13100,13,-7.000000000000000e-03,-6.999999999999988e-03,-1.214306433183765e-17
13100,14,6.000000000000000e-03,6.000000000000011e-03,-1.127570259384925e-17
13100,15,5.000000000000000e-03,4.999999999999993e-03,6.938893903907228e-18
13100,16,-4.000000000000000e-03,-3.999999999999994e-03,-6.071532165918825e-18
13100,17,3.500000000000000e-03,3.500000000000009e-03,-9.107298248878237e-18
13100,18,3.000000000000000e-03,2.999999999999987e-03,1.257674520083185e-17
13100,19,-2.500000000000000e-03,-2.499999999999994e-03,-6.505213034913027e-18
13100,20,2.000000000000000e-03,2.000000000000008e-03,-7.806255641895632e-18
13100,21,1.800000000000000e-03,1.799999999999998e-03,1.951563910473908e-18
13100,22,-1.500000000000000e-03,-1.500000000000005e-03,4.987329993433320e-18
13100,23,1.200000000000000e-03,1.200000000000010e-03,-9.757819552369540e-18
13100,24,1.000000000000000e-03,9.999999999999866e-04,1.344410693882025e-17
13100,25,-8.000000000000000e-04,-7.999999999999878e-04,-1.225148454908620e-17
13100,26,5.999999999999999e-04,5.999999999999859e-04,1.409462824231156e-17
13100,27,5.000000000000000e-04,5.000000000000013e-04,-1.301042606982605e-18
13100,28,-4.000000000000000e-04,-3.999999999999892e-04,-1.084202172485504e-17
13100,29,3.000000000000000e-04,2.999999999999945e-04,5.475220971051797e-18
13200,0,1.200000000000000e-01,1.199999999999998e-01,1.526556658859590e-16
13200,1,-8.000000000000000e-02,-7.999999999999985e-02,-1.526556658859590e-16
13200,2,5.500000000000000e-02,5.499999999999992e-02,8.326672684688674e-17
13200,3,4.000000000000000e-02,4.000000000000001e-02,-1.387778780781446e-17
13200,4,-3.000000000000000e-02,-3.000000000000000e-02,0.000000000000000e+00
13200,5,2.500000000000000e-02,2.500000000000002e-02,-1.387778780781446e-17
13200,6,2.000000000000000e-02,1.999999999999999e-02,6.938893903907228e-18
13200,7,-1.800000000000000e-02,-1.799999999999998e-02,-1.734723475976807e-17
13200,8,1.500000000000000e-02,1.499999999999999e-02,1.387778780781446e-17
13200,9,1.200000000000000e-02,1.199999999999998e-02,1.561251128379126e-17
13200,10,-1.000000000000000e-02,-9.999999999999990e-03,-1.040834085586084e-17
13200,11,8.999999999999999e-03,8.999999999999994e-03,5.204170427930421e-18
13200,12,8.000000000000000e-03,7.999999999999998e-03,1.734723475976807e-18
13200,13,-7.000000000000000e-03,-7.000000000000003e-03,2.602085213965211e-18
13200,14,6.000000000000000e-03,6.000000000000019e-03,-1.908195823574488e-17
13200,15,5.000000000000000e-03,4.999999999999999e-03,8.673617379884035e-19
13200,16,-4.000000000000000e-03,-4.000000000000004e-03,4.336808689942018e-18
13200,17,3.500000000000000e-03,3.500000000000017e-03,-1.734723475976807e-17
13200,18,3.000000000000000e-03,2.999999999999979e-03,2.081668171172169e-17
13200,19,-2.500000000000000e-03,-2.499999999999992e-03,-7.806255641895632e-18
13200,20,2.000000000000000e-03,2.000000000000000e-03,-4.336808689942018e-19
13200,21,1.800000000000000e-03,1.799999999999992e-03,7.589415207398531e-18
13200,22,-1.500000000000000e-03,-1.500000000000002e-03,1.951563910473908e-18
13200,23,1.200000000000000e-03,1.200000000000016e-03,-1.561251128379126e-17
13200,24,1.000000000000000e-03,9.999999999999907e-04,9.324138683375338e-18
13200,25,-8.000000000000000e-04,-7.999999999999968e-04,-3.252606517456513e-18
13200,26,5.999999999999999e-04,5.999999999999967e-04,3.252606517456513e-18
13200,27,5.000000000000000e-04,4.999999999999985e-04,1.517883041479706e-18
13200,28,-4.000000000000000e-04,-3.999999999999932e-04,-6.776263578034403e-18
13200,29,3.000000000000000e-04,3.000000000000001e-04,-1.626303258728257e-19
13300,0,1.200000000000000e-01,1.199999999999998e-01,1.526556658859590e-16
13300,1,-8.000000000000000e-02,-7.999999999999985e-02,-1.526556658859590e-16
13300,2,5.500000000000000e-02,5.499999999999992e-02,8.326672684688674e-17
13300,3,4.000000000000000e-02,4.000000000000001e-02,-1.387778780781446e-17
13300,4,-3.000000000000000e-02,-3.000000000000001e-02,6.938893903907228e-18
13300,5,2.500000000000000e-02,2.500000000000002e-02,-1.387778780781446e-17
13300,6,2.000000000000000e-02,2.000000000000001e-02,-6.938893903907228e-18
13300,7,-1.800000000000000e-02,-1.799999999999999e-02,-6.938893903907228e-18
13300,8,1.500000000000000e-02,1.499999999999998e-02,1.734723475976807e-17
13300,9,1.200000000000000e-02,1.199999999999998e-02,1.561251128379126e-17
13300,10,-1.000000000000000e-02,-9.999999999999998e-03,-1.734723475976807e-18
13300,11,8.999999999999999e-03,9.000000000000001e-03,-1.734723475976807e-18
13300,12,8.000000000000000e-03,8.000000000000007e-03,-6.938893903907228e-18
13300,13,-7.000000000000000e-03,-7.000000000000002e-03,1.734723475976807e-18
13300,14,6.000000000000000e-03,6.000000000000013e-03,-1.301042606982605e-17
13300,15,5.000000000000000e-03,4.999999999999989e-03,1.127570259384925e-17
13300,16,-4.000000000000000e-03,-3.999999999999993e-03,-6.938893903907228e-18
13300,17,3.500000000000000e-03,3.500000000000001e-03,-1.301042606982605e-18
13300,18,3.000000000000000e-03,2.999999999999988e-03,1.170938346284345e-17
13300,19,-2.500000000000000e-03,-2.499999999999993e-03,-6.938893903907228e-18
13300,20,2.000000000000000e-03,1.999999999999987e-03,1.344410693882025e-17
13300,21,1.800000000000000e-03,1.800000000000010e-03,-1.019150042136374e-17
13300,22,-1.500000000000000e-03,-1.500000000000005e-03,4.770489558936220e-18
13300,23,1.200000000000000e-03,1.200000000000009e-03,-9.540979117872439e-18
13300,24,1.000000000000000e-03,9.999999999999989e-04,1.084202172485504e-18
13300,25,-8.000000000000000e-04,-7.999999999999970e-04,-3.035766082959412e-18
13300,26,5.999999999999999e-04,5.999999999999984e-04,1.517883041479706e-18
13300,27,5.000000000000000e-04,5.000000000000022e-04,-2.168404344971009e-18
13300,28,-4.000000000000000e-04,-3.999999999999936e-04,-6.451002926288751e-18
13300,29,3.000000000000000e-04,2.999999999999856e-04,1.441988889405721e-17
13400,0,1.200000000000000e-01,1.199999999999998e-01,1.526556658859590e-16
13400,1,-8.000000000000000e-02,-7.999999999999985e-02,-1.526556658859590e-16
13400,2,5.500000000000000e-02,5.499999999999992e-02,8.326672684688674e-17
13400,3,4.000000000000000e-02,4.000000000000001e-02,-1.387778780781446e-17
13400,4,-3.000000000000000e-02,-3.000000000000000e-02,0.000000000000000e+00
13400,5,2.500000000000000e-02,2.500000000000001e-02,-6.938893903907228e-18
13400,6,2.000000000000000e-02,2.000000000000002e-02,-1.734723475976807e-17
13400,7,-1.800000000000000e-02,-1.799999999999999e-02,-1.040834085586084e-17
13400,8,1.500000000000000e-02,1.499999999999998e-02,1.734723475976807e-17
13400,9,1.200000000000000e-02,1.199999999999999e-02,1.387778780781446e-17
13400,10,-1.000000000000000e-02,-1.000000000000000e-02,3.469446951953614e-18
13400,11,8.999999999999999e-03,9.000000000000015e-03,-1.561251128379126e-17
13400,12,8.000000000000000e-03,7.999999999999997e-03,3.469446951953614e-18
13400,13,-7.000000000000000e-03,-7.000000000000000e-03,0.000000000000000e+00
13400,14,6.000000000000000e-03,6.000000000000004e-03,-3.469446951953614e-18
13400,15,5.000000000000000e-03,4.999999999999987e-03,1.301042606982605e-17
13400,16,-4.000000000000000e-03,-3.999999999999985e-03,-1.474514954580286e-17
13400,17,3.500000000000000e-03,3.499999999999991e-03,8.673617379884035e-18
13400,18,3.000000000000000e-03,2.999999999999999e-03,8.673617379884035e-19
13400,19,-2.500000000000000e-03,-2.499999999999998e-03,-2.168404344971009e-18
13400,20,2.000000000000000e-03,1.999999999999997e-03,3.469446951953614e-18
13400,21,1.800000000000000e-03,1.800000000000004e-03,-3.903127820947816e-18
13400,22,-1.500000000000000e-03,-1.500000000000004e-03,3.469446951953614e-18
13400,23,1.200000000000000e-03,1.200000000000018e-03,-1.778091562876227e-17
13400,24,1.000000000000000e-03,9.999999999999911e-04,8.890457814381136e-18
13400,25,-8.000000000000000e-04,-7.999999999999979e-04,-2.168404344971009e-18
13400,26,5.999999999999999e-04,6.000000000000075e-04,-7.589415207398531e-18
13400,27,5.000000000000000e-04,4.999999999999983e-04,1.734723475976807e-18
13400,28,-4.000000000000000e-04,-3.999999999999943e-04,-5.692061405548898e-18
13400,29,3.000000000000000e-04,2.999999999999857e-04,1.431146867680866e-17
13500,0,1.200000000000000e-01,1.199999999999998e-01,1.526556658859590e-16
13500,1,-8.000000000000000e-02,-7.999999999999985e-02,-1.526556658859590e-16
13500,2,5.500000000000000e-02,5.499999999999992e-02,8.326672684688674e-17
13500,3,4.000000000000000e-02,4.000000000000001e-02,-1.387778780781446e-17
13500,4,-3.000000000000000e-02,-3.000000000000000e-02,0.000000000000000e+00
13500,5,2.500000000000000e-02,2.500000000000001e-02,-6.938893903907228e-18
13500,6,2.000000000000000e-02,2.000000000000002e-02,-1.734723475976807e-17
13500,7,-1.800000000000000e-02,-1.800000000000000e-02,-3.469446951953614e-18
13500,8,1.500000000000000e-02,1.499999999999998e-02,1.734723475976807e-17
13500,9,1.200000000000000e-02,1.200000000000000e-02,1.734723475976807e-18
13500,10,-1.000000000000000e-02,-1.000000000000001e-02,5.204170427930421e-18
13500,11,8.999999999999999e-03,9.000000000000022e-03,-2.255140518769849e-17
13500,12,8.000000000000000e-03,7.999999999999997e-03,3.469446951953614e-18
13500,13,-7.000000000000000e-03,-7.000000000000002e-03,1.734723475976807e-18
13500,14,6.000000000000000e-03,6.000000000000005e-03,-5.204170427930421e-18
13500,15,5.000000000000000e-03,4.999999999999985e-03,1.474514954580286e-17
13500,16,-4.000000000000000e-03,-3.999999999999986e-03,-1.387778780781446e-17
13500,17,3.500000000000000e-03,3.499999999999994e-03,6.505213034913027e-18
13500,18,3.000000000000000e-03,2.999999999999992e-03,8.239936510889834e-18
13500,19,-2.500000000000000e-03,-2.499999999999993e-03,-7.372574772901430e-18
13500,20,2.000000000000000e-03,2.000000000000006e-03,-6.071532165918825e-18
13500,21,1.800000000000000e-03,1.799999999999997e-03,3.035766082959412e-18
13500,22,-1.500000000000000e-03,-1.500000000000001e-03,1.301042606982605e-18
13500,23,1.200000000000000e-03,1.200000000000011e-03,-1.105886215935215e-17
13500,24,1.000000000000000e-03,1.000000000000004e-03,-4.336808689942018e-18
13500,25,-8.000000000000000e-04,-8.000000000000046e-04,4.553649124439119e-18
13500,26,5.999999999999999e-04,6.000000000000089e-04,-8.998878031629687e-18
13500,27,5.000000000000000e-04,4.999999999999959e-04,4.119968255444917e-18
13500,28,-4.000000000000000e-04,-3.999999999999960e-04,-4.011548038196366e-18
13500,29,3.000000000000000e-04,2.999999999999857e-04,1.431146867680866e-17
13600,0,1.200000000000000e-01,1.199999999999998e-01,1.526556658859590e-16
13600,1,-8.000000000000000e-02,-7.999999999999985e-02,-1.526556658859590e-16
13600,2,5.500000000000000e-02,5.499999999999992e-02,8.326672684688674e-17
13600,3,4.000000000000000e-02,4.000000000000001e-02,-1.387778780781446e-17
13600,4,-3.000000000000000e-02,-2.999999999999999e-02,-6.938893903907228e-18
13600,5,2.500000000000000e-02,2.500000000000001e-02,-6.938893903907228e-18
13600,6,2.000000000000000e-02,2.000000000000001e-02,-1.387778780781446e-17
13600,7,-1.800000000000000e-02,-1.799999999999999e-02,-6.938893903907228e-18
13600,8,1.500000000000000e-02,1.499999999999999e-02,6.938893903907228e-18
13600,9,1.200000000000000e-02,1.200000000000000e-02,3.469446951953614e-18
13600,10,-1.000000000000000e-02,-1.000000000000000e-02,3.469446951953614e-18
13600,11,8.999999999999999e-03,9.000000000000006e-03,-6.938893903907228e-18
13600,12,8.000000000000000e-03,7.999999999999997e-03,3.469446951953614e-18
13600,13,-7.000000000000000e-03,-7.000000000000003e-03,2.602085213965211e-18
13600,14,6.000000000000000e-03,5.999999999999999e-03,8.673617379884035e-19
13600,15,5.000000000000000e-03,4.999999999999985e-03,1.474514954580286e-17
13600,16,-4.000000000000000e-03,-3.999999999999987e-03,-1.301042606982605e-17
13600,17,3.500000000000000e-03,3.499999999999992e-03,8.239936510889834e-18
13600,18,3.000000000000000e-03,3.000000000000005e-03,-5.204170427930421e-18
13600,19,-2.500000000000000e-03,-2.500000000000003e-03,2.602085213965211e-18
13600,20,2.000000000000000e-03,2.000000000000005e-03,-4.770489558936220e-18
13600,21,1.800000000000000e-03,1.800000000000003e-03,-3.035766082959412e-18
13600,22,-1.500000000000000e-03,-1.500000000000002e-03,1.951563910473908e-18
13600,23,1.200000000000000e-03,1.200000000000004e-03,-3.903127820947816e-18
13600,24,1.000000000000000e-03,1.000000000000005e-03,-4.987329993433320e-18
13600,25,-8.000000000000000e-04,-8.000000000000115e-04,1.149254302834635e-17
13600,26,5.999999999999999e-04,6.000000000000123e-04,-1.235990476633475e-17
13600,27,5.000000000000000e-04,4.999999999999926e-04,7.372574772901430e-18
13600,28,-4.000000000000000e-04,-3.999999999999959e-04,-4.119968255444917e-18
13600,29,3.000000000000000e-04,2.999999999999837e-04,1.626303258728257e-17
13700,0,1.200000000000000e-01,1.199999999999998e-01,1.526556658859590e-16
13700,1,-8.000000000000000e-02,-7.999999999999985e-02,-1.526556658859590e-16
13700,2,5.500000000000000e-02,5.499999999999992e-02,8.326672684688674e-17
13700,3,4.000000000000000e-02,4.000000000000001e-02,-1.387778780781446e-17
13700,4,-3.000000000000000e-02,-3.000000000000001e-02,6.938893903907228e-18
13700,5,2.500000000000000e-02,2.500000000000001e-02,-6.938893903907228e-18
13700,6,2.000000000000000e-02,2.000000000000001e-02,-6.938893903907228e-18
13700,7,-1.800000000000000e-02,-1.799999999999999e-02,-6.938893903907228e-18
13700,8,1.500000000000000e-02,1.500000000000000e-02,1.734723475976807e-18
13700,9,1.200000000000000e-02,1.199999999999999e-02,1.040834085586084e-17
13700,10,-1.000000000000000e-02,-9.999999999999997e-03,-3.469446951953614e-18
13700,11,8.999999999999999e-03,9.000000000000008e-03,-8.673617379884035e-18
13700,12,8.000000000000000e-03,7.999999999999995e-03,5.204170427930421e-18
13700,13,-7.000000000000000e-03,-7.000000000000004e-03,4.336808689942018e-18
13700,14,6.000000000000000e-03,6.000000000000004e-03,-3.469446951953614e-18
13700,15,5.000000000000000e-03,4.999999999999990e-03,1.040834085586084e-17
13700,16,-4.000000000000000e-03,-3.999999999999990e-03,-1.040834085586084e-17
13700,17,3.500000000000000e-03,3.499999999999997e-03,3.035766082959412e-18
13700,18,3.000000000000000e-03,3.000000000000000e-03,0.000000000000000e+00
13700,19,-2.500000000000000e-03,-2.499999999999998e-03,-1.734723475976807e-18
13700,20,2.000000000000000e-03,1.999999999999998e-03,1.734723475976807e-18
13700,21,1.800000000000000e-03,1.800000000000002e-03,-1.734723475976807e-18
13700,22,-1.500000000000000e-03,-1.500000000000005e-03,4.770489558936220e-18
13700,23,1.200000000000000e-03,1.200000000000008e-03,-8.456776945386935e-18
13700,24,1.000000000000000e-03,9.999999999999970e-04,3.035766082959412e-18
13700,25,-8.000000000000000e-04,-8.000000000000054e-04,5.312590645178972e-18
13700,26,5.999999999999999e-04,6.000000000000083e-04,-8.348356728138384e-18
13700,27,5.000000000000000e-04,4.999999999999952e-04,4.770489558936220e-18
13700,28,-4.000000000000000e-04,-3.999999999999887e-04,-1.132991270247352e-17
13700,29,3.000000000000000e-04,2.999999999999847e-04,1.523304052342134e-17
13800,0,1.200000000000000e-01,1.199999999999998e-01,1.526556658859590e-16
13800,1,-8.000000000000000e-02,-7.999999999999985e-02,-1.526556658859590e-16
13800,2,5.500000000000000e-02,5.499999999999992e-02,8.326672684688674e-17
13800,3,4.000000000000000e-02,4.000000000000001e-02,-1.387778780781446e-17
13800,4,-3.000000000000000e-02,-3.000000000000001e-02,6.938893903907228e-18
13800,5,2.500000000000000e-02,2.500000000000000e-02,3.469446951953614e-18
13800,6,2.000000000000000e-02,2.000000000000000e-02,3.469446951953614e-18
13800,7,-1.800000000000000e-02,-1.800000000000000e-02,-3.469446951953614e-18
13800,8,1.500000000000000e-02,1.500000000000000e-02,0.000000000000000e+00
13800,9,1.200000000000000e-02,1.199999999999999e-02,1.040834085586084e-17
13800,10,-1.000000000000000e-02,-9.999999999999995e-03,-5.204170427930421e-18
13800,11,8.999999999999999e-03,9.000000000000017e-03,-1.734723475976807e-17
13800,12,8.000000000000000e-03,7.999999999999990e-03,1.040834085586084e-17
13800,13,-7.000000000000000e-03,-7.000000000000005e-03,5.204170427930421e-18
13800,14,6.000000000000000e-03,6.000000000000000e-03,0.000000000000000e+00
13800,15,5.000000000000000e-03,5.000000000000004e-03,-3.469446951953614e-18
13800,16,-4.000000000000000e-03,-3.999999999999995e-03,-5.204170427930421e-18
13800,17,3.500000000000000e-03,3.499999999999992e-03,8.239936510889834e-18
13800,18,3.000000000000000e-03,3.000000000000002e-03,-1.734723475976807e-18
13800,19,-2.500000000000000e-03,-2.500000000000003e-03,3.035766082959412e-18
13800,20,2.000000000000000e-03,1.999999999999998e-03,2.168404344971009e-18
13800,21,1.800000000000000e-03,1.800000000000007e-03,-6.938893903907228e-18
13800,22,-1.500000000000000e-03,-1.500000000000006e-03,5.854691731421724e-18
13800,23,1.200000000000000e-03,1.200000000000009e-03,-9.540979117872439e-18
13800,24,1.000000000000000e-03,9.999999999999890e-04,1.105886215935215e-17
13800,25,-8.000000000000000e-04,-7.999999999999967e-04,-3.361026734705064e-18
13800,26,5.999999999999999e-04,5.999999999999990e-04,9.757819552369540e-19
13800,27,5.000000000000000e-04,4.999999999999974e-04,2.602085213965211e-18
13800,28,-4.000000000000000e-04,-3.999999999999897e-04,-1.035413074723657e-17
13800,29,3.000000000000000e-04,2.999999999999960e-04,4.011548038196366e-18
13900,0,1.200000000000000e-01,1.199999999999998e-01,1.526556658859590e-16
13900,1,-8.000000000000000e-02,-7.999999999999985e-02,-1.526556658859590e-16
13900,2,5.500000000000000e-02,5.499999999999992e-02,8.326672684688674e-17
13900,3,4.000000000000000e-02,4.000000000000001e-02,-1.387778780781446e-17
13900,4,-3.000000000000000e-02,-3.000000000000000e-02,3.469446951953614e-18
13900,5,2.500000000000000e-02,2.500000000000000e-02,-3.469446951953614e-18
13900,6,2.000000000000000e-02,2.000000000000000e-02,0.000000000000000e+00
13900,7,-1.800000000000000e-02,-1.800000000000001e-02,6.938893903907228e-18
13900,8,1.500000000000000e-02,1.500000000000000e-02,1.734723475976807e-18
13900,9,1.200000000000000e-02,1.200000000000000e-02,-1.734723475976807e-18
13900,10,-1.000000000000000e-02,-1.000000000000001e-02,8.673617379884035e-18
13900,11,8.999999999999999e-03,9.000000000000020e-03,-2.081668171172169e-17
13900,12,8.000000000000000e-03,7.999999999999986e-03,1.387778780781446e-17
13900,13,-7.000000000000000e-03,-7.000000000000001e-03,8.673617379884035e-19
13900,14,6.000000000000000e-03,5.999999999999999e-03,8.673617379884035e-19
13900,15,5.000000000000000e-03,5.000000000000001e-03,-8.673617379884035e-19
13900,16,-4.000000000000000e-03,-3.999999999999999e-03,-8.673617379884035e-19
13900,17,3.500000000000000e-03,3.499999999999992e-03,8.239936510889834e-18
13900,18,3.000000000000000e-03,3.000000000000006e-03,-5.637851296924623e-18
13900,19,-2.500000000000000e-03,-2.500000000000007e-03,6.505213034913027e-18
13900,20,2.000000000000000e-03,2.000000000000007e-03,-7.372574772901430e-18
13900,21,1.800000000000000e-03,1.800000000000003e-03,-3.469446951953614e-18
13900,22,-1.500000000000000e-03,-1.500000000000013e-03,1.344410693882025e-17
13900,23,1.200000000000000e-03,1.200000000000018e-03,-1.799775606325937e-17
13900,24,1.000000000000000e-03,9.999999999999796e-04,2.038300084272748e-17
13900,25,-8.000000000000000e-04,-7.999999999999888e-04,-1.127570259384925e-17
13900,26,5.999999999999999e-04,5.999999999999875e-04,1.246832498358330e-17
13900,27,5.000000000000000e-04,5.000000000000013e-04,-1.301042606982605e-18
13900,28,-4.000000000000000e-04,-3.999999999999928e-04,-7.209944447028604e-18
13900,29,3.000000000000000e-04,2.999999999999954e-04,4.607859233063394e-18
14000,0,1.200000000000000e-01,1.199999999999998e-01,1.526556658859590e-16
14000,1,-8.000000000000000e-02,-7.999999999999985e-02,-1.526556658859590e-16
14000,2,5.500000000000000e-02,5.499999999999992e-02,7.632783294297951e-17
14000,3,4.000000000000000e-02,4.000000000000002e-02,-2.081668171172169e-17
14000,4,-3.000000000000000e-02,-3.000000000000001e-02,1.040834085586084e-17
14000,5,2.500000000000000e-02,2.500000000000001e-02,-6.938893903907228e-18
14000,6,2.000000000000000e-02,1.999999999999999e-02,6.938893903907228e-18
14000,7,-1.800000000000000e-02,-1.800000000000000e-02,3.469446951953614e-18
14000,8,1.500000000000000e-02,1.499999999999999e-02,1.214306433183765e-17
14000,9,1.200000000000000e-02,1.200000000000001e-02,-5.204170427930421e-18
14000,10,-1.000000000000000e-02,-1.000000000000001e-02,5.204170427930421e-18
14000,11,8.999999999999999e-03,9.000000000000013e-03,-1.387778780781446e-17
14000,12,8.000000000000000e-03,7.999999999999991e-03,8.673617379884035e-18
14000,13,-7.000000000000000e-03,-7.000000000000001e-03,8.673617379884035e-19
14000,14,6.000000000000000e-03,5.999999999999998e-03,1.734723475976807e-18
14000,15,5.000000000000000e-03,5.000000000000003e-03,-2.602085213965211e-18
14000,16,-4.000000000000000e-03,-3.999999999999997e-03,-3.469446951953614e-18
14000,17,3.500000000000000e-03,3.499999999999994e-03,6.505213034913027e-18
14000,18,3.000000000000000e-03,3.000000000000010e-03,-9.540979117872439e-18
14000,19,-2.500000000000000e-03,-2.500000000000007e-03,6.938893903907228e-18
14000,20,2.000000000000000e-03,2.000000000000012e-03,-1.214306433183765e-17
14000,21,1.800000000000000e-03,1.800000000000003e-03,-3.469446951953614e-18
14000,22,-1.500000000000000e-03,-1.500000000000020e-03,1.994931997373328e-17
14000,23,1.200000000000000e-03,1.200000000000025e-03,-2.493664996716660e-17
14000,24,1.000000000000000e-03,9.999999999999818e-04,1.821459649775647e-17
14000,25,-8.000000000000000e-04,-7.999999999999867e-04,-1.333568672157170e-17
14000,26,5.999999999999999e-04,5.999999999999963e-04,3.686287386450715e-18
14000,27,5.000000000000000e-04,5.000000000000010e-04,-9.757819552369540e-19
14000,28,-4.000000000000000e-04,-3.999999999999956e-04,-4.391018798566293e-18
14000,29,3.000000000000000e-04,2.999999999999923e-04,7.697835424647081e-18
14100,0,1.200000000000000e-01,1.199999999999998e-01,1.526556658859590e-16
14100,1,-8.000000000000000e-02,-7.999999999999985e-02,-1.526556658859590e-16
14100,2,5.500000000000000e-02,5.499999999999992e-02,7.632783294297951e-17
14100,3,4.000000000000000e-02,4.000000000000002e-02,-2.081668171172169e-17
14100,4,-3.000000000000000e-02,-3.000000000000001e-02,1.387778780781446e-17
14100,5,2.500000000000000e-02,2.500000000000002e-02,-1.387778780781446e-17
14100,6,2.000000000000000e-02,2.000000000000000e-02,0.000000000000000e+00
14100,7,-1.800000000000000e-02,-1.800000000000001e-02,1.040834085586084e-17
14100,8,1.500000000000000e-02,1.500000000000000e-02,3.469446951953614e-18
14100,9,1.200000000000000e-02,1.199999999999999e-02,1.214306433183765e-17
14100,10,-1.000000000000000e-02,-9.999999999999990e-03,-1.040834085586084e-17
14100,11,8.999999999999999e-03,9.000000000000010e-03,-1.040834085586084e-17
14100,12,8.000000000000000e-03,7.999999999999995e-03,5.204170427930421e-18
14100,13,-7.000000000000000e-03,-7.000000000000004e-03,3.469446951953614e-18
14100,14,6.000000000000000e-03,5.999999999999993e-03,6.938893903907228e-18
14100,15,5.000000000000000e-03,5.000000000000002e-03,-1.734723475976807e-18
14100,16,-4.000000000000000e-03,-3.999999999999981e-03,-1.908195823574488e-17
14100,17,3.500000000000000e-03,3.499999999999981e-03,1.951563910473908e-17
14100,18,3.000000000000000e-03,3.000000000000015e-03,-1.517883041479706e-17
14100,19,-2.500000000000000e-03,-2.500000000000002e-03,2.168404344971009e-18
14100,20,2.000000000000000e-03,2.000000000000005e-03,-4.770489558936220e-18
14100,21,1.800000000000000e-03,1.799999999999998e-03,1.951563910473908e-18
14100,22,-1.500000000000000e-03,-1.500000000000014e-03,1.409462824231156e-17
14100,23,1.200000000000000e-03,1.200000000000020e-03,-1.973247953923618e-17
14100,24,1.000000000000000e-03,9.999999999999846e-04,1.539567084929416e-17
14100,25,-8.000000000000000e-04,-7.999999999999923e-04,-7.697835424647081e-18
14100,26,5.999999999999999e-04,6.000000000000054e-04,-5.421010862427522e-18
14100,27,5.000000000000000e-04,5.000000000000033e-04,-3.252606517456513e-18
14100,28,-4.000000000000000e-04,-3.999999999999959e-04,-4.119968255444917e-18
14100,29,3.000000000000000e-04,2.999999999999905e-04,9.432558900623889e-18
14200,0,1.200000000000000e-01,1.199999999999998e-01,1.526556658859590e-16
14200,1,-8.000000000000000e-02,-7.999999999999985e-02,-1.526556658859590e-16
14200,2,5.500000000000000e-02,5.499999999999994e-02,6.245004513516506e-17
14200,3,4.000000000000000e-02,4.000000000000003e-02,-2.775557561562891e-17
14200,4,-3.000000000000000e-02,-3.000000000000001e-02,1.040834085586084e-17
14200,5,2.500000000000000e-02,2.500000000000001e-02,-1.040834085586084e-17
14200,6,2.000000000000000e-02,1.999999999999999e-02,1.387778780781446e-17
14200,7,-1.800000000000000e-02,-1.800000000000000e-02,0.000000000000000e+00
14200,8,1.500000000000000e-02,1.499999999999999e-02,6.938893903907228e-18
14200,9,1.200000000000000e-02,1.199999999999999e-02,6.938893903907228e-18
14200,10,-1.000000000000000e-02,-1.000000000000000e-02,0.000000000000000e+00
14200,11,8.999999999999999e-03,9.000000000000005e-03,-5.204170427930421e-18
14200,12,8.000000000000000e-03,7.999999999999997e-03,3.469446951953614e-18
14200,13,-7.000000000000000e-03,-6.999999999999999e-03,-8.673617379884035e-19
14200,14,6.000000000000000e-03,6.000000000000003e-03,-2.602085213965211e-18
14200,15,5.000000000000000e-03,5.000000000000004e-03,-3.469446951953614e-18
14200,16,-4.000000000000000e-03,-3.999999999999993e-03,-6.938893903907228e-18
14200,17,3.500000000000000e-03,3.499999999999989e-03,1.127570259384925e-17
14200,18,3.000000000000000e-03,3.000000000000007e-03,-6.505213034913027e-18
14200,19,-2.500000000000000e-03,-2.499999999999994e-03,-5.637851296924623e-18
14200,20,2.000000000000000e-03,1.999999999999996e-03,3.903127820947816e-18
14200,21,1.800000000000000e-03,1.800000000000000e-03,4.336808689942018e-19
14200,22,-1.500000000000000e-03,-1.500000000000015e-03,1.452830911130576e-17
14200,23,1.200000000000000e-03,1.200000000000014e-03,-1.431146867680866e-17
14200,24,1.000000000000000e-03,9.999999999999844e-04,1.561251128379126e-17
14200,25,-8.000000000000000e-04,-7.999999999999838e-04,-1.626303258728257e-17
14200,26,5.999999999999999e-04,5.999999999999958e-04,4.119968255444917e-18
14200,27,5.000000000000000e-04,5.000000000000089e-04,-8.890457814381136e-18
14200,28,-4.000000000000000e-04,-4.000000000000008e-04,7.589415207398531e-19
14200,29,3.000000000000000e-04,2.999999999999873e-04,1.268516541808040e-17
14300,0,1.200000000000000e-01,1.199999999999998e-01,1.526556658859590e-16
14300,1,-8.000000000000000e-02,-7.999999999999985e-02,-1.526556658859590e-16
14300,2,5.500000000000000e-02,5.499999999999994e-02,6.245004513516506e-17
14300,3,4.000000000000000e-02,4.000000000000003e-02,-2.775557561562891e-17
14300,4,-3.000000000000000e-02,-3.000000000000000e-02,3.469446951953614e-18
14300,5,2.500000000000000e-02,2.500000000000001e-02,-1.040834085586084e-17
14300,6,2.000000000000000e-02,2.000000000000000e-02,3.469446951953614e-18
14300,7,-1.800000000000000e-02,-1.800000000000001e-02,6.938893903907228e-18
14300,8,1.500000000000000e-02,1.499999999999999e-02,1.040834085586084e-17
14300,9,1.200000000000000e-02,1.200000000000000e-02,3.469446951953614e-18
14300,10,-1.000000000000000e-02,-1.000000000000000e-02,1.734723475976807e-18
14300,11,8.999999999999999e-03,8.999999999999999e-03,0.000000000000000e+00
14300,12,8.000000000000000e-03,8.000000000000000e-03,0.000000000000000e+00
14300,13,-7.000000000000000e-03,-7.000000000000010e-03,9.540979117872439e-18
14300,14,6.000000000000000e-03,5.999999999999991e-03,9.540979117872439e-18
14300,15,5.000000000000000e-03,5.000000000000023e-03,-2.255140518769849e-17
14300,16,-4.000000000000000e-03,-4.000000000000012e-03,1.214306433183765e-17
14300,17,3.500000000000000e-03,3.500000000000004e-03,-4.336808689942018e-18
14300,18,3.000000000000000e-03,3.000000000000000e-03,0.000000000000000e+00
14300,19,-2.500000000000000e-03,-2.499999999999999e-03,-1.301042606982605e-18
14300,20,2.000000000000000e-03,1.999999999999991e-03,8.673617379884035e-18
14300,21,1.800000000000000e-03,1.800000000000003e-03,-3.252606517456513e-18
14300,22,-1.500000000000000e-03,-1.500000000000011e-03,1.062518129035794e-17
14300,23,1.200000000000000e-03,1.200000000000006e-03,-5.854691731421724e-18
14300,24,1.000000000000000e-03,9.999999999999983e-04,1.734723475976807e-18
14300,25,-8.000000000000000e-04,-7.999999999999999e-04,-1.084202172485504e-19
14300,26,5.999999999999999e-04,5.999999999999990e-04,9.757819552369540e-19
14300,27,5.000000000000000e-04,5.000000000000078e-04,-7.806255641895632e-18
14300,28,-4.000000000000000e-04,-4.000000000000069e-04,6.884683795282953e-18
14300,29,3.000000000000000e-04,3.000000000000014e-04,-1.409462824231156e-18
14400,0,1.200000000000000e-01,1.199999999999998e-01,1.526556658859590e-16
14400,1,-8.000000000000000e-02,-7.999999999999985e-02,-1.526556658859590e-16
14400,2,5.500000000000000e-02,5.499999999999994e-02,6.245004513516506e-17
14400,3,4.000000000000000e-02,4.000000000000003e-02,-2.775557561562891e-17
14400,4,-3.000000000000000e-02,-3.000000000000000e-02,-3.469446951953614e-18
14400,5,2.500000000000000e-02,2.500000000000001e-02,-1.040834085586084e-17
14400,6,2.000000000000000e-02,2.000000000000000e-02,3.469446951953614e-18
14400,7,-1.800000000000000e-02,-1.800000000000001e-02,6.938893903907228e-18
14400,8,1.500000000000000e-02,1.499999999999999e-02,5.204170427930421e-18
14400,9,1.200000000000000e-02,1.200000000000000e-02,1.734723475976807e-18
14400,10,-1.000000000000000e-02,-1.000000000000002e-02,1.561251128379126e-17
14400,11,8.999999999999999e-03,9.000000000000008e-03,-8.673617379884035e-18
14400,12,8.000000000000000e-03,7.999999999999997e-03,3.469446951953614e-18
14400,13,-7.000000000000000e-03,-6.999999999999998e-03,-1.734723475976807e-18
14400,14,6.000000000000000e-03,5.999999999999990e-03,1.040834085586084e-17
14400,15,5.000000000000000e-03,5.000000000000015e-03,-1.474514954580286e-17
14400,16,-4.000000000000000e-03,-4.000000000000011e-03,1.127570259384925e-17
14400,17,3.500000000000000e-03,3.500000000000008e-03,-8.239936510889834e-18
14400,18,3.000000000000000e-03,3.000000000000000e-03,-4.336808689942018e-19
14400,19,-2.500000000000000e-03,-2.500000000000000e-03,0.000000000000000e+00
14400,20,2.000000000000000e-03,1.999999999999995e-03,4.770489558936220e-18
14400,21,1.800000000000000e-03,1.800000000000000e-03,2.168404344971009e-19
14400,22,-1.500000000000000e-03,-1.500000000000010e-03,1.040834085586084e-17
14400,23,1.200000000000000e-03,1.200000000000012e-03,-1.192622389734055e-17
14400,24,1.000000000000000e-03,9.999999999999987e-04,1.301042606982605e-18
14400,25,-8.000000000000000e-04,-7.999999999999928e-04,-7.264154555652880e-18
14400,26,5.999999999999999e-04,5.999999999999931e-04,6.830473686658678e-18
14400,27,5.000000000000000e-04,5.000000000000077e-04,-7.697835424647081e-18
14400,28,-4.000000000000000e-04,-4.000000000000032e-04,3.198396408832238e-18
14400,29,3.000000000000000e-04,2.999999999999997e-04,2.710505431213761e-19
14500,0,1.200000000000000e-01,1.199999999999998e-01,1.526556658859590e-16
14500,1,-8.000000000000000e-02,-7.999999999999985e-02,-1.526556658859590e-16
14500,2,5.500000000000000e-02,5.499999999999994e-02,6.245004513516506e-17
14500,3,4.000000000000000e-02,4.000000000000003e-02,-2.775557561562891e-17
14500,4,-3.000000000000000e-02,-2.999999999999999e-02,-6.938893903907228e-18
14500,5,2.500000000000000e-02,2.500000000000000e-02,-3.469446951953614e-18
14500,6,2.000000000000000e-02,2.000000000000000e-02,3.469446951953614e-18
14500,7,-1.800000000000000e-02,-1.800000000000000e-02,3.469446951953614e-18
14500,8,1.500000000000000e-02,1.499999999999999e-02,5.204170427930421e-18
14500,9,1.200000000000000e-02,1.200000000000000e-02,3.469446951953614e-18
14500,10,-1.000000000000000e-02,-1.000000000000002e-02,1.561251128379126e-17
14500,11,8.999999999999999e-03,9.000000000000008e-03,-8.673617379884035e-18
14500,12,8.000000000000000e-03,7.999999999999995e-03,5.204170427930421e-18
14500,13,-7.000000000000000e-03,-7.000000000000008e-03,7.806255641895632e-18
14500,14,6.000000000000000e-03,6.000000000000006e-03,-6.071532165918825e-18
14500,15,5.000000000000000e-03,5.000000000000012e-03,-1.214306433183765e-17
14500,16,-4.000000000000000e-03,-4.000000000000020e-03,1.994931997373328e-17
14500,17,3.500000000000000e-03,3.500000000000015e-03,-1.517883041479706e-17
14500,18,3.000000000000000e-03,3.000000000000000e-03,0.000000000000000e+00
14500,19,-2.500000000000000e-03,-2.500000000000007e-03,6.938893903907228e-18
14500,20,2.000000000000000e-03,1.999999999999999e-03,1.301042606982605e-18
14500,21,1.800000000000000e-03,1.799999999999995e-03,4.770489558936220e-18
14500,22,-1.500000000000000e-03,-1.499999999999994e-03,-6.071532165918825e-18
14500,23,1.200000000000000e-03,1.199999999999986e-03,1.366094737331736e-17
14500,24,1.000000000000000e-03,1.000000000000015e-03,-1.496198998029996e-17
14500,25,-8.000000000000000e-04,-7.999999999999982e-04,-1.843143693225358e-18
14500,26,5.999999999999999e-04,5.999999999999966e-04,3.361026734705064e-18
14500,27,5.000000000000000e-04,5.000000000000029e-04,-2.927345865710862e-18
14500,28,-4.000000000000000e-04,-4.000000000000005e-04,4.336808689942018e-19
14500,29,3.000000000000000e-04,3.000000000000026e-04,-2.602085213965211e-18
14600,0,1.200000000000000e-01,1.199999999999998e-01,1.526556658859590e-16
14600,1,-8.000000000000000e-02,-7.999999999999985e-02,-1.526556658859590e-16
14600,2,5.500000000000000e-02,5.499999999999994e-02,6.245004513516506e-17
14600,3,4.000000000000000e-02,4.000000000000003e-02,-2.775557561562891e-17
14600,4,-3.000000000000000e-02,-2.999999999999999e-02,-6.938893903907228e-18
14600,5,2.500000000000000e-02,2.500000000000000e-02,-3.469446951953614e-18
14600,6,2.000000000000000e-02,2.000000000000000e-02,0.000000000000000e+00
14600,7,-1.800000000000000e-02,-1.800000000000001e-02,6.938893903907228e-18
14600,8,1.500000000000000e-02,1.500000000000000e-02,-1.734723475976807e-18
14600,9,1.200000000000000e-02,1.200000000000000e-02,-1.734723475976807e-18
14600,10,-1.000000000000000e-02,-1.000000000000002e-02,2.255140518769849e-17
14600,11,8.999999999999999e-03,9.000000000000024e-03,-2.428612866367530e-17
14600,12,8.000000000000000e-03,7.999999999999998e-03,1.734723475976807e-18
14600,13,-7.000000000000000e-03,-7.000000000000005e-03,5.204170427930421e-18
14600,14,6.000000000000000e-03,6.000000000000008e-03,-7.806255641895632e-18
14600,15,5.000000000000000e-03,5.000000000000016e-03,-1.561251128379126e-17
14600,16,-4.000000000000000e-03,-4.000000000000023e-03,2.255140518769849e-17
14600,17,3.500000000000000e-03,3.500000000000014e-03,-1.387778780781446e-17
14600,18,3.000000000000000e-03,2.999999999999996e-03,4.336808689942018e-18
14600,19,-2.500000000000000e-03,-2.500000000000001e-03,1.301042606982605e-18
14600,20,2.000000000000000e-03,1.999999999999992e-03,7.806255641895632e-18
14600,21,1.800000000000000e-03,1.800000000000000e-03,0.000000000000000e+00
14600,22,-1.500000000000000e-03,-1.499999999999996e-03,-3.686287386450715e-18
14600,23,1.200000000000000e-03,1.199999999999988e-03,1.214306433183765e-17
14600,24,1.000000000000000e-03,1.000000000000014e-03,-1.409462824231156e-17
14600,25,-8.000000000000000e-04,-8.000000000000014e-04,1.409462824231156e-18
14600,26,5.999999999999999e-04,5.999999999999956e-04,4.336808689942018e-18
14600,27,5.000000000000000e-04,5.000000000000109e-04,-1.084202172485504e-17
14600,28,-4.000000000000000e-04,-4.000000000000147e-04,1.469093943717859e-17
14600,29,3.000000000000000e-04,3.000000000000089e-04,-8.944667923005412e-18
14700,0,1.200000000000000e-01,1.199999999999998e-01,1.526556658859590e-16
14700,1,-8.000000000000000e-02,-7.999999999999985e-02,-1.526556658859590e-16
14700,2,5.500000000000000e-02,5.499999999999994e-02,6.245004513516506e-17
14700,3,4.000000000000000e-02,4.000000000000003e-02,-2.775557561562891e-17
14700,4,-3.000000000000000e-02,-3.000000000000000e-02,-3.469446951953614e-18
14700,5,2.500000000000000e-02,2.500000000000001e-02,-6.938893903907228e-18
14700,6,2.000000000000000e-02,2.000000000000000e-02,-3.469446951953614e-18
14700,7,-1.800000000000000e-02,-1.800000000000001e-02,1.040834085586084e-17
14700,8,1.500000000000000e-02,1.500000000000000e-02,-1.734723475976807e-18
14700,9,1.200000000000000e-02,1.199999999999999e-02,6.938893903907228e-18
14700,10,-1.000000000000000e-02,-1.000000000000001e-02,8.673617379884035e-18
14700,11,8.999999999999999e-03,9.000000000000024e-03,-2.428612866367530e-17
14700,12,8.000000000000000e-03,7.999999999999993e-03,6.938893903907228e-18
14700,13,-7.000000000000000e-03,-6.999999999999998e-03,-1.734723475976807e-18
14700,14,6.000000000000000e-03,6.000000000000003e-03,-2.602085213965211e-18
14700,15,5.000000000000000e-03,5.000000000000005e-03,-5.204170427930421e-18
14700,16,-4.000000000000000e-03,-4.000000000000014e-03,1.387778780781446e-17
14700,17,3.500000000000000e-03,3.500000000000015e-03,-1.474514954580286e-17
14700,18,3.000000000000000e-03,2.999999999999987e-03,1.301042606982605e-17
14700,19,-2.500000000000000e-03,-2.499999999999993e-03,-6.938893903907228e-18
14700,20,2.000000000000000e-03,1.999999999999988e-03,1.214306433183765e-17
14700,21,1.800000000000000e-03,1.799999999999996e-03,3.903127820947816e-18
14700,22,-1.500000000000000e-03,-1.499999999999991e-03,-9.324138683375338e-18
14700,23,1.200000000000000e-03,1.199999999999993e-03,6.505213034913027e-18
14700,24,1.000000000000000e-03,1.000000000000009e-03,-8.673617379884035e-18
14700,25,-8.000000000000000e-04,-8.000000000000024e-04,2.385244779468110e-18
14700,26,5.999999999999999e-04,5.999999999999928e-04,7.155734338404329e-18
14700,27,5.000000000000000e-04,5.000000000000187e-04,-1.864827736675068e-17
14700,28,-4.000000000000000e-04,-4.000000000000193e-04,1.924458856161770e-17
14700,29,3.000000000000000e-04,3.000000000000095e-04,-9.540979117872439e-18
14800,0,1.200000000000000e-01,1.199999999999998e-01,1.526556658859590e-16
14800,1,-8.000000000000000e-02,-7.999999999999985e-02,-1.526556658859590e-16
14800,2,5.500000000000000e-02,5.499999999999994e-02,6.245004513516506e-17
14800,3,4.000000000000000e-02,4.000000000000003e-02,-2.775557561562891e-17
14800,4,-3.000000000000000e-02,-2.999999999999999e-02,-1.040834085586084e-17
14800,5,2.500000000000000e-02,2.500000000000000e-02,-3.469446951953614e-18
14800,6,2.000000000000000e-02,2.000000000000000e-02,0.000000000000000e+00
14800,7,-1.800000000000000e-02,-1.800000000000001e-02,1.040834085586084e-17
14800,8,1.500000000000000e-02,1.500000000000000e-02,-3.469446951953614e-18
14800,9,1.200000000000000e-02,1.199999999999999e-02,1.040834085586084e-17
14800,10,-1.000000000000000e-02,-1.000000000000001e-02,5.204170427930421e-18
14800,11,8.999999999999999e-03,9.000000000000020e-03,-2.081668171172169e-17
14800,12,8.000000000000000e-03,7.999999999999995e-03,5.204170427930421e-18
14800,13,-7.000000000000000e-03,-6.999999999999996e-03,-4.336808689942018e-18
14800,14,6.000000000000000e-03,6.000000000000007e-03,-6.938893903907228e-18
14800,15,5.000000000000000e-03,5.000000000000006e-03,-6.071532165918825e-18
14800,16,-4.000000000000000e-03,-4.000000000000010e-03,1.040834085586084e-17
14800,17,3.500000000000000e-03,3.500000000000017e-03,-1.647987302177967e-17
14800,18,3.000000000000000e-03,2.999999999999985e-03,1.474514954580286e-17
14800,19,-2.500000000000000e-03,-2.499999999999992e-03,-7.806255641895632e-18
14800,20,2.000000000000000e-03,1.999999999999987e-03,1.344410693882025e-17
14800,21,1.800000000000000e-03,1.799999999999996e-03,3.469446951953614e-18
14800,22,-1.500000000000000e-03,-1.499999999999989e-03,-1.105886215935215e-17
14800,23,1.200000000000000e-03,1.200000000000001e-03,-6.505213034913027e-19
14800,24,1.000000000000000e-03,9.999999999999974e-04,2.602085213965211e-18
14800,25,-8.000000000000000e-04,-7.999999999999973e-04,-2.710505431213761e-18
14800,26,5.999999999999999e-04,5.999999999999996e-04,3.252606517456513e-19
14800,27,5.000000000000000e-04,5.000000000000085e-04,-8.456776945386935e-18
14800,28,-4.000000000000000e-04,-4.000000000000132e-04,1.322726650432315e-17
14800,29,3.000000000000000e-04,3.000000000000062e-04,-6.179952383167375e-18
14900,0,1.200000000000000e-01,1.199999999999998e-01,1.526556658859590e-16
14900,1,-8.000000000000000e-02,-7.999999999999985e-02,-1.526556658859590e-16
14900,2,5.500000000000000e-02,5.499999999999994e-02,5.551115123125783e-17
14900,3,4.000000000000000e-02,4.000000000000003e-02,-2.775557561562891e-17
14900,4,-3.000000000000000e-02,-2.999999999999999e-02,-6.938893903907228e-18
14900,5,2.500000000000000e-02,2.500000000000000e-02,-3.469446951953614e-18
14900,6,2.000000000000000e-02,2.000000000000000e-02,-3.469446951953614e-18
14900,7,-1.800000000000000e-02,-1.800000000000001e-02,1.040834085586084e-17
14900,8,1.500000000000000e-02,1.500000000000000e-02,-1.734723475976807e-18
14900,9,1.200000000000000e-02,1.199999999999999e-02,8.673617379884035e-18
14900,10,-1.000000000000000e-02,-1.000000000000001e-02,1.214306433183765e-17
14900,11,8.999999999999999e-03,9.000000000000022e-03,-2.255140518769849e-17
14900,12,8.000000000000000e-03,7.999999999999988e-03,1.214306433183765e-17
14900,13,-7.000000000000000e-03,-7.000000000000006e-03,6.071532165918825e-18
14900,14,6.000000000000000e-03,6.000000000000003e-03,-2.602085213965211e-18
14900,15,5.000000000000000e-03,5.000000000000001e-03,-8.673617379884035e-19
14900,16,-4.000000000000000e-03,-4.000000000000015e-03,1.474514954580286e-17
14900,17,3.500000000000000e-03,3.500000000000021e-03,-2.081668171172169e-17
14900,18,3.000000000000000e-03,2.999999999999987e-03,1.257674520083185e-17
14900,19,-2.500000000000000e-03,-2.499999999999999e-03,-8.673617379884035e-19
14900,20,2.000000000000000e-03,1.999999999999994e-03,6.505213034913027e-18
14900,21,1.800000000000000e-03,1.799999999999998e-03,1.734723475976807e-18
14900,22,-1.500000000000000e-03,-1.499999999999995e-03,-4.770489558936220e-18
14900,23,1.200000000000000e-03,1.200000000000004e-03,-3.903127820947816e-18
14900,24,1.000000000000000e-03,1.000000000000002e-03,-1.951563910473908e-18
14900,25,-8.000000000000000e-04,-8.000000000000034e-04,3.361026734705064e-18
14900,26,5.999999999999999e-04,6.000000000000027e-04,-2.710505431213761e-18
14900,27,5.000000000000000e-04,5.000000000000111e-04,-1.105886215935215e-17
14900,28,-4.000000000000000e-04,-4.000000000000117e-04,1.165517335421917e-17
14900,29,3.000000000000000e-04,3.000000000000101e-04,-1.008308020411519e-17
15000,0,1.200000000000000e-01,1.199999999999998e-01,1.526556658859590e-16
15000,1,-8.000000000000000e-02,-7.999999999999985e-02,-1.526556658859590e-16
15000,2,5.500000000000000e-02,5.499999999999994e-02,5.551115123125783e-17
15000,3,4.000000000000000e-02,4.000000000000003e-02,-2.775557561562891e-17
15000,4,-3.000000000000000e-02,-3.000000000000000e-02,0.000000000000000e+00
15000,5,2.500000000000000e-02,2.500000000000000e-02,-3.469446951953614e-18
15000,6,2.000000000000000e-02,2.000000000000000e-02,-3.469446951953614e-18
15000,7,-1.800000000000000e-02,-1.800000000000000e-02,3.469446951953614e-18
15000,8,1.500000000000000e-02,1.500000000000000e-02,3.469446951953614e-18
15000,9,1.200000000000000e-02,1.200000000000000e-02,0.000000000000000e+00
15000,10,-1.000000000000000e-02,-9.999999999999998e-03,-1.734723475976807e-18
15000,11,8.999999999999999e-03,9.000000000000017e-03,-1.734723475976807e-17
15000,12,8.000000000000000e-03,7.999999999999986e-03,1.387778780781446e-17
15000,13,-7.000000000000000e-03,-7.000000000000000e-03,0.000000000000000e+00
15000,14,6.000000000000000e-03,5.999999999999994e-03,6.071532165918825e-18
15000,15,5.000000000000000e-03,5.000000000000011e-03,-1.127570259384925e-17
15000,16,-4.000000000000000e-03,-4.000000000000019e-03,1.908195823574488e-17
15000,17,3.500000000000000e-03,3.500000000000017e-03,-1.691355389077387e-17
15000,18,3.000000000000000e-03,2.999999999999986e-03,1.431146867680866e-17
15000,19,-2.500000000000000e-03,-2.499999999999990e-03,-9.974659986866641e-18
15000,20,2.000000000000000e-03,1.999999999999987e-03,1.301042606982605e-17
15000,21,1.800000000000000e-03,1.800000000000012e-03,-1.214306433183765e-17
15000,22,-1.500000000000000e-03,-1.499999999999994e-03,-5.854691731421724e-18
15000,23,1.200000000000000e-03,1.200000000000004e-03,-4.119968255444917e-18
15000,24,1.000000000000000e-03,1.000000000000000e-03,0.000000000000000e+00
15000,25,-8.000000000000000e-04,-8.000000000000029e-04,2.818925648462312e-18
15000,26,5.999999999999999e-04,5.999999999999917e-04,8.239936510889834e-18
15000,27,5.000000000000000e-04,5.000000000000110e-04,-1.095044194210359e-17
15000,28,-4.000000000000000e-04,-4.000000000000068e-04,6.776263578034403e-18
15000,29,3.000000000000000e-04,3.000000000000011e-04,-1.084202172485504e-18
15100,0,1.200000000000000e-01,1.199999999999998e-01,1.526556658859590e-16
15100,1,-8.000000000000000e-02,-7.999999999999985e-02,-1.526556658859590e-16
15100,2,5.500000000000000e-02,5.499999999999994e-02,5.551115123125783e-17
15100,3,4.000000000000000e-02,4.000000000000003e-02,-2.775557561562891e-17
15100,4,-3.000000000000000e-02,-3.000000000000000e-02,3.469446951953614e-18
15100,5,2.500000000000000e-02,2.500000000000001e-02,-6.938893903907228e-18
15100,6,2.000000000000000e-02,2.000000000000001e-02,-6.938893903907228e-18
15100,7,-1.800000000000000e-02,-1.800000000000000e-02,-3.469446951953614e-18
15100,8,1.500000000000000e-02,1.500000000000000e-02,3.469446951953614e-18
15100,9,1.200000000000000e-02,1.200000000000000e-02,1.734723475976807e-18
15100,10,-1.000000000000000e-02,-1.000000000000000e-02,3.469446951953614e-18
15100,11,8.999999999999999e-03,9.000000000000017e-03,-1.734723475976807e-17
15100,12,8.000000000000000e-03,7.999999999999983e-03,1.734723475976807e-17
15100,13,-7.000000000000000e-03,-6.999999999999991e-03,-9.540979117872439e-18
15100,14,6.000000000000000e-03,5.999999999999988e-03,1.214306433183765e-17
15100,15,5.000000000000000e-03,5.000000000000001e-03,-8.673617379884035e-19
15100,16,-4.000000000000000e-03,-4.000000000000008e-03,7.806255641895632e-18
15100,17,3.500000000000000e-03,3.500000000000016e-03,-1.561251128379126e-17
15100,18,3.000000000000000e-03,2.999999999999984e-03,1.561251128379126e-17
15100,19,-2.500000000000000e-03,-2.499999999999989e-03,-1.127570259384925e-17
15100,20,2.000000000000000e-03,1.999999999999994e-03,6.505213034913027e-18
15100,21,1.800000000000000e-03,1.800000000000002e-03,-1.951563910473908e-18
15100,22,-1.500000000000000e-03,-1.499999999999995e-03,-5.421010862427522e-18
15100,23,1.200000000000000e-03,1.200000000000000e-03,-2.168404344971009e-19
15100,24,1.000000000000000e-03,1.000000000000002e-03,-1.951563910473908e-18
15100,25,-8.000000000000000e-04,-7.999999999999987e-04,-1.301042606982605e-18
15100,26,5.999999999999999e-04,5.999999999999957e-04,4.228388472693467e-18
15100,27,5.000000000000000e-04,5.000000000000003e-04,-3.252606517456513e-19
15100,28,-4.000000000000000e-04,-3.999999999999916e-04,-8.402566836762659e-18
15100,29,3.000000000000000e-04,2.999999999999842e-04,1.577514160966409e-17
15200,0,1.200000000000000e-01,1.199999999999998e-01,1.526556658859590e-16
15200,1,-8.000000000000000e-02,-7.999999999999985e-02,-1.526556658859590e-16
15200,2,5.500000000000000e-02,5.499999999999994e-02,5.551115123125783e-17
15200,3,4.000000000000000e-02,4.000000000000003e-02,-2.775557561562891e-17
15200,4,-3.000000000000000e-02,-3.000000000000000e-02,3.469446951953614e-18
15200,5,2.500000000000000e-02,2.500000000000000e-02,0.000000000000000e+00
15200,6,2.000000000000000e-02,2.000000000000001e-02,-1.040834085586084e-17
15200,7,-1.800000000000000e-02,-1.799999999999999e-02,-1.040834085586084e-17
15200,8,1.500000000000000e-02,1.499999999999999e-02,1.040834085586084e-17
15200,9,1.200000000000000e-02,1.200000000000001e-02,-6.938893903907228e-18
15200,10,-1.000000000000000e-02,-1.000000000000001e-02,6.938893903907228e-18
15200,11,8.999999999999999e-03,9.000000000000027e-03,-2.775557561562891e-17
15200,12,8.000000000000000e-03,7.999999999999979e-03,2.081668171172169e-17
15200,13,-7.000000000000000e-03,-6.999999999999991e-03,-9.540979117872439e-18
15200,14,6.000000000000000e-03,5.999999999999986e-03,1.387778780781446e-17
15200,15,5.000000000000000e-03,5.000000000000000e-03,0.000000000000000e+00
15200,16,-4.000000000000000e-03,-4.000000000000009e-03,8.673617379884035e-18
15200,17,3.500000000000000e-03,3.500000000000010e-03,-9.974659986866641e-18
15200,18,3.000000000000000e-03,2.999999999999995e-03,5.204170427930421e-18
15200,19,-2.500000000000000e-03,-2.499999999999994e-03,-6.505213034913027e-18
15200,20,2.000000000000000e-03,1.999999999999997e-03,2.602085213965211e-18
15200,21,1.800000000000000e-03,1.799999999999998e-03,1.517883041479706e-18
15200,22,-1.500000000000000e-03,-1.499999999999978e-03,-2.168404344971009e-17
15200,23,1.200000000000000e-03,1.199999999999984e-03,1.539567084929416e-17
15200,24,1.000000000000000e-03,1.000000000000003e-03,-3.252606517456513e-18
15200,25,-8.000000000000000e-04,-7.999999999999973e-04,-2.710505431213761e-18
15200,26,5.999999999999999e-04,5.999999999999853e-04,1.463672932855431e-17
15200,27,5.000000000000000e-04,5.000000000000091e-04,-9.107298248878237e-18
15200,28,-4.000000000000000e-04,-3.999999999999958e-04,-4.228388472693467e-18
15200,29,3.000000000000000e-04,2.999999999999898e-04,1.019150042136374e-17
15300,0,1.200000000000000e-01,1.199999999999998e-01,1.526556658859590e-16
15300,1,-8.000000000000000e-02,-7.999999999999985e-02,-1.526556658859590e-16
15300,2,5.500000000000000e-02,5.499999999999994e-02,5.551115123125783e-17
15300,3,4.000000000000000e-02,4.000000000000002e-02,-2.081668171172169e-17
15300,4,-3.000000000000000e-02,-3.000000000000001e-02,1.040834085586084e-17
15300,5,2.500000000000000e-02,2.500000000000000e-02,0.000000000000000e+00
15300,6,2.000000000000000e-02,2.000000000000001e-02,-1.040834085586084e-17
15300,7,-1.800000000000000e-02,-1.800000000000000e-02,-3.469446951953614e-18
15300,8,1.500000000000000e-02,1.499999999999999e-02,5.204170427930421e-18
15300,9,1.200000000000000e-02,1.200000000000000e-02,5.204170427930421e-18
15300,10,-1.000000000000000e-02,-1.000000000000000e-02,0.000000000000000e+00
15300,11,8.999999999999999e-03,9.000000000000017e-03,-1.734723475976807e-17
15300,12,8.000000000000000e-03,7.999999999999988e-03,1.214306433183765e-17
15300,13,-7.000000000000000e-03,-6.999999999999991e-03,-8.673617379884035e-18
15300,14,6.000000000000000e-03,5.999999999999991e-03,8.673617379884035e-18
15300,15,5.000000000000000e-03,4.999999999999999e-03,8.673617379884035e-19
15300,16,-4.000000000000000e-03,-4.000000000000013e-03,1.301042606982605e-17
15300,17,3.500000000000000e-03,3.500000000000016e-03,-1.561251128379126e-17
15300,18,3.000000000000000e-03,2.999999999999995e-03,5.204170427930421e-18
15300,19,-2.500000000000000e-03,-2.499999999999999e-03,-8.673617379884035e-19
15300,20,2.000000000000000e-03,1.999999999999997e-03,3.035766082959412e-18
15300,21,1.800000000000000e-03,1.799999999999996e-03,3.686287386450715e-18
15300,22,-1.500000000000000e-03,-1.499999999999978e-03,-2.211772431870429e-17
15300,23,1.200000000000000e-03,1.199999999999981e-03,1.843143693225358e-17
15300,24,1.000000000000000e-03,1.000000000000007e-03,-7.372574772901430e-18
15300,25,-8.000000000000000e-04,-7.999999999999941e-04,-5.963111948670274e-18
15300,26,5.999999999999999e-04,5.999999999999860e-04,1.398620802506301e-17
15300,27,5.000000000000000e-04,5.000000000000075e-04,-7.480994990149981e-18
15300,28,-4.000000000000000e-04,-3.999999999999906e-04,-9.378348791999613e-18
15300,29,3.000000000000000e-04,2.999999999999877e-04,1.225148454908620e-17
15400,0,1.200000000000000e-01,1.199999999999998e-01,1.526556658859590e-16
15400,1,-8.000000000000000e-02,-7.999999999999985e-02,-1.526556658859590e-16
15400,2,5.500000000000000e-02,5.499999999999994e-02,5.551115123125783e-17
15400,3,4.000000000000000e-02,4.000000000000002e-02,-2.081668171172169e-17
15400,4,-3.000000000000000e-02,-3.000000000000002e-02,1.734723475976807e-17
15400,5,2.500000000000000e-02,2.500000000000000e-02,-3.469446951953614e-18
15400,6,2.000000000000000e-02,2.000000000000001e-02,-1.040834085586084e-17
15400,7,-1.800000000000000e-02,-1.800000000000001e-02,1.387778780781446e-17
15400,8,1.500000000000000e-02,1.500000000000000e-02,1.734723475976807e-18
15400,9,1.200000000000000e-02,1.200000000000001e-02,-6.938893903907228e-18
15400,10,-1.000000000000000e-02,-1.000000000000001e-02,6.938893903907228e-18
15400,11,8.999999999999999e-03,9.000000000000013e-03,-1.387778780781446e-17
15400,12,8.000000000000000e-03,7.999999999999981e-03,1.908195823574488e-17
15400,13,-7.000000000000000e-03,-6.999999999999986e-03,-1.387778780781446e-17
15400,14,6.000000000000000e-03,5.999999999999995e-03,5.204170427930421e-18
15400,15,5.000000000000000e-03,4.999999999999992e-03,7.806255641895632e-18
15400,16,-4.000000000000000e-03,-4.000000000000010e-03,9.540979117872439e-18
15400,17,3.500000000000000e-03,3.500000000000001e-03,-1.301042606982605e-18
15400,18,3.000000000000000e-03,3.000000000000006e-03,-5.637851296924623e-18
15400,19,-2.500000000000000e-03,-2.499999999999998e-03,-2.168404344971009e-18
15400,20,2.000000000000000e-03,1.999999999999998e-03,2.168404344971009e-18
15400,21,1.800000000000000e-03,1.800000000000003e-03,-2.602085213965211e-18
15400,22,-1.500000000000000e-03,-1.499999999999985e-03,-1.539567084929416e-17
15400,23,1.200000000000000e-03,1.199999999999980e-03,1.951563910473908e-17
15400,24,1.000000000000000e-03,1.000000000000005e-03,-4.553649124439119e-18
15400,25,-8.000000000000000e-04,-7.999999999999872e-04,-1.279358563532895e-17
15400,26,5.999999999999999e-04,5.999999999999776e-04,2.233456475320139e-17
15400,27,5.000000000000000e-04,5.000000000000028e-04,-2.818925648462312e-18
15400,28,-4.000000000000000e-04,-3.999999999999902e-04,-9.812029660993815e-18
15400,29,3.000000000000000e-04,2.999999999999862e-04,1.382357769919018e-17
15500,0,1.200000000000000e-01,1.199999999999998e-01,1.526556658859590e-16
15500,1,-8.000000000000000e-02,-7.999999999999985e-02,-1.526556658859590e-16
15500,2,5.500000000000000e-02,5.499999999999994e-02,5.551115123125783e-17
15500,3,4.000000000000000e-02,4.000000000000002e-02,-2.081668171172169e-17
15500,4,-3.000000000000000e-02,-3.000000000000003e-02,2.775557561562891e-17
15500,5,2.500000000000000e-02,2.500000000000001e-02,-1.040834085586084e-17
15500,6,2.000000000000000e-02,2.000000000000001e-02,-1.387778780781446e-17
15500,7,-1.800000000000000e-02,-1.800000000000001e-02,6.938893903907228e-18
15500,8,1.500000000000000e-02,1.500000000000000e-02,1.734723475976807e-18
15500,9,1.200000000000000e-02,1.200000000000001e-02,-8.673617379884035e-18
15500,10,-1.000000000000000e-02,-1.000000000000001e-02,5.204170427930421e-18
15500,11,8.999999999999999e-03,9.000000000000010e-03,-1.040834085586084e-17
15500,12,8.000000000000000e-03,7.999999999999990e-03,1.040834085586084e-17
15500,13,-7.000000000000000e-03,-6.999999999999997e-03,-3.469446951953614e-18
15500,14,6.000000000000000e-03,5.999999999999993e-03,6.938893903907228e-18
15500,15,5.000000000000000e-03,4.999999999999997e-03,3.469446951953614e-18
15500,16,-4.000000000000000e-03,-4.000000000000006e-03,6.071532165918825e-18
15500,17,3.500000000000000e-03,3.499999999999997e-03,3.035766082959412e-18
15500,18,3.000000000000000e-03,3.000000000000010e-03,-9.540979117872439e-18
15500,19,-2.500000000000000e-03,-2.499999999999991e-03,-8.673617379884035e-18
15500,20,2.000000000000000e-03,2.000000000000000e-03,4.336808689942018e-19
15500,21,1.800000000000000e-03,1.799999999999995e-03,5.204170427930421e-18
15500,22,-1.500000000000000e-03,-1.499999999999988e-03,-1.235990476633475e-17
15500,23,1.200000000000000e-03,1.199999999999983e-03,1.691355389077387e-17
15500,24,1.000000000000000e-03,9.999999999999996e-04,4.336808689942018e-19
15500,25,-8.000000000000000e-04,-7.999999999999871e-04,-1.290200585257750e-17
15500,26,5.999999999999999e-04,5.999999999999836e-04,1.637145280453112e-17
15500,27,5.000000000000000e-04,5.000000000000064e-04,-6.396792817664476e-18
15500,28,-4.000000000000000e-04,-3.999999999999925e-04,-7.480994990149981e-18
15500,29,3.000000000000000e-04,2.999999999999884e-04,1.154675313697062e-17
15600,0,1.200000000000000e-01,1.199999999999998e-01,1.526556658859590e-16
15600,1,-8.000000000000000e-02,-7.999999999999985e-02,-1.526556658859590e-16
15600,2,5.500000000000000e-02,5.499999999999994e-02,5.551115123125783e-17
15600,3,4.000000000000000e-02,4.000000000000002e-02,-2.081668171172169e-17
15600,4,-3.000000000000000e-02,-3.000000000000002e-02,2.081668171172169e-17
15600,5,2.500000000000000e-02,2.500000000000001e-02,-1.040834085586084e-17
15600,6,2.000000000000000e-02,2.000000000000001e-02,-1.387778780781446e-17
15600,7,-1.800000000000000e-02,-1.800000000000000e-02,3.469446951953614e-18
15600,8,1.500000000000000e-02,1.500000000000001e-02,-6.938893903907228e-18
15600,9,1.200000000000000e-02,1.200000000000001e-02,-1.040834085586084e-17
15600,10,-1.000000000000000e-02,-1.000000000000001e-02,8.673617379884035e-18
15600,11,8.999999999999999e-03,9.000000000000017e-03,-1.734723475976807e-17
15600,12,8.000000000000000e-03,7.999999999999991e-03,8.673617379884035e-18
15600,13,-7.000000000000000e-03,-6.999999999999994e-03,-6.071532165918825e-18
15600,14,6.000000000000000e-03,6.000000000000000e-03,0.000000000000000e+00
15600,15,5.000000000000000e-03,5.000000000000004e-03,-4.336808689942018e-18
15600,16,-4.000000000000000e-03,-4.000000000000002e-03,1.734723475976807e-18
15600,17,3.500000000000000e-03,3.499999999999997e-03,2.602085213965211e-18
15600,18,3.000000000000000e-03,3.000000000000000e-03,-4.336808689942018e-19
15600,19,-2.500000000000000e-03,-2.499999999999992e-03,-8.239936510889834e-18
15600,20,2.000000000000000e-03,2.000000000000008e-03,-8.239936510889834e-18
15600,21,1.800000000000000e-03,1.799999999999988e-03,1.235990476633475e-17
15600,22,-1.500000000000000e-03,-1.499999999999999e-03,-1.517883041479706e-18
15600,23,1.200000000000000e-03,1.199999999999988e-03,1.149254302834635e-17
15600,24,1.000000000000000e-03,9.999999999999970e-04,3.035766082959412e-18
15600,25,-8.000000000000000e-04,-7.999999999999869e-04,-1.311884628707460e-17
15600,26,5.999999999999999e-04,5.999999999999784e-04,2.157562323246154e-17
15600,27,5.000000000000000e-04,5.000000000000114e-04,-1.138412281109780e-17
15600,28,-4.000000000000000e-04,-3.999999999999990e-04,-1.029992063861229e-18
15600,29,3.000000000000000e-04,3.000000000000027e-04,-2.764715539838036e-18
15700,0,1.200000000000000e-01,1.199999999999998e-01,1.526556658859590e-16
15700,1,-8.000000000000000e-02,-7.999999999999985e-02,-1.526556658859590e-16
15700,2,5.500000000000000e-02,5.499999999999994e-02,5.551115123125783e-17
15700,3,4.000000000000000e-02,4.000000000000002e-02,-2.081668171172169e-17
15700,4,-3.000000000000000e-02,-3.000000000000002e-02,2.081668171172169e-17
15700,5,2.500000000000000e-02,2.500000000000000e-02,3.469446951953614e-18
15700,6,2.000000000000000e-02,2.000000000000001e-02,-1.387778780781446e-17
15700,7,-1.800000000000000e-02,-1.800000000000000e-02,3.469446951953614e-18
15700,8,1.500000000000000e-02,1.499999999999999e-02,8.673617379884035e-18
15700,9,1.200000000000000e-02,1.200000000000001e-02,-1.214306433183765e-17
15700,10,-1.000000000000000e-02,-1.000000000000001e-02,1.040834085586084e-17
15700,11,8.999999999999999e-03,9.000000000000025e-03,-2.602085213965211e-17
15700,12,8.000000000000000e-03,7.999999999999983e-03,1.734723475976807e-17
15700,13,-7.000000000000000e-03,-6.999999999999990e-03,-1.040834085586084e-17
15700,14,6.000000000000000e-03,6.000000000000001e-03,-8.673617379884035e-19
15700,15,5.000000000000000e-03,4.999999999999998e-03,1.734723475976807e-18
15700,16,-4.000000000000000e-03,-4.000000000000006e-03,6.071532165918825e-18
15700,17,3.500000000000000e-03,3.500000000000003e-03,-3.035766082959412e-18
15700,18,3.000000000000000e-03,3.000000000000000e-03,0.000000000000000e+00
15700,19,-2.500000000000000e-03,-2.499999999999993e-03,-6.938893903907228e-18
15700,20,2.000000000000000e-03,2.000000000000002e-03,-1.734723475976807e-18
15700,21,1.800000000000000e-03,1.799999999999994e-03,6.071532165918825e-18
15700,22,-1.500000000000000e-03,-1.500000000000000e-03,-4.336808689942018e-19
15700,23,1.200000000000000e-03,1.199999999999983e-03,1.691355389077387e-17
15700,24,1.000000000000000e-03,1.000000000000005e-03,-5.204170427930421e-18
15700,25,-8.000000000000000e-04,-7.999999999999964e-04,-3.686287386450715e-18
15700,26,5.999999999999999e-04,5.999999999999907e-04,9.215718466126788e-18
15700,27,5.000000000000000e-04,4.999999999999949e-04,5.095750210681871e-18
15700,28,-4.000000000000000e-04,-3.999999999999857e-04,-1.436567878543293e-17
15700,29,3.000000000000000e-04,2.999999999999947e-04,5.258380536554697e-18
15800,0,1.200000000000000e-01,1.199999999999998e-01,1.526556658859590e-16
15800,1,-8.000000000000000e-02,-7.999999999999985e-02,-1.526556658859590e-16
15800,2,5.500000000000000e-02,5.499999999999995e-02,4.857225732735060e-17
15800,3,4.000000000000000e-02,4.000000000000002e-02,-2.081668171172169e-17
15800,4,-3.000000000000000e-02,-3.000000000000002e-02,2.081668171172169e-17
15800,5,2.500000000000000e-02,2.500000000000000e-02,3.469446951953614e-18
15800,6,2.000000000000000e-02,2.000000000000001e-02,-6.938893903907228e-18
15800,7,-1.800000000000000e-02,-1.799999999999999e-02,-1.040834085586084e-17
15800,8,1.500000000000000e-02,1.499999999999999e-02,1.214306433183765e-17
15800,9,1.200000000000000e-02,1.200000000000001e-02,-1.040834085586084e-17
15800,10,-1.000000000000000e-02,-1.000000000000001e-02,5.204170427930421e-18
15800,11,8.999999999999999e-03,9.000000000000022e-03,-2.255140518769849e-17
15800,12,8.000000000000000e-03,7.999999999999978e-03,2.255140518769849e-17
15800,13,-7.000000000000000e-03,-6.999999999999995e-03,-5.204170427930421e-18
15800,14,6.000000000000000e-03,5.999999999999999e-03,8.673617379884035e-19
15800,15,5.000000000000000e-03,5.000000000000003e-03,-2.602085213965211e-18
15800,16,-4.000000000000000e-03,-4.000000000000004e-03,3.469446951953614e-18
15800,17,3.500000000000000e-03,3.500000000000004e-03,-3.903127820947816e-18
15800,18,3.000000000000000e-03,2.999999999999997e-03,3.469446951953614e-18
15800,19,-2.500000000000000e-03,-2.499999999999999e-03,-8.673617379884035e-19
15800,20,2.000000000000000e-03,2.000000000000010e-03,-9.540979117872439e-18
15800,21,1.800000000000000e-03,1.799999999999983e-03,1.691355389077387e-17
15800,22,-1.500000000000000e-03,-1.499999999999998e-03,-2.168404344971009e-18
15800,23,1.200000000000000e-03,1.199999999999986e-03,1.344410693882025e-17
15800,24,1.000000000000000e-03,1.000000000000002e-03,-1.951563910473908e-18
15800,25,-8.000000000000000e-04,-8.000000000000006e-04,5.421010862427522e-19
15800,26,5.999999999999999e-04,5.999999999999895e-04,1.040834085586084e-17
15800,27,5.000000000000000e-04,5.000000000000027e-04,-2.710505431213761e-18
15800,28,-4.000000000000000e-04,-3.999999999999851e-04,-1.490777987167569e-17
15800,29,3.000000000000000e-04,2.999999999999891e-04,1.089623183347932e-17
15900,0,1.200000000000000e-01,1.199999999999998e-01,1.526556658859590e-16
15900,1,-8.000000000000000e-02,-7.999999999999985e-02,-1.526556658859590e-16
15900,2,5.500000000000000e-02,5.499999999999995e-02,4.857225732735060e-17
15900,3,4.000000000000000e-02,4.000000000000002e-02,-2.081668171172169e-17
15900,4,-3.000000000000000e-02,-3.000000000000002e-02,2.081668171172169e-17
15900,5,2.500000000000000e-02,2.500000000000000e-02,3.469446951953614e-18
15900,6,2.000000000000000e-02,2.000000000000000e-02,-3.469446951953614e-18
15900,7,-1.800000000000000e-02,-1.799999999999999e-02,-6.938893903907228e-18
15900,8,1.500000000000000e-02,1.499999999999999e-02,6.938893903907228e-18
15900,9,1.200000000000000e-02,1.200000000000000e-02,0.000000000000000e+00
15900,10,-1.000000000000000e-02,-1.000000000000001e-02,1.040834085586084e-17
15900,11,8.999999999999999e-03,9.000000000000018e-03,-1.908195823574488e-17
15900,12,8.000000000000000e-03,7.999999999999988e-03,1.214306433183765e-17
15900,13,-7.000000000000000e-03,-6.999999999999995e-03,-5.204170427930421e-18
15900,14,6.000000000000000e-03,5.999999999999999e-03,8.673617379884035e-19
15900,15,5.000000000000000e-03,4.999999999999997e-03,3.469446951953614e-18
15900,16,-4.000000000000000e-03,-4.000000000000000e-03,0.000000000000000e+00
15900,17,3.500000000000000e-03,3.499999999999998e-03,1.734723475976807e-18
15900,18,3.000000000000000e-03,3.000000000000000e-03,0.000000000000000e+00
15900,19,-2.500000000000000e-03,-2.499999999999993e-03,-6.938893903907228e-18
15900,20,2.000000000000000e-03,2.000000000000008e-03,-7.806255641895632e-18
15900,21,1.800000000000000e-03,1.799999999999985e-03,1.517883041479706e-17
15900,22,-1.500000000000000e-03,-1.500000000000004e-03,3.686287386450715e-18
15900,23,1.200000000000000e-03,1.200000000000002e-03,-2.168404344971009e-18
15900,24,1.000000000000000e-03,9.999999999999950e-04,4.987329993433320e-18
15900,25,-8.000000000000000e-04,-7.999999999999942e-04,-5.854691731421724e-18
15900,26,5.999999999999999e-04,5.999999999999922e-04,7.697835424647081e-18
15900,27,5.000000000000000e-04,5.000000000000083e-04,-8.239936510889834e-18
15900,28,-4.000000000000000e-04,-3.999999999999903e-04,-9.757819552369540e-18
15900,29,3.000000000000000e-04,2.999999999999888e-04,1.122149248522497e-17
16000,0,1.200000000000000e-01,1.199999999999998e-01,1.526556658859590e-16
16000,1,-8.000000000000000e-02,-7.999999999999985e-02,-1.526556658859590e-16
16000,2,5.500000000000000e-02,5.499999999999995e-02,4.857225732735060e-17
16000,3,4.000000000000000e-02,4.000000000000002e-02,-2.081668171172169e-17
16000,4,-3.000000000000000e-02,-3.000000000000001e-02,6.938893903907228e-18
16000,5,2.500000000000000e-02,2.499999999999999e-02,6.938893903907228e-18
16000,6,2.000000000000000e-02,2.000000000000000e-02,3.469446951953614e-18
16000,7,-1.800000000000000e-02,-1.799999999999999e-02,-1.040834085586084e-17
16000,8,1.500000000000000e-02,1.499999999999999e-02,8.673617379884035e-18
16000,9,1.200000000000000e-02,1.200000000000000e-02,5.204170427930421e-18
16000,10,-1.000000000000000e-02,-1.000000000000000e-02,0.000000000000000e+00
16000,11,8.999999999999999e-03,9.000000000000006e-03,-6.938893903907228e-18
16000,12,8.000000000000000e-03,7.999999999999993e-03,6.938893903907228e-18
16000,13,-7.000000000000000e-03,-7.000000000000003e-03,2.602085213965211e-18
16000,14,6.000000000000000e-03,5.999999999999996e-03,4.336808689942018e-18
16000,15,5.000000000000000e-03,5.000000000000011e-03,-1.040834085586084e-17
16000,16,-4.000000000000000e-03,-4.000000000000010e-03,9.540979117872439e-18
16000,17,3.500000000000000e-03,3.500000000000000e-03,4.336808689942018e-19
16000,18,3.000000000000000e-03,3.000000000000005e-03,-4.770489558936220e-18
16000,19,-2.500000000000000e-03,-2.500000000000000e-03,4.336808689942018e-19
16000,20,2.000000000000000e-03,2.000000000000007e-03,-6.938893903907228e-18
16000,21,1.800000000000000e-03,1.799999999999985e-03,1.452830911130576e-17
16000,22,-1.500000000000000e-03,-1.500000000000000e-03,4.336808689942018e-19
16000,23,1.200000000000000e-03,1.200000000000000e-03,2.168404344971009e-19
16000,24,1.000000000000000e-03,9.999999999999953e-04,4.770489558936220e-18
16000,25,-8.000000000000000e-04,-7.999999999999969e-04,-3.144186300207963e-18
16000,26,5.999999999999999e-04,6.000000000000024e-04,-2.493664996716660e-18
16000,27,5.000000000000000e-04,4.999999999999938e-04,6.179952383167375e-18
16000,28,-4.000000000000000e-04,-3.999999999999864e-04,-1.360673726469308e-17
16000,29,3.000000000000000e-04,2.999999999999876e-04,1.241411487495903e-17
16100,0,1.200000000000000e-01,1.199999999999998e-01,1.526556658859590e-16
16100,1,-8.000000000000000e-02,-7.999999999999985e-02,-1.526556658859590e-16
16100,2,5.500000000000000e-02,5.499999999999995e-02,4.857225732735060e-17
16100,3,4.000000000000000e-02,4.000000000000002e-02,-2.081668171172169e-17
16100,4,-3.000000000000000e-02,-3.000000000000001e-02,6.938893903907228e-18
16100,5,2.500000000000000e-02,2.499999999999999e-02,6.938893903907228e-18
16100,6,2.000000000000000e-02,2.000000000000000e-02,-3.469446951953614e-18
16100,7,-1.800000000000000e-02,-1.800000000000000e-02,0.000000000000000e+00
16100,8,1.500000000000000e-02,1.500000000000001e-02,-1.214306433183765e-17
16100,9,1.200000000000000e-02,1.199999999999999e-02,1.040834085586084e-17
16100,10,-1.000000000000000e-02,-1.000000000000000e-02,0.000000000000000e+00
16100,11,8.999999999999999e-03,8.999999999999992e-03,6.938893903907228e-18
16100,12,8.000000000000000e-03,7.999999999999991e-03,8.673617379884035e-18
16100,13,-7.000000000000000e-03,-7.000000000000007e-03,6.938893903907228e-18
16100,14,6.000000000000000e-03,5.999999999999995e-03,5.204170427930421e-18
16100,15,5.000000000000000e-03,5.000000000000022e-03,-2.168404344971009e-17
16100,16,-4.000000000000000e-03,-4.000000000000010e-03,9.540979117872439e-18
16100,17,3.500000000000000e-03,3.499999999999991e-03,9.107298248878237e-18
16100,18,3.000000000000000e-03,3.000000000000008e-03,-8.239936510889834e-18
16100,19,-2.500000000000000e-03,-2.500000000000007e-03,6.938893903907228e-18
16100,20,2.000000000000000e-03,2.000000000000015e-03,-1.474514954580286e-17
16100,21,1.800000000000000e-03,1.799999999999994e-03,6.071532165918825e-18
16100,22,-1.500000000000000e-03,-1.500000000000010e-03,1.019150042136374e-17
16100,23,1.200000000000000e-03,1.199999999999999e-03,4.336808689942018e-19
16100,24,1.000000000000000e-03,1.000000000000005e-03,-5.421010862427522e-18
16100,25,-8.000000000000000e-04,-8.000000000000017e-04,1.626303258728257e-18
16100,26,5.999999999999999e-04,6.000000000000035e-04,-3.577867169202165e-18
16100,27,5.000000000000000e-04,4.999999999999983e-04,1.734723475976807e-18
16100,28,-4.000000000000000e-04,-3.999999999999898e-04,-1.019150042136374e-17
16100,29,3.000000000000000e-04,2.999999999999878e-04,1.214306433183765e-17
16200,0,1.200000000000000e-01,1.199999999999998e-01,1.526556658859590e-16
16200,1,-8.000000000000000e-02,-7.999999999999985e-02,-1.526556658859590e-16
16200,2,5.500000000000000e-02,5.499999999999995e-02,4.857225732735060e-17
16200,3,4.000000000000000e-02,4.000000000000003e-02,-2.775557561562891e-17
16200,4,-3.000000000000000e-02,-3.000000000000000e-02,3.469446951953614e-18
16200,5,2.500000000000000e-02,2.499999999999999e-02,1.387778780781446e-17
16200,6,2.000000000000000e-02,2.000000000000000e-02,-3.469446951953614e-18
16200,7,-1.800000000000000e-02,-1.800000000000000e-02,0.000000000000000e+00
16200,8,1.500000000000000e-02,1.500000000000002e-02,-1.561251128379126e-17
16200,9,1.200000000000000e-02,1.200000000000000e-02,3.469446951953614e-18
16200,10,-1.000000000000000e-02,-1.000000000000001e-02,5.204170427930421e-18
16200,11,8.999999999999999e-03,8.999999999999987e-03,1.214306433183765e-17
16200,12,8.000000000000000e-03,7.999999999999998e-03,1.734723475976807e-18
16200,13,-7.000000000000000e-03,-7.000000000000000e-03,0.000000000000000e+00
16200,14,6.000000000000000e-03,5.999999999999984e-03,1.647987302177967e-17
16200,15,5.000000000000000e-03,5.000000000000024e-03,-2.428612866367530e-17
16200,16,-4.000000000000000e-03,-4.000000000000023e-03,2.255140518769849e-17
16200,17,3.500000000000000e-03,3.499999999999999e-03,1.301042606982605e-18
16200,18,3.000000000000000e-03,3.000000000000006e-03,-5.637851296924623e-18
16200,19,-2.500000000000000e-03,-2.500000000000007e-03,6.938893903907228e-18
16200,20,2.000000000000000e-03,2.000000000000017e-03,-1.647987302177967e-17
16200,21,1.800000000000000e-03,1.799999999999992e-03,7.806255641895632e-18
16200,22,-1.500000000000000e-03,-1.500000000000007e-03,6.938893903907228e-18
16200,23,1.200000000000000e-03,1.199999999999998e-03,2.168404344971009e-18
16200,24,1.000000000000000e-03,1.000000000000005e-03,-5.421010862427522e-18
16200,25,-8.000000000000000e-04,-7.999999999999979e-04,-2.168404344971009e-18
16200,26,5.999999999999999e-04,5.999999999999970e-04,2.927345865710862e-18
16200,27,5.000000000000000e-04,5.000000000000033e-04,-3.252606517456513e-18
16200,28,-4.000000000000000e-04,-3.999999999999941e-04,-5.908901840045999e-18
16200,29,3.000000000000000e-04,2.999999999999956e-04,4.391018798566293e-18
16300,0,1.200000000000000e-01,1.199999999999998e-01,1.526556658859590e-16
16300,1,-8.000000000000000e-02,-7.999999999999985e-02,-1.526556658859590e-16
16300,2,5.500000000000000e-02,5.499999999999995e-02,4.857225732735060e-17
16300,3,4.000000000000000e-02,4.000000000000003e-02,-2.775557561562891e-17
16300,4,-3.000000000000000e-02,-3.000000000000002e-02,2.081668171172169e-17
16300,5,2.500000000000000e-02,2.500000000000000e-02,3.469446951953614e-18
16300,6,2.000000000000000e-02,1.999999999999999e-02,6.938893903907228e-18
16300,7,-1.800000000000000e-02,-1.799999999999999e-02,-6.938893903907228e-18
16300,8,1.500000000000000e-02,1.500000000000000e-02,-3.469446951953614e-18
16300,9,1.200000000000000e-02,1.200000000000000e-02,3.469446951953614e-18
16300,10,-1.000000000000000e-02,-1.000000000000000e-02,1.734723475976807e-18
16300,11,8.999999999999999e-03,8.999999999999994e-03,5.204170427930421e-18
16300,12,8.000000000000000e-03,8.000000000000007e-03,-6.938893903907228e-18
16300,13,-7.000000000000000e-03,-7.000000000000013e-03,1.301042606982605e-17
16300,14,6.000000000000000e-03,5.999999999999998e-03,1.734723475976807e-18
16300,15,5.000000000000000e-03,5.000000000000006e-03,-6.071532165918825e-18
16300,16,-4.000000000000000e-03,-4.000000000000006e-03,6.071532165918825e-18
16300,17,3.500000000000000e-03,3.500000000000003e-03,-2.602085213965211e-18
16300,18,3.000000000000000e-03,2.999999999999996e-03,4.336808689942018e-18
16300,19,-2.500000000000000e-03,-2.499999999999999e-03,-8.673617379884035e-19
16300,20,2.000000000000000e-03,2.000000000000009e-03,-9.107298248878237e-18
16300,21,1.800000000000000e-03,1.800000000000001e-03,-6.505213034913027e-19
16300,22,-1.500000000000000e-03,-1.500000000000009e-03,9.324138683375338e-18
16300,23,1.200000000000000e-03,1.200000000000006e-03,-6.071532165918825e-18
16300,24,1.000000000000000e-03,1.000000000000003e-03,-3.035766082959412e-18
16300,25,-8.000000000000000e-04,-7.999999999999996e-04,-4.336808689942018e-19
16300,26,5.999999999999999e-04,5.999999999999917e-04,8.239936510889834e-18
16300,27,5.000000000000000e-04,4.999999999999943e-04,5.746271514173174e-18
16300,28,-4.000000000000000e-04,-3.999999999999945e-04,-5.475220971051797e-18
16300,29,3.000000000000000e-04,2.999999999999859e-04,1.404041813368728e-17
16400,0,1.200000000000000e-01,1.199999999999998e-01,1.526556658859590e-16
16400,1,-8.000000000000000e-02,-7.999999999999985e-02,-1.526556658859590e-16
16400,2,5.500000000000000e-02,5.499999999999995e-02,4.857225732735060e-17
16400,3,4.000000000000000e-02,4.000000000000003e-02,-2.775557561562891e-17
16400,4,-3.000000000000000e-02,-3.000000000000001e-02,1.387778780781446e-17
16400,5,2.500000000000000e-02,2.500000000000000e-02,0.000000000000000e+00
16400,6,2.000000000000000e-02,2.000000000000000e-02,3.469446951953614e-18
16400,7,-1.800000000000000e-02,-1.799999999999999e-02,-1.040834085586084e-17
16400,8,1.500000000000000e-02,1.500000000000000e-02,0.000000000000000e+00
16400,9,1.200000000000000e-02,1.200000000000001e-02,-6.938893903907228e-18
16400,10,-1.000000000000000e-02,-1.000000000000001e-02,5.204170427930421e-18
16400,11,8.999999999999999e-03,8.999999999999994e-03,5.204170427930421e-18
16400,12,8.000000000000000e-03,7.999999999999997e-03,3.469446951953614e-18
16400,13,-7.000000000000000e-03,-7.000000000000002e-03,1.734723475976807e-18
16400,14,6.000000000000000e-03,5.999999999999991e-03,9.540979117872439e-18
16400,15,5.000000000000000e-03,5.000000000000008e-03,-7.806255641895632e-18
16400,16,-4.000000000000000e-03,-4.000000000000002e-03,1.734723475976807e-18
16400,17,3.500000000000000e-03,3.499999999999994e-03,6.071532165918825e-18
16400,18,3.000000000000000e-03,3.000000000000003e-03,-2.602085213965211e-18
16400,19,-2.500000000000000e-03,-2.500000000000007e-03,6.505213034913027e-18
16400,20,2.000000000000000e-03,2.000000000000000e-03,-4.336808689942018e-19
16400,21,1.800000000000000e-03,1.800000000000005e-03,-5.421010862427522e-18
16400,22,-1.500000000000000e-03,-1.500000000000001e-03,1.301042606982605e-18
16400,23,1.200000000000000e-03,1.199999999999998e-03,2.385244779468110e-18
16400,24,1.000000000000000e-03,1.000000000000012e-03,-1.192622389734055e-17
16400,25,-8.000000000000000e-04,-8.000000000000042e-04,4.119968255444917e-18
16400,26,5.999999999999999e-04,6.000000000000015e-04,-1.517883041479706e-18
16400,27,5.000000000000000e-04,4.999999999999948e-04,5.204170427930421e-18
16400,28,-4.000000000000000e-04,-3.999999999999953e-04,-4.716279450311944e-18
16400,29,3.000000000000000e-04,2.999999999999920e-04,7.968885967768458e-18
16500,0,1.200000000000000e-01,1.199999999999998e-01,1.526556658859590e-16
16500,1,-8.000000000000000e-02,-7.999999999999985e-02,-1.526556658859590e-16
16500,2,5.500000000000000e-02,5.499999999999995e-02,4.857225732735060e-17
16500,3,4.000000000000000e-02,4.000000000000003e-02,-2.775557561562891e-17
16500,4,-3.000000000000000e-02,-3.000000000000001e-02,1.387778780781446e-17
16500,5,2.500000000000000e-02,2.499999999999999e-02,6.938893903907228e-18
16500,6,2.000000000000000e-02,2.000000000000000e-02,3.469446951953614e-18
16500,7,-1.800000000000000e-02,-1.800000000000000e-02,0.000000000000000e+00
16500,8,1.500000000000000e-02,1.500000000000001e-02,-6.938893903907228e-18
16500,9,1.200000000000000e-02,1.199999999999999e-02,1.040834085586084e-17
16500,10,-1.000000000000000e-02,-1.000000000000000e-02,0.000000000000000e+00
16500,11,8.999999999999999e-03,9.000000000000003e-03,-3.469446951953614e-18
16500,12,8.000000000000000e-03,7.999999999999998e-03,1.734723475976807e-18
16500,13,-7.000000000000000e-03,-6.999999999999998e-03,-1.734723475976807e-18
16500,14,6.000000000000000e-03,5.999999999999985e-03,1.474514954580286e-17
16500,15,5.000000000000000e-03,5.000000000000014e-03,-1.387778780781446e-17
16500,16,-4.000000000000000e-03,-4.000000000000010e-03,1.040834085586084e-17
16500,17,3.500000000000000e-03,3.500000000000005e-03,-4.770489558936220e-18
16500,18,3.000000000000000e-03,2.999999999999999e-03,8.673617379884035e-19
16500,19,-2.500000000000000e-03,-2.500000000000005e-03,4.770489558936220e-18
16500,20,2.000000000000000e-03,1.999999999999993e-03,6.938893903907228e-18
16500,21,1.800000000000000e-03,1.800000000000011e-03,-1.149254302834635e-17
16500,22,-1.500000000000000e-03,-1.500000000000000e-03,4.336808689942018e-19
16500,23,1.200000000000000e-03,1.200000000000001e-03,-1.517883041479706e-18
16500,24,1.000000000000000e-03,1.000000000000016e-03,-1.561251128379126e-17
16500,25,-8.000000000000000e-04,-8.000000000000126e-04,1.257674520083185e-17
16500,26,5.999999999999999e-04,6.000000000000075e-04,-7.589415207398531e-18
16500,27,5.000000000000000e-04,4.999999999999820e-04,1.799775606325937e-17
16500,28,-4.000000000000000e-04,-3.999999999999924e-04,-7.589415207398531e-18
16500,29,3.000000000000000e-04,2.999999999999991e-04,9.215718466126788e-19
16600,0,1.200000000000000e-01,1.199999999999998e-01,1.526556658859590e-16
16600,1,-8.000000000000000e-02,-7.999999999999985e-02,-1.526556658859590e-16
16600,2,5.500000000000000e-02,5.499999999999995e-02,4.857225732735060e-17
16600,3,4.000000000000000e-02,4.000000000000003e-02,-2.775557561562891e-17
16600,4,-3.000000000000000e-02,-3.000000000000001e-02,1.040834085586084e-17
16600,5,2.500000000000000e-02,2.499999999999999e-02,6.938893903907228e-18
16600,6,2.000000000000000e-02,2.000000000000000e-02,0.000000000000000e+00
16600,7,-1.800000000000000e-02,-1.799999999999999e-02,-1.040834085586084e-17
16600,8,1.500000000000000e-02,1.500000000000000e-02,0.000000000000000e+00
16600,9,1.200000000000000e-02,1.199999999999999e-02,8.673617379884035e-18
16600,10,-1.000000000000000e-02,-9.999999999999995e-03,-5.204170427930421e-18
16600,11,8.999999999999999e-03,9.000000000000001e-03,-1.734723475976807e-18
16600,12,8.000000000000000e-03,7.999999999999997e-03,3.469446951953614e-18
16600,13,-7.000000000000000e-03,-6.999999999999999e-03,-8.673617379884035e-19
16600,14,6.000000000000000e-03,5.999999999999990e-03,1.040834085586084e-17
16600,15,5.000000000000000e-03,5.000000000000014e-03,-1.387778780781446e-17
16600,16,-4.000000000000000e-03,-4.000000000000015e-03,1.474514954580286e-17
16600,17,3.500000000000000e-03,3.500000000000001e-03,-4.336808689942018e-19
16600,18,3.000000000000000e-03,2.999999999999998e-03,2.168404344971009e-18
16600,19,-2.500000000000000e-03,-2.499999999999988e-03,-1.214306433183765e-17
16600,20,2.000000000000000e-03,1.999999999999986e-03,1.431146867680866e-17
16600,21,1.800000000000000e-03,1.800000000000014e-03,-1.431146867680866e-17
16600,22,-1.500000000000000e-03,-1.500000000000007e-03,6.722053469410127e-18
16600,23,1.200000000000000e-03,1.200000000000006e-03,-6.505213034913027e-18
16600,24,1.000000000000000e-03,1.000000000000005e-03,-4.553649124439119e-18
16600,25,-8.000000000000000e-04,-8.000000000000018e-04,1.734723475976807e-18
16600,26,5.999999999999999e-04,6.000000000000024e-04,-2.493664996716660e-18
16600,27,5.000000000000000e-04,4.999999999999899e-04,1.008308020411519e-17
16600,28,-4.000000000000000e-04,-3.999999999999986e-04,-1.409462824231156e-18
16600,29,3.000000000000000e-04,3.000000000000012e-04,-1.192622389734055e-18
16700,0,1.200000000000000e-01,1.199999999999998e-01,1.526556658859590e-16
16700,1,-8.000000000000000e-02,-7.999999999999985e-02,-1.526556658859590e-16
16700,2,5.500000000000000e-02,5.499999999999995e-02,4.857225732735060e-17
16700,3,4.000000000000000e-02,4.000000000000003e-02,-2.775557561562891e-17
16700,4,-3.000000000000000e-02,-3.000000000000001e-02,1.040834085586084e-17
16700,5,2.500000000000000e-02,2.500000000000000e-02,0.000000000000000e+00
16700,6,2.000000000000000e-02,2.000000000000000e-02,-3.469446951953614e-18
16700,7,-1.800000000000000e-02,-1.800000000000000e-02,-3.469446951953614e-18
16700,8,1.500000000000000e-02,1.500000000000000e-02,0.000000000000000e+00
16700,9,1.200000000000000e-02,1.200000000000000e-02,0.000000000000000e+00
16700,10,-1.000000000000000e-02,-1.000000000000000e-02,1.734723475976807e-18
16700,11,8.999999999999999e-03,9.000000000000003e-03,-3.469446951953614e-18
16700,12,8.000000000000000e-03,7.999999999999985e-03,1.561251128379126e-17
16700,13,-7.000000000000000e-03,-6.999999999999994e-03,-6.071532165918825e-18
16700,14,6.000000000000000e-03,5.999999999999989e-03,1.127570259384925e-17
16700,15,5.000000000000000e-03,5.000000000000013e-03,-1.301042606982605e-17
16700,16,-4.000000000000000e-03,-4.000000000000015e-03,1.474514954580286e-17
16700,17,3.500000000000000e-03,3.500000000000002e-03,-1.734723475976807e-18
16700,18,3.000000000000000e-03,3.000000000000005e-03,-4.770489558936220e-18
16700,19,-2.500000000000000e-03,-2.499999999999992e-03,-7.806255641895632e-18
16700,20,2.000000000000000e-03,1.999999999999987e-03,1.257674520083185e-17
16700,21,1.800000000000000e-03,1.800000000000002e-03,-2.168404344971009e-18
16700,22,-1.500000000000000e-03,-1.499999999999987e-03,-1.344410693882025e-17
16700,23,1.200000000000000e-03,1.199999999999993e-03,6.505213034913027e-18
16700,24,1.000000000000000e-03,1.000000000000008e-03,-8.456776945386935e-18
16700,25,-8.000000000000000e-04,-8.000000000000045e-04,4.445228907190568e-18
16700,26,5.999999999999999e-04,6.000000000000007e-04,-7.589415207398531e-19
16700,27,5.000000000000000e-04,4.999999999999807e-04,1.929879867024198e-17
16700,28,-4.000000000000000e-04,-3.999999999999853e-04,-1.469093943717859e-17
16700,29,3.000000000000000e-04,2.999999999999958e-04,4.174178364069192e-18
16800,0,1.200000000000000e-01,1.199999999999998e-01,1.526556658859590e-16
16800,1,-8.000000000000000e-02,-7.999999999999985e-02,-1.526556658859590e-16
16800,2,5.500000000000000e-02,5.499999999999995e-02,4.857225732735060e-17
16800,3,4.000000000000000e-02,4.000000000000003e-02,-2.775557561562891e-17
16800,4,-3.000000000000000e-02,-3.000000000000001e-02,6.938893903907228e-18
16800,5,2.500000000000000e-02,2.500000000000000e-02,3.469446951953614e-18
16800,6,2.000000000000000e-02,2.000000000000000e-02,3.469446951953614e-18
16800,7,-1.800000000000000e-02,-1.800000000000000e-02,-3.469446951953614e-18
16800,8,1.500000000000000e-02,1.500000000000001e-02,-1.387778780781446e-17
16800,9,1.200000000000000e-02,1.200000000000000e-02,1.734723475976807e-18
16800,10,-1.000000000000000e-02,-1.000000000000000e-02,1.734723475976807e-18
16800,11,8.999999999999999e-03,9.000000000000005e-03,-5.204170427930421e-18
16800,12,8.000000000000000e-03,7.999999999999993e-03,6.938893903907228e-18
16800,13,-7.000000000000000e-03,-7.000000000000005e-03,5.204170427930421e-18
16800,14,6.000000000000000e-03,5.999999999999995e-03,5.204170427930421e-18
16800,15,5.000000000000000e-03,5.000000000000013e-03,-1.301042606982605e-17
16800,16,-4.000000000000000e-03,-4.000000000000024e-03,2.341876692568690e-17
16800,17,3.500000000000000e-03,3.500000000000013e-03,-1.301042606982605e-17
16800,18,3.000000000000000e-03,3.000000000000000e-03,0.000000000000000e+00
16800,19,-2.500000000000000e-03,-2.499999999999997e-03,-3.469446951953614e-18
16800,20,2.000000000000000e-03,1.999999999999987e-03,1.257674520083185e-17
16800,21,1.800000000000000e-03,1.800000000000005e-03,-4.553649124439119e-18
16800,22,-1.500000000000000e-03,-1.499999999999986e-03,-1.452830911130576e-17
16800,23,1.200000000000000e-03,1.200000000000001e-03,-1.084202172485504e-18
16800,24,1.000000000000000e-03,9.999999999999994e-04,6.505213034913027e-19
16800,25,-8.000000000000000e-04,-8.000000000000040e-04,4.011548038196366e-18
16800,26,5.999999999999999e-04,6.000000000000058e-04,-5.854691731421724e-18
16800,27,5.000000000000000e-04,4.999999999999795e-04,2.049142105997603e-17
16800,28,-4.000000000000000e-04,-3.999999999999764e-04,-2.358139725155972e-17
16800,29,3.000000000000000e-04,2.999999999999923e-04,7.697835424647081e-18
16900,0,1.200000000000000e-01,1.199999999999998e-01,1.526556658859590e-16
16900,1,-8.000000000000000e-02,-7.999999999999985e-02,-1.526556658859590e-16
16900,2,5.500000000000000e-02,5.499999999999995e-02,4.857225732735060e-17
16900,3,4.000000000000000e-02,4.000000000000003e-02,-2.775557561562891e-17
16900,4,-3.000000000000000e-02,-3.000000000000002e-02,2.081668171172169e-17
16900,5,2.500000000000000e-02,2.500000000000001e-02,-6.938893903907228e-18
16900,6,2.000000000000000e-02,2.000000000000000e-02,0.000000000000000e+00
16900,7,-1.800000000000000e-02,-1.800000000000001e-02,6.938893903907228e-18
16900,8,1.500000000000000e-02,1.500000000000001e-02,-6.938893903907228e-18
16900,9,1.200000000000000e-02,1.200000000000000e-02,0.000000000000000e+00
16900,10,-1.000000000000000e-02,-9.999999999999993e-03,-6.938893903907228e-18
16900,11,8.999999999999999e-03,8.999999999999989e-03,1.040834085586084e-17
16900,12,8.000000000000000e-03,8.000000000000002e-03,-1.734723475976807e-18
16900,13,-7.000000000000000e-03,-7.000000000000006e-03,6.071532165918825e-18
16900,14,6.000000000000000e-03,5.999999999999995e-03,5.204170427930421e-18
16900,15,5.000000000000000e-03,5.000000000000009e-03,-8.673617379884035e-18
16900,16,-4.000000000000000e-03,-4.000000000000016e-03,1.561251128379126e-17
16900,17,3.500000000000000e-03,3.500000000000006e-03,-6.071532165918825e-18
16900,18,3.000000000000000e-03,2.999999999999998e-03,2.168404344971009e-18
16900,19,-2.500000000000000e-03,-2.499999999999995e-03,-4.770489558936220e-18
16900,20,2.000000000000000e-03,1.999999999999992e-03,8.239936510889834e-18
16900,21,1.800000000000000e-03,1.799999999999997e-03,2.818925648462312e-18
16900,22,-1.500000000000000e-03,-1.499999999999987e-03,-1.279358563532895e-17
16900,23,1.200000000000000e-03,1.199999999999999e-03,8.673617379884035e-19
16900,24,1.000000000000000e-03,9.999999999999981e-04,1.951563910473908e-18
16900,25,-8.000000000000000e-04,-8.000000000000013e-04,1.301042606982605e-18
16900,26,5.999999999999999e-04,6.000000000000106e-04,-1.062518129035794e-17
16900,27,5.000000000000000e-04,4.999999999999753e-04,2.471980953266950e-17
16900,28,-4.000000000000000e-04,-3.999999999999815e-04,-1.853985714950213e-17
16900,29,3.000000000000000e-04,2.999999999999912e-04,8.727827488508311e-18
17000,0,1.200000000000000e-01,1.199999999999998e-01,1.526556658859590e-16
17000,1,-8.000000000000000e-02,-7.999999999999985e-02,-1.526556658859590e-16
17000,2,5.500000000000000e-02,5.499999999999995e-02,4.857225732735060e-17
17000,3,4.000000000000000e-02,4.000000000000003e-02,-2.775557561562891e-17
17000,4,-3.000000000000000e-02,-3.000000000000001e-02,1.387778780781446e-17
17000,5,2.500000000000000e-02,2.500000000000001e-02,-1.040834085586084e-17
17000,6,2.000000000000000e-02,2.000000000000000e-02,0.000000000000000e+00
17000,7,-1.800000000000000e-02,-1.800000000000000e-02,-3.469446951953614e-18
17000,8,1.500000000000000e-02,1.500000000000000e-02,1.734723475976807e-18
17000,9,1.200000000000000e-02,1.200000000000001e-02,-1.214306433183765e-17
17000,10,-1.000000000000000e-02,-9.999999999999997e-03,-3.469446951953614e-18
17000,11,8.999999999999999e-03,8.999999999999984e-03,1.561251128379126e-17
17000,12,8.000000000000000e-03,8.000000000000005e-03,-5.204170427930421e-18
17000,13,-7.000000000000000e-03,-7.000000000000010e-03,9.540979117872439e-18
17000,14,6.000000000000000e-03,5.999999999999991e-03,8.673617379884035e-18
17000,15,5.000000000000000e-03,5.000000000000011e-03,-1.040834085586084e-17
17000,16,-4.000000000000000e-03,-4.000000000000013e-03,1.301042606982605e-17
17000,17,3.500000000000000e-03,3.500000000000012e-03,-1.214306433183765e-17
17000,18,3.000000000000000e-03,2.999999999999993e-03,6.938893903907228e-18
17000,19,-2.500000000000000e-03,-2.499999999999996e-03,-4.336808689942018e-18
17000,20,2.000000000000000e-03,1.999999999999999e-03,8.673617379884035e-19
17000,21,1.800000000000000e-03,1.799999999999992e-03,7.589415207398531e-18
17000,22,-1.500000000000000e-03,-1.499999999999988e-03,-1.170938346284345e-17
17000,23,1.200000000000000e-03,1.199999999999992e-03,7.589415207398531e-18
17000,24,1.000000000000000e-03,1.000000000000005e-03,-4.770489558936220e-18
17000,25,-8.000000000000000e-04,-8.000000000000068e-04,6.722053469410127e-18
17000,26,5.999999999999999e-04,6.000000000000104e-04,-1.040834085586084e-17
17000,27,5.000000000000000e-04,4.999999999999844e-04,1.561251128379126e-17
17000,28,-4.000000000000000e-04,-3.999999999999871e-04,-1.295621596120178e-17
17000,29,3.000000000000000e-04,2.999999999999927e-04,7.264154555652880e-18
17100,0,1.200000000000000e-01,1.199999999999998e-01,1.526556658859590e-16
17100,1,-8.000000000000000e-02,-7.999999999999985e-02,-1.526556658859590e-16
17100,2,5.500000000000000e-02,5.499999999999995e-02,4.857225732735060e-17
17100,3,4.000000000000000e-02,4.000000000000003e-02,-2.775557561562891e-17
17100,4,-3.000000000000000e-02,-3.000000000000001e-02,6.938893903907228e-18
17100,5,2.500000000000000e-02,2.500000000000000e-02,-3.469446951953614e-18
17100,6,2.000000000000000e-02,2.000000000000000e-02,0.000000000000000e+00
17100,7,-1.800000000000000e-02,-1.800000000000000e-02,-3.469446951953614e-18
17100,8,1.500000000000000e-02,1.499999999999999e-02,5.204170427930421e-18
17100,9,1.200000000000000e-02,1.200000000000000e-02,0.000000000000000e+00
17100,10,-1.000000000000000e-02,-9.999999999999997e-03,-3.469446951953614e-18
17100,11,8.999999999999999e-03,8.999999999999985e-03,1.387778780781446e-17
17100,12,8.000000000000000e-03,8.000000000000005e-03,-5.204170427930421e-18
17100,13,-7.000000000000000e-03,-7.000000000000014e-03,1.387778780781446e-17
17100,14,6.000000000000000e-03,5.999999999999999e-03,8.673617379884035e-19
17100,15,5.000000000000000e-03,5.000000000000004e-03,-3.469446951953614e-18
17100,16,-4.000000000000000e-03,-4.000000000000004e-03,4.336808689942018e-18
17100,17,3.500000000000000e-03,3.500000000000015e-03,-1.474514954580286e-17
17100,18,3.000000000000000e-03,2.999999999999987e-03,1.301042606982605e-17
17100,19,-2.500000000000000e-03,-2.499999999999998e-03,-1.734723475976807e-18
17100,20,2.000000000000000e-03,1.999999999999998e-03,1.734723475976807e-18
17100,21,1.800000000000000e-03,1.800000000000003e-03,-2.818925648462312e-18
17100,22,-1.500000000000000e-03,-1.499999999999990e-03,-9.974659986866641e-18
17100,23,1.200000000000000e-03,1.199999999999993e-03,7.155734338404329e-18
17100,24,1.000000000000000e-03,1.000000000000001e-03,-8.673617379884035e-19
17100,25,-8.000000000000000e-04,-8.000000000000018e-04,1.734723475976807e-18
17100,26,5.999999999999999e-04,6.000000000000060e-04,-6.071532165918825e-18
17100,27,5.000000000000000e-04,4.999999999999843e-04,1.572093150103981e-17
17100,28,-4.000000000000000e-04,-3.999999999999818e-04,-1.826880660638075e-17
17100,29,3.000000000000000e-04,2.999999999999908e-04,9.161508357502512e-18
17200,0,1.200000000000000e-01,1.199999999999998e-01,1.526556658859590e-16
17200,1,-8.000000000000000e-02,-7.999999999999985e-02,-1.526556658859590e-16
17200,2,5.500000000000000e-02,5.499999999999995e-02,4.857225732735060e-17
17200,3,4.000000000000000e-02,4.000000000000003e-02,-2.775557561562891e-17
17200,4,-3.000000000000000e-02,-3.000000000000002e-02,1.734723475976807e-17
17200,5,2.500000000000000e-02,2.500000000000000e-02,-3.469446951953614e-18
17200,6,2.000000000000000e-02,2.000000000000000e-02,0.000000000000000e+00
17200,7,-1.800000000000000e-02,-1.799999999999999e-02,-1.040834085586084e-17
17200,8,1.500000000000000e-02,1.499999999999998e-02,1.734723475976807e-17
17200,9,1.200000000000000e-02,1.200000000000001e-02,-6.938893903907228e-18
17200,10,-1.000000000000000e-02,-1.000000000000001e-02,5.204170427930421e-18
17200,11,8.999999999999999e-03,8.999999999999984e-03,1.561251128379126e-17
17200,12,8.000000000000000e-03,8.000000000000007e-03,-6.938893903907228e-18
17200,13,-7.000000000000000e-03,-6.999999999999999e-03,-8.673617379884035e-19
17200,14,6.000000000000000e-03,5.999999999999993e-03,6.938893903907228e-18
17200,15,5.000000000000000e-03,4.999999999999990e-03,1.040834085586084e-17
17200,16,-4.000000000000000e-03,-3.999999999999998e-03,-1.734723475976807e-18
17200,17,3.500000000000000e-03,3.500000000000013e-03,-1.257674520083185e-17
17200,18,3.000000000000000e-03,2.999999999999992e-03,7.806255641895632e-18
17200,19,-2.500000000000000e-03,-2.500000000000001e-03,8.673617379884035e-19
17200,20,2.000000000000000e-03,2.000000000000000e-03,0.000000000000000e+00
17200,21,1.800000000000000e-03,1.799999999999998e-03,1.517883041479706e-18
17200,22,-1.500000000000000e-03,-1.499999999999997e-03,-3.469446951953614e-18
17200,23,1.200000000000000e-03,1.199999999999998e-03,1.517883041479706e-18
17200,24,1.000000000000000e-03,9.999999999999946e-04,5.421010862427522e-18
17200,25,-8.000000000000000e-04,-8.000000000000030e-04,2.927345865710862e-18
17200,26,5.999999999999999e-04,6.000000000000124e-04,-1.246832498358330e-17
17200,27,5.000000000000000e-04,4.999999999999944e-04,5.637851296924623e-18
17200,28,-4.000000000000000e-04,-3.999999999999945e-04,-5.475220971051797e-18
17200,29,3.000000000000000e-04,2.999999999999891e-04,1.084202172485504e-17
17300,0,1.200000000000000e-01,1.199999999999998e-01,1.526556658859590e-16
17300,1,-8.000000000000000e-02,-7.999999999999985e-02,-1.526556658859590e-16
17300,2,5.500000000000000e-02,5.499999999999995e-02,4.857225732735060e-17
17300,3,4.000000000000000e-02,4.000000000000003e-02,-2.775557561562891e-17
17300,4,-3.000000000000000e-02,-3.000000000000002e-02,1.734723475976807e-17
17300,5,2.500000000000000e-02,2.500000000000000e-02,3.469446951953614e-18
17300,6,2.000000000000000e-02,1.999999999999999e-02,6.938893903907228e-18
17300,7,-1.800000000000000e-02,-1.799999999999999e-02,-1.040834085586084e-17
17300,8,1.500000000000000e-02,1.499999999999999e-02,5.204170427930421e-18
17300,9,1.200000000000000e-02,1.200000000000000e-02,0.000000000000000e+00
17300,10,-1.000000000000000e-02,-1.000000000000001e-02,1.214306433183765e-17
17300,11,8.999999999999999e-03,8.999999999999996e-03,3.469446951953614e-18
17300,12,8.000000000000000e-03,8.000000000000011e-03,-1.040834085586084e-17
17300,13,-7.000000000000000e-03,-7.000000000000009e-03,8.673617379884035e-18
17300,14,6.000000000000000e-03,5.999999999999996e-03,4.336808689942018e-18
17300,15,5.000000000000000e-03,4.999999999999988e-03,1.214306433183765e-17
17300,16,-4.000000000000000e-03,-3.999999999999992e-03,-7.806255641895632e-18
17300,17,3.500000000000000e-03,3.500000000000006e-03,-5.637851296924623e-18
17300,18,3.000000000000000e-03,3.000000000000001e-03,-1.301042606982605e-18
17300,19,-2.500000000000000e-03,-2.500000000000013e-03,1.344410693882025e-17
17300,20,2.000000000000000e-03,2.000000000000011e-03,-1.127570259384925e-17
17300,21,1.800000000000000e-03,1.799999999999992e-03,8.239936510889834e-18
17300,22,-1.500000000000000e-03,-1.499999999999998e-03,-2.168404344971009e-18
17300,23,1.200000000000000e-03,1.199999999999997e-03,2.602085213965211e-18
17300,24,1.000000000000000e-03,1.000000000000003e-03,-3.035766082959412e-18
17300,25,-8.000000000000000e-04,-8.000000000000050e-04,4.987329993433320e-18
17300,26,5.999999999999999e-04,6.000000000000070e-04,-7.047314121155779e-18
17300,27,5.000000000000000e-04,5.000000000000003e-04,-3.252606517456513e-19
17300,28,-4.000000000000000e-04,-4.000000000000044e-04,4.391018798566293e-18
17300,29,3.000000000000000e-04,3.000000000000053e-04,-5.366800753803247e-18
17400,0,1.200000000000000e-01,1.199999999999998e-01,1.526556658859590e-16
17400,1,-8.000000000000000e-02,-7.999999999999985e-02,-1.526556658859590e-16
17400,2,5.500000000000000e-02,5.499999999999995e-02,4.857225732735060e-17
17400,3,4.000000000000000e-02,4.000000000000003e-02,-2.775557561562891e-17
17400,4,-3.000000000000000e-02,-3.000000000000002e-02,2.081668171172169e-17
17400,5,2.500000000000000e-02,2.500000000000000e-02,3.469446951953614e-18
17400,6,2.000000000000000e-02,2.000000000000001e-02,-6.938893903907228e-18
17400,7,-1.800000000000000e-02,-1.799999999999999e-02,-6.938893903907228e-18
17400,8,1.500000000000000e-02,1.500000000000000e-02,1.734723475976807e-18
17400,9,1.200000000000000e-02,1.200000000000002e-02,-1.908195823574488e-17
17400,10,-1.000000000000000e-02,-1.000000000000003e-02,2.602085213965211e-17
17400,11,8.999999999999999e-03,8.999999999999998e-03,1.734723475976807e-18
17400,12,8.000000000000000e-03,8.000000000000005e-03,-5.204170427930421e-18
17400,13,-7.000000000000000e-03,-6.999999999999996e-03,-4.336808689942018e-18
17400,14,6.000000000000000e-03,5.999999999999985e-03,1.561251128379126e-17
17400,15,5.000000000000000e-03,5.000000000000002e-03,-1.734723475976807e-18
17400,16,-4.000000000000000e-03,-4.000000000000006e-03,6.071532165918825e-18
17400,17,3.500000000000000e-03,3.500000000000005e-03,-5.204170427930421e-18
17400,18,3.000000000000000e-03,3.000000000000008e-03,-8.239936510889834e-18
17400,19,-2.500000000000000e-03,-2.500000000000012e-03,1.170938346284345e-17
17400,20,2.000000000000000e-03,2.000000000000008e-03,-7.806255641895632e-18
17400,21,1.800000000000000e-03,1.799999999999996e-03,4.336808689942018e-18
17400,22,-1.500000000000000e-03,-1.499999999999996e-03,-3.686287386450715e-18
17400,23,1.200000000000000e-03,1.199999999999996e-03,3.903127820947816e-18
17400,24,1.000000000000000e-03,1.000000000000012e-03,-1.214306433183765e-17
17400,25,-8.000000000000000e-04,-8.000000000000143e-04,1.431146867680866e-17
17400,26,5.999999999999999e-04,6.000000000000190e-04,-1.908195823574488e-17
17400,27,5.000000000000000e-04,4.999999999999957e-04,4.336808689942018e-18
17400,28,-4.000000000000000e-04,-3.999999999999932e-04,-6.830473686658678e-18
17400,29,3.000000000000000e-04,2.999999999999942e-04,5.746271514173174e-18
17500,0,1.200000000000000e-01,1.199999999999998e-01,1.526556658859590e-16
17500,1,-8.000000000000000e-02,-7.999999999999985e-02,-1.526556658859590e-16
17500,2,5.500000000000000e-02,5.499999999999995e-02,4.857225732735060e-17
17500,3,4.000000000000000e-02,4.000000000000003e-02,-2.775557561562891e-17
17500,4,-3.000000000000000e-02,-3.000000000000001e-02,1.040834085586084e-17
17500,5,2.500000000000000e-02,2.499999999999999e-02,6.938893903907228e-18
17500,6,2.000000000000000e-02,2.000000000000000e-02,3.469446951953614e-18
17500,7,-1.800000000000000e-02,-1.799999999999999e-02,-6.938893903907228e-18
17500,8,1.500000000000000e-02,1.500000000000001e-02,-8.673617379884035e-18
17500,9,1.200000000000000e-02,1.200000000000001e-02,-8.673617379884035e-18
17500,10,-1.000000000000000e-02,-1.000000000000001e-02,6.938893903907228e-18
17500,11,8.999999999999999e-03,8.999999999999987e-03,1.214306433183765e-17
17500,12,8.000000000000000e-03,8.000000000000012e-03,-1.214306433183765e-17
17500,13,-7.000000000000000e-03,-6.999999999999998e-03,-1.734723475976807e-18
17500,14,6.000000000000000e-03,5.999999999999991e-03,8.673617379884035e-18
17500,15,5.000000000000000e-03,4.999999999999994e-03,6.071532165918825e-18
17500,16,-4.000000000000000e-03,-3.999999999999991e-03,-8.673617379884035e-18
17500,17,3.500000000000000e-03,3.499999999999986e-03,1.387778780781446e-17
17500,18,3.000000000000000e-03,3.000000000000015e-03,-1.474514954580286e-17
17500,19,-2.500000000000000e-03,-2.500000000000007e-03,6.505213034913027e-18
17500,20,2.000000000000000e-03,2.000000000000004e-03,-3.469446951953614e-18
17500,21,1.800000000000000e-03,1.799999999999993e-03,6.505213034913027e-18
17500,22,-1.500000000000000e-03,-1.499999999999997e-03,-3.035766082959412e-18
17500,23,1.200000000000000e-03,1.200000000000006e-03,-5.854691731421724e-18
17500,24,1.000000000000000e-03,1.000000000000002e-03,-2.168404344971009e-18
17500,25,-8.000000000000000e-04,-8.000000000000077e-04,7.697835424647081e-18
17500,26,5.999999999999999e-04,6.000000000000089e-04,-8.998878031629687e-18
17500,27,5.000000000000000e-04,4.999999999999984e-04,1.626303258728257e-18
17500,28,-4.000000000000000e-04,-3.999999999999873e-04,-1.273937552670468e-17
17500,29,3.000000000000000e-04,2.999999999999894e-04,1.057097118173367e-17
17600,0,1.200000000000000e-01,1.199999999999998e-01,1.526556658859590e-16
17600,1,-8.000000000000000e-02,-7.999999999999985e-02,-1.526556658859590e-16
17600,2,5.500000000000000e-02,5.499999999999995e-02,4.857225732735060e-17
17600,3,4.000000000000000e-02,4.000000000000003e-02,-2.775557561562891e-17
17600,4,-3.000000000000000e-02,-3.000000000000002e-02,1.734723475976807e-17
17600,5,2.500000000000000e-02,2.500000000000000e-02,0.000000000000000e+00
17600,6,2.000000000000000e-02,2.000000000000001e-02,-6.938893903907228e-18
17600,7,-1.800000000000000e-02,-1.800000000000000e-02,-3.469446951953614e-18
17600,8,1.500000000000000e-02,1.500000000000000e-02,-3.469446951953614e-18
17600,9,1.200000000000000e-02,1.200000000000001e-02,-1.387778780781446e-17
17600,10,-1.000000000000000e-02,-1.000000000000001e-02,8.673617379884035e-18
17600,11,8.999999999999999e-03,8.999999999999984e-03,1.561251128379126e-17
17600,12,8.000000000000000e-03,8.000000000000011e-03,-1.040834085586084e-17
17600,13,-7.000000000000000e-03,-7.000000000000005e-03,5.204170427930421e-18
17600,14,6.000000000000000e-03,5.999999999999998e-03,2.602085213965211e-18
17600,15,5.000000000000000e-03,4.999999999999991e-03,8.673617379884035e-18
17600,16,-4.000000000000000e-03,-3.999999999999988e-03,-1.214306433183765e-17
17600,17,3.500000000000000e-03,3.499999999999993e-03,6.938893903907228e-18
17600,18,3.000000000000000e-03,3.000000000000005e-03,-4.770489558936220e-18
17600,19,-2.500000000000000e-03,-2.500000000000001e-03,8.673617379884035e-19
17600,20,2.000000000000000e-03,2.000000000000006e-03,-6.071532165918825e-18
17600,21,1.800000000000000e-03,1.799999999999992e-03,8.239936510889834e-18
17600,22,-1.500000000000000e-03,-1.499999999999994e-03,-5.637851296924623e-18
17600,23,1.200000000000000e-03,1.200000000000003e-03,-3.035766082959412e-18
17600,24,1.000000000000000e-03,1.000000000000004e-03,-4.336808689942018e-18
17600,25,-8.000000000000000e-04,-8.000000000000108e-04,1.073360150760649e-17
17600,26,5.999999999999999e-04,6.000000000000153e-04,-1.539567084929416e-17
17600,27,5.000000000000000e-04,4.999999999999861e-04,1.387778780781446e-17
17600,28,-4.000000000000000e-04,-3.999999999999853e-04,-1.469093943717859e-17
17600,29,3.000000000000000e-04,2.999999999999968e-04,3.198396408832238e-18
17700,0,1.200000000000000e-01,1.199999999999998e-01,1.526556658859590e-16
17700,1,-8.000000000000000e-02,-7.999999999999985e-02,-1.526556658859590e-16
17700,2,5.500000000000000e-02,5.499999999999995e-02,4.857225732735060e-17
17700,3,4.000000000000000e-02,4.000000000000003e-02,-2.775557561562891e-17
17700,4,-3.000000000000000e-02,-3.000000000000002e-02,1.734723475976807e-17
17700,5,2.500000000000000e-02,2.500000000000001e-02,-6.938893903907228e-18
17700,6,2.000000000000000e-02,2.000000000000001e-02,-1.387778780781446e-17
17700,7,-1.800000000000000e-02,-1.800000000000000e-02,-3.469446951953614e-18
17700,8,1.500000000000000e-02,1.500000000000000e-02,-3.469446951953614e-18
17700,9,1.200000000000000e-02,1.200000000000001e-02,-8.673617379884035e-18
17700,10,-1.000000000000000e-02,-1.000000000000001e-02,1.040834085586084e-17
17700,11,8.999999999999999e-03,8.999999999999998e-03,1.734723475976807e-18
17700,12,8.000000000000000e-03,8.000000000000000e-03,0.000000000000000e+00
17700,13,-7.000000000000000e-03,-7.000000000000011e-03,1.040834085586084e-17
17700,14,6.000000000000000e-03,6.000000000000001e-03,-8.673617379884035e-19
17700,15,5.000000000000000e-03,4.999999999999993e-03,6.938893903907228e-18
17700,16,-4.000000000000000e-03,-3.999999999999987e-03,-1.301042606982605e-17
17700,17,3.500000000000000e-03,3.499999999999997e-03,3.035766082959412e-18
17700,18,3.000000000000000e-03,2.999999999999998e-03,2.168404344971009e-18
17700,19,-2.500000000000000e-03,-2.500000000000008e-03,8.239936510889834e-18
17700,20,2.000000000000000e-03,2.000000000000012e-03,-1.170938346284345e-17
17700,21,1.800000000000000e-03,1.799999999999991e-03,8.456776945386935e-18
17700,22,-1.500000000000000e-03,-1.499999999999998e-03,-2.385244779468110e-18
17700,23,1.200000000000000e-03,1.200000000000004e-03,-3.686287386450715e-18
17700,24,1.000000000000000e-03,9.999999999999979e-04,2.168404344971009e-18
17700,25,-8.000000000000000e-04,-8.000000000000071e-04,7.047314121155779e-18
17700,26,5.999999999999999e-04,6.000000000000102e-04,-1.029992063861229e-17
17700,27,5.000000000000000e-04,4.999999999999950e-04,4.987329993433320e-18
17700,28,-4.000000000000000e-04,-3.999999999999876e-04,-1.241411487495903e-17
17700,29,3.000000000000000e-04,2.999999999999910e-04,8.998878031629687e-18
17800,0,1.200000000000000e-01,1.199999999999998e-01,1.526556658859590e-16
17800,1,-8.000000000000000e-02,-7.999999999999985e-02,-1.526556658859590e-16
17800,2,5.500000000000000e-02,5.499999999999995e-02,4.857225732735060e-17
17800,3,4.000000000000000e-02,4.000000000000003e-02,-2.775557561562891e-17
17800,4,-3.000000000000000e-02,-3.000000000000002e-02,2.428612866367530e-17
17800,5,2.500000000000000e-02,2.500000000000001e-02,-6.938893903907228e-18
17800,6,2.000000000000000e-02,2.000000000000002e-02,-1.734723475976807e-17
17800,7,-1.800000000000000e-02,-1.799999999999999e-02,-1.040834085586084e-17
17800,8,1.500000000000000e-02,1.500000000000000e-02,3.469446951953614e-18
17800,9,1.200000000000000e-02,1.200000000000001e-02,-6.938893903907228e-18
17800,10,-1.000000000000000e-02,-1.000000000000001e-02,1.040834085586084e-17
17800,11,8.999999999999999e-03,8.999999999999998e-03,1.734723475976807e-18
17800,12,8.000000000000000e-03,7.999999999999993e-03,6.938893903907228e-18
17800,13,-7.000000000000000e-03,-6.999999999999999e-03,-8.673617379884035e-19
17800,14,6.000000000000000e-03,6.000000000000005e-03,-5.204170427930421e-18
17800,15,5.000000000000000e-03,4.999999999999991e-03,9.540979117872439e-18
17800,16,-4.000000000000000e-03,-3.999999999999981e-03,-1.908195823574488e-17
17800,17,3.500000000000000e-03,3.499999999999996e-03,3.903127820947816e-18
17800,18,3.000000000000000e-03,3.000000000000006e-03,-5.637851296924623e-18
17800,19,-2.500000000000000e-03,-2.500000000000011e-03,1.127570259384925e-17
17800,20,2.000000000000000e-03,2.000000000000012e-03,-1.214306433183765e-17
17800,21,1.800000000000000e-03,1.799999999999992e-03,7.806255641895632e-18
17800,22,-1.500000000000000e-03,-1.499999999999991e-03,-9.107298248878237e-18
17800,23,1.200000000000000e-03,1.200000000000000e-03,0.000000000000000e+00
17800,24,1.000000000000000e-03,9.999999999999989e-04,1.084202172485504e-18
17800,25,-8.000000000000000e-04,-8.000000000000117e-04,1.170938346284345e-17
17800,26,5.999999999999999e-04,6.000000000000098e-04,-9.866239769618090e-18
17800,27,5.000000000000000e-04,5.000000000000010e-04,-9.757819552369540e-19
17800,28,-4.000000000000000e-04,-3.999999999999952e-04,-4.824699667560495e-18
17800,29,3.000000000000000e-04,2.999999999999941e-04,5.854691731421724e-18
17900,0,1.200000000000000e-01,1.199999999999998e-01,1.526556658859590e-16
17900,1,-8.000000000000000e-02,-7.999999999999985e-02,-1.526556658859590e-16
17900,2,5.500000000000000e-02,5.499999999999995e-02,4.857225732735060e-17
17900,3,4.000000000000000e-02,4.000000000000003e-02,-2.775557561562891e-17
17900,4,-3.000000000000000e-02,-3.000000000000002e-02,2.428612866367530e-17
17900,5,2.500000000000000e-02,2.500000000000001e-02,-6.938893903907228e-18
17900,6,2.000000000000000e-02,2.000000000000001e-02,-1.040834085586084e-17
17900,7,-1.800000000000000e-02,-1.799999999999999e-02,-1.040834085586084e-17
17900,8,1.500000000000000e-02,1.499999999999999e-02,8.673617379884035e-18
17900,9,1.200000000000000e-02,1.200000000000000e-02,-3.469446951953614e-18
17900,10,-1.000000000000000e-02,-1.000000000000002e-02,1.561251128379126e-17
17900,11,8.999999999999999e-03,9.000000000000008e-03,-8.673617379884035e-18
17900,12,8.000000000000000e-03,7.999999999999990e-03,1.040834085586084e-17
17900,13,-7.000000000000000e-03,-6.999999999999991e-03,-8.673617379884035e-18
17900,14,6.000000000000000e-03,5.999999999999998e-03,2.602085213965211e-18
17900,15,5.000000000000000e-03,4.999999999999986e-03,1.387778780781446e-17
17900,16,-4.000000000000000e-03,-3.999999999999985e-03,-1.474514954580286e-17
17900,17,3.500000000000000e-03,3.499999999999997e-03,3.035766082959412e-18
17900,18,3.000000000000000e-03,3.000000000000005e-03,-4.770489558936220e-18
17900,19,-2.500000000000000e-03,-2.500000000000013e-03,1.257674520083185e-17
17900,20,2.000000000000000e-03,2.000000000000014e-03,-1.387778780781446e-17
17900,21,1.800000000000000e-03,1.799999999999981e-03,1.864827736675068e-17
17900,22,-1.500000000000000e-03,-1.499999999999985e-03,-1.539567084929416e-17
17900,23,1.200000000000000e-03,1.199999999999996e-03,4.336808689942018e-18
17900,24,1.000000000000000e-03,1.000000000000000e-03,-2.168404344971009e-19
17900,25,-8.000000000000000e-04,-8.000000000000064e-04,6.396792817664476e-18
17900,26,5.999999999999999e-04,6.000000000000019e-04,-1.951563910473908e-18
17900,27,5.000000000000000e-04,5.000000000000084e-04,-8.348356728138384e-18
17900,28,-4.000000000000000e-04,-3.999999999999893e-04,-1.067939139898222e-17
17900,29,3.000000000000000e-04,2.999999999999879e-04,1.208885422321337e-17
18000,0,1.200000000000000e-01,1.199999999999998e-01,1.526556658859590e-16
18000,1,-8.000000000000000e-02,-7.999999999999985e-02,-1.526556658859590e-16
18000,2,5.500000000000000e-02,5.499999999999995e-02,4.857225732735060e-17
18000,3,4.000000000000000e-02,4.000000000000003e-02,-2.775557561562891e-17
18000,4,-3.000000000000000e-02,-3.000000000000002e-02,2.428612866367530e-17
18000,5,2.500000000000000e-02,2.500000000000002e-02,-1.734723475976807e-17
18000,6,2.000000000000000e-02,2.000000000000000e-02,0.000000000000000e+00
18000,7,-1.800000000000000e-02,-1.799999999999998e-02,-1.387778780781446e-17
18000,8,1.500000000000000e-02,1.499999999999999e-02,8.673617379884035e-18
18000,9,1.200000000000000e-02,1.200000000000001e-02,-1.040834085586084e-17
18000,10,-1.000000000000000e-02,-1.000000000000001e-02,1.214306433183765e-17
18000,11,8.999999999999999e-03,8.999999999999998e-03,1.734723475976807e-18
18000,12,8.000000000000000e-03,7.999999999999998e-03,1.734723475976807e-18
18000,13,-7.000000000000000e-03,-6.999999999999995e-03,-5.204170427930421e-18
18000,14,6.000000000000000e-03,6.000000000000005e-03,-5.204170427930421e-18
18000,15,5.000000000000000e-03,4.999999999999978e-03,2.255140518769849e-17
18000,16,-4.000000000000000e-03,-3.999999999999984e-03,-1.647987302177967e-17
18000,17,3.500000000000000e-03,3.499999999999991e-03,9.540979117872439e-18
18000,18,3.000000000000000e-03,3.000000000000003e-03,-3.035766082959412e-18
18000,19,-2.500000000000000e-03,-2.500000000000010e-03,9.540979117872439e-18
18000,20,2.000000000000000e-03,2.000000000000005e-03,-5.204170427930421e-18
18000,21,1.800000000000000e-03,1.799999999999998e-03,2.168404344971009e-18
18000,22,-1.500000000000000e-03,-1.499999999999999e-03,-8.673617379884035e-19
18000,23,1.200000000000000e-03,1.200000000000019e-03,-1.908195823574488e-17
18000,24,1.000000000000000e-03,9.999999999999909e-04,9.107298248878237e-18
18000,25,-8.000000000000000e-04,-8.000000000000061e-04,6.071532165918825e-18
18000,26,5.999999999999999e-04,6.000000000000023e-04,-2.385244779468110e-18
18000,27,5.000000000000000e-04,5.000000000000051e-04,-5.095750210681871e-18
18000,28,-4.000000000000000e-04,-3.999999999999867e-04,-1.328147661294743e-17
18000,29,3.000000000000000e-04,2.999999999999847e-04,1.528725063204561e-17
18100,0,1.200000000000000e-01,1.199999999999998e-01,1.526556658859590e-16
18100,1,-8.000000000000000e-02,-7.999999999999985e-02,-1.526556658859590e-16
18100,2,5.500000000000000e-02,5.499999999999995e-02,4.857225732735060e-17
18100,3,4.000000000000000e-02,4.000000000000003e-02,-2.775557561562891e-17
18100,4,-3.000000000000000e-02,-3.000000000000002e-02,2.428612866367530e-17
18100,5,2.500000000000000e-02,2.500000000000002e-02,-1.734723475976807e-17
18100,6,2.000000000000000e-02,2.000000000000000e-02,3.469446951953614e-18
18100,7,-1.800000000000000e-02,-1.799999999999999e-02,-1.040834085586084e-17
18100,8,1.500000000000000e-02,1.499999999999998e-02,1.561251128379126e-17
18100,9,1.200000000000000e-02,1.200000000000001e-02,-1.387778780781446e-17
18100,10,-1.000000000000000e-02,-1.000000000000002e-02,1.561251128379126e-17
18100,11,8.999999999999999e-03,9.000000000000006e-03,-6.938893903907228e-18
18100,12,8.000000000000000e-03,7.999999999999998e-03,1.734723475976807e-18
18100,13,-7.000000000000000e-03,-7.000000000000004e-03,3.469446951953614e-18
18100,14,6.000000000000000e-03,6.000000000000012e-03,-1.214306433183765e-17
18100,15,5.000000000000000e-03,4.999999999999980e-03,1.994931997373328e-17
18100,16,-4.000000000000000e-03,-3.999999999999993e-03,-6.938893903907228e-18
18100,17,3.500000000000000e-03,3.499999999999995e-03,4.770489558936220e-18
18100,18,3.000000000000000e-03,3.000000000000010e-03,-1.040834085586084e-17
18100,19,-2.500000000000000e-03,-2.500000000000016e-03,1.604619215278547e-17
18100,20,2.000000000000000e-03,2.000000000000014e-03,-1.431146867680866e-17
18100,21,1.800000000000000e-03,1.799999999999992e-03,8.023096076392733e-18
18100,22,-1.500000000000000e-03,-1.499999999999992e-03,-8.456776945386935e-18
18100,23,1.200000000000000e-03,1.200000000000007e-03,-6.722053469410127e-18
18100,24,1.000000000000000e-03,9.999999999999998e-04,2.168404344971009e-19
18100,25,-8.000000000000000e-04,-8.000000000000128e-04,1.279358563532895e-17
18100,26,5.999999999999999e-04,6.000000000000094e-04,-9.432558900623889e-18
18100,27,5.000000000000000e-04,4.999999999999969e-04,3.144186300207963e-18
18100,28,-4.000000000000000e-04,-3.999999999999795e-04,-2.049142105997603e-17
18100,29,3.000000000000000e-04,2.999999999999788e-04,2.114194236346734e-17
18200,0,1.200000000000000e-01,1.199999999999998e-01,1.526556658859590e-16
18200,1,-8.000000000000000e-02,-7.999999999999985e-02,-1.526556658859590e-16
18200,2,5.500000000000000e-02,5.499999999999995e-02,4.857225732735060e-17
18200,3,4.000000000000000e-02,4.000000000000003e-02,-2.775557561562891e-17
18200,4,-3.000000000000000e-02,-3.000000000000001e-02,6.938893903907228e-18
18200,5,2.500000000000000e-02,2.500000000000001e-02,-1.040834085586084e-17
18200,6,2.000000000000000e-02,2.000000000000001e-02,-1.040834085586084e-17
18200,7,-1.800000000000000e-02,-1.800000000000000e-02,-3.469446951953614e-18
18200,8,1.500000000000000e-02,1.499999999999999e-02,6.938893903907228e-18
18200,9,1.200000000000000e-02,1.200000000000001e-02,-1.214306433183765e-17
18200,10,-1.000000000000000e-02,-1.000000000000001e-02,1.040834085586084e-17
18200,11,8.999999999999999e-03,9.000000000000003e-03,-3.469446951953614e-18
18200,12,8.000000000000000e-03,7.999999999999995e-03,5.204170427930421e-18
18200,13,-7.000000000000000e-03,-6.999999999999995e-03,-5.204170427930421e-18
18200,14,6.000000000000000e-03,6.000000000000004e-03,-4.336808689942018e-18
18200,15,5.000000000000000e-03,4.999999999999986e-03,1.387778780781446e-17
18200,16,-4.000000000000000e-03,-3.999999999999996e-03,-4.336808689942018e-18
18200,17,3.500000000000000e-03,3.500000000000006e-03,-6.071532165918825e-18
18200,18,3.000000000000000e-03,3.000000000000004e-03,-3.903127820947816e-18
18200,19,-2.500000000000000e-03,-2.500000000000008e-03,8.239936510889834e-18
18200,20,2.000000000000000e-03,2.000000000000002e-03,-2.168404344971009e-18
18200,21,1.800000000000000e-03,1.800000000000000e-03,-4.336808689942018e-19
18200,22,-1.500000000000000e-03,-1.499999999999996e-03,-4.119968255444917e-18
18200,23,1.200000000000000e-03,1.200000000000005e-03,-5.204170427930421e-18
18200,24,1.000000000000000e-03,9.999999999999981e-04,1.951563910473908e-18
18200,25,-8.000000000000000e-04,-8.000000000000093e-04,9.215718466126788e-18
18200,26,5.999999999999999e-04,6.000000000000091e-04,-9.107298248878237e-18
18200,27,5.000000000000000e-04,4.999999999999994e-04,6.505213034913027e-19
18200,28,-4.000000000000000e-04,-3.999999999999864e-04,-1.360673726469308e-17
18200,29,3.000000000000000e-04,2.999999999999878e-04,1.219727444046192e-17
18300,0,1.200000000000000e-01,1.199999999999998e-01,1.526556658859590e-16
18300,1,-8.000000000000000e-02,-7.999999999999985e-02,-1.526556658859590e-16
18300,2,5.500000000000000e-02,5.499999999999995e-02,4.857225732735060e-17
18300,3,4.000000000000000e-02,4.000000000000003e-02,-2.775557561562891e-17
18300,4,-3.000000000000000e-02,-3.000000000000001e-02,1.387778780781446e-17
18300,5,2.500000000000000e-02,2.500000000000002e-02,-1.734723475976807e-17
18300,6,2.000000000000000e-02,2.000000000000001e-02,-6.938893903907228e-18
18300,7,-1.800000000000000e-02,-1.799999999999999e-02,-6.938893903907228e-18
18300,8,1.500000000000000e-02,1.500000000000000e-02,0.000000000000000e+00
18300,9,1.200000000000000e-02,1.200000000000001e-02,-8.673617379884035e-18
18300,10,-1.000000000000000e-02,-1.000000000000000e-02,3.469446951953614e-18
18300,11,8.999999999999999e-03,8.999999999999991e-03,8.673617379884035e-18
18300,12,8.000000000000000e-03,8.000000000000002e-03,-1.734723475976807e-18
18300,13,-7.000000000000000e-03,-6.999999999999998e-03,-2.602085213965211e-18
18300,14,6.000000000000000e-03,5.999999999999998e-03,1.734723475976807e-18
18300,15,5.000000000000000e-03,4.999999999999996e-03,4.336808689942018e-18
18300,16,-4.000000000000000e-03,-4.000000000000004e-03,3.469446951953614e-18
18300,17,3.500000000000000e-03,3.500000000000009e-03,-9.107298248878237e-18
18300,18,3.000000000000000e-03,3.000000000000001e-03,-8.673617379884035e-19
18300,19,-2.500000000000000e-03,-2.500000000000009e-03,9.107298248878237e-18
18300,20,2.000000000000000e-03,2.000000000000004e-03,-4.336808689942018e-18
18300,21,1.800000000000000e-03,1.799999999999999e-03,6.505213034913027e-19
18300,22,-1.500000000000000e-03,-1.499999999999997e-03,-3.252606517456513e-18
18300,23,1.200000000000000e-03,1.200000000000009e-03,-8.673617379884035e-18
18300,24,1.000000000000000e-03,1.000000000000000e-03,-2.168404344971009e-19
18300,25,-8.000000000000000e-04,-8.000000000000134e-04,1.333568672157170e-17
18300,26,5.999999999999999e-04,6.000000000000106e-04,-1.062518129035794e-17
18300,27,5.000000000000000e-04,4.999999999999995e-04,5.421010862427522e-19
18300,28,-4.000000000000000e-04,-3.999999999999882e-04,-1.181780368009200e-17
18300,29,3.000000000000000e-04,2.999999999999982e-04,1.734723475976807e-18
18400,0,1.200000000000000e-01,1.199999999999998e-01,1.526556658859590e-16
18400,1,-8.000000000000000e-02,-7.999999999999985e-02,-1.526556658859590e-16
18400,2,5.500000000000000e-02,5.499999999999995e-02,4.857225732735060e-17
18400,3,4.000000000000000e-02,4.000000000000003e-02,-2.775557561562891e-17
18400,4,-3.000000000000000e-02,-3.000000000000000e-02,3.469446951953614e-18
18400,5,2.500000000000000e-02,2.500000000000002e-02,-2.081668171172169e-17
18400,6,2.000000000000000e-02,2.000000000000000e-02,-3.469446951953614e-18
18400,7,-1.800000000000000e-02,-1.800000000000000e-02,3.469446951953614e-18
18400,8,1.500000000000000e-02,1.500000000000000e-02,-1.734723475976807e-18
18400,9,1.200000000000000e-02,1.200000000000001e-02,-5.204170427930421e-18
18400,10,-1.000000000000000e-02,-1.000000000000000e-02,3.469446951953614e-18
18400,11,8.999999999999999e-03,8.999999999999991e-03,8.673617379884035e-18
18400,12,8.000000000000000e-03,8.000000000000012e-03,-1.214306433183765e-17
18400,13,-7.000000000000000e-03,-7.000000000000005e-03,5.204170427930421e-18
18400,14,6.000000000000000e-03,6.000000000000007e-03,-6.938893903907228e-18
18400,15,5.000000000000000e-03,4.999999999999991e-03,9.540979117872439e-18
18400,16,-4.000000000000000e-03,-3.999999999999993e-03,-6.938893903907228e-18
18400,17,3.500000000000000e-03,3.500000000000001e-03,-1.301042606982605e-18
18400,18,3.000000000000000e-03,3.000000000000008e-03,-8.239936510889834e-18
18400,19,-2.500000000000000e-03,-2.500000000000015e-03,1.474514954580286e-17
18400,20,2.000000000000000e-03,2.000000000000005e-03,-5.204170427930421e-18
18400,21,1.800000000000000e-03,1.799999999999996e-03,3.469446951953614e-18
18400,22,-1.500000000000000e-03,-1.499999999999994e-03,-5.854691731421724e-18
18400,23,1.200000000000000e-03,1.200000000000000e-03,0.000000000000000e+00
18400,24,1.000000000000000e-03,9.999999999999996e-04,4.336808689942018e-19
18400,25,-8.000000000000000e-04,-8.000000000000134e-04,1.333568672157170e-17
18400,26,5.999999999999999e-04,6.000000000000091e-04,-9.107298248878237e-18
18400,27,5.000000000000000e-04,5.000000000000010e-04,-9.757819552369540e-19
18400,28,-4.000000000000000e-04,-3.999999999999835e-04,-1.653408313040394e-17
18400,29,3.000000000000000e-04,2.999999999999909e-04,9.107298248878237e-18
18500,0,1.200000000000000e-01,1.199999999999998e-01,1.526556658859590e-16
18500,1,-8.000000000000000e-02,-7.999999999999985e-02,-1.526556658859590e-16
18500,2,5.500000000000000e-02,5.499999999999995e-02,4.857225732735060e-17
18500,3,4.000000000000000e-02,4.000000000000003e-02,-2.775557561562891e-17
18500,4,-3.000000000000000e-02,-3.000000000000001e-02,6.938893903907228e-18
18500,5,2.500000000000000e-02,2.500000000000001e-02,-6.938893903907228e-18
18500,6,2.000000000000000e-02,2.000000000000000e-02,0.000000000000000e+00
18500,7,-1.800000000000000e-02,-1.800000000000002e-02,1.734723475976807e-17
18500,8,1.500000000000000e-02,1.500000000000001e-02,-1.040834085586084e-17
18500,9,1.200000000000000e-02,1.200000000000000e-02,-3.469446951953614e-18
18500,10,-1.000000000000000e-02,-1.000000000000001e-02,5.204170427930421e-18
18500,11,8.999999999999999e-03,9.000000000000001e-03,-1.734723475976807e-18
18500,12,8.000000000000000e-03,7.999999999999995e-03,5.204170427930421e-18
18500,13,-7.000000000000000e-03,-6.999999999999990e-03,-1.040834085586084e-17
18500,14,6.000000000000000e-03,5.999999999999998e-03,1.734723475976807e-18
18500,15,5.000000000000000e-03,4.999999999999991e-03,8.673617379884035e-18
18500,16,-4.000000000000000e-03,-3.999999999999989e-03,-1.127570259384925e-17
18500,17,3.500000000000000e-03,3.499999999999997e-03,3.469446951953614e-18
18500,18,3.000000000000000e-03,2.999999999999997e-03,2.602085213965211e-18
18500,19,-2.500000000000000e-03,-2.499999999999996e-03,-3.903127820947816e-18
18500,20,2.000000000000000e-03,1.999999999999993e-03,6.938893903907228e-18
18500,21,1.800000000000000e-03,1.800000000000008e-03,-8.023096076392733e-18
18500,22,-1.500000000000000e-03,-1.500000000000003e-03,2.818925648462312e-18
18500,23,1.200000000000000e-03,1.200000000000000e-03,-2.168404344971009e-19
18500,24,1.000000000000000e-03,1.000000000000013e-03,-1.279358563532895e-17
18500,25,-8.000000000000000e-04,-8.000000000000223e-04,2.222614453595284e-17
18500,26,5.999999999999999e-04,6.000000000000140e-04,-1.409462824231156e-17
18500,27,5.000000000000000e-04,4.999999999999958e-04,4.228388472693467e-18
18500,28,-4.000000000000000e-04,-3.999999999999854e-04,-1.458251921993003e-17
18500,29,3.000000000000000e-04,2.999999999999853e-04,1.469093943717859e-17
18600,0,1.200000000000000e-01,1.199999999999998e-01,1.526556658859590e-16
18600,1,-8.000000000000000e-02,-7.999999999999985e-02,-1.526556658859590e-16
18600,2,5.500000000000000e-02,5.499999999999995e-02,4.857225732735060e-17
18600,3,4.000000000000000e-02,4.000000000000003e-02,-2.775557561562891e-17
18600,4,-3.000000000000000e-02,-3.000000000000001e-02,6.938893903907228e-18
18600,5,2.500000000000000e-02,2.500000000000002e-02,-1.387778780781446e-17
18600,6,2.000000000000000e-02,2.000000000000000e-02,0.000000000000000e+00
18600,7,-1.800000000000000e-02,-1.800000000000001e-02,1.387778780781446e-17
18600,8,1.500000000000000e-02,1.500000000000000e-02,0.000000000000000e+00
18600,9,1.200000000000000e-02,1.200000000000001e-02,-1.040834085586084e-17
18600,10,-1.000000000000000e-02,-1.000000000000002e-02,1.561251128379126e-17
18600,11,8.999999999999999e-03,9.000000000000005e-03,-5.204170427930421e-18
18600,12,8.000000000000000e-03,7.999999999999993e-03,6.938893903907228e-18
18600,13,-7.000000000000000e-03,-7.000000000000000e-03,0.000000000000000e+00
18600,14,6.000000000000000e-03,6.000000000000001e-03,-8.673617379884035e-19
18600,15,5.000000000000000e-03,4.999999999999996e-03,4.336808689942018e-18
18600,16,-4.000000000000000e-03,-3.999999999999996e-03,-4.336808689942018e-18
18600,17,3.500000000000000e-03,3.499999999999996e-03,4.336808689942018e-18
18600,18,3.000000000000000e-03,3.000000000000000e-03,0.000000000000000e+00
18600,19,-2.500000000000000e-03,-2.499999999999989e-03,-1.084202172485504e-17
18600,20,2.000000000000000e-03,1.999999999999987e-03,1.257674520083185e-17
18600,21,1.800000000000000e-03,1.800000000000004e-03,-3.903127820947816e-18
18600,22,-1.500000000000000e-03,-1.499999999999992e-03,-8.023096076392733e-18
18600,23,1.200000000000000e-03,1.199999999999987e-03,1.279358563532895e-17
18600,24,1.000000000000000e-03,1.000000000000017e-03,-1.713039432527097e-17
18600,25,-8.000000000000000e-04,-8.000000000000211e-04,2.103352214621879e-17
18600,26,5.999999999999999e-04,6.000000000000117e-04,-1.170938346284345e-17
18600,27,5.000000000000000e-04,4.999999999999952e-04,4.770489558936220e-18
18600,28,-4.000000000000000e-04,-3.999999999999909e-04,-9.161508357502512e-18
18600,29,3.000000000000000e-04,2.999999999999943e-04,5.692061405548898e-18
18700,0,1.200000000000000e-01,1.199999999999998e-01,1.526556658859590e-16
18700,1,-8.000000000000000e-02,-7.999999999999985e-02,-1.526556658859590e-16
18700,2,5.500000000000000e-02,5.499999999999995e-02,4.857225732735060e-17
18700,3,4.000000000000000e-02,4.000000000000003e-02,-2.775557561562891e-17
18700,4,-3.000000000000000e-02,-3.000000000000001e-02,1.040834085586084e-17
18700,5,2.500000000000000e-02,2.500000000000002e-02,-1.734723475976807e-17
18700,6,2.000000000000000e-02,2.000000000000000e-02,0.000000000000000e+00
18700,7,-1.800000000000000e-02,-1.800000000000001e-02,1.040834085586084e-17
18700,8,1.500000000000000e-02,1.500000000000000e-02,-1.734723475976807e-18
18700,9,1.200000000000000e-02,1.200000000000001e-02,-8.673617379884035e-18
18700,10,-1.000000000000000e-02,-1.000000000000001e-02,1.214306433183765e-17
18700,11,8.999999999999999e-03,9.000000000000001e-03,-1.734723475976807e-18
18700,12,8.000000000000000e-03,7.999999999999988e-03,1.214306433183765e-17
18700,13,-7.000000000000000e-03,-6.999999999999999e-03,-8.673617379884035e-19
18700,14,6.000000000000000e-03,5.999999999999998e-03,2.602085213965211e-18
18700,15,5.000000000000000e-03,5.000000000000010e-03,-9.540979117872439e-18
18700,16,-4.000000000000000e-03,-4.000000000000003e-03,2.602085213965211e-18
18700,17,3.500000000000000e-03,3.499999999999993e-03,6.938893903907228e-18
18700,18,3.000000000000000e-03,3.000000000000002e-03,-1.734723475976807e-18
18700,19,-2.500000000000000e-03,-2.499999999999990e-03,-1.040834085586084e-17
18700,20,2.000000000000000e-03,1.999999999999995e-03,4.770489558936220e-18
18700,21,1.800000000000000e-03,1.800000000000003e-03,-3.469446951953614e-18
18700,22,-1.500000000000000e-03,-1.500000000000002e-03,1.951563910473908e-18
18700,23,1.200000000000000e-03,1.199999999999993e-03,6.722053469410127e-18
18700,24,1.000000000000000e-03,1.000000000000007e-03,-6.505213034913027e-18
18700,25,-8.000000000000000e-04,-8.000000000000161e-04,1.604619215278547e-17
18700,26,5.999999999999999e-04,6.000000000000171e-04,-1.713039432527097e-17
18700,27,5.000000000000000e-04,4.999999999999881e-04,1.192622389734055e-17
18700,28,-4.000000000000000e-04,-3.999999999999862e-04,-1.376936759056591e-17
18700,29,3.000000000000000e-04,2.999999999999879e-04,1.203464411458910e-17
18800,0,1.200000000000000e-01,1.199999999999998e-01,1.526556658859590e-16
18800,1,-8.000000000000000e-02,-7.999999999999985e-02,-1.526556658859590e-16
18800,2,5.500000000000000e-02,5.499999999999995e-02,4.857225732735060e-17
18800,3,4.000000000000000e-02,4.000000000000003e-02,-2.775557561562891e-17
18800,4,-3.000000000000000e-02,-3.000000000000001e-02,1.040834085586084e-17
18800,5,2.500000000000000e-02,2.500000000000002e-02,-1.734723475976807e-17
18800,6,2.000000000000000e-02,2.000000000000000e-02,3.469446951953614e-18
18800,7,-1.800000000000000e-02,-1.800000000000001e-02,6.938893903907228e-18
18800,8,1.500000000000000e-02,1.500000000000000e-02,-5.204170427930421e-18
18800,9,1.200000000000000e-02,1.200000000000000e-02,0.000000000000000e+00
18800,10,-1.000000000000000e-02,-1.000000000000000e-02,0.000000000000000e+00
18800,11,8.999999999999999e-03,8.999999999999999e-03,0.000000000000000e+00
18800,12,8.000000000000000e-03,7.999999999999985e-03,1.561251128379126e-17
18800,13,-7.000000000000000e-03,-6.999999999999992e-03,-7.806255641895632e-18
18800,14,6.000000000000000e-03,5.999999999999997e-03,3.469446951953614e-18
18800,15,5.000000000000000e-03,5.000000000000004e-03,-4.336808689942018e-18
18800,16,-4.000000000000000e-03,-4.000000000000004e-03,4.336808689942018e-18
18800,17,3.500000000000000e-03,3.499999999999995e-03,5.204170427930421e-18
18800,18,3.000000000000000e-03,3.000000000000001e-03,-8.673617379884035e-19
18800,19,-2.500000000000000e-03,-2.499999999999989e-03,-1.084202172485504e-17
18800,20,2.000000000000000e-03,1.999999999999995e-03,5.204170427930421e-18
18800,21,1.800000000000000e-03,1.800000000000001e-03,-1.084202172485504e-18
18800,22,-1.500000000000000e-03,-1.499999999999998e-03,-1.734723475976807e-18
18800,23,1.200000000000000e-03,1.199999999999993e-03,6.722053469410127e-18
18800,24,1.000000000000000e-03,1.000000000000004e-03,-4.119968255444917e-18
18800,25,-8.000000000000000e-04,-8.000000000000211e-04,2.103352214621879e-17
18800,26,5.999999999999999e-04,6.000000000000106e-04,-1.062518129035794e-17
18800,27,5.000000000000000e-04,4.999999999999952e-04,4.770489558936220e-18
18800,28,-4.000000000000000e-04,-3.999999999999846e-04,-1.544988095791844e-17
18800,29,3.000000000000000e-04,2.999999999999831e-04,1.691355389077387e-17
18900,0,1.200000000000000e-01,1.199999999999998e-01,1.526556658859590e-16
18900,1,-8.000000000000000e-02,-7.999999999999985e-02,-1.526556658859590e-16
18900,2,5.500000000000000e-02,5.499999999999995e-02,4.857225732735060e-17
18900,3,4.000000000000000e-02,4.000000000000003e-02,-2.775557561562891e-17
18900,4,-3.000000000000000e-02,-3.000000000000000e-02,0.000000000000000e+00
18900,5,2.500000000000000e-02,2.500000000000000e-02,-3.469446951953614e-18
18900,6,2.000000000000000e-02,2.000000000000000e-02,0.000000000000000e+00
18900,7,-1.800000000000000e-02,-1.800000000000001e-02,1.040834085586084e-17
18900,8,1.500000000000000e-02,1.500000000000000e-02,3.469446951953614e-18
18900,9,1.200000000000000e-02,1.199999999999999e-02,1.040834085586084e-17
18900,10,-1.000000000000000e-02,-9.999999999999990e-03,-1.040834085586084e-17
18900,11,8.999999999999999e-03,8.999999999999996e-03,3.469446951953614e-18
18900,12,8.000000000000000e-03,7.999999999999997e-03,3.469446951953614e-18
18900,13,-7.000000000000000e-03,-6.999999999999990e-03,-1.040834085586084e-17
18900,14,6.000000000000000e-03,5.999999999999996e-03,4.336808689942018e-18
18900,15,5.000000000000000e-03,5.000000000000003e-03,-2.602085213965211e-18
18900,16,-4.000000000000000e-03,-4.000000000000008e-03,7.806255641895632e-18
18900,17,3.500000000000000e-03,3.500000000000000e-03,4.336808689942018e-19
18900,18,3.000000000000000e-03,3.000000000000000e-03,4.336808689942018e-19
18900,19,-2.500000000000000e-03,-2.499999999999992e-03,-7.806255641895632e-18
18900,20,2.000000000000000e-03,1.999999999999991e-03,9.107298248878237e-18
18900,21,1.800000000000000e-03,1.800000000000000e-03,-4.336808689942018e-19
18900,22,-1.500000000000000e-03,-1.500000000000000e-03,0.000000000000000e+00
18900,23,1.200000000000000e-03,1.199999999999997e-03,3.035766082959412e-18
18900,24,1.000000000000000e-03,9.999999999999957e-04,4.336808689942018e-18
18900,25,-8.000000000000000e-04,-8.000000000000071e-04,7.047314121155779e-18
18900,26,5.999999999999999e-04,6.000000000000134e-04,-1.344410693882025e-17
18900,27,5.000000000000000e-04,4.999999999999929e-04,7.155734338404329e-18
18900,28,-4.000000000000000e-04,-3.999999999999865e-04,-1.349831704744453e-17
18900,29,3.000000000000000e-04,2.999999999999890e-04,1.095044194210359e-17
19000,0,1.200000000000000e-01,1.199999999999998e-01,1.526556658859590e-16
19000,1,-8.000000000000000e-02,-7.999999999999985e-02,-1.526556658859590e-16
19000,2,5.500000000000000e-02,5.499999999999995e-02,4.857225732735060e-17
19000,3,4.000000000000000e-02,4.000000000000003e-02,-2.775557561562891e-17
19000,4,-3.000000000000000e-02,-3.000000000000000e-02,3.469446951953614e-18
19000,5,2.500000000000000e-02,2.500000000000000e-02,0.000000000000000e+00
19000,6,2.000000000000000e-02,2.000000000000000e-02,-3.469446951953614e-18
19000,7,-1.800000000000000e-02,-1.800000000000000e-02,3.469446951953614e-18
19000,8,1.500000000000000e-02,1.499999999999999e-02,5.204170427930421e-18
19000,9,1.200000000000000e-02,1.199999999999999e-02,8.673617379884035e-18
19000,10,-1.000000000000000e-02,-9.999999999999986e-03,-1.387778780781446e-17
19000,11,8.999999999999999e-03,8.999999999999992e-03,6.938893903907228e-18
19000,12,8.000000000000000e-03,8.000000000000004e-03,-3.469446951953614e-18
19000,13,-7.000000000000000e-03,-6.999999999999992e-03,-7.806255641895632e-18
19000,14,6.000000000000000e-03,5.999999999999991e-03,8.673617379884035e-18
19000,15,5.000000000000000e-03,5.000000000000011e-03,-1.040834085586084e-17
19000,16,-4.000000000000000e-03,-4.000000000000010e-03,1.040834085586084e-17
19000,17,3.500000000000000e-03,3.500000000000003e-03,-2.602085213965211e-18
19000,18,3.000000000000000e-03,2.999999999999984e-03,1.604619215278547e-17
19000,19,-2.500000000000000e-03,-2.499999999999974e-03,-2.602085213965211e-17
19000,20,2.000000000000000e-03,1.999999999999978e-03,2.168404344971009e-17
19000,21,1.800000000000000e-03,1.800000000000009e-03,-9.324138683375338e-18
19000,22,-1.500000000000000e-03,-1.500000000000003e-03,3.252606517456513e-18
19000,23,1.200000000000000e-03,1.200000000000001e-03,-1.301042606982605e-18
19000,24,1.000000000000000e-03,9.999999999999916e-04,8.456776945386935e-18
19000,25,-8.000000000000000e-04,-8.000000000000035e-04,3.469446951953614e-18
19000,26,5.999999999999999e-04,6.000000000000099e-04,-9.974659986866641e-18
19000,27,5.000000000000000e-04,4.999999999999907e-04,9.324138683375338e-18
19000,28,-4.000000000000000e-04,-3.999999999999841e-04,-1.593777193553692e-17
19000,29,3.000000000000000e-04,2.999999999999911e-04,8.836247705756861e-18
19100,0,1.200000000000000e-01,1.199999999999998e-01,1.526556658859590e-16
19100,1,-8.000000000000000e-02,-7.999999999999985e-02,-1.526556658859590e-16
19100,2,5.500000000000000e-02,5.499999999999995e-02,4.857225732735060e-17
19100,3,4.000000000000000e-02,4.000000000000003e-02,-2.775557561562891e-17
19100,4,-3.000000000000000e-02,-3.000000000000000e-02,-3.469446951953614e-18
19100,5,2.500000000000000e-02,2.500000000000000e-02,3.469446951953614e-18
19100,6,2.000000000000000e-02,2.000000000000001e-02,-1.040834085586084e-17
19100,7,-1.800000000000000e-02,-1.800000000000000e-02,-3.469446951953614e-18
19100,8,1.500000000000000e-02,1.500000000000000e-02,-1.734723475976807e-18
19100,9,1.200000000000000e-02,1.200000000000000e-02,0.000000000000000e+00
19100,10,-1.000000000000000e-02,-9.999999999999993e-03,-6.938893903907228e-18
19100,11,8.999999999999999e-03,9.000000000000001e-03,-1.734723475976807e-18
19100,12,8.000000000000000e-03,8.000000000000004e-03,-3.469446951953614e-18
19100,13,-7.000000000000000e-03,-6.999999999999998e-03,-2.602085213965211e-18
19100,14,6.000000000000000e-03,5.999999999999993e-03,6.938893903907228e-18
19100,15,5.000000000000000e-03,5.000000000000014e-03,-1.387778780781446e-17
19100,16,-4.000000000000000e-03,-4.000000000000009e-03,8.673617379884035e-18
19100,17,3.500000000000000e-03,3.500000000000002e-03,-2.168404344971009e-18
19100,18,3.000000000000000e-03,2.999999999999994e-03,6.071532165918825e-18
19100,19,-2.500000000000000e-03,-2.499999999999975e-03,-2.515349040166370e-17
19100,20,2.000000000000000e-03,1.999999999999973e-03,2.732189474663471e-17
19100,21,1.800000000000000e-03,1.800000000000022e-03,-2.233456475320139e-17
19100,22,-1.500000000000000e-03,-1.500000000000018e-03,1.821459649775647e-17
19100,23,1.200000000000000e-03,1.200000000000022e-03,-2.190088388420719e-17
19100,24,1.000000000000000e-03,9.999999999999807e-04,1.929879867024198e-17
19100,25,-8.000000000000000e-04,-8.000000000000036e-04,3.577867169202165e-18
19100,26,5.999999999999999e-04,6.000000000000076e-04,-7.697835424647081e-18
19100,27,5.000000000000000e-04,4.999999999999943e-04,5.746271514173174e-18
19100,28,-4.000000000000000e-04,-3.999999999999860e-04,-1.398620802506301e-17
19100,29,3.000000000000000e-04,2.999999999999938e-04,6.125742274543100e-18
19200,0,1.200000000000000e-01,1.199999999999998e-01,1.526556658859590e-16
19200,1,-8.000000000000000e-02,-7.999999999999985e-02,-1.526556658859590e-16
19200,2,5.500000000000000e-02,5.499999999999995e-02,4.857225732735060e-17
19200,3,4.000000000000000e-02,4.000000000000003e-02,-2.775557561562891e-17
19200,4,-3.000000000000000e-02,-2.999999999999999e-02,-1.040834085586084e-17
19200,5,2.500000000000000e-02,2.499999999999999e-02,6.938893903907228e-18
19200,6,2.000000000000000e-02,2.000000000000001e-02,-1.387778780781446e-17
19200,7,-1.800000000000000e-02,-1.799999999999999e-02,-1.040834085586084e-17
19200,8,1.500000000000000e-02,1.500000000000000e-02,1.734723475976807e-18
19200,9,1.200000000000000e-02,1.199999999999999e-02,6.938893903907228e-18
19200,10,-1.000000000000000e-02,-9.999999999999993e-03,-6.938893903907228e-18
19200,11,8.999999999999999e-03,9.000000000000010e-03,-1.040834085586084e-17
19200,12,8.000000000000000e-03,8.000000000000002e-03,-1.734723475976807e-18
19200,13,-7.000000000000000e-03,-6.999999999999987e-03,-1.301042606982605e-17
19200,14,6.000000000000000e-03,5.999999999999990e-03,1.040834085586084e-17
19200,15,5.000000000000000e-03,5.000000000000007e-03,-6.938893903907228e-18
19200,16,-4.000000000000000e-03,-4.000000000000009e-03,8.673617379884035e-18
19200,17,3.500000000000000e-03,3.500000000000000e-03,0.000000000000000e+00
19200,18,3.000000000000000e-03,2.999999999999994e-03,5.637851296924623e-18
19200,19,-2.500000000000000e-03,-2.499999999999971e-03,-2.862293735361732e-17
19200,20,2.000000000000000e-03,1.999999999999971e-03,2.862293735361732e-17
19200,21,1.800000000000000e-03,1.800000000000023e-03,-2.276824562219559e-17
19200,22,-1.500000000000000e-03,-1.500000000000021e-03,2.146720301521299e-17
19200,23,1.200000000000000e-03,1.200000000000022e-03,-2.255140518769849e-17
19200,24,1.000000000000000e-03,9.999999999999846e-04,1.539567084929416e-17
19200,25,-8.000000000000000e-04,-7.999999999999988e-04,-1.192622389734055e-18
19200,26,5.999999999999999e-04,6.000000000000050e-04,-5.095750210681871e-18
19200,27,5.000000000000000e-04,5.000000000000006e-04,-5.421010862427522e-19
19200,28,-4.000000000000000e-04,-3.999999999999926e-04,-7.372574772901430e-18
19200,29,3.000000000000000e-04,2.999999999999872e-04,1.279358563532895e-17
19300,0,1.200000000000000e-01,1.199999999999998e-01,1.526556658859590e-16
19300,1,-8.000000000000000e-02,-7.999999999999985e-02,-1.526556658859590e-16
19300,2,5.500000000000000e-02,5.499999999999995e-02,4.857225732735060e-17
19300,3,4.000000000000000e-02,4.000000000000003e-02,-2.775557561562891e-17
19300,4,-3.000000000000000e-02,-2.999999999999999e-02,-6.938893903907228e-18
19300,5,2.500000000000000e-02,2.500000000000000e-02,-3.469446951953614e-18
19300,6,2.000000000000000e-02,2.000000000000002e-02,-2.081668171172169e-17
19300,7,-1.800000000000000e-02,-1.800000000000000e-02,-3.469446951953614e-18
19300,8,1.500000000000000e-02,1.500000000000000e-02,-5.204170427930421e-18
19300,9,1.200000000000000e-02,1.199999999999999e-02,6.938893903907228e-18
19300,10,-1.000000000000000e-02,-9.999999999999985e-03,-1.561251128379126e-17
19300,11,8.999999999999999e-03,9.000000000000001e-03,-1.734723475976807e-18
19300,12,8.000000000000000e-03,8.000000000000007e-03,-6.938893903907228e-18
19300,13,-7.000000000000000e-03,-6.999999999999995e-03,-5.204170427930421e-18
19300,14,6.000000000000000e-03,5.999999999999997e-03,3.469446951953614e-18
19300,15,5.000000000000000e-03,5.000000000000005e-03,-5.204170427930421e-18
19300,16,-4.000000000000000e-03,-4.000000000000006e-03,6.071532165918825e-18
19300,17,3.500000000000000e-03,3.500000000000006e-03,-6.071532165918825e-18
19300,18,3.000000000000000e-03,2.999999999999986e-03,1.387778780781446e-17
19300,19,-2.500000000000000e-03,-2.499999999999971e-03,-2.905661822261152e-17
19300,20,2.000000000000000e-03,1.999999999999977e-03,2.341876692568690e-17
19300,21,1.800000000000000e-03,1.800000000000019e-03,-1.886511780124778e-17
19300,22,-1.500000000000000e-03,-1.500000000000020e-03,1.994931997373328e-17
19300,23,1.200000000000000e-03,1.200000000000012e-03,-1.192622389734055e-17
19300,24,1.000000000000000e-03,9.999999999999933e-04,6.722053469410127e-18
19300,25,-8.000000000000000e-04,-7.999999999999903e-04,-9.757819552369540e-18
19300,26,5.999999999999999e-04,5.999999999999922e-04,7.697835424647081e-18
19300,27,5.000000000000000e-04,5.000000000000140e-04,-1.398620802506301e-17
19300,28,-4.000000000000000e-04,-4.000000000000008e-04,8.131516293641283e-19
19300,29,3.000000000000000e-04,2.999999999999925e-04,7.426784881525705e-18
19400,0,1.200000000000000e-01,1.199999999999998e-01,1.526556658859590e-16
19400,1,-8.000000000000000e-02,-7.999999999999985e-02,-1.526556658859590e-16
19400,2,5.500000000000000e-02,5.499999999999995e-02,4.857225732735060e-17
19400,3,4.000000000000000e-02,4.000000000000003e-02,-2.775557561562891e-17
19400,4,-3.000000000000000e-02,-3.000000000000000e-02,-3.469446951953614e-18
19400,5,2.500000000000000e-02,2.500000000000000e-02,0.000000000000000e+00
19400,6,2.000000000000000e-02,2.000000000000001e-02,-1.387778780781446e-17
19400,7,-1.800000000000000e-02,-1.800000000000000e-02,3.469446951953614e-18
19400,8,1.500000000000000e-02,1.500000000000000e-02,-5.204170427930421e-18
19400,9,1.200000000000000e-02,1.199999999999999e-02,1.214306433183765e-17
19400,10,-1.000000000000000e-02,-9.999999999999986e-03,-1.387778780781446e-17
19400,11,8.999999999999999e-03,9.000000000000005e-03,-5.204170427930421e-18
19400,12,8.000000000000000e-03,8.000000000000014e-03,-1.387778780781446e-17
19400,13,-7.000000000000000e-03,-7.000000000000011e-03,1.040834085586084e-17
19400,14,6.000000000000000e-03,6.000000000000005e-03,-5.204170427930421e-18
19400,15,5.000000000000000e-03,4.999999999999993e-03,6.938893903907228e-18
19400,16,-4.000000000000000e-03,-3.999999999999998e-03,-1.734723475976807e-18
19400,17,3.500000000000000e-03,3.500000000000007e-03,-6.505213034913027e-18
19400,18,3.000000000000000e-03,2.999999999999987e-03,1.257674520083185e-17
19400,19,-2.500000000000000e-03,-2.499999999999981e-03,-1.908195823574488e-17
19400,20,2.000000000000000e-03,1.999999999999984e-03,1.604619215278547e-17
19400,21,1.800000000000000e-03,1.800000000000018e-03,-1.778091562876227e-17
19400,22,-1.500000000000000e-03,-1.500000000000012e-03,1.235990476633475e-17
19400,23,1.200000000000000e-03,1.200000000000006e-03,-5.637851296924623e-18
19400,24,1.000000000000000e-03,9.999999999999968e-04,3.252606517456513e-18
19400,25,-8.000000000000000e-04,-7.999999999999960e-04,-4.011548038196366e-18
19400,26,5.999999999999999e-04,5.999999999999997e-04,2.168404344971009e-19
19400,27,5.000000000000000e-04,4.999999999999987e-04,1.301042606982605e-18
19400,28,-4.000000000000000e-04,-3.999999999999905e-04,-9.486769009248164e-18
19400,29,3.000000000000000e-04,2.999999999999906e-04,9.324138683375338e-18
19500,0,1.200000000000000e-01,1.199999999999998e-01,1.526556658859590e-16
19500,1,-8.000000000000000e-02,-7.999999999999985e-02,-1.526556658859590e-16
19500,2,5.500000000000000e-02,5.499999999999995e-02,4.857225732735060e-17
19500,3,4.000000000000000e-02,4.000000000000003e-02,-2.775557561562891e-17
19500,4,-3.000000000000000e-02,-2.999999999999999e-02,-6.938893903907228e-18
19500,5,2.500000000000000e-02,2.499999999999999e-02,1.040834085586084e-17
19500,6,2.000000000000000e-02,2.000000000000002e-02,-1.734723475976807e-17
19500,7,-1.800000000000000e-02,-1.800000000000001e-02,1.040834085586084e-17
19500,8,1.500000000000000e-02,1.500000000000002e-02,-1.561251128379126e-17
19500,9,1.200000000000000e-02,1.200000000000000e-02,3.469446951953614e-18
19500,10,-1.000000000000000e-02,-9.999999999999990e-03,-1.040834085586084e-17
19500,11,8.999999999999999e-03,9.000000000000008e-03,-8.673617379884035e-18
19500,12,8.000000000000000e-03,8.000000000000014e-03,-1.387778780781446e-17
19500,13,-7.000000000000000e-03,-7.000000000000005e-03,5.204170427930421e-18
19500,14,6.000000000000000e-03,5.999999999999992e-03,7.806255641895632e-18
19500,15,5.000000000000000e-03,5.000000000000007e-03,-6.938893903907228e-18
19500,16,-4.000000000000000e-03,-4.000000000000004e-03,4.336808689942018e-18
19500,17,3.500000000000000e-03,3.500000000000010e-03,-9.974659986866641e-18
19500,18,3.000000000000000e-03,2.999999999999983e-03,1.734723475976807e-17
19500,19,-2.500000000000000e-03,-2.499999999999986e-03,-1.387778780781446e-17
19500,20,2.000000000000000e-03,1.999999999999979e-03,2.081668171172169e-17
19500,21,1.800000000000000e-03,1.800000000000022e-03,-2.190088388420719e-17
19500,22,-1.500000000000000e-03,-1.500000000000017e-03,1.713039432527097e-17
19500,23,1.200000000000000e-03,1.200000000000007e-03,-7.589415207398531e-18
19500,24,1.000000000000000e-03,9.999999999999944e-04,5.637851296924623e-18
19500,25,-8.000000000000000e-04,-7.999999999999996e-04,-4.336808689942018e-19
19500,26,5.999999999999999e-04,5.999999999999950e-04,4.987329993433320e-18
19500,27,5.000000000000000e-04,5.000000000000060e-04,-5.963111948670274e-18
19500,28,-4.000000000000000e-04,-4.000000000000037e-04,3.632077277826440e-18
19500,29,3.000000000000000e-04,3.000000000000027e-04,-2.764715539838036e-18
19600,0,1.200000000000000e-01,1.199999999999998e-01,1.526556658859590e-16
19600,1,-8.000000000000000e-02,-7.999999999999985e-02,-1.526556658859590e-16
19600,2,5.500000000000000e-02,5.499999999999995e-02,4.857225732735060e-17
19600,3,4.000000000000000e-02,4.000000000000003e-02,-2.775557561562891e-17
19600,4,-3.000000000000000e-02,-3.000000000000000e-02,-3.469446951953614e-18
19600,5,2.500000000000000e-02,2.500000000000000e-02,3.469446951953614e-18
19600,6,2.000000000000000e-02,2.000000000000002e-02,-2.081668171172169e-17
19600,7,-1.800000000000000e-02,-1.800000000000001e-02,1.387778780781446e-17
19600,8,1.500000000000000e-02,1.500000000000002e-02,-1.908195823574488e-17
19600,9,1.200000000000000e-02,1.199999999999999e-02,1.040834085586084e-17
19600,10,-1.000000000000000e-02,-9.999999999999979e-03,-2.081668171172169e-17
19600,11,8.999999999999999e-03,8.999999999999996e-03,3.469446951953614e-18
19600,12,8.000000000000000e-03,8.000000000000002e-03,-1.734723475976807e-18
19600,13,-7.000000000000000e-03,-7.000000000000000e-03,0.000000000000000e+00
19600,14,6.000000000000000e-03,6.000000000000009e-03,-8.673617379884035e-18
19600,15,5.000000000000000e-03,4.999999999999992e-03,7.806255641895632e-18
19600,16,-4.000000000000000e-03,-3.999999999999996e-03,-4.336808689942018e-18
19600,17,3.500000000000000e-03,3.500000000000009e-03,-9.107298248878237e-18
19600,18,3.000000000000000e-03,2.999999999999979e-03,2.125036258071589e-17
19600,19,-2.500000000000000e-03,-2.499999999999991e-03,-8.673617379884035e-18
19600,20,2.000000000000000e-03,1.999999999999985e-03,1.517883041479706e-17
19600,21,1.800000000000000e-03,1.800000000000017e-03,-1.734723475976807e-17
19600,22,-1.500000000000000e-03,-1.500000000000020e-03,1.951563910473908e-17
19600,23,1.200000000000000e-03,1.200000000000011e-03,-1.149254302834635e-17
19600,24,1.000000000000000e-03,9.999999999999926e-04,7.372574772901430e-18
19600,25,-8.000000000000000e-04,-8.000000000000074e-04,7.372574772901430e-18
19600,26,5.999999999999999e-04,5.999999999999976e-04,2.385244779468110e-18
19600,27,5.000000000000000e-04,5.000000000000041e-04,-4.119968255444917e-18
19600,28,-4.000000000000000e-04,-3.999999999999992e-04,-8.673617379884035e-19
19600,29,3.000000000000000e-04,3.000000000000053e-04,-5.312590645178972e-18
19700,0,1.200000000000000e-01,1.199999999999998e-01,1.526556658859590e-16
19700,1,-8.000000000000000e-02,-7.999999999999985e-02,-1.526556658859590e-16
19700,2,5.500000000000000e-02,5.499999999999995e-02,4.857225732735060e-17
19700,3,4.000000000000000e-02,4.000000000000003e-02,-2.775557561562891e-17
19700,4,-3.000000000000000e-02,-2.999999999999999e-02,-1.387778780781446e-17
19700,5,2.500000000000000e-02,2.500000000000000e-02,3.469446951953614e-18
19700,6,2.000000000000000e-02,2.000000000000001e-02,-1.040834085586084e-17
19700,7,-1.800000000000000e-02,-1.800000000000001e-02,1.387778780781446e-17
19700,8,1.500000000000000e-02,1.500000000000002e-02,-2.428612866367530e-17
19700,9,1.200000000000000e-02,1.199999999999998e-02,1.908195823574488e-17
19700,10,-1.000000000000000e-02,-9.999999999999967e-03,-3.295974604355933e-17
19700,11,8.999999999999999e-03,8.999999999999979e-03,2.081668171172169e-17
19700,12,8.000000000000000e-03,8.000000000000012e-03,-1.214306433183765e-17
19700,13,-7.000000000000000e-03,-7.000000000000001e-03,8.673617379884035e-19
19700,14,6.000000000000000e-03,6.000000000000003e-03,-2.602085213965211e-18
19700,15,5.000000000000000e-03,4.999999999999996e-03,4.336808689942018e-18
19700,16,-4.000000000000000e-03,-3.999999999999994e-03,-6.071532165918825e-18
19700,17,3.500000000000000e-03,3.499999999999997e-03,2.602085213965211e-18
19700,18,3.000000000000000e-03,2.999999999999999e-03,1.301042606982605e-18
19700,19,-2.500000000000000e-03,-2.500000000000004e-03,3.903127820947816e-18
19700,20,2.000000000000000e-03,2.000000000000001e-03,-8.673617379884035e-19
19700,21,1.800000000000000e-03,1.800000000000000e-03,-2.168404344971009e-19
19700,22,-1.500000000000000e-03,-1.500000000000003e-03,2.818925648462312e-18
19700,23,1.200000000000000e-03,1.199999999999996e-03,3.469446951953614e-18
19700,24,1.000000000000000e-03,9.999999999999985e-04,1.517883041479706e-18
19700,25,-8.000000000000000e-04,-8.000000000000084e-04,8.348356728138384e-18
19700,26,5.999999999999999e-04,5.999999999999991e-04,8.673617379884035e-19
19700,27,5.000000000000000e-04,4.999999999999943e-04,5.746271514173174e-18
19700,28,-4.000000000000000e-04,-3.999999999999936e-04,-6.451002926288751e-18
19700,29,3.000000000000000e-04,2.999999999999922e-04,7.752045533271357e-18
19800,0,1.200000000000000e-01,1.199999999999998e-01,1.526556658859590e-16
19800,1,-8.000000000000000e-02,-7.999999999999985e-02,-1.526556658859590e-16
19800,2,5.500000000000000e-02,5.499999999999995e-02,4.857225732735060e-17
19800,3,4.000000000000000e-02,4.000000000000003e-02,-2.775557561562891e-17
19800,4,-3.000000000000000e-02,-2.999999999999999e-02,-6.938893903907228e-18
19800,5,2.500000000000000e-02,2.500000000000000e-02,0.000000000000000e+00
19800,6,2.000000000000000e-02,2.000000000000000e-02,0.000000000000000e+00
19800,7,-1.800000000000000e-02,-1.800000000000001e-02,1.387778780781446e-17
19800,8,1.500000000000000e-02,1.500000000000001e-02,-8.673617379884035e-18
19800,9,1.200000000000000e-02,1.199999999999999e-02,1.214306433183765e-17
19800,10,-1.000000000000000e-02,-9.999999999999962e-03,-3.816391647148976e-17
19800,11,8.999999999999999e-03,8.999999999999970e-03,2.949029909160572e-17
19800,12,8.000000000000000e-03,8.000000000000019e-03,-1.908195823574488e-17
19800,13,-7.000000000000000e-03,-7.000000000000004e-03,3.469446951953614e-18
19800,14,6.000000000000000e-03,6.000000000000002e-03,-1.734723475976807e-18
19800,15,5.000000000000000e-03,4.999999999999988e-03,1.214306433183765e-17
19800,16,-4.000000000000000e-03,-3.999999999999992e-03,-7.806255641895632e-18
19800,17,3.500000000000000e-03,3.499999999999998e-03,1.734723475976807e-18
19800,18,3.000000000000000e-03,2.999999999999991e-03,9.107298248878237e-18
19800,19,-2.500000000000000e-03,-2.500000000000004e-03,4.336808689942018e-18
19800,20,2.000000000000000e-03,2.000000000000009e-03,-9.107298248878237e-18
19800,21,1.800000000000000e-03,1.799999999999993e-03,6.938893903907228e-18
19800,22,-1.500000000000000e-03,-1.499999999999992e-03,-7.589415207398531e-18
19800,23,1.200000000000000e-03,1.199999999999991e-03,8.673617379884035e-18
19800,24,1.000000000000000e-03,9.999999999999942e-04,5.854691731421724e-18
19800,25,-8.000000000000000e-04,-8.000000000000054e-04,5.312590645178972e-18
19800,26,5.999999999999999e-04,5.999999999999998e-04,1.084202172485504e-19
19800,27,5.000000000000000e-04,4.999999999999989e-04,1.084202172485504e-18
19800,28,-4.000000000000000e-04,-3.999999999999973e-04,-2.710505431213761e-18
19800,29,3.000000000000000e-04,2.999999999999967e-04,3.252606517456513e-18
19900,0,1.200000000000000e-01,1.199999999999998e-01,1.526556658859590e-16
19900,1,-8.000000000000000e-02,-7.999999999999985e-02,-1.526556658859590e-16
19900,2,5.500000000000000e-02,5.499999999999996e-02,4.163336342344337e-17
19900,3,4.000000000000000e-02,4.000000000000003e-02,-2.775557561562891e-17
19900,4,-3.000000000000000e-02,-2.999999999999999e-02,-1.040834085586084e-17
19900,5,2.500000000000000e-02,2.499999999999999e-02,1.040834085586084e-17
19900,6,2.000000000000000e-02,2.000000000000000e-02,0.000000000000000e+00
19900,7,-1.800000000000000e-02,-1.800000000000001e-02,1.387778780781446e-17
19900,8,1.500000000000000e-02,1.500000000000001e-02,-1.214306433183765e-17
19900,9,1.200000000000000e-02,1.199999999999999e-02,8.673617379884035e-18
19900,10,-1.000000000000000e-02,-9.999999999999969e-03,-3.122502256758253e-17
19900,11,8.999999999999999e-03,8.999999999999970e-03,2.949029909160572e-17
19900,12,8.000000000000000e-03,8.000000000000014e-03,-1.387778780781446e-17
19900,13,-7.000000000000000e-03,-7.000000000000007e-03,6.938893903907228e-18
19900,14,6.000000000000000e-03,5.999999999999996e-03,4.336808689942018e-18
19900,15,5.000000000000000e-03,4.999999999999999e-03,8.673617379884035e-19
19900,16,-4.000000000000000e-03,-3.999999999999996e-03,-4.336808689942018e-18
19900,17,3.500000000000000e-03,3.500000000000011e-03,-1.084202172485504e-17
19900,18,3.000000000000000e-03,2.999999999999989e-03,1.127570259384925e-17
19900,19,-2.500000000000000e-03,-2.500000000000000e-03,-4.336808689942018e-19
19900,20,2.000000000000000e-03,1.999999999999999e-03,8.673617379884035e-19
19900,21,1.800000000000000e-03,1.800000000000005e-03,-4.987329993433320e-18
19900,22,-1.500000000000000e-03,-1.500000000000000e-03,-2.168404344971009e-19
19900,23,1.200000000000000e-03,1.199999999999992e-03,8.023096076392733e-18
19900,24,1.000000000000000e-03,9.999999999999937e-04,6.288372600415926e-18
19900,25,-8.000000000000000e-04,-8.000000000000021e-04,2.059984127722458e-18
19900,26,5.999999999999999e-04,6.000000000000025e-04,-2.602085213965211e-18
19900,27,5.000000000000000e-04,5.000000000000099e-04,-9.866239769618090e-18
19900,28,-4.000000000000000e-04,-4.000000000000064e-04,6.396792817664476e-18
19900,29,3.000000000000000e-04,2.999999999999995e-04,4.336808689942018e-19
20000,0,1.200000000000000e-01,1.199999999999998e-01,1.526556658859590e-16
20000,1,-8.000000000000000e-02,-7.999999999999985e-02,-1.526556658859590e-16
20000,2,5.500000000000000e-02,5.499999999999996e-02,4.163336342344337e-17
20000,3,4.000000000000000e-02,4.000000000000003e-02,-2.775557561562891e-17
20000,4,-3.000000000000000e-02,-2.999999999999999e-02,-1.387778780781446e-17
20000,5,2.500000000000000e-02,2.499999999999999e-02,1.387778780781446e-17
20000,6,2.000000000000000e-02,2.000000000000000e-02,0.000000000000000e+00
20000,7,-1.800000000000000e-02,-1.800000000000001e-02,1.040834085586084e-17
20000,8,1.500000000000000e-02,1.500000000000000e-02,-5.204170427930421e-18
20000,9,1.200000000000000e-02,1.200000000000000e-02,-1.734723475976807e-18
20000,10,-1.000000000000000e-02,-9.999999999999976e-03,-2.428612866367530e-17
20000,11,8.999999999999999e-03,8.999999999999975e-03,2.428612866367530e-17
20000,12,8.000000000000000e-03,8.000000000000007e-03,-6.938893903907228e-18
20000,13,-7.000000000000000e-03,-7.000000000000007e-03,6.938893903907228e-18
20000,14,6.000000000000000e-03,5.999999999999991e-03,9.540979117872439e-18
20000,15,5.000000000000000e-03,4.999999999999999e-03,8.673617379884035e-19
20000,16,-4.000000000000000e-03,-3.999999999999998e-03,-1.734723475976807e-18
20000,17,3.500000000000000e-03,3.500000000000010e-03,-9.540979117872439e-18
20000,18,3.000000000000000e-03,2.999999999999992e-03,8.239936510889834e-18
20000,19,-2.500000000000000e-03,-2.499999999999991e-03,-9.107298248878237e-18
20000,20,2.000000000000000e-03,1.999999999999991e-03,9.540979117872439e-18
20000,21,1.800000000000000e-03,1.800000000000014e-03,-1.387778780781446e-17
20000,22,-1.500000000000000e-03,-1.500000000000013e-03,1.322726650432315e-17
20000,23,1.200000000000000e-03,1.199999999999996e-03,3.686287386450715e-18
20000,24,1.000000000000000e-03,9.999999999999987e-04,1.301042606982605e-18
20000,25,-8.000000000000000e-04,-7.999999999999973e-04,-2.710505431213761e-18
20000,26,5.999999999999999e-04,5.999999999999933e-04,6.613633252161577e-18
20000,27,5.000000000000000e-04,5.000000000000028e-04,-2.818925648462312e-18
20000,28,-4.000000000000000e-04,-3.999999999999928e-04,-7.209944447028604e-18
20000,29,3.000000000000000e-04,2.999999999999920e-04,7.968885967768458e-18
