n,i,h,w,h_minus_w
100,0,1.200000000000000e-01,6.405910053699090e-03,1.135940899463009e-01
100,1,-8.000000000000000e-02,6.315910053699090e-03,-8.631591005369910e-02
100,2,5.500000000000000e-02,6.285977553699091e-03,4.871402244630091e-02
100,3,4.000000000000000e-02,6.214839952449091e-03,3.378516004755091e-02
100,4,-3.000000000000000e-02,6.113862410801905e-03,-3.611386241080190e-02
100,5,2.500000000000000e-02,6.035687801779659e-03,1.896431219822034e-02
100,6,2.000000000000000e-02,5.939056347541246e-03,1.406094365245875e-02
100,7,-1.800000000000000e-02,5.827859734846906e-03,-2.382785973484691e-02
100,8,1.500000000000000e-02,5.730746904369211e-03,9.269253095630790e-03
100,9,1.200000000000000e-02,5.622966750874383e-03,6.377033249125618e-03
100,10,-1.000000000000000e-02,5.506914113415644e-03,-1.550691411341565e-02
100,11,8.999999999999999e-03,5.399231870737848e-03,3.600768129262151e-03
100,12,8.000000000000000e-03,5.285688006562143e-03,2.714311993437858e-03
100,13,-7.000000000000000e-03,5.167166037164018e-03,-1.216716603716402e-02
100,14,6.000000000000000e-03,5.055049656967524e-03,9.449503430324765e-04
100,15,5.000000000000000e-03,4.939610498763093e-03,6.038950123690712e-05
100,16,-4.000000000000000e-03,4.821720031088462e-03,-8.821720031088463e-03
100,17,3.500000000000000e-03,4.708244249025928e-03,-1.208244249025928e-03
100,18,3.000000000000000e-03,4.593590283184692e-03,-1.593590283184692e-03
100,19,-2.500000000000000e-03,4.478234145882313e-03,-6.978234145882313e-03
100,20,2.000000000000000e-03,4.366396833536492e-03,-2.366396833536492e-03
100,21,1.800000000000000e-03,4.254737080875859e-03,-2.454737080875859e-03
100,22,-1.500000000000000e-03,4.143485969319630e-03,-5.643485969319630e-03
100,23,1.200000000000000e-03,4.035195501104078e-03,-2.835195501104079e-03
100,24,1.000000000000000e-03,3.927873043465246e-03,-2.927873043465246e-03
100,25,-8.000000000000000e-04,3.821732390063911e-03,-4.621732390063912e-03
100,26,5.999999999999999e-04,3.718181873913852e-03,-3.118181873913853e-03
100,27,5.000000000000000e-04,3.616200592828720e-03,-3.116200592828720e-03
100,28,-4.000000000000000e-04,3.515909432685561e-03,-3.915909432685561e-03
100,29,3.000000000000000e-04,3.418024386905409e-03,-3.118024386905409e-03
200,0,1.200000000000000e-01,7.166619600570349e-03,1.128333803994297e-01
200,1,-8.000000000000000e-02,7.076619600570349e-03,-8.707661960057035e-02
200,2,5.500000000000000e-02,7.046687100570349e-03,4.795331289942965e-02
200,3,4.000000000000000e-02,6.975549499320349e-03,3.302445050067965e-02
200,4,-3.000000000000000e-02,6.874571957673163e-03,-3.687457195767316e-02
200,5,2.500000000000000e-02,6.796397348650917e-03,1.820360265134909e-02
200,6,2.000000000000000e-02,6.699765894412505e-03,1.330023410558749e-02
200,7,-1.800000000000000e-02,6.588569281718164e-03,-2.458856928171816e-02
200,8,1.500000000000000e-02,6.491456451240469e-03,8.508543548759531e-03
200,9,1.200000000000000e-02,6.383676297745641e-03,5.616323702254359e-03
200,10,-1.000000000000000e-02,6.267623660286902e-03,-1.626762366028690e-02
200,11,8.999999999999999e-03,6.159941417609107e-03,2.840058582390893e-03
200,12,8.000000000000000e-03,6.046397553433401e-03,1.953602446566599e-03
200,13,-7.000000000000000e-03,5.927875584035277e-03,-1.292787558403528e-02
200,14,6.000000000000000e-03,5.815759203838782e-03,1.842407961612181e-04
200,15,5.000000000000000e-03,5.700320045634351e-03,-7.003200456343513e-04
200,16,-4.000000000000000e-03,5.582429577959721e-03,-9.582429577959722e-03
200,17,3.500000000000000e-03,5.468953795897186e-03,-1.968953795897186e-03
200,18,3.000000000000000e-03,5.354299830055950e-03,-2.354299830055950e-03
200,19,-2.500000000000000e-03,5.238943692753571e-03,-7.738943692753571e-03
200,20,2.000000000000000e-03,5.127106380407751e-03,-3.127106380407751e-03
200,21,1.800000000000000e-03,5.015446627747117e-03,-3.215446627747117e-03
200,22,-1.500000000000000e-03,4.904195516190889e-03,-6.404195516190888e-03
200,23,1.200000000000000e-03,4.795905047975337e-03,-3.595905047975337e-03
200,24,1.000000000000000e-03,4.688582590336505e-03,-3.688582590336505e-03
200,25,-8.000000000000000e-04,4.582441936935170e-03,-5.382441936935170e-03
200,26,5.999999999999999e-04,4.478891420785109e-03,-3.878891420785110e-03
200,27,5.000000000000000e-04,4.376910139699977e-03,-3.876910139699977e-03
200,28,-4.000000000000000e-04,4.276618979556819e-03,-4.676618979556819e-03
200,29,3.000000000000000e-04,4.178733933776667e-03,-3.878733933776667e-03
300,0,1.200000000000000e-01,7.244763570976287e-03,1.127552364290237e-01
300,1,-8.000000000000000e-02,7.154763570976287e-03,-8.715476357097629e-02
300,2,5.500000000000000e-02,7.124831070976287e-03,4.787516892902371e-02
300,3,4.000000000000000e-02,7.053693469726287e-03,3.294630653027372e-02
300,4,-3.000000000000000e-02,6.952715928079101e-03,-3.695271592807910e-02
300,5,2.500000000000000e-02,6.874541319056855e-03,1.812545868094315e-02
300,6,2.000000000000000e-02,6.777909864818443e-03,1.322209013518156e-02
300,7,-1.800000000000000e-02,6.666713252124102e-03,-2.466671325212410e-02
300,8,1.500000000000000e-02,6.569600421646407e-03,8.430399578353592e-03
300,9,1.200000000000000e-02,6.461820268151579e-03,5.538179731848421e-03
300,10,-1.000000000000000e-02,6.345767630692840e-03,-1.634576763069284e-02
300,11,8.999999999999999e-03,6.238085388015045e-03,2.761914611984955e-03
300,12,8.000000000000000e-03,6.124541523839339e-03,1.875458476160661e-03
300,13,-7.000000000000000e-03,6.006019554441215e-03,-1.300601955444122e-02
300,14,6.000000000000000e-03,5.893903174244720e-03,1.060968257552801e-04
300,15,5.000000000000000e-03,5.778464016040289e-03,-7.784640160402893e-04
300,16,-4.000000000000000e-03,5.660573548365659e-03,-9.660573548365659e-03
300,17,3.500000000000000e-03,5.547097766303124e-03,-2.047097766303124e-03
300,18,3.000000000000000e-03,5.432443800461888e-03,-2.432443800461888e-03
300,19,-2.500000000000000e-03,5.317087663159509e-03,-7.817087663159509e-03
300,20,2.000000000000000e-03,5.205250350813689e-03,-3.205250350813689e-03
300,21,1.800000000000000e-03,5.093590598153055e-03,-3.293590598153055e-03
300,22,-1.500000000000000e-03,4.982339486596827e-03,-6.482339486596827e-03
300,23,1.200000000000000e-03,4.874049018381275e-03,-3.674049018381275e-03
300,24,1.000000000000000e-03,4.766726560742443e-03,-3.766726560742443e-03
300,25,-8.000000000000000e-04,4.660585907341108e-03,-5.460585907341108e-03
300,26,5.999999999999999e-04,4.557035391191048e-03,-3.957035391191048e-03
300,27,5.000000000000000e-04,4.455054110105915e-03,-3.955054110105915e-03
300,28,-4.000000000000000e-04,4.354762949962757e-03,-4.754762949962757e-03
300,29,3.000000000000000e-04,4.256877904182605e-03,-3.956877904182605e-03
400,0,1.200000000000000e-01,7.252790918780608e-03,1.127472090812194e-01
400,1,-8.000000000000000e-02,7.162790918780608e-03,-8.716279091878061e-02
400,2,5.500000000000000e-02,7.132858418780609e-03,4.786714158121939e-02
400,3,4.000000000000000e-02,7.061720817530609e-03,3.293827918246939e-02
400,4,-3.000000000000000e-02,6.960743275883423e-03,-3.696074327588342e-02
400,5,2.500000000000000e-02,6.882568666861177e-03,1.811743133313883e-02
400,6,2.000000000000000e-02,6.785937212622765e-03,1.321406278737723e-02
400,7,-1.800000000000000e-02,6.674740599928424e-03,-2.467474059992842e-02
400,8,1.500000000000000e-02,6.577627769450729e-03,8.422372230549272e-03
400,9,1.200000000000000e-02,6.469847615955901e-03,5.530152384044099e-03
400,10,-1.000000000000000e-02,6.353794978497162e-03,-1.635379497849716e-02
400,11,8.999999999999999e-03,6.246112735819366e-03,2.753887264180633e-03
400,12,8.000000000000000e-03,6.132568871643661e-03,1.867431128356340e-03
400,13,-7.000000000000000e-03,6.014046902245536e-03,-1.301404690224554e-02
400,14,6.000000000000000e-03,5.901930522049042e-03,9.806947795095843e-05
400,15,5.000000000000000e-03,5.786491363844611e-03,-7.864913638446110e-04
400,16,-4.000000000000000e-03,5.668600896169980e-03,-9.668600896169981e-03
400,17,3.500000000000000e-03,5.555125114107446e-03,-2.055125114107446e-03
400,18,3.000000000000000e-03,5.440471148266210e-03,-2.440471148266210e-03
400,19,-2.500000000000000e-03,5.325115010963831e-03,-7.825115010963831e-03
400,20,2.000000000000000e-03,5.213277698618010e-03,-3.213277698618010e-03
400,21,1.800000000000000e-03,5.101617945957377e-03,-3.301617945957377e-03
400,22,-1.500000000000000e-03,4.990366834401148e-03,-6.490366834401148e-03
400,23,1.200000000000000e-03,4.882076366185597e-03,-3.682076366185597e-03
400,24,1.000000000000000e-03,4.774753908546764e-03,-3.774753908546764e-03
400,25,-8.000000000000000e-04,4.668613255145429e-03,-5.468613255145430e-03
400,26,5.999999999999999e-04,4.565062738995369e-03,-3.965062738995369e-03
400,27,5.000000000000000e-04,4.463081457910236e-03,-3.963081457910236e-03
400,28,-4.000000000000000e-04,4.362790297767078e-03,-4.762790297767079e-03
400,29,3.000000000000000e-04,4.264905251986926e-03,-3.964905251986926e-03
500,0,1.200000000000000e-01,7.253615528951257e-03,1.127463844710487e-01
500,1,-8.000000000000000e-02,7.163615528951257e-03,-8.716361552895126e-02
500,2,5.500000000000000e-02,7.133683028951257e-03,4.786631697104874e-02
500,3,4.000000000000000e-02,7.062545427701257e-03,3.293745457229874e-02
500,4,-3.000000000000000e-02,6.961567886054071e-03,-3.696156788605407e-02
500,5,2.500000000000000e-02,6.883393277031825e-03,1.811660672296818e-02
500,6,2.000000000000000e-02,6.786761822793413e-03,1.321323817720659e-02
500,7,-1.800000000000000e-02,6.675565210099072e-03,-2.467556521009907e-02
500,8,1.500000000000000e-02,6.578452379621377e-03,8.421547620378621e-03
500,9,1.200000000000000e-02,6.470672226126549e-03,5.529327773873451e-03
500,10,-1.000000000000000e-02,6.354619588667810e-03,-1.635461958866781e-02
500,11,8.999999999999999e-03,6.246937345990015e-03,2.753062654009985e-03
500,12,8.000000000000000e-03,6.133393481814309e-03,1.866606518185691e-03
500,13,-7.000000000000000e-03,6.014871512416185e-03,-1.301487151241618e-02
500,14,6.000000000000000e-03,5.902755132219690e-03,9.724486778031009e-05
500,15,5.000000000000000e-03,5.787315974015259e-03,-7.873159740152593e-04
500,16,-4.000000000000000e-03,5.669425506340629e-03,-9.669425506340628e-03
500,17,3.500000000000000e-03,5.555949724278094e-03,-2.055949724278094e-03
500,18,3.000000000000000e-03,5.441295758436858e-03,-2.441295758436858e-03
500,19,-2.500000000000000e-03,5.325939621134479e-03,-7.825939621134479e-03
500,20,2.000000000000000e-03,5.214102308788659e-03,-3.214102308788659e-03
500,21,1.800000000000000e-03,5.102442556128025e-03,-3.302442556128025e-03
500,22,-1.500000000000000e-03,4.991191444571797e-03,-6.491191444571796e-03
500,23,1.200000000000000e-03,4.882900976356245e-03,-3.682900976356245e-03
500,24,1.000000000000000e-03,4.775578518717413e-03,-3.775578518717413e-03
500,25,-8.000000000000000e-04,4.669437865316078e-03,-5.469437865316078e-03
500,26,5.999999999999999e-04,4.565887349166018e-03,-3.965887349166018e-03
500,27,5.000000000000000e-04,4.463906068080885e-03,-3.963906068080884e-03
500,28,-4.000000000000000e-04,4.363614907937727e-03,-4.763614907937727e-03
500,29,3.000000000000000e-04,4.265729862157575e-03,-3.965729862157575e-03
600,0,1.200000000000000e-01,7.253700237120147e-03,1.127462997628799e-01
600,1,-8.000000000000000e-02,7.163700237120148e-03,-8.716370023712015e-02
600,2,5.500000000000000e-02,7.133767737120148e-03,4.786623226287985e-02
600,3,4.000000000000000e-02,7.062630135870148e-03,3.293736986412985e-02
600,4,-3.000000000000000e-02,6.961652594222962e-03,-3.696165259422296e-02
600,5,2.500000000000000e-02,6.883477985200716e-03,1.811652201479929e-02
600,6,2.000000000000000e-02,6.786846530962304e-03,1.321315346903770e-02
600,7,-1.800000000000000e-02,6.675649918267963e-03,-2.467564991826796e-02
600,8,1.500000000000000e-02,6.578537087790268e-03,8.421462912209732e-03
600,9,1.200000000000000e-02,6.470756934295440e-03,5.529243065704560e-03
600,10,-1.000000000000000e-02,6.354704296836701e-03,-1.635470429683670e-02
600,11,8.999999999999999e-03,6.247022054158905e-03,2.752977945841094e-03
600,12,8.000000000000000e-03,6.133478189983200e-03,1.866521810016800e-03
600,13,-7.000000000000000e-03,6.014956220585076e-03,-1.301495622058508e-02
600,14,6.000000000000000e-03,5.902839840388581e-03,9.716015961141935e-05
600,15,5.000000000000000e-03,5.787400682184150e-03,-7.874006821841500e-04
600,16,-4.000000000000000e-03,5.669510214509520e-03,-9.669510214509520e-03
600,17,3.500000000000000e-03,5.556034432446985e-03,-2.056034432446985e-03
600,18,3.000000000000000e-03,5.441380466605749e-03,-2.441380466605749e-03
600,19,-2.500000000000000e-03,5.326024329303370e-03,-7.826024329303370e-03
600,20,2.000000000000000e-03,5.214187016957549e-03,-3.214187016957549e-03
600,21,1.800000000000000e-03,5.102527264296916e-03,-3.302527264296916e-03
600,22,-1.500000000000000e-03,4.991276152740688e-03,-6.491276152740687e-03
600,23,1.200000000000000e-03,4.882985684525136e-03,-3.682985684525136e-03
600,24,1.000000000000000e-03,4.775663226886303e-03,-3.775663226886303e-03
600,25,-8.000000000000000e-04,4.669522573484968e-03,-5.469522573484969e-03
600,26,5.999999999999999e-04,4.565972057334908e-03,-3.965972057334908e-03
600,27,5.000000000000000e-04,4.463990776249776e-03,-3.963990776249775e-03
600,28,-4.000000000000000e-04,4.363699616106618e-03,-4.763699616106618e-03
600,29,3.000000000000000e-04,4.265814570326465e-03,-3.965814570326466e-03
700,0,1.200000000000000e-01,7.253708938775948e-03,1.127462910612241e-01
700,1,-8.000000000000000e-02,7.163708938775948e-03,-8.716370893877595e-02
700,2,5.500000000000000e-02,7.133776438775948e-03,4.786622356122405e-02
700,3,4.000000000000000e-02,7.062638837525948e-03,3.293736116247405e-02
700,4,-3.000000000000000e-02,6.961661295878763e-03,-3.696166129587876e-02
700,5,2.500000000000000e-02,6.883486686856516e-03,1.811651331314348e-02
700,6,2.000000000000000e-02,6.786855232618104e-03,1.321314476738190e-02
700,7,-1.800000000000000e-02,6.675658619923763e-03,-2.467565861992376e-02
700,8,1.500000000000000e-02,6.578545789446068e-03,8.421454210553930e-03
700,9,1.200000000000000e-02,6.470765635951240e-03,5.529234364048760e-03
700,10,-1.000000000000000e-02,6.354712998492502e-03,-1.635471299849250e-02
700,11,8.999999999999999e-03,6.247030755814706e-03,2.752969244185294e-03
700,12,8.000000000000000e-03,6.133486891639000e-03,1.866513108361000e-03
700,13,-7.000000000000000e-03,6.014964922240876e-03,-1.301496492224088e-02
700,14,6.000000000000000e-03,5.902848542044381e-03,9.715145795561892e-05
700,15,5.000000000000000e-03,5.787409383839951e-03,-7.874093838399505e-04
700,16,-4.000000000000000e-03,5.669518916165320e-03,-9.669518916165319e-03
700,17,3.500000000000000e-03,5.556043134102785e-03,-2.056043134102785e-03
700,18,3.000000000000000e-03,5.441389168261549e-03,-2.441389168261549e-03
700,19,-2.500000000000000e-03,5.326033030959170e-03,-7.826033030959171e-03
700,20,2.000000000000000e-03,5.214195718613350e-03,-3.214195718613350e-03
700,21,1.800000000000000e-03,5.102535965952716e-03,-3.302535965952716e-03
700,22,-1.500000000000000e-03,4.991284854396488e-03,-6.491284854396488e-03
700,23,1.200000000000000e-03,4.882994386180936e-03,-3.682994386180936e-03
700,24,1.000000000000000e-03,4.775671928542104e-03,-3.775671928542104e-03
700,25,-8.000000000000000e-04,4.669531275140769e-03,-5.469531275140769e-03
700,26,5.999999999999999e-04,4.565980758990709e-03,-3.965980758990709e-03
700,27,5.000000000000000e-04,4.463999477905576e-03,-3.963999477905576e-03
700,28,-4.000000000000000e-04,4.363708317762418e-03,-4.763708317762418e-03
700,29,3.000000000000000e-04,4.265823271982266e-03,-3.965823271982266e-03
800,0,1.200000000000000e-01,7.253709832654478e-03,1.127462901673455e-01
800,1,-8.000000000000000e-02,7.163709832654478e-03,-8.716370983265448e-02
800,2,5.500000000000000e-02,7.133777332654479e-03,4.786622266734552e-02
800,3,4.000000000000000e-02,7.062639731404479e-03,3.293736026859552e-02
800,4,-3.000000000000000e-02,6.961662189757293e-03,-3.696166218975729e-02
800,5,2.500000000000000e-02,6.883487580735047e-03,1.811651241926495e-02
800,6,2.000000000000000e-02,6.786856126496634e-03,1.321314387350337e-02
800,7,-1.800000000000000e-02,6.675659513802294e-03,-2.467565951380229e-02
800,8,1.500000000000000e-02,6.578546683324599e-03,8.421453316675400e-03
800,9,1.200000000000000e-02,6.470766529829771e-03,5.529233470170230e-03
800,10,-1.000000000000000e-02,6.354713892371032e-03,-1.635471389237103e-02
800,11,8.999999999999999e-03,6.247031649693236e-03,2.752968350306763e-03
800,12,8.000000000000000e-03,6.133487785517530e-03,1.866512214482470e-03
800,13,-7.000000000000000e-03,6.014965816119406e-03,-1.301496581611941e-02
800,14,6.000000000000000e-03,5.902849435922911e-03,9.715056407708870e-05
800,15,5.000000000000000e-03,5.787410277718481e-03,-7.874102777184807e-04
800,16,-4.000000000000000e-03,5.669519810043850e-03,-9.669519810043849e-03
800,17,3.500000000000000e-03,5.556044027981316e-03,-2.056044027981316e-03
800,18,3.000000000000000e-03,5.441390062140079e-03,-2.441390062140079e-03
800,19,-2.500000000000000e-03,5.326033924837700e-03,-7.826033924837701e-03
800,20,2.000000000000000e-03,5.214196612491880e-03,-3.214196612491880e-03
800,21,1.800000000000000e-03,5.102536859831247e-03,-3.302536859831247e-03
800,22,-1.500000000000000e-03,4.991285748275018e-03,-6.491285748275018e-03
800,23,1.200000000000000e-03,4.882995280059466e-03,-3.682995280059467e-03
800,24,1.000000000000000e-03,4.775672822420634e-03,-3.775672822420634e-03
800,25,-8.000000000000000e-04,4.669532169019299e-03,-5.469532169019299e-03
800,26,5.999999999999999e-04,4.565981652869239e-03,-3.965981652869239e-03
800,27,5.000000000000000e-04,4.464000371784106e-03,-3.964000371784106e-03
800,28,-4.000000000000000e-04,4.363709211640948e-03,-4.763709211640948e-03
800,29,3.000000000000000e-04,4.265824165860796e-03,-3.965824165860796e-03
900,0,1.200000000000000e-01,7.253709924478250e-03,1.127462900755217e-01
900,1,-8.000000000000000e-02,7.163709924478250e-03,-8.716370992447825e-02
900,2,5.500000000000000e-02,7.133777424478250e-03,4.786622257552175e-02
900,3,4.000000000000000e-02,7.062639823228250e-03,3.293736017677175e-02
900,4,-3.000000000000000e-02,6.961662281581064e-03,-3.696166228158106e-02
900,5,2.500000000000000e-02,6.883487672558818e-03,1.811651232744118e-02
900,6,2.000000000000000e-02,6.786856218320406e-03,1.321314378167959e-02
900,7,-1.800000000000000e-02,6.675659605626065e-03,-2.467565960562607e-02
900,8,1.500000000000000e-02,6.578546775148370e-03,8.421453224851629e-03
900,9,1.200000000000000e-02,6.470766621653542e-03,5.529233378346458e-03
900,10,-1.000000000000000e-02,6.354713984194803e-03,-1.635471398419480e-02
900,11,8.999999999999999e-03,6.247031741517008e-03,2.752968258482992e-03
900,12,8.000000000000000e-03,6.133487877341302e-03,1.866512122658698e-03
900,13,-7.000000000000000e-03,6.014965907943178e-03,-1.301496590794318e-02
900,14,6.000000000000000e-03,5.902849527746683e-03,9.715047225331702e-05
900,15,5.000000000000000e-03,5.787410369542252e-03,-7.874103695422524e-04
900,16,-4.000000000000000e-03,5.669519901867622e-03,-9.669519901867622e-03
900,17,3.500000000000000e-03,5.556044119805087e-03,-2.056044119805087e-03
900,18,3.000000000000000e-03,5.441390153963851e-03,-2.441390153963851e-03
900,19,-2.500000000000000e-03,5.326034016661472e-03,-7.826034016661472e-03
900,20,2.000000000000000e-03,5.214196704315652e-03,-3.214196704315652e-03
900,21,1.800000000000000e-03,5.102536951655018e-03,-3.302536951655018e-03
900,22,-1.500000000000000e-03,4.991285840098790e-03,-6.491285840098790e-03
900,23,1.200000000000000e-03,4.882995371883238e-03,-3.682995371883238e-03
900,24,1.000000000000000e-03,4.775672914244406e-03,-3.775672914244406e-03
900,25,-8.000000000000000e-04,4.669532260843071e-03,-5.469532260843071e-03
900,26,5.999999999999999e-04,4.565981744693011e-03,-3.965981744693011e-03
900,27,5.000000000000000e-04,4.464000463607878e-03,-3.964000463607878e-03
900,28,-4.000000000000000e-04,4.363709303464720e-03,-4.763709303464720e-03
900,29,3.000000000000000e-04,4.265824257684568e-03,-3.965824257684568e-03
1000,0,1.200000000000000e-01,7.253709933910858e-03,1.127462900660891e-01
1000,1,-8.000000000000000e-02,7.163709933910858e-03,-8.716370993391086e-02
1000,2,5.500000000000000e-02,7.133777433910859e-03,4.786622256608914e-02
1000,3,4.000000000000000e-02,7.062639832660859e-03,3.293736016733914e-02
1000,4,-3.000000000000000e-02,6.961662291013673e-03,-3.696166229101367e-02
1000,5,2.500000000000000e-02,6.883487681991427e-03,1.811651231800858e-02
1000,6,2.000000000000000e-02,6.786856227753014e-03,1.321314377224699e-02
1000,7,-1.800000000000000e-02,6.675659615058674e-03,-2.467565961505867e-02
1000,8,1.500000000000000e-02,6.578546784580979e-03,8.421453215419022e-03
1000,9,1.200000000000000e-02,6.470766631086151e-03,5.529233368913850e-03
1000,10,-1.000000000000000e-02,6.354713993627412e-03,-1.635471399362741e-02
1000,11,8.999999999999999e-03,6.247031750949616e-03,2.752968249050383e-03
1000,12,8.000000000000000e-03,6.133487886773910e-03,1.866512113226090e-03
1000,13,-7.000000000000000e-03,6.014965917375786e-03,-1.301496591737579e-02
1000,14,6.000000000000000e-03,5.902849537179291e-03,9.715046282070868e-05
1000,15,5.000000000000000e-03,5.787410378974861e-03,-7.874103789748607e-04
1000,16,-4.000000000000000e-03,5.669519911300230e-03,-9.669519911300231e-03
1000,17,3.500000000000000e-03,5.556044129237696e-03,-2.056044129237696e-03
1000,18,3.000000000000000e-03,5.441390163396459e-03,-2.441390163396459e-03
1000,19,-2.500000000000000e-03,5.326034026094080e-03,-7.826034026094081e-03
1000,20,2.000000000000000e-03,5.214196713748260e-03,-3.214196713748260e-03
1000,21,1.800000000000000e-03,5.102536961087627e-03,-3.302536961087627e-03
1000,22,-1.500000000000000e-03,4.991285849531398e-03,-6.491285849531398e-03
1000,23,1.200000000000000e-03,4.882995381315846e-03,-3.682995381315847e-03
1000,24,1.000000000000000e-03,4.775672923677014e-03,-3.775672923677014e-03
1000,25,-8.000000000000000e-04,4.669532270275679e-03,-5.469532270275679e-03
1000,26,5.999999999999999e-04,4.565981754125619e-03,-3.965981754125619e-03
1000,27,5.000000000000000e-04,4.464000473040486e-03,-3.964000473040486e-03
1000,28,-4.000000000000000e-04,4.363709312897328e-03,-4.763709312897328e-03
1000,29,3.000000000000000e-04,4.265824267117176e-03,-3.965824267117176e-03
1100,0,1.200000000000000e-01,7.253709934879822e-03,1.127462900651202e-01
1100,1,-8.000000000000000e-02,7.163709934879822e-03,-8.716370993487982e-02
1100,2,5.500000000000000e-02,7.133777434879822e-03,4.786622256512018e-02
1100,3,4.000000000000000e-02,7.062639833629822e-03,3.293736016637018e-02
1100,4,-3.000000000000000e-02,6.961662291982636e-03,-3.696166229198264e-02
1100,5,2.500000000000000e-02,6.883487682960390e-03,1.811651231703961e-02
1100,6,2.000000000000000e-02,6.786856228721978e-03,1.321314377127802e-02
1100,7,-1.800000000000000e-02,6.675659616027637e-03,-2.467565961602763e-02
1100,8,1.500000000000000e-02,6.578546785549942e-03,8.421453214450057e-03
1100,9,1.200000000000000e-02,6.470766632055114e-03,5.529233367944886e-03
1100,10,-1.000000000000000e-02,6.354713994596375e-03,-1.635471399459638e-02
1100,11,8.999999999999999e-03,6.247031751918580e-03,2.752968248081420e-03
1100,12,8.000000000000000e-03,6.133487887742874e-03,1.866512112257126e-03
1100,13,-7.000000000000000e-03,6.014965918344750e-03,-1.301496591834475e-02
1100,14,6.000000000000000e-03,5.902849538148255e-03,9.715046185174506e-05
1100,15,5.000000000000000e-03,5.787410379943824e-03,-7.874103799438243e-04
1100,16,-4.000000000000000e-03,5.669519912269194e-03,-9.669519912269194e-03
1100,17,3.500000000000000e-03,5.556044130206659e-03,-2.056044130206659e-03
1100,18,3.000000000000000e-03,5.441390164365423e-03,-2.441390164365423e-03
1100,19,-2.500000000000000e-03,5.326034027063044e-03,-7.826034027063044e-03
1100,20,2.000000000000000e-03,5.214196714717224e-03,-3.214196714717224e-03
1100,21,1.800000000000000e-03,5.102536962056590e-03,-3.302536962056590e-03
1100,22,-1.500000000000000e-03,4.991285850500362e-03,-6.491285850500362e-03
1100,23,1.200000000000000e-03,4.882995382284810e-03,-3.682995382284810e-03
1100,24,1.000000000000000e-03,4.775672924645978e-03,-3.775672924645978e-03
1100,25,-8.000000000000000e-04,4.669532271244643e-03,-5.469532271244643e-03
1100,26,5.999999999999999e-04,4.565981755094583e-03,-3.965981755094583e-03
1100,27,5.000000000000000e-04,4.464000474009450e-03,-3.964000474009450e-03
1100,28,-4.000000000000000e-04,4.363709313866292e-03,-4.763709313866292e-03
1100,29,3.000000000000000e-04,4.265824268086140e-03,-3.965824268086140e-03
1200,0,1.200000000000000e-01,7.253709934979358e-03,1.127462900650206e-01
1200,1,-8.000000000000000e-02,7.163709934979359e-03,-8.716370993497936e-02
1200,2,5.500000000000000e-02,7.133777434979359e-03,4.786622256502064e-02
1200,3,4.000000000000000e-02,7.062639833729359e-03,3.293736016627064e-02
1200,4,-3.000000000000000e-02,6.961662292082173e-03,-3.696166229208217e-02
1200,5,2.500000000000000e-02,6.883487683059927e-03,1.811651231694007e-02
1200,6,2.000000000000000e-02,6.786856228821515e-03,1.321314377117849e-02
1200,7,-1.800000000000000e-02,6.675659616127174e-03,-2.467565961612717e-02
1200,8,1.500000000000000e-02,6.578546785649479e-03,8.421453214350521e-03
1200,9,1.200000000000000e-02,6.470766632154651e-03,5.529233367845349e-03
1200,10,-1.000000000000000e-02,6.354713994695912e-03,-1.635471399469591e-02
1200,11,8.999999999999999e-03,6.247031752018116e-03,2.752968247981883e-03
1200,12,8.000000000000000e-03,6.133487887842411e-03,1.866512112157589e-03
1200,13,-7.000000000000000e-03,6.014965918444286e-03,-1.301496591844429e-02
1200,14,6.000000000000000e-03,5.902849538247792e-03,9.715046175220836e-05
1200,15,5.000000000000000e-03,5.787410380043361e-03,-7.874103800433610e-04
1200,16,-4.000000000000000e-03,5.669519912368731e-03,-9.669519912368731e-03
1200,17,3.500000000000000e-03,5.556044130306196e-03,-2.056044130306196e-03
1200,18,3.000000000000000e-03,5.441390164464960e-03,-2.441390164464960e-03
1200,19,-2.500000000000000e-03,5.326034027162581e-03,-7.826034027162580e-03
1200,20,2.000000000000000e-03,5.214196714816760e-03,-3.214196714816760e-03
1200,21,1.800000000000000e-03,5.102536962156127e-03,-3.302536962156127e-03
1200,22,-1.500000000000000e-03,4.991285850599898e-03,-6.491285850599899e-03
1200,23,1.200000000000000e-03,4.882995382384347e-03,-3.682995382384347e-03
1200,24,1.000000000000000e-03,4.775672924745514e-03,-3.775672924745514e-03
1200,25,-8.000000000000000e-04,4.669532271344179e-03,-5.469532271344180e-03
1200,26,5.999999999999999e-04,4.565981755194119e-03,-3.965981755194119e-03
1200,27,5.000000000000000e-04,4.464000474108987e-03,-3.964000474108987e-03
1200,28,-4.000000000000000e-04,4.363709313965828e-03,-4.763709313965829e-03
1200,29,3.000000000000000e-04,4.265824268185676e-03,-3.965824268185677e-03
1300,0,1.200000000000000e-01,7.253709934989584e-03,1.127462900650104e-01
1300,1,-8.000000000000000e-02,7.163709934989584e-03,-8.716370993498959e-02
1300,2,5.500000000000000e-02,7.133777434989584e-03,4.786622256501041e-02
1300,3,4.000000000000000e-02,7.062639833739584e-03,3.293736016626041e-02
1300,4,-3.000000000000000e-02,6.961662292092398e-03,-3.696166229209240e-02
1300,5,2.500000000000000e-02,6.883487683070152e-03,1.811651231692985e-02
1300,6,2.000000000000000e-02,6.786856228831740e-03,1.321314377116826e-02
1300,7,-1.800000000000000e-02,6.675659616137399e-03,-2.467565961613740e-02
1300,8,1.500000000000000e-02,6.578546785659704e-03,8.421453214340294e-03
1300,9,1.200000000000000e-02,6.470766632164876e-03,5.529233367835124e-03
1300,10,-1.000000000000000e-02,6.354713994706137e-03,-1.635471399470614e-02
1300,11,8.999999999999999e-03,6.247031752028342e-03,2.752968247971658e-03
1300,12,8.000000000000000e-03,6.133487887852636e-03,1.866512112147364e-03
1300,13,-7.000000000000000e-03,6.014965918454512e-03,-1.301496591845451e-02
1300,14,6.000000000000000e-03,5.902849538258017e-03,9.715046174198303e-05
1300,15,5.000000000000000e-03,5.787410380053586e-03,-7.874103800535864e-04
1300,16,-4.000000000000000e-03,5.669519912378956e-03,-9.669519912378955e-03
1300,17,3.500000000000000e-03,5.556044130316421e-03,-2.056044130316421e-03
1300,18,3.000000000000000e-03,5.441390164475185e-03,-2.441390164475185e-03
1300,19,-2.500000000000000e-03,5.326034027172806e-03,-7.826034027172806e-03
1300,20,2.000000000000000e-03,5.214196714826986e-03,-3.214196714826986e-03
1300,21,1.800000000000000e-03,5.102536962166352e-03,-3.302536962166352e-03
1300,22,-1.500000000000000e-03,4.991285850610124e-03,-6.491285850610123e-03
1300,23,1.200000000000000e-03,4.882995382394572e-03,-3.682995382394572e-03
1300,24,1.000000000000000e-03,4.775672924755740e-03,-3.775672924755740e-03
1300,25,-8.000000000000000e-04,4.669532271354405e-03,-5.469532271354405e-03
1300,26,5.999999999999999e-04,4.565981755204345e-03,-3.965981755204345e-03
1300,27,5.000000000000000e-04,4.464000474119212e-03,-3.964000474119211e-03
1300,28,-4.000000000000000e-04,4.363709313976054e-03,-4.763709313976054e-03
1300,29,3.000000000000000e-04,4.265824268195902e-03,-3.965824268195902e-03
1400,0,1.200000000000000e-01,7.253709934990634e-03,1.127462900650094e-01
1400,1,-8.000000000000000e-02,7.163709934990634e-03,-8.716370993499063e-02
1400,2,5.500000000000000e-02,7.133777434990635e-03,4.786622256500937e-02
1400,3,4.000000000000000e-02,7.062639833740635e-03,3.293736016625937e-02
1400,4,-3.000000000000000e-02,6.961662292093449e-03,-3.696166229209345e-02
1400,5,2.500000000000000e-02,6.883487683071203e-03,1.811651231692880e-02
1400,6,2.000000000000000e-02,6.786856228832790e-03,1.321314377116721e-02
1400,7,-1.800000000000000e-02,6.675659616138450e-03,-2.467565961613845e-02
1400,8,1.500000000000000e-02,6.578546785660755e-03,8.421453214339245e-03
1400,9,1.200000000000000e-02,6.470766632165927e-03,5.529233367834074e-03
1400,10,-1.000000000000000e-02,6.354713994707188e-03,-1.635471399470719e-02
1400,11,8.999999999999999e-03,6.247031752029392e-03,2.752968247970607e-03
1400,12,8.000000000000000e-03,6.133487887853686e-03,1.866512112146314e-03
1400,13,-7.000000000000000e-03,6.014965918455562e-03,-1.301496591845556e-02
1400,14,6.000000000000000e-03,5.902849538259067e-03,9.715046174093266e-05
1400,15,5.000000000000000e-03,5.787410380054637e-03,-7.874103800546367e-04
1400,16,-4.000000000000000e-03,5.669519912380006e-03,-9.669519912380006e-03
1400,17,3.500000000000000e-03,5.556044130317472e-03,-2.056044130317472e-03
1400,18,3.000000000000000e-03,5.441390164476236e-03,-2.441390164476235e-03
1400,19,-2.500000000000000e-03,5.326034027173856e-03,-7.826034027173856e-03
1400,20,2.000000000000000e-03,5.214196714828036e-03,-3.214196714828036e-03
1400,21,1.800000000000000e-03,5.102536962167403e-03,-3.302536962167403e-03
1400,22,-1.500000000000000e-03,4.991285850611174e-03,-6.491285850611175e-03
1400,23,1.200000000000000e-03,4.882995382395622e-03,-3.682995382395623e-03
1400,24,1.000000000000000e-03,4.775672924756790e-03,-3.775672924756790e-03
1400,25,-8.000000000000000e-04,4.669532271355455e-03,-5.469532271355456e-03
1400,26,5.999999999999999e-04,4.565981755205395e-03,-3.965981755205395e-03
1400,27,5.000000000000000e-04,4.464000474120262e-03,-3.964000474120263e-03
1400,28,-4.000000000000000e-04,4.363709313977104e-03,-4.763709313977104e-03
1400,29,3.000000000000000e-04,4.265824268196952e-03,-3.965824268196952e-03
1500,0,1.200000000000000e-01,7.253709934990736e-03,1.127462900650093e-01
1500,1,-8.000000000000000e-02,7.163709934990736e-03,-8.716370993499074e-02
1500,2,5.500000000000000e-02,7.133777434990736e-03,4.786622256500926e-02
1500,3,4.000000000000000e-02,7.062639833740736e-03,3.293736016625926e-02
1500,4,-3.000000000000000e-02,6.961662292093550e-03,-3.696166229209355e-02
1500,5,2.500000000000000e-02,6.883487683071304e-03,1.811651231692870e-02
1500,6,2.000000000000000e-02,6.786856228832892e-03,1.321314377116711e-02
1500,7,-1.800000000000000e-02,6.675659616138551e-03,-2.467565961613855e-02
1500,8,1.500000000000000e-02,6.578546785660856e-03,8.421453214339143e-03
1500,9,1.200000000000000e-02,6.470766632166028e-03,5.529233367833972e-03
1500,10,-1.000000000000000e-02,6.354713994707289e-03,-1.635471399470729e-02
1500,11,8.999999999999999e-03,6.247031752029493e-03,2.752968247970506e-03
1500,12,8.000000000000000e-03,6.133487887853788e-03,1.866512112146212e-03
1500,13,-7.000000000000000e-03,6.014965918455664e-03,-1.301496591845566e-02
1500,14,6.000000000000000e-03,5.902849538259169e-03,9.715046174083117e-05
1500,15,5.000000000000000e-03,5.787410380054738e-03,-7.874103800547382e-04
1500,16,-4.000000000000000e-03,5.669519912380108e-03,-9.669519912380107e-03
1500,17,3.500000000000000e-03,5.556044130317573e-03,-2.056044130317573e-03
1500,18,3.000000000000000e-03,5.441390164476337e-03,-2.441390164476337e-03
1500,19,-2.500000000000000e-03,5.326034027173958e-03,-7.826034027173958e-03
1500,20,2.000000000000000e-03,5.214196714828138e-03,-3.214196714828138e-03
1500,21,1.800000000000000e-03,5.102536962167504e-03,-3.302536962167504e-03
1500,22,-1.500000000000000e-03,4.991285850611276e-03,-6.491285850611275e-03
1500,23,1.200000000000000e-03,4.882995382395724e-03,-3.682995382395724e-03
1500,24,1.000000000000000e-03,4.775672924756892e-03,-3.775672924756892e-03
1500,25,-8.000000000000000e-04,4.669532271355557e-03,-5.469532271355557e-03
1500,26,5.999999999999999e-04,4.565981755205496e-03,-3.965981755205497e-03
1500,27,5.000000000000000e-04,4.464000474120364e-03,-3.964000474120363e-03
1500,28,-4.000000000000000e-04,4.363709313977206e-03,-4.763709313977206e-03
1500,29,3.000000000000000e-04,4.265824268197054e-03,-3.965824268197054e-03
1600,0,1.200000000000000e-01,7.253709934990736e-03,1.127462900650093e-01
1600,1,-8.000000000000000e-02,7.163709934990736e-03,-8.716370993499074e-02
1600,2,5.500000000000000e-02,7.133777434990736e-03,4.786622256500926e-02
1600,3,4.000000000000000e-02,7.062639833740736e-03,3.293736016625926e-02
1600,4,-3.000000000000000e-02,6.961662292093550e-03,-3.696166229209355e-02
1600,5,2.500000000000000e-02,6.883487683071304e-03,1.811651231692870e-02
1600,6,2.000000000000000e-02,6.786856228832892e-03,1.321314377116711e-02
1600,7,-1.800000000000000e-02,6.675659616138551e-03,-2.467565961613855e-02
1600,8,1.500000000000000e-02,6.578546785660856e-03,8.421453214339143e-03
1600,9,1.200000000000000e-02,6.470766632166028e-03,5.529233367833972e-03
1600,10,-1.000000000000000e-02,6.354713994707289e-03,-1.635471399470729e-02
1600,11,8.999999999999999e-03,6.247031752029493e-03,2.752968247970506e-03
1600,12,8.000000000000000e-03,6.133487887853788e-03,1.866512112146212e-03
1600,13,-7.000000000000000e-03,6.014965918455664e-03,-1.301496591845566e-02
1600,14,6.000000000000000e-03,5.902849538259169e-03,9.715046174083117e-05
1600,15,5.000000000000000e-03,5.787410380054738e-03,-7.874103800547382e-04
1600,16,-4.000000000000000e-03,5.669519912380108e-03,-9.669519912380107e-03
1600,17,3.500000000000000e-03,5.556044130317573e-03,-2.056044130317573e-03
1600,18,3.000000000000000e-03,5.441390164476337e-03,-2.441390164476337e-03
1600,19,-2.500000000000000e-03,5.326034027173958e-03,-7.826034027173958e-03
1600,20,2.000000000000000e-03,5.214196714828138e-03,-3.214196714828138e-03
1600,21,1.800000000000000e-03,5.102536962167504e-03,-3.302536962167504e-03
1600,22,-1.500000000000000e-03,4.991285850611276e-03,-6.491285850611275e-03
1600,23,1.200000000000000e-03,4.882995382395724e-03,-3.682995382395724e-03
1600,24,1.000000000000000e-03,4.775672924756892e-03,-3.775672924756892e-03
1600,25,-8.000000000000000e-04,4.669532271355557e-03,-5.469532271355557e-03
1600,26,5.999999999999999e-04,4.565981755205496e-03,-3.965981755205497e-03
1600,27,5.000000000000000e-04,4.464000474120364e-03,-3.964000474120363e-03
1600,28,-4.000000000000000e-04,4.363709313977206e-03,-4.763709313977206e-03
1600,29,3.000000000000000e-04,4.265824268197054e-03,-3.965824268197054e-03
1700,0,1.200000000000000e-01,7.253709934990736e-03,1.127462900650093e-01
1700,1,-8.000000000000000e-02,7.163709934990736e-03,-8.716370993499074e-02
1700,2,5.500000000000000e-02,7.133777434990736e-03,4.786622256500926e-02
1700,3,4.000000000000000e-02,7.062639833740736e-03,3.293736016625926e-02
1700,4,-3.000000000000000e-02,6.961662292093550e-03,-3.696166229209355e-02
1700,5,2.500000000000000e-02,6.883487683071304e-03,1.811651231692870e-02
1700,6,2.000000000000000e-02,6.786856228832892e-03,1.321314377116711e-02
1700,7,-1.800000000000000e-02,6.675659616138551e-03,-2.467565961613855e-02
1700,8,1.500000000000000e-02,6.578546785660856e-03,8.421453214339143e-03
1700,9,1.200000000000000e-02,6.470766632166028e-03,5.529233367833972e-03
1700,10,-1.000000000000000e-02,6.354713994707289e-03,-1.635471399470729e-02
1700,11,8.999999999999999e-03,6.247031752029493e-03,2.752968247970506e-03
1700,12,8.000000000000000e-03,6.133487887853788e-03,1.866512112146212e-03
1700,13,-7.000000000000000e-03,6.014965918455664e-03,-1.301496591845566e-02
1700,14,6.000000000000000e-03,5.902849538259169e-03,9.715046174083117e-05
1700,15,5.000000000000000e-03,5.787410380054738e-03,-7.874103800547382e-04
1700,16,-4.000000000000000e-03,5.669519912380108e-03,-9.669519912380107e-03
1700,17,3.500000000000000e-03,5.556044130317573e-03,-2.056044130317573e-03
1700,18,3.000000000000000e-03,5.441390164476337e-03,-2.441390164476337e-03
1700,19,-2.500000000000000e-03,5.326034027173958e-03,-7.826034027173958e-03
1700,20,2.000000000000000e-03,5.214196714828138e-03,-3.214196714828138e-03
1700,21,1.800000000000000e-03,5.102536962167504e-03,-3.302536962167504e-03
1700,22,-1.500000000000000e-03,4.991285850611276e-03,-6.491285850611275e-03
1700,23,1.200000000000000e-03,4.882995382395724e-03,-3.682995382395724e-03
1700,24,1.000000000000000e-03,4.775672924756892e-03,-3.775672924756892e-03
1700,25,-8.000000000000000e-04,4.669532271355557e-03,-5.469532271355557e-03
1700,26,5.999999999999999e-04,4.565981755205496e-03,-3.965981755205497e-03
1700,27,5.000000000000000e-04,4.464000474120364e-03,-3.964000474120363e-03
1700,28,-4.000000000000000e-04,4.363709313977206e-03,-4.763709313977206e-03
1700,29,3.000000000000000e-04,4.265824268197054e-03,-3.965824268197054e-03
1800,0,1.200000000000000e-01,7.253709934990736e-03,1.127462900650093e-01
1800,1,-8.000000000000000e-02,7.163709934990736e-03,-8.716370993499074e-02
1800,2,5.500000000000000e-02,7.133777434990736e-03,4.786622256500926e-02
1800,3,4.000000000000000e-02,7.062639833740736e-03,3.293736016625926e-02
1800,4,-3.000000000000000e-02,6.961662292093550e-03,-3.696166229209355e-02
1800,5,2.500000000000000e-02,6.883487683071304e-03,1.811651231692870e-02
1800,6,2.000000000000000e-02,6.786856228832892e-03,1.321314377116711e-02
1800,7,-1.800000000000000e-02,6.675659616138551e-03,-2.467565961613855e-02
1800,8,1.500000000000000e-02,6.578546785660856e-03,8.421453214339143e-03
1800,9,1.200000000000000e-02,6.470766632166028e-03,5.529233367833972e-03
1800,10,-1.000000000000000e-02,6.354713994707289e-03,-1.635471399470729e-02
1800,11,8.999999999999999e-03,6.247031752029493e-03,2.752968247970506e-03
1800,12,8.000000000000000e-03,6.133487887853788e-03,1.866512112146212e-03
1800,13,-7.000000000000000e-03,6.014965918455664e-03,-1.301496591845566e-02
1800,14,6.000000000000000e-03,5.902849538259169e-03,9.715046174083117e-05
1800,15,5.000000000000000e-03,5.787410380054738e-03,-7.874103800547382e-04
1800,16,-4.000000000000000e-03,5.669519912380108e-03,-9.669519912380107e-03
1800,17,3.500000000000000e-03,5.556044130317573e-03,-2.056044130317573e-03
1800,18,3.000000000000000e-03,5.441390164476337e-03,-2.441390164476337e-03
1800,19,-2.500000000000000e-03,5.326034027173958e-03,-7.826034027173958e-03
1800,20,2.000000000000000e-03,5.214196714828138e-03,-3.214196714828138e-03
1800,21,1.800000000000000e-03,5.102536962167504e-03,-3.302536962167504e-03
1800,22,-1.500000000000000e-03,4.991285850611276e-03,-6.491285850611275e-03
1800,23,1.200000000000000e-03,4.882995382395724e-03,-3.682995382395724e-03
1800,24,1.000000000000000e-03,4.775672924756892e-03,-3.775672924756892e-03
1800,25,-8.000000000000000e-04,4.669532271355557e-03,-5.469532271355557e-03
1800,26,5.999999999999999e-04,4.565981755205496e-03,-3.965981755205497e-03
1800,27,5.000000000000000e-04,4.464000474120364e-03,-3.964000474120363e-03
1800,28,-4.000000000000000e-04,4.363709313977206e-03,-4.763709313977206e-03
1800,29,3.000000000000000e-04,4.265824268197054e-03,-3.965824268197054e-03
1900,0,1.200000000000000e-01,7.253709934990736e-03,1.127462900650093e-01
1900,1,-8.000000000000000e-02,7.163709934990736e-03,-8.716370993499074e-02
1900,2,5.500000000000000e-02,7.133777434990736e-03,4.786622256500926e-02
1900,3,4.000000000000000e-02,7.062639833740736e-03,3.293736016625926e-02
1900,4,-3.000000000000000e-02,6.961662292093550e-03,-3.696166229209355e-02
1900,5,2.500000000000000e-02,6.883487683071304e-03,1.811651231692870e-02
1900,6,2.000000000000000e-02,6.786856228832892e-03,1.321314377116711e-02
1900,7,-1.800000000000000e-02,6.675659616138551e-03,-2.467565961613855e-02
1900,8,1.500000000000000e-02,6.578546785660856e-03,8.421453214339143e-03
1900,9,1.200000000000000e-02,6.470766632166028e-03,5.529233367833972e-03
1900,10,-1.000000000000000e-02,6.354713994707289e-03,-1.635471399470729e-02
1900,11,8.999999999999999e-03,6.247031752029493e-03,2.752968247970506e-03
1900,12,8.000000000000000e-03,6.133487887853788e-03,1.866512112146212e-03
1900,13,-7.000000000000000e-03,6.014965918455664e-03,-1.301496591845566e-02
1900,14,6.000000000000000e-03,5.902849538259169e-03,9.715046174083117e-05
1900,15,5.000000000000000e-03,5.787410380054738e-03,-7.874103800547382e-04
1900,16,-4.000000000000000e-03,5.669519912380108e-03,-9.669519912380107e-03
1900,17,3.500000000000000e-03,5.556044130317573e-03,-2.056044130317573e-03
1900,18,3.000000000000000e-03,5.441390164476337e-03,-2.441390164476337e-03
1900,19,-2.500000000000000e-03,5.326034027173958e-03,-7.826034027173958e-03
1900,20,2.000000000000000e-03,5.214196714828138e-03,-3.214196714828138e-03
1900,21,1.800000000000000e-03,5.102536962167504e-03,-3.302536962167504e-03
1900,22,-1.500000000000000e-03,4.991285850611276e-03,-6.491285850611275e-03
1900,23,1.200000000000000e-03,4.882995382395724e-03,-3.682995382395724e-03
1900,24,1.000000000000000e-03,4.775672924756892e-03,-3.775672924756892e-03
1900,25,-8.000000000000000e-04,4.669532271355557e-03,-5.469532271355557e-03
1900,26,5.999999999999999e-04,4.565981755205496e-03,-3.965981755205497e-03
1900,27,5.000000000000000e-04,4.464000474120364e-03,-3.964000474120363e-03
1900,28,-4.000000000000000e-04,4.363709313977206e-03,-4.763709313977206e-03
1900,29,3.000000000000000e-04,4.265824268197054e-03,-3.965824268197054e-03
2000,0,1.200000000000000e-01,7.253709934990736e-03,1.127462900650093e-01
2000,1,-8.000000000000000e-02,7.163709934990736e-03,-8.716370993499074e-02
2000,2,5.500000000000000e-02,7.133777434990736e-03,4.786622256500926e-02
2000,3,4.000000000000000e-02,7.062639833740736e-03,3.293736016625926e-02
2000,4,-3.000000000000000e-02,6.961662292093550e-03,-3.696166229209355e-02
2000,5,2.500000000000000e-02,6.883487683071304e-03,1.811651231692870e-02
2000,6,2.000000000000000e-02,6.786856228832892e-03,1.321314377116711e-02
2000,7,-1.800000000000000e-02,6.675659616138551e-03,-2.467565961613855e-02
2000,8,1.500000000000000e-02,6.578546785660856e-03,8.421453214339143e-03
2000,9,1.200000000000000e-02,6.470766632166028e-03,5.529233367833972e-03
2000,10,-1.000000000000000e-02,6.354713994707289e-03,-1.635471399470729e-02
2000,11,8.999999999999999e-03,6.247031752029493e-03,2.752968247970506e-03
2000,12,8.000000000000000e-03,6.133487887853788e-03,1.866512112146212e-03
2000,13,-7.000000000000000e-03,6.014965918455664e-03,-1.301496591845566e-02
2000,14,6.000000000000000e-03,5.902849538259169e-03,9.715046174083117e-05
2000,15,5.000000000000000e-03,5.787410380054738e-03,-7.874103800547382e-04
2000,16,-4.000000000000000e-03,5.669519912380108e-03,-9.669519912380107e-03
2000,17,3.500000000000000e-03,5.556044130317573e-03,-2.056044130317573e-03
2000,18,3.000000000000000e-03,5.441390164476337e-03,-2.441390164476337e-03
2000,19,-2.500000000000000e-03,5.326034027173958e-03,-7.826034027173958e-03
2000,20,2.000000000000000e-03,5.214196714828138e-03,-3.214196714828138e-03
2000,21,1.800000000000000e-03,5.102536962167504e-03,-3.302536962167504e-03
2000,22,-1.500000000000000e-03,4.991285850611276e-03,-6.491285850611275e-03
2000,23,1.200000000000000e-03,4.882995382395724e-03,-3.682995382395724e-03
2000,24,1.000000000000000e-03,4.775672924756892e-03,-3.775672924756892e-03
2000,25,-8.000000000000000e-04,4.669532271355557e-03,-5.469532271355557e-03
2000,26,5.999999999999999e-04,4.565981755205496e-03,-3.965981755205497e-03
2000,27,5.000000000000000e-04,4.464000474120364e-03,-3.964000474120363e-03
2000,28,-4.000000000000000e-04,4.363709313977206e-03,-4.763709313977206e-03
2000,29,3.000000000000000e-04,4.265824268197054e-03,-3.965824268197054e-03
2100,0,1.200000000000000e-01,7.253709934990736e-03,1.127462900650093e-01
2100,1,-8.000000000000000e-02,7.163709934990736e-03,-8.716370993499074e-02
2100,2,5.500000000000000e-02,7.133777434990736e-03,4.786622256500926e-02
2100,3,4.000000000000000e-02,7.062639833740736e-03,3.293736016625926e-02
2100,4,-3.000000000000000e-02,6.961662292093550e-03,-3.696166229209355e-02
2100,5,2.500000000000000e-02,6.883487683071304e-03,1.811651231692870e-02
2100,6,2.000000000000000e-02,6.786856228832892e-03,1.321314377116711e-02
2100,7,-1.800000000000000e-02,6.675659616138551e-03,-2.467565961613855e-02
2100,8,1.500000000000000e-02,6.578546785660856e-03,8.421453214339143e-03
2100,9,1.200000000000000e-02,6.470766632166028e-03,5.529233367833972e-03
2100,10,-1.000000000000000e-02,6.354713994707289e-03,-1.635471399470729e-02
2100,11,8.999999999999999e-03,6.247031752029493e-03,2.752968247970506e-03
2100,12,8.000000000000000e-03,6.133487887853788e-03,1.866512112146212e-03
2100,13,-7.000000000000000e-03,6.014965918455664e-03,-1.301496591845566e-02
2100,14,6.000000000000000e-03,5.902849538259169e-03,9.715046174083117e-05
2100,15,5.000000000000000e-03,5.787410380054738e-03,-7.874103800547382e-04
2100,16,-4.000000000000000e-03,5.669519912380108e-03,-9.669519912380107e-03
2100,17,3.500000000000000e-03,5.556044130317573e-03,-2.056044130317573e-03
2100,18,3.000000000000000e-03,5.441390164476337e-03,-2.441390164476337e-03
2100,19,-2.500000000000000e-03,5.326034027173958e-03,-7.826034027173958e-03
2100,20,2.000000000000000e-03,5.214196714828138e-03,-3.214196714828138e-03
2100,21,1.800000000000000e-03,5.102536962167504e-03,-3.302536962167504e-03
2100,22,-1.500000000000000e-03,4.991285850611276e-03,-6.491285850611275e-03
2100,23,1.200000000000000e-03,4.882995382395724e-03,-3.682995382395724e-03
2100,24,1.000000000000000e-03,4.775672924756892e-03,-3.775672924756892e-03
2100,25,-8.000000000000000e-04,4.669532271355557e-03,-5.469532271355557e-03
2100,26,5.999999999999999e-04,4.565981755205496e-03,-3.965981755205497e-03
2100,27,5.000000000000000e-04,4.464000474120364e-03,-3.964000474120363e-03
2100,28,-4.000000000000000e-04,4.363709313977206e-03,-4.763709313977206e-03
2100,29,3.000000000000000e-04,4.265824268197054e-03,-3.965824268197054e-03
2200,0,1.200000000000000e-01,7.253709934990736e-03,1.127462900650093e-01
2200,1,-8.000000000000000e-02,7.163709934990736e-03,-8.716370993499074e-02
2200,2,5.500000000000000e-02,7.133777434990736e-03,4.786622256500926e-02
2200,3,4.000000000000000e-02,7.062639833740736e-03,3.293736016625926e-02
2200,4,-3.000000000000000e-02,6.961662292093550e-03,-3.696166229209355e-02
2200,5,2.500000000000000e-02,6.883487683071304e-03,1.811651231692870e-02
2200,6,2.000000000000000e-02,6.786856228832892e-03,1.321314377116711e-02
2200,7,-1.800000000000000e-02,6.675659616138551e-03,-2.467565961613855e-02
2200,8,1.500000000000000e-02,6.578546785660856e-03,8.421453214339143e-03
2200,9,1.200000000000000e-02,6.470766632166028e-03,5.529233367833972e-03
2200,10,-1.000000000000000e-02,6.354713994707289e-03,-1.635471399470729e-02
2200,11,8.999999999999999e-03,6.247031752029493e-03,2.752968247970506e-03
2200,12,8.000000000000000e-03,6.133487887853788e-03,1.866512112146212e-03
2200,13,-7.000000000000000e-03,6.014965918455664e-03,-1.301496591845566e-02
2200,14,6.000000000000000e-03,5.902849538259169e-03,9.715046174083117e-05
2200,15,5.000000000000000e-03,5.787410380054738e-03,-7.874103800547382e-04
2200,16,-4.000000000000000e-03,5.669519912380108e-03,-9.669519912380107e-03
2200,17,3.500000000000000e-03,5.556044130317573e-03,-2.056044130317573e-03
2200,18,3.000000000000000e-03,5.441390164476337e-03,-2.441390164476337e-03
2200,19,-2.500000000000000e-03,5.326034027173958e-03,-7.826034027173958e-03
2200,20,2.000000000000000e-03,5.214196714828138e-03,-3.214196714828138e-03
2200,21,1.800000000000000e-03,5.102536962167504e-03,-3.302536962167504e-03
2200,22,-1.500000000000000e-03,4.991285850611276e-03,-6.491285850611275e-03
2200,23,1.200000000000000e-03,4.882995382395724e-03,-3.682995382395724e-03
2200,24,1.000000000000000e-03,4.775672924756892e-03,-3.775672924756892e-03
2200,25,-8.000000000000000e-04,4.669532271355557e-03,-5.469532271355557e-03
2200,26,5.999999999999999e-04,4.565981755205496e-03,-3.965981755205497e-03
2200,27,5.000000000000000e-04,4.464000474120364e-03,-3.964000474120363e-03
2200,28,-4.000000000000000e-04,4.363709313977206e-03,-4.763709313977206e-03
2200,29,3.000000000000000e-04,4.265824268197054e-03,-3.965824268197054e-03
2300,0,1.200000000000000e-01,7.253709934990736e-03,1.127462900650093e-01
2300,1,-8.000000000000000e-02,7.163709934990736e-03,-8.716370993499074e-02
2300,2,5.500000000000000e-02,7.133777434990736e-03,4.786622256500926e-02
2300,3,4.000000000000000e-02,7.062639833740736e-03,3.293736016625926e-02
2300,4,-3.000000000000000e-02,6.961662292093550e-03,-3.696166229209355e-02
2300,5,2.500000000000000e-02,6.883487683071304e-03,1.811651231692870e-02
2300,6,2.000000000000000e-02,6.786856228832892e-03,1.321314377116711e-02
2300,7,-1.800000000000000e-02,6.675659616138551e-03,-2.467565961613855e-02
2300,8,1.500000000000000e-02,6.578546785660856e-03,8.421453214339143e-03
2300,9,1.200000000000000e-02,6.470766632166028e-03,5.529233367833972e-03
2300,10,-1.000000000000000e-02,6.354713994707289e-03,-1.635471399470729e-02
2300,11,8.999999999999999e-03,6.247031752029493e-03,2.752968247970506e-03
2300,12,8.000000000000000e-03,6.133487887853788e-03,1.866512112146212e-03
2300,13,-7.000000000000000e-03,6.014965918455664e-03,-1.301496591845566e-02
2300,14,6.000000000000000e-03,5.902849538259169e-03,9.715046174083117e-05
2300,15,5.000000000000000e-03,5.787410380054738e-03,-7.874103800547382e-04
2300,16,-4.000000000000000e-03,5.669519912380108e-03,-9.669519912380107e-03
2300,17,3.500000000000000e-03,5.556044130317573e-03,-2.056044130317573e-03
2300,18,3.000000000000000e-03,5.441390164476337e-03,-2.441390164476337e-03
2300,19,-2.500000000000000e-03,5.326034027173958e-03,-7.826034027173958e-03
2300,20,2.000000000000000e-03,5.214196714828138e-03,-3.214196714828138e-03
2300,21,1.800000000000000e-03,5.102536962167504e-03,-3.302536962167504e-03
2300,22,-1.500000000000000e-03,4.991285850611276e-03,-6.491285850611275e-03
2300,23,1.200000000000000e-03,4.882995382395724e-03,-3.682995382395724e-03
2300,24,1.000000000000000e-03,4.775672924756892e-03,-3.775672924756892e-03
2300,25,-8.000000000000000e-04,4.669532271355557e-03,-5.469532271355557e-03
2300,26,5.999999999999999e-04,4.565981755205496e-03,-3.965981755205497e-03
2300,27,5.000000000000000e-04,4.464000474120364e-03,-3.964000474120363e-03
2300,28,-4.000000000000000e-04,4.363709313977206e-03,-4.763709313977206e-03
2300,29,3.000000000000000e-04,4.265824268197054e-03,-3.965824268197054e-03
2400,0,1.200000000000000e-01,7.253709934990736e-03,1.127462900650093e-01
2400,1,-8.000000000000000e-02,7.163709934990736e-03,-8.716370993499074e-02
2400,2,5.500000000000000e-02,7.133777434990736e-03,4.786622256500926e-02
2400,3,4.000000000000000e-02,7.062639833740736e-03,3.293736016625926e-02
2400,4,-3.000000000000000e-02,6.961662292093550e-03,-3.696166229209355e-02
2400,5,2.500000000000000e-02,6.883487683071304e-03,1.811651231692870e-02
2400,6,2.000000000000000e-02,6.786856228832892e-03,1.321314377116711e-02
2400,7,-1.800000000000000e-02,6.675659616138551e-03,-2.467565961613855e-02
2400,8,1.500000000000000e-02,6.578546785660856e-03,8.421453214339143e-03
2400,9,1.200000000000000e-02,6.470766632166028e-03,5.529233367833972e-03
2400,10,-1.000000000000000e-02,6.354713994707289e-03,-1.635471399470729e-02
2400,11,8.999999999999999e-03,6.247031752029493e-03,2.752968247970506e-03
2400,12,8.000000000000000e-03,6.133487887853788e-03,1.866512112146212e-03
2400,13,-7.000000000000000e-03,6.014965918455664e-03,-1.301496591845566e-02
2400,14,6.000000000000000e-03,5.902849538259169e-03,9.715046174083117e-05
2400,15,5.000000000000000e-03,5.787410380054738e-03,-7.874103800547382e-04
2400,16,-4.000000000000000e-03,5.669519912380108e-03,-9.669519912380107e-03
2400,17,3.500000000000000e-03,5.556044130317573e-03,-2.056044130317573e-03
2400,18,3.000000000000000e-03,5.441390164476337e-03,-2.441390164476337e-03
2400,19,-2.500000000000000e-03,5.326034027173958e-03,-7.826034027173958e-03
2400,20,2.000000000000000e-03,5.214196714828138e-03,-3.214196714828138e-03
2400,21,1.800000000000000e-03,5.102536962167504e-03,-3.302536962167504e-03
2400,22,-1.500000000000000e-03,4.991285850611276e-03,-6.491285850611275e-03
2400,23,1.200000000000000e-03,4.882995382395724e-03,-3.682995382395724e-03
2400,24,1.000000000000000e-03,4.775672924756892e-03,-3.775672924756892e-03
2400,25,-8.000000000000000e-04,4.669532271355557e-03,-5.469532271355557e-03
2400,26,5.999999999999999e-04,4.565981755205496e-03,-3.965981755205497e-03
2400,27,5.000000000000000e-04,4.464000474120364e-03,-3.964000474120363e-03
2400,28,-4.000000000000000e-04,4.363709313977206e-03,-4.763709313977206e-03
2400,29,3.000000000000000e-04,4.265824268197054e-03,-3.965824268197054e-03
2500,0,1.200000000000000e-01,7.253709934990736e-03,1.127462900650093e-01
2500,1,-8.000000000000000e-02,7.163709934990736e-03,-8.716370993499074e-02
2500,2,5.500000000000000e-02,7.133777434990736e-03,4.786622256500926e-02
2500,3,4.000000000000000e-02,7.062639833740736e-03,3.293736016625926e-02
2500,4,-3.000000000000000e-02,6.961662292093550e-03,-3.696166229209355e-02
2500,5,2.500000000000000e-02,6.883487683071304e-03,1.811651231692870e-02
2500,6,2.000000000000000e-02,6.786856228832892e-03,1.321314377116711e-02
2500,7,-1.800000000000000e-02,6.675659616138551e-03,-2.467565961613855e-02
2500,8,1.500000000000000e-02,6.578546785660856e-03,8.421453214339143e-03
2500,9,1.200000000000000e-02,6.470766632166028e-03,5.529233367833972e-03
2500,10,-1.000000000000000e-02,6.354713994707289e-03,-1.635471399470729e-02
2500,11,8.999999999999999e-03,6.247031752029493e-03,2.752968247970506e-03
2500,12,8.000000000000000e-03,6.133487887853788e-03,1.866512112146212e-03
2500,13,-7.000000000000000e-03,6.014965918455664e-03,-1.301496591845566e-02
2500,14,6.000000000000000e-03,5.902849538259169e-03,9.715046174083117e-05
2500,15,5.000000000000000e-03,5.787410380054738e-03,-7.874103800547382e-04
2500,16,-4.000000000000000e-03,5.669519912380108e-03,-9.669519912380107e-03
2500,17,3.500000000000000e-03,5.556044130317573e-03,-2.056044130317573e-03
2500,18,3.000000000000000e-03,5.441390164476337e-03,-2.441390164476337e-03
2500,19,-2.500000000000000e-03,5.326034027173958e-03,-7.826034027173958e-03
2500,20,2.000000000000000e-03,5.214196714828138e-03,-3.214196714828138e-03
2500,21,1.800000000000000e-03,5.102536962167504e-03,-3.302536962167504e-03
2500,22,-1.500000000000000e-03,4.991285850611276e-03,-6.491285850611275e-03
2500,23,1.200000000000000e-03,4.882995382395724e-03,-3.682995382395724e-03
2500,24,1.000000000000000e-03,4.775672924756892e-03,-3.775672924756892e-03
2500,25,-8.000000000000000e-04,4.669532271355557e-03,-5.469532271355557e-03
2500,26,5.999999999999999e-04,4.565981755205496e-03,-3.965981755205497e-03
2500,27,5.000000000000000e-04,4.464000474120364e-03,-3.964000474120363e-03
2500,28,-4.000000000000000e-04,4.363709313977206e-03,-4.763709313977206e-03
2500,29,3.000000000000000e-04,4.265824268197054e-03,-3.965824268197054e-03
2600,0,1.200000000000000e-01,7.253709934990736e-03,1.127462900650093e-01
2600,1,-8.000000000000000e-02,7.163709934990736e-03,-8.716370993499074e-02
2600,2,5.500000000000000e-02,7.133777434990736e-03,4.786622256500926e-02
2600,3,4.000000000000000e-02,7.062639833740736e-03,3.293736016625926e-02
2600,4,-3.000000000000000e-02,6.961662292093550e-03,-3.696166229209355e-02
2600,5,2.500000000000000e-02,6.883487683071304e-03,1.811651231692870e-02
2600,6,2.000000000000000e-02,6.786856228832892e-03,1.321314377116711e-02
2600,7,-1.800000000000000e-02,6.675659616138551e-03,-2.467565961613855e-02
2600,8,1.500000000000000e-02,6.578546785660856e-03,8.421453214339143e-03
2600,9,1.200000000000000e-02,6.470766632166028e-03,5.529233367833972e-03
2600,10,-1.000000000000000e-02,6.354713994707289e-03,-1.635471399470729e-02
2600,11,8.999999999999999e-03,6.247031752029493e-03,2.752968247970506e-03
2600,12,8.000000000000000e-03,6.133487887853788e-03,1.866512112146212e-03
2600,13,-7.000000000000000e-03,6.014965918455664e-03,-1.301496591845566e-02
2600,14,6.000000000000000e-03,5.902849538259169e-03,9.715046174083117e-05
2600,15,5.000000000000000e-03,5.787410380054738e-03,-7.874103800547382e-04
2600,16,-4.000000000000000e-03,5.669519912380108e-03,-9.669519912380107e-03
2600,17,3.500000000000000e-03,5.556044130317573e-03,-2.056044130317573e-03
2600,18,3.000000000000000e-03,5.441390164476337e-03,-2.441390164476337e-03
2600,19,-2.500000000000000e-03,5.326034027173958e-03,-7.826034027173958e-03
2600,20,2.000000000000000e-03,5.214196714828138e-03,-3.214196714828138e-03
2600,21,1.800000000000000e-03,5.102536962167504e-03,-3.302536962167504e-03
2600,22,-1.500000000000000e-03,4.991285850611276e-03,-6.491285850611275e-03
2600,23,1.200000000000000e-03,4.882995382395724e-03,-3.682995382395724e-03
2600,24,1.000000000000000e-03,4.775672924756892e-03,-3.775672924756892e-03
2600,25,-8.000000000000000e-04,4.669532271355557e-03,-5.469532271355557e-03
2600,26,5.999999999999999e-04,4.565981755205496e-03,-3.965981755205497e-03
2600,27,5.000000000000000e-04,4.464000474120364e-03,-3.964000474120363e-03
2600,28,-4.000000000000000e-04,4.363709313977206e-03,-4.763709313977206e-03
2600,29,3.000000000000000e-04,4.265824268197054e-03,-3.965824268197054e-03
2700,0,1.200000000000000e-01,7.253709934990736e-03,1.127462900650093e-01
2700,1,-8.000000000000000e-02,7.163709934990736e-03,-8.716370993499074e-02
2700,2,5.500000000000000e-02,7.133777434990736e-03,4.786622256500926e-02
2700,3,4.000000000000000e-02,7.062639833740736e-03,3.293736016625926e-02
2700,4,-3.000000000000000e-02,6.961662292093550e-03,-3.696166229209355e-02
2700,5,2.500000000000000e-02,6.883487683071304e-03,1.811651231692870e-02
2700,6,2.000000000000000e-02,6.786856228832892e-03,1.321314377116711e-02
2700,7,-1.800000000000000e-02,6.675659616138551e-03,-2.467565961613855e-02
2700,8,1.500000000000000e-02,6.578546785660856e-03,8.421453214339143e-03
2700,9,1.200000000000000e-02,6.470766632166028e-03,5.529233367833972e-03
2700,10,-1.000000000000000e-02,6.354713994707289e-03,-1.635471399470729e-02
2700,11,8.999999999999999e-03,6.247031752029493e-03,2.752968247970506e-03
2700,12,8.000000000000000e-03,6.133487887853788e-03,1.866512112146212e-03
2700,13,-7.000000000000000e-03,6.014965918455664e-03,-1.301496591845566e-02
2700,14,6.000000000000000e-03,5.902849538259169e-03,9.715046174083117e-05
2700,15,5.000000000000000e-03,5.787410380054738e-03,-7.874103800547382e-04
2700,16,-4.000000000000000e-03,5.669519912380108e-03,-9.669519912380107e-03
2700,17,3.500000000000000e-03,5.556044130317573e-03,-2.056044130317573e-03
2700,18,3.000000000000000e-03,5.441390164476337e-03,-2.441390164476337e-03
2700,19,-2.500000000000000e-03,5.326034027173958e-03,-7.826034027173958e-03
2700,20,2.000000000000000e-03,5.214196714828138e-03,-3.214196714828138e-03
2700,21,1.800000000000000e-03,5.102536962167504e-03,-3.302536962167504e-03
2700,22,-1.500000000000000e-03,4.991285850611276e-03,-6.491285850611275e-03
2700,23,1.200000000000000e-03,4.882995382395724e-03,-3.682995382395724e-03
2700,24,1.000000000000000e-03,4.775672924756892e-03,-3.775672924756892e-03
2700,25,-8.000000000000000e-04,4.669532271355557e-03,-5.469532271355557e-03
2700,26,5.999999999999999e-04,4.565981755205496e-03,-3.965981755205497e-03
2700,27,5.000000000000000e-04,4.464000474120364e-03,-3.964000474120363e-03
2700,28,-4.000000000000000e-04,4.363709313977206e-03,-4.763709313977206e-03
2700,29,3.000000000000000e-04,4.265824268197054e-03,-3.965824268197054e-03
2800,0,1.200000000000000e-01,7.253709934990736e-03,1.127462900650093e-01
2800,1,-8.000000000000000e-02,7.163709934990736e-03,-8.716370993499074e-02
2800,2,5.500000000000000e-02,7.133777434990736e-03,4.786622256500926e-02
2800,3,4.000000000000000e-02,7.062639833740736e-03,3.293736016625926e-02
2800,4,-3.000000000000000e-02,6.961662292093550e-03,-3.696166229209355e-02
2800,5,2.500000000000000e-02,6.883487683071304e-03,1.811651231692870e-02
2800,6,2.000000000000000e-02,6.786856228832892e-03,1.321314377116711e-02
2800,7,-1.800000000000000e-02,6.675659616138551e-03,-2.467565961613855e-02
2800,8,1.500000000000000e-02,6.578546785660856e-03,8.421453214339143e-03
2800,9,1.200000000000000e-02,6.470766632166028e-03,5.529233367833972e-03
2800,10,-1.000000000000000e-02,6.354713994707289e-03,-1.635471399470729e-02
2800,11,8.999999999999999e-03,6.247031752029493e-03,2.752968247970506e-03
2800,12,8.000000000000000e-03,6.133487887853788e-03,1.866512112146212e-03
2800,13,-7.000000000000000e-03,6.014965918455664e-03,-1.301496591845566e-02
2800,14,6.000000000000000e-03,5.902849538259169e-03,9.715046174083117e-05
2800,15,5.000000000000000e-03,5.787410380054738e-03,-7.874103800547382e-04
2800,16,-4.000000000000000e-03,5.669519912380108e-03,-9.669519912380107e-03
2800,17,3.500000000000000e-03,5.556044130317573e-03,-2.056044130317573e-03
2800,18,3.000000000000000e-03,5.441390164476337e-03,-2.441390164476337e-03
2800,19,-2.500000000000000e-03,5.326034027173958e-03,-7.826034027173958e-03
2800,20,2.000000000000000e-03,5.214196714828138e-03,-3.214196714828138e-03
2800,21,1.800000000000000e-03,5.102536962167504e-03,-3.302536962167504e-03
2800,22,-1.500000000000000e-03,4.991285850611276e-03,-6.491285850611275e-03
2800,23,1.200000000000000e-03,4.882995382395724e-03,-3.682995382395724e-03
2800,24,1.000000000000000e-03,4.775672924756892e-03,-3.775672924756892e-03
2800,25,-8.000000000000000e-04,4.669532271355557e-03,-5.469532271355557e-03
2800,26,5.999999999999999e-04,4.565981755205496e-03,-3.965981755205497e-03
2800,27,5.000000000000000e-04,4.464000474120364e-03,-3.964000474120363e-03
2800,28,-4.000000000000000e-04,4.363709313977206e-03,-4.763709313977206e-03
2800,29,3.000000000000000e-04,4.265824268197054e-03,-3.965824268197054e-03
2900,0,1.200000000000000e-01,7.253709934990736e-03,1.127462900650093e-01
2900,1,-8.000000000000000e-02,7.163709934990736e-03,-8.716370993499074e-02
2900,2,5.500000000000000e-02,7.133777434990736e-03,4.786622256500926e-02
2900,3,4.000000000000000e-02,7.062639833740736e-03,3.293736016625926e-02
2900,4,-3.000000000000000e-02,6.961662292093550e-03,-3.696166229209355e-02
2900,5,2.500000000000000e-02,6.883487683071304e-03,1.811651231692870e-02
2900,6,2.000000000000000e-02,6.786856228832892e-03,1.321314377116711e-02
2900,7,-1.800000000000000e-02,6.675659616138551e-03,-2.467565961613855e-02
2900,8,1.500000000000000e-02,6.578546785660856e-03,8.421453214339143e-03
2900,9,1.200000000000000e-02,6.470766632166028e-03,5.529233367833972e-03
2900,10,-1.000000000000000e-02,6.354713994707289e-03,-1.635471399470729e-02
2900,11,8.999999999999999e-03,6.247031752029493e-03,2.752968247970506e-03
2900,12,8.000000000000000e-03,6.133487887853788e-03,1.866512112146212e-03
2900,13,-7.000000000000000e-03,6.014965918455664e-03,-1.301496591845566e-02
2900,14,6.000000000000000e-03,5.902849538259169e-03,9.715046174083117e-05
2900,15,5.000000000000000e-03,5.787410380054738e-03,-7.874103800547382e-04
2900,16,-4.000000000000000e-03,5.669519912380108e-03,-9.669519912380107e-03
2900,17,3.500000000000000e-03,5.556044130317573e-03,-2.056044130317573e-03
2900,18,3.000000000000000e-03,5.441390164476337e-03,-2.441390164476337e-03
2900,19,-2.500000000000000e-03,5.326034027173958e-03,-7.826034027173958e-03
2900,20,2.000000000000000e-03,5.214196714828138e-03,-3.214196714828138e-03
2900,21,1.800000000000000e-03,5.102536962167504e-03,-3.302536962167504e-03
2900,22,-1.500000000000000e-03,4.991285850611276e-03,-6.491285850611275e-03
2900,23,1.200000000000000e-03,4.882995382395724e-03,-3.682995382395724e-03
2900,24,1.000000000000000e-03,4.775672924756892e-03,-3.775672924756892e-03
2900,25,-8.000000000000000e-04,4.669532271355557e-03,-5.469532271355557e-03
2900,26,5.999999999999999e-04,4.565981755205496e-03,-3.965981755205497e-03
2900,27,5.000000000000000e-04,4.464000474120364e-03,-3.964000474120363e-03
2900,28,-4.000000000000000e-04,4.363709313977206e-03,-4.763709313977206e-03
2900,29,3.000000000000000e-04,4.265824268197054e-03,-3.965824268197054e-03
3000,0,1.200000000000000e-01,7.253709934990736e-03,1.127462900650093e-01
3000,1,-8.000000000000000e-02,7.163709934990736e-03,-8.716370993499074e-02
3000,2,5.500000000000000e-02,7.133777434990736e-03,4.786622256500926e-02
3000,3,4.000000000000000e-02,7.062639833740736e-03,3.293736016625926e-02
3000,4,-3.000000000000000e-02,6.961662292093550e-03,-3.696166229209355e-02
3000,5,2.500000000000000e-02,6.883487683071304e-03,1.811651231692870e-02
3000,6,2.000000000000000e-02,6.786856228832892e-03,1.321314377116711e-02
3000,7,-1.800000000000000e-02,6.675659616138551e-03,-2.467565961613855e-02
3000,8,1.500000000000000e-02,6.578546785660856e-03,8.421453214339143e-03
3000,9,1.200000000000000e-02,6.470766632166028e-03,5.529233367833972e-03
3000,10,-1.000000000000000e-02,6.354713994707289e-03,-1.635471399470729e-02
3000,11,8.999999999999999e-03,6.247031752029493e-03,2.752968247970506e-03
3000,12,8.000000000000000e-03,6.133487887853788e-03,1.866512112146212e-03
3000,13,-7.000000000000000e-03,6.014965918455664e-03,-1.301496591845566e-02
3000,14,6.000000000000000e-03,5.902849538259169e-03,9.715046174083117e-05
3000,15,5.000000000000000e-03,5.787410380054738e-03,-7.874103800547382e-04
3000,16,-4.000000000000000e-03,5.669519912380108e-03,-9.669519912380107e-03
3000,17,3.500000000000000e-03,5.556044130317573e-03,-2.056044130317573e-03
3000,18,3.000000000000000e-03,5.441390164476337e-03,-2.441390164476337e-03
3000,19,-2.500000000000000e-03,5.326034027173958e-03,-7.826034027173958e-03
3000,20,2.000000000000000e-03,5.214196714828138e-03,-3.214196714828138e-03
3000,21,1.800000000000000e-03,5.102536962167504e-03,-3.302536962167504e-03
3000,22,-1.500000000000000e-03,4.991285850611276e-03,-6.491285850611275e-03
3000,23,1.200000000000000e-03,4.882995382395724e-03,-3.682995382395724e-03
3000,24,1.000000000000000e-03,4.775672924756892e-03,-3.775672924756892e-03
3000,25,-8.000000000000000e-04,4.669532271355557e-03,-5.469532271355557e-03
3000,26,5.999999999999999e-04,4.565981755205496e-03,-3.965981755205497e-03
3000,27,5.000000000000000e-04,4.464000474120364e-03,-3.964000474120363e-03
3000,28,-4.000000000000000e-04,4.363709313977206e-03,-4.763709313977206e-03
3000,29,3.000000000000000e-04,4.265824268197054e-03,-3.965824268197054e-03
3100,0,1.200000000000000e-01,7.253709934990736e-03,1.127462900650093e-01
3100,1,-8.000000000000000e-02,7.163709934990736e-03,-8.716370993499074e-02
3100,2,5.500000000000000e-02,7.133777434990736e-03,4.786622256500926e-02
3100,3,4.000000000000000e-02,7.062639833740736e-03,3.293736016625926e-02
3100,4,-3.000000000000000e-02,6.961662292093550e-03,-3.696166229209355e-02
3100,5,2.500000000000000e-02,6.883487683071304e-03,1.811651231692870e-02
3100,6,2.000000000000000e-02,6.786856228832892e-03,1.321314377116711e-02
3100,7,-1.800000000000000e-02,6.675659616138551e-03,-2.467565961613855e-02
3100,8,1.500000000000000e-02,6.578546785660856e-03,8.421453214339143e-03
3100,9,1.200000000000000e-02,6.470766632166028e-03,5.529233367833972e-03
3100,10,-1.000000000000000e-02,6.354713994707289e-03,-1.635471399470729e-02
3100,11,8.999999999999999e-03,6.247031752029493e-03,2.752968247970506e-03
3100,12,8.000000000000000e-03,6.133487887853788e-03,1.866512112146212e-03
3100,13,-7.000000000000000e-03,6.014965918455664e-03,-1.301496591845566e-02
3100,14,6.000000000000000e-03,5.902849538259169e-03,9.715046174083117e-05
3100,15,5.000000000000000e-03,5.787410380054738e-03,-7.874103800547382e-04
3100,16,-4.000000000000000e-03,5.669519912380108e-03,-9.669519912380107e-03
3100,17,3.500000000000000e-03,5.556044130317573e-03,-2.056044130317573e-03
3100,18,3.000000000000000e-03,5.441390164476337e-03,-2.441390164476337e-03
3100,19,-2.500000000000000e-03,5.326034027173958e-03,-7.826034027173958e-03
3100,20,2.000000000000000e-03,5.214196714828138e-03,-3.214196714828138e-03
3100,21,1.800000000000000e-03,5.102536962167504e-03,-3.302536962167504e-03
3100,22,-1.500000000000000e-03,4.991285850611276e-03,-6.491285850611275e-03
3100,23,1.200000000000000e-03,4.882995382395724e-03,-3.682995382395724e-03
3100,24,1.000000000000000e-03,4.775672924756892e-03,-3.775672924756892e-03
3100,25,-8.000000000000000e-04,4.669532271355557e-03,-5.469532271355557e-03
3100,26,5.999999999999999e-04,4.565981755205496e-03,-3.965981755205497e-03
3100,27,5.000000000000000e-04,4.464000474120364e-03,-3.964000474120363e-03
3100,28,-4.000000000000000e-04,4.363709313977206e-03,-4.763709313977206e-03
3100,29,3.000000000000000e-04,4.265824268197054e-03,-3.965824268197054e-03
3200,0,1.200000000000000e-01,7.253709934990736e-03,1.127462900650093e-01
3200,1,-8.000000000000000e-02,7.163709934990736e-03,-8.716370993499074e-02
3200,2,5.500000000000000e-02,7.133777434990736e-03,4.786622256500926e-02
3200,3,4.000000000000000e-02,7.062639833740736e-03,3.293736016625926e-02
3200,4,-3.000000000000000e-02,6.961662292093550e-03,-3.696166229209355e-02
3200,5,2.500000000000000e-02,6.883487683071304e-03,1.811651231692870e-02
3200,6,2.000000000000000e-02,6.786856228832892e-03,1.321314377116711e-02
3200,7,-1.800000000000000e-02,6.675659616138551e-03,-2.467565961613855e-02
3200,8,1.500000000000000e-02,6.578546785660856e-03,8.421453214339143e-03
3200,9,1.200000000000000e-02,6.470766632166028e-03,5.529233367833972e-03
3200,10,-1.000000000000000e-02,6.354713994707289e-03,-1.635471399470729e-02
3200,11,8.999999999999999e-03,6.247031752029493e-03,2.752968247970506e-03
3200,12,8.000000000000000e-03,6.133487887853788e-03,1.866512112146212e-03
3200,13,-7.000000000000000e-03,6.014965918455664e-03,-1.301496591845566e-02
3200,14,6.000000000000000e-03,5.902849538259169e-03,9.715046174083117e-05
3200,15,5.000000000000000e-03,5.787410380054738e-03,-7.874103800547382e-04
3200,16,-4.000000000000000e-03,5.669519912380108e-03,-9.669519912380107e-03
3200,17,3.500000000000000e-03,5.556044130317573e-03,-2.056044130317573e-03
3200,18,3.000000000000000e-03,5.441390164476337e-03,-2.441390164476337e-03
3200,19,-2.500000000000000e-03,5.326034027173958e-03,-7.826034027173958e-03
3200,20,2.000000000000000e-03,5.214196714828138e-03,-3.214196714828138e-03
3200,21,1.800000000000000e-03,5.102536962167504e-03,-3.302536962167504e-03
3200,22,-1.500000000000000e-03,4.991285850611276e-03,-6.491285850611275e-03
3200,23,1.200000000000000e-03,4.882995382395724e-03,-3.682995382395724e-03
3200,24,1.000000000000000e-03,4.775672924756892e-03,-3.775672924756892e-03
3200,25,-8.000000000000000e-04,4.669532271355557e-03,-5.469532271355557e-03
3200,26,5.999999999999999e-04,4.565981755205496e-03,-3.965981755205497e-03
3200,27,5.000000000000000e-04,4.464000474120364e-03,-3.964000474120363e-03
3200,28,-4.000000000000000e-04,4.363709313977206e-03,-4.763709313977206e-03
3200,29,3.000000000000000e-04,4.265824268197054e-03,-3.965824268197054e-03
3300,0,1.200000000000000e-01,7.253709934990736e-03,1.127462900650093e-01
3300,1,-8.000000000000000e-02,7.163709934990736e-03,-8.716370993499074e-02
3300,2,5.500000000000000e-02,7.133777434990736e-03,4.786622256500926e-02
3300,3,4.000000000000000e-02,7.062639833740736e-03,3.293736016625926e-02
3300,4,-3.000000000000000e-02,6.961662292093550e-03,-3.696166229209355e-02
3300,5,2.500000000000000e-02,6.883487683071304e-03,1.811651231692870e-02
3300,6,2.000000000000000e-02,6.786856228832892e-03,1.321314377116711e-02
3300,7,-1.800000000000000e-02,6.675659616138551e-03,-2.467565961613855e-02
3300,8,1.500000000000000e-02,6.578546785660856e-03,8.421453214339143e-03
3300,9,1.200000000000000e-02,6.470766632166028e-03,5.529233367833972e-03
3300,10,-1.000000000000000e-02,6.354713994707289e-03,-1.635471399470729e-02
3300,11,8.999999999999999e-03,6.247031752029493e-03,2.752968247970506e-03
3300,12,8.000000000000000e-03,6.133487887853788e-03,1.866512112146212e-03
3300,13,-7.000000000000000e-03,6.014965918455664e-03,-1.301496591845566e-02
3300,14,6.000000000000000e-03,5.902849538259169e-03,9.715046174083117e-05
3300,15,5.000000000000000e-03,5.787410380054738e-03,-7.874103800547382e-04
3300,16,-4.000000000000000e-03,5.669519912380108e-03,-9.669519912380107e-03
3300,17,3.500000000000000e-03,5.556044130317573e-03,-2.056044130317573e-03
3300,18,3.000000000000000e-03,5.441390164476337e-03,-2.441390164476337e-03
3300,19,-2.500000000000000e-03,5.326034027173958e-03,-7.826034027173958e-03
3300,20,2.000000000000000e-03,5.214196714828138e-03,-3.214196714828138e-03
3300,21,1.800000000000000e-03,5.102536962167504e-03,-3.302536962167504e-03
3300,22,-1.500000000000000e-03,4.991285850611276e-03,-6.491285850611275e-03
3300,23,1.200000000000000e-03,4.882995382395724e-03,-3.682995382395724e-03
3300,24,1.000000000000000e-03,4.775672924756892e-03,-3.775672924756892e-03
3300,25,-8.000000000000000e-04,4.669532271355557e-03,-5.469532271355557e-03
3300,26,5.999999999999999e-04,4.565981755205496e-03,-3.965981755205497e-03
3300,27,5.000000000000000e-04,4.464000474120364e-03,-3.964000474120363e-03
3300,28,-4.000000000000000e-04,4.363709313977206e-03,-4.763709313977206e-03
3300,29,3.000000000000000e-04,4.265824268197054e-03,-3.965824268197054e-03
3400,0,1.200000000000000e-01,7.253709934990736e-03,1.127462900650093e-01
3400,1,-8.000000000000000e-02,7.163709934990736e-03,-8.716370993499074e-02
3400,2,5.500000000000000e-02,7.133777434990736e-03,4.786622256500926e-02
3400,3,4.000000000000000e-02,7.062639833740736e-03,3.293736016625926e-02
3400,4,-3.000000000000000e-02,6.961662292093550e-03,-3.696166229209355e-02
3400,5,2.500000000000000e-02,6.883487683071304e-03,1.811651231692870e-02
3400,6,2.000000000000000e-02,6.786856228832892e-03,1.321314377116711e-02
3400,7,-1.800000000000000e-02,6.675659616138551e-03,-2.467565961613855e-02
3400,8,1.500000000000000e-02,6.578546785660856e-03,8.421453214339143e-03
3400,9,1.200000000000000e-02,6.470766632166028e-03,5.529233367833972e-03
3400,10,-1.000000000000000e-02,6.354713994707289e-03,-1.635471399470729e-02
3400,11,8.999999999999999e-03,6.247031752029493e-03,2.752968247970506e-03
3400,12,8.000000000000000e-03,6.133487887853788e-03,1.866512112146212e-03
3400,13,-7.000000000000000e-03,6.014965918455664e-03,-1.301496591845566e-02
3400,14,6.000000000000000e-03,5.902849538259169e-03,9.715046174083117e-05
3400,15,5.000000000000000e-03,5.787410380054738e-03,-7.874103800547382e-04
3400,16,-4.000000000000000e-03,5.669519912380108e-03,-9.669519912380107e-03
3400,17,3.500000000000000e-03,5.556044130317573e-03,-2.056044130317573e-03
3400,18,3.000000000000000e-03,5.441390164476337e-03,-2.441390164476337e-03
3400,19,-2.500000000000000e-03,5.326034027173958e-03,-7.826034027173958e-03
3400,20,2.000000000000000e-03,5.214196714828138e-03,-3.214196714828138e-03
3400,21,1.800000000000000e-03,5.102536962167504e-03,-3.302536962167504e-03
3400,22,-1.500000000000000e-03,4.991285850611276e-03,-6.491285850611275e-03
3400,23,1.200000000000000e-03,4.882995382395724e-03,-3.682995382395724e-03
3400,24,1.000000000000000e-03,4.775672924756892e-03,-3.775672924756892e-03
3400,25,-8.000000000000000e-04,4.669532271355557e-03,-5.469532271355557e-03
3400,26,5.999999999999999e-04,4.565981755205496e-03,-3.965981755205497e-03
3400,27,5.000000000000000e-04,4.464000474120364e-03,-3.964000474120363e-03
3400,28,-4.000000000000000e-04,4.363709313977206e-03,-4.763709313977206e-03
3400,29,3.000000000000000e-04,4.265824268197054e-03,-3.965824268197054e-03
3500,0,1.200000000000000e-01,7.253709934990736e-03,1.127462900650093e-01
3500,1,-8.000000000000000e-02,7.163709934990736e-03,-8.716370993499074e-02
3500,2,5.500000000000000e-02,7.133777434990736e-03,4.786622256500926e-02
3500,3,4.000000000000000e-02,7.062639833740736e-03,3.293736016625926e-02
3500,4,-3.000000000000000e-02,6.961662292093550e-03,-3.696166229209355e-02
3500,5,2.500000000000000e-02,6.883487683071304e-03,1.811651231692870e-02
3500,6,2.000000000000000e-02,6.786856228832892e-03,1.321314377116711e-02
3500,7,-1.800000000000000e-02,6.675659616138551e-03,-2.467565961613855e-02
3500,8,1.500000000000000e-02,6.578546785660856e-03,8.421453214339143e-03
3500,9,1.200000000000000e-02,6.470766632166028e-03,5.529233367833972e-03
3500,10,-1.000000000000000e-02,6.354713994707289e-03,-1.635471399470729e-02
3500,11,8.999999999999999e-03,6.247031752029493e-03,2.752968247970506e-03
3500,12,8.000000000000000e-03,6.133487887853788e-03,1.866512112146212e-03
3500,13,-7.000000000000000e-03,6.014965918455664e-03,-1.301496591845566e-02
3500,14,6.000000000000000e-03,5.902849538259169e-03,9.715046174083117e-05
3500,15,5.000000000000000e-03,5.787410380054738e-03,-7.874103800547382e-04
3500,16,-4.000000000000000e-03,5.669519912380108e-03,-9.669519912380107e-03
3500,17,3.500000000000000e-03,5.556044130317573e-03,-2.056044130317573e-03
3500,18,3.000000000000000e-03,5.441390164476337e-03,-2.441390164476337e-03
3500,19,-2.500000000000000e-03,5.326034027173958e-03,-7.826034027173958e-03
3500,20,2.000000000000000e-03,5.214196714828138e-03,-3.214196714828138e-03
3500,21,1.800000000000000e-03,5.102536962167504e-03,-3.302536962167504e-03
3500,22,-1.500000000000000e-03,4.991285850611276e-03,-6.491285850611275e-03
3500,23,1.200000000000000e-03,4.882995382395724e-03,-3.682995382395724e-03
3500,24,1.000000000000000e-03,4.775672924756892e-03,-3.775672924756892e-03
3500,25,-8.000000000000000e-04,4.669532271355557e-03,-5.469532271355557e-03
3500,26,5.999999999999999e-04,4.565981755205496e-03,-3.965981755205497e-03
3500,27,5.000000000000000e-04,4.464000474120364e-03,-3.964000474120363e-03
3500,28,-4.000000000000000e-04,4.363709313977206e-03,-4.763709313977206e-03
3500,29,3.000000000000000e-04,4.265824268197054e-03,-3.965824268197054e-03
3600,0,1.200000000000000e-01,7.253709934990736e-03,1.127462900650093e-01
3600,1,-8.000000000000000e-02,7.163709934990736e-03,-8.716370993499074e-02
3600,2,5.500000000000000e-02,7.133777434990736e-03,4.786622256500926e-02
3600,3,4.000000000000000e-02,7.062639833740736e-03,3.293736016625926e-02
3600,4,-3.000000000000000e-02,6.961662292093550e-03,-3.696166229209355e-02
3600,5,2.500000000000000e-02,6.883487683071304e-03,1.811651231692870e-02
3600,6,2.000000000000000e-02,6.786856228832892e-03,1.321314377116711e-02
3600,7,-1.800000000000000e-02,6.675659616138551e-03,-2.467565961613855e-02
3600,8,1.500000000000000e-02,6.578546785660856e-03,8.421453214339143e-03
3600,9,1.200000000000000e-02,6.470766632166028e-03,5.529233367833972e-03
3600,10,-1.000000000000000e-02,6.354713994707289e-03,-1.635471399470729e-02
3600,11,8.999999999999999e-03,6.247031752029493e-03,2.752968247970506e-03
3600,12,8.000000000000000e-03,6.133487887853788e-03,1.866512112146212e-03
3600,13,-7.000000000000000e-03,6.014965918455664e-03,-1.301496591845566e-02
3600,14,6.000000000000000e-03,5.902849538259169e-03,9.715046174083117e-05
3600,15,5.000000000000000e-03,5.787410380054738e-03,-7.874103800547382e-04
3600,16,-4.000000000000000e-03,5.669519912380108e-03,-9.669519912380107e-03
3600,17,3.500000000000000e-03,5.556044130317573e-03,-2.056044130317573e-03
3600,18,3.000000000000000e-03,5.441390164476337e-03,-2.441390164476337e-03
3600,19,-2.500000000000000e-03,5.326034027173958e-03,-7.826034027173958e-03
3600,20,2.000000000000000e-03,5.214196714828138e-03,-3.214196714828138e-03
3600,21,1.800000000000000e-03,5.102536962167504e-03,-3.302536962167504e-03
3600,22,-1.500000000000000e-03,4.991285850611276e-03,-6.491285850611275e-03
3600,23,1.200000000000000e-03,4.882995382395724e-03,-3.682995382395724e-03
3600,24,1.000000000000000e-03,4.775672924756892e-03,-3.775672924756892e-03
3600,25,-8.000000000000000e-04,4.669532271355557e-03,-5.469532271355557e-03
3600,26,5.999999999999999e-04,4.565981755205496e-03,-3.965981755205497e-03
3600,27,5.000000000000000e-04,4.464000474120364e-03,-3.964000474120363e-03
3600,28,-4.000000000000000e-04,4.363709313977206e-03,-4.763709313977206e-03
3600,29,3.000000000000000e-04,4.265824268197054e-03,-3.965824268197054e-03
3700,0,1.200000000000000e-01,7.253709934990736e-03,1.127462900650093e-01
3700,1,-8.000000000000000e-02,7.163709934990736e-03,-8.716370993499074e-02
3700,2,5.500000000000000e-02,7.133777434990736e-03,4.786622256500926e-02
3700,3,4.000000000000000e-02,7.062639833740736e-03,3.293736016625926e-02
3700,4,-3.000000000000000e-02,6.961662292093550e-03,-3.696166229209355e-02
3700,5,2.500000000000000e-02,6.883487683071304e-03,1.811651231692870e-02
3700,6,2.000000000000000e-02,6.786856228832892e-03,1.321314377116711e-02
3700,7,-1.800000000000000e-02,6.675659616138551e-03,-2.467565961613855e-02
3700,8,1.500000000000000e-02,6.578546785660856e-03,8.421453214339143e-03
3700,9,1.200000000000000e-02,6.470766632166028e-03,5.529233367833972e-03
3700,10,-1.000000000000000e-02,6.354713994707289e-03,-1.635471399470729e-02
3700,11,8.999999999999999e-03,6.247031752029493e-03,2.752968247970506e-03
3700,12,8.000000000000000e-03,6.133487887853788e-03,1.866512112146212e-03
3700,13,-7.000000000000000e-03,6.014965918455664e-03,-1.301496591845566e-02
3700,14,6.000000000000000e-03,5.902849538259169e-03,9.715046174083117e-05
3700,15,5.000000000000000e-03,5.787410380054738e-03,-7.874103800547382e-04
3700,16,-4.000000000000000e-03,5.669519912380108e-03,-9.669519912380107e-03
3700,17,3.500000000000000e-03,5.556044130317573e-03,-2.056044130317573e-03
3700,18,3.000000000000000e-03,5.441390164476337e-03,-2.441390164476337e-03
3700,19,-2.500000000000000e-03,5.326034027173958e-03,-7.826034027173958e-03
3700,20,2.000000000000000e-03,5.214196714828138e-03,-3.214196714828138e-03
3700,21,1.800000000000000e-03,5.102536962167504e-03,-3.302536962167504e-03
3700,22,-1.500000000000000e-03,4.991285850611276e-03,-6.491285850611275e-03
3700,23,1.200000000000000e-03,4.882995382395724e-03,-3.682995382395724e-03
3700,24,1.000000000000000e-03,4.775672924756892e-03,-3.775672924756892e-03
3700,25,-8.000000000000000e-04,4.669532271355557e-03,-5.469532271355557e-03
3700,26,5.999999999999999e-04,4.565981755205496e-03,-3.965981755205497e-03
3700,27,5.000000000000000e-04,4.464000474120364e-03,-3.964000474120363e-03
3700,28,-4.000000000000000e-04,4.363709313977206e-03,-4.763709313977206e-03
3700,29,3.000000000000000e-04,4.265824268197054e-03,-3.965824268197054e-03
3800,0,1.200000000000000e-01,7.253709934990736e-03,1.127462900650093e-01
3800,1,-8.000000000000000e-02,7.163709934990736e-03,-8.716370993499074e-02
3800,2,5.500000000000000e-02,7.133777434990736e-03,4.786622256500926e-02
3800,3,4.000000000000000e-02,7.062639833740736e-03,3.293736016625926e-02
3800,4,-3.000000000000000e-02,6.961662292093550e-03,-3.696166229209355e-02
3800,5,2.500000000000000e-02,6.883487683071304e-03,1.811651231692870e-02
3800,6,2.000000000000000e-02,6.786856228832892e-03,1.321314377116711e-02
3800,7,-1.800000000000000e-02,6.675659616138551e-03,-2.467565961613855e-02
3800,8,1.500000000000000e-02,6.578546785660856e-03,8.421453214339143e-03
3800,9,1.200000000000000e-02,6.470766632166028e-03,5.529233367833972e-03
3800,10,-1.000000000000000e-02,6.354713994707289e-03,-1.635471399470729e-02
3800,11,8.999999999999999e-03,6.247031752029493e-03,2.752968247970506e-03
3800,12,8.000000000000000e-03,6.133487887853788e-03,1.866512112146212e-03
3800,13,-7.000000000000000e-03,6.014965918455664e-03,-1.301496591845566e-02
3800,14,6.000000000000000e-03,5.902849538259169e-03,9.715046174083117e-05
3800,15,5.000000000000000e-03,5.787410380054738e-03,-7.874103800547382e-04
3800,16,-4.000000000000000e-03,5.669519912380108e-03,-9.669519912380107e-03
3800,17,3.500000000000000e-03,5.556044130317573e-03,-2.056044130317573e-03
3800,18,3.000000000000000e-03,5.441390164476337e-03,-2.441390164476337e-03
3800,19,-2.500000000000000e-03,5.326034027173958e-03,-7.826034027173958e-03
3800,20,2.000000000000000e-03,5.214196714828138e-03,-3.214196714828138e-03
3800,21,1.800000000000000e-03,5.102536962167504e-03,-3.302536962167504e-03
3800,22,-1.500000000000000e-03,4.991285850611276e-03,-6.491285850611275e-03
3800,23,1.200000000000000e-03,4.882995382395724e-03,-3.682995382395724e-03
3800,24,1.000000000000000e-03,4.775672924756892e-03,-3.775672924756892e-03
3800,25,-8.000000000000000e-04,4.669532271355557e-03,-5.469532271355557e-03
3800,26,5.999999999999999e-04,4.565981755205496e-03,-3.965981755205497e-03
3800,27,5.000000000000000e-04,4.464000474120364e-03,-3.964000474120363e-03
3800,28,-4.000000000000000e-04,4.363709313977206e-03,-4.763709313977206e-03
3800,29,3.000000000000000e-04,4.265824268197054e-03,-3.965824268197054e-03
3900,0,1.200000000000000e-01,7.253709934990736e-03,1.127462900650093e-01
3900,1,-8.000000000000000e-02,7.163709934990736e-03,-8.716370993499074e-02
3900,2,5.500000000000000e-02,7.133777434990736e-03,4.786622256500926e-02
3900,3,4.000000000000000e-02,7.062639833740736e-03,3.293736016625926e-02
3900,4,-3.000000000000000e-02,6.961662292093550e-03,-3.696166229209355e-02
3900,5,2.500000000000000e-02,6.883487683071304e-03,1.811651231692870e-02
3900,6,2.000000000000000e-02,6.786856228832892e-03,1.321314377116711e-02
3900,7,-1.800000000000000e-02,6.675659616138551e-03,-2.467565961613855e-02
3900,8,1.500000000000000e-02,6.578546785660856e-03,8.421453214339143e-03
3900,9,1.200000000000000e-02,6.470766632166028e-03,5.529233367833972e-03
3900,10,-1.000000000000000e-02,6.354713994707289e-03,-1.635471399470729e-02
3900,11,8.999999999999999e-03,6.247031752029493e-03,2.752968247970506e-03
3900,12,8.000000000000000e-03,6.133487887853788e-03,1.866512112146212e-03
3900,13,-7.000000000000000e-03,6.014965918455664e-03,-1.301496591845566e-02
3900,14,6.000000000000000e-03,5.902849538259169e-03,9.715046174083117e-05
3900,15,5.000000000000000e-03,5.787410380054738e-03,-7.874103800547382e-04
3900,16,-4.000000000000000e-03,5.669519912380108e-03,-9.669519912380107e-03
3900,17,3.500000000000000e-03,5.556044130317573e-03,-2.056044130317573e-03
3900,18,3.000000000000000e-03,5.441390164476337e-03,-2.441390164476337e-03
3900,19,-2.500000000000000e-03,5.326034027173958e-03,-7.826034027173958e-03
3900,20,2.000000000000000e-03,5.214196714828138e-03,-3.214196714828138e-03
3900,21,1.800000000000000e-03,5.102536962167504e-03,-3.302536962167504e-03
3900,22,-1.500000000000000e-03,4.991285850611276e-03,-6.491285850611275e-03
3900,23,1.200000000000000e-03,4.882995382395724e-03,-3.682995382395724e-03
3900,24,1.000000000000000e-03,4.775672924756892e-03,-3.775672924756892e-03
3900,25,-8.000000000000000e-04,4.669532271355557e-03,-5.469532271355557e-03
3900,26,5.999999999999999e-04,4.565981755205496e-03,-3.965981755205497e-03
3900,27,5.000000000000000e-04,4.464000474120364e-03,-3.964000474120363e-03
3900,28,-4.000000000000000e-04,4.363709313977206e-03,-4.763709313977206e-03
3900,29,3.000000000000000e-04,4.265824268197054e-03,-3.965824268197054e-03
4000,0,1.200000000000000e-01,7.253709934990736e-03,1.127462900650093e-01
4000,1,-8.000000000000000e-02,7.163709934990736e-03,-8.716370993499074e-02
4000,2,5.500000000000000e-02,7.133777434990736e-03,4.786622256500926e-02
4000,3,4.000000000000000e-02,7.062639833740736e-03,3.293736016625926e-02
4000,4,-3.000000000000000e-02,6.961662292093550e-03,-3.696166229209355e-02
4000,5,2.500000000000000e-02,6.883487683071304e-03,1.811651231692870e-02
4000,6,2.000000000000000e-02,6.786856228832892e-03,1.321314377116711e-02
4000,7,-1.800000000000000e-02,6.675659616138551e-03,-2.467565961613855e-02
4000,8,1.500000000000000e-02,6.578546785660856e-03,8.421453214339143e-03
4000,9,1.200000000000000e-02,6.470766632166028e-03,5.529233367833972e-03
4000,10,-1.000000000000000e-02,6.354713994707289e-03,-1.635471399470729e-02
4000,11,8.999999999999999e-03,6.247031752029493e-03,2.752968247970506e-03
4000,12,8.000000000000000e-03,6.133487887853788e-03,1.866512112146212e-03
4000,13,-7.000000000000000e-03,6.014965918455664e-03,-1.301496591845566e-02
4000,14,6.000000000000000e-03,5.902849538259169e-03,9.715046174083117e-05
4000,15,5.000000000000000e-03,5.787410380054738e-03,-7.874103800547382e-04
4000,16,-4.000000000000000e-03,5.669519912380108e-03,-9.669519912380107e-03
4000,17,3.500000000000000e-03,5.556044130317573e-03,-2.056044130317573e-03
4000,18,3.000000000000000e-03,5.441390164476337e-03,-2.441390164476337e-03
4000,19,-2.500000000000000e-03,5.326034027173958e-03,-7.826034027173958e-03
4000,20,2.000000000000000e-03,5.214196714828138e-03,-3.214196714828138e-03
4000,21,1.800000000000000e-03,5.102536962167504e-03,-3.302536962167504e-03
4000,22,-1.500000000000000e-03,4.991285850611276e-03,-6.491285850611275e-03
4000,23,1.200000000000000e-03,4.882995382395724e-03,-3.682995382395724e-03
4000,24,1.000000000000000e-03,4.775672924756892e-03,-3.775672924756892e-03
4000,25,-8.000000000000000e-04,4.669532271355557e-03,-5.469532271355557e-03
4000,26,5.999999999999999e-04,4.565981755205496e-03,-3.965981755205497e-03
4000,27,5.000000000000000e-04,4.464000474120364e-03,-3.964000474120363e-03
4000,28,-4.000000000000000e-04,4.363709313977206e-03,-4.763709313977206e-03
4000,29,3.000000000000000e-04,4.265824268197054e-03,-3.965824268197054e-03
4100,0,1.200000000000000e-01,7.253709934990736e-03,1.127462900650093e-01
4100,1,-8.000000000000000e-02,7.163709934990736e-03,-8.716370993499074e-02
4100,2,5.500000000000000e-02,7.133777434990736e-03,4.786622256500926e-02
4100,3,4.000000000000000e-02,7.062639833740736e-03,3.293736016625926e-02
4100,4,-3.000000000000000e-02,6.961662292093550e-03,-3.696166229209355e-02
4100,5,2.500000000000000e-02,6.883487683071304e-03,1.811651231692870e-02
4100,6,2.000000000000000e-02,6.786856228832892e-03,1.321314377116711e-02
4100,7,-1.800000000000000e-02,6.675659616138551e-03,-2.467565961613855e-02
4100,8,1.500000000000000e-02,6.578546785660856e-03,8.421453214339143e-03
4100,9,1.200000000000000e-02,6.470766632166028e-03,5.529233367833972e-03
4100,10,-1.000000000000000e-02,6.354713994707289e-03,-1.635471399470729e-02
4100,11,8.999999999999999e-03,6.247031752029493e-03,2.752968247970506e-03
4100,12,8.000000000000000e-03,6.133487887853788e-03,1.866512112146212e-03
4100,13,-7.000000000000000e-03,6.014965918455664e-03,-1.301496591845566e-02
4100,14,6.000000000000000e-03,5.902849538259169e-03,9.715046174083117e-05
4100,15,5.000000000000000e-03,5.787410380054738e-03,-7.874103800547382e-04
4100,16,-4.000000000000000e-03,5.669519912380108e-03,-9.669519912380107e-03
4100,17,3.500000000000000e-03,5.556044130317573e-03,-2.056044130317573e-03
4100,18,3.000000000000000e-03,5.441390164476337e-03,-2.441390164476337e-03
4100,19,-2.500000000000000e-03,5.326034027173958e-03,-7.826034027173958e-03
4100,20,2.000000000000000e-03,5.214196714828138e-03,-3.214196714828138e-03
4100,21,1.800000000000000e-03,5.102536962167504e-03,-3.302536962167504e-03
4100,22,-1.500000000000000e-03,4.991285850611276e-03,-6.491285850611275e-03
4100,23,1.200000000000000e-03,4.882995382395724e-03,-3.682995382395724e-03
4100,24,1.000000000000000e-03,4.775672924756892e-03,-3.775672924756892e-03
4100,25,-8.000000000000000e-04,4.669532271355557e-03,-5.469532271355557e-03
4100,26,5.999999999999999e-04,4.565981755205496e-03,-3.965981755205497e-03
4100,27,5.000000000000000e-04,4.464000474120364e-03,-3.964000474120363e-03
4100,28,-4.000000000000000e-04,4.363709313977206e-03,-4.763709313977206e-03
4100,29,3.000000000000000e-04,4.265824268197054e-03,-3.965824268197054e-03
4200,0,1.200000000000000e-01,7.253709934990736e-03,1.127462900650093e-01
4200,1,-8.000000000000000e-02,7.163709934990736e-03,-8.716370993499074e-02
4200,2,5.500000000000000e-02,7.133777434990736e-03,4.786622256500926e-02
4200,3,4.000000000000000e-02,7.062639833740736e-03,3.293736016625926e-02
4200,4,-3.000000000000000e-02,6.961662292093550e-03,-3.696166229209355e-02
4200,5,2.500000000000000e-02,6.883487683071304e-03,1.811651231692870e-02
4200,6,2.000000000000000e-02,6.786856228832892e-03,1.321314377116711e-02
4200,7,-1.800000000000000e-02,6.675659616138551e-03,-2.467565961613855e-02
4200,8,1.500000000000000e-02,6.578546785660856e-03,8.421453214339143e-03
4200,9,1.200000000000000e-02,6.470766632166028e-03,5.529233367833972e-03
4200,10,-1.000000000000000e-02,6.354713994707289e-03,-1.635471399470729e-02
4200,11,8.999999999999999e-03,6.247031752029493e-03,2.752968247970506e-03
4200,12,8.000000000000000e-03,6.133487887853788e-03,1.866512112146212e-03
4200,13,-7.000000000000000e-03,6.014965918455664e-03,-1.301496591845566e-02
4200,14,6.000000000000000e-03,5.902849538259169e-03,9.715046174083117e-05
4200,15,5.000000000000000e-03,5.787410380054738e-03,-7.874103800547382e-04
4200,16,-4.000000000000000e-03,5.669519912380108e-03,-9.669519912380107e-03
4200,17,3.500000000000000e-03,5.556044130317573e-03,-2.056044130317573e-03
4200,18,3.000000000000000e-03,5.441390164476337e-03,-2.441390164476337e-03
4200,19,-2.500000000000000e-03,5.326034027173958e-03,-7.826034027173958e-03
4200,20,2.000000000000000e-03,5.214196714828138e-03,-3.214196714828138e-03
4200,21,1.800000000000000e-03,5.102536962167504e-03,-3.302536962167504e-03
4200,22,-1.500000000000000e-03,4.991285850611276e-03,-6.491285850611275e-03
4200,23,1.200000000000000e-03,4.882995382395724e-03,-3.682995382395724e-03
4200,24,1.000000000000000e-03,4.775672924756892e-03,-3.775672924756892e-03
4200,25,-8.000000000000000e-04,4.669532271355557e-03,-5.469532271355557e-03
4200,26,5.999999999999999e-04,4.565981755205496e-03,-3.965981755205497e-03
4200,27,5.000000000000000e-04,4.464000474120364e-03,-3.964000474120363e-03
4200,28,-4.000000000000000e-04,4.363709313977206e-03,-4.763709313977206e-03
4200,29,3.000000000000000e-04,4.265824268197054e-03,-3.965824268197054e-03
4300,0,1.200000000000000e-01,7.253709934990736e-03,1.127462900650093e-01
4300,1,-8.000000000000000e-02,7.163709934990736e-03,-8.716370993499074e-02
4300,2,5.500000000000000e-02,7.133777434990736e-03,4.786622256500926e-02
4300,3,4.000000000000000e-02,7.062639833740736e-03,3.293736016625926e-02
4300,4,-3.000000000000000e-02,6.961662292093550e-03,-3.696166229209355e-02
4300,5,2.500000000000000e-02,6.883487683071304e-03,1.811651231692870e-02
4300,6,2.000000000000000e-02,6.786856228832892e-03,1.321314377116711e-02
4300,7,-1.800000000000000e-02,6.675659616138551e-03,-2.467565961613855e-02
4300,8,1.500000000000000e-02,6.578546785660856e-03,8.421453214339143e-03
4300,9,1.200000000000000e-02,6.470766632166028e-03,5.529233367833972e-03
4300,10,-1.000000000000000e-02,6.354713994707289e-03,-1.635471399470729e-02
4300,11,8.999999999999999e-03,6.247031752029493e-03,2.752968247970506e-03
4300,12,8.000000000000000e-03,6.133487887853788e-03,1.866512112146212e-03
4300,13,-7.000000000000000e-03,6.014965918455664e-03,-1.301496591845566e-02
4300,14,6.000000000000000e-03,5.902849538259169e-03,9.715046174083117e-05
4300,15,5.000000000000000e-03,5.787410380054738e-03,-7.874103800547382e-04
4300,16,-4.000000000000000e-03,5.669519912380108e-03,-9.669519912380107e-03
4300,17,3.500000000000000e-03,5.556044130317573e-03,-2.056044130317573e-03
4300,18,3.000000000000000e-03,5.441390164476337e-03,-2.441390164476337e-03
4300,19,-2.500000000000000e-03,5.326034027173958e-03,-7.826034027173958e-03
4300,20,2.000000000000000e-03,5.214196714828138e-03,-3.214196714828138e-03
4300,21,1.800000000000000e-03,5.102536962167504e-03,-3.302536962167504e-03
4300,22,-1.500000000000000e-03,4.991285850611276e-03,-6.491285850611275e-03
4300,23,1.200000000000000e-03,4.882995382395724e-03,-3.682995382395724e-03
4300,24,1.000000000000000e-03,4.775672924756892e-03,-3.775672924756892e-03
4300,25,-8.000000000000000e-04,4.669532271355557e-03,-5.469532271355557e-03
4300,26,5.999999999999999e-04,4.565981755205496e-03,-3.965981755205497e-03
4300,27,5.000000000000000e-04,4.464000474120364e-03,-3.964000474120363e-03
4300,28,-4.000000000000000e-04,4.363709313977206e-03,-4.763709313977206e-03
4300,29,3.000000000000000e-04,4.265824268197054e-03,-3.965824268197054e-03
4400,0,1.200000000000000e-01,7.253709934990736e-03,1.127462900650093e-01
4400,1,-8.000000000000000e-02,7.163709934990736e-03,-8.716370993499074e-02
4400,2,5.500000000000000e-02,7.133777434990736e-03,4.786622256500926e-02
4400,3,4.000000000000000e-02,7.062639833740736e-03,3.293736016625926e-02
4400,4,-3.000000000000000e-02,6.961662292093550e-03,-3.696166229209355e-02
4400,5,2.500000000000000e-02,6.883487683071304e-03,1.811651231692870e-02
4400,6,2.000000000000000e-02,6.786856228832892e-03,1.321314377116711e-02
4400,7,-1.800000000000000e-02,6.675659616138551e-03,-2.467565961613855e-02
4400,8,1.500000000000000e-02,6.578546785660856e-03,8.421453214339143e-03
4400,9,1.200000000000000e-02,6.470766632166028e-03,5.529233367833972e-03
4400,10,-1.000000000000000e-02,6.354713994707289e-03,-1.635471399470729e-02
4400,11,8.999999999999999e-03,6.247031752029493e-03,2.752968247970506e-03
4400,12,8.000000000000000e-03,6.133487887853788e-03,1.866512112146212e-03
4400,13,-7.000000000000000e-03,6.014965918455664e-03,-1.301496591845566e-02
4400,14,6.000000000000000e-03,5.902849538259169e-03,9.715046174083117e-05
4400,15,5.000000000000000e-03,5.787410380054738e-03,-7.874103800547382e-04
4400,16,-4.000000000000000e-03,5.669519912380108e-03,-9.669519912380107e-03
4400,17,3.500000000000000e-03,5.556044130317573e-03,-2.056044130317573e-03
4400,18,3.000000000000000e-03,5.441390164476337e-03,-2.441390164476337e-03
4400,19,-2.500000000000000e-03,5.326034027173958e-03,-7.826034027173958e-03
4400,20,2.000000000000000e-03,5.214196714828138e-03,-3.214196714828138e-03
4400,21,1.800000000000000e-03,5.102536962167504e-03,-3.302536962167504e-03
4400,22,-1.500000000000000e-03,4.991285850611276e-03,-6.491285850611275e-03
4400,23,1.200000000000000e-03,4.882995382395724e-03,-3.682995382395724e-03
4400,24,1.000000000000000e-03,4.775672924756892e-03,-3.775672924756892e-03
4400,25,-8.000000000000000e-04,4.669532271355557e-03,-5.469532271355557e-03
4400,26,5.999999999999999e-04,4.565981755205496e-03,-3.965981755205497e-03
4400,27,5.000000000000000e-04,4.464000474120364e-03,-3.964000474120363e-03
4400,28,-4.000000000000000e-04,4.363709313977206e-03,-4.763709313977206e-03
4400,29,3.000000000000000e-04,4.265824268197054e-03,-3.965824268197054e-03
4500,0,1.200000000000000e-01,7.253709934990736e-03,1.127462900650093e-01
4500,1,-8.000000000000000e-02,7.163709934990736e-03,-8.716370993499074e-02
4500,2,5.500000000000000e-02,7.133777434990736e-03,4.786622256500926e-02
4500,3,4.000000000000000e-02,7.062639833740736e-03,3.293736016625926e-02
4500,4,-3.000000000000000e-02,6.961662292093550e-03,-3.696166229209355e-02
4500,5,2.500000000000000e-02,6.883487683071304e-03,1.811651231692870e-02
4500,6,2.000000000000000e-02,6.786856228832892e-03,1.321314377116711e-02
4500,7,-1.800000000000000e-02,6.675659616138551e-03,-2.467565961613855e-02
4500,8,1.500000000000000e-02,6.578546785660856e-03,8.421453214339143e-03
4500,9,1.200000000000000e-02,6.470766632166028e-03,5.529233367833972e-03
4500,10,-1.000000000000000e-02,6.354713994707289e-03,-1.635471399470729e-02
4500,11,8.999999999999999e-03,6.247031752029493e-03,2.752968247970506e-03
4500,12,8.000000000000000e-03,6.133487887853788e-03,1.866512112146212e-03
4500,13,-7.000000000000000e-03,6.014965918455664e-03,-1.301496591845566e-02
4500,14,6.000000000000000e-03,5.902849538259169e-03,9.715046174083117e-05
4500,15,5.000000000000000e-03,5.787410380054738e-03,-7.874103800547382e-04
4500,16,-4.000000000000000e-03,5.669519912380108e-03,-9.669519912380107e-03
4500,17,3.500000000000000e-03,5.556044130317573e-03,-2.056044130317573e-03
4500,18,3.000000000000000e-03,5.441390164476337e-03,-2.441390164476337e-03
4500,19,-2.500000000000000e-03,5.326034027173958e-03,-7.826034027173958e-03
4500,20,2.000000000000000e-03,5.214196714828138e-03,-3.214196714828138e-03
4500,21,1.800000000000000e-03,5.102536962167504e-03,-3.302536962167504e-03
4500,22,-1.500000000000000e-03,4.991285850611276e-03,-6.491285850611275e-03
4500,23,1.200000000000000e-03,4.882995382395724e-03,-3.682995382395724e-03
4500,24,1.000000000000000e-03,4.775672924756892e-03,-3.775672924756892e-03
4500,25,-8.000000000000000e-04,4.669532271355557e-03,-5.469532271355557e-03
4500,26,5.999999999999999e-04,4.565981755205496e-03,-3.965981755205497e-03
4500,27,5.000000000000000e-04,4.464000474120364e-03,-3.964000474120363e-03
4500,28,-4.000000000000000e-04,4.363709313977206e-03,-4.763709313977206e-03
4500,29,3.000000000000000e-04,4.265824268197054e-03,-3.965824268197054e-03
4600,0,1.200000000000000e-01,7.253709934990736e-03,1.127462900650093e-01
4600,1,-8.000000000000000e-02,7.163709934990736e-03,-8.716370993499074e-02
4600,2,5.500000000000000e-02,7.133777434990736e-03,4.786622256500926e-02
4600,3,4.000000000000000e-02,7.062639833740736e-03,3.293736016625926e-02
4600,4,-3.000000000000000e-02,6.961662292093550e-03,-3.696166229209355e-02
4600,5,2.500000000000000e-02,6.883487683071304e-03,1.811651231692870e-02
4600,6,2.000000000000000e-02,6.786856228832892e-03,1.321314377116711e-02
4600,7,-1.800000000000000e-02,6.675659616138551e-03,-2.467565961613855e-02
4600,8,1.500000000000000e-02,6.578546785660856e-03,8.421453214339143e-03
4600,9,1.200000000000000e-02,6.470766632166028e-03,5.529233367833972e-03
4600,10,-1.000000000000000e-02,6.354713994707289e-03,-1.635471399470729e-02
4600,11,8.999999999999999e-03,6.247031752029493e-03,2.752968247970506e-03
4600,12,8.000000000000000e-03,6.133487887853788e-03,1.866512112146212e-03
4600,13,-7.000000000000000e-03,6.014965918455664e-03,-1.301496591845566e-02
4600,14,6.000000000000000e-03,5.902849538259169e-03,9.715046174083117e-05
4600,15,5.000000000000000e-03,5.787410380054738e-03,-7.874103800547382e-04
4600,16,-4.000000000000000e-03,5.669519912380108e-03,-9.669519912380107e-03
4600,17,3.500000000000000e-03,5.556044130317573e-03,-2.056044130317573e-03
4600,18,3.000000000000000e-03,5.441390164476337e-03,-2.441390164476337e-03
4600,19,-2.500000000000000e-03,5.326034027173958e-03,-7.826034027173958e-03
4600,20,2.000000000000000e-03,5.214196714828138e-03,-3.214196714828138e-03
4600,21,1.800000000000000e-03,5.102536962167504e-03,-3.302536962167504e-03
4600,22,-1.500000000000000e-03,4.991285850611276e-03,-6.491285850611275e-03
4600,23,1.200000000000000e-03,4.882995382395724e-03,-3.682995382395724e-03
4600,24,1.000000000000000e-03,4.775672924756892e-03,-3.775672924756892e-03
4600,25,-8.000000000000000e-04,4.669532271355557e-03,-5.469532271355557e-03
4600,26,5.999999999999999e-04,4.565981755205496e-03,-3.965981755205497e-03
4600,27,5.000000000000000e-04,4.464000474120364e-03,-3.964000474120363e-03
4600,28,-4.000000000000000e-04,4.363709313977206e-03,-4.763709313977206e-03
4600,29,3.000000000000000e-04,4.265824268197054e-03,-3.965824268197054e-03
4700,0,1.200000000000000e-01,7.253709934990736e-03,1.127462900650093e-01
4700,1,-8.000000000000000e-02,7.163709934990736e-03,-8.716370993499074e-02
4700,2,5.500000000000000e-02,7.133777434990736e-03,4.786622256500926e-02
4700,3,4.000000000000000e-02,7.062639833740736e-03,3.293736016625926e-02
4700,4,-3.000000000000000e-02,6.961662292093550e-03,-3.696166229209355e-02
4700,5,2.500000000000000e-02,6.883487683071304e-03,1.811651231692870e-02
4700,6,2.000000000000000e-02,6.786856228832892e-03,1.321314377116711e-02
4700,7,-1.800000000000000e-02,6.675659616138551e-03,-2.467565961613855e-02
4700,8,1.500000000000000e-02,6.578546785660856e-03,8.421453214339143e-03
4700,9,1.200000000000000e-02,6.470766632166028e-03,5.529233367833972e-03
4700,10,-1.000000000000000e-02,6.354713994707289e-03,-1.635471399470729e-02
4700,11,8.999999999999999e-03,6.247031752029493e-03,2.752968247970506e-03
4700,12,8.000000000000000e-03,6.133487887853788e-03,1.866512112146212e-03
4700,13,-7.000000000000000e-03,6.014965918455664e-03,-1.301496591845566e-02
4700,14,6.000000000000000e-03,5.902849538259169e-03,9.715046174083117e-05
4700,15,5.000000000000000e-03,5.787410380054738e-03,-7.874103800547382e-04
4700,16,-4.000000000000000e-03,5.669519912380108e-03,-9.669519912380107e-03
4700,17,3.500000000000000e-03,5.556044130317573e-03,-2.056044130317573e-03
4700,18,3.000000000000000e-03,5.441390164476337e-03,-2.441390164476337e-03
4700,19,-2.500000000000000e-03,5.326034027173958e-03,-7.826034027173958e-03
4700,20,2.000000000000000e-03,5.214196714828138e-03,-3.214196714828138e-03
4700,21,1.800000000000000e-03,5.102536962167504e-03,-3.302536962167504e-03
4700,22,-1.500000000000000e-03,4.991285850611276e-03,-6.491285850611275e-03
4700,23,1.200000000000000e-03,4.882995382395724e-03,-3.682995382395724e-03
4700,24,1.000000000000000e-03,4.775672924756892e-03,-3.775672924756892e-03
4700,25,-8.000000000000000e-04,4.669532271355557e-03,-5.469532271355557e-03
4700,26,5.999999999999999e-04,4.565981755205496e-03,-3.965981755205497e-03
4700,27,5.000000000000000e-04,4.464000474120364e-03,-3.964000474120363e-03
4700,28,-4.000000000000000e-04,4.363709313977206e-03,-4.763709313977206e-03
4700,29,3.000000000000000e-04,4.265824268197054e-03,-3.965824268197054e-03
4800,0,1.200000000000000e-01,7.253709934990736e-03,1.127462900650093e-01
4800,1,-8.000000000000000e-02,7.163709934990736e-03,-8.716370993499074e-02
4800,2,5.500000000000000e-02,7.133777434990736e-03,4.786622256500926e-02
4800,3,4.000000000000000e-02,7.062639833740736e-03,3.293736016625926e-02
4800,4,-3.000000000000000e-02,6.961662292093550e-03,-3.696166229209355e-02
4800,5,2.500000000000000e-02,6.883487683071304e-03,1.811651231692870e-02
4800,6,2.000000000000000e-02,6.786856228832892e-03,1.321314377116711e-02
4800,7,-1.800000000000000e-02,6.675659616138551e-03,-2.467565961613855e-02
4800,8,1.500000000000000e-02,6.578546785660856e-03,8.421453214339143e-03
4800,9,1.200000000000000e-02,6.470766632166028e-03,5.529233367833972e-03
4800,10,-1.000000000000000e-02,6.354713994707289e-03,-1.635471399470729e-02
4800,11,8.999999999999999e-03,6.247031752029493e-03,2.752968247970506e-03
4800,12,8.000000000000000e-03,6.133487887853788e-03,1.866512112146212e-03
4800,13,-7.000000000000000e-03,6.014965918455664e-03,-1.301496591845566e-02
4800,14,6.000000000000000e-03,5.902849538259169e-03,9.715046174083117e-05
4800,15,5.000000000000000e-03,5.787410380054738e-03,-7.874103800547382e-04
4800,16,-4.000000000000000e-03,5.669519912380108e-03,-9.669519912380107e-03
4800,17,3.500000000000000e-03,5.556044130317573e-03,-2.056044130317573e-03
4800,18,3.000000000000000e-03,5.441390164476337e-03,-2.441390164476337e-03
4800,19,-2.500000000000000e-03,5.326034027173958e-03,-7.826034027173958e-03
4800,20,2.000000000000000e-03,5.214196714828138e-03,-3.214196714828138e-03
4800,21,1.800000000000000e-03,5.102536962167504e-03,-3.302536962167504e-03
4800,22,-1.500000000000000e-03,4.991285850611276e-03,-6.491285850611275e-03
4800,23,1.200000000000000e-03,4.882995382395724e-03,-3.682995382395724e-03
4800,24,1.000000000000000e-03,4.775672924756892e-03,-3.775672924756892e-03
4800,25,-8.000000000000000e-04,4.669532271355557e-03,-5.469532271355557e-03
4800,26,5.999999999999999e-04,4.565981755205496e-03,-3.965981755205497e-03
4800,27,5.000000000000000e-04,4.464000474120364e-03,-3.964000474120363e-03
4800,28,-4.000000000000000e-04,4.363709313977206e-03,-4.763709313977206e-03
4800,29,3.000000000000000e-04,4.265824268197054e-03,-3.965824268197054e-03
4900,0,1.200000000000000e-01,7.253709934990736e-03,1.127462900650093e-01
4900,1,-8.000000000000000e-02,7.163709934990736e-03,-8.716370993499074e-02
4900,2,5.500000000000000e-02,7.133777434990736e-03,4.786622256500926e-02
4900,3,4.000000000000000e-02,7.062639833740736e-03,3.293736016625926e-02
4900,4,-3.000000000000000e-02,6.961662292093550e-03,-3.696166229209355e-02
4900,5,2.500000000000000e-02,6.883487683071304e-03,1.811651231692870e-02
4900,6,2.000000000000000e-02,6.786856228832892e-03,1.321314377116711e-02
4900,7,-1.800000000000000e-02,6.675659616138551e-03,-2.467565961613855e-02
4900,8,1.500000000000000e-02,6.578546785660856e-03,8.421453214339143e-03
4900,9,1.200000000000000e-02,6.470766632166028e-03,5.529233367833972e-03
4900,10,-1.000000000000000e-02,6.354713994707289e-03,-1.635471399470729e-02
4900,11,8.999999999999999e-03,6.247031752029493e-03,2.752968247970506e-03
4900,12,8.000000000000000e-03,6.133487887853788e-03,1.866512112146212e-03
4900,13,-7.000000000000000e-03,6.014965918455664e-03,-1.301496591845566e-02
4900,14,6.000000000000000e-03,5.902849538259169e-03,9.715046174083117e-05
4900,15,5.000000000000000e-03,5.787410380054738e-03,-7.874103800547382e-04
4900,16,-4.000000000000000e-03,5.669519912380108e-03,-9.669519912380107e-03
4900,17,3.500000000000000e-03,5.556044130317573e-03,-2.056044130317573e-03
4900,18,3.000000000000000e-03,5.441390164476337e-03,-2.441390164476337e-03
4900,19,-2.500000000000000e-03,5.326034027173958e-03,-7.826034027173958e-03
4900,20,2.000000000000000e-03,5.214196714828138e-03,-3.214196714828138e-03
4900,21,1.800000000000000e-03,5.102536962167504e-03,-3.302536962167504e-03
4900,22,-1.500000000000000e-03,4.991285850611276e-03,-6.491285850611275e-03
4900,23,1.200000000000000e-03,4.882995382395724e-03,-3.682995382395724e-03
4900,24,1.000000000000000e-03,4.775672924756892e-03,-3.775672924756892e-03
4900,25,-8.000000000000000e-04,4.669532271355557e-03,-5.469532271355557e-03
4900,26,5.999999999999999e-04,4.565981755205496e-03,-3.965981755205497e-03
4900,27,5.000000000000000e-04,4.464000474120364e-03,-3.964000474120363e-03
4900,28,-4.000000000000000e-04,4.363709313977206e-03,-4.763709313977206e-03
4900,29,3.000000000000000e-04,4.265824268197054e-03,-3.965824268197054e-03
5000,0,1.200000000000000e-01,7.253709934990736e-03,1.127462900650093e-01
5000,1,-8.000000000000000e-02,7.163709934990736e-03,-8.716370993499074e-02
5000,2,5.500000000000000e-02,7.133777434990736e-03,4.786622256500926e-02
5000,3,4.000000000000000e-02,7.062639833740736e-03,3.293736016625926e-02
5000,4,-3.000000000000000e-02,6.961662292093550e-03,-3.696166229209355e-02
5000,5,2.500000000000000e-02,6.883487683071304e-03,1.811651231692870e-02
5000,6,2.000000000000000e-02,6.786856228832892e-03,1.321314377116711e-02
5000,7,-1.800000000000000e-02,6.675659616138551e-03,-2.467565961613855e-02
5000,8,1.500000000000000e-02,6.578546785660856e-03,8.421453214339143e-03
5000,9,1.200000000000000e-02,6.470766632166028e-03,5.529233367833972e-03
5000,10,-1.000000000000000e-02,6.354713994707289e-03,-1.635471399470729e-02
5000,11,8.999999999999999e-03,6.247031752029493e-03,2.752968247970506e-03
5000,12,8.000000000000000e-03,6.133487887853788e-03,1.866512112146212e-03
5000,13,-7.000000000000000e-03,6.014965918455664e-03,-1.301496591845566e-02
5000,14,6.000000000000000e-03,5.902849538259169e-03,9.715046174083117e-05
5000,15,5.000000000000000e-03,5.787410380054738e-03,-7.874103800547382e-04
5000,16,-4.000000000000000e-03,5.669519912380108e-03,-9.669519912380107e-03
5000,17,3.500000000000000e-03,5.556044130317573e-03,-2.056044130317573e-03
5000,18,3.000000000000000e-03,5.441390164476337e-03,-2.441390164476337e-03
5000,19,-2.500000000000000e-03,5.326034027173958e-03,-7.826034027173958e-03
5000,20,2.000000000000000e-03,5.214196714828138e-03,-3.214196714828138e-03
5000,21,1.800000000000000e-03,5.102536962167504e-03,-3.302536962167504e-03
5000,22,-1.500000000000000e-03,4.991285850611276e-03,-6.491285850611275e-03
5000,23,1.200000000000000e-03,4.882995382395724e-03,-3.682995382395724e-03
5000,24,1.000000000000000e-03,4.775672924756892e-03,-3.775672924756892e-03
5000,25,-8.000000000000000e-04,4.669532271355557e-03,-5.469532271355557e-03
5000,26,5.999999999999999e-04,4.565981755205496e-03,-3.965981755205497e-03
5000,27,5.000000000000000e-04,4.464000474120364e-03,-3.964000474120363e-03
5000,28,-4.000000000000000e-04,4.363709313977206e-03,-4.763709313977206e-03
5000,29,3.000000000000000e-04,4.265824268197054e-03,-3.965824268197054e-03
5100,0,1.200000000000000e-01,7.253709934990736e-03,1.127462900650093e-01
5100,1,-8.000000000000000e-02,7.163709934990736e-03,-8.716370993499074e-02
5100,2,5.500000000000000e-02,7.133777434990736e-03,4.786622256500926e-02
5100,3,4.000000000000000e-02,7.062639833740736e-03,3.293736016625926e-02
5100,4,-3.000000000000000e-02,6.961662292093550e-03,-3.696166229209355e-02
5100,5,2.500000000000000e-02,6.883487683071304e-03,1.811651231692870e-02
5100,6,2.000000000000000e-02,6.786856228832892e-03,1.321314377116711e-02
5100,7,-1.800000000000000e-02,6.675659616138551e-03,-2.467565961613855e-02
5100,8,1.500000000000000e-02,6.578546785660856e-03,8.421453214339143e-03
5100,9,1.200000000000000e-02,6.470766632166028e-03,5.529233367833972e-03
5100,10,-1.000000000000000e-02,6.354713994707289e-03,-1.635471399470729e-02
5100,11,8.999999999999999e-03,6.247031752029493e-03,2.752968247970506e-03
5100,12,8.000000000000000e-03,6.133487887853788e-03,1.866512112146212e-03
5100,13,-7.000000000000000e-03,6.014965918455664e-03,-1.301496591845566e-02
5100,14,6.000000000000000e-03,5.902849538259169e-03,9.715046174083117e-05
5100,15,5.000000000000000e-03,5.787410380054738e-03,-7.874103800547382e-04
5100,16,-4.000000000000000e-03,5.669519912380108e-03,-9.669519912380107e-03
5100,17,3.500000000000000e-03,5.556044130317573e-03,-2.056044130317573e-03
5100,18,3.000000000000000e-03,5.441390164476337e-03,-2.441390164476337e-03
5100,19,-2.500000000000000e-03,5.326034027173958e-03,-7.826034027173958e-03
5100,20,2.000000000000000e-03,5.214196714828138e-03,-3.214196714828138e-03
5100,21,1.800000000000000e-03,5.102536962167504e-03,-3.302536962167504e-03
5100,22,-1.500000000000000e-03,4.991285850611276e-03,-6.491285850611275e-03
5100,23,1.200000000000000e-03,4.882995382395724e-03,-3.682995382395724e-03
5100,24,1.000000000000000e-03,4.775672924756892e-03,-3.775672924756892e-03
5100,25,-8.000000000000000e-04,4.669532271355557e-03,-5.469532271355557e-03
5100,26,5.999999999999999e-04,4.565981755205496e-03,-3.965981755205497e-03
5100,27,5.000000000000000e-04,4.464000474120364e-03,-3.964000474120363e-03
5100,28,-4.000000000000000e-04,4.363709313977206e-03,-4.763709313977206e-03
5100,29,3.000000000000000e-04,4.265824268197054e-03,-3.965824268197054e-03
5200,0,1.200000000000000e-01,7.253709934990736e-03,1.127462900650093e-01
5200,1,-8.000000000000000e-02,7.163709934990736e-03,-8.716370993499074e-02
5200,2,5.500000000000000e-02,7.133777434990736e-03,4.786622256500926e-02
5200,3,4.000000000000000e-02,7.062639833740736e-03,3.293736016625926e-02
5200,4,-3.000000000000000e-02,6.961662292093550e-03,-3.696166229209355e-02
5200,5,2.500000000000000e-02,6.883487683071304e-03,1.811651231692870e-02
5200,6,2.000000000000000e-02,6.786856228832892e-03,1.321314377116711e-02
5200,7,-1.800000000000000e-02,6.675659616138551e-03,-2.467565961613855e-02
5200,8,1.500000000000000e-02,6.578546785660856e-03,8.421453214339143e-03
5200,9,1.200000000000000e-02,6.470766632166028e-03,5.529233367833972e-03
5200,10,-1.000000000000000e-02,6.354713994707289e-03,-1.635471399470729e-02
5200,11,8.999999999999999e-03,6.247031752029493e-03,2.752968247970506e-03
5200,12,8.000000000000000e-03,6.133487887853788e-03,1.866512112146212e-03
5200,13,-7.000000000000000e-03,6.014965918455664e-03,-1.301496591845566e-02
5200,14,6.000000000000000e-03,5.902849538259169e-03,9.715046174083117e-05
5200,15,5.000000000000000e-03,5.787410380054738e-03,-7.874103800547382e-04
5200,16,-4.000000000000000e-03,5.669519912380108e-03,-9.669519912380107e-03
5200,17,3.500000000000000e-03,5.556044130317573e-03,-2.056044130317573e-03
5200,18,3.000000000000000e-03,5.441390164476337e-03,-2.441390164476337e-03
5200,19,-2.500000000000000e-03,5.326034027173958e-03,-7.826034027173958e-03
5200,20,2.000000000000000e-03,5.214196714828138e-03,-3.214196714828138e-03
5200,21,1.800000000000000e-03,5.102536962167504e-03,-3.302536962167504e-03
5200,22,-1.500000000000000e-03,4.991285850611276e-03,-6.491285850611275e-03
5200,23,1.200000000000000e-03,4.882995382395724e-03,-3.682995382395724e-03
5200,24,1.000000000000000e-03,4.775672924756892e-03,-3.775672924756892e-03
5200,25,-8.000000000000000e-04,4.669532271355557e-03,-5.469532271355557e-03
5200,26,5.999999999999999e-04,4.565981755205496e-03,-3.965981755205497e-03
5200,27,5.000000000000000e-04,4.464000474120364e-03,-3.964000474120363e-03
5200,28,-4.000000000000000e-04,4.363709313977206e-03,-4.763709313977206e-03
5200,29,3.000000000000000e-04,4.265824268197054e-03,-3.965824268197054e-03
5300,0,1.200000000000000e-01,7.253709934990736e-03,1.127462900650093e-01
5300,1,-8.000000000000000e-02,7.163709934990736e-03,-8.716370993499074e-02
5300,2,5.500000000000000e-02,7.133777434990736e-03,4.786622256500926e-02
5300,3,4.000000000000000e-02,7.062639833740736e-03,3.293736016625926e-02
5300,4,-3.000000000000000e-02,6.961662292093550e-03,-3.696166229209355e-02
5300,5,2.500000000000000e-02,6.883487683071304e-03,1.811651231692870e-02
5300,6,2.000000000000000e-02,6.786856228832892e-03,1.321314377116711e-02
5300,7,-1.800000000000000e-02,6.675659616138551e-03,-2.467565961613855e-02
5300,8,1.500000000000000e-02,6.578546785660856e-03,8.421453214339143e-03
5300,9,1.200000000000000e-02,6.470766632166028e-03,5.529233367833972e-03
5300,10,-1.000000000000000e-02,6.354713994707289e-03,-1.635471399470729e-02
5300,11,8.999999999999999e-03,6.247031752029493e-03,2.752968247970506e-03
5300,12,8.000000000000000e-03,6.133487887853788e-03,1.866512112146212e-03
5300,13,-7.000000000000000e-03,6.014965918455664e-03,-1.301496591845566e-02
5300,14,6.000000000000000e-03,5.902849538259169e-03,9.715046174083117e-05
5300,15,5.000000000000000e-03,5.787410380054738e-03,-7.874103800547382e-04
5300,16,-4.000000000000000e-03,5.669519912380108e-03,-9.669519912380107e-03
5300,17,3.500000000000000e-03,5.556044130317573e-03,-2.056044130317573e-03
5300,18,3.000000000000000e-03,5.441390164476337e-03,-2.441390164476337e-03
5300,19,-2.500000000000000e-03,5.326034027173958e-03,-7.826034027173958e-03
5300,20,2.000000000000000e-03,5.214196714828138e-03,-3.214196714828138e-03
5300,21,1.800000000000000e-03,5.102536962167504e-03,-3.302536962167504e-03
5300,22,-1.500000000000000e-03,4.991285850611276e-03,-6.491285850611275e-03
5300,23,1.200000000000000e-03,4.882995382395724e-03,-3.682995382395724e-03
5300,24,1.000000000000000e-03,4.775672924756892e-03,-3.775672924756892e-03
5300,25,-8.000000000000000e-04,4.669532271355557e-03,-5.469532271355557e-03
5300,26,5.999999999999999e-04,4.565981755205496e-03,-3.965981755205497e-03
5300,27,5.000000000000000e-04,4.464000474120364e-03,-3.964000474120363e-03
5300,28,-4.000000000000000e-04,4.363709313977206e-03,-4.763709313977206e-03
5300,29,3.000000000000000e-04,4.265824268197054e-03,-3.965824268197054e-03
5400,0,1.200000000000000e-01,7.253709934990736e-03,1.127462900650093e-01
5400,1,-8.000000000000000e-02,7.163709934990736e-03,-8.716370993499074e-02
5400,2,5.500000000000000e-02,7.133777434990736e-03,4.786622256500926e-02
5400,3,4.000000000000000e-02,7.062639833740736e-03,3.293736016625926e-02
5400,4,-3.000000000000000e-02,6.961662292093550e-03,-3.696166229209355e-02
5400,5,2.500000000000000e-02,6.883487683071304e-03,1.811651231692870e-02
5400,6,2.000000000000000e-02,6.786856228832892e-03,1.321314377116711e-02
5400,7,-1.800000000000000e-02,6.675659616138551e-03,-2.467565961613855e-02
5400,8,1.500000000000000e-02,6.578546785660856e-03,8.421453214339143e-03
5400,9,1.200000000000000e-02,6.470766632166028e-03,5.529233367833972e-03
5400,10,-1.000000000000000e-02,6.354713994707289e-03,-1.635471399470729e-02
5400,11,8.999999999999999e-03,6.247031752029493e-03,2.752968247970506e-03
5400,12,8.000000000000000e-03,6.133487887853788e-03,1.866512112146212e-03
5400,13,-7.000000000000000e-03,6.014965918455664e-03,-1.301496591845566e-02
5400,14,6.000000000000000e-03,5.902849538259169e-03,9.715046174083117e-05
5400,15,5.000000000000000e-03,5.787410380054738e-03,-7.874103800547382e-04
5400,16,-4.000000000000000e-03,5.669519912380108e-03,-9.669519912380107e-03
5400,17,3.500000000000000e-03,5.556044130317573e-03,-2.056044130317573e-03
5400,18,3.000000000000000e-03,5.441390164476337e-03,-2.441390164476337e-03
5400,19,-2.500000000000000e-03,5.326034027173958e-03,-7.826034027173958e-03
5400,20,2.000000000000000e-03,5.214196714828138e-03,-3.214196714828138e-03
5400,21,1.800000000000000e-03,5.102536962167504e-03,-3.302536962167504e-03
5400,22,-1.500000000000000e-03,4.991285850611276e-03,-6.491285850611275e-03
5400,23,1.200000000000000e-03,4.882995382395724e-03,-3.682995382395724e-03
5400,24,1.000000000000000e-03,4.775672924756892e-03,-3.775672924756892e-03
5400,25,-8.000000000000000e-04,4.669532271355557e-03,-5.469532271355557e-03
5400,26,5.999999999999999e-04,4.565981755205496e-03,-3.965981755205497e-03
5400,27,5.000000000000000e-04,4.464000474120364e-03,-3.964000474120363e-03
5400,28,-4.000000000000000e-04,4.363709313977206e-03,-4.763709313977206e-03
5400,29,3.000000000000000e-04,4.265824268197054e-03,-3.965824268197054e-03
5500,0,1.200000000000000e-01,7.253709934990736e-03,1.127462900650093e-01
5500,1,-8.000000000000000e-02,7.163709934990736e-03,-8.716370993499074e-02
5500,2,5.500000000000000e-02,7.133777434990736e-03,4.786622256500926e-02
5500,3,4.000000000000000e-02,7.062639833740736e-03,3.293736016625926e-02
5500,4,-3.000000000000000e-02,6.961662292093550e-03,-3.696166229209355e-02
5500,5,2.500000000000000e-02,6.883487683071304e-03,1.811651231692870e-02
5500,6,2.000000000000000e-02,6.786856228832892e-03,1.321314377116711e-02
5500,7,-1.800000000000000e-02,6.675659616138551e-03,-2.467565961613855e-02
5500,8,1.500000000000000e-02,6.578546785660856e-03,8.421453214339143e-03
5500,9,1.200000000000000e-02,6.470766632166028e-03,5.529233367833972e-03
5500,10,-1.000000000000000e-02,6.354713994707289e-03,-1.635471399470729e-02
5500,11,8.999999999999999e-03,6.247031752029493e-03,2.752968247970506e-03
5500,12,8.000000000000000e-03,6.133487887853788e-03,1.866512112146212e-03
5500,13,-7.000000000000000e-03,6.014965918455664e-03,-1.301496591845566e-02
5500,14,6.000000000000000e-03,5.902849538259169e-03,9.715046174083117e-05
5500,15,5.000000000000000e-03,5.787410380054738e-03,-7.874103800547382e-04
5500,16,-4.000000000000000e-03,5.669519912380108e-03,-9.669519912380107e-03
5500,17,3.500000000000000e-03,5.556044130317573e-03,-2.056044130317573e-03
5500,18,3.000000000000000e-03,5.441390164476337e-03,-2.441390164476337e-03
5500,19,-2.500000000000000e-03,5.326034027173958e-03,-7.826034027173958e-03
5500,20,2.000000000000000e-03,5.214196714828138e-03,-3.214196714828138e-03
5500,21,1.800000000000000e-03,5.102536962167504e-03,-3.302536962167504e-03
5500,22,-1.500000000000000e-03,4.991285850611276e-03,-6.491285850611275e-03
5500,23,1.200000000000000e-03,4.882995382395724e-03,-3.682995382395724e-03
5500,24,1.000000000000000e-03,4.775672924756892e-03,-3.775672924756892e-03
5500,25,-8.000000000000000e-04,4.669532271355557e-03,-5.469532271355557e-03
5500,26,5.999999999999999e-04,4.565981755205496e-03,-3.965981755205497e-03
5500,27,5.000000000000000e-04,4.464000474120364e-03,-3.964000474120363e-03
5500,28,-4.000000000000000e-04,4.363709313977206e-03,-4.763709313977206e-03
5500,29,3.000000000000000e-04,4.265824268197054e-03,-3.965824268197054e-03
5600,0,1.200000000000000e-01,7.253709934990736e-03,1.127462900650093e-01
5600,1,-8.000000000000000e-02,7.163709934990736e-03,-8.716370993499074e-02
5600,2,5.500000000000000e-02,7.133777434990736e-03,4.786622256500926e-02
5600,3,4.000000000000000e-02,7.062639833740736e-03,3.293736016625926e-02
5600,4,-3.000000000000000e-02,6.961662292093550e-03,-3.696166229209355e-02
5600,5,2.500000000000000e-02,6.883487683071304e-03,1.811651231692870e-02
5600,6,2.000000000000000e-02,6.786856228832892e-03,1.321314377116711e-02
5600,7,-1.800000000000000e-02,6.675659616138551e-03,-2.467565961613855e-02
5600,8,1.500000000000000e-02,6.578546785660856e-03,8.421453214339143e-03
5600,9,1.200000000000000e-02,6.470766632166028e-03,5.529233367833972e-03
5600,10,-1.000000000000000e-02,6.354713994707289e-03,-1.635471399470729e-02
5600,11,8.999999999999999e-03,6.247031752029493e-03,2.752968247970506e-03
5600,12,8.000000000000000e-03,6.133487887853788e-03,1.866512112146212e-03
5600,13,-7.000000000000000e-03,6.014965918455664e-03,-1.301496591845566e-02
5600,14,6.000000000000000e-03,5.902849538259169e-03,9.715046174083117e-05
5600,15,5.000000000000000e-03,5.787410380054738e-03,-7.874103800547382e-04
5600,16,-4.000000000000000e-03,5.669519912380108e-03,-9.669519912380107e-03
5600,17,3.500000000000000e-03,5.556044130317573e-03,-2.056044130317573e-03
5600,18,3.000000000000000e-03,5.441390164476337e-03,-2.441390164476337e-03
5600,19,-2.500000000000000e-03,5.326034027173958e-03,-7.826034027173958e-03
5600,20,2.000000000000000e-03,5.214196714828138e-03,-3.214196714828138e-03
5600,21,1.800000000000000e-03,5.102536962167504e-03,-3.302536962167504e-03
5600,22,-1.500000000000000e-03,4.991285850611276e-03,-6.491285850611275e-03
5600,23,1.200000000000000e-03,4.882995382395724e-03,-3.682995382395724e-03
5600,24,1.000000000000000e-03,4.775672924756892e-03,-3.775672924756892e-03
5600,25,-8.000000000000000e-04,4.669532271355557e-03,-5.469532271355557e-03
5600,26,5.999999999999999e-04,4.565981755205496e-03,-3.965981755205497e-03
5600,27,5.000000000000000e-04,4.464000474120364e-03,-3.964000474120363e-03
5600,28,-4.000000000000000e-04,4.363709313977206e-03,-4.763709313977206e-03
5600,29,3.000000000000000e-04,4.265824268197054e-03,-3.965824268197054e-03
5700,0,1.200000000000000e-01,7.253709934990736e-03,1.127462900650093e-01
5700,1,-8.000000000000000e-02,7.163709934990736e-03,-8.716370993499074e-02
5700,2,5.500000000000000e-02,7.133777434990736e-03,4.786622256500926e-02
5700,3,4.000000000000000e-02,7.062639833740736e-03,3.293736016625926e-02
5700,4,-3.000000000000000e-02,6.961662292093550e-03,-3.696166229209355e-02
5700,5,2.500000000000000e-02,6.883487683071304e-03,1.811651231692870e-02
5700,6,2.000000000000000e-02,6.786856228832892e-03,1.321314377116711e-02
5700,7,-1.800000000000000e-02,6.675659616138551e-03,-2.467565961613855e-02
5700,8,1.500000000000000e-02,6.578546785660856e-03,8.421453214339143e-03
5700,9,1.200000000000000e-02,6.470766632166028e-03,5.529233367833972e-03
5700,10,-1.000000000000000e-02,6.354713994707289e-03,-1.635471399470729e-02
5700,11,8.999999999999999e-03,6.247031752029493e-03,2.752968247970506e-03
5700,12,8.000000000000000e-03,6.133487887853788e-03,1.866512112146212e-03
5700,13,-7.000000000000000e-03,6.014965918455664e-03,-1.301496591845566e-02
5700,14,6.000000000000000e-03,5.902849538259169e-03,9.715046174083117e-05
5700,15,5.000000000000000e-03,5.787410380054738e-03,-7.874103800547382e-04
5700,16,-4.000000000000000e-03,5.669519912380108e-03,-9.669519912380107e-03
5700,17,3.500000000000000e-03,5.556044130317573e-03,-2.056044130317573e-03
5700,18,3.000000000000000e-03,5.441390164476337e-03,-2.441390164476337e-03
5700,19,-2.500000000000000e-03,5.326034027173958e-03,-7.826034027173958e-03
5700,20,2.000000000000000e-03,5.214196714828138e-03,-3.214196714828138e-03
5700,21,1.800000000000000e-03,5.102536962167504e-03,-3.302536962167504e-03
5700,22,-1.500000000000000e-03,4.991285850611276e-03,-6.491285850611275e-03
5700,23,1.200000000000000e-03,4.882995382395724e-03,-3.682995382395724e-03
5700,24,1.000000000000000e-03,4.775672924756892e-03,-3.775672924756892e-03
5700,25,-8.000000000000000e-04,4.669532271355557e-03,-5.469532271355557e-03
5700,26,5.999999999999999e-04,4.565981755205496e-03,-3.965981755205497e-03
5700,27,5.000000000000000e-04,4.464000474120364e-03,-3.964000474120363e-03
5700,28,-4.000000000000000e-04,4.363709313977206e-03,-4.763709313977206e-03
5700,29,3.000000000000000e-04,4.265824268197054e-03,-3.965824268197054e-03
5800,0,1.200000000000000e-01,7.253709934990736e-03,1.127462900650093e-01
5800,1,-8.000000000000000e-02,7.163709934990736e-03,-8.716370993499074e-02
5800,2,5.500000000000000e-02,7.133777434990736e-03,4.786622256500926e-02
5800,3,4.000000000000000e-02,7.062639833740736e-03,3.293736016625926e-02
5800,4,-3.000000000000000e-02,6.961662292093550e-03,-3.696166229209355e-02
5800,5,2.500000000000000e-02,6.883487683071304e-03,1.811651231692870e-02
5800,6,2.000000000000000e-02,6.786856228832892e-03,1.321314377116711e-02
5800,7,-1.800000000000000e-02,6.675659616138551e-03,-2.467565961613855e-02
5800,8,1.500000000000000e-02,6.578546785660856e-03,8.421453214339143e-03
5800,9,1.200000000000000e-02,6.470766632166028e-03,5.529233367833972e-03
5800,10,-1.000000000000000e-02,6.354713994707289e-03,-1.635471399470729e-02
5800,11,8.999999999999999e-03,6.247031752029493e-03,2.752968247970506e-03
5800,12,8.000000000000000e-03,6.133487887853788e-03,1.866512112146212e-03
5800,13,-7.000000000000000e-03,6.014965918455664e-03,-1.301496591845566e-02
5800,14,6.000000000000000e-03,5.902849538259169e-03,9.715046174083117e-05
5800,15,5.000000000000000e-03,5.787410380054738e-03,-7.874103800547382e-04
5800,16,-4.000000000000000e-03,5.669519912380108e-03,-9.669519912380107e-03
5800,17,3.500000000000000e-03,5.556044130317573e-03,-2.056044130317573e-03
5800,18,3.000000000000000e-03,5.441390164476337e-03,-2.441390164476337e-03
5800,19,-2.500000000000000e-03,5.326034027173958e-03,-7.826034027173958e-03
5800,20,2.000000000000000e-03,5.214196714828138e-03,-3.214196714828138e-03
5800,21,1.800000000000000e-03,5.102536962167504e-03,-3.302536962167504e-03
5800,22,-1.500000000000000e-03,4.991285850611276e-03,-6.491285850611275e-03
5800,23,1.200000000000000e-03,4.882995382395724e-03,-3.682995382395724e-03
5800,24,1.000000000000000e-03,4.775672924756892e-03,-3.775672924756892e-03
5800,25,-8.000000000000000e-04,4.669532271355557e-03,-5.469532271355557e-03
5800,26,5.999999999999999e-04,4.565981755205496e-03,-3.965981755205497e-03
5800,27,5.000000000000000e-04,4.464000474120364e-03,-3.964000474120363e-03
5800,28,-4.000000000000000e-04,4.363709313977206e-03,-4.763709313977206e-03
5800,29,3.000000000000000e-04,4.265824268197054e-03,-3.965824268197054e-03
5900,0,1.200000000000000e-01,7.253709934990736e-03,1.127462900650093e-01
5900,1,-8.000000000000000e-02,7.163709934990736e-03,-8.716370993499074e-02
5900,2,5.500000000000000e-02,7.133777434990736e-03,4.786622256500926e-02
5900,3,4.000000000000000e-02,7.062639833740736e-03,3.293736016625926e-02
5900,4,-3.000000000000000e-02,6.961662292093550e-03,-3.696166229209355e-02
5900,5,2.500000000000000e-02,6.883487683071304e-03,1.811651231692870e-02
5900,6,2.000000000000000e-02,6.786856228832892e-03,1.321314377116711e-02
5900,7,-1.800000000000000e-02,6.675659616138551e-03,-2.467565961613855e-02
5900,8,1.500000000000000e-02,6.578546785660856e-03,8.421453214339143e-03
5900,9,1.200000000000000e-02,6.470766632166028e-03,5.529233367833972e-03
5900,10,-1.000000000000000e-02,6.354713994707289e-03,-1.635471399470729e-02
5900,11,8.999999999999999e-03,6.247031752029493e-03,2.752968247970506e-03
5900,12,8.000000000000000e-03,6.133487887853788e-03,1.866512112146212e-03
5900,13,-7.000000000000000e-03,6.014965918455664e-03,-1.301496591845566e-02
5900,14,6.000000000000000e-03,5.902849538259169e-03,9.715046174083117e-05
5900,15,5.000000000000000e-03,5.787410380054738e-03,-7.874103800547382e-04
5900,16,-4.000000000000000e-03,5.669519912380108e-03,-9.669519912380107e-03
5900,17,3.500000000000000e-03,5.556044130317573e-03,-2.056044130317573e-03
5900,18,3.000000000000000e-03,5.441390164476337e-03,-2.441390164476337e-03
5900,19,-2.500000000000000e-03,5.326034027173958e-03,-7.826034027173958e-03
5900,20,2.000000000000000e-03,5.214196714828138e-03,-3.214196714828138e-03
5900,21,1.800000000000000e-03,5.102536962167504e-03,-3.302536962167504e-03
5900,22,-1.500000000000000e-03,4.991285850611276e-03,-6.491285850611275e-03
5900,23,1.200000000000000e-03,4.882995382395724e-03,-3.682995382395724e-03
5900,24,1.000000000000000e-03,4.775672924756892e-03,-3.775672924756892e-03
5900,25,-8.000000000000000e-04,4.669532271355557e-03,-5.469532271355557e-03
5900,26,5.999999999999999e-04,4.565981755205496e-03,-3.965981755205497e-03
5900,27,5.000000000000000e-04,4.464000474120364e-03,-3.964000474120363e-03
5900,28,-4.000000000000000e-04,4.363709313977206e-03,-4.763709313977206e-03
5900,29,3.000000000000000e-04,4.265824268197054e-03,-3.965824268197054e-03
6000,0,1.200000000000000e-01,7.253709934990736e-03,1.127462900650093e-01
6000,1,-8.000000000000000e-02,7.163709934990736e-03,-8.716370993499074e-02
6000,2,5.500000000000000e-02,7.133777434990736e-03,4.786622256500926e-02
6000,3,4.000000000000000e-02,7.062639833740736e-03,3.293736016625926e-02
6000,4,-3.000000000000000e-02,6.961662292093550e-03,-3.696166229209355e-02
6000,5,2.500000000000000e-02,6.883487683071304e-03,1.811651231692870e-02
6000,6,2.000000000000000e-02,6.786856228832892e-03,1.321314377116711e-02
6000,7,-1.800000000000000e-02,6.675659616138551e-03,-2.467565961613855e-02
6000,8,1.500000000000000e-02,6.578546785660856e-03,8.421453214339143e-03
6000,9,1.200000000000000e-02,6.470766632166028e-03,5.529233367833972e-03
6000,10,-1.000000000000000e-02,6.354713994707289e-03,-1.635471399470729e-02
6000,11,8.999999999999999e-03,6.247031752029493e-03,2.752968247970506e-03
6000,12,8.000000000000000e-03,6.133487887853788e-03,1.866512112146212e-03
6000,13,-7.000000000000000e-03,6.014965918455664e-03,-1.301496591845566e-02
6000,14,6.000000000000000e-03,5.902849538259169e-03,9.715046174083117e-05
6000,15,5.000000000000000e-03,5.787410380054738e-03,-7.874103800547382e-04
6000,16,-4.000000000000000e-03,5.669519912380108e-03,-9.669519912380107e-03
6000,17,3.500000000000000e-03,5.556044130317573e-03,-2.056044130317573e-03
6000,18,3.000000000000000e-03,5.441390164476337e-03,-2.441390164476337e-03
6000,19,-2.500000000000000e-03,5.326034027173958e-03,-7.826034027173958e-03
6000,20,2.000000000000000e-03,5.214196714828138e-03,-3.214196714828138e-03
6000,21,1.800000000000000e-03,5.102536962167504e-03,-3.302536962167504e-03
6000,22,-1.500000000000000e-03,4.991285850611276e-03,-6.491285850611275e-03
6000,23,1.200000000000000e-03,4.882995382395724e-03,-3.682995382395724e-03
6000,24,1.000000000000000e-03,4.775672924756892e-03,-3.775672924756892e-03
6000,25,-8.000000000000000e-04,4.669532271355557e-03,-5.469532271355557e-03
6000,26,5.999999999999999e-04,4.565981755205496e-03,-3.965981755205497e-03
6000,27,5.000000000000000e-04,4.464000474120364e-03,-3.964000474120363e-03
6000,28,-4.000000000000000e-04,4.363709313977206e-03,-4.763709313977206e-03
6000,29,3.000000000000000e-04,4.265824268197054e-03,-3.965824268197054e-03
6100,0,1.200000000000000e-01,7.253709934990736e-03,1.127462900650093e-01
6100,1,-8.000000000000000e-02,7.163709934990736e-03,-8.716370993499074e-02
6100,2,5.500000000000000e-02,7.133777434990736e-03,4.786622256500926e-02
6100,3,4.000000000000000e-02,7.062639833740736e-03,3.293736016625926e-02
6100,4,-3.000000000000000e-02,6.961662292093550e-03,-3.696166229209355e-02
6100,5,2.500000000000000e-02,6.883487683071304e-03,1.811651231692870e-02
6100,6,2.000000000000000e-02,6.786856228832892e-03,1.321314377116711e-02
6100,7,-1.800000000000000e-02,6.675659616138551e-03,-2.467565961613855e-02
6100,8,1.500000000000000e-02,6.578546785660856e-03,8.421453214339143e-03
6100,9,1.200000000000000e-02,6.470766632166028e-03,5.529233367833972e-03
6100,10,-1.000000000000000e-02,6.354713994707289e-03,-1.635471399470729e-02
6100,11,8.999999999999999e-03,6.247031752029493e-03,2.752968247970506e-03
6100,12,8.000000000000000e-03,6.133487887853788e-03,1.866512112146212e-03
6100,13,-7.000000000000000e-03,6.014965918455664e-03,-1.301496591845566e-02
6100,14,6.000000000000000e-03,5.902849538259169e-03,9.715046174083117e-05
6100,15,5.000000000000000e-03,5.787410380054738e-03,-7.874103800547382e-04
6100,16,-4.000000000000000e-03,5.669519912380108e-03,-9.669519912380107e-03
6100,17,3.500000000000000e-03,5.556044130317573e-03,-2.056044130317573e-03
6100,18,3.000000000000000e-03,5.441390164476337e-03,-2.441390164476337e-03
6100,19,-2.500000000000000e-03,5.326034027173958e-03,-7.826034027173958e-03
6100,20,2.000000000000000e-03,5.214196714828138e-03,-3.214196714828138e-03
6100,21,1.800000000000000e-03,5.102536962167504e-03,-3.302536962167504e-03
6100,22,-1.500000000000000e-03,4.991285850611276e-03,-6.491285850611275e-03
6100,23,1.200000000000000e-03,4.882995382395724e-03,-3.682995382395724e-03
6100,24,1.000000000000000e-03,4.775672924756892e-03,-3.775672924756892e-03
6100,25,-8.000000000000000e-04,4.669532271355557e-03,-5.469532271355557e-03
6100,26,5.999999999999999e-04,4.565981755205496e-03,-3.965981755205497e-03
6100,27,5.000000000000000e-04,4.464000474120364e-03,-3.964000474120363e-03
6100,28,-4.000000000000000e-04,4.363709313977206e-03,-4.763709313977206e-03
6100,29,3.000000000000000e-04,4.265824268197054e-03,-3.965824268197054e-03
6200,0,1.200000000000000e-01,7.253709934990736e-03,1.127462900650093e-01
6200,1,-8.000000000000000e-02,7.163709934990736e-03,-8.716370993499074e-02
6200,2,5.500000000000000e-02,7.133777434990736e-03,4.786622256500926e-02
6200,3,4.000000000000000e-02,7.062639833740736e-03,3.293736016625926e-02
6200,4,-3.000000000000000e-02,6.961662292093550e-03,-3.696166229209355e-02
6200,5,2.500000000000000e-02,6.883487683071304e-03,1.811651231692870e-02
6200,6,2.000000000000000e-02,6.786856228832892e-03,1.321314377116711e-02
6200,7,-1.800000000000000e-02,6.675659616138551e-03,-2.467565961613855e-02
6200,8,1.500000000000000e-02,6.578546785660856e-03,8.421453214339143e-03
6200,9,1.200000000000000e-02,6.470766632166028e-03,5.529233367833972e-03
6200,10,-1.000000000000000e-02,6.354713994707289e-03,-1.635471399470729e-02
6200,11,8.999999999999999e-03,6.247031752029493e-03,2.752968247970506e-03
6200,12,8.000000000000000e-03,6.133487887853788e-03,1.866512112146212e-03
6200,13,-7.000000000000000e-03,6.014965918455664e-03,-1.301496591845566e-02
6200,14,6.000000000000000e-03,5.902849538259169e-03,9.715046174083117e-05
6200,15,5.000000000000000e-03,5.787410380054738e-03,-7.874103800547382e-04
6200,16,-4.000000000000000e-03,5.669519912380108e-03,-9.669519912380107e-03
6200,17,3.500000000000000e-03,5.556044130317573e-03,-2.056044130317573e-03
6200,18,3.000000000000000e-03,5.441390164476337e-03,-2.441390164476337e-03
6200,19,-2.500000000000000e-03,5.326034027173958e-03,-7.826034027173958e-03
6200,20,2.000000000000000e-03,5.214196714828138e-03,-3.214196714828138e-03
6200,21,1.800000000000000e-03,5.102536962167504e-03,-3.302536962167504e-03
6200,22,-1.500000000000000e-03,4.991285850611276e-03,-6.491285850611275e-03
6200,23,1.200000000000000e-03,4.882995382395724e-03,-3.682995382395724e-03
6200,24,1.000000000000000e-03,4.775672924756892e-03,-3.775672924756892e-03
6200,25,-8.000000000000000e-04,4.669532271355557e-03,-5.469532271355557e-03
6200,26,5.999999999999999e-04,4.565981755205496e-03,-3.965981755205497e-03
6200,27,5.000000000000000e-04,4.464000474120364e-03,-3.964000474120363e-03
6200,28,-4.000000000000000e-04,4.363709313977206e-03,-4.763709313977206e-03
6200,29,3.000000000000000e-04,4.265824268197054e-03,-3.965824268197054e-03
6300,0,1.200000000000000e-01,7.253709934990736e-03,1.127462900650093e-01
6300,1,-8.000000000000000e-02,7.163709934990736e-03,-8.716370993499074e-02
6300,2,5.500000000000000e-02,7.133777434990736e-03,4.786622256500926e-02
6300,3,4.000000000000000e-02,7.062639833740736e-03,3.293736016625926e-02
6300,4,-3.000000000000000e-02,6.961662292093550e-03,-3.696166229209355e-02
6300,5,2.500000000000000e-02,6.883487683071304e-03,1.811651231692870e-02
6300,6,2.000000000000000e-02,6.786856228832892e-03,1.321314377116711e-02
6300,7,-1.800000000000000e-02,6.675659616138551e-03,-2.467565961613855e-02
6300,8,1.500000000000000e-02,6.578546785660856e-03,8.421453214339143e-03
6300,9,1.200000000000000e-02,6.470766632166028e-03,5.529233367833972e-03
6300,10,-1.000000000000000e-02,6.354713994707289e-03,-1.635471399470729e-02
6300,11,8.999999999999999e-03,6.247031752029493e-03,2.752968247970506e-03
6300,12,8.000000000000000e-03,6.133487887853788e-03,1.866512112146212e-03
6300,13,-7.000000000000000e-03,6.014965918455664e-03,-1.301496591845566e-02
6300,14,6.000000000000000e-03,5.902849538259169e-03,9.715046174083117e-05
6300,15,5.000000000000000e-03,5.787410380054738e-03,-7.874103800547382e-04
6300,16,-4.000000000000000e-03,5.669519912380108e-03,-9.669519912380107e-03
6300,17,3.500000000000000e-03,5.556044130317573e-03,-2.056044130317573e-03
6300,18,3.000000000000000e-03,5.441390164476337e-03,-2.441390164476337e-03
6300,19,-2.500000000000000e-03,5.326034027173958e-03,-7.826034027173958e-03
6300,20,2.000000000000000e-03,5.214196714828138e-03,-3.214196714828138e-03
6300,21,1.800000000000000e-03,5.102536962167504e-03,-3.302536962167504e-03
6300,22,-1.500000000000000e-03,4.991285850611276e-03,-6.491285850611275e-03
6300,23,1.200000000000000e-03,4.882995382395724e-03,-3.682995382395724e-03
6300,24,1.000000000000000e-03,4.775672924756892e-03,-3.775672924756892e-03
6300,25,-8.000000000000000e-04,4.669532271355557e-03,-5.469532271355557e-03
6300,26,5.999999999999999e-04,4.565981755205496e-03,-3.965981755205497e-03
6300,27,5.000000000000000e-04,4.464000474120364e-03,-3.964000474120363e-03
6300,28,-4.000000000000000e-04,4.363709313977206e-03,-4.763709313977206e-03
6300,29,3.000000000000000e-04,4.265824268197054e-03,-3.965824268197054e-03
6400,0,1.200000000000000e-01,7.253709934990736e-03,1.127462900650093e-01
6400,1,-8.000000000000000e-02,7.163709934990736e-03,-8.716370993499074e-02
6400,2,5.500000000000000e-02,7.133777434990736e-03,4.786622256500926e-02
6400,3,4.000000000000000e-02,7.062639833740736e-03,3.293736016625926e-02
6400,4,-3.000000000000000e-02,6.961662292093550e-03,-3.696166229209355e-02
6400,5,2.500000000000000e-02,6.883487683071304e-03,1.811651231692870e-02
6400,6,2.000000000000000e-02,6.786856228832892e-03,1.321314377116711e-02
6400,7,-1.800000000000000e-02,6.675659616138551e-03,-2.467565961613855e-02
6400,8,1.500000000000000e-02,6.578546785660856e-03,8.421453214339143e-03
6400,9,1.200000000000000e-02,6.470766632166028e-03,5.529233367833972e-03
6400,10,-1.000000000000000e-02,6.354713994707289e-03,-1.635471399470729e-02
6400,11,8.999999999999999e-03,6.247031752029493e-03,2.752968247970506e-03
6400,12,8.000000000000000e-03,6.133487887853788e-03,1.866512112146212e-03
6400,13,-7.000000000000000e-03,6.014965918455664e-03,-1.301496591845566e-02
6400,14,6.000000000000000e-03,5.902849538259169e-03,9.715046174083117e-05
6400,15,5.000000000000000e-03,5.787410380054738e-03,-7.874103800547382e-04
6400,16,-4.000000000000000e-03,5.669519912380108e-03,-9.669519912380107e-03
6400,17,3.500000000000000e-03,5.556044130317573e-03,-2.056044130317573e-03
6400,18,3.000000000000000e-03,5.441390164476337e-03,-2.441390164476337e-03
6400,19,-2.500000000000000e-03,5.326034027173958e-03,-7.826034027173958e-03
6400,20,2.000000000000000e-03,5.214196714828138e-03,-3.214196714828138e-03
6400,21,1.800000000000000e-03,5.102536962167504e-03,-3.302536962167504e-03
6400,22,-1.500000000000000e-03,4.991285850611276e-03,-6.491285850611275e-03
6400,23,1.200000000000000e-03,4.882995382395724e-03,-3.682995382395724e-03
6400,24,1.000000000000000e-03,4.775672924756892e-03,-3.775672924756892e-03
6400,25,-8.000000000000000e-04,4.669532271355557e-03,-5.469532271355557e-03
6400,26,5.999999999999999e-04,4.565981755205496e-03,-3.965981755205497e-03
6400,27,5.000000000000000e-04,4.464000474120364e-03,-3.964000474120363e-03
6400,28,-4.000000000000000e-04,4.363709313977206e-03,-4.763709313977206e-03
6400,29,3.000000000000000e-04,4.265824268197054e-03,-3.965824268197054e-03
6500,0,1.200000000000000e-01,7.253709934990736e-03,1.127462900650093e-01
6500,1,-8.000000000000000e-02,7.163709934990736e-03,-8.716370993499074e-02
6500,2,5.500000000000000e-02,7.133777434990736e-03,4.786622256500926e-02
6500,3,4.000000000000000e-02,7.062639833740736e-03,3.293736016625926e-02
6500,4,-3.000000000000000e-02,6.961662292093550e-03,-3.696166229209355e-02
6500,5,2.500000000000000e-02,6.883487683071304e-03,1.811651231692870e-02
6500,6,2.000000000000000e-02,6.786856228832892e-03,1.321314377116711e-02
6500,7,-1.800000000000000e-02,6.675659616138551e-03,-2.467565961613855e-02
6500,8,1.500000000000000e-02,6.578546785660856e-03,8.421453214339143e-03
6500,9,1.200000000000000e-02,6.470766632166028e-03,5.529233367833972e-03
6500,10,-1.000000000000000e-02,6.354713994707289e-03,-1.635471399470729e-02
6500,11,8.999999999999999e-03,6.247031752029493e-03,2.752968247970506e-03
6500,12,8.000000000000000e-03,6.133487887853788e-03,1.866512112146212e-03
6500,13,-7.000000000000000e-03,6.014965918455664e-03,-1.301496591845566e-02
6500,14,6.000000000000000e-03,5.902849538259169e-03,9.715046174083117e-05
6500,15,5.000000000000000e-03,5.787410380054738e-03,-7.874103800547382e-04
6500,16,-4.000000000000000e-03,5.669519912380108e-03,-9.669519912380107e-03
6500,17,3.500000000000000e-03,5.556044130317573e-03,-2.056044130317573e-03
6500,18,3.000000000000000e-03,5.441390164476337e-03,-2.441390164476337e-03
6500,19,-2.500000000000000e-03,5.326034027173958e-03,-7.826034027173958e-03
6500,20,2.000000000000000e-03,5.214196714828138e-03,-3.214196714828138e-03
6500,21,1.800000000000000e-03,5.102536962167504e-03,-3.302536962167504e-03
6500,22,-1.500000000000000e-03,4.991285850611276e-03,-6.491285850611275e-03
6500,23,1.200000000000000e-03,4.882995382395724e-03,-3.682995382395724e-03
6500,24,1.000000000000000e-03,4.775672924756892e-03,-3.775672924756892e-03
6500,25,-8.000000000000000e-04,4.669532271355557e-03,-5.469532271355557e-03
6500,26,5.999999999999999e-04,4.565981755205496e-03,-3.965981755205497e-03
6500,27,5.000000000000000e-04,4.464000474120364e-03,-3.964000474120363e-03
6500,28,-4.000000000000000e-04,4.363709313977206e-03,-4.763709313977206e-03
6500,29,3.000000000000000e-04,4.265824268197054e-03,-3.965824268197054e-03
6600,0,1.200000000000000e-01,7.253709934990736e-03,1.127462900650093e-01
6600,1,-8.000000000000000e-02,7.163709934990736e-03,-8.716370993499074e-02
6600,2,5.500000000000000e-02,7.133777434990736e-03,4.786622256500926e-02
6600,3,4.000000000000000e-02,7.062639833740736e-03,3.293736016625926e-02
6600,4,-3.000000000000000e-02,6.961662292093550e-03,-3.696166229209355e-02
6600,5,2.500000000000000e-02,6.883487683071304e-03,1.811651231692870e-02
6600,6,2.000000000000000e-02,6.786856228832892e-03,1.321314377116711e-02
6600,7,-1.800000000000000e-02,6.675659616138551e-03,-2.467565961613855e-02
6600,8,1.500000000000000e-02,6.578546785660856e-03,8.421453214339143e-03
6600,9,1.200000000000000e-02,6.470766632166028e-03,5.529233367833972e-03
6600,10,-1.000000000000000e-02,6.354713994707289e-03,-1.635471399470729e-02
6600,11,8.999999999999999e-03,6.247031752029493e-03,2.752968247970506e-03
6600,12,8.000000000000000e-03,6.133487887853788e-03,1.866512112146212e-03
6600,13,-7.000000000000000e-03,6.014965918455664e-03,-1.301496591845566e-02
6600,14,6.000000000000000e-03,5.902849538259169e-03,9.715046174083117e-05
6600,15,5.000000000000000e-03,5.787410380054738e-03,-7.874103800547382e-04
6600,16,-4.000000000000000e-03,5.669519912380108e-03,-9.669519912380107e-03
6600,17,3.500000000000000e-03,5.556044130317573e-03,-2.056044130317573e-03
6600,18,3.000000000000000e-03,5.441390164476337e-03,-2.441390164476337e-03
6600,19,-2.500000000000000e-03,5.326034027173958e-03,-7.826034027173958e-03
6600,20,2.000000000000000e-03,5.214196714828138e-03,-3.214196714828138e-03
6600,21,1.800000000000000e-03,5.102536962167504e-03,-3.302536962167504e-03
6600,22,-1.500000000000000e-03,4.991285850611276e-03,-6.491285850611275e-03
6600,23,1.200000000000000e-03,4.882995382395724e-03,-3.682995382395724e-03
6600,24,1.000000000000000e-03,4.775672924756892e-03,-3.775672924756892e-03
6600,25,-8.000000000000000e-04,4.669532271355557e-03,-5.469532271355557e-03
6600,26,5.999999999999999e-04,4.565981755205496e-03,-3.965981755205497e-03
6600,27,5.000000000000000e-04,4.464000474120364e-03,-3.964000474120363e-03
6600,28,-4.000000000000000e-04,4.363709313977206e-03,-4.763709313977206e-03
6600,29,3.000000000000000e-04,4.265824268197054e-03,-3.965824268197054e-03
6700,0,1.200000000000000e-01,7.253709934990736e-03,1.127462900650093e-01
6700,1,-8.000000000000000e-02,7.163709934990736e-03,-8.716370993499074e-02
6700,2,5.500000000000000e-02,7.133777434990736e-03,4.786622256500926e-02
6700,3,4.000000000000000e-02,7.062639833740736e-03,3.293736016625926e-02
6700,4,-3.000000000000000e-02,6.961662292093550e-03,-3.696166229209355e-02
6700,5,2.500000000000000e-02,6.883487683071304e-03,1.811651231692870e-02
6700,6,2.000000000000000e-02,6.786856228832892e-03,1.321314377116711e-02
6700,7,-1.800000000000000e-02,6.675659616138551e-03,-2.467565961613855e-02
6700,8,1.500000000000000e-02,6.578546785660856e-03,8.421453214339143e-03
6700,9,1.200000000000000e-02,6.470766632166028e-03,5.529233367833972e-03
6700,10,-1.000000000000000e-02,6.354713994707289e-03,-1.635471399470729e-02
6700,11,8.999999999999999e-03,6.247031752029493e-03,2.752968247970506e-03
6700,12,8.000000000000000e-03,6.133487887853788e-03,1.866512112146212e-03
6700,13,-7.000000000000000e-03,6.014965918455664e-03,-1.301496591845566e-02
6700,14,6.000000000000000e-03,5.902849538259169e-03,9.715046174083117e-05
6700,15,5.000000000000000e-03,5.787410380054738e-03,-7.874103800547382e-04
6700,16,-4.000000000000000e-03,5.669519912380108e-03,-9.669519912380107e-03
6700,17,3.500000000000000e-03,5.556044130317573e-03,-2.056044130317573e-03
6700,18,3.000000000000000e-03,5.441390164476337e-03,-2.441390164476337e-03
6700,19,-2.500000000000000e-03,5.326034027173958e-03,-7.826034027173958e-03
6700,20,2.000000000000000e-03,5.214196714828138e-03,-3.214196714828138e-03
6700,21,1.800000000000000e-03,5.102536962167504e-03,-3.302536962167504e-03
6700,22,-1.500000000000000e-03,4.991285850611276e-03,-6.491285850611275e-03
6700,23,1.200000000000000e-03,4.882995382395724e-03,-3.682995382395724e-03
6700,24,1.000000000000000e-03,4.775672924756892e-03,-3.775672924756892e-03
6700,25,-8.000000000000000e-04,4.669532271355557e-03,-5.469532271355557e-03
6700,26,5.999999999999999e-04,4.565981755205496e-03,-3.965981755205497e-03
6700,27,5.000000000000000e-04,4.464000474120364e-03,-3.964000474120363e-03
6700,28,-4.000000000000000e-04,4.363709313977206e-03,-4.763709313977206e-03
6700,29,3.000000000000000e-04,4.265824268197054e-03,-3.965824268197054e-03
6800,0,1.200000000000000e-01,7.253709934990736e-03,1.127462900650093e-01
6800,1,-8.000000000000000e-02,7.163709934990736e-03,-8.716370993499074e-02
6800,2,5.500000000000000e-02,7.133777434990736e-03,4.786622256500926e-02
6800,3,4.000000000000000e-02,7.062639833740736e-03,3.293736016625926e-02
6800,4,-3.000000000000000e-02,6.961662292093550e-03,-3.696166229209355e-02
6800,5,2.500000000000000e-02,6.883487683071304e-03,1.811651231692870e-02
6800,6,2.000000000000000e-02,6.786856228832892e-03,1.321314377116711e-02
6800,7,-1.800000000000000e-02,6.675659616138551e-03,-2.467565961613855e-02
6800,8,1.500000000000000e-02,6.578546785660856e-03,8.421453214339143e-03
6800,9,1.200000000000000e-02,6.470766632166028e-03,5.529233367833972e-03
6800,10,-1.000000000000000e-02,6.354713994707289e-03,-1.635471399470729e-02
6800,11,8.999999999999999e-03,6.247031752029493e-03,2.752968247970506e-03
6800,12,8.000000000000000e-03,6.133487887853788e-03,1.866512112146212e-03
6800,13,-7.000000000000000e-03,6.014965918455664e-03,-1.301496591845566e-02
6800,14,6.000000000000000e-03,5.902849538259169e-03,9.715046174083117e-05
6800,15,5.000000000000000e-03,5.787410380054738e-03,-7.874103800547382e-04
6800,16,-4.000000000000000e-03,5.669519912380108e-03,-9.669519912380107e-03
6800,17,3.500000000000000e-03,5.556044130317573e-03,-2.056044130317573e-03
6800,18,3.000000000000000e-03,5.441390164476337e-03,-2.441390164476337e-03
6800,19,-2.500000000000000e-03,5.326034027173958e-03,-7.826034027173958e-03
6800,20,2.000000000000000e-03,5.214196714828138e-03,-3.214196714828138e-03
6800,21,1.800000000000000e-03,5.102536962167504e-03,-3.302536962167504e-03
6800,22,-1.500000000000000e-03,4.991285850611276e-03,-6.491285850611275e-03
6800,23,1.200000000000000e-03,4.882995382395724e-03,-3.682995382395724e-03
6800,24,1.000000000000000e-03,4.775672924756892e-03,-3.775672924756892e-03
6800,25,-8.000000000000000e-04,4.669532271355557e-03,-5.469532271355557e-03
6800,26,5.999999999999999e-04,4.565981755205496e-03,-3.965981755205497e-03
6800,27,5.000000000000000e-04,4.464000474120364e-03,-3.964000474120363e-03
6800,28,-4.000000000000000e-04,4.363709313977206e-03,-4.763709313977206e-03
6800,29,3.000000000000000e-04,4.265824268197054e-03,-3.965824268197054e-03
6900,0,1.200000000000000e-01,7.253709934990736e-03,1.127462900650093e-01
6900,1,-8.000000000000000e-02,7.163709934990736e-03,-8.716370993499074e-02
6900,2,5.500000000000000e-02,7.133777434990736e-03,4.786622256500926e-02
6900,3,4.000000000000000e-02,7.062639833740736e-03,3.293736016625926e-02
6900,4,-3.000000000000000e-02,6.961662292093550e-03,-3.696166229209355e-02
6900,5,2.500000000000000e-02,6.883487683071304e-03,1.811651231692870e-02
6900,6,2.000000000000000e-02,6.786856228832892e-03,1.321314377116711e-02
6900,7,-1.800000000000000e-02,6.675659616138551e-03,-2.467565961613855e-02
6900,8,1.500000000000000e-02,6.578546785660856e-03,8.421453214339143e-03
6900,9,1.200000000000000e-02,6.470766632166028e-03,5.529233367833972e-03
6900,10,-1.000000000000000e-02,6.354713994707289e-03,-1.635471399470729e-02
6900,11,8.999999999999999e-03,6.247031752029493e-03,2.752968247970506e-03
6900,12,8.000000000000000e-03,6.133487887853788e-03,1.866512112146212e-03
6900,13,-7.000000000000000e-03,6.014965918455664e-03,-1.301496591845566e-02
6900,14,6.000000000000000e-03,5.902849538259169e-03,9.715046174083117e-05
6900,15,5.000000000000000e-03,5.787410380054738e-03,-7.874103800547382e-04
6900,16,-4.000000000000000e-03,5.669519912380108e-03,-9.669519912380107e-03
6900,17,3.500000000000000e-03,5.556044130317573e-03,-2.056044130317573e-03
6900,18,3.000000000000000e-03,5.441390164476337e-03,-2.441390164476337e-03
6900,19,-2.500000000000000e-03,5.326034027173958e-03,-7.826034027173958e-03
6900,20,2.000000000000000e-03,5.214196714828138e-03,-3.214196714828138e-03
6900,21,1.800000000000000e-03,5.102536962167504e-03,-3.302536962167504e-03
6900,22,-1.500000000000000e-03,4.991285850611276e-03,-6.491285850611275e-03
6900,23,1.200000000000000e-03,4.882995382395724e-03,-3.682995382395724e-03
6900,24,1.000000000000000e-03,4.775672924756892e-03,-3.775672924756892e-03
6900,25,-8.000000000000000e-04,4.669532271355557e-03,-5.469532271355557e-03
6900,26,5.999999999999999e-04,4.565981755205496e-03,-3.965981755205497e-03
6900,27,5.000000000000000e-04,4.464000474120364e-03,-3.964000474120363e-03
6900,28,-4.000000000000000e-04,4.363709313977206e-03,-4.763709313977206e-03
6900,29,3.000000000000000e-04,4.265824268197054e-03,-3.965824268197054e-03
7000,0,1.200000000000000e-01,7.253709934990736e-03,1.127462900650093e-01
7000,1,-8.000000000000000e-02,7.163709934990736e-03,-8.716370993499074e-02
7000,2,5.500000000000000e-02,7.133777434990736e-03,4.786622256500926e-02
7000,3,4.000000000000000e-02,7.062639833740736e-03,3.293736016625926e-02
7000,4,-3.000000000000000e-02,6.961662292093550e-03,-3.696166229209355e-02
7000,5,2.500000000000000e-02,6.883487683071304e-03,1.811651231692870e-02
7000,6,2.000000000000000e-02,6.786856228832892e-03,1.321314377116711e-02
7000,7,-1.800000000000000e-02,6.675659616138551e-03,-2.467565961613855e-02
7000,8,1.500000000000000e-02,6.578546785660856e-03,8.421453214339143e-03
7000,9,1.200000000000000e-02,6.470766632166028e-03,5.529233367833972e-03
7000,10,-1.000000000000000e-02,6.354713994707289e-03,-1.635471399470729e-02
7000,11,8.999999999999999e-03,6.247031752029493e-03,2.752968247970506e-03
7000,12,8.000000000000000e-03,6.133487887853788e-03,1.866512112146212e-03
7000,13,-7.000000000000000e-03,6.014965918455664e-03,-1.301496591845566e-02
7000,14,6.000000000000000e-03,5.902849538259169e-03,9.715046174083117e-05
7000,15,5.000000000000000e-03,5.787410380054738e-03,-7.874103800547382e-04
7000,16,-4.000000000000000e-03,5.669519912380108e-03,-9.669519912380107e-03
7000,17,3.500000000000000e-03,5.556044130317573e-03,-2.056044130317573e-03
7000,18,3.000000000000000e-03,5.441390164476337e-03,-2.441390164476337e-03
7000,19,-2.500000000000000e-03,5.326034027173958e-03,-7.826034027173958e-03
7000,20,2.000000000000000e-03,5.214196714828138e-03,-3.214196714828138e-03
7000,21,1.800000000000000e-03,5.102536962167504e-03,-3.302536962167504e-03
7000,22,-1.500000000000000e-03,4.991285850611276e-03,-6.491285850611275e-03
7000,23,1.200000000000000e-03,4.882995382395724e-03,-3.682995382395724e-03
7000,24,1.000000000000000e-03,4.775672924756892e-03,-3.775672924756892e-03
7000,25,-8.000000000000000e-04,4.669532271355557e-03,-5.469532271355557e-03
7000,26,5.999999999999999e-04,4.565981755205496e-03,-3.965981755205497e-03
7000,27,5.000000000000000e-04,4.464000474120364e-03,-3.964000474120363e-03
7000,28,-4.000000000000000e-04,4.363709313977206e-03,-4.763709313977206e-03
7000,29,3.000000000000000e-04,4.265824268197054e-03,-3.965824268197054e-03
7100,0,1.200000000000000e-01,7.253709934990736e-03,1.127462900650093e-01
7100,1,-8.000000000000000e-02,7.163709934990736e-03,-8.716370993499074e-02
7100,2,5.500000000000000e-02,7.133777434990736e-03,4.786622256500926e-02
7100,3,4.000000000000000e-02,7.062639833740736e-03,3.293736016625926e-02
7100,4,-3.000000000000000e-02,6.961662292093550e-03,-3.696166229209355e-02
7100,5,2.500000000000000e-02,6.883487683071304e-03,1.811651231692870e-02
7100,6,2.000000000000000e-02,6.786856228832892e-03,1.321314377116711e-02
7100,7,-1.800000000000000e-02,6.675659616138551e-03,-2.467565961613855e-02
7100,8,1.500000000000000e-02,6.578546785660856e-03,8.421453214339143e-03
7100,9,1.200000000000000e-02,6.470766632166028e-03,5.529233367833972e-03
7100,10,-1.000000000000000e-02,6.354713994707289e-03,-1.635471399470729e-02
7100,11,8.999999999999999e-03,6.247031752029493e-03,2.752968247970506e-03
7100,12,8.000000000000000e-03,6.133487887853788e-03,1.866512112146212e-03
7100,13,-7.000000000000000e-03,6.014965918455664e-03,-1.301496591845566e-02
7100,14,6.000000000000000e-03,5.902849538259169e-03,9.715046174083117e-05
7100,15,5.000000000000000e-03,5.787410380054738e-03,-7.874103800547382e-04
7100,16,-4.000000000000000e-03,5.669519912380108e-03,-9.669519912380107e-03
7100,17,3.500000000000000e-03,5.556044130317573e-03,-2.056044130317573e-03
7100,18,3.000000000000000e-03,5.441390164476337e-03,-2.441390164476337e-03
7100,19,-2.500000000000000e-03,5.326034027173958e-03,-7.826034027173958e-03
7100,20,2.000000000000000e-03,5.214196714828138e-03,-3.214196714828138e-03
7100,21,1.800000000000000e-03,5.102536962167504e-03,-3.302536962167504e-03
7100,22,-1.500000000000000e-03,4.991285850611276e-03,-6.491285850611275e-03
7100,23,1.200000000000000e-03,4.882995382395724e-03,-3.682995382395724e-03
7100,24,1.000000000000000e-03,4.775672924756892e-03,-3.775672924756892e-03
7100,25,-8.000000000000000e-04,4.669532271355557e-03,-5.469532271355557e-03
7100,26,5.999999999999999e-04,4.565981755205496e-03,-3.965981755205497e-03
7100,27,5.000000000000000e-04,4.464000474120364e-03,-3.964000474120363e-03
7100,28,-4.000000000000000e-04,4.363709313977206e-03,-4.763709313977206e-03
7100,29,3.000000000000000e-04,4.265824268197054e-03,-3.965824268197054e-03
7200,0,1.200000000000000e-01,7.253709934990736e-03,1.127462900650093e-01
7200,1,-8.000000000000000e-02,7.163709934990736e-03,-8.716370993499074e-02
7200,2,5.500000000000000e-02,7.133777434990736e-03,4.786622256500926e-02
7200,3,4.000000000000000e-02,7.062639833740736e-03,3.293736016625926e-02
7200,4,-3.000000000000000e-02,6.961662292093550e-03,-3.696166229209355e-02
7200,5,2.500000000000000e-02,6.883487683071304e-03,1.811651231692870e-02
7200,6,2.000000000000000e-02,6.786856228832892e-03,1.321314377116711e-02
7200,7,-1.800000000000000e-02,6.675659616138551e-03,-2.467565961613855e-02
7200,8,1.500000000000000e-02,6.578546785660856e-03,8.421453214339143e-03
7200,9,1.200000000000000e-02,6.470766632166028e-03,5.529233367833972e-03
7200,10,-1.000000000000000e-02,6.354713994707289e-03,-1.635471399470729e-02
7200,11,8.999999999999999e-03,6.247031752029493e-03,2.752968247970506e-03
7200,12,8.000000000000000e-03,6.133487887853788e-03,1.866512112146212e-03
7200,13,-7.000000000000000e-03,6.014965918455664e-03,-1.301496591845566e-02
7200,14,6.000000000000000e-03,5.902849538259169e-03,9.715046174083117e-05
7200,15,5.000000000000000e-03,5.787410380054738e-03,-7.874103800547382e-04
7200,16,-4.000000000000000e-03,5.669519912380108e-03,-9.669519912380107e-03
7200,17,3.500000000000000e-03,5.556044130317573e-03,-2.056044130317573e-03
7200,18,3.000000000000000e-03,5.441390164476337e-03,-2.441390164476337e-03
7200,19,-2.500000000000000e-03,5.326034027173958e-03,-7.826034027173958e-03
7200,20,2.000000000000000e-03,5.214196714828138e-03,-3.214196714828138e-03
7200,21,1.800000000000000e-03,5.102536962167504e-03,-3.302536962167504e-03
7200,22,-1.500000000000000e-03,4.991285850611276e-03,-6.491285850611275e-03
7200,23,1.200000000000000e-03,4.882995382395724e-03,-3.682995382395724e-03
7200,24,1.000000000000000e-03,4.775672924756892e-03,-3.775672924756892e-03
7200,25,-8.000000000000000e-04,4.669532271355557e-03,-5.469532271355557e-03
7200,26,5.999999999999999e-04,4.565981755205496e-03,-3.965981755205497e-03
7200,27,5.000000000000000e-04,4.464000474120364e-03,-3.964000474120363e-03
7200,28,-4.000000000000000e-04,4.363709313977206e-03,-4.763709313977206e-03
7200,29,3.000000000000000e-04,4.265824268197054e-03,-3.965824268197054e-03
7300,0,1.200000000000000e-01,7.253709934990736e-03,1.127462900650093e-01
7300,1,-8.000000000000000e-02,7.163709934990736e-03,-8.716370993499074e-02
7300,2,5.500000000000000e-02,7.133777434990736e-03,4.786622256500926e-02
7300,3,4.000000000000000e-02,7.062639833740736e-03,3.293736016625926e-02
7300,4,-3.000000000000000e-02,6.961662292093550e-03,-3.696166229209355e-02
7300,5,2.500000000000000e-02,6.883487683071304e-03,1.811651231692870e-02
7300,6,2.000000000000000e-02,6.786856228832892e-03,1.321314377116711e-02
7300,7,-1.800000000000000e-02,6.675659616138551e-03,-2.467565961613855e-02
7300,8,1.500000000000000e-02,6.578546785660856e-03,8.421453214339143e-03
7300,9,1.200000000000000e-02,6.470766632166028e-03,5.529233367833972e-03
7300,10,-1.000000000000000e-02,6.354713994707289e-03,-1.635471399470729e-02
7300,11,8.999999999999999e-03,6.247031752029493e-03,2.752968247970506e-03
7300,12,8.000000000000000e-03,6.133487887853788e-03,1.866512112146212e-03
7300,13,-7.000000000000000e-03,6.014965918455664e-03,-1.301496591845566e-02
7300,14,6.000000000000000e-03,5.902849538259169e-03,9.715046174083117e-05
7300,15,5.000000000000000e-03,5.787410380054738e-03,-7.874103800547382e-04
7300,16,-4.000000000000000e-03,5.669519912380108e-03,-9.669519912380107e-03
7300,17,3.500000000000000e-03,5.556044130317573e-03,-2.056044130317573e-03
7300,18,3.000000000000000e-03,5.441390164476337e-03,-2.441390164476337e-03
7300,19,-2.500000000000000e-03,5.326034027173958e-03,-7.826034027173958e-03
7300,20,2.000000000000000e-03,5.214196714828138e-03,-3.214196714828138e-03
7300,21,1.800000000000000e-03,5.102536962167504e-03,-3.302536962167504e-03
7300,22,-1.500000000000000e-03,4.991285850611276e-03,-6.491285850611275e-03
7300,23,1.200000000000000e-03,4.882995382395724e-03,-3.682995382395724e-03
7300,24,1.000000000000000e-03,4.775672924756892e-03,-3.775672924756892e-03
7300,25,-8.000000000000000e-04,4.669532271355557e-03,-5.469532271355557e-03
7300,26,5.999999999999999e-04,4.565981755205496e-03,-3.965981755205497e-03
7300,27,5.000000000000000e-04,4.464000474120364e-03,-3.964000474120363e-03
7300,28,-4.000000000000000e-04,4.363709313977206e-03,-4.763709313977206e-03
7300,29,3.000000000000000e-04,4.265824268197054e-03,-3.965824268197054e-03
7400,0,1.200000000000000e-01,7.253709934990736e-03,1.127462900650093e-01
7400,1,-8.000000000000000e-02,7.163709934990736e-03,-8.716370993499074e-02
7400,2,5.500000000000000e-02,7.133777434990736e-03,4.786622256500926e-02
7400,3,4.000000000000000e-02,7.062639833740736e-03,3.293736016625926e-02
7400,4,-3.000000000000000e-02,6.961662292093550e-03,-3.696166229209355e-02
7400,5,2.500000000000000e-02,6.883487683071304e-03,1.811651231692870e-02
7400,6,2.000000000000000e-02,6.786856228832892e-03,1.321314377116711e-02
7400,7,-1.800000000000000e-02,6.675659616138551e-03,-2.467565961613855e-02
7400,8,1.500000000000000e-02,6.578546785660856e-03,8.421453214339143e-03
7400,9,1.200000000000000e-02,6.470766632166028e-03,5.529233367833972e-03
7400,10,-1.000000000000000e-02,6.354713994707289e-03,-1.635471399470729e-02
7400,11,8.999999999999999e-03,6.247031752029493e-03,2.752968247970506e-03
7400,12,8.000000000000000e-03,6.133487887853788e-03,1.866512112146212e-03
7400,13,-7.000000000000000e-03,6.014965918455664e-03,-1.301496591845566e-02
7400,14,6.000000000000000e-03,5.902849538259169e-03,9.715046174083117e-05
7400,15,5.000000000000000e-03,5.787410380054738e-03,-7.874103800547382e-04
7400,16,-4.000000000000000e-03,5.669519912380108e-03,-9.669519912380107e-03
7400,17,3.500000000000000e-03,5.556044130317573e-03,-2.056044130317573e-03
7400,18,3.000000000000000e-03,5.441390164476337e-03,-2.441390164476337e-03
7400,19,-2.500000000000000e-03,5.326034027173958e-03,-7.826034027173958e-03
7400,20,2.000000000000000e-03,5.214196714828138e-03,-3.214196714828138e-03
7400,21,1.800000000000000e-03,5.102536962167504e-03,-3.302536962167504e-03
7400,22,-1.500000000000000e-03,4.991285850611276e-03,-6.491285850611275e-03
7400,23,1.200000000000000e-03,4.882995382395724e-03,-3.682995382395724e-03
7400,24,1.000000000000000e-03,4.775672924756892e-03,-3.775672924756892e-03
7400,25,-8.000000000000000e-04,4.669532271355557e-03,-5.469532271355557e-03
7400,26,5.999999999999999e-04,4.565981755205496e-03,-3.965981755205497e-03
7400,27,5.000000000000000e-04,4.464000474120364e-03,-3.964000474120363e-03
7400,28,-4.000000000000000e-04,4.363709313977206e-03,-4.763709313977206e-03
7400,29,3.000000000000000e-04,4.265824268197054e-03,-3.965824268197054e-03
7500,0,1.200000000000000e-01,7.253709934990736e-03,1.127462900650093e-01
7500,1,-8.000000000000000e-02,7.163709934990736e-03,-8.716370993499074e-02
7500,2,5.500000000000000e-02,7.133777434990736e-03,4.786622256500926e-02
7500,3,4.000000000000000e-02,7.062639833740736e-03,3.293736016625926e-02
7500,4,-3.000000000000000e-02,6.961662292093550e-03,-3.696166229209355e-02
7500,5,2.500000000000000e-02,6.883487683071304e-03,1.811651231692870e-02
7500,6,2.000000000000000e-02,6.786856228832892e-03,1.321314377116711e-02
7500,7,-1.800000000000000e-02,6.675659616138551e-03,-2.467565961613855e-02
7500,8,1.500000000000000e-02,6.578546785660856e-03,8.421453214339143e-03
7500,9,1.200000000000000e-02,6.470766632166028e-03,5.529233367833972e-03
7500,10,-1.000000000000000e-02,6.354713994707289e-03,-1.635471399470729e-02
7500,11,8.999999999999999e-03,6.247031752029493e-03,2.752968247970506e-03
7500,12,8.000000000000000e-03,6.133487887853788e-03,1.866512112146212e-03
7500,13,-7.000000000000000e-03,6.014965918455664e-03,-1.301496591845566e-02
7500,14,6.000000000000000e-03,5.902849538259169e-03,9.715046174083117e-05
7500,15,5.000000000000000e-03,5.787410380054738e-03,-7.874103800547382e-04
7500,16,-4.000000000000000e-03,5.669519912380108e-03,-9.669519912380107e-03
7500,17,3.500000000000000e-03,5.556044130317573e-03,-2.056044130317573e-03
7500,18,3.000000000000000e-03,5.441390164476337e-03,-2.441390164476337e-03
7500,19,-2.500000000000000e-03,5.326034027173958e-03,-7.826034027173958e-03
7500,20,2.000000000000000e-03,5.214196714828138e-03,-3.214196714828138e-03
7500,21,1.800000000000000e-03,5.102536962167504e-03,-3.302536962167504e-03
7500,22,-1.500000000000000e-03,4.991285850611276e-03,-6.491285850611275e-03
7500,23,1.200000000000000e-03,4.882995382395724e-03,-3.682995382395724e-03
7500,24,1.000000000000000e-03,4.775672924756892e-03,-3.775672924756892e-03
7500,25,-8.000000000000000e-04,4.669532271355557e-03,-5.469532271355557e-03
7500,26,5.999999999999999e-04,4.565981755205496e-03,-3.965981755205497e-03
7500,27,5.000000000000000e-04,4.464000474120364e-03,-3.964000474120363e-03
7500,28,-4.000000000000000e-04,4.363709313977206e-03,-4.763709313977206e-03
7500,29,3.000000000000000e-04,4.265824268197054e-03,-3.965824268197054e-03
7600,0,1.200000000000000e-01,7.253709934990736e-03,1.127462900650093e-01
7600,1,-8.000000000000000e-02,7.163709934990736e-03,-8.716370993499074e-02
7600,2,5.500000000000000e-02,7.133777434990736e-03,4.786622256500926e-02
7600,3,4.000000000000000e-02,7.062639833740736e-03,3.293736016625926e-02
7600,4,-3.000000000000000e-02,6.961662292093550e-03,-3.696166229209355e-02
7600,5,2.500000000000000e-02,6.883487683071304e-03,1.811651231692870e-02
7600,6,2.000000000000000e-02,6.786856228832892e-03,1.321314377116711e-02
7600,7,-1.800000000000000e-02,6.675659616138551e-03,-2.467565961613855e-02
7600,8,1.500000000000000e-02,6.578546785660856e-03,8.421453214339143e-03
7600,9,1.200000000000000e-02,6.470766632166028e-03,5.529233367833972e-03
7600,10,-1.000000000000000e-02,6.354713994707289e-03,-1.635471399470729e-02
7600,11,8.999999999999999e-03,6.247031752029493e-03,2.752968247970506e-03
7600,12,8.000000000000000e-03,6.133487887853788e-03,1.866512112146212e-03
7600,13,-7.000000000000000e-03,6.014965918455664e-03,-1.301496591845566e-02
7600,14,6.000000000000000e-03,5.902849538259169e-03,9.715046174083117e-05
7600,15,5.000000000000000e-03,5.787410380054738e-03,-7.874103800547382e-04
7600,16,-4.000000000000000e-03,5.669519912380108e-03,-9.669519912380107e-03
7600,17,3.500000000000000e-03,5.556044130317573e-03,-2.056044130317573e-03
7600,18,3.000000000000000e-03,5.441390164476337e-03,-2.441390164476337e-03
7600,19,-2.500000000000000e-03,5.326034027173958e-03,-7.826034027173958e-03
7600,20,2.000000000000000e-03,5.214196714828138e-03,-3.214196714828138e-03
7600,21,1.800000000000000e-03,5.102536962167504e-03,-3.302536962167504e-03
7600,22,-1.500000000000000e-03,4.991285850611276e-03,-6.491285850611275e-03
7600,23,1.200000000000000e-03,4.882995382395724e-03,-3.682995382395724e-03
7600,24,1.000000000000000e-03,4.775672924756892e-03,-3.775672924756892e-03
7600,25,-8.000000000000000e-04,4.669532271355557e-03,-5.469532271355557e-03
7600,26,5.999999999999999e-04,4.565981755205496e-03,-3.965981755205497e-03
7600,27,5.000000000000000e-04,4.464000474120364e-03,-3.964000474120363e-03
7600,28,-4.000000000000000e-04,4.363709313977206e-03,-4.763709313977206e-03
7600,29,3.000000000000000e-04,4.265824268197054e-03,-3.965824268197054e-03
7700,0,1.200000000000000e-01,7.253709934990736e-03,1.127462900650093e-01
7700,1,-8.000000000000000e-02,7.163709934990736e-03,-8.716370993499074e-02
7700,2,5.500000000000000e-02,7.133777434990736e-03,4.786622256500926e-02
7700,3,4.000000000000000e-02,7.062639833740736e-03,3.293736016625926e-02
7700,4,-3.000000000000000e-02,6.961662292093550e-03,-3.696166229209355e-02
7700,5,2.500000000000000e-02,6.883487683071304e-03,1.811651231692870e-02
7700,6,2.000000000000000e-02,6.786856228832892e-03,1.321314377116711e-02
7700,7,-1.800000000000000e-02,6.675659616138551e-03,-2.467565961613855e-02
7700,8,1.500000000000000e-02,6.578546785660856e-03,8.421453214339143e-03
7700,9,1.200000000000000e-02,6.470766632166028e-03,5.529233367833972e-03
7700,10,-1.000000000000000e-02,6.354713994707289e-03,-1.635471399470729e-02
7700,11,8.999999999999999e-03,6.247031752029493e-03,2.752968247970506e-03
7700,12,8.000000000000000e-03,6.133487887853788e-03,1.866512112146212e-03
7700,13,-7.000000000000000e-03,6.014965918455664e-03,-1.301496591845566e-02
7700,14,6.000000000000000e-03,5.902849538259169e-03,9.715046174083117e-05
7700,15,5.000000000000000e-03,5.787410380054738e-03,-7.874103800547382e-04
7700,16,-4.000000000000000e-03,5.669519912380108e-03,-9.669519912380107e-03
7700,17,3.500000000000000e-03,5.556044130317573e-03,-2.056044130317573e-03
7700,18,3.000000000000000e-03,5.441390164476337e-03,-2.441390164476337e-03
7700,19,-2.500000000000000e-03,5.326034027173958e-03,-7.826034027173958e-03
7700,20,2.000000000000000e-03,5.214196714828138e-03,-3.214196714828138e-03
7700,21,1.800000000000000e-03,5.102536962167504e-03,-3.302536962167504e-03
7700,22,-1.500000000000000e-03,4.991285850611276e-03,-6.491285850611275e-03
7700,23,1.200000000000000e-03,4.882995382395724e-03,-3.682995382395724e-03
7700,24,1.000000000000000e-03,4.775672924756892e-03,-3.775672924756892e-03
7700,25,-8.000000000000000e-04,4.669532271355557e-03,-5.469532271355557e-03
7700,26,5.999999999999999e-04,4.565981755205496e-03,-3.965981755205497e-03
7700,27,5.000000000000000e-04,4.464000474120364e-03,-3.964000474120363e-03
7700,28,-4.000000000000000e-04,4.363709313977206e-03,-4.763709313977206e-03
7700,29,3.000000000000000e-04,4.265824268197054e-03,-3.965824268197054e-03
7800,0,1.200000000000000e-01,7.253709934990736e-03,1.127462900650093e-01
7800,1,-8.000000000000000e-02,7.163709934990736e-03,-8.716370993499074e-02
7800,2,5.500000000000000e-02,7.133777434990736e-03,4.786622256500926e-02
7800,3,4.000000000000000e-02,7.062639833740736e-03,3.293736016625926e-02
7800,4,-3.000000000000000e-02,6.961662292093550e-03,-3.696166229209355e-02
7800,5,2.500000000000000e-02,6.883487683071304e-03,1.811651231692870e-02
7800,6,2.000000000000000e-02,6.786856228832892e-03,1.321314377116711e-02
7800,7,-1.800000000000000e-02,6.675659616138551e-03,-2.467565961613855e-02
7800,8,1.500000000000000e-02,6.578546785660856e-03,8.421453214339143e-03
7800,9,1.200000000000000e-02,6.470766632166028e-03,5.529233367833972e-03
7800,10,-1.000000000000000e-02,6.354713994707289e-03,-1.635471399470729e-02
7800,11,8.999999999999999e-03,6.247031752029493e-03,2.752968247970506e-03
7800,12,8.000000000000000e-03,6.133487887853788e-03,1.866512112146212e-03
7800,13,-7.000000000000000e-03,6.014965918455664e-03,-1.301496591845566e-02
7800,14,6.000000000000000e-03,5.902849538259169e-03,9.715046174083117e-05
7800,15,5.000000000000000e-03,5.787410380054738e-03,-7.874103800547382e-04
7800,16,-4.000000000000000e-03,5.669519912380108e-03,-9.669519912380107e-03
7800,17,3.500000000000000e-03,5.556044130317573e-03,-2.056044130317573e-03
7800,18,3.000000000000000e-03,5.441390164476337e-03,-2.441390164476337e-03
7800,19,-2.500000000000000e-03,5.326034027173958e-03,-7.826034027173958e-03
7800,20,2.000000000000000e-03,5.214196714828138e-03,-3.214196714828138e-03
7800,21,1.800000000000000e-03,5.102536962167504e-03,-3.302536962167504e-03
7800,22,-1.500000000000000e-03,4.991285850611276e-03,-6.491285850611275e-03
7800,23,1.200000000000000e-03,4.882995382395724e-03,-3.682995382395724e-03
7800,24,1.000000000000000e-03,4.775672924756892e-03,-3.775672924756892e-03
7800,25,-8.000000000000000e-04,4.669532271355557e-03,-5.469532271355557e-03
7800,26,5.999999999999999e-04,4.565981755205496e-03,-3.965981755205497e-03
7800,27,5.000000000000000e-04,4.464000474120364e-03,-3.964000474120363e-03
7800,28,-4.000000000000000e-04,4.363709313977206e-03,-4.763709313977206e-03
7800,29,3.000000000000000e-04,4.265824268197054e-03,-3.965824268197054e-03
7900,0,1.200000000000000e-01,7.253709934990736e-03,1.127462900650093e-01
7900,1,-8.000000000000000e-02,7.163709934990736e-03,-8.716370993499074e-02
7900,2,5.500000000000000e-02,7.133777434990736e-03,4.786622256500926e-02
7900,3,4.000000000000000e-02,7.062639833740736e-03,3.293736016625926e-02
7900,4,-3.000000000000000e-02,6.961662292093550e-03,-3.696166229209355e-02
7900,5,2.500000000000000e-02,6.883487683071304e-03,1.811651231692870e-02
7900,6,2.000000000000000e-02,6.786856228832892e-03,1.321314377116711e-02
7900,7,-1.800000000000000e-02,6.675659616138551e-03,-2.467565961613855e-02
7900,8,1.500000000000000e-02,6.578546785660856e-03,8.421453214339143e-03
7900,9,1.200000000000000e-02,6.470766632166028e-03,5.529233367833972e-03
7900,10,-1.000000000000000e-02,6.354713994707289e-03,-1.635471399470729e-02
7900,11,8.999999999999999e-03,6.247031752029493e-03,2.752968247970506e-03
7900,12,8.000000000000000e-03,6.133487887853788e-03,1.866512112146212e-03
7900,13,-7.000000000000000e-03,6.014965918455664e-03,-1.301496591845566e-02
7900,14,6.000000000000000e-03,5.902849538259169e-03,9.715046174083117e-05
7900,15,5.000000000000000e-03,5.787410380054738e-03,-7.874103800547382e-04
7900,16,-4.000000000000000e-03,5.669519912380108e-03,-9.669519912380107e-03
7900,17,3.500000000000000e-03,5.556044130317573e-03,-2.056044130317573e-03
7900,18,3.000000000000000e-03,5.441390164476337e-03,-2.441390164476337e-03
7900,19,-2.500000000000000e-03,5.326034027173958e-03,-7.826034027173958e-03
7900,20,2.000000000000000e-03,5.214196714828138e-03,-3.214196714828138e-03
7900,21,1.800000000000000e-03,5.102536962167504e-03,-3.302536962167504e-03
7900,22,-1.500000000000000e-03,4.991285850611276e-03,-6.491285850611275e-03
7900,23,1.200000000000000e-03,4.882995382395724e-03,-3.682995382395724e-03
7900,24,1.000000000000000e-03,4.775672924756892e-03,-3.775672924756892e-03
7900,25,-8.000000000000000e-04,4.669532271355557e-03,-5.469532271355557e-03
7900,26,5.999999999999999e-04,4.565981755205496e-03,-3.965981755205497e-03
7900,27,5.000000000000000e-04,4.464000474120364e-03,-3.964000474120363e-03
7900,28,-4.000000000000000e-04,4.363709313977206e-03,-4.763709313977206e-03
7900,29,3.000000000000000e-04,4.265824268197054e-03,-3.965824268197054e-03
8000,0,1.200000000000000e-01,7.253709934990736e-03,1.127462900650093e-01
8000,1,-8.000000000000000e-02,7.163709934990736e-03,-8.716370993499074e-02
8000,2,5.500000000000000e-02,7.133777434990736e-03,4.786622256500926e-02
8000,3,4.000000000000000e-02,7.062639833740736e-03,3.293736016625926e-02
8000,4,-3.000000000000000e-02,6.961662292093550e-03,-3.696166229209355e-02
8000,5,2.500000000000000e-02,6.883487683071304e-03,1.811651231692870e-02
8000,6,2.000000000000000e-02,6.786856228832892e-03,1.321314377116711e-02
8000,7,-1.800000000000000e-02,6.675659616138551e-03,-2.467565961613855e-02
8000,8,1.500000000000000e-02,6.578546785660856e-03,8.421453214339143e-03
8000,9,1.200000000000000e-02,6.470766632166028e-03,5.529233367833972e-03
8000,10,-1.000000000000000e-02,6.354713994707289e-03,-1.635471399470729e-02
8000,11,8.999999999999999e-03,6.247031752029493e-03,2.752968247970506e-03
8000,12,8.000000000000000e-03,6.133487887853788e-03,1.866512112146212e-03
8000,13,-7.000000000000000e-03,6.014965918455664e-03,-1.301496591845566e-02
8000,14,6.000000000000000e-03,5.902849538259169e-03,9.715046174083117e-05
8000,15,5.000000000000000e-03,5.787410380054738e-03,-7.874103800547382e-04
8000,16,-4.000000000000000e-03,5.669519912380108e-03,-9.669519912380107e-03
8000,17,3.500000000000000e-03,5.556044130317573e-03,-2.056044130317573e-03
8000,18,3.000000000000000e-03,5.441390164476337e-03,-2.441390164476337e-03
8000,19,-2.500000000000000e-03,5.326034027173958e-03,-7.826034027173958e-03
8000,20,2.000000000000000e-03,5.214196714828138e-03,-3.214196714828138e-03
8000,21,1.800000000000000e-03,5.102536962167504e-03,-3.302536962167504e-03
8000,22,-1.500000000000000e-03,4.991285850611276e-03,-6.491285850611275e-03
8000,23,1.200000000000000e-03,4.882995382395724e-03,-3.682995382395724e-03
8000,24,1.000000000000000e-03,4.775672924756892e-03,-3.775672924756892e-03
8000,25,-8.000000000000000e-04,4.669532271355557e-03,-5.469532271355557e-03
8000,26,5.999999999999999e-04,4.565981755205496e-03,-3.965981755205497e-03
8000,27,5.000000000000000e-04,4.464000474120364e-03,-3.964000474120363e-03
8000,28,-4.000000000000000e-04,4.363709313977206e-03,-4.763709313977206e-03
8000,29,3.000000000000000e-04,4.265824268197054e-03,-3.965824268197054e-03
8100,0,1.200000000000000e-01,7.253709934990736e-03,1.127462900650093e-01
8100,1,-8.000000000000000e-02,7.163709934990736e-03,-8.716370993499074e-02
8100,2,5.500000000000000e-02,7.133777434990736e-03,4.786622256500926e-02
8100,3,4.000000000000000e-02,7.062639833740736e-03,3.293736016625926e-02
8100,4,-3.000000000000000e-02,6.961662292093550e-03,-3.696166229209355e-02
8100,5,2.500000000000000e-02,6.883487683071304e-03,1.811651231692870e-02
8100,6,2.000000000000000e-02,6.786856228832892e-03,1.321314377116711e-02
8100,7,-1.800000000000000e-02,6.675659616138551e-03,-2.467565961613855e-02
8100,8,1.500000000000000e-02,6.578546785660856e-03,8.421453214339143e-03
8100,9,1.200000000000000e-02,6.470766632166028e-03,5.529233367833972e-03
8100,10,-1.000000000000000e-02,6.354713994707289e-03,-1.635471399470729e-02
8100,11,8.999999999999999e-03,6.247031752029493e-03,2.752968247970506e-03
8100,12,8.000000000000000e-03,6.133487887853788e-03,1.866512112146212e-03
8100,13,-7.000000000000000e-03,6.014965918455664e-03,-1.301496591845566e-02
8100,14,6.000000000000000e-03,5.902849538259169e-03,9.715046174083117e-05
8100,15,5.000000000000000e-03,5.787410380054738e-03,-7.874103800547382e-04
8100,16,-4.000000000000000e-03,5.669519912380108e-03,-9.669519912380107e-03
8100,17,3.500000000000000e-03,5.556044130317573e-03,-2.056044130317573e-03
8100,18,3.000000000000000e-03,5.441390164476337e-03,-2.441390164476337e-03
8100,19,-2.500000000000000e-03,5.326034027173958e-03,-7.826034027173958e-03
8100,20,2.000000000000000e-03,5.214196714828138e-03,-3.214196714828138e-03
8100,21,1.800000000000000e-03,5.102536962167504e-03,-3.302536962167504e-03
8100,22,-1.500000000000000e-03,4.991285850611276e-03,-6.491285850611275e-03
8100,23,1.200000000000000e-03,4.882995382395724e-03,-3.682995382395724e-03
8100,24,1.000000000000000e-03,4.775672924756892e-03,-3.775672924756892e-03
8100,25,-8.000000000000000e-04,4.669532271355557e-03,-5.469532271355557e-03
8100,26,5.999999999999999e-04,4.565981755205496e-03,-3.965981755205497e-03
8100,27,5.000000000000000e-04,4.464000474120364e-03,-3.964000474120363e-03
8100,28,-4.000000000000000e-04,4.363709313977206e-03,-4.763709313977206e-03
8100,29,3.000000000000000e-04,4.265824268197054e-03,-3.965824268197054e-03
8200,0,1.200000000000000e-01,7.253709934990736e-03,1.127462900650093e-01
8200,1,-8.000000000000000e-02,7.163709934990736e-03,-8.716370993499074e-02
8200,2,5.500000000000000e-02,7.133777434990736e-03,4.786622256500926e-02
8200,3,4.000000000000000e-02,7.062639833740736e-03,3.293736016625926e-02
8200,4,-3.000000000000000e-02,6.961662292093550e-03,-3.696166229209355e-02
8200,5,2.500000000000000e-02,6.883487683071304e-03,1.811651231692870e-02
8200,6,2.000000000000000e-02,6.786856228832892e-03,1.321314377116711e-02
8200,7,-1.800000000000000e-02,6.675659616138551e-03,-2.467565961613855e-02
8200,8,1.500000000000000e-02,6.578546785660856e-03,8.421453214339143e-03
8200,9,1.200000000000000e-02,6.470766632166028e-03,5.529233367833972e-03
8200,10,-1.000000000000000e-02,6.354713994707289e-03,-1.635471399470729e-02
8200,11,8.999999999999999e-03,6.247031752029493e-03,2.752968247970506e-03
8200,12,8.000000000000000e-03,6.133487887853788e-03,1.866512112146212e-03
8200,13,-7.000000000000000e-03,6.014965918455664e-03,-1.301496591845566e-02
8200,14,6.000000000000000e-03,5.902849538259169e-03,9.715046174083117e-05
8200,15,5.000000000000000e-03,5.787410380054738e-03,-7.874103800547382e-04
8200,16,-4.000000000000000e-03,5.669519912380108e-03,-9.669519912380107e-03
8200,17,3.500000000000000e-03,5.556044130317573e-03,-2.056044130317573e-03
8200,18,3.000000000000000e-03,5.441390164476337e-03,-2.441390164476337e-03
8200,19,-2.500000000000000e-03,5.326034027173958e-03,-7.826034027173958e-03
8200,20,2.000000000000000e-03,5.214196714828138e-03,-3.214196714828138e-03
8200,21,1.800000000000000e-03,5.102536962167504e-03,-3.302536962167504e-03
8200,22,-1.500000000000000e-03,4.991285850611276e-03,-6.491285850611275e-03
8200,23,1.200000000000000e-03,4.882995382395724e-03,-3.682995382395724e-03
8200,24,1.000000000000000e-03,4.775672924756892e-03,-3.775672924756892e-03
8200,25,-8.000000000000000e-04,4.669532271355557e-03,-5.469532271355557e-03
8200,26,5.999999999999999e-04,4.565981755205496e-03,-3.965981755205497e-03
8200,27,5.000000000000000e-04,4.464000474120364e-03,-3.964000474120363e-03
8200,28,-4.000000000000000e-04,4.363709313977206e-03,-4.763709313977206e-03
8200,29,3.000000000000000e-04,4.265824268197054e-03,-3.965824268197054e-03
8300,0,1.200000000000000e-01,7.253709934990736e-03,1.127462900650093e-01
8300,1,-8.000000000000000e-02,7.163709934990736e-03,-8.716370993499074e-02
8300,2,5.500000000000000e-02,7.133777434990736e-03,4.786622256500926e-02
8300,3,4.000000000000000e-02,7.062639833740736e-03,3.293736016625926e-02
8300,4,-3.000000000000000e-02,6.961662292093550e-03,-3.696166229209355e-02
8300,5,2.500000000000000e-02,6.883487683071304e-03,1.811651231692870e-02
8300,6,2.000000000000000e-02,6.786856228832892e-03,1.321314377116711e-02
8300,7,-1.800000000000000e-02,6.675659616138551e-03,-2.467565961613855e-02
8300,8,1.500000000000000e-02,6.578546785660856e-03,8.421453214339143e-03
8300,9,1.200000000000000e-02,6.470766632166028e-03,5.529233367833972e-03
8300,10,-1.000000000000000e-02,6.354713994707289e-03,-1.635471399470729e-02
8300,11,8.999999999999999e-03,6.247031752029493e-03,2.752968247970506e-03
8300,12,8.000000000000000e-03,6.133487887853788e-03,1.866512112146212e-03
8300,13,-7.000000000000000e-03,6.014965918455664e-03,-1.301496591845566e-02
8300,14,6.000000000000000e-03,5.902849538259169e-03,9.715046174083117e-05
8300,15,5.000000000000000e-03,5.787410380054738e-03,-7.874103800547382e-04
8300,16,-4.000000000000000e-03,5.669519912380108e-03,-9.669519912380107e-03
8300,17,3.500000000000000e-03,5.556044130317573e-03,-2.056044130317573e-03
8300,18,3.000000000000000e-03,5.441390164476337e-03,-2.441390164476337e-03
8300,19,-2.500000000000000e-03,5.326034027173958e-03,-7.826034027173958e-03
8300,20,2.000000000000000e-03,5.214196714828138e-03,-3.214196714828138e-03
8300,21,1.800000000000000e-03,5.102536962167504e-03,-3.302536962167504e-03
8300,22,-1.500000000000000e-03,4.991285850611276e-03,-6.491285850611275e-03
8300,23,1.200000000000000e-03,4.882995382395724e-03,-3.682995382395724e-03
8300,24,1.000000000000000e-03,4.775672924756892e-03,-3.775672924756892e-03
8300,25,-8.000000000000000e-04,4.669532271355557e-03,-5.469532271355557e-03
8300,26,5.999999999999999e-04,4.565981755205496e-03,-3.965981755205497e-03
8300,27,5.000000000000000e-04,4.464000474120364e-03,-3.964000474120363e-03
8300,28,-4.000000000000000e-04,4.363709313977206e-03,-4.763709313977206e-03
8300,29,3.000000000000000e-04,4.265824268197054e-03,-3.965824268197054e-03
8400,0,1.200000000000000e-01,7.253709934990736e-03,1.127462900650093e-01
8400,1,-8.000000000000000e-02,7.163709934990736e-03,-8.716370993499074e-02
8400,2,5.500000000000000e-02,7.133777434990736e-03,4.786622256500926e-02
8400,3,4.000000000000000e-02,7.062639833740736e-03,3.293736016625926e-02
8400,4,-3.000000000000000e-02,6.961662292093550e-03,-3.696166229209355e-02
8400,5,2.500000000000000e-02,6.883487683071304e-03,1.811651231692870e-02
8400,6,2.000000000000000e-02,6.786856228832892e-03,1.321314377116711e-02
8400,7,-1.800000000000000e-02,6.675659616138551e-03,-2.467565961613855e-02
8400,8,1.500000000000000e-02,6.578546785660856e-03,8.421453214339143e-03
8400,9,1.200000000000000e-02,6.470766632166028e-03,5.529233367833972e-03
8400,10,-1.000000000000000e-02,6.354713994707289e-03,-1.635471399470729e-02
8400,11,8.999999999999999e-03,6.247031752029493e-03,2.752968247970506e-03
8400,12,8.000000000000000e-03,6.133487887853788e-03,1.866512112146212e-03
8400,13,-7.000000000000000e-03,6.014965918455664e-03,-1.301496591845566e-02
8400,14,6.000000000000000e-03,5.902849538259169e-03,9.715046174083117e-05
8400,15,5.000000000000000e-03,5.787410380054738e-03,-7.874103800547382e-04
8400,16,-4.000000000000000e-03,5.669519912380108e-03,-9.669519912380107e-03
8400,17,3.500000000000000e-03,5.556044130317573e-03,-2.056044130317573e-03
8400,18,3.000000000000000e-03,5.441390164476337e-03,-2.441390164476337e-03
8400,19,-2.500000000000000e-03,5.326034027173958e-03,-7.826034027173958e-03
8400,20,2.000000000000000e-03,5.214196714828138e-03,-3.214196714828138e-03
8400,21,1.800000000000000e-03,5.102536962167504e-03,-3.302536962167504e-03
8400,22,-1.500000000000000e-03,4.991285850611276e-03,-6.491285850611275e-03
8400,23,1.200000000000000e-03,4.882995382395724e-03,-3.682995382395724e-03
8400,24,1.000000000000000e-03,4.775672924756892e-03,-3.775672924756892e-03
8400,25,-8.000000000000000e-04,4.669532271355557e-03,-5.469532271355557e-03
8400,26,5.999999999999999e-04,4.565981755205496e-03,-3.965981755205497e-03
8400,27,5.000000000000000e-04,4.464000474120364e-03,-3.964000474120363e-03
8400,28,-4.000000000000000e-04,4.363709313977206e-03,-4.763709313977206e-03
8400,29,3.000000000000000e-04,4.265824268197054e-03,-3.965824268197054e-03
8500,0,1.200000000000000e-01,7.253709934990736e-03,1.127462900650093e-01
8500,1,-8.000000000000000e-02,7.163709934990736e-03,-8.716370993499074e-02
8500,2,5.500000000000000e-02,7.133777434990736e-03,4.786622256500926e-02
8500,3,4.000000000000000e-02,7.062639833740736e-03,3.293736016625926e-02
8500,4,-3.000000000000000e-02,6.961662292093550e-03,-3.696166229209355e-02
8500,5,2.500000000000000e-02,6.883487683071304e-03,1.811651231692870e-02
8500,6,2.000000000000000e-02,6.786856228832892e-03,1.321314377116711e-02
8500,7,-1.800000000000000e-02,6.675659616138551e-03,-2.467565961613855e-02
8500,8,1.500000000000000e-02,6.578546785660856e-03,8.421453214339143e-03
8500,9,1.200000000000000e-02,6.470766632166028e-03,5.529233367833972e-03
8500,10,-1.000000000000000e-02,6.354713994707289e-03,-1.635471399470729e-02
8500,11,8.999999999999999e-03,6.247031752029493e-03,2.752968247970506e-03
8500,12,8.000000000000000e-03,6.133487887853788e-03,1.866512112146212e-03
8500,13,-7.000000000000000e-03,6.014965918455664e-03,-1.301496591845566e-02
8500,14,6.000000000000000e-03,5.902849538259169e-03,9.715046174083117e-05
8500,15,5.000000000000000e-03,5.787410380054738e-03,-7.874103800547382e-04
8500,16,-4.000000000000000e-03,5.669519912380108e-03,-9.669519912380107e-03
8500,17,3.500000000000000e-03,5.556044130317573e-03,-2.056044130317573e-03
8500,18,3.000000000000000e-03,5.441390164476337e-03,-2.441390164476337e-03
8500,19,-2.500000000000000e-03,5.326034027173958e-03,-7.826034027173958e-03
8500,20,2.000000000000000e-03,5.214196714828138e-03,-3.214196714828138e-03
8500,21,1.800000000000000e-03,5.102536962167504e-03,-3.302536962167504e-03
8500,22,-1.500000000000000e-03,4.991285850611276e-03,-6.491285850611275e-03
8500,23,1.200000000000000e-03,4.882995382395724e-03,-3.682995382395724e-03
8500,24,1.000000000000000e-03,4.775672924756892e-03,-3.775672924756892e-03
8500,25,-8.000000000000000e-04,4.669532271355557e-03,-5.469532271355557e-03
8500,26,5.999999999999999e-04,4.565981755205496e-03,-3.965981755205497e-03
8500,27,5.000000000000000e-04,4.464000474120364e-03,-3.964000474120363e-03
8500,28,-4.000000000000000e-04,4.363709313977206e-03,-4.763709313977206e-03
8500,29,3.000000000000000e-04,4.265824268197054e-03,-3.965824268197054e-03
8600,0,1.200000000000000e-01,7.253709934990736e-03,1.127462900650093e-01
8600,1,-8.000000000000000e-02,7.163709934990736e-03,-8.716370993499074e-02
8600,2,5.500000000000000e-02,7.133777434990736e-03,4.786622256500926e-02
8600,3,4.000000000000000e-02,7.062639833740736e-03,3.293736016625926e-02
8600,4,-3.000000000000000e-02,6.961662292093550e-03,-3.696166229209355e-02
8600,5,2.500000000000000e-02,6.883487683071304e-03,1.811651231692870e-02
8600,6,2.000000000000000e-02,6.786856228832892e-03,1.321314377116711e-02
8600,7,-1.800000000000000e-02,6.675659616138551e-03,-2.467565961613855e-02
8600,8,1.500000000000000e-02,6.578546785660856e-03,8.421453214339143e-03
8600,9,1.200000000000000e-02,6.470766632166028e-03,5.529233367833972e-03
8600,10,-1.000000000000000e-02,6.354713994707289e-03,-1.635471399470729e-02
8600,11,8.999999999999999e-03,6.247031752029493e-03,2.752968247970506e-03
8600,12,8.000000000000000e-03,6.133487887853788e-03,1.866512112146212e-03
8600,13,-7.000000000000000e-03,6.014965918455664e-03,-1.301496591845566e-02
8600,14,6.000000000000000e-03,5.902849538259169e-03,9.715046174083117e-05
8600,15,5.000000000000000e-03,5.787410380054738e-03,-7.874103800547382e-04
8600,16,-4.000000000000000e-03,5.669519912380108e-03,-9.669519912380107e-03
8600,17,3.500000000000000e-03,5.556044130317573e-03,-2.056044130317573e-03
8600,18,3.000000000000000e-03,5.441390164476337e-03,-2.441390164476337e-03
8600,19,-2.500000000000000e-03,5.326034027173958e-03,-7.826034027173958e-03
8600,20,2.000000000000000e-03,5.214196714828138e-03,-3.214196714828138e-03
8600,21,1.800000000000000e-03,5.102536962167504e-03,-3.302536962167504e-03
8600,22,-1.500000000000000e-03,4.991285850611276e-03,-6.491285850611275e-03
8600,23,1.200000000000000e-03,4.882995382395724e-03,-3.682995382395724e-03
8600,24,1.000000000000000e-03,4.775672924756892e-03,-3.775672924756892e-03
8600,25,-8.000000000000000e-04,4.669532271355557e-03,-5.469532271355557e-03
8600,26,5.999999999999999e-04,4.565981755205496e-03,-3.965981755205497e-03
8600,27,5.000000000000000e-04,4.464000474120364e-03,-3.964000474120363e-03
8600,28,-4.000000000000000e-04,4.363709313977206e-03,-4.763709313977206e-03
8600,29,3.000000000000000e-04,4.265824268197054e-03,-3.965824268197054e-03
8700,0,1.200000000000000e-01,7.253709934990736e-03,1.127462900650093e-01
8700,1,-8.000000000000000e-02,7.163709934990736e-03,-8.716370993499074e-02
8700,2,5.500000000000000e-02,7.133777434990736e-03,4.786622256500926e-02
8700,3,4.000000000000000e-02,7.062639833740736e-03,3.293736016625926e-02
8700,4,-3.000000000000000e-02,6.961662292093550e-03,-3.696166229209355e-02
8700,5,2.500000000000000e-02,6.883487683071304e-03,1.811651231692870e-02
8700,6,2.000000000000000e-02,6.786856228832892e-03,1.321314377116711e-02
8700,7,-1.800000000000000e-02,6.675659616138551e-03,-2.467565961613855e-02
8700,8,1.500000000000000e-02,6.578546785660856e-03,8.421453214339143e-03
8700,9,1.200000000000000e-02,6.470766632166028e-03,5.529233367833972e-03
8700,10,-1.000000000000000e-02,6.354713994707289e-03,-1.635471399470729e-02
8700,11,8.999999999999999e-03,6.247031752029493e-03,2.752968247970506e-03
8700,12,8.000000000000000e-03,6.133487887853788e-03,1.866512112146212e-03
8700,13,-7.000000000000000e-03,6.014965918455664e-03,-1.301496591845566e-02
8700,14,6.000000000000000e-03,5.902849538259169e-03,9.715046174083117e-05
8700,15,5.000000000000000e-03,5.787410380054738e-03,-7.874103800547382e-04
8700,16,-4.000000000000000e-03,5.669519912380108e-03,-9.669519912380107e-03
8700,17,3.500000000000000e-03,5.556044130317573e-03,-2.056044130317573e-03
8700,18,3.000000000000000e-03,5.441390164476337e-03,-2.441390164476337e-03
8700,19,-2.500000000000000e-03,5.326034027173958e-03,-7.826034027173958e-03
8700,20,2.000000000000000e-03,5.214196714828138e-03,-3.214196714828138e-03
8700,21,1.800000000000000e-03,5.102536962167504e-03,-3.302536962167504e-03
8700,22,-1.500000000000000e-03,4.991285850611276e-03,-6.491285850611275e-03
8700,23,1.200000000000000e-03,4.882995382395724e-03,-3.682995382395724e-03
8700,24,1.000000000000000e-03,4.775672924756892e-03,-3.775672924756892e-03
8700,25,-8.000000000000000e-04,4.669532271355557e-03,-5.469532271355557e-03
8700,26,5.999999999999999e-04,4.565981755205496e-03,-3.965981755205497e-03
8700,27,5.000000000000000e-04,4.464000474120364e-03,-3.964000474120363e-03
8700,28,-4.000000000000000e-04,4.363709313977206e-03,-4.763709313977206e-03
8700,29,3.000000000000000e-04,4.265824268197054e-03,-3.965824268197054e-03
8800,0,1.200000000000000e-01,7.253709934990736e-03,1.127462900650093e-01
8800,1,-8.000000000000000e-02,7.163709934990736e-03,-8.716370993499074e-02
8800,2,5.500000000000000e-02,7.133777434990736e-03,4.786622256500926e-02
8800,3,4.000000000000000e-02,7.062639833740736e-03,3.293736016625926e-02
8800,4,-3.000000000000000e-02,6.961662292093550e-03,-3.696166229209355e-02
8800,5,2.500000000000000e-02,6.883487683071304e-03,1.811651231692870e-02
8800,6,2.000000000000000e-02,6.786856228832892e-03,1.321314377116711e-02
8800,7,-1.800000000000000e-02,6.675659616138551e-03,-2.467565961613855e-02
8800,8,1.500000000000000e-02,6.578546785660856e-03,8.421453214339143e-03
8800,9,1.200000000000000e-02,6.470766632166028e-03,5.529233367833972e-03
8800,10,-1.000000000000000e-02,6.354713994707289e-03,-1.635471399470729e-02
8800,11,8.999999999999999e-03,6.247031752029493e-03,2.752968247970506e-03
8800,12,8.000000000000000e-03,6.133487887853788e-03,1.866512112146212e-03
8800,13,-7.000000000000000e-03,6.014965918455664e-03,-1.301496591845566e-02
8800,14,6.000000000000000e-03,5.902849538259169e-03,9.715046174083117e-05
8800,15,5.000000000000000e-03,5.787410380054738e-03,-7.874103800547382e-04
8800,16,-4.000000000000000e-03,5.669519912380108e-03,-9.669519912380107e-03
8800,17,3.500000000000000e-03,5.556044130317573e-03,-2.056044130317573e-03
8800,18,3.000000000000000e-03,5.441390164476337e-03,-2.441390164476337e-03
8800,19,-2.500000000000000e-03,5.326034027173958e-03,-7.826034027173958e-03
8800,20,2.000000000000000e-03,5.214196714828138e-03,-3.214196714828138e-03
8800,21,1.800000000000000e-03,5.102536962167504e-03,-3.302536962167504e-03
8800,22,-1.500000000000000e-03,4.991285850611276e-03,-6.491285850611275e-03
8800,23,1.200000000000000e-03,4.882995382395724e-03,-3.682995382395724e-03
8800,24,1.000000000000000e-03,4.775672924756892e-03,-3.775672924756892e-03
8800,25,-8.000000000000000e-04,4.669532271355557e-03,-5.469532271355557e-03
8800,26,5.999999999999999e-04,4.565981755205496e-03,-3.965981755205497e-03
8800,27,5.000000000000000e-04,4.464000474120364e-03,-3.964000474120363e-03
8800,28,-4.000000000000000e-04,4.363709313977206e-03,-4.763709313977206e-03
8800,29,3.000000000000000e-04,4.265824268197054e-03,-3.965824268197054e-03
8900,0,1.200000000000000e-01,7.253709934990736e-03,1.127462900650093e-01
8900,1,-8.000000000000000e-02,7.163709934990736e-03,-8.716370993499074e-02
8900,2,5.500000000000000e-02,7.133777434990736e-03,4.786622256500926e-02
8900,3,4.000000000000000e-02,7.062639833740736e-03,3.293736016625926e-02
8900,4,-3.000000000000000e-02,6.961662292093550e-03,-3.696166229209355e-02
8900,5,2.500000000000000e-02,6.883487683071304e-03,1.811651231692870e-02
8900,6,2.000000000000000e-02,6.786856228832892e-03,1.321314377116711e-02
8900,7,-1.800000000000000e-02,6.675659616138551e-03,-2.467565961613855e-02
8900,8,1.500000000000000e-02,6.578546785660856e-03,8.421453214339143e-03
8900,9,1.200000000000000e-02,6.470766632166028e-03,5.529233367833972e-03
8900,10,-1.000000000000000e-02,6.354713994707289e-03,-1.635471399470729e-02
8900,11,8.999999999999999e-03,6.247031752029493e-03,2.752968247970506e-03
8900,12,8.000000000000000e-03,6.133487887853788e-03,1.866512112146212e-03
8900,13,-7.000000000000000e-03,6.014965918455664e-03,-1.301496591845566e-02
8900,14,6.000000000000000e-03,5.902849538259169e-03,9.715046174083117e-05
8900,15,5.000000000000000e-03,5.787410380054738e-03,-7.874103800547382e-04
8900,16,-4.000000000000000e-03,5.669519912380108e-03,-9.669519912380107e-03
8900,17,3.500000000000000e-03,5.556044130317573e-03,-2.056044130317573e-03
8900,18,3.000000000000000e-03,5.441390164476337e-03,-2.441390164476337e-03
8900,19,-2.500000000000000e-03,5.326034027173958e-03,-7.826034027173958e-03
8900,20,2.000000000000000e-03,5.214196714828138e-03,-3.214196714828138e-03
8900,21,1.800000000000000e-03,5.102536962167504e-03,-3.302536962167504e-03
8900,22,-1.500000000000000e-03,4.991285850611276e-03,-6.491285850611275e-03
8900,23,1.200000000000000e-03,4.882995382395724e-03,-3.682995382395724e-03
8900,24,1.000000000000000e-03,4.775672924756892e-03,-3.775672924756892e-03
8900,25,-8.000000000000000e-04,4.669532271355557e-03,-5.469532271355557e-03
8900,26,5.999999999999999e-04,4.565981755205496e-03,-3.965981755205497e-03
8900,27,5.000000000000000e-04,4.464000474120364e-03,-3.964000474120363e-03
8900,28,-4.000000000000000e-04,4.363709313977206e-03,-4.763709313977206e-03
8900,29,3.000000000000000e-04,4.265824268197054e-03,-3.965824268197054e-03
9000,0,1.200000000000000e-01,7.253709934990736e-03,1.127462900650093e-01
9000,1,-8.000000000000000e-02,7.163709934990736e-03,-8.716370993499074e-02
9000,2,5.500000000000000e-02,7.133777434990736e-03,4.786622256500926e-02
9000,3,4.000000000000000e-02,7.062639833740736e-03,3.293736016625926e-02
9000,4,-3.000000000000000e-02,6.961662292093550e-03,-3.696166229209355e-02
9000,5,2.500000000000000e-02,6.883487683071304e-03,1.811651231692870e-02
9000,6,2.000000000000000e-02,6.786856228832892e-03,1.321314377116711e-02
9000,7,-1.800000000000000e-02,6.675659616138551e-03,-2.467565961613855e-02
9000,8,1.500000000000000e-02,6.578546785660856e-03,8.421453214339143e-03
9000,9,1.200000000000000e-02,6.470766632166028e-03,5.529233367833972e-03
9000,10,-1.000000000000000e-02,6.354713994707289e-03,-1.635471399470729e-02
9000,11,8.999999999999999e-03,6.247031752029493e-03,2.752968247970506e-03
9000,12,8.000000000000000e-03,6.133487887853788e-03,1.866512112146212e-03
9000,13,-7.000000000000000e-03,6.014965918455664e-03,-1.301496591845566e-02
9000,14,6.000000000000000e-03,5.902849538259169e-03,9.715046174083117e-05
9000,15,5.000000000000000e-03,5.787410380054738e-03,-7.874103800547382e-04
9000,16,-4.000000000000000e-03,5.669519912380108e-03,-9.669519912380107e-03
9000,17,3.500000000000000e-03,5.556044130317573e-03,-2.056044130317573e-03
9000,18,3.000000000000000e-03,5.441390164476337e-03,-2.441390164476337e-03
9000,19,-2.500000000000000e-03,5.326034027173958e-03,-7.826034027173958e-03
9000,20,2.000000000000000e-03,5.214196714828138e-03,-3.214196714828138e-03
9000,21,1.800000000000000e-03,5.102536962167504e-03,-3.302536962167504e-03
9000,22,-1.500000000000000e-03,4.991285850611276e-03,-6.491285850611275e-03
9000,23,1.200000000000000e-03,4.882995382395724e-03,-3.682995382395724e-03
9000,24,1.000000000000000e-03,4.775672924756892e-03,-3.775672924756892e-03
9000,25,-8.000000000000000e-04,4.669532271355557e-03,-5.469532271355557e-03
9000,26,5.999999999999999e-04,4.565981755205496e-03,-3.965981755205497e-03
9000,27,5.000000000000000e-04,4.464000474120364e-03,-3.964000474120363e-03
9000,28,-4.000000000000000e-04,4.363709313977206e-03,-4.763709313977206e-03
9000,29,3.000000000000000e-04,4.265824268197054e-03,-3.965824268197054e-03
9100,0,1.200000000000000e-01,7.253709934990736e-03,1.127462900650093e-01
9100,1,-8.000000000000000e-02,7.163709934990736e-03,-8.716370993499074e-02
9100,2,5.500000000000000e-02,7.133777434990736e-03,4.786622256500926e-02
9100,3,4.000000000000000e-02,7.062639833740736e-03,3.293736016625926e-02
9100,4,-3.000000000000000e-02,6.961662292093550e-03,-3.696166229209355e-02
9100,5,2.500000000000000e-02,6.883487683071304e-03,1.811651231692870e-02
9100,6,2.000000000000000e-02,6.786856228832892e-03,1.321314377116711e-02
9100,7,-1.800000000000000e-02,6.675659616138551e-03,-2.467565961613855e-02
9100,8,1.500000000000000e-02,6.578546785660856e-03,8.421453214339143e-03
9100,9,1.200000000000000e-02,6.470766632166028e-03,5.529233367833972e-03
9100,10,-1.000000000000000e-02,6.354713994707289e-03,-1.635471399470729e-02
9100,11,8.999999999999999e-03,6.247031752029493e-03,2.752968247970506e-03
9100,12,8.000000000000000e-03,6.133487887853788e-03,1.866512112146212e-03
9100,13,-7.000000000000000e-03,6.014965918455664e-03,-1.301496591845566e-02
9100,14,6.000000000000000e-03,5.902849538259169e-03,9.715046174083117e-05
9100,15,5.000000000000000e-03,5.787410380054738e-03,-7.874103800547382e-04
9100,16,-4.000000000000000e-03,5.669519912380108e-03,-9.669519912380107e-03
9100,17,3.500000000000000e-03,5.556044130317573e-03,-2.056044130317573e-03
9100,18,3.000000000000000e-03,5.441390164476337e-03,-2.441390164476337e-03
9100,19,-2.500000000000000e-03,5.326034027173958e-03,-7.826034027173958e-03
9100,20,2.000000000000000e-03,5.214196714828138e-03,-3.214196714828138e-03
9100,21,1.800000000000000e-03,5.102536962167504e-03,-3.302536962167504e-03
9100,22,-1.500000000000000e-03,4.991285850611276e-03,-6.491285850611275e-03
9100,23,1.200000000000000e-03,4.882995382395724e-03,-3.682995382395724e-03
9100,24,1.000000000000000e-03,4.775672924756892e-03,-3.775672924756892e-03
9100,25,-8.000000000000000e-04,4.669532271355557e-03,-5.469532271355557e-03
9100,26,5.999999999999999e-04,4.565981755205496e-03,-3.965981755205497e-03
9100,27,5.000000000000000e-04,4.464000474120364e-03,-3.964000474120363e-03
9100,28,-4.000000000000000e-04,4.363709313977206e-03,-4.763709313977206e-03
9100,29,3.000000000000000e-04,4.265824268197054e-03,-3.965824268197054e-03
9200,0,1.200000000000000e-01,7.253709934990736e-03,1.127462900650093e-01
9200,1,-8.000000000000000e-02,7.163709934990736e-03,-8.716370993499074e-02
9200,2,5.500000000000000e-02,7.133777434990736e-03,4.786622256500926e-02
9200,3,4.000000000000000e-02,7.062639833740736e-03,3.293736016625926e-02
9200,4,-3.000000000000000e-02,6.961662292093550e-03,-3.696166229209355e-02
9200,5,2.500000000000000e-02,6.883487683071304e-03,1.811651231692870e-02
9200,6,2.000000000000000e-02,6.786856228832892e-03,1.321314377116711e-02
9200,7,-1.800000000000000e-02,6.675659616138551e-03,-2.467565961613855e-02
9200,8,1.500000000000000e-02,6.578546785660856e-03,8.421453214339143e-03
9200,9,1.200000000000000e-02,6.470766632166028e-03,5.529233367833972e-03
9200,10,-1.000000000000000e-02,6.354713994707289e-03,-1.635471399470729e-02
9200,11,8.999999999999999e-03,6.247031752029493e-03,2.752968247970506e-03
9200,12,8.000000000000000e-03,6.133487887853788e-03,1.866512112146212e-03
9200,13,-7.000000000000000e-03,6.014965918455664e-03,-1.301496591845566e-02
9200,14,6.000000000000000e-03,5.902849538259169e-03,9.715046174083117e-05
9200,15,5.000000000000000e-03,5.787410380054738e-03,-7.874103800547382e-04
9200,16,-4.000000000000000e-03,5.669519912380108e-03,-9.669519912380107e-03
9200,17,3.500000000000000e-03,5.556044130317573e-03,-2.056044130317573e-03
9200,18,3.000000000000000e-03,5.441390164476337e-03,-2.441390164476337e-03
9200,19,-2.500000000000000e-03,5.326034027173958e-03,-7.826034027173958e-03
9200,20,2.000000000000000e-03,5.214196714828138e-03,-3.214196714828138e-03
9200,21,1.800000000000000e-03,5.102536962167504e-03,-3.302536962167504e-03
9200,22,-1.500000000000000e-03,4.991285850611276e-03,-6.491285850611275e-03
9200,23,1.200000000000000e-03,4.882995382395724e-03,-3.682995382395724e-03
9200,24,1.000000000000000e-03,4.775672924756892e-03,-3.775672924756892e-03
9200,25,-8.000000000000000e-04,4.669532271355557e-03,-5.469532271355557e-03
9200,26,5.999999999999999e-04,4.565981755205496e-03,-3.965981755205497e-03
9200,27,5.000000000000000e-04,4.464000474120364e-03,-3.964000474120363e-03
9200,28,-4.000000000000000e-04,4.363709313977206e-03,-4.763709313977206e-03
9200,29,3.000000000000000e-04,4.265824268197054e-03,-3.965824268197054e-03
9300,0,1.200000000000000e-01,7.253709934990736e-03,1.127462900650093e-01
9300,1,-8.000000000000000e-02,7.163709934990736e-03,-8.716370993499074e-02
9300,2,5.500000000000000e-02,7.133777434990736e-03,4.786622256500926e-02
9300,3,4.000000000000000e-02,7.062639833740736e-03,3.293736016625926e-02
9300,4,-3.000000000000000e-02,6.961662292093550e-03,-3.696166229209355e-02
9300,5,2.500000000000000e-02,6.883487683071304e-03,1.811651231692870e-02
9300,6,2.000000000000000e-02,6.786856228832892e-03,1.321314377116711e-02
9300,7,-1.800000000000000e-02,6.675659616138551e-03,-2.467565961613855e-02
9300,8,1.500000000000000e-02,6.578546785660856e-03,8.421453214339143e-03
9300,9,1.200000000000000e-02,6.470766632166028e-03,5.529233367833972e-03
9300,10,-1.000000000000000e-02,6.354713994707289e-03,-1.635471399470729e-02
9300,11,8.999999999999999e-03,6.247031752029493e-03,2.752968247970506e-03
9300,12,8.000000000000000e-03,6.133487887853788e-03,1.866512112146212e-03
9300,13,-7.000000000000000e-03,6.014965918455664e-03,-1.301496591845566e-02
9300,14,6.000000000000000e-03,5.902849538259169e-03,9.715046174083117e-05
9300,15,5.000000000000000e-03,5.787410380054738e-03,-7.874103800547382e-04
9300,16,-4.000000000000000e-03,5.669519912380108e-03,-9.669519912380107e-03
9300,17,3.500000000000000e-03,5.556044130317573e-03,-2.056044130317573e-03
9300,18,3.000000000000000e-03,5.441390164476337e-03,-2.441390164476337e-03
9300,19,-2.500000000000000e-03,5.326034027173958e-03,-7.826034027173958e-03
9300,20,2.000000000000000e-03,5.214196714828138e-03,-3.214196714828138e-03
9300,21,1.800000000000000e-03,5.102536962167504e-03,-3.302536962167504e-03
9300,22,-1.500000000000000e-03,4.991285850611276e-03,-6.491285850611275e-03
9300,23,1.200000000000000e-03,4.882995382395724e-03,-3.682995382395724e-03
9300,24,1.000000000000000e-03,4.775672924756892e-03,-3.775672924756892e-03
9300,25,-8.000000000000000e-04,4.669532271355557e-03,-5.469532271355557e-03
9300,26,5.999999999999999e-04,4.565981755205496e-03,-3.965981755205497e-03
9300,27,5.000000000000000e-04,4.464000474120364e-03,-3.964000474120363e-03
9300,28,-4.000000000000000e-04,4.363709313977206e-03,-4.763709313977206e-03
9300,29,3.000000000000000e-04,4.265824268197054e-03,-3.965824268197054e-03
9400,0,1.200000000000000e-01,7.253709934990736e-03,1.127462900650093e-01
9400,1,-8.000000000000000e-02,7.163709934990736e-03,-8.716370993499074e-02
9400,2,5.500000000000000e-02,7.133777434990736e-03,4.786622256500926e-02
9400,3,4.000000000000000e-02,7.062639833740736e-03,3.293736016625926e-02
9400,4,-3.000000000000000e-02,6.961662292093550e-03,-3.696166229209355e-02
9400,5,2.500000000000000e-02,6.883487683071304e-03,1.811651231692870e-02
9400,6,2.000000000000000e-02,6.786856228832892e-03,1.321314377116711e-02
9400,7,-1.800000000000000e-02,6.675659616138551e-03,-2.467565961613855e-02
9400,8,1.500000000000000e-02,6.578546785660856e-03,8.421453214339143e-03
9400,9,1.200000000000000e-02,6.470766632166028e-03,5.529233367833972e-03
9400,10,-1.000000000000000e-02,6.354713994707289e-03,-1.635471399470729e-02
9400,11,8.999999999999999e-03,6.247031752029493e-03,2.752968247970506e-03
9400,12,8.000000000000000e-03,6.133487887853788e-03,1.866512112146212e-03
9400,13,-7.000000000000000e-03,6.014965918455664e-03,-1.301496591845566e-02
9400,14,6.000000000000000e-03,5.902849538259169e-03,9.715046174083117e-05
9400,15,5.000000000000000e-03,5.787410380054738e-03,-7.874103800547382e-04
9400,16,-4.000000000000000e-03,5.669519912380108e-03,-9.669519912380107e-03
9400,17,3.500000000000000e-03,5.556044130317573e-03,-2.056044130317573e-03
9400,18,3.000000000000000e-03,5.441390164476337e-03,-2.441390164476337e-03
9400,19,-2.500000000000000e-03,5.326034027173958e-03,-7.826034027173958e-03
9400,20,2.000000000000000e-03,5.214196714828138e-03,-3.214196714828138e-03
9400,21,1.800000000000000e-03,5.102536962167504e-03,-3.302536962167504e-03
9400,22,-1.500000000000000e-03,4.991285850611276e-03,-6.491285850611275e-03
9400,23,1.200000000000000e-03,4.882995382395724e-03,-3.682995382395724e-03
9400,24,1.000000000000000e-03,4.775672924756892e-03,-3.775672924756892e-03
9400,25,-8.000000000000000e-04,4.669532271355557e-03,-5.469532271355557e-03
9400,26,5.999999999999999e-04,4.565981755205496e-03,-3.965981755205497e-03
9400,27,5.000000000000000e-04,4.464000474120364e-03,-3.964000474120363e-03
9400,28,-4.000000000000000e-04,4.363709313977206e-03,-4.763709313977206e-03
9400,29,3.000000000000000e-04,4.265824268197054e-03,-3.965824268197054e-03
9500,0,1.200000000000000e-01,7.253709934990736e-03,1.127462900650093e-01
9500,1,-8.000000000000000e-02,7.163709934990736e-03,-8.716370993499074e-02
9500,2,5.500000000000000e-02,7.133777434990736e-03,4.786622256500926e-02
9500,3,4.000000000000000e-02,7.062639833740736e-03,3.293736016625926e-02
9500,4,-3.000000000000000e-02,6.961662292093550e-03,-3.696166229209355e-02
9500,5,2.500000000000000e-02,6.883487683071304e-03,1.811651231692870e-02
9500,6,2.000000000000000e-02,6.786856228832892e-03,1.321314377116711e-02
9500,7,-1.800000000000000e-02,6.675659616138551e-03,-2.467565961613855e-02
9500,8,1.500000000000000e-02,6.578546785660856e-03,8.421453214339143e-03
9500,9,1.200000000000000e-02,6.470766632166028e-03,5.529233367833972e-03
9500,10,-1.000000000000000e-02,6.354713994707289e-03,-1.635471399470729e-02
9500,11,8.999999999999999e-03,6.247031752029493e-03,2.752968247970506e-03
9500,12,8.000000000000000e-03,6.133487887853788e-03,1.866512112146212e-03
9500,13,-7.000000000000000e-03,6.014965918455664e-03,-1.301496591845566e-02
9500,14,6.000000000000000e-03,5.902849538259169e-03,9.715046174083117e-05
9500,15,5.000000000000000e-03,5.787410380054738e-03,-7.874103800547382e-04
9500,16,-4.000000000000000e-03,5.669519912380108e-03,-9.669519912380107e-03
9500,17,3.500000000000000e-03,5.556044130317573e-03,-2.056044130317573e-03
9500,18,3.000000000000000e-03,5.441390164476337e-03,-2.441390164476337e-03
9500,19,-2.500000000000000e-03,5.326034027173958e-03,-7.826034027173958e-03
9500,20,2.000000000000000e-03,5.214196714828138e-03,-3.214196714828138e-03
9500,21,1.800000000000000e-03,5.102536962167504e-03,-3.302536962167504e-03
9500,22,-1.500000000000000e-03,4.991285850611276e-03,-6.491285850611275e-03
9500,23,1.200000000000000e-03,4.882995382395724e-03,-3.682995382395724e-03
9500,24,1.000000000000000e-03,4.775672924756892e-03,-3.775672924756892e-03
9500,25,-8.000000000000000e-04,4.669532271355557e-03,-5.469532271355557e-03
9500,26,5.999999999999999e-04,4.565981755205496e-03,-3.965981755205497e-03
9500,27,5.000000000000000e-04,4.464000474120364e-03,-3.964000474120363e-03
9500,28,-4.000000000000000e-04,4.363709313977206e-03,-4.763709313977206e-03
9500,29,3.000000000000000e-04,4.265824268197054e-03,-3.965824268197054e-03
9600,0,1.200000000000000e-01,7.253709934990736e-03,1.127462900650093e-01
9600,1,-8.000000000000000e-02,7.163709934990736e-03,-8.716370993499074e-02
9600,2,5.500000000000000e-02,7.133777434990736e-03,4.786622256500926e-02
9600,3,4.000000000000000e-02,7.062639833740736e-03,3.293736016625926e-02
9600,4,-3.000000000000000e-02,6.961662292093550e-03,-3.696166229209355e-02
9600,5,2.500000000000000e-02,6.883487683071304e-03,1.811651231692870e-02
9600,6,2.000000000000000e-02,6.786856228832892e-03,1.321314377116711e-02
9600,7,-1.800000000000000e-02,6.675659616138551e-03,-2.467565961613855e-02
9600,8,1.500000000000000e-02,6.578546785660856e-03,8.421453214339143e-03
9600,9,1.200000000000000e-02,6.470766632166028e-03,5.529233367833972e-03
9600,10,-1.000000000000000e-02,6.354713994707289e-03,-1.635471399470729e-02
9600,11,8.999999999999999e-03,6.247031752029493e-03,2.752968247970506e-03
9600,12,8.000000000000000e-03,6.133487887853788e-03,1.866512112146212e-03
9600,13,-7.000000000000000e-03,6.014965918455664e-03,-1.301496591845566e-02
9600,14,6.000000000000000e-03,5.902849538259169e-03,9.715046174083117e-05
9600,15,5.000000000000000e-03,5.787410380054738e-03,-7.874103800547382e-04
9600,16,-4.000000000000000e-03,5.669519912380108e-03,-9.669519912380107e-03
9600,17,3.500000000000000e-03,5.556044130317573e-03,-2.056044130317573e-03
9600,18,3.000000000000000e-03,5.441390164476337e-03,-2.441390164476337e-03
9600,19,-2.500000000000000e-03,5.326034027173958e-03,-7.826034027173958e-03
9600,20,2.000000000000000e-03,5.214196714828138e-03,-3.214196714828138e-03
9600,21,1.800000000000000e-03,5.102536962167504e-03,-3.302536962167504e-03
9600,22,-1.500000000000000e-03,4.991285850611276e-03,-6.491285850611275e-03
9600,23,1.200000000000000e-03,4.882995382395724e-03,-3.682995382395724e-03
9600,24,1.000000000000000e-03,4.775672924756892e-03,-3.775672924756892e-03
9600,25,-8.000000000000000e-04,4.669532271355557e-03,-5.469532271355557e-03
9600,26,5.999999999999999e-04,4.565981755205496e-03,-3.965981755205497e-03
9600,27,5.000000000000000e-04,4.464000474120364e-03,-3.964000474120363e-03
9600,28,-4.000000000000000e-04,4.363709313977206e-03,-4.763709313977206e-03
9600,29,3.000000000000000e-04,4.265824268197054e-03,-3.965824268197054e-03
9700,0,1.200000000000000e-01,7.253709934990736e-03,1.127462900650093e-01
9700,1,-8.000000000000000e-02,7.163709934990736e-03,-8.716370993499074e-02
9700,2,5.500000000000000e-02,7.133777434990736e-03,4.786622256500926e-02
9700,3,4.000000000000000e-02,7.062639833740736e-03,3.293736016625926e-02
9700,4,-3.000000000000000e-02,6.961662292093550e-03,-3.696166229209355e-02
9700,5,2.500000000000000e-02,6.883487683071304e-03,1.811651231692870e-02
9700,6,2.000000000000000e-02,6.786856228832892e-03,1.321314377116711e-02
9700,7,-1.800000000000000e-02,6.675659616138551e-03,-2.467565961613855e-02
9700,8,1.500000000000000e-02,6.578546785660856e-03,8.421453214339143e-03
9700,9,1.200000000000000e-02,6.470766632166028e-03,5.529233367833972e-03
9700,10,-1.000000000000000e-02,6.354713994707289e-03,-1.635471399470729e-02
9700,11,8.999999999999999e-03,6.247031752029493e-03,2.752968247970506e-03
9700,12,8.000000000000000e-03,6.133487887853788e-03,1.866512112146212e-03
9700,13,-7.000000000000000e-03,6.014965918455664e-03,-1.301496591845566e-02
9700,14,6.000000000000000e-03,5.902849538259169e-03,9.715046174083117e-05
9700,15,5.000000000000000e-03,5.787410380054738e-03,-7.874103800547382e-04
9700,16,-4.000000000000000e-03,5.669519912380108e-03,-9.669519912380107e-03
9700,17,3.500000000000000e-03,5.556044130317573e-03,-2.056044130317573e-03
9700,18,3.000000000000000e-03,5.441390164476337e-03,-2.441390164476337e-03
9700,19,-2.500000000000000e-03,5.326034027173958e-03,-7.826034027173958e-03
9700,20,2.000000000000000e-03,5.214196714828138e-03,-3.214196714828138e-03
9700,21,1.800000000000000e-03,5.102536962167504e-03,-3.302536962167504e-03
9700,22,-1.500000000000000e-03,4.991285850611276e-03,-6.491285850611275e-03
9700,23,1.200000000000000e-03,4.882995382395724e-03,-3.682995382395724e-03
9700,24,1.000000000000000e-03,4.775672924756892e-03,-3.775672924756892e-03
9700,25,-8.000000000000000e-04,4.669532271355557e-03,-5.469532271355557e-03
9700,26,5.999999999999999e-04,4.565981755205496e-03,-3.965981755205497e-03
9700,27,5.000000000000000e-04,4.464000474120364e-03,-3.964000474120363e-03
9700,28,-4.000000000000000e-04,4.363709313977206e-03,-4.763709313977206e-03
9700,29,3.000000000000000e-04,4.265824268197054e-03,-3.965824268197054e-03
9800,0,1.200000000000000e-01,7.253709934990736e-03,1.127462900650093e-01
9800,1,-8.000000000000000e-02,7.163709934990736e-03,-8.716370993499074e-02
9800,2,5.500000000000000e-02,7.133777434990736e-03,4.786622256500926e-02
9800,3,4.000000000000000e-02,7.062639833740736e-03,3.293736016625926e-02
9800,4,-3.000000000000000e-02,6.961662292093550e-03,-3.696166229209355e-02
9800,5,2.500000000000000e-02,6.883487683071304e-03,1.811651231692870e-02
9800,6,2.000000000000000e-02,6.786856228832892e-03,1.321314377116711e-02
9800,7,-1.800000000000000e-02,6.675659616138551e-03,-2.467565961613855e-02
9800,8,1.500000000000000e-02,6.578546785660856e-03,8.421453214339143e-03
9800,9,1.200000000000000e-02,6.470766632166028e-03,5.529233367833972e-03
9800,10,-1.000000000000000e-02,6.354713994707289e-03,-1.635471399470729e-02
9800,11,8.999999999999999e-03,6.247031752029493e-03,2.752968247970506e-03
9800,12,8.000000000000000e-03,6.133487887853788e-03,1.866512112146212e-03
9800,13,-7.000000000000000e-03,6.014965918455664e-03,-1.301496591845566e-02
9800,14,6.000000000000000e-03,5.902849538259169e-03,9.715046174083117e-05
9800,15,5.000000000000000e-03,5.787410380054738e-03,-7.874103800547382e-04
9800,16,-4.000000000000000e-03,5.669519912380108e-03,-9.669519912380107e-03
9800,17,3.500000000000000e-03,5.556044130317573e-03,-2.056044130317573e-03
9800,18,3.000000000000000e-03,5.441390164476337e-03,-2.441390164476337e-03
9800,19,-2.500000000000000e-03,5.326034027173958e-03,-7.826034027173958e-03
9800,20,2.000000000000000e-03,5.214196714828138e-03,-3.214196714828138e-03
9800,21,1.800000000000000e-03,5.102536962167504e-03,-3.302536962167504e-03
9800,22,-1.500000000000000e-03,4.991285850611276e-03,-6.491285850611275e-03
9800,23,1.200000000000000e-03,4.882995382395724e-03,-3.682995382395724e-03
9800,24,1.000000000000000e-03,4.775672924756892e-03,-3.775672924756892e-03
9800,25,-8.000000000000000e-04,4.669532271355557e-03,-5.469532271355557e-03
9800,26,5.999999999999999e-04,4.565981755205496e-03,-3.965981755205497e-03
9800,27,5.000000000000000e-04,4.464000474120364e-03,-3.964000474120363e-03
9800,28,-4.000000000000000e-04,4.363709313977206e-03,-4.763709313977206e-03
9800,29,3.000000000000000e-04,4.265824268197054e-03,-3.965824268197054e-03
9900,0,1.200000000000000e-01,7.253709934990736e-03,1.127462900650093e-01
9900,1,-8.000000000000000e-02,7.163709934990736e-03,-8.716370993499074e-02
9900,2,5.500000000000000e-02,7.133777434990736e-03,4.786622256500926e-02
9900,3,4.000000000000000e-02,7.062639833740736e-03,3.293736016625926e-02
9900,4,-3.000000000000000e-02,6.961662292093550e-03,-3.696166229209355e-02
9900,5,2.500000000000000e-02,6.883487683071304e-03,1.811651231692870e-02
9900,6,2.000000000000000e-02,6.786856228832892e-03,1.321314377116711e-02
9900,7,-1.800000000000000e-02,6.675659616138551e-03,-2.467565961613855e-02
9900,8,1.500000000000000e-02,6.578546785660856e-03,8.421453214339143e-03
9900,9,1.200000000000000e-02,6.470766632166028e-03,5.529233367833972e-03
9900,10,-1.000000000000000e-02,6.354713994707289e-03,-1.635471399470729e-02
9900,11,8.999999999999999e-03,6.247031752029493e-03,2.752968247970506e-03
9900,12,8.000000000000000e-03,6.133487887853788e-03,1.866512112146212e-03
9900,13,-7.000000000000000e-03,6.014965918455664e-03,-1.301496591845566e-02
9900,14,6.000000000000000e-03,5.902849538259169e-03,9.715046174083117e-05
9900,15,5.000000000000000e-03,5.787410380054738e-03,-7.874103800547382e-04
9900,16,-4.000000000000000e-03,5.669519912380108e-03,-9.669519912380107e-03
9900,17,3.500000000000000e-03,5.556044130317573e-03,-2.056044130317573e-03
9900,18,3.000000000000000e-03,5.441390164476337e-03,-2.441390164476337e-03
9900,19,-2.500000000000000e-03,5.326034027173958e-03,-7.826034027173958e-03
9900,20,2.000000000000000e-03,5.214196714828138e-03,-3.214196714828138e-03
9900,21,1.800000000000000e-03,5.102536962167504e-03,-3.302536962167504e-03
9900,22,-1.500000000000000e-03,4.991285850611276e-03,-6.491285850611275e-03
9900,23,1.200000000000000e-03,4.882995382395724e-03,-3.682995382395724e-03
9900,24,1.000000000000000e-03,4.775672924756892e-03,-3.775672924756892e-03
9900,25,-8.000000000000000e-04,4.669532271355557e-03,-5.469532271355557e-03
9900,26,5.999999999999999e-04,4.565981755205496e-03,-3.965981755205497e-03
9900,27,5.000000000000000e-04,4.464000474120364e-03,-3.964000474120363e-03
9900,28,-4.000000000000000e-04,4.363709313977206e-03,-4.763709313977206e-03
9900,29,3.000000000000000e-04,4.265824268197054e-03,-3.965824268197054e-03
10000,0,1.200000000000000e-01,7.253709934990736e-03,1.127462900650093e-01
10000,1,-8.000000000000000e-02,7.163709934990736e-03,-8.716370993499074e-02
10000,2,5.500000000000000e-02,7.133777434990736e-03,4.786622256500926e-02
10000,3,4.000000000000000e-02,7.062639833740736e-03,3.293736016625926e-02
10000,4,-3.000000000000000e-02,6.961662292093550e-03,-3.696166229209355e-02
10000,5,2.500000000000000e-02,6.883487683071304e-03,1.811651231692870e-02
10000,6,2.000000000000000e-02,6.786856228832892e-03,1.321314377116711e-02
10000,7,-1.800000000000000e-02,6.675659616138551e-03,-2.467565961613855e-02
10000,8,1.500000000000000e-02,6.578546785660856e-03,8.421453214339143e-03
10000,9,1.200000000000000e-02,6.470766632166028e-03,5.529233367833972e-03
10000,10,-1.000000000000000e-02,6.354713994707289e-03,-1.635471399470729e-02
10000,11,8.999999999999999e-03,6.247031752029493e-03,2.752968247970506e-03
10000,12,8.000000000000000e-03,6.133487887853788e-03,1.866512112146212e-03
10000,13,-7.000000000000000e-03,6.014965918455664e-03,-1.301496591845566e-02
10000,14,6.000000000000000e-03,5.902849538259169e-03,9.715046174083117e-05
10000,15,5.000000000000000e-03,5.787410380054738e-03,-7.874103800547382e-04
10000,16,-4.000000000000000e-03,5.669519912380108e-03,-9.669519912380107e-03
10000,17,3.500000000000000e-03,5.556044130317573e-03,-2.056044130317573e-03
10000,18,3.000000000000000e-03,5.441390164476337e-03,-2.441390164476337e-03
10000,19,-2.500000000000000e-03,5.326034027173958e-03,-7.826034027173958e-03
10000,20,2.000000000000000e-03,5.214196714828138e-03,-3.214196714828138e-03
10000,21,1.800000000000000e-03,5.102536962167504e-03,-3.302536962167504e-03
10000,22,-1.500000000000000e-03,4.991285850611276e-03,-6.491285850611275e-03
10000,23,1.200000000000000e-03,4.882995382395724e-03,-3.682995382395724e-03
10000,24,1.000000000000000e-03,4.775672924756892e-03,-3.775672924756892e-03
10000,25,-8.000000000000000e-04,4.669532271355557e-03,-5.469532271355557e-03
10000,26,5.999999999999999e-04,4.565981755205496e-03,-3.965981755205497e-03
10000,27,5.000000000000000e-04,4.464000474120364e-03,-3.964000474120363e-03
10000,28,-4.000000000000000e-04,4.363709313977206e-03,-4.763709313977206e-03
10000,29,3.000000000000000e-04,4.265824268197054e-03,-3.965824268197054e-03
10100,0,1.200000000000000e-01,7.253709934990736e-03,1.127462900650093e-01
10100,1,-8.000000000000000e-02,7.163709934990736e-03,-8.716370993499074e-02
10100,2,5.500000000000000e-02,7.133777434990736e-03,4.786622256500926e-02
10100,3,4.000000000000000e-02,7.062639833740736e-03,3.293736016625926e-02
10100,4,-3.000000000000000e-02,6.961662292093550e-03,-3.696166229209355e-02
10100,5,2.500000000000000e-02,6.883487683071304e-03,1.811651231692870e-02
10100,6,2.000000000000000e-02,6.786856228832892e-03,1.321314377116711e-02
10100,7,-1.800000000000000e-02,6.675659616138551e-03,-2.467565961613855e-02
10100,8,1.500000000000000e-02,6.578546785660856e-03,8.421453214339143e-03
10100,9,1.200000000000000e-02,6.470766632166028e-03,5.529233367833972e-03
10100,10,-1.000000000000000e-02,6.354713994707289e-03,-1.635471399470729e-02
10100,11,8.999999999999999e-03,6.247031752029493e-03,2.752968247970506e-03
10100,12,8.000000000000000e-03,6.133487887853788e-03,1.866512112146212e-03
10100,13,-7.000000000000000e-03,6.014965918455664e-03,-1.301496591845566e-02
10100,14,6.000000000000000e-03,5.902849538259169e-03,9.715046174083117e-05
10100,15,5.000000000000000e-03,5.787410380054738e-03,-7.874103800547382e-04
10100,16,-4.000000000000000e-03,5.669519912380108e-03,-9.669519912380107e-03
10100,17,3.500000000000000e-03,5.556044130317573e-03,-2.056044130317573e-03
10100,18,3.000000000000000e-03,5.441390164476337e-03,-2.441390164476337e-03
10100,19,-2.500000000000000e-03,5.326034027173958e-03,-7.826034027173958e-03
10100,20,2.000000000000000e-03,5.214196714828138e-03,-3.214196714828138e-03
10100,21,1.800000000000000e-03,5.102536962167504e-03,-3.302536962167504e-03
10100,22,-1.500000000000000e-03,4.991285850611276e-03,-6.491285850611275e-03
10100,23,1.200000000000000e-03,4.882995382395724e-03,-3.682995382395724e-03
10100,24,1.000000000000000e-03,4.775672924756892e-03,-3.775672924756892e-03
10100,25,-8.000000000000000e-04,4.669532271355557e-03,-5.469532271355557e-03
10100,26,5.999999999999999e-04,4.565981755205496e-03,-3.965981755205497e-03
10100,27,5.000000000000000e-04,4.464000474120364e-03,-3.964000474120363e-03
10100,28,-4.000000000000000e-04,4.363709313977206e-03,-4.763709313977206e-03
10100,29,3.000000000000000e-04,4.265824268197054e-03,-3.965824268197054e-03
10200,0,1.200000000000000e-01,7.253709934990736e-03,1.127462900650093e-01
10200,1,-8.000000000000000e-02,7.163709934990736e-03,-8.716370993499074e-02
10200,2,5.500000000000000e-02,7.133777434990736e-03,4.786622256500926e-02
10200,3,4.000000000000000e-02,7.062639833740736e-03,3.293736016625926e-02
10200,4,-3.000000000000000e-02,6.961662292093550e-03,-3.696166229209355e-02
10200,5,2.500000000000000e-02,6.883487683071304e-03,1.811651231692870e-02
10200,6,2.000000000000000e-02,6.786856228832892e-03,1.321314377116711e-02
10200,7,-1.800000000000000e-02,6.675659616138551e-03,-2.467565961613855e-02
10200,8,1.500000000000000e-02,6.578546785660856e-03,8.421453214339143e-03
10200,9,1.200000000000000e-02,6.470766632166028e-03,5.529233367833972e-03
10200,10,-1.000000000000000e-02,6.354713994707289e-03,-1.635471399470729e-02
10200,11,8.999999999999999e-03,6.247031752029493e-03,2.752968247970506e-03
10200,12,8.000000000000000e-03,6.133487887853788e-03,1.866512112146212e-03
10200,13,-7.000000000000000e-03,6.014965918455664e-03,-1.301496591845566e-02
10200,14,6.000000000000000e-03,5.902849538259169e-03,9.715046174083117e-05
10200,15,5.000000000000000e-03,5.787410380054738e-03,-7.874103800547382e-04
10200,16,-4.000000000000000e-03,5.669519912380108e-03,-9.669519912380107e-03
10200,17,3.500000000000000e-03,5.556044130317573e-03,-2.056044130317573e-03
10200,18,3.000000000000000e-03,5.441390164476337e-03,-2.441390164476337e-03
10200,19,-2.500000000000000e-03,5.326034027173958e-03,-7.826034027173958e-03
10200,20,2.000000000000000e-03,5.214196714828138e-03,-3.214196714828138e-03
10200,21,1.800000000000000e-03,5.102536962167504e-03,-3.302536962167504e-03
10200,22,-1.500000000000000e-03,4.991285850611276e-03,-6.491285850611275e-03
10200,23,1.200000000000000e-03,4.882995382395724e-03,-3.682995382395724e-03
10200,24,1.000000000000000e-03,4.775672924756892e-03,-3.775672924756892e-03
10200,25,-8.000000000000000e-04,4.669532271355557e-03,-5.469532271355557e-03
10200,26,5.999999999999999e-04,4.565981755205496e-03,-3.965981755205497e-03
10200,27,5.000000000000000e-04,4.464000474120364e-03,-3.964000474120363e-03
10200,28,-4.000000000000000e-04,4.363709313977206e-03,-4.763709313977206e-03
10200,29,3.000000000000000e-04,4.265824268197054e-03,-3.965824268197054e-03
10300,0,1.200000000000000e-01,7.253709934990736e-03,1.127462900650093e-01
10300,1,-8.000000000000000e-02,7.163709934990736e-03,-8.716370993499074e-02
10300,2,5.500000000000000e-02,7.133777434990736e-03,4.786622256500926e-02
10300,3,4.000000000000000e-02,7.062639833740736e-03,3.293736016625926e-02
10300,4,-3.000000000000000e-02,6.961662292093550e-03,-3.696166229209355e-02
10300,5,2.500000000000000e-02,6.883487683071304e-03,1.811651231692870e-02
10300,6,2.000000000000000e-02,6.786856228832892e-03,1.321314377116711e-02
10300,7,-1.800000000000000e-02,6.675659616138551e-03,-2.467565961613855e-02
10300,8,1.500000000000000e-02,6.578546785660856e-03,8.421453214339143e-03
10300,9,1.200000000000000e-02,6.470766632166028e-03,5.529233367833972e-03
10300,10,-1.000000000000000e-02,6.354713994707289e-03,-1.635471399470729e-02
10300,11,8.999999999999999e-03,6.247031752029493e-03,2.752968247970506e-03
10300,12,8.000000000000000e-03,6.133487887853788e-03,1.866512112146212e-03
10300,13,-7.000000000000000e-03,6.014965918455664e-03,-1.301496591845566e-02
10300,14,6.000000000000000e-03,5.902849538259169e-03,9.715046174083117e-05
10300,15,5.000000000000000e-03,5.787410380054738e-03,-7.874103800547382e-04
10300,16,-4.000000000000000e-03,5.669519912380108e-03,-9.669519912380107e-03
10300,17,3.500000000000000e-03,5.556044130317573e-03,-2.056044130317573e-03
10300,18,3.000000000000000e-03,5.441390164476337e-03,-2.441390164476337e-03
10300,19,-2.500000000000000e-03,5.326034027173958e-03,-7.826034027173958e-03
10300,20,2.000000000000000e-03,5.214196714828138e-03,-3.214196714828138e-03
10300,21,1.800000000000000e-03,5.102536962167504e-03,-3.302536962167504e-03
10300,22,-1.500000000000000e-03,4.991285850611276e-03,-6.491285850611275e-03
10300,23,1.200000000000000e-03,4.882995382395724e-03,-3.682995382395724e-03
10300,24,1.000000000000000e-03,4.775672924756892e-03,-3.775672924756892e-03
10300,25,-8.000000000000000e-04,4.669532271355557e-03,-5.469532271355557e-03
10300,26,5.999999999999999e-04,4.565981755205496e-03,-3.965981755205497e-03
10300,27,5.000000000000000e-04,4.464000474120364e-03,-3.964000474120363e-03
10300,28,-4.000000000000000e-04,4.363709313977206e-03,-4.763709313977206e-03
10300,29,3.000000000000000e-04,4.265824268197054e-03,-3.965824268197054e-03
10400,0,1.200000000000000e-01,7.253709934990736e-03,1.127462900650093e-01
10400,1,-8.000000000000000e-02,7.163709934990736e-03,-8.716370993499074e-02
10400,2,5.500000000000000e-02,7.133777434990736e-03,4.786622256500926e-02
10400,3,4.000000000000000e-02,7.062639833740736e-03,3.293736016625926e-02
10400,4,-3.000000000000000e-02,6.961662292093550e-03,-3.696166229209355e-02
10400,5,2.500000000000000e-02,6.883487683071304e-03,1.811651231692870e-02
10400,6,2.000000000000000e-02,6.786856228832892e-03,1.321314377116711e-02
10400,7,-1.800000000000000e-02,6.675659616138551e-03,-2.467565961613855e-02
10400,8,1.500000000000000e-02,6.578546785660856e-03,8.421453214339143e-03
10400,9,1.200000000000000e-02,6.470766632166028e-03,5.529233367833972e-03
10400,10,-1.000000000000000e-02,6.354713994707289e-03,-1.635471399470729e-02
10400,11,8.999999999999999e-03,6.247031752029493e-03,2.752968247970506e-03
10400,12,8.000000000000000e-03,6.133487887853788e-03,1.866512112146212e-03
10400,13,-7.000000000000000e-03,6.014965918455664e-03,-1.301496591845566e-02
10400,14,6.000000000000000e-03,5.902849538259169e-03,9.715046174083117e-05
10400,15,5.000000000000000e-03,5.787410380054738e-03,-7.874103800547382e-04
10400,16,-4.000000000000000e-03,5.669519912380108e-03,-9.669519912380107e-03
10400,17,3.500000000000000e-03,5.556044130317573e-03,-2.056044130317573e-03
10400,18,3.000000000000000e-03,5.441390164476337e-03,-2.441390164476337e-03
10400,19,-2.500000000000000e-03,5.326034027173958e-03,-7.826034027173958e-03
10400,20,2.000000000000000e-03,5.214196714828138e-03,-3.214196714828138e-03
10400,21,1.800000000000000e-03,5.102536962167504e-03,-3.302536962167504e-03
10400,22,-1.500000000000000e-03,4.991285850611276e-03,-6.491285850611275e-03
10400,23,1.200000000000000e-03,4.882995382395724e-03,-3.682995382395724e-03
10400,24,1.000000000000000e-03,4.775672924756892e-03,-3.775672924756892e-03
10400,25,-8.000000000000000e-04,4.669532271355557e-03,-5.469532271355557e-03
10400,26,5.999999999999999e-04,4.565981755205496e-03,-3.965981755205497e-03
10400,27,5.000000000000000e-04,4.464000474120364e-03,-3.964000474120363e-03
10400,28,-4.000000000000000e-04,4.363709313977206e-03,-4.763709313977206e-03
10400,29,3.000000000000000e-04,4.265824268197054e-03,-3.965824268197054e-03
10500,0,1.200000000000000e-01,7.253709934990736e-03,1.127462900650093e-01
10500,1,-8.000000000000000e-02,7.163709934990736e-03,-8.716370993499074e-02
10500,2,5.500000000000000e-02,7.133777434990736e-03,4.786622256500926e-02
10500,3,4.000000000000000e-02,7.062639833740736e-03,3.293736016625926e-02
10500,4,-3.000000000000000e-02,6.961662292093550e-03,-3.696166229209355e-02
10500,5,2.500000000000000e-02,6.883487683071304e-03,1.811651231692870e-02
10500,6,2.000000000000000e-02,6.786856228832892e-03,1.321314377116711e-02
10500,7,-1.800000000000000e-02,6.675659616138551e-03,-2.467565961613855e-02
10500,8,1.500000000000000e-02,6.578546785660856e-03,8.421453214339143e-03
10500,9,1.200000000000000e-02,6.470766632166028e-03,5.529233367833972e-03
10500,10,-1.000000000000000e-02,6.354713994707289e-03,-1.635471399470729e-02
10500,11,8.999999999999999e-03,6.247031752029493e-03,2.752968247970506e-03
10500,12,8.000000000000000e-03,6.133487887853788e-03,1.866512112146212e-03
10500,13,-7.000000000000000e-03,6.014965918455664e-03,-1.301496591845566e-02
10500,14,6.000000000000000e-03,5.902849538259169e-03,9.715046174083117e-05
10500,15,5.000000000000000e-03,5.787410380054738e-03,-7.874103800547382e-04
10500,16,-4.000000000000000e-03,5.669519912380108e-03,-9.669519912380107e-03
10500,17,3.500000000000000e-03,5.556044130317573e-03,-2.056044130317573e-03
10500,18,3.000000000000000e-03,5.441390164476337e-03,-2.441390164476337e-03
10500,19,-2.500000000000000e-03,5.326034027173958e-03,-7.826034027173958e-03
10500,20,2.000000000000000e-03,5.214196714828138e-03,-3.214196714828138e-03
10500,21,1.800000000000000e-03,5.102536962167504e-03,-3.302536962167504e-03
10500,22,-1.500000000000000e-03,4.991285850611276e-03,-6.491285850611275e-03
10500,23,1.200000000000000e-03,4.882995382395724e-03,-3.682995382395724e-03
10500,24,1.000000000000000e-03,4.775672924756892e-03,-3.775672924756892e-03
10500,25,-8.000000000000000e-04,4.669532271355557e-03,-5.469532271355557e-03
10500,26,5.999999999999999e-04,4.565981755205496e-03,-3.965981755205497e-03
10500,27,5.000000000000000e-04,4.464000474120364e-03,-3.964000474120363e-03
10500,28,-4.000000000000000e-04,4.363709313977206e-03,-4.763709313977206e-03
10500,29,3.000000000000000e-04,4.265824268197054e-03,-3.965824268197054e-03
10600,0,1.200000000000000e-01,7.253709934990736e-03,1.127462900650093e-01
10600,1,-8.000000000000000e-02,7.163709934990736e-03,-8.716370993499074e-02
10600,2,5.500000000000000e-02,7.133777434990736e-03,4.786622256500926e-02
10600,3,4.000000000000000e-02,7.062639833740736e-03,3.293736016625926e-02
10600,4,-3.000000000000000e-02,6.961662292093550e-03,-3.696166229209355e-02
10600,5,2.500000000000000e-02,6.883487683071304e-03,1.811651231692870e-02
10600,6,2.000000000000000e-02,6.786856228832892e-03,1.321314377116711e-02
10600,7,-1.800000000000000e-02,6.675659616138551e-03,-2.467565961613855e-02
10600,8,1.500000000000000e-02,6.578546785660856e-03,8.421453214339143e-03
10600,9,1.200000000000000e-02,6.470766632166028e-03,5.529233367833972e-03
10600,10,-1.000000000000000e-02,6.354713994707289e-03,-1.635471399470729e-02
10600,11,8.999999999999999e-03,6.247031752029493e-03,2.752968247970506e-03
10600,12,8.000000000000000e-03,6.133487887853788e-03,1.866512112146212e-03
10600,13,-7.000000000000000e-03,6.014965918455664e-03,-1.301496591845566e-02
10600,14,6.000000000000000e-03,5.902849538259169e-03,9.715046174083117e-05
10600,15,5.000000000000000e-03,5.787410380054738e-03,-7.874103800547382e-04
10600,16,-4.000000000000000e-03,5.669519912380108e-03,-9.669519912380107e-03
10600,17,3.500000000000000e-03,5.556044130317573e-03,-2.056044130317573e-03
10600,18,3.000000000000000e-03,5.441390164476337e-03,-2.441390164476337e-03
10600,19,-2.500000000000000e-03,5.326034027173958e-03,-7.826034027173958e-03
10600,20,2.000000000000000e-03,5.214196714828138e-03,-3.214196714828138e-03
10600,21,1.800000000000000e-03,5.102536962167504e-03,-3.302536962167504e-03
10600,22,-1.500000000000000e-03,4.991285850611276e-03,-6.491285850611275e-03
10600,23,1.200000000000000e-03,4.882995382395724e-03,-3.682995382395724e-03
10600,24,1.000000000000000e-03,4.775672924756892e-03,-3.775672924756892e-03
10600,25,-8.000000000000000e-04,4.669532271355557e-03,-5.469532271355557e-03
10600,26,5.999999999999999e-04,4.565981755205496e-03,-3.965981755205497e-03
10600,27,5.000000000000000e-04,4.464000474120364e-03,-3.964000474120363e-03
10600,28,-4.000000000000000e-04,4.363709313977206e-03,-4.763709313977206e-03
10600,29,3.000000000000000e-04,4.265824268197054e-03,-3.965824268197054e-03
10700,0,1.200000000000000e-01,7.253709934990736e-03,1.127462900650093e-01
10700,1,-8.000000000000000e-02,7.163709934990736e-03,-8.716370993499074e-02
10700,2,5.500000000000000e-02,7.133777434990736e-03,4.786622256500926e-02
10700,3,4.000000000000000e-02,7.062639833740736e-03,3.293736016625926e-02
10700,4,-3.000000000000000e-02,6.961662292093550e-03,-3.696166229209355e-02
10700,5,2.500000000000000e-02,6.883487683071304e-03,1.811651231692870e-02
10700,6,2.000000000000000e-02,6.786856228832892e-03,1.321314377116711e-02
10700,7,-1.800000000000000e-02,6.675659616138551e-03,-2.467565961613855e-02
10700,8,1.500000000000000e-02,6.578546785660856e-03,8.421453214339143e-03
10700,9,1.200000000000000e-02,6.470766632166028e-03,5.529233367833972e-03
10700,10,-1.000000000000000e-02,6.354713994707289e-03,-1.635471399470729e-02
10700,11,8.999999999999999e-03,6.247031752029493e-03,2.752968247970506e-03
10700,12,8.000000000000000e-03,6.133487887853788e-03,1.866512112146212e-03
10700,13,-7.000000000000000e-03,6.014965918455664e-03,-1.301496591845566e-02
10700,14,6.000000000000000e-03,5.902849538259169e-03,9.715046174083117e-05
10700,15,5.000000000000000e-03,5.787410380054738e-03,-7.874103800547382e-04
10700,16,-4.000000000000000e-03,5.669519912380108e-03,-9.669519912380107e-03
10700,17,3.500000000000000e-03,5.556044130317573e-03,-2.056044130317573e-03
10700,18,3.000000000000000e-03,5.441390164476337e-03,-2.441390164476337e-03
10700,19,-2.500000000000000e-03,5.326034027173958e-03,-7.826034027173958e-03
10700,20,2.000000000000000e-03,5.214196714828138e-03,-3.214196714828138e-03
10700,21,1.800000000000000e-03,5.102536962167504e-03,-3.302536962167504e-03
10700,22,-1.500000000000000e-03,4.991285850611276e-03,-6.491285850611275e-03
10700,23,1.200000000000000e-03,4.882995382395724e-03,-3.682995382395724e-03
10700,24,1.000000000000000e-03,4.775672924756892e-03,-3.775672924756892e-03
10700,25,-8.000000000000000e-04,4.669532271355557e-03,-5.469532271355557e-03
10700,26,5.999999999999999e-04,4.565981755205496e-03,-3.965981755205497e-03
10700,27,5.000000000000000e-04,4.464000474120364e-03,-3.964000474120363e-03
10700,28,-4.000000000000000e-04,4.363709313977206e-03,-4.763709313977206e-03
10700,29,3.000000000000000e-04,4.265824268197054e-03,-3.965824268197054e-03
10800,0,1.200000000000000e-01,7.253709934990736e-03,1.127462900650093e-01
10800,1,-8.000000000000000e-02,7.163709934990736e-03,-8.716370993499074e-02
10800,2,5.500000000000000e-02,7.133777434990736e-03,4.786622256500926e-02
10800,3,4.000000000000000e-02,7.062639833740736e-03,3.293736016625926e-02
10800,4,-3.000000000000000e-02,6.961662292093550e-03,-3.696166229209355e-02
10800,5,2.500000000000000e-02,6.883487683071304e-03,1.811651231692870e-02
10800,6,2.000000000000000e-02,6.786856228832892e-03,1.321314377116711e-02
10800,7,-1.800000000000000e-02,6.675659616138551e-03,-2.467565961613855e-02
10800,8,1.500000000000000e-02,6.578546785660856e-03,8.421453214339143e-03
10800,9,1.200000000000000e-02,6.470766632166028e-03,5.529233367833972e-03
10800,10,-1.000000000000000e-02,6.354713994707289e-03,-1.635471399470729e-02
10800,11,8.999999999999999e-03,6.247031752029493e-03,2.752968247970506e-03
10800,12,8.000000000000000e-03,6.133487887853788e-03,1.866512112146212e-03
10800,13,-7.000000000000000e-03,6.014965918455664e-03,-1.301496591845566e-02
10800,14,6.000000000000000e-03,5.902849538259169e-03,9.715046174083117e-05
10800,15,5.000000000000000e-03,5.787410380054738e-03,-7.874103800547382e-04
10800,16,-4.000000000000000e-03,5.669519912380108e-03,-9.669519912380107e-03
10800,17,3.500000000000000e-03,5.556044130317573e-03,-2.056044130317573e-03
10800,18,3.000000000000000e-03,5.441390164476337e-03,-2.441390164476337e-03
10800,19,-2.500000000000000e-03,5.326034027173958e-03,-7.826034027173958e-03
10800,20,2.000000000000000e-03,5.214196714828138e-03,-3.214196714828138e-03
10800,21,1.800000000000000e-03,5.102536962167504e-03,-3.302536962167504e-03
10800,22,-1.500000000000000e-03,4.991285850611276e-03,-6.491285850611275e-03
10800,23,1.200000000000000e-03,4.882995382395724e-03,-3.682995382395724e-03
10800,24,1.000000000000000e-03,4.775672924756892e-03,-3.775672924756892e-03
10800,25,-8.000000000000000e-04,4.669532271355557e-03,-5.469532271355557e-03
10800,26,5.999999999999999e-04,4.565981755205496e-03,-3.965981755205497e-03
10800,27,5.000000000000000e-04,4.464000474120364e-03,-3.964000474120363e-03
10800,28,-4.000000000000000e-04,4.363709313977206e-03,-4.763709313977206e-03
10800,29,3.000000000000000e-04,4.265824268197054e-03,-3.965824268197054e-03
10900,0,1.200000000000000e-01,7.253709934990736e-03,1.127462900650093e-01
10900,1,-8.000000000000000e-02,7.163709934990736e-03,-8.716370993499074e-02
10900,2,5.500000000000000e-02,7.133777434990736e-03,4.786622256500926e-02
10900,3,4.000000000000000e-02,7.062639833740736e-03,3.293736016625926e-02
10900,4,-3.000000000000000e-02,6.961662292093550e-03,-3.696166229209355e-02
10900,5,2.500000000000000e-02,6.883487683071304e-03,1.811651231692870e-02
10900,6,2.000000000000000e-02,6.786856228832892e-03,1.321314377116711e-02
10900,7,-1.800000000000000e-02,6.675659616138551e-03,-2.467565961613855e-02
10900,8,1.500000000000000e-02,6.578546785660856e-03,8.421453214339143e-03
10900,9,1.200000000000000e-02,6.470766632166028e-03,5.529233367833972e-03
10900,10,-1.000000000000000e-02,6.354713994707289e-03,-1.635471399470729e-02
10900,11,8.999999999999999e-03,6.247031752029493e-03,2.752968247970506e-03
10900,12,8.000000000000000e-03,6.133487887853788e-03,1.866512112146212e-03
10900,13,-7.000000000000000e-03,6.014965918455664e-03,-1.301496591845566e-02
10900,14,6.000000000000000e-03,5.902849538259169e-03,9.715046174083117e-05
10900,15,5.000000000000000e-03,5.787410380054738e-03,-7.874103800547382e-04
10900,16,-4.000000000000000e-03,5.669519912380108e-03,-9.669519912380107e-03
10900,17,3.500000000000000e-03,5.556044130317573e-03,-2.056044130317573e-03
10900,18,3.000000000000000e-03,5.441390164476337e-03,-2.441390164476337e-03
10900,19,-2.500000000000000e-03,5.326034027173958e-03,-7.826034027173958e-03
10900,20,2.000000000000000e-03,5.214196714828138e-03,-3.214196714828138e-03
10900,21,1.800000000000000e-03,5.102536962167504e-03,-3.302536962167504e-03
10900,22,-1.500000000000000e-03,4.991285850611276e-03,-6.491285850611275e-03
10900,23,1.200000000000000e-03,4.882995382395724e-03,-3.682995382395724e-03
10900,24,1.000000000000000e-03,4.775672924756892e-03,-3.775672924756892e-03
10900,25,-8.000000000000000e-04,4.669532271355557e-03,-5.469532271355557e-03
10900,26,5.999999999999999e-04,4.565981755205496e-03,-3.965981755205497e-03
10900,27,5.000000000000000e-04,4.464000474120364e-03,-3.964000474120363e-03
10900,28,-4.000000000000000e-04,4.363709313977206e-03,-4.763709313977206e-03
10900,29,3.000000000000000e-04,4.265824268197054e-03,-3.965824268197054e-03
11000,0,1.200000000000000e-01,7.253709934990736e-03,1.127462900650093e-01
11000,1,-8.000000000000000e-02,7.163709934990736e-03,-8.716370993499074e-02
11000,2,5.500000000000000e-02,7.133777434990736e-03,4.786622256500926e-02
11000,3,4.000000000000000e-02,7.062639833740736e-03,3.293736016625926e-02
11000,4,-3.000000000000000e-02,6.961662292093550e-03,-3.696166229209355e-02
11000,5,2.500000000000000e-02,6.883487683071304e-03,1.811651231692870e-02
11000,6,2.000000000000000e-02,6.786856228832892e-03,1.321314377116711e-02
11000,7,-1.800000000000000e-02,6.675659616138551e-03,-2.467565961613855e-02
11000,8,1.500000000000000e-02,6.578546785660856e-03,8.421453214339143e-03
11000,9,1.200000000000000e-02,6.470766632166028e-03,5.529233367833972e-03
11000,10,-1.000000000000000e-02,6.354713994707289e-03,-1.635471399470729e-02
11000,11,8.999999999999999e-03,6.247031752029493e-03,2.752968247970506e-03
11000,12,8.000000000000000e-03,6.133487887853788e-03,1.866512112146212e-03
11000,13,-7.000000000000000e-03,6.014965918455664e-03,-1.301496591845566e-02
11000,14,6.000000000000000e-03,5.902849538259169e-03,9.715046174083117e-05
11000,15,5.000000000000000e-03,5.787410380054738e-03,-7.874103800547382e-04
11000,16,-4.000000000000000e-03,5.669519912380108e-03,-9.669519912380107e-03
11000,17,3.500000000000000e-03,5.556044130317573e-03,-2.056044130317573e-03
11000,18,3.000000000000000e-03,5.441390164476337e-03,-2.441390164476337e-03
11000,19,-2.500000000000000e-03,5.326034027173958e-03,-7.826034027173958e-03
11000,20,2.000000000000000e-03,5.214196714828138e-03,-3.214196714828138e-03
11000,21,1.800000000000000e-03,5.102536962167504e-03,-3.302536962167504e-03
11000,22,-1.500000000000000e-03,4.991285850611276e-03,-6.491285850611275e-03
11000,23,1.200000000000000e-03,4.882995382395724e-03,-3.682995382395724e-03
11000,24,1.000000000000000e-03,4.775672924756892e-03,-3.775672924756892e-03
11000,25,-8.000000000000000e-04,4.669532271355557e-03,-5.469532271355557e-03
11000,26,5.999999999999999e-04,4.565981755205496e-03,-3.965981755205497e-03
11000,27,5.000000000000000e-04,4.464000474120364e-03,-3.964000474120363e-03
11000,28,-4.000000000000000e-04,4.363709313977206e-03,-4.763709313977206e-03
11000,29,3.000000000000000e-04,4.265824268197054e-03,-3.965824268197054e-03
11100,0,1.200000000000000e-01,7.253709934990736e-03,1.127462900650093e-01
11100,1,-8.000000000000000e-02,7.163709934990736e-03,-8.716370993499074e-02
11100,2,5.500000000000000e-02,7.133777434990736e-03,4.786622256500926e-02
11100,3,4.000000000000000e-02,7.062639833740736e-03,3.293736016625926e-02
11100,4,-3.000000000000000e-02,6.961662292093550e-03,-3.696166229209355e-02
11100,5,2.500000000000000e-02,6.883487683071304e-03,1.811651231692870e-02
11100,6,2.000000000000000e-02,6.786856228832892e-03,1.321314377116711e-02
11100,7,-1.800000000000000e-02,6.675659616138551e-03,-2.467565961613855e-02
11100,8,1.500000000000000e-02,6.578546785660856e-03,8.421453214339143e-03
11100,9,1.200000000000000e-02,6.470766632166028e-03,5.529233367833972e-03
11100,10,-1.000000000000000e-02,6.354713994707289e-03,-1.635471399470729e-02
11100,11,8.999999999999999e-03,6.247031752029493e-03,2.752968247970506e-03
11100,12,8.000000000000000e-03,6.133487887853788e-03,1.866512112146212e-03
11100,13,-7.000000000000000e-03,6.014965918455664e-03,-1.301496591845566e-02
11100,14,6.000000000000000e-03,5.902849538259169e-03,9.715046174083117e-05
11100,15,5.000000000000000e-03,5.787410380054738e-03,-7.874103800547382e-04
11100,16,-4.000000000000000e-03,5.669519912380108e-03,-9.669519912380107e-03
11100,17,3.500000000000000e-03,5.556044130317573e-03,-2.056044130317573e-03
11100,18,3.000000000000000e-03,5.441390164476337e-03,-2.441390164476337e-03
11100,19,-2.500000000000000e-03,5.326034027173958e-03,-7.826034027173958e-03
11100,20,2.000000000000000e-03,5.214196714828138e-03,-3.214196714828138e-03
11100,21,1.800000000000000e-03,5.102536962167504e-03,-3.302536962167504e-03
11100,22,-1.500000000000000e-03,4.991285850611276e-03,-6.491285850611275e-03
11100,23,1.200000000000000e-03,4.882995382395724e-03,-3.682995382395724e-03
11100,24,1.000000000000000e-03,4.775672924756892e-03,-3.775672924756892e-03
11100,25,-8.000000000000000e-04,4.669532271355557e-03,-5.469532271355557e-03
11100,26,5.999999999999999e-04,4.565981755205496e-03,-3.965981755205497e-03
11100,27,5.000000000000000e-04,4.464000474120364e-03,-3.964000474120363e-03
11100,28,-4.000000000000000e-04,4.363709313977206e-03,-4.763709313977206e-03
11100,29,3.000000000000000e-04,4.265824268197054e-03,-3.965824268197054e-03
11200,0,1.200000000000000e-01,7.253709934990736e-03,1.127462900650093e-01
11200,1,-8.000000000000000e-02,7.163709934990736e-03,-8.716370993499074e-02
11200,2,5.500000000000000e-02,7.133777434990736e-03,4.786622256500926e-02
11200,3,4.000000000000000e-02,7.062639833740736e-03,3.293736016625926e-02
11200,4,-3.000000000000000e-02,6.961662292093550e-03,-3.696166229209355e-02
11200,5,2.500000000000000e-02,6.883487683071304e-03,1.811651231692870e-02
11200,6,2.000000000000000e-02,6.786856228832892e-03,1.321314377116711e-02
11200,7,-1.800000000000000e-02,6.675659616138551e-03,-2.467565961613855e-02
11200,8,1.500000000000000e-02,6.578546785660856e-03,8.421453214339143e-03
11200,9,1.200000000000000e-02,6.470766632166028e-03,5.529233367833972e-03
11200,10,-1.000000000000000e-02,6.354713994707289e-03,-1.635471399470729e-02
11200,11,8.999999999999999e-03,6.247031752029493e-03,2.752968247970506e-03
11200,12,8.000000000000000e-03,6.133487887853788e-03,1.866512112146212e-03
11200,13,-7.000000000000000e-03,6.014965918455664e-03,-1.301496591845566e-02
11200,14,6.000000000000000e-03,5.902849538259169e-03,9.715046174083117e-05
11200,15,5.000000000000000e-03,5.787410380054738e-03,-7.874103800547382e-04
11200,16,-4.000000000000000e-03,5.669519912380108e-03,-9.669519912380107e-03
11200,17,3.500000000000000e-03,5.556044130317573e-03,-2.056044130317573e-03
11200,18,3.000000000000000e-03,5.441390164476337e-03,-2.441390164476337e-03
11200,19,-2.500000000000000e-03,5.326034027173958e-03,-7.826034027173958e-03
11200,20,2.000000000000000e-03,5.214196714828138e-03,-3.214196714828138e-03
11200,21,1.800000000000000e-03,5.102536962167504e-03,-3.302536962167504e-03
11200,22,-1.500000000000000e-03,4.991285850611276e-03,-6.491285850611275e-03
11200,23,1.200000000000000e-03,4.882995382395724e-03,-3.682995382395724e-03
11200,24,1.000000000000000e-03,4.775672924756892e-03,-3.775672924756892e-03
11200,25,-8.000000000000000e-04,4.669532271355557e-03,-5.469532271355557e-03
11200,26,5.999999999999999e-04,4.565981755205496e-03,-3.965981755205497e-03
11200,27,5.000000000000000e-04,4.464000474120364e-03,-3.964000474120363e-03
11200,28,-4.000000000000000e-04,4.363709313977206e-03,-4.763709313977206e-03
11200,29,3.000000000000000e-04,4.265824268197054e-03,-3.965824268197054e-03
11300,0,1.200000000000000e-01,7.253709934990736e-03,1.127462900650093e-01
11300,1,-8.000000000000000e-02,7.163709934990736e-03,-8.716370993499074e-02
11300,2,5.500000000000000e-02,7.133777434990736e-03,4.786622256500926e-02
11300,3,4.000000000000000e-02,7.062639833740736e-03,3.293736016625926e-02
11300,4,-3.000000000000000e-02,6.961662292093550e-03,-3.696166229209355e-02
11300,5,2.500000000000000e-02,6.883487683071304e-03,1.811651231692870e-02
11300,6,2.000000000000000e-02,6.786856228832892e-03,1.321314377116711e-02
11300,7,-1.800000000000000e-02,6.675659616138551e-03,-2.467565961613855e-02
11300,8,1.500000000000000e-02,6.578546785660856e-03,8.421453214339143e-03
11300,9,1.200000000000000e-02,6.470766632166028e-03,5.529233367833972e-03
11300,10,-1.000000000000000e-02,6.354713994707289e-03,-1.635471399470729e-02
11300,11,8.999999999999999e-03,6.247031752029493e-03,2.752968247970506e-03
11300,12,8.000000000000000e-03,6.133487887853788e-03,1.866512112146212e-03
11300,13,-7.000000000000000e-03,6.014965918455664e-03,-1.301496591845566e-02
11300,14,6.000000000000000e-03,5.902849538259169e-03,9.715046174083117e-05
11300,15,5.000000000000000e-03,5.787410380054738e-03,-7.874103800547382e-04
11300,16,-4.000000000000000e-03,5.669519912380108e-03,-9.669519912380107e-03
11300,17,3.500000000000000e-03,5.556044130317573e-03,-2.056044130317573e-03
11300,18,3.000000000000000e-03,5.441390164476337e-03,-2.441390164476337e-03
11300,19,-2.500000000000000e-03,5.326034027173958e-03,-7.826034027173958e-03
11300,20,2.000000000000000e-03,5.214196714828138e-03,-3.214196714828138e-03
11300,21,1.800000000000000e-03,5.102536962167504e-03,-3.302536962167504e-03
11300,22,-1.500000000000000e-03,4.991285850611276e-03,-6.491285850611275e-03
11300,23,1.200000000000000e-03,4.882995382395724e-03,-3.682995382395724e-03
11300,24,1.000000000000000e-03,4.775672924756892e-03,-3.775672924756892e-03
11300,25,-8.000000000000000e-04,4.669532271355557e-03,-5.469532271355557e-03
11300,26,5.999999999999999e-04,4.565981755205496e-03,-3.965981755205497e-03
11300,27,5.000000000000000e-04,4.464000474120364e-03,-3.964000474120363e-03
11300,28,-4.000000000000000e-04,4.363709313977206e-03,-4.763709313977206e-03
11300,29,3.000000000000000e-04,4.265824268197054e-03,-3.965824268197054e-03
11400,0,1.200000000000000e-01,7.253709934990736e-03,1.127462900650093e-01
11400,1,-8.000000000000000e-02,7.163709934990736e-03,-8.716370993499074e-02
11400,2,5.500000000000000e-02,7.133777434990736e-03,4.786622256500926e-02
11400,3,4.000000000000000e-02,7.062639833740736e-03,3.293736016625926e-02
11400,4,-3.000000000000000e-02,6.961662292093550e-03,-3.696166229209355e-02
11400,5,2.500000000000000e-02,6.883487683071304e-03,1.811651231692870e-02
11400,6,2.000000000000000e-02,6.786856228832892e-03,1.321314377116711e-02
11400,7,-1.800000000000000e-02,6.675659616138551e-03,-2.467565961613855e-02
11400,8,1.500000000000000e-02,6.578546785660856e-03,8.421453214339143e-03
11400,9,1.200000000000000e-02,6.470766632166028e-03,5.529233367833972e-03
11400,10,-1.000000000000000e-02,6.354713994707289e-03,-1.635471399470729e-02
11400,11,8.999999999999999e-03,6.247031752029493e-03,2.752968247970506e-03
11400,12,8.000000000000000e-03,6.133487887853788e-03,1.866512112146212e-03
11400,13,-7.000000000000000e-03,6.014965918455664e-03,-1.301496591845566e-02
11400,14,6.000000000000000e-03,5.902849538259169e-03,9.715046174083117e-05
11400,15,5.000000000000000e-03,5.787410380054738e-03,-7.874103800547382e-04
11400,16,-4.000000000000000e-03,5.669519912380108e-03,-9.669519912380107e-03
11400,17,3.500000000000000e-03,5.556044130317573e-03,-2.056044130317573e-03
11400,18,3.000000000000000e-03,5.441390164476337e-03,-2.441390164476337e-03
11400,19,-2.500000000000000e-03,5.326034027173958e-03,-7.826034027173958e-03
11400,20,2.000000000000000e-03,5.214196714828138e-03,-3.214196714828138e-03
11400,21,1.800000000000000e-03,5.102536962167504e-03,-3.302536962167504e-03
11400,22,-1.500000000000000e-03,4.991285850611276e-03,-6.491285850611275e-03
11400,23,1.200000000000000e-03,4.882995382395724e-03,-3.682995382395724e-03
11400,24,1.000000000000000e-03,4.775672924756892e-03,-3.775672924756892e-03
11400,25,-8.000000000000000e-04,4.669532271355557e-03,-5.469532271355557e-03
11400,26,5.999999999999999e-04,4.565981755205496e-03,-3.965981755205497e-03
11400,27,5.000000000000000e-04,4.464000474120364e-03,-3.964000474120363e-03
11400,28,-4.000000000000000e-04,4.363709313977206e-03,-4.763709313977206e-03
11400,29,3.000000000000000e-04,4.265824268197054e-03,-3.965824268197054e-03
11500,0,1.200000000000000e-01,7.253709934990736e-03,1.127462900650093e-01
11500,1,-8.000000000000000e-02,7.163709934990736e-03,-8.716370993499074e-02
11500,2,5.500000000000000e-02,7.133777434990736e-03,4.786622256500926e-02
11500,3,4.000000000000000e-02,7.062639833740736e-03,3.293736016625926e-02
11500,4,-3.000000000000000e-02,6.961662292093550e-03,-3.696166229209355e-02
11500,5,2.500000000000000e-02,6.883487683071304e-03,1.811651231692870e-02
11500,6,2.000000000000000e-02,6.786856228832892e-03,1.321314377116711e-02
11500,7,-1.800000000000000e-02,6.675659616138551e-03,-2.467565961613855e-02
11500,8,1.500000000000000e-02,6.578546785660856e-03,8.421453214339143e-03
11500,9,1.200000000000000e-02,6.470766632166028e-03,5.529233367833972e-03
11500,10,-1.000000000000000e-02,6.354713994707289e-03,-1.635471399470729e-02
11500,11,8.999999999999999e-03,6.247031752029493e-03,2.752968247970506e-03
11500,12,8.000000000000000e-03,6.133487887853788e-03,1.866512112146212e-03
11500,13,-7.000000000000000e-03,6.014965918455664e-03,-1.301496591845566e-02
11500,14,6.000000000000000e-03,5.902849538259169e-03,9.715046174083117e-05
11500,15,5.000000000000000e-03,5.787410380054738e-03,-7.874103800547382e-04
11500,16,-4.000000000000000e-03,5.669519912380108e-03,-9.669519912380107e-03
11500,17,3.500000000000000e-03,5.556044130317573e-03,-2.056044130317573e-03
11500,18,3.000000000000000e-03,5.441390164476337e-03,-2.441390164476337e-03
11500,19,-2.500000000000000e-03,5.326034027173958e-03,-7.826034027173958e-03
11500,20,2.000000000000000e-03,5.214196714828138e-03,-3.214196714828138e-03
11500,21,1.800000000000000e-03,5.102536962167504e-03,-3.302536962167504e-03
11500,22,-1.500000000000000e-03,4.991285850611276e-03,-6.491285850611275e-03
11500,23,1.200000000000000e-03,4.882995382395724e-03,-3.682995382395724e-03
11500,24,1.000000000000000e-03,4.775672924756892e-03,-3.775672924756892e-03
11500,25,-8.000000000000000e-04,4.669532271355557e-03,-5.469532271355557e-03
11500,26,5.999999999999999e-04,4.565981755205496e-03,-3.965981755205497e-03
11500,27,5.000000000000000e-04,4.464000474120364e-03,-3.964000474120363e-03
11500,28,-4.000000000000000e-04,4.363709313977206e-03,-4.763709313977206e-03
11500,29,3.000000000000000e-04,4.265824268197054e-03,-3.965824268197054e-03
11600,0,1.200000000000000e-01,7.253709934990736e-03,1.127462900650093e-01
11600,1,-8.000000000000000e-02,7.163709934990736e-03,-8.716370993499074e-02
11600,2,5.500000000000000e-02,7.133777434990736e-03,4.786622256500926e-02
11600,3,4.000000000000000e-02,7.062639833740736e-03,3.293736016625926e-02
11600,4,-3.000000000000000e-02,6.961662292093550e-03,-3.696166229209355e-02
11600,5,2.500000000000000e-02,6.883487683071304e-03,1.811651231692870e-02
11600,6,2.000000000000000e-02,6.786856228832892e-03,1.321314377116711e-02
11600,7,-1.800000000000000e-02,6.675659616138551e-03,-2.467565961613855e-02
11600,8,1.500000000000000e-02,6.578546785660856e-03,8.421453214339143e-03
11600,9,1.200000000000000e-02,6.470766632166028e-03,5.529233367833972e-03
11600,10,-1.000000000000000e-02,6.354713994707289e-03,-1.635471399470729e-02
11600,11,8.999999999999999e-03,6.247031752029493e-03,2.752968247970506e-03
11600,12,8.000000000000000e-03,6.133487887853788e-03,1.866512112146212e-03
11600,13,-7.000000000000000e-03,6.014965918455664e-03,-1.301496591845566e-02
11600,14,6.000000000000000e-03,5.902849538259169e-03,9.715046174083117e-05
11600,15,5.000000000000000e-03,5.787410380054738e-03,-7.874103800547382e-04
11600,16,-4.000000000000000e-03,5.669519912380108e-03,-9.669519912380107e-03
11600,17,3.500000000000000e-03,5.556044130317573e-03,-2.056044130317573e-03
11600,18,3.000000000000000e-03,5.441390164476337e-03,-2.441390164476337e-03
11600,19,-2.500000000000000e-03,5.326034027173958e-03,-7.826034027173958e-03
11600,20,2.000000000000000e-03,5.214196714828138e-03,-3.214196714828138e-03
11600,21,1.800000000000000e-03,5.102536962167504e-03,-3.302536962167504e-03
11600,22,-1.500000000000000e-03,4.991285850611276e-03,-6.491285850611275e-03
11600,23,1.200000000000000e-03,4.882995382395724e-03,-3.682995382395724e-03
11600,24,1.000000000000000e-03,4.775672924756892e-03,-3.775672924756892e-03
11600,25,-8.000000000000000e-04,4.669532271355557e-03,-5.469532271355557e-03
11600,26,5.999999999999999e-04,4.565981755205496e-03,-3.965981755205497e-03
11600,27,5.000000000000000e-04,4.464000474120364e-03,-3.964000474120363e-03
11600,28,-4.000000000000000e-04,4.363709313977206e-03,-4.763709313977206e-03
11600,29,3.000000000000000e-04,4.265824268197054e-03,-3.965824268197054e-03
11700,0,1.200000000000000e-01,7.253709934990736e-03,1.127462900650093e-01
11700,1,-8.000000000000000e-02,7.163709934990736e-03,-8.716370993499074e-02
11700,2,5.500000000000000e-02,7.133777434990736e-03,4.786622256500926e-02
11700,3,4.000000000000000e-02,7.062639833740736e-03,3.293736016625926e-02
11700,4,-3.000000000000000e-02,6.961662292093550e-03,-3.696166229209355e-02
11700,5,2.500000000000000e-02,6.883487683071304e-03,1.811651231692870e-02
11700,6,2.000000000000000e-02,6.786856228832892e-03,1.321314377116711e-02
11700,7,-1.800000000000000e-02,6.675659616138551e-03,-2.467565961613855e-02
11700,8,1.500000000000000e-02,6.578546785660856e-03,8.421453214339143e-03
11700,9,1.200000000000000e-02,6.470766632166028e-03,5.529233367833972e-03
11700,10,-1.000000000000000e-02,6.354713994707289e-03,-1.635471399470729e-02
11700,11,8.999999999999999e-03,6.247031752029493e-03,2.752968247970506e-03
11700,12,8.000000000000000e-03,6.133487887853788e-03,1.866512112146212e-03
11700,13,-7.000000000000000e-03,6.014965918455664e-03,-1.301496591845566e-02
11700,14,6.000000000000000e-03,5.902849538259169e-03,9.715046174083117e-05
11700,15,5.000000000000000e-03,5.787410380054738e-03,-7.874103800547382e-04
11700,16,-4.000000000000000e-03,5.669519912380108e-03,-9.669519912380107e-03
11700,17,3.500000000000000e-03,5.556044130317573e-03,-2.056044130317573e-03
11700,18,3.000000000000000e-03,5.441390164476337e-03,-2.441390164476337e-03
11700,19,-2.500000000000000e-03,5.326034027173958e-03,-7.826034027173958e-03
11700,20,2.000000000000000e-03,5.214196714828138e-03,-3.214196714828138e-03
11700,21,1.800000000000000e-03,5.102536962167504e-03,-3.302536962167504e-03
11700,22,-1.500000000000000e-03,4.991285850611276e-03,-6.491285850611275e-03
11700,23,1.200000000000000e-03,4.882995382395724e-03,-3.682995382395724e-03
11700,24,1.000000000000000e-03,4.775672924756892e-03,-3.775672924756892e-03
11700,25,-8.000000000000000e-04,4.669532271355557e-03,-5.469532271355557e-03
11700,26,5.999999999999999e-04,4.565981755205496e-03,-3.965981755205497e-03
11700,27,5.000000000000000e-04,4.464000474120364e-03,-3.964000474120363e-03
11700,28,-4.000000000000000e-04,4.363709313977206e-03,-4.763709313977206e-03
11700,29,3.000000000000000e-04,4.265824268197054e-03,-3.965824268197054e-03
11800,0,1.200000000000000e-01,7.253709934990736e-03,1.127462900650093e-01
11800,1,-8.000000000000000e-02,7.163709934990736e-03,-8.716370993499074e-02
11800,2,5.500000000000000e-02,7.133777434990736e-03,4.786622256500926e-02
11800,3,4.000000000000000e-02,7.062639833740736e-03,3.293736016625926e-02
11800,4,-3.000000000000000e-02,6.961662292093550e-03,-3.696166229209355e-02
11800,5,2.500000000000000e-02,6.883487683071304e-03,1.811651231692870e-02
11800,6,2.000000000000000e-02,6.786856228832892e-03,1.321314377116711e-02
11800,7,-1.800000000000000e-02,6.675659616138551e-03,-2.467565961613855e-02
11800,8,1.500000000000000e-02,6.578546785660856e-03,8.421453214339143e-03
11800,9,1.200000000000000e-02,6.470766632166028e-03,5.529233367833972e-03
11800,10,-1.000000000000000e-02,6.354713994707289e-03,-1.635471399470729e-02
11800,11,8.999999999999999e-03,6.247031752029493e-03,2.752968247970506e-03
11800,12,8.000000000000000e-03,6.133487887853788e-03,1.866512112146212e-03
11800,13,-7.000000000000000e-03,6.014965918455664e-03,-1.301496591845566e-02
11800,14,6.000000000000000e-03,5.902849538259169e-03,9.715046174083117e-05
11800,15,5.000000000000000e-03,5.787410380054738e-03,-7.874103800547382e-04
11800,16,-4.000000000000000e-03,5.669519912380108e-03,-9.669519912380107e-03
11800,17,3.500000000000000e-03,5.556044130317573e-03,-2.056044130317573e-03
11800,18,3.000000000000000e-03,5.441390164476337e-03,-2.441390164476337e-03
11800,19,-2.500000000000000e-03,5.326034027173958e-03,-7.826034027173958e-03
11800,20,2.000000000000000e-03,5.214196714828138e-03,-3.214196714828138e-03
11800,21,1.800000000000000e-03,5.102536962167504e-03,-3.302536962167504e-03
11800,22,-1.500000000000000e-03,4.991285850611276e-03,-6.491285850611275e-03
11800,23,1.200000000000000e-03,4.882995382395724e-03,-3.682995382395724e-03
11800,24,1.000000000000000e-03,4.775672924756892e-03,-3.775672924756892e-03
11800,25,-8.000000000000000e-04,4.669532271355557e-03,-5.469532271355557e-03
11800,26,5.999999999999999e-04,4.565981755205496e-03,-3.965981755205497e-03
11800,27,5.000000000000000e-04,4.464000474120364e-03,-3.964000474120363e-03
11800,28,-4.000000000000000e-04,4.363709313977206e-03,-4.763709313977206e-03
11800,29,3.000000000000000e-04,4.265824268197054e-03,-3.965824268197054e-03
11900,0,1.200000000000000e-01,7.253709934990736e-03,1.127462900650093e-01
11900,1,-8.000000000000000e-02,7.163709934990736e-03,-8.716370993499074e-02
11900,2,5.500000000000000e-02,7.133777434990736e-03,4.786622256500926e-02
11900,3,4.000000000000000e-02,7.062639833740736e-03,3.293736016625926e-02
11900,4,-3.000000000000000e-02,6.961662292093550e-03,-3.696166229209355e-02
11900,5,2.500000000000000e-02,6.883487683071304e-03,1.811651231692870e-02
11900,6,2.000000000000000e-02,6.786856228832892e-03,1.321314377116711e-02
11900,7,-1.800000000000000e-02,6.675659616138551e-03,-2.467565961613855e-02
11900,8,1.500000000000000e-02,6.578546785660856e-03,8.421453214339143e-03
11900,9,1.200000000000000e-02,6.470766632166028e-03,5.529233367833972e-03
11900,10,-1.000000000000000e-02,6.354713994707289e-03,-1.635471399470729e-02
11900,11,8.999999999999999e-03,6.247031752029493e-03,2.752968247970506e-03
11900,12,8.000000000000000e-03,6.133487887853788e-03,1.866512112146212e-03
11900,13,-7.000000000000000e-03,6.014965918455664e-03,-1.301496591845566e-02
11900,14,6.000000000000000e-03,5.902849538259169e-03,9.715046174083117e-05
11900,15,5.000000000000000e-03,5.787410380054738e-03,-7.874103800547382e-04
11900,16,-4.000000000000000e-03,5.669519912380108e-03,-9.669519912380107e-03
11900,17,3.500000000000000e-03,5.556044130317573e-03,-2.056044130317573e-03
11900,18,3.000000000000000e-03,5.441390164476337e-03,-2.441390164476337e-03
11900,19,-2.500000000000000e-03,5.326034027173958e-03,-7.826034027173958e-03
11900,20,2.000000000000000e-03,5.214196714828138e-03,-3.214196714828138e-03
11900,21,1.800000000000000e-03,5.102536962167504e-03,-3.302536962167504e-03
11900,22,-1.500000000000000e-03,4.991285850611276e-03,-6.491285850611275e-03
11900,23,1.200000000000000e-03,4.882995382395724e-03,-3.682995382395724e-03
11900,24,1.000000000000000e-03,4.775672924756892e-03,-3.775672924756892e-03
11900,25,-8.000000000000000e-04,4.669532271355557e-03,-5.469532271355557e-03
11900,26,5.999999999999999e-04,4.565981755205496e-03,-3.965981755205497e-03
11900,27,5.000000000000000e-04,4.464000474120364e-03,-3.964000474120363e-03
11900,28,-4.000000000000000e-04,4.363709313977206e-03,-4.763709313977206e-03
11900,29,3.000000000000000e-04,4.265824268197054e-03,-3.965824268197054e-03
12000,0,1.200000000000000e-01,7.253709934990736e-03,1.127462900650093e-01
12000,1,-8.000000000000000e-02,7.163709934990736e-03,-8.716370993499074e-02
12000,2,5.500000000000000e-02,7.133777434990736e-03,4.786622256500926e-02
12000,3,4.000000000000000e-02,7.062639833740736e-03,3.293736016625926e-02
12000,4,-3.000000000000000e-02,6.961662292093550e-03,-3.696166229209355e-02
12000,5,2.500000000000000e-02,6.883487683071304e-03,1.811651231692870e-02
12000,6,2.000000000000000e-02,6.786856228832892e-03,1.321314377116711e-02
12000,7,-1.800000000000000e-02,6.675659616138551e-03,-2.467565961613855e-02
12000,8,1.500000000000000e-02,6.578546785660856e-03,8.421453214339143e-03
12000,9,1.200000000000000e-02,6.470766632166028e-03,5.529233367833972e-03
12000,10,-1.000000000000000e-02,6.354713994707289e-03,-1.635471399470729e-02
12000,11,8.999999999999999e-03,6.247031752029493e-03,2.752968247970506e-03
12000,12,8.000000000000000e-03,6.133487887853788e-03,1.866512112146212e-03
12000,13,-7.000000000000000e-03,6.014965918455664e-03,-1.301496591845566e-02
12000,14,6.000000000000000e-03,5.902849538259169e-03,9.715046174083117e-05
12000,15,5.000000000000000e-03,5.787410380054738e-03,-7.874103800547382e-04
12000,16,-4.000000000000000e-03,5.669519912380108e-03,-9.669519912380107e-03
12000,17,3.500000000000000e-03,5.556044130317573e-03,-2.056044130317573e-03
12000,18,3.000000000000000e-03,5.441390164476337e-03,-2.441390164476337e-03
12000,19,-2.500000000000000e-03,5.326034027173958e-03,-7.826034027173958e-03
12000,20,2.000000000000000e-03,5.214196714828138e-03,-3.214196714828138e-03
12000,21,1.800000000000000e-03,5.102536962167504e-03,-3.302536962167504e-03
12000,22,-1.500000000000000e-03,4.991285850611276e-03,-6.491285850611275e-03
12000,23,1.200000000000000e-03,4.882995382395724e-03,-3.682995382395724e-03
12000,24,1.000000000000000e-03,4.775672924756892e-03,-3.775672924756892e-03
12000,25,-8.000000000000000e-04,4.669532271355557e-03,-5.469532271355557e-03
12000,26,5.999999999999999e-04,4.565981755205496e-03,-3.965981755205497e-03
12000,27,5.000000000000000e-04,4.464000474120364e-03,-3.964000474120363e-03
12000,28,-4.000000000000000e-04,4.363709313977206e-03,-4.763709313977206e-03
12000,29,3.000000000000000e-04,4.265824268197054e-03,-3.965824268197054e-03
12100,0,1.200000000000000e-01,7.253709934990736e-03,1.127462900650093e-01
12100,1,-8.000000000000000e-02,7.163709934990736e-03,-8.716370993499074e-02
12100,2,5.500000000000000e-02,7.133777434990736e-03,4.786622256500926e-02
12100,3,4.000000000000000e-02,7.062639833740736e-03,3.293736016625926e-02
12100,4,-3.000000000000000e-02,6.961662292093550e-03,-3.696166229209355e-02
12100,5,2.500000000000000e-02,6.883487683071304e-03,1.811651231692870e-02
12100,6,2.000000000000000e-02,6.786856228832892e-03,1.321314377116711e-02
12100,7,-1.800000000000000e-02,6.675659616138551e-03,-2.467565961613855e-02
12100,8,1.500000000000000e-02,6.578546785660856e-03,8.421453214339143e-03
12100,9,1.200000000000000e-02,6.470766632166028e-03,5.529233367833972e-03
12100,10,-1.000000000000000e-02,6.354713994707289e-03,-1.635471399470729e-02
12100,11,8.999999999999999e-03,6.247031752029493e-03,2.752968247970506e-03
12100,12,8.000000000000000e-03,6.133487887853788e-03,1.866512112146212e-03
12100,13,-7.000000000000000e-03,6.014965918455664e-03,-1.301496591845566e-02
12100,14,6.000000000000000e-03,5.902849538259169e-03,9.715046174083117e-05
12100,15,5.000000000000000e-03,5.787410380054738e-03,-7.874103800547382e-04
12100,16,-4.000000000000000e-03,5.669519912380108e-03,-9.669519912380107e-03
12100,17,3.500000000000000e-03,5.556044130317573e-03,-2.056044130317573e-03
12100,18,3.000000000000000e-03,5.441390164476337e-03,-2.441390164476337e-03
12100,19,-2.500000000000000e-03,5.326034027173958e-03,-7.826034027173958e-03
12100,20,2.000000000000000e-03,5.214196714828138e-03,-3.214196714828138e-03
12100,21,1.800000000000000e-03,5.102536962167504e-03,-3.302536962167504e-03
12100,22,-1.500000000000000e-03,4.991285850611276e-03,-6.491285850611275e-03
12100,23,1.200000000000000e-03,4.882995382395724e-03,-3.682995382395724e-03
12100,24,1.000000000000000e-03,4.775672924756892e-03,-3.775672924756892e-03
12100,25,-8.000000000000000e-04,4.669532271355557e-03,-5.469532271355557e-03
12100,26,5.999999999999999e-04,4.565981755205496e-03,-3.965981755205497e-03
12100,27,5.000000000000000e-04,4.464000474120364e-03,-3.964000474120363e-03
12100,28,-4.000000000000000e-04,4.363709313977206e-03,-4.763709313977206e-03
12100,29,3.000000000000000e-04,4.265824268197054e-03,-3.965824268197054e-03
12200,0,1.200000000000000e-01,7.253709934990736e-03,1.127462900650093e-01
12200,1,-8.000000000000000e-02,7.163709934990736e-03,-8.716370993499074e-02
12200,2,5.500000000000000e-02,7.133777434990736e-03,4.786622256500926e-02
12200,3,4.000000000000000e-02,7.062639833740736e-03,3.293736016625926e-02
12200,4,-3.000000000000000e-02,6.961662292093550e-03,-3.696166229209355e-02
12200,5,2.500000000000000e-02,6.883487683071304e-03,1.811651231692870e-02
12200,6,2.000000000000000e-02,6.786856228832892e-03,1.321314377116711e-02
12200,7,-1.800000000000000e-02,6.675659616138551e-03,-2.467565961613855e-02
12200,8,1.500000000000000e-02,6.578546785660856e-03,8.421453214339143e-03
12200,9,1.200000000000000e-02,6.470766632166028e-03,5.529233367833972e-03
12200,10,-1.000000000000000e-02,6.354713994707289e-03,-1.635471399470729e-02
12200,11,8.999999999999999e-03,6.247031752029493e-03,2.752968247970506e-03
12200,12,8.000000000000000e-03,6.133487887853788e-03,1.866512112146212e-03
12200,13,-7.000000000000000e-03,6.014965918455664e-03,-1.301496591845566e-02
12200,14,6.000000000000000e-03,5.902849538259169e-03,9.715046174083117e-05
12200,15,5.000000000000000e-03,5.787410380054738e-03,-7.874103800547382e-04
12200,16,-4.000000000000000e-03,5.669519912380108e-03,-9.669519912380107e-03
12200,17,3.500000000000000e-03,5.556044130317573e-03,-2.056044130317573e-03
12200,18,3.000000000000000e-03,5.441390164476337e-03,-2.441390164476337e-03
12200,19,-2.500000000000000e-03,5.326034027173958e-03,-7.826034027173958e-03
12200,20,2.000000000000000e-03,5.214196714828138e-03,-3.214196714828138e-03
12200,21,1.800000000000000e-03,5.102536962167504e-03,-3.302536962167504e-03
12200,22,-1.500000000000000e-03,4.991285850611276e-03,-6.491285850611275e-03
12200,23,1.200000000000000e-03,4.882995382395724e-03,-3.682995382395724e-03
12200,24,1.000000000000000e-03,4.775672924756892e-03,-3.775672924756892e-03
12200,25,-8.000000000000000e-04,4.669532271355557e-03,-5.469532271355557e-03
12200,26,5.999999999999999e-04,4.565981755205496e-03,-3.965981755205497e-03
12200,27,5.000000000000000e-04,4.464000474120364e-03,-3.964000474120363e-03
12200,28,-4.000000000000000e-04,4.363709313977206e-03,-4.763709313977206e-03
12200,29,3.000000000000000e-04,4.265824268197054e-03,-3.965824268197054e-03
12300,0,1.200000000000000e-01,7.253709934990736e-03,1.127462900650093e-01
12300,1,-8.000000000000000e-02,7.163709934990736e-03,-8.716370993499074e-02
12300,2,5.500000000000000e-02,7.133777434990736e-03,4.786622256500926e-02
12300,3,4.000000000000000e-02,7.062639833740736e-03,3.293736016625926e-02
12300,4,-3.000000000000000e-02,6.961662292093550e-03,-3.696166229209355e-02
12300,5,2.500000000000000e-02,6.883487683071304e-03,1.811651231692870e-02
12300,6,2.000000000000000e-02,6.786856228832892e-03,1.321314377116711e-02
12300,7,-1.800000000000000e-02,6.675659616138551e-03,-2.467565961613855e-02
12300,8,1.500000000000000e-02,6.578546785660856e-03,8.421453214339143e-03
12300,9,1.200000000000000e-02,6.470766632166028e-03,5.529233367833972e-03
12300,10,-1.000000000000000e-02,6.354713994707289e-03,-1.635471399470729e-02
12300,11,8.999999999999999e-03,6.247031752029493e-03,2.752968247970506e-03
12300,12,8.000000000000000e-03,6.133487887853788e-03,1.866512112146212e-03
12300,13,-7.000000000000000e-03,6.014965918455664e-03,-1.301496591845566e-02
12300,14,6.000000000000000e-03,5.902849538259169e-03,9.715046174083117e-05
12300,15,5.000000000000000e-03,5.787410380054738e-03,-7.874103800547382e-04
12300,16,-4.000000000000000e-03,5.669519912380108e-03,-9.669519912380107e-03
12300,17,3.500000000000000e-03,5.556044130317573e-03,-2.056044130317573e-03
12300,18,3.000000000000000e-03,5.441390164476337e-03,-2.441390164476337e-03
12300,19,-2.500000000000000e-03,5.326034027173958e-03,-7.826034027173958e-03
12300,20,2.000000000000000e-03,5.214196714828138e-03,-3.214196714828138e-03
12300,21,1.800000000000000e-03,5.102536962167504e-03,-3.302536962167504e-03
12300,22,-1.500000000000000e-03,4.991285850611276e-03,-6.491285850611275e-03
12300,23,1.200000000000000e-03,4.882995382395724e-03,-3.682995382395724e-03
12300,24,1.000000000000000e-03,4.775672924756892e-03,-3.775672924756892e-03
12300,25,-8.000000000000000e-04,4.669532271355557e-03,-5.469532271355557e-03
12300,26,5.999999999999999e-04,4.565981755205496e-03,-3.965981755205497e-03
12300,27,5.000000000000000e-04,4.464000474120364e-03,-3.964000474120363e-03
12300,28,-4.000000000000000e-04,4.363709313977206e-03,-4.763709313977206e-03
12300,29,3.000000000000000e-04,4.265824268197054e-03,-3.965824268197054e-03
12400,0,1.200000000000000e-01,7.253709934990736e-03,1.127462900650093e-01
12400,1,-8.000000000000000e-02,7.163709934990736e-03,-8.716370993499074e-02
12400,2,5.500000000000000e-02,7.133777434990736e-03,4.786622256500926e-02
12400,3,4.000000000000000e-02,7.062639833740736e-03,3.293736016625926e-02
12400,4,-3.000000000000000e-02,6.961662292093550e-03,-3.696166229209355e-02
12400,5,2.500000000000000e-02,6.883487683071304e-03,1.811651231692870e-02
12400,6,2.000000000000000e-02,6.786856228832892e-03,1.321314377116711e-02
12400,7,-1.800000000000000e-02,6.675659616138551e-03,-2.467565961613855e-02
12400,8,1.500000000000000e-02,6.578546785660856e-03,8.421453214339143e-03
12400,9,1.200000000000000e-02,6.470766632166028e-03,5.529233367833972e-03
12400,10,-1.000000000000000e-02,6.354713994707289e-03,-1.635471399470729e-02
12400,11,8.999999999999999e-03,6.247031752029493e-03,2.752968247970506e-03
12400,12,8.000000000000000e-03,6.133487887853788e-03,1.866512112146212e-03
12400,13,-7.000000000000000e-03,6.014965918455664e-03,-1.301496591845566e-02
12400,14,6.000000000000000e-03,5.902849538259169e-03,9.715046174083117e-05
12400,15,5.000000000000000e-03,5.787410380054738e-03,-7.874103800547382e-04
12400,16,-4.000000000000000e-03,5.669519912380108e-03,-9.669519912380107e-03
12400,17,3.500000000000000e-03,5.556044130317573e-03,-2.056044130317573e-03
12400,18,3.000000000000000e-03,5.441390164476337e-03,-2.441390164476337e-03
12400,19,-2.500000000000000e-03,5.326034027173958e-03,-7.826034027173958e-03
12400,20,2.000000000000000e-03,5.214196714828138e-03,-3.214196714828138e-03
12400,21,1.800000000000000e-03,5.102536962167504e-03,-3.302536962167504e-03
12400,22,-1.500000000000000e-03,4.991285850611276e-03,-6.491285850611275e-03
12400,23,1.200000000000000e-03,4.882995382395724e-03,-3.682995382395724e-03
12400,24,1.000000000000000e-03,4.775672924756892e-03,-3.775672924756892e-03
12400,25,-8.000000000000000e-04,4.669532271355557e-03,-5.469532271355557e-03
12400,26,5.999999999999999e-04,4.565981755205496e-03,-3.965981755205497e-03
12400,27,5.000000000000000e-04,4.464000474120364e-03,-3.964000474120363e-03
12400,28,-4.000000000000000e-04,4.363709313977206e-03,-4.763709313977206e-03
12400,29,3.000000000000000e-04,4.265824268197054e-03,-3.965824268197054e-03
12500,0,1.200000000000000e-01,7.253709934990736e-03,1.127462900650093e-01
12500,1,-8.000000000000000e-02,7.163709934990736e-03,-8.716370993499074e-02
12500,2,5.500000000000000e-02,7.133777434990736e-03,4.786622256500926e-02
12500,3,4.000000000000000e-02,7.062639833740736e-03,3.293736016625926e-02
12500,4,-3.000000000000000e-02,6.961662292093550e-03,-3.696166229209355e-02
12500,5,2.500000000000000e-02,6.883487683071304e-03,1.811651231692870e-02
12500,6,2.000000000000000e-02,6.786856228832892e-03,1.321314377116711e-02
12500,7,-1.800000000000000e-02,6.675659616138551e-03,-2.467565961613855e-02
12500,8,1.500000000000000e-02,6.578546785660856e-03,8.421453214339143e-03
12500,9,1.200000000000000e-02,6.470766632166028e-03,5.529233367833972e-03
12500,10,-1.000000000000000e-02,6.354713994707289e-03,-1.635471399470729e-02
12500,11,8.999999999999999e-03,6.247031752029493e-03,2.752968247970506e-03
12500,12,8.000000000000000e-03,6.133487887853788e-03,1.866512112146212e-03
12500,13,-7.000000000000000e-03,6.014965918455664e-03,-1.301496591845566e-02
12500,14,6.000000000000000e-03,5.902849538259169e-03,9.715046174083117e-05
12500,15,5.000000000000000e-03,5.787410380054738e-03,-7.874103800547382e-04
12500,16,-4.000000000000000e-03,5.669519912380108e-03,-9.669519912380107e-03
12500,17,3.500000000000000e-03,5.556044130317573e-03,-2.056044130317573e-03
12500,18,3.000000000000000e-03,5.441390164476337e-03,-2.441390164476337e-03
12500,19,-2.500000000000000e-03,5.326034027173958e-03,-7.826034027173958e-03
12500,20,2.000000000000000e-03,5.214196714828138e-03,-3.214196714828138e-03
12500,21,1.800000000000000e-03,5.102536962167504e-03,-3.302536962167504e-03
12500,22,-1.500000000000000e-03,4.991285850611276e-03,-6.491285850611275e-03
12500,23,1.200000000000000e-03,4.882995382395724e-03,-3.682995382395724e-03
12500,24,1.000000000000000e-03,4.775672924756892e-03,-3.775672924756892e-03
12500,25,-8.000000000000000e-04,4.669532271355557e-03,-5.469532271355557e-03
12500,26,5.999999999999999e-04,4.565981755205496e-03,-3.965981755205497e-03
12500,27,5.000000000000000e-04,4.464000474120364e-03,-3.964000474120363e-03
12500,28,-4.000000000000000e-04,4.363709313977206e-03,-4.763709313977206e-03
12500,29,3.000000000000000e-04,4.265824268197054e-03,-3.965824268197054e-03
12600,0,1.200000000000000e-01,7.253709934990736e-03,1.127462900650093e-01
12600,1,-8.000000000000000e-02,7.163709934990736e-03,-8.716370993499074e-02
12600,2,5.500000000000000e-02,7.133777434990736e-03,4.786622256500926e-02
12600,3,4.000000000000000e-02,7.062639833740736e-03,3.293736016625926e-02
12600,4,-3.000000000000000e-02,6.961662292093550e-03,-3.696166229209355e-02
12600,5,2.500000000000000e-02,6.883487683071304e-03,1.811651231692870e-02
12600,6,2.000000000000000e-02,6.786856228832892e-03,1.321314377116711e-02
12600,7,-1.800000000000000e-02,6.675659616138551e-03,-2.467565961613855e-02
12600,8,1.500000000000000e-02,6.578546785660856e-03,8.421453214339143e-03
12600,9,1.200000000000000e-02,6.470766632166028e-03,5.529233367833972e-03
12600,10,-1.000000000000000e-02,6.354713994707289e-03,-1.635471399470729e-02
12600,11,8.999999999999999e-03,6.247031752029493e-03,2.752968247970506e-03
12600,12,8.000000000000000e-03,6.133487887853788e-03,1.866512112146212e-03
12600,13,-7.000000000000000e-03,6.014965918455664e-03,-1.301496591845566e-02
12600,14,6.000000000000000e-03,5.902849538259169e-03,9.715046174083117e-05
12600,15,5.000000000000000e-03,5.787410380054738e-03,-7.874103800547382e-04
12600,16,-4.000000000000000e-03,5.669519912380108e-03,-9.669519912380107e-03
12600,17,3.500000000000000e-03,5.556044130317573e-03,-2.056044130317573e-03
12600,18,3.000000000000000e-03,5.441390164476337e-03,-2.441390164476337e-03
12600,19,-2.500000000000000e-03,5.326034027173958e-03,-7.826034027173958e-03
12600,20,2.000000000000000e-03,5.214196714828138e-03,-3.214196714828138e-03
12600,21,1.800000000000000e-03,5.102536962167504e-03,-3.302536962167504e-03
12600,22,-1.500000000000000e-03,4.991285850611276e-03,-6.491285850611275e-03
12600,23,1.200000000000000e-03,4.882995382395724e-03,-3.682995382395724e-03
12600,24,1.000000000000000e-03,4.775672924756892e-03,-3.775672924756892e-03
12600,25,-8.000000000000000e-04,4.669532271355557e-03,-5.469532271355557e-03
12600,26,5.999999999999999e-04,4.565981755205496e-03,-3.965981755205497e-03
12600,27,5.000000000000000e-04,4.464000474120364e-03,-3.964000474120363e-03
12600,28,-4.000000000000000e-04,4.363709313977206e-03,-4.763709313977206e-03
12600,29,3.000000000000000e-04,4.265824268197054e-03,-3.965824268197054e-03
12700,0,1.200000000000000e-01,7.253709934990736e-03,1.127462900650093e-01
12700,1,-8.000000000000000e-02,7.163709934990736e-03,-8.716370993499074e-02
12700,2,5.500000000000000e-02,7.133777434990736e-03,4.786622256500926e-02
12700,3,4.000000000000000e-02,7.062639833740736e-03,3.293736016625926e-02
12700,4,-3.000000000000000e-02,6.961662292093550e-03,-3.696166229209355e-02
12700,5,2.500000000000000e-02,6.883487683071304e-03,1.811651231692870e-02
12700,6,2.000000000000000e-02,6.786856228832892e-03,1.321314377116711e-02
12700,7,-1.800000000000000e-02,6.675659616138551e-03,-2.467565961613855e-02
12700,8,1.500000000000000e-02,6.578546785660856e-03,8.421453214339143e-03
12700,9,1.200000000000000e-02,6.470766632166028e-03,5.529233367833972e-03
12700,10,-1.000000000000000e-02,6.354713994707289e-03,-1.635471399470729e-02
12700,11,8.999999999999999e-03,6.247031752029493e-03,2.752968247970506e-03
12700,12,8.000000000000000e-03,6.133487887853788e-03,1.866512112146212e-03
12700,13,-7.000000000000000e-03,6.014965918455664e-03,-1.301496591845566e-02
12700,14,6.000000000000000e-03,5.902849538259169e-03,9.715046174083117e-05
12700,15,5.000000000000000e-03,5.787410380054738e-03,-7.874103800547382e-04
12700,16,-4.000000000000000e-03,5.669519912380108e-03,-9.669519912380107e-03
12700,17,3.500000000000000e-03,5.556044130317573e-03,-2.056044130317573e-03
12700,18,3.000000000000000e-03,5.441390164476337e-03,-2.441390164476337e-03
12700,19,-2.500000000000000e-03,5.326034027173958e-03,-7.826034027173958e-03
12700,20,2.000000000000000e-03,5.214196714828138e-03,-3.214196714828138e-03
12700,21,1.800000000000000e-03,5.102536962167504e-03,-3.302536962167504e-03
12700,22,-1.500000000000000e-03,4.991285850611276e-03,-6.491285850611275e-03
12700,23,1.200000000000000e-03,4.882995382395724e-03,-3.682995382395724e-03
12700,24,1.000000000000000e-03,4.775672924756892e-03,-3.775672924756892e-03
12700,25,-8.000000000000000e-04,4.669532271355557e-03,-5.469532271355557e-03
12700,26,5.999999999999999e-04,4.565981755205496e-03,-3.965981755205497e-03
12700,27,5.000000000000000e-04,4.464000474120364e-03,-3.964000474120363e-03
12700,28,-4.000000000000000e-04,4.363709313977206e-03,-4.763709313977206e-03
12700,29,3.000000000000000e-04,4.265824268197054e-03,-3.965824268197054e-03
12800,0,1.200000000000000e-01,7.253709934990736e-03,1.127462900650093e-01
12800,1,-8.000000000000000e-02,7.163709934990736e-03,-8.716370993499074e-02
12800,2,5.500000000000000e-02,7.133777434990736e-03,4.786622256500926e-02
12800,3,4.000000000000000e-02,7.062639833740736e-03,3.293736016625926e-02
12800,4,-3.000000000000000e-02,6.961662292093550e-03,-3.696166229209355e-02
12800,5,2.500000000000000e-02,6.883487683071304e-03,1.811651231692870e-02
12800,6,2.000000000000000e-02,6.786856228832892e-03,1.321314377116711e-02
12800,7,-1.800000000000000e-02,6.675659616138551e-03,-2.467565961613855e-02
12800,8,1.500000000000000e-02,6.578546785660856e-03,8.421453214339143e-03
12800,9,1.200000000000000e-02,6.470766632166028e-03,5.529233367833972e-03
12800,10,-1.000000000000000e-02,6.354713994707289e-03,-1.635471399470729e-02
12800,11,8.999999999999999e-03,6.247031752029493e-03,2.752968247970506e-03
12800,12,8.000000000000000e-03,6.133487887853788e-03,1.866512112146212e-03
12800,13,-7.000000000000000e-03,6.014965918455664e-03,-1.301496591845566e-02
12800,14,6.000000000000000e-03,5.902849538259169e-03,9.715046174083117e-05
12800,15,5.000000000000000e-03,5.787410380054738e-03,-7.874103800547382e-04
12800,16,-4.000000000000000e-03,5.669519912380108e-03,-9.669519912380107e-03
12800,17,3.500000000000000e-03,5.556044130317573e-03,-2.056044130317573e-03
12800,18,3.000000000000000e-03,5.441390164476337e-03,-2.441390164476337e-03
12800,19,-2.500000000000000e-03,5.326034027173958e-03,-7.826034027173958e-03
12800,20,2.000000000000000e-03,5.214196714828138e-03,-3.214196714828138e-03
12800,21,1.800000000000000e-03,5.102536962167504e-03,-3.302536962167504e-03
12800,22,-1.500000000000000e-03,4.991285850611276e-03,-6.491285850611275e-03
12800,23,1.200000000000000e-03,4.882995382395724e-03,-3.682995382395724e-03
12800,24,1.000000000000000e-03,4.775672924756892e-03,-3.775672924756892e-03
12800,25,-8.000000000000000e-04,4.669532271355557e-03,-5.469532271355557e-03
12800,26,5.999999999999999e-04,4.565981755205496e-03,-3.965981755205497e-03
12800,27,5.000000000000000e-04,4.464000474120364e-03,-3.964000474120363e-03
12800,28,-4.000000000000000e-04,4.363709313977206e-03,-4.763709313977206e-03
12800,29,3.000000000000000e-04,4.265824268197054e-03,-3.965824268197054e-03
12900,0,1.200000000000000e-01,7.253709934990736e-03,1.127462900650093e-01
12900,1,-8.000000000000000e-02,7.163709934990736e-03,-8.716370993499074e-02
12900,2,5.500000000000000e-02,7.133777434990736e-03,4.786622256500926e-02
12900,3,4.000000000000000e-02,7.062639833740736e-03,3.293736016625926e-02
12900,4,-3.000000000000000e-02,6.961662292093550e-03,-3.696166229209355e-02
12900,5,2.500000000000000e-02,6.883487683071304e-03,1.811651231692870e-02
12900,6,2.000000000000000e-02,6.786856228832892e-03,1.321314377116711e-02
12900,7,-1.800000000000000e-02,6.675659616138551e-03,-2.467565961613855e-02
12900,8,1.500000000000000e-02,6.578546785660856e-03,8.421453214339143e-03
12900,9,1.200000000000000e-02,6.470766632166028e-03,5.529233367833972e-03
12900,10,-1.000000000000000e-02,6.354713994707289e-03,-1.635471399470729e-02
12900,11,8.999999999999999e-03,6.247031752029493e-03,2.752968247970506e-03
12900,12,8.000000000000000e-03,6.133487887853788e-03,1.866512112146212e-03
12900,13,-7.000000000000000e-03,6.014965918455664e-03,-1.301496591845566e-02
12900,14,6.000000000000000e-03,5.902849538259169e-03,9.715046174083117e-05
12900,15,5.000000000000000e-03,5.787410380054738e-03,-7.874103800547382e-04
12900,16,-4.000000000000000e-03,5.669519912380108e-03,-9.669519912380107e-03
12900,17,3.500000000000000e-03,5.556044130317573e-03,-2.056044130317573e-03
12900,18,3.000000000000000e-03,5.441390164476337e-03,-2.441390164476337e-03
12900,19,-2.500000000000000e-03,5.326034027173958e-03,-7.826034027173958e-03
12900,20,2.000000000000000e-03,5.214196714828138e-03,-3.214196714828138e-03
12900,21,1.800000000000000e-03,5.102536962167504e-03,-3.302536962167504e-03
12900,22,-1.500000000000000e-03,4.991285850611276e-03,-6.491285850611275e-03
12900,23,1.200000000000000e-03,4.882995382395724e-03,-3.682995382395724e-03
12900,24,1.000000000000000e-03,4.775672924756892e-03,-3.775672924756892e-03
12900,25,-8.000000000000000e-04,4.669532271355557e-03,-5.469532271355557e-03
12900,26,5.999999999999999e-04,4.565981755205496e-03,-3.965981755205497e-03
12900,27,5.000000000000000e-04,4.464000474120364e-03,-3.964000474120363e-03
12900,28,-4.000000000000000e-04,4.363709313977206e-03,-4.763709313977206e-03
12900,29,3.000000000000000e-04,4.265824268197054e-03,-3.965824268197054e-03
13000,0,1.200000000000000e-01,7.253709934990736e-03,1.127462900650093e-01
13000,1,-8.000000000000000e-02,7.163709934990736e-03,-8.716370993499074e-02
13000,2,5.500000000000000e-02,7.133777434990736e-03,4.786622256500926e-02
13000,3,4.000000000000000e-02,7.062639833740736e-03,3.293736016625926e-02
13000,4,-3.000000000000000e-02,6.961662292093550e-03,-3.696166229209355e-02
13000,5,2.500000000000000e-02,6.883487683071304e-03,1.811651231692870e-02
13000,6,2.000000000000000e-02,6.786856228832892e-03,1.321314377116711e-02
13000,7,-1.800000000000000e-02,6.675659616138551e-03,-2.467565961613855e-02
13000,8,1.500000000000000e-02,6.578546785660856e-03,8.421453214339143e-03
13000,9,1.200000000000000e-02,6.470766632166028e-03,5.529233367833972e-03
13000,10,-1.000000000000000e-02,6.354713994707289e-03,-1.635471399470729e-02
13000,11,8.999999999999999e-03,6.247031752029493e-03,2.752968247970506e-03
13000,12,8.000000000000000e-03,6.133487887853788e-03,1.866512112146212e-03
13000,13,-7.000000000000000e-03,6.014965918455664e-03,-1.301496591845566e-02
13000,14,6.000000000000000e-03,5.902849538259169e-03,9.715046174083117e-05
13000,15,5.000000000000000e-03,5.787410380054738e-03,-7.874103800547382e-04
13000,16,-4.000000000000000e-03,5.669519912380108e-03,-9.669519912380107e-03
13000,17,3.500000000000000e-03,5.556044130317573e-03,-2.056044130317573e-03
13000,18,3.000000000000000e-03,5.441390164476337e-03,-2.441390164476337e-03
13000,19,-2.500000000000000e-03,5.326034027173958e-03,-7.826034027173958e-03
13000,20,2.000000000000000e-03,5.214196714828138e-03,-3.214196714828138e-03
13000,21,1.800000000000000e-03,5.102536962167504e-03,-3.302536962167504e-03
13000,22,-1.500000000000000e-03,4.991285850611276e-03,-6.491285850611275e-03
13000,23,1.200000000000000e-03,4.882995382395724e-03,-3.682995382395724e-03
13000,24,1.000000000000000e-03,4.775672924756892e-03,-3.775672924756892e-03
13000,25,-8.000000000000000e-04,4.669532271355557e-03,-5.469532271355557e-03
13000,26,5.999999999999999e-04,4.565981755205496e-03,-3.965981755205497e-03
13000,27,5.000000000000000e-04,4.464000474120364e-03,-3.964000474120363e-03
13000,28,-4.000000000000000e-04,4.363709313977206e-03,-4.763709313977206e-03
13000,29,3.000000000000000e-04,4.265824268197054e-03,-3.965824268197054e-03
13100,0,1.200000000000000e-01,7.253709934990736e-03,1.127462900650093e-01
13100,1,-8.000000000000000e-02,7.163709934990736e-03,-8.716370993499074e-02
13100,2,5.500000000000000e-02,7.133777434990736e-03,4.786622256500926e-02
13100,3,4.000000000000000e-02,7.062639833740736e-03,3.293736016625926e-02
13100,4,-3.000000000000000e-02,6.961662292093550e-03,-3.696166229209355e-02
13100,5,2.500000000000000e-02,6.883487683071304e-03,1.811651231692870e-02
13100,6,2.000000000000000e-02,6.786856228832892e-03,1.321314377116711e-02
13100,7,-1.800000000000000e-02,6.675659616138551e-03,-2.467565961613855e-02
13100,8,1.500000000000000e-02,6.578546785660856e-03,8.421453214339143e-03
13100,9,1.200000000000000e-02,6.470766632166028e-03,5.529233367833972e-03
13100,10,-1.000000000000000e-02,6.354713994707289e-03,-1.635471399470729e-02
13100,11,8.999999999999999e-03,6.247031752029493e-03,2.752968247970506e-03
13100,12,8.000000000000000e-03,6.133487887853788e-03,1.866512112146212e-03
13100,13,-7.000000000000000e-03,6.014965918455664e-03,-1.301496591845566e-02
13100,14,6.000000000000000e-03,5.902849538259169e-03,9.715046174083117e-05
13100,15,5.000000000000000e-03,5.787410380054738e-03,-7.874103800547382e-04
13100,16,-4.000000000000000e-03,5.669519912380108e-03,-9.669519912380107e-03
13100,17,3.500000000000000e-03,5.556044130317573e-03,-2.056044130317573e-03
13100,18,3.000000000000000e-03,5.441390164476337e-03,-2.441390164476337e-03
13100,19,-2.500000000000000e-03,5.326034027173958e-03,-7.826034027173958e-03
13100,20,2.000000000000000e-03,5.214196714828138e-03,-3.214196714828138e-03
13100,21,1.800000000000000e-03,5.102536962167504e-03,-3.302536962167504e-03
13100,22,-1.500000000000000e-03,4.991285850611276e-03,-6.491285850611275e-03
13100,23,1.200000000000000e-03,4.882995382395724e-03,-3.682995382395724e-03
13100,24,1.000000000000000e-03,4.775672924756892e-03,-3.775672924756892e-03
13100,25,-8.000000000000000e-04,4.669532271355557e-03,-5.469532271355557e-03
13100,26,5.999999999999999e-04,4.565981755205496e-03,-3.965981755205497e-03
13100,27,5.000000000000000e-04,4.464000474120364e-03,-3.964000474120363e-03
13100,28,-4.000000000000000e-04,4.363709313977206e-03,-4.763709313977206e-03
13100,29,3.000000000000000e-04,4.265824268197054e-03,-3.965824268197054e-03
13200,0,1.200000000000000e-01,7.253709934990736e-03,1.127462900650093e-01
13200,1,-8.000000000000000e-02,7.163709934990736e-03,-8.716370993499074e-02
13200,2,5.500000000000000e-02,7.133777434990736e-03,4.786622256500926e-02
13200,3,4.000000000000000e-02,7.062639833740736e-03,3.293736016625926e-02
13200,4,-3.000000000000000e-02,6.961662292093550e-03,-3.696166229209355e-02
13200,5,2.500000000000000e-02,6.883487683071304e-03,1.811651231692870e-02
13200,6,2.000000000000000e-02,6.786856228832892e-03,1.321314377116711e-02
13200,7,-1.800000000000000e-02,6.675659616138551e-03,-2.467565961613855e-02
13200,8,1.500000000000000e-02,6.578546785660856e-03,8.421453214339143e-03
13200,9,1.200000000000000e-02,6.470766632166028e-03,5.529233367833972e-03
13200,10,-1.000000000000000e-02,6.354713994707289e-03,-1.635471399470729e-02
13200,11,8.999999999999999e-03,6.247031752029493e-03,2.752968247970506e-03
13200,12,8.000000000000000e-03,6.133487887853788e-03,1.866512112146212e-03
13200,13,-7.000000000000000e-03,6.014965918455664e-03,-1.301496591845566e-02
13200,14,6.000000000000000e-03,5.902849538259169e-03,9.715046174083117e-05
13200,15,5.000000000000000e-03,5.787410380054738e-03,-7.874103800547382e-04
13200,16,-4.000000000000000e-03,5.669519912380108e-03,-9.669519912380107e-03
13200,17,3.500000000000000e-03,5.556044130317573e-03,-2.056044130317573e-03
13200,18,3.000000000000000e-03,5.441390164476337e-03,-2.441390164476337e-03
13200,19,-2.500000000000000e-03,5.326034027173958e-03,-7.826034027173958e-03
13200,20,2.000000000000000e-03,5.214196714828138e-03,-3.214196714828138e-03
13200,21,1.800000000000000e-03,5.102536962167504e-03,-3.302536962167504e-03
13200,22,-1.500000000000000e-03,4.991285850611276e-03,-6.491285850611275e-03
13200,23,1.200000000000000e-03,4.882995382395724e-03,-3.682995382395724e-03
13200,24,1.000000000000000e-03,4.775672924756892e-03,-3.775672924756892e-03
13200,25,-8.000000000000000e-04,4.669532271355557e-03,-5.469532271355557e-03
13200,26,5.999999999999999e-04,4.565981755205496e-03,-3.965981755205497e-03
13200,27,5.000000000000000e-04,4.464000474120364e-03,-3.964000474120363e-03
13200,28,-4.000000000000000e-04,4.363709313977206e-03,-4.763709313977206e-03
13200,29,3.000000000000000e-04,4.265824268197054e-03,-3.965824268197054e-03
13300,0,1.200000000000000e-01,7.253709934990736e-03,1.127462900650093e-01
13300,1,-8.000000000000000e-02,7.163709934990736e-03,-8.716370993499074e-02
13300,2,5.500000000000000e-02,7.133777434990736e-03,4.786622256500926e-02
13300,3,4.000000000000000e-02,7.062639833740736e-03,3.293736016625926e-02
13300,4,-3.000000000000000e-02,6.961662292093550e-03,-3.696166229209355e-02
13300,5,2.500000000000000e-02,6.883487683071304e-03,1.811651231692870e-02
13300,6,2.000000000000000e-02,6.786856228832892e-03,1.321314377116711e-02
13300,7,-1.800000000000000e-02,6.675659616138551e-03,-2.467565961613855e-02
13300,8,1.500000000000000e-02,6.578546785660856e-03,8.421453214339143e-03
13300,9,1.200000000000000e-02,6.470766632166028e-03,5.529233367833972e-03
13300,10,-1.000000000000000e-02,6.354713994707289e-03,-1.635471399470729e-02
13300,11,8.999999999999999e-03,6.247031752029493e-03,2.752968247970506e-03
13300,12,8.000000000000000e-03,6.133487887853788e-03,1.866512112146212e-03
13300,13,-7.000000000000000e-03,6.014965918455664e-03,-1.301496591845566e-02
13300,14,6.000000000000000e-03,5.902849538259169e-03,9.715046174083117e-05
13300,15,5.000000000000000e-03,5.787410380054738e-03,-7.874103800547382e-04
13300,16,-4.000000000000000e-03,5.669519912380108e-03,-9.669519912380107e-03
13300,17,3.500000000000000e-03,5.556044130317573e-03,-2.056044130317573e-03
13300,18,3.000000000000000e-03,5.441390164476337e-03,-2.441390164476337e-03
13300,19,-2.500000000000000e-03,5.326034027173958e-03,-7.826034027173958e-03
13300,20,2.000000000000000e-03,5.214196714828138e-03,-3.214196714828138e-03
13300,21,1.800000000000000e-03,5.102536962167504e-03,-3.302536962167504e-03
13300,22,-1.500000000000000e-03,4.991285850611276e-03,-6.491285850611275e-03
13300,23,1.200000000000000e-03,4.882995382395724e-03,-3.682995382395724e-03
13300,24,1.000000000000000e-03,4.775672924756892e-03,-3.775672924756892e-03
13300,25,-8.000000000000000e-04,4.669532271355557e-03,-5.469532271355557e-03
13300,26,5.999999999999999e-04,4.565981755205496e-03,-3.965981755205497e-03
13300,27,5.000000000000000e-04,4.464000474120364e-03,-3.964000474120363e-03
13300,28,-4.000000000000000e-04,4.363709313977206e-03,-4.763709313977206e-03
13300,29,3.000000000000000e-04,4.265824268197054e-03,-3.965824268197054e-03
13400,0,1.200000000000000e-01,7.253709934990736e-03,1.127462900650093e-01
13400,1,-8.000000000000000e-02,7.163709934990736e-03,-8.716370993499074e-02
13400,2,5.500000000000000e-02,7.133777434990736e-03,4.786622256500926e-02
13400,3,4.000000000000000e-02,7.062639833740736e-03,3.293736016625926e-02
13400,4,-3.000000000000000e-02,6.961662292093550e-03,-3.696166229209355e-02
13400,5,2.500000000000000e-02,6.883487683071304e-03,1.811651231692870e-02
13400,6,2.000000000000000e-02,6.786856228832892e-03,1.321314377116711e-02
13400,7,-1.800000000000000e-02,6.675659616138551e-03,-2.467565961613855e-02
13400,8,1.500000000000000e-02,6.578546785660856e-03,8.421453214339143e-03
13400,9,1.200000000000000e-02,6.470766632166028e-03,5.529233367833972e-03
13400,10,-1.000000000000000e-02,6.354713994707289e-03,-1.635471399470729e-02
13400,11,8.999999999999999e-03,6.247031752029493e-03,2.752968247970506e-03
13400,12,8.000000000000000e-03,6.133487887853788e-03,1.866512112146212e-03
13400,13,-7.000000000000000e-03,6.014965918455664e-03,-1.301496591845566e-02
13400,14,6.000000000000000e-03,5.902849538259169e-03,9.715046174083117e-05
13400,15,5.000000000000000e-03,5.787410380054738e-03,-7.874103800547382e-04
13400,16,-4.000000000000000e-03,5.669519912380108e-03,-9.669519912380107e-03
13400,17,3.500000000000000e-03,5.556044130317573e-03,-2.056044130317573e-03
13400,18,3.000000000000000e-03,5.441390164476337e-03,-2.441390164476337e-03
13400,19,-2.500000000000000e-03,5.326034027173958e-03,-7.826034027173958e-03
13400,20,2.000000000000000e-03,5.214196714828138e-03,-3.214196714828138e-03
13400,21,1.800000000000000e-03,5.102536962167504e-03,-3.302536962167504e-03
13400,22,-1.500000000000000e-03,4.991285850611276e-03,-6.491285850611275e-03
13400,23,1.200000000000000e-03,4.882995382395724e-03,-3.682995382395724e-03
13400,24,1.000000000000000e-03,4.775672924756892e-03,-3.775672924756892e-03
13400,25,-8.000000000000000e-04,4.669532271355557e-03,-5.469532271355557e-03
13400,26,5.999999999999999e-04,4.565981755205496e-03,-3.965981755205497e-03
13400,27,5.000000000000000e-04,4.464000474120364e-03,-3.964000474120363e-03
13400,28,-4.000000000000000e-04,4.363709313977206e-03,-4.763709313977206e-03
13400,29,3.000000000000000e-04,4.265824268197054e-03,-3.965824268197054e-03
13500,0,1.200000000000000e-01,7.253709934990736e-03,1.127462900650093e-01
13500,1,-8.000000000000000e-02,7.163709934990736e-03,-8.716370993499074e-02
13500,2,5.500000000000000e-02,7.133777434990736e-03,4.786622256500926e-02
13500,3,4.000000000000000e-02,7.062639833740736e-03,3.293736016625926e-02
13500,4,-3.000000000000000e-02,6.961662292093550e-03,-3.696166229209355e-02
13500,5,2.500000000000000e-02,6.883487683071304e-03,1.811651231692870e-02
13500,6,2.000000000000000e-02,6.786856228832892e-03,1.321314377116711e-02
13500,7,-1.800000000000000e-02,6.675659616138551e-03,-2.467565961613855e-02
13500,8,1.500000000000000e-02,6.578546785660856e-03,8.421453214339143e-03
13500,9,1.200000000000000e-02,6.470766632166028e-03,5.529233367833972e-03
13500,10,-1.000000000000000e-02,6.354713994707289e-03,-1.635471399470729e-02
13500,11,8.999999999999999e-03,6.247031752029493e-03,2.752968247970506e-03
13500,12,8.000000000000000e-03,6.133487887853788e-03,1.866512112146212e-03
13500,13,-7.000000000000000e-03,6.014965918455664e-03,-1.301496591845566e-02
13500,14,6.000000000000000e-03,5.902849538259169e-03,9.715046174083117e-05
13500,15,5.000000000000000e-03,5.787410380054738e-03,-7.874103800547382e-04
13500,16,-4.000000000000000e-03,5.669519912380108e-03,-9.669519912380107e-03
13500,17,3.500000000000000e-03,5.556044130317573e-03,-2.056044130317573e-03
13500,18,3.000000000000000e-03,5.441390164476337e-03,-2.441390164476337e-03
13500,19,-2.500000000000000e-03,5.326034027173958e-03,-7.826034027173958e-03
13500,20,2.000000000000000e-03,5.214196714828138e-03,-3.214196714828138e-03
13500,21,1.800000000000000e-03,5.102536962167504e-03,-3.302536962167504e-03
13500,22,-1.500000000000000e-03,4.991285850611276e-03,-6.491285850611275e-03
13500,23,1.200000000000000e-03,4.882995382395724e-03,-3.682995382395724e-03
13500,24,1.000000000000000e-03,4.775672924756892e-03,-3.775672924756892e-03
13500,25,-8.000000000000000e-04,4.669532271355557e-03,-5.469532271355557e-03
13500,26,5.999999999999999e-04,4.565981755205496e-03,-3.965981755205497e-03
13500,27,5.000000000000000e-04,4.464000474120364e-03,-3.964000474120363e-03
13500,28,-4.000000000000000e-04,4.363709313977206e-03,-4.763709313977206e-03
13500,29,3.000000000000000e-04,4.265824268197054e-03,-3.965824268197054e-03
13600,0,1.200000000000000e-01,7.253709934990736e-03,1.127462900650093e-01
13600,1,-8.000000000000000e-02,7.163709934990736e-03,-8.716370993499074e-02
13600,2,5.500000000000000e-02,7.133777434990736e-03,4.786622256500926e-02
13600,3,4.000000000000000e-02,7.062639833740736e-03,3.293736016625926e-02
13600,4,-3.000000000000000e-02,6.961662292093550e-03,-3.696166229209355e-02
13600,5,2.500000000000000e-02,6.883487683071304e-03,1.811651231692870e-02
13600,6,2.000000000000000e-02,6.786856228832892e-03,1.321314377116711e-02
13600,7,-1.800000000000000e-02,6.675659616138551e-03,-2.467565961613855e-02
13600,8,1.500000000000000e-02,6.578546785660856e-03,8.421453214339143e-03
13600,9,1.200000000000000e-02,6.470766632166028e-03,5.529233367833972e-03
13600,10,-1.000000000000000e-02,6.354713994707289e-03,-1.635471399470729e-02
13600,11,8.999999999999999e-03,6.247031752029493e-03,2.752968247970506e-03
13600,12,8.000000000000000e-03,6.133487887853788e-03,1.866512112146212e-03
13600,13,-7.000000000000000e-03,6.014965918455664e-03,-1.301496591845566e-02
13600,14,6.000000000000000e-03,5.902849538259169e-03,9.715046174083117e-05
13600,15,5.000000000000000e-03,5.787410380054738e-03,-7.874103800547382e-04
13600,16,-4.000000000000000e-03,5.669519912380108e-03,-9.669519912380107e-03
13600,17,3.500000000000000e-03,5.556044130317573e-03,-2.056044130317573e-03
13600,18,3.000000000000000e-03,5.441390164476337e-03,-2.441390164476337e-03
13600,19,-2.500000000000000e-03,5.326034027173958e-03,-7.826034027173958e-03
13600,20,2.000000000000000e-03,5.214196714828138e-03,-3.214196714828138e-03
13600,21,1.800000000000000e-03,5.102536962167504e-03,-3.302536962167504e-03
13600,22,-1.500000000000000e-03,4.991285850611276e-03,-6.491285850611275e-03
13600,23,1.200000000000000e-03,4.882995382395724e-03,-3.682995382395724e-03
13600,24,1.000000000000000e-03,4.775672924756892e-03,-3.775672924756892e-03
13600,25,-8.000000000000000e-04,4.669532271355557e-03,-5.469532271355557e-03
13600,26,5.999999999999999e-04,4.565981755205496e-03,-3.965981755205497e-03
13600,27,5.000000000000000e-04,4.464000474120364e-03,-3.964000474120363e-03
13600,28,-4.000000000000000e-04,4.363709313977206e-03,-4.763709313977206e-03
13600,29,3.000000000000000e-04,4.265824268197054e-03,-3.965824268197054e-03
13700,0,1.200000000000000e-01,7.253709934990736e-03,1.127462900650093e-01
13700,1,-8.000000000000000e-02,7.163709934990736e-03,-8.716370993499074e-02
13700,2,5.500000000000000e-02,7.133777434990736e-03,4.786622256500926e-02
13700,3,4.000000000000000e-02,7.062639833740736e-03,3.293736016625926e-02
13700,4,-3.000000000000000e-02,6.961662292093550e-03,-3.696166229209355e-02
13700,5,2.500000000000000e-02,6.883487683071304e-03,1.811651231692870e-02
13700,6,2.000000000000000e-02,6.786856228832892e-03,1.321314377116711e-02
13700,7,-1.800000000000000e-02,6.675659616138551e-03,-2.467565961613855e-02
13700,8,1.500000000000000e-02,6.578546785660856e-03,8.421453214339143e-03
13700,9,1.200000000000000e-02,6.470766632166028e-03,5.529233367833972e-03
13700,10,-1.000000000000000e-02,6.354713994707289e-03,-1.635471399470729e-02
13700,11,8.999999999999999e-03,6.247031752029493e-03,2.752968247970506e-03
13700,12,8.000000000000000e-03,6.133487887853788e-03,1.866512112146212e-03
13700,13,-7.000000000000000e-03,6.014965918455664e-03,-1.301496591845566e-02
13700,14,6.000000000000000e-03,5.902849538259169e-03,9.715046174083117e-05
13700,15,5.000000000000000e-03,5.787410380054738e-03,-7.874103800547382e-04
13700,16,-4.000000000000000e-03,5.669519912380108e-03,-9.669519912380107e-03
13700,17,3.500000000000000e-03,5.556044130317573e-03,-2.056044130317573e-03
13700,18,3.000000000000000e-03,5.441390164476337e-03,-2.441390164476337e-03
13700,19,-2.500000000000000e-03,5.326034027173958e-03,-7.826034027173958e-03
13700,20,2.000000000000000e-03,5.214196714828138e-03,-3.214196714828138e-03
13700,21,1.800000000000000e-03,5.102536962167504e-03,-3.302536962167504e-03
13700,22,-1.500000000000000e-03,4.991285850611276e-03,-6.491285850611275e-03
13700,23,1.200000000000000e-03,4.882995382395724e-03,-3.682995382395724e-03
13700,24,1.000000000000000e-03,4.775672924756892e-03,-3.775672924756892e-03
13700,25,-8.000000000000000e-04,4.669532271355557e-03,-5.469532271355557e-03
13700,26,5.999999999999999e-04,4.565981755205496e-03,-3.965981755205497e-03
13700,27,5.000000000000000e-04,4.464000474120364e-03,-3.964000474120363e-03
13700,28,-4.000000000000000e-04,4.363709313977206e-03,-4.763709313977206e-03
13700,29,3.000000000000000e-04,4.265824268197054e-03,-3.965824268197054e-03
13800,0,1.200000000000000e-01,7.253709934990736e-03,1.127462900650093e-01
13800,1,-8.000000000000000e-02,7.163709934990736e-03,-8.716370993499074e-02
13800,2,5.500000000000000e-02,7.133777434990736e-03,4.786622256500926e-02
13800,3,4.000000000000000e-02,7.062639833740736e-03,3.293736016625926e-02
13800,4,-3.000000000000000e-02,6.961662292093550e-03,-3.696166229209355e-02
13800,5,2.500000000000000e-02,6.883487683071304e-03,1.811651231692870e-02
13800,6,2.000000000000000e-02,6.786856228832892e-03,1.321314377116711e-02
13800,7,-1.800000000000000e-02,6.675659616138551e-03,-2.467565961613855e-02
13800,8,1.500000000000000e-02,6.578546785660856e-03,8.421453214339143e-03
13800,9,1.200000000000000e-02,6.470766632166028e-03,5.529233367833972e-03
13800,10,-1.000000000000000e-02,6.354713994707289e-03,-1.635471399470729e-02
13800,11,8.999999999999999e-03,6.247031752029493e-03,2.752968247970506e-03
13800,12,8.000000000000000e-03,6.133487887853788e-03,1.866512112146212e-03
13800,13,-7.000000000000000e-03,6.014965918455664e-03,-1.301496591845566e-02
13800,14,6.000000000000000e-03,5.902849538259169e-03,9.715046174083117e-05
13800,15,5.000000000000000e-03,5.787410380054738e-03,-7.874103800547382e-04
13800,16,-4.000000000000000e-03,5.669519912380108e-03,-9.669519912380107e-03
13800,17,3.500000000000000e-03,5.556044130317573e-03,-2.056044130317573e-03
13800,18,3.000000000000000e-03,5.441390164476337e-03,-2.441390164476337e-03
13800,19,-2.500000000000000e-03,5.326034027173958e-03,-7.826034027173958e-03
13800,20,2.000000000000000e-03,5.214196714828138e-03,-3.214196714828138e-03
13800,21,1.800000000000000e-03,5.102536962167504e-03,-3.302536962167504e-03
13800,22,-1.500000000000000e-03,4.991285850611276e-03,-6.491285850611275e-03
13800,23,1.200000000000000e-03,4.882995382395724e-03,-3.682995382395724e-03
13800,24,1.000000000000000e-03,4.775672924756892e-03,-3.775672924756892e-03
13800,25,-8.000000000000000e-04,4.669532271355557e-03,-5.469532271355557e-03
13800,26,5.999999999999999e-04,4.565981755205496e-03,-3.965981755205497e-03
13800,27,5.000000000000000e-04,4.464000474120364e-03,-3.964000474120363e-03
13800,28,-4.000000000000000e-04,4.363709313977206e-03,-4.763709313977206e-03
13800,29,3.000000000000000e-04,4.265824268197054e-03,-3.965824268197054e-03
13900,0,1.200000000000000e-01,7.253709934990736e-03,1.127462900650093e-01
13900,1,-8.000000000000000e-02,7.163709934990736e-03,-8.716370993499074e-02
13900,2,5.500000000000000e-02,7.133777434990736e-03,4.786622256500926e-02
13900,3,4.000000000000000e-02,7.062639833740736e-03,3.293736016625926e-02
13900,4,-3.000000000000000e-02,6.961662292093550e-03,-3.696166229209355e-02
13900,5,2.500000000000000e-02,6.883487683071304e-03,1.811651231692870e-02
13900,6,2.000000000000000e-02,6.786856228832892e-03,1.321314377116711e-02
13900,7,-1.800000000000000e-02,6.675659616138551e-03,-2.467565961613855e-02
13900,8,1.500000000000000e-02,6.578546785660856e-03,8.421453214339143e-03
13900,9,1.200000000000000e-02,6.470766632166028e-03,5.529233367833972e-03
13900,10,-1.000000000000000e-02,6.354713994707289e-03,-1.635471399470729e-02
13900,11,8.999999999999999e-03,6.247031752029493e-03,2.752968247970506e-03
13900,12,8.000000000000000e-03,6.133487887853788e-03,1.866512112146212e-03
13900,13,-7.000000000000000e-03,6.014965918455664e-03,-1.301496591845566e-02
13900,14,6.000000000000000e-03,5.902849538259169e-03,9.715046174083117e-05
13900,15,5.000000000000000e-03,5.787410380054738e-03,-7.874103800547382e-04
13900,16,-4.000000000000000e-03,5.669519912380108e-03,-9.669519912380107e-03
13900,17,3.500000000000000e-03,5.556044130317573e-03,-2.056044130317573e-03
13900,18,3.000000000000000e-03,5.441390164476337e-03,-2.441390164476337e-03
13900,19,-2.500000000000000e-03,5.326034027173958e-03,-7.826034027173958e-03
13900,20,2.000000000000000e-03,5.214196714828138e-03,-3.214196714828138e-03
13900,21,1.800000000000000e-03,5.102536962167504e-03,-3.302536962167504e-03
13900,22,-1.500000000000000e-03,4.991285850611276e-03,-6.491285850611275e-03
13900,23,1.200000000000000e-03,4.882995382395724e-03,-3.682995382395724e-03
13900,24,1.000000000000000e-03,4.775672924756892e-03,-3.775672924756892e-03
13900,25,-8.000000000000000e-04,4.669532271355557e-03,-5.469532271355557e-03
13900,26,5.999999999999999e-04,4.565981755205496e-03,-3.965981755205497e-03
13900,27,5.000000000000000e-04,4.464000474120364e-03,-3.964000474120363e-03
13900,28,-4.000000000000000e-04,4.363709313977206e-03,-4.763709313977206e-03
13900,29,3.000000000000000e-04,4.265824268197054e-03,-3.965824268197054e-03
14000,0,1.200000000000000e-01,7.253709934990736e-03,1.127462900650093e-01
14000,1,-8.000000000000000e-02,7.163709934990736e-03,-8.716370993499074e-02
14000,2,5.500000000000000e-02,7.133777434990736e-03,4.786622256500926e-02
14000,3,4.000000000000000e-02,7.062639833740736e-03,3.293736016625926e-02
14000,4,-3.000000000000000e-02,6.961662292093550e-03,-3.696166229209355e-02
14000,5,2.500000000000000e-02,6.883487683071304e-03,1.811651231692870e-02
14000,6,2.000000000000000e-02,6.786856228832892e-03,1.321314377116711e-02
14000,7,-1.800000000000000e-02,6.675659616138551e-03,-2.467565961613855e-02
14000,8,1.500000000000000e-02,6.578546785660856e-03,8.421453214339143e-03
14000,9,1.200000000000000e-02,6.470766632166028e-03,5.529233367833972e-03
14000,10,-1.000000000000000e-02,6.354713994707289e-03,-1.635471399470729e-02
14000,11,8.999999999999999e-03,6.247031752029493e-03,2.752968247970506e-03
14000,12,8.000000000000000e-03,6.133487887853788e-03,1.866512112146212e-03
14000,13,-7.000000000000000e-03,6.014965918455664e-03,-1.301496591845566e-02
14000,14,6.000000000000000e-03,5.902849538259169e-03,9.715046174083117e-05
14000,15,5.000000000000000e-03,5.787410380054738e-03,-7.874103800547382e-04
14000,16,-4.000000000000000e-03,5.669519912380108e-03,-9.669519912380107e-03
14000,17,3.500000000000000e-03,5.556044130317573e-03,-2.056044130317573e-03
14000,18,3.000000000000000e-03,5.441390164476337e-03,-2.441390164476337e-03
14000,19,-2.500000000000000e-03,5.326034027173958e-03,-7.826034027173958e-03
14000,20,2.000000000000000e-03,5.214196714828138e-03,-3.214196714828138e-03
14000,21,1.800000000000000e-03,5.102536962167504e-03,-3.302536962167504e-03
14000,22,-1.500000000000000e-03,4.991285850611276e-03,-6.491285850611275e-03
14000,23,1.200000000000000e-03,4.882995382395724e-03,-3.682995382395724e-03
14000,24,1.000000000000000e-03,4.775672924756892e-03,-3.775672924756892e-03
14000,25,-8.000000000000000e-04,4.669532271355557e-03,-5.469532271355557e-03
14000,26,5.999999999999999e-04,4.565981755205496e-03,-3.965981755205497e-03
14000,27,5.000000000000000e-04,4.464000474120364e-03,-3.964000474120363e-03
14000,28,-4.000000000000000e-04,4.363709313977206e-03,-4.763709313977206e-03
14000,29,3.000000000000000e-04,4.265824268197054e-03,-3.965824268197054e-03
14100,0,1.200000000000000e-01,7.253709934990736e-03,1.127462900650093e-01
14100,1,-8.000000000000000e-02,7.163709934990736e-03,-8.716370993499074e-02
14100,2,5.500000000000000e-02,7.133777434990736e-03,4.786622256500926e-02
14100,3,4.000000000000000e-02,7.062639833740736e-03,3.293736016625926e-02
14100,4,-3.000000000000000e-02,6.961662292093550e-03,-3.696166229209355e-02
14100,5,2.500000000000000e-02,6.883487683071304e-03,1.811651231692870e-02
14100,6,2.000000000000000e-02,6.786856228832892e-03,1.321314377116711e-02
14100,7,-1.800000000000000e-02,6.675659616138551e-03,-2.467565961613855e-02
14100,8,1.500000000000000e-02,6.578546785660856e-03,8.421453214339143e-03
14100,9,1.200000000000000e-02,6.470766632166028e-03,5.529233367833972e-03
14100,10,-1.000000000000000e-02,6.354713994707289e-03,-1.635471399470729e-02
14100,11,8.999999999999999e-03,6.247031752029493e-03,2.752968247970506e-03
14100,12,8.000000000000000e-03,6.133487887853788e-03,1.866512112146212e-03
14100,13,-7.000000000000000e-03,6.014965918455664e-03,-1.301496591845566e-02
14100,14,6.000000000000000e-03,5.902849538259169e-03,9.715046174083117e-05
14100,15,5.000000000000000e-03,5.787410380054738e-03,-7.874103800547382e-04
14100,16,-4.000000000000000e-03,5.669519912380108e-03,-9.669519912380107e-03
14100,17,3.500000000000000e-03,5.556044130317573e-03,-2.056044130317573e-03
14100,18,3.000000000000000e-03,5.441390164476337e-03,-2.441390164476337e-03
14100,19,-2.500000000000000e-03,5.326034027173958e-03,-7.826034027173958e-03
14100,20,2.000000000000000e-03,5.214196714828138e-03,-3.214196714828138e-03
14100,21,1.800000000000000e-03,5.102536962167504e-03,-3.302536962167504e-03
14100,22,-1.500000000000000e-03,4.991285850611276e-03,-6.491285850611275e-03
14100,23,1.200000000000000e-03,4.882995382395724e-03,-3.682995382395724e-03
14100,24,1.000000000000000e-03,4.775672924756892e-03,-3.775672924756892e-03
14100,25,-8.000000000000000e-04,4.669532271355557e-03,-5.469532271355557e-03
14100,26,5.999999999999999e-04,4.565981755205496e-03,-3.965981755205497e-03
14100,27,5.000000000000000e-04,4.464000474120364e-03,-3.964000474120363e-03
14100,28,-4.000000000000000e-04,4.363709313977206e-03,-4.763709313977206e-03
14100,29,3.000000000000000e-04,4.265824268197054e-03,-3.965824268197054e-03
14200,0,1.200000000000000e-01,7.253709934990736e-03,1.127462900650093e-01
14200,1,-8.000000000000000e-02,7.163709934990736e-03,-8.716370993499074e-02
14200,2,5.500000000000000e-02,7.133777434990736e-03,4.786622256500926e-02
14200,3,4.000000000000000e-02,7.062639833740736e-03,3.293736016625926e-02
14200,4,-3.000000000000000e-02,6.961662292093550e-03,-3.696166229209355e-02
14200,5,2.500000000000000e-02,6.883487683071304e-03,1.811651231692870e-02
14200,6,2.000000000000000e-02,6.786856228832892e-03,1.321314377116711e-02
14200,7,-1.800000000000000e-02,6.675659616138551e-03,-2.467565961613855e-02
14200,8,1.500000000000000e-02,6.578546785660856e-03,8.421453214339143e-03
14200,9,1.200000000000000e-02,6.470766632166028e-03,5.529233367833972e-03
14200,10,-1.000000000000000e-02,6.354713994707289e-03,-1.635471399470729e-02
14200,11,8.999999999999999e-03,6.247031752029493e-03,2.752968247970506e-03
14200,12,8.000000000000000e-03,6.133487887853788e-03,1.866512112146212e-03
14200,13,-7.000000000000000e-03,6.014965918455664e-03,-1.301496591845566e-02
14200,14,6.000000000000000e-03,5.902849538259169e-03,9.715046174083117e-05
14200,15,5.000000000000000e-03,5.787410380054738e-03,-7.874103800547382e-04
14200,16,-4.000000000000000e-03,5.669519912380108e-03,-9.669519912380107e-03
14200,17,3.500000000000000e-03,5.556044130317573e-03,-2.056044130317573e-03
14200,18,3.000000000000000e-03,5.441390164476337e-03,-2.441390164476337e-03
14200,19,-2.500000000000000e-03,5.326034027173958e-03,-7.826034027173958e-03
14200,20,2.000000000000000e-03,5.214196714828138e-03,-3.214196714828138e-03
14200,21,1.800000000000000e-03,5.102536962167504e-03,-3.302536962167504e-03
14200,22,-1.500000000000000e-03,4.991285850611276e-03,-6.491285850611275e-03
14200,23,1.200000000000000e-03,4.882995382395724e-03,-3.682995382395724e-03
14200,24,1.000000000000000e-03,4.775672924756892e-03,-3.775672924756892e-03
14200,25,-8.000000000000000e-04,4.669532271355557e-03,-5.469532271355557e-03
14200,26,5.999999999999999e-04,4.565981755205496e-03,-3.965981755205497e-03
14200,27,5.000000000000000e-04,4.464000474120364e-03,-3.964000474120363e-03
14200,28,-4.000000000000000e-04,4.363709313977206e-03,-4.763709313977206e-03
14200,29,3.000000000000000e-04,4.265824268197054e-03,-3.965824268197054e-03
14300,0,1.200000000000000e-01,7.253709934990736e-03,1.127462900650093e-01
14300,1,-8.000000000000000e-02,7.163709934990736e-03,-8.716370993499074e-02
14300,2,5.500000000000000e-02,7.133777434990736e-03,4.786622256500926e-02
14300,3,4.000000000000000e-02,7.062639833740736e-03,3.293736016625926e-02
14300,4,-3.000000000000000e-02,6.961662292093550e-03,-3.696166229209355e-02
14300,5,2.500000000000000e-02,6.883487683071304e-03,1.811651231692870e-02
14300,6,2.000000000000000e-02,6.786856228832892e-03,1.321314377116711e-02
14300,7,-1.800000000000000e-02,6.675659616138551e-03,-2.467565961613855e-02
14300,8,1.500000000000000e-02,6.578546785660856e-03,8.421453214339143e-03
14300,9,1.200000000000000e-02,6.470766632166028e-03,5.529233367833972e-03
14300,10,-1.000000000000000e-02,6.354713994707289e-03,-1.635471399470729e-02
14300,11,8.999999999999999e-03,6.247031752029493e-03,2.752968247970506e-03
14300,12,8.000000000000000e-03,6.133487887853788e-03,1.866512112146212e-03
14300,13,-7.000000000000000e-03,6.014965918455664e-03,-1.301496591845566e-02
14300,14,6.000000000000000e-03,5.902849538259169e-03,9.715046174083117e-05
14300,15,5.000000000000000e-03,5.787410380054738e-03,-7.874103800547382e-04
14300,16,-4.000000000000000e-03,5.669519912380108e-03,-9.669519912380107e-03
14300,17,3.500000000000000e-03,5.556044130317573e-03,-2.056044130317573e-03
14300,18,3.000000000000000e-03,5.441390164476337e-03,-2.441390164476337e-03
14300,19,-2.500000000000000e-03,5.326034027173958e-03,-7.826034027173958e-03
14300,20,2.000000000000000e-03,5.214196714828138e-03,-3.214196714828138e-03
14300,21,1.800000000000000e-03,5.102536962167504e-03,-3.302536962167504e-03
14300,22,-1.500000000000000e-03,4.991285850611276e-03,-6.491285850611275e-03
14300,23,1.200000000000000e-03,4.882995382395724e-03,-3.682995382395724e-03
14300,24,1.000000000000000e-03,4.775672924756892e-03,-3.775672924756892e-03
14300,25,-8.000000000000000e-04,4.669532271355557e-03,-5.469532271355557e-03
14300,26,5.999999999999999e-04,4.565981755205496e-03,-3.965981755205497e-03
14300,27,5.000000000000000e-04,4.464000474120364e-03,-3.964000474120363e-03
14300,28,-4.000000000000000e-04,4.363709313977206e-03,-4.763709313977206e-03
14300,29,3.000000000000000e-04,4.265824268197054e-03,-3.965824268197054e-03
14400,0,1.200000000000000e-01,7.253709934990736e-03,1.127462900650093e-01
14400,1,-8.000000000000000e-02,7.163709934990736e-03,-8.716370993499074e-02
14400,2,5.500000000000000e-02,7.133777434990736e-03,4.786622256500926e-02
14400,3,4.000000000000000e-02,7.062639833740736e-03,3.293736016625926e-02
14400,4,-3.000000000000000e-02,6.961662292093550e-03,-3.696166229209355e-02
14400,5,2.500000000000000e-02,6.883487683071304e-03,1.811651231692870e-02
14400,6,2.000000000000000e-02,6.786856228832892e-03,1.321314377116711e-02
14400,7,-1.800000000000000e-02,6.675659616138551e-03,-2.467565961613855e-02
14400,8,1.500000000000000e-02,6.578546785660856e-03,8.421453214339143e-03
14400,9,1.200000000000000e-02,6.470766632166028e-03,5.529233367833972e-03
14400,10,-1.000000000000000e-02,6.354713994707289e-03,-1.635471399470729e-02
14400,11,8.999999999999999e-03,6.247031752029493e-03,2.752968247970506e-03
14400,12,8.000000000000000e-03,6.133487887853788e-03,1.866512112146212e-03
14400,13,-7.000000000000000e-03,6.014965918455664e-03,-1.301496591845566e-02
14400,14,6.000000000000000e-03,5.902849538259169e-03,9.715046174083117e-05
14400,15,5.000000000000000e-03,5.787410380054738e-03,-7.874103800547382e-04
14400,16,-4.000000000000000e-03,5.669519912380108e-03,-9.669519912380107e-03
14400,17,3.500000000000000e-03,5.556044130317573e-03,-2.056044130317573e-03
14400,18,3.000000000000000e-03,5.441390164476337e-03,-2.441390164476337e-03
14400,19,-2.500000000000000e-03,5.326034027173958e-03,-7.826034027173958e-03
14400,20,2.000000000000000e-03,5.214196714828138e-03,-3.214196714828138e-03
14400,21,1.800000000000000e-03,5.102536962167504e-03,-3.302536962167504e-03
14400,22,-1.500000000000000e-03,4.991285850611276e-03,-6.491285850611275e-03
14400,23,1.200000000000000e-03,4.882995382395724e-03,-3.682995382395724e-03
14400,24,1.000000000000000e-03,4.775672924756892e-03,-3.775672924756892e-03
14400,25,-8.000000000000000e-04,4.669532271355557e-03,-5.469532271355557e-03
14400,26,5.999999999999999e-04,4.565981755205496e-03,-3.965981755205497e-03
14400,27,5.000000000000000e-04,4.464000474120364e-03,-3.964000474120363e-03
14400,28,-4.000000000000000e-04,4.363709313977206e-03,-4.763709313977206e-03
14400,29,3.000000000000000e-04,4.265824268197054e-03,-3.965824268197054e-03
14500,0,1.200000000000000e-01,7.253709934990736e-03,1.127462900650093e-01
14500,1,-8.000000000000000e-02,7.163709934990736e-03,-8.716370993499074e-02
14500,2,5.500000000000000e-02,7.133777434990736e-03,4.786622256500926e-02
14500,3,4.000000000000000e-02,7.062639833740736e-03,3.293736016625926e-02
14500,4,-3.000000000000000e-02,6.961662292093550e-03,-3.696166229209355e-02
14500,5,2.500000000000000e-02,6.883487683071304e-03,1.811651231692870e-02
14500,6,2.000000000000000e-02,6.786856228832892e-03,1.321314377116711e-02
14500,7,-1.800000000000000e-02,6.675659616138551e-03,-2.467565961613855e-02
14500,8,1.500000000000000e-02,6.578546785660856e-03,8.421453214339143e-03
14500,9,1.200000000000000e-02,6.470766632166028e-03,5.529233367833972e-03
14500,10,-1.000000000000000e-02,6.354713994707289e-03,-1.635471399470729e-02
14500,11,8.999999999999999e-03,6.247031752029493e-03,2.752968247970506e-03
14500,12,8.000000000000000e-03,6.133487887853788e-03,1.866512112146212e-03
14500,13,-7.000000000000000e-03,6.014965918455664e-03,-1.301496591845566e-02
14500,14,6.000000000000000e-03,5.902849538259169e-03,9.715046174083117e-05
14500,15,5.000000000000000e-03,5.787410380054738e-03,-7.874103800547382e-04
14500,16,-4.000000000000000e-03,5.669519912380108e-03,-9.669519912380107e-03
14500,17,3.500000000000000e-03,5.556044130317573e-03,-2.056044130317573e-03
14500,18,3.000000000000000e-03,5.441390164476337e-03,-2.441390164476337e-03
14500,19,-2.500000000000000e-03,5.326034027173958e-03,-7.826034027173958e-03
14500,20,2.000000000000000e-03,5.214196714828138e-03,-3.214196714828138e-03
14500,21,1.800000000000000e-03,5.102536962167504e-03,-3.302536962167504e-03
14500,22,-1.500000000000000e-03,4.991285850611276e-03,-6.491285850611275e-03
14500,23,1.200000000000000e-03,4.882995382395724e-03,-3.682995382395724e-03
14500,24,1.000000000000000e-03,4.775672924756892e-03,-3.775672924756892e-03
14500,25,-8.000000000000000e-04,4.669532271355557e-03,-5.469532271355557e-03
14500,26,5.999999999999999e-04,4.565981755205496e-03,-3.965981755205497e-03
14500,27,5.000000000000000e-04,4.464000474120364e-03,-3.964000474120363e-03
14500,28,-4.000000000000000e-04,4.363709313977206e-03,-4.763709313977206e-03
14500,29,3.000000000000000e-04,4.265824268197054e-03,-3.965824268197054e-03
14600,0,1.200000000000000e-01,7.253709934990736e-03,1.127462900650093e-01
14600,1,-8.000000000000000e-02,7.163709934990736e-03,-8.716370993499074e-02
14600,2,5.500000000000000e-02,7.133777434990736e-03,4.786622256500926e-02
14600,3,4.000000000000000e-02,7.062639833740736e-03,3.293736016625926e-02
14600,4,-3.000000000000000e-02,6.961662292093550e-03,-3.696166229209355e-02
14600,5,2.500000000000000e-02,6.883487683071304e-03,1.811651231692870e-02
14600,6,2.000000000000000e-02,6.786856228832892e-03,1.321314377116711e-02
14600,7,-1.800000000000000e-02,6.675659616138551e-03,-2.467565961613855e-02
14600,8,1.500000000000000e-02,6.578546785660856e-03,8.421453214339143e-03
14600,9,1.200000000000000e-02,6.470766632166028e-03,5.529233367833972e-03
14600,10,-1.000000000000000e-02,6.354713994707289e-03,-1.635471399470729e-02
14600,11,8.999999999999999e-03,6.247031752029493e-03,2.752968247970506e-03
14600,12,8.000000000000000e-03,6.133487887853788e-03,1.866512112146212e-03
14600,13,-7.000000000000000e-03,6.014965918455664e-03,-1.301496591845566e-02
14600,14,6.000000000000000e-03,5.902849538259169e-03,9.715046174083117e-05
14600,15,5.000000000000000e-03,5.787410380054738e-03,-7.874103800547382e-04
14600,16,-4.000000000000000e-03,5.669519912380108e-03,-9.669519912380107e-03
14600,17,3.500000000000000e-03,5.556044130317573e-03,-2.056044130317573e-03
14600,18,3.000000000000000e-03,5.441390164476337e-03,-2.441390164476337e-03
14600,19,-2.500000000000000e-03,5.326034027173958e-03,-7.826034027173958e-03
14600,20,2.000000000000000e-03,5.214196714828138e-03,-3.214196714828138e-03
14600,21,1.800000000000000e-03,5.102536962167504e-03,-3.302536962167504e-03
14600,22,-1.500000000000000e-03,4.991285850611276e-03,-6.491285850611275e-03
14600,23,1.200000000000000e-03,4.882995382395724e-03,-3.682995382395724e-03
14600,24,1.000000000000000e-03,4.775672924756892e-03,-3.775672924756892e-03
14600,25,-8.000000000000000e-04,4.669532271355557e-03,-5.469532271355557e-03
14600,26,5.999999999999999e-04,4.565981755205496e-03,-3.965981755205497e-03
14600,27,5.000000000000000e-04,4.464000474120364e-03,-3.964000474120363e-03
14600,28,-4.000000000000000e-04,4.363709313977206e-03,-4.763709313977206e-03
14600,29,3.000000000000000e-04,4.265824268197054e-03,-3.965824268197054e-03
14700,0,1.200000000000000e-01,7.253709934990736e-03,1.127462900650093e-01
14700,1,-8.000000000000000e-02,7.163709934990736e-03,-8.716370993499074e-02
14700,2,5.500000000000000e-02,7.133777434990736e-03,4.786622256500926e-02
14700,3,4.000000000000000e-02,7.062639833740736e-03,3.293736016625926e-02
14700,4,-3.000000000000000e-02,6.961662292093550e-03,-3.696166229209355e-02
14700,5,2.500000000000000e-02,6.883487683071304e-03,1.811651231692870e-02
14700,6,2.000000000000000e-02,6.786856228832892e-03,1.321314377116711e-02
14700,7,-1.800000000000000e-02,6.675659616138551e-03,-2.467565961613855e-02
14700,8,1.500000000000000e-02,6.578546785660856e-03,8.421453214339143e-03
14700,9,1.200000000000000e-02,6.470766632166028e-03,5.529233367833972e-03
14700,10,-1.000000000000000e-02,6.354713994707289e-03,-1.635471399470729e-02
14700,11,8.999999999999999e-03,6.247031752029493e-03,2.752968247970506e-03
14700,12,8.000000000000000e-03,6.133487887853788e-03,1.866512112146212e-03
14700,13,-7.000000000000000e-03,6.014965918455664e-03,-1.301496591845566e-02
14700,14,6.000000000000000e-03,5.902849538259169e-03,9.715046174083117e-05
14700,15,5.000000000000000e-03,5.787410380054738e-03,-7.874103800547382e-04
14700,16,-4.000000000000000e-03,5.669519912380108e-03,-9.669519912380107e-03
14700,17,3.500000000000000e-03,5.556044130317573e-03,-2.056044130317573e-03
14700,18,3.000000000000000e-03,5.441390164476337e-03,-2.441390164476337e-03
14700,19,-2.500000000000000e-03,5.326034027173958e-03,-7.826034027173958e-03
14700,20,2.000000000000000e-03,5.214196714828138e-03,-3.214196714828138e-03
14700,21,1.800000000000000e-03,5.102536962167504e-03,-3.302536962167504e-03
14700,22,-1.500000000000000e-03,4.991285850611276e-03,-6.491285850611275e-03
14700,23,1.200000000000000e-03,4.882995382395724e-03,-3.682995382395724e-03
14700,24,1.000000000000000e-03,4.775672924756892e-03,-3.775672924756892e-03
14700,25,-8.000000000000000e-04,4.669532271355557e-03,-5.469532271355557e-03
14700,26,5.999999999999999e-04,4.565981755205496e-03,-3.965981755205497e-03
14700,27,5.000000000000000e-04,4.464000474120364e-03,-3.964000474120363e-03
14700,28,-4.000000000000000e-04,4.363709313977206e-03,-4.763709313977206e-03
14700,29,3.000000000000000e-04,4.265824268197054e-03,-3.965824268197054e-03
14800,0,1.200000000000000e-01,7.253709934990736e-03,1.127462900650093e-01
14800,1,-8.000000000000000e-02,7.163709934990736e-03,-8.716370993499074e-02
14800,2,5.500000000000000e-02,7.133777434990736e-03,4.786622256500926e-02
14800,3,4.000000000000000e-02,7.062639833740736e-03,3.293736016625926e-02
14800,4,-3.000000000000000e-02,6.961662292093550e-03,-3.696166229209355e-02
14800,5,2.500000000000000e-02,6.883487683071304e-03,1.811651231692870e-02
14800,6,2.000000000000000e-02,6.786856228832892e-03,1.321314377116711e-02
14800,7,-1.800000000000000e-02,6.675659616138551e-03,-2.467565961613855e-02
14800,8,1.500000000000000e-02,6.578546785660856e-03,8.421453214339143e-03
14800,9,1.200000000000000e-02,6.470766632166028e-03,5.529233367833972e-03
14800,10,-1.000000000000000e-02,6.354713994707289e-03,-1.635471399470729e-02
14800,11,8.999999999999999e-03,6.247031752029493e-03,2.752968247970506e-03
14800,12,8.000000000000000e-03,6.133487887853788e-03,1.866512112146212e-03
14800,13,-7.000000000000000e-03,6.014965918455664e-03,-1.301496591845566e-02
14800,14,6.000000000000000e-03,5.902849538259169e-03,9.715046174083117e-05
14800,15,5.000000000000000e-03,5.787410380054738e-03,-7.874103800547382e-04
14800,16,-4.000000000000000e-03,5.669519912380108e-03,-9.669519912380107e-03
14800,17,3.500000000000000e-03,5.556044130317573e-03,-2.056044130317573e-03
14800,18,3.000000000000000e-03,5.441390164476337e-03,-2.441390164476337e-03
14800,19,-2.500000000000000e-03,5.326034027173958e-03,-7.826034027173958e-03
14800,20,2.000000000000000e-03,5.214196714828138e-03,-3.214196714828138e-03
14800,21,1.800000000000000e-03,5.102536962167504e-03,-3.302536962167504e-03
14800,22,-1.500000000000000e-03,4.991285850611276e-03,-6.491285850611275e-03
14800,23,1.200000000000000e-03,4.882995382395724e-03,-3.682995382395724e-03
14800,24,1.000000000000000e-03,4.775672924756892e-03,-3.775672924756892e-03
14800,25,-8.000000000000000e-04,4.669532271355557e-03,-5.469532271355557e-03
14800,26,5.999999999999999e-04,4.565981755205496e-03,-3.965981755205497e-03
14800,27,5.000000000000000e-04,4.464000474120364e-03,-3.964000474120363e-03
14800,28,-4.000000000000000e-04,4.363709313977206e-03,-4.763709313977206e-03
14800,29,3.000000000000000e-04,4.265824268197054e-03,-3.965824268197054e-03
14900,0,1.200000000000000e-01,7.253709934990736e-03,1.127462900650093e-01
14900,1,-8.000000000000000e-02,7.163709934990736e-03,-8.716370993499074e-02
14900,2,5.500000000000000e-02,7.133777434990736e-03,4.786622256500926e-02
14900,3,4.000000000000000e-02,7.062639833740736e-03,3.293736016625926e-02
14900,4,-3.000000000000000e-02,6.961662292093550e-03,-3.696166229209355e-02
14900,5,2.500000000000000e-02,6.883487683071304e-03,1.811651231692870e-02
14900,6,2.000000000000000e-02,6.786856228832892e-03,1.321314377116711e-02
14900,7,-1.800000000000000e-02,6.675659616138551e-03,-2.467565961613855e-02
14900,8,1.500000000000000e-02,6.578546785660856e-03,8.421453214339143e-03
14900,9,1.200000000000000e-02,6.470766632166028e-03,5.529233367833972e-03
14900,10,-1.000000000000000e-02,6.354713994707289e-03,-1.635471399470729e-02
14900,11,8.999999999999999e-03,6.247031752029493e-03,2.752968247970506e-03
14900,12,8.000000000000000e-03,6.133487887853788e-03,1.866512112146212e-03
14900,13,-7.000000000000000e-03,6.014965918455664e-03,-1.301496591845566e-02
14900,14,6.000000000000000e-03,5.902849538259169e-03,9.715046174083117e-05
14900,15,5.000000000000000e-03,5.787410380054738e-03,-7.874103800547382e-04
14900,16,-4.000000000000000e-03,5.669519912380108e-03,-9.669519912380107e-03
14900,17,3.500000000000000e-03,5.556044130317573e-03,-2.056044130317573e-03
14900,18,3.000000000000000e-03,5.441390164476337e-03,-2.441390164476337e-03
14900,19,-2.500000000000000e-03,5.326034027173958e-03,-7.826034027173958e-03
14900,20,2.000000000000000e-03,5.214196714828138e-03,-3.214196714828138e-03
14900,21,1.800000000000000e-03,5.102536962167504e-03,-3.302536962167504e-03
14900,22,-1.500000000000000e-03,4.991285850611276e-03,-6.491285850611275e-03
14900,23,1.200000000000000e-03,4.882995382395724e-03,-3.682995382395724e-03
14900,24,1.000000000000000e-03,4.775672924756892e-03,-3.775672924756892e-03
14900,25,-8.000000000000000e-04,4.669532271355557e-03,-5.469532271355557e-03
14900,26,5.999999999999999e-04,4.565981755205496e-03,-3.965981755205497e-03
14900,27,5.000000000000000e-04,4.464000474120364e-03,-3.964000474120363e-03
14900,28,-4.000000000000000e-04,4.363709313977206e-03,-4.763709313977206e-03
14900,29,3.000000000000000e-04,4.265824268197054e-03,-3.965824268197054e-03
15000,0,1.200000000000000e-01,7.253709934990736e-03,1.127462900650093e-01
15000,1,-8.000000000000000e-02,7.163709934990736e-03,-8.716370993499074e-02
15000,2,5.500000000000000e-02,7.133777434990736e-03,4.786622256500926e-02
15000,3,4.000000000000000e-02,7.062639833740736e-03,3.293736016625926e-02
15000,4,-3.000000000000000e-02,6.961662292093550e-03,-3.696166229209355e-02
15000,5,2.500000000000000e-02,6.883487683071304e-03,1.811651231692870e-02
15000,6,2.000000000000000e-02,6.786856228832892e-03,1.321314377116711e-02
15000,7,-1.800000000000000e-02,6.675659616138551e-03,-2.467565961613855e-02
15000,8,1.500000000000000e-02,6.578546785660856e-03,8.421453214339143e-03
15000,9,1.200000000000000e-02,6.470766632166028e-03,5.529233367833972e-03
15000,10,-1.000000000000000e-02,6.354713994707289e-03,-1.635471399470729e-02
15000,11,8.999999999999999e-03,6.247031752029493e-03,2.752968247970506e-03
15000,12,8.000000000000000e-03,6.133487887853788e-03,1.866512112146212e-03
15000,13,-7.000000000000000e-03,6.014965918455664e-03,-1.301496591845566e-02
15000,14,6.000000000000000e-03,5.902849538259169e-03,9.715046174083117e-05
15000,15,5.000000000000000e-03,5.787410380054738e-03,-7.874103800547382e-04
15000,16,-4.000000000000000e-03,5.669519912380108e-03,-9.669519912380107e-03
15000,17,3.500000000000000e-03,5.556044130317573e-03,-2.056044130317573e-03
15000,18,3.000000000000000e-03,5.441390164476337e-03,-2.441390164476337e-03
15000,19,-2.500000000000000e-03,5.326034027173958e-03,-7.826034027173958e-03
15000,20,2.000000000000000e-03,5.214196714828138e-03,-3.214196714828138e-03
15000,21,1.800000000000000e-03,5.102536962167504e-03,-3.302536962167504e-03
15000,22,-1.500000000000000e-03,4.991285850611276e-03,-6.491285850611275e-03
15000,23,1.200000000000000e-03,4.882995382395724e-03,-3.682995382395724e-03
15000,24,1.000000000000000e-03,4.775672924756892e-03,-3.775672924756892e-03
15000,25,-8.000000000000000e-04,4.669532271355557e-03,-5.469532271355557e-03
15000,26,5.999999999999999e-04,4.565981755205496e-03,-3.965981755205497e-03
15000,27,5.000000000000000e-04,4.464000474120364e-03,-3.964000474120363e-03
15000,28,-4.000000000000000e-04,4.363709313977206e-03,-4.763709313977206e-03
15000,29,3.000000000000000e-04,4.265824268197054e-03,-3.965824268197054e-03
15100,0,1.200000000000000e-01,7.253709934990736e-03,1.127462900650093e-01
15100,1,-8.000000000000000e-02,7.163709934990736e-03,-8.716370993499074e-02
15100,2,5.500000000000000e-02,7.133777434990736e-03,4.786622256500926e-02
15100,3,4.000000000000000e-02,7.062639833740736e-03,3.293736016625926e-02
15100,4,-3.000000000000000e-02,6.961662292093550e-03,-3.696166229209355e-02
15100,5,2.500000000000000e-02,6.883487683071304e-03,1.811651231692870e-02
15100,6,2.000000000000000e-02,6.786856228832892e-03,1.321314377116711e-02
15100,7,-1.800000000000000e-02,6.675659616138551e-03,-2.467565961613855e-02
15100,8,1.500000000000000e-02,6.578546785660856e-03,8.421453214339143e-03
15100,9,1.200000000000000e-02,6.470766632166028e-03,5.529233367833972e-03
15100,10,-1.000000000000000e-02,6.354713994707289e-03,-1.635471399470729e-02
15100,11,8.999999999999999e-03,6.247031752029493e-03,2.752968247970506e-03
15100,12,8.000000000000000e-03,6.133487887853788e-03,1.866512112146212e-03
15100,13,-7.000000000000000e-03,6.014965918455664e-03,-1.301496591845566e-02
15100,14,6.000000000000000e-03,5.902849538259169e-03,9.715046174083117e-05
15100,15,5.000000000000000e-03,5.787410380054738e-03,-7.874103800547382e-04
15100,16,-4.000000000000000e-03,5.669519912380108e-03,-9.669519912380107e-03
15100,17,3.500000000000000e-03,5.556044130317573e-03,-2.056044130317573e-03
15100,18,3.000000000000000e-03,5.441390164476337e-03,-2.441390164476337e-03
15100,19,-2.500000000000000e-03,5.326034027173958e-03,-7.826034027173958e-03
15100,20,2.000000000000000e-03,5.214196714828138e-03,-3.214196714828138e-03
15100,21,1.800000000000000e-03,5.102536962167504e-03,-3.302536962167504e-03
15100,22,-1.500000000000000e-03,4.991285850611276e-03,-6.491285850611275e-03
15100,23,1.200000000000000e-03,4.882995382395724e-03,-3.682995382395724e-03
15100,24,1.000000000000000e-03,4.775672924756892e-03,-3.775672924756892e-03
15100,25,-8.000000000000000e-04,4.669532271355557e-03,-5.469532271355557e-03
15100,26,5.999999999999999e-04,4.565981755205496e-03,-3.965981755205497e-03
15100,27,5.000000000000000e-04,4.464000474120364e-03,-3.964000474120363e-03
15100,28,-4.000000000000000e-04,4.363709313977206e-03,-4.763709313977206e-03
15100,29,3.000000000000000e-04,4.265824268197054e-03,-3.965824268197054e-03
15200,0,1.200000000000000e-01,7.253709934990736e-03,1.127462900650093e-01
15200,1,-8.000000000000000e-02,7.163709934990736e-03,-8.716370993499074e-02
15200,2,5.500000000000000e-02,7.133777434990736e-03,4.786622256500926e-02
15200,3,4.000000000000000e-02,7.062639833740736e-03,3.293736016625926e-02
15200,4,-3.000000000000000e-02,6.961662292093550e-03,-3.696166229209355e-02
15200,5,2.500000000000000e-02,6.883487683071304e-03,1.811651231692870e-02
15200,6,2.000000000000000e-02,6.786856228832892e-03,1.321314377116711e-02
15200,7,-1.800000000000000e-02,6.675659616138551e-03,-2.467565961613855e-02
15200,8,1.500000000000000e-02,6.578546785660856e-03,8.421453214339143e-03
15200,9,1.200000000000000e-02,6.470766632166028e-03,5.529233367833972e-03
15200,10,-1.000000000000000e-02,6.354713994707289e-03,-1.635471399470729e-02
15200,11,8.999999999999999e-03,6.247031752029493e-03,2.752968247970506e-03
15200,12,8.000000000000000e-03,6.133487887853788e-03,1.866512112146212e-03
15200,13,-7.000000000000000e-03,6.014965918455664e-03,-1.301496591845566e-02
15200,14,6.000000000000000e-03,5.902849538259169e-03,9.715046174083117e-05
15200,15,5.000000000000000e-03,5.787410380054738e-03,-7.874103800547382e-04
15200,16,-4.000000000000000e-03,5.669519912380108e-03,-9.669519912380107e-03
15200,17,3.500000000000000e-03,5.556044130317573e-03,-2.056044130317573e-03
15200,18,3.000000000000000e-03,5.441390164476337e-03,-2.441390164476337e-03
15200,19,-2.500000000000000e-03,5.326034027173958e-03,-7.826034027173958e-03
15200,20,2.000000000000000e-03,5.214196714828138e-03,-3.214196714828138e-03
15200,21,1.800000000000000e-03,5.102536962167504e-03,-3.302536962167504e-03
15200,22,-1.500000000000000e-03,4.991285850611276e-03,-6.491285850611275e-03
15200,23,1.200000000000000e-03,4.882995382395724e-03,-3.682995382395724e-03
15200,24,1.000000000000000e-03,4.775672924756892e-03,-3.775672924756892e-03
15200,25,-8.000000000000000e-04,4.669532271355557e-03,-5.469532271355557e-03
15200,26,5.999999999999999e-04,4.565981755205496e-03,-3.965981755205497e-03
15200,27,5.000000000000000e-04,4.464000474120364e-03,-3.964000474120363e-03
15200,28,-4.000000000000000e-04,4.363709313977206e-03,-4.763709313977206e-03
15200,29,3.000000000000000e-04,4.265824268197054e-03,-3.965824268197054e-03
15300,0,1.200000000000000e-01,7.253709934990736e-03,1.127462900650093e-01
15300,1,-8.000000000000000e-02,7.163709934990736e-03,-8.716370993499074e-02
15300,2,5.500000000000000e-02,7.133777434990736e-03,4.786622256500926e-02
15300,3,4.000000000000000e-02,7.062639833740736e-03,3.293736016625926e-02
15300,4,-3.000000000000000e-02,6.961662292093550e-03,-3.696166229209355e-02
15300,5,2.500000000000000e-02,6.883487683071304e-03,1.811651231692870e-02
15300,6,2.000000000000000e-02,6.786856228832892e-03,1.321314377116711e-02
15300,7,-1.800000000000000e-02,6.675659616138551e-03,-2.467565961613855e-02
15300,8,1.500000000000000e-02,6.578546785660856e-03,8.421453214339143e-03
15300,9,1.200000000000000e-02,6.470766632166028e-03,5.529233367833972e-03
15300,10,-1.000000000000000e-02,6.354713994707289e-03,-1.635471399470729e-02
15300,11,8.999999999999999e-03,6.247031752029493e-03,2.752968247970506e-03
15300,12,8.000000000000000e-03,6.133487887853788e-03,1.866512112146212e-03
15300,13,-7.000000000000000e-03,6.014965918455664e-03,-1.301496591845566e-02
15300,14,6.000000000000000e-03,5.902849538259169e-03,9.715046174083117e-05
15300,15,5.000000000000000e-03,5.787410380054738e-03,-7.874103800547382e-04
15300,16,-4.000000000000000e-03,5.669519912380108e-03,-9.669519912380107e-03
15300,17,3.500000000000000e-03,5.556044130317573e-03,-2.056044130317573e-03
15300,18,3.000000000000000e-03,5.441390164476337e-03,-2.441390164476337e-03
15300,19,-2.500000000000000e-03,5.326034027173958e-03,-7.826034027173958e-03
15300,20,2.000000000000000e-03,5.214196714828138e-03,-3.214196714828138e-03
15300,21,1.800000000000000e-03,5.102536962167504e-03,-3.302536962167504e-03
15300,22,-1.500000000000000e-03,4.991285850611276e-03,-6.491285850611275e-03
15300,23,1.200000000000000e-03,4.882995382395724e-03,-3.682995382395724e-03
15300,24,1.000000000000000e-03,4.775672924756892e-03,-3.775672924756892e-03
15300,25,-8.000000000000000e-04,4.669532271355557e-03,-5.469532271355557e-03
15300,26,5.999999999999999e-04,4.565981755205496e-03,-3.965981755205497e-03
15300,27,5.000000000000000e-04,4.464000474120364e-03,-3.964000474120363e-03
15300,28,-4.000000000000000e-04,4.363709313977206e-03,-4.763709313977206e-03
15300,29,3.000000000000000e-04,4.265824268197054e-03,-3.965824268197054e-03
15400,0,1.200000000000000e-01,7.253709934990736e-03,1.127462900650093e-01
15400,1,-8.000000000000000e-02,7.163709934990736e-03,-8.716370993499074e-02
15400,2,5.500000000000000e-02,7.133777434990736e-03,4.786622256500926e-02
15400,3,4.000000000000000e-02,7.062639833740736e-03,3.293736016625926e-02
15400,4,-3.000000000000000e-02,6.961662292093550e-03,-3.696166229209355e-02
15400,5,2.500000000000000e-02,6.883487683071304e-03,1.811651231692870e-02
15400,6,2.000000000000000e-02,6.786856228832892e-03,1.321314377116711e-02
15400,7,-1.800000000000000e-02,6.675659616138551e-03,-2.467565961613855e-02
15400,8,1.500000000000000e-02,6.578546785660856e-03,8.421453214339143e-03
15400,9,1.200000000000000e-02,6.470766632166028e-03,5.529233367833972e-03
15400,10,-1.000000000000000e-02,6.354713994707289e-03,-1.635471399470729e-02
15400,11,8.999999999999999e-03,6.247031752029493e-03,2.752968247970506e-03
15400,12,8.000000000000000e-03,6.133487887853788e-03,1.866512112146212e-03
15400,13,-7.000000000000000e-03,6.014965918455664e-03,-1.301496591845566e-02
15400,14,6.000000000000000e-03,5.902849538259169e-03,9.715046174083117e-05
15400,15,5.000000000000000e-03,5.787410380054738e-03,-7.874103800547382e-04
15400,16,-4.000000000000000e-03,5.669519912380108e-03,-9.669519912380107e-03
15400,17,3.500000000000000e-03,5.556044130317573e-03,-2.056044130317573e-03
15400,18,3.000000000000000e-03,5.441390164476337e-03,-2.441390164476337e-03
15400,19,-2.500000000000000e-03,5.326034027173958e-03,-7.826034027173958e-03
15400,20,2.000000000000000e-03,5.214196714828138e-03,-3.214196714828138e-03
15400,21,1.800000000000000e-03,5.102536962167504e-03,-3.302536962167504e-03
15400,22,-1.500000000000000e-03,4.991285850611276e-03,-6.491285850611275e-03
15400,23,1.200000000000000e-03,4.882995382395724e-03,-3.682995382395724e-03
15400,24,1.000000000000000e-03,4.775672924756892e-03,-3.775672924756892e-03
15400,25,-8.000000000000000e-04,4.669532271355557e-03,-5.469532271355557e-03
15400,26,5.999999999999999e-04,4.565981755205496e-03,-3.965981755205497e-03
15400,27,5.000000000000000e-04,4.464000474120364e-03,-3.964000474120363e-03
15400,28,-4.000000000000000e-04,4.363709313977206e-03,-4.763709313977206e-03
15400,29,3.000000000000000e-04,4.265824268197054e-03,-3.965824268197054e-03
15500,0,1.200000000000000e-01,7.253709934990736e-03,1.127462900650093e-01
15500,1,-8.000000000000000e-02,7.163709934990736e-03,-8.716370993499074e-02
15500,2,5.500000000000000e-02,7.133777434990736e-03,4.786622256500926e-02
15500,3,4.000000000000000e-02,7.062639833740736e-03,3.293736016625926e-02
15500,4,-3.000000000000000e-02,6.961662292093550e-03,-3.696166229209355e-02
15500,5,2.500000000000000e-02,6.883487683071304e-03,1.811651231692870e-02
15500,6,2.000000000000000e-02,6.786856228832892e-03,1.321314377116711e-02
15500,7,-1.800000000000000e-02,6.675659616138551e-03,-2.467565961613855e-02
15500,8,1.500000000000000e-02,6.578546785660856e-03,8.421453214339143e-03
15500,9,1.200000000000000e-02,6.470766632166028e-03,5.529233367833972e-03
15500,10,-1.000000000000000e-02,6.354713994707289e-03,-1.635471399470729e-02
15500,11,8.999999999999999e-03,6.247031752029493e-03,2.752968247970506e-03
15500,12,8.000000000000000e-03,6.133487887853788e-03,1.866512112146212e-03
15500,13,-7.000000000000000e-03,6.014965918455664e-03,-1.301496591845566e-02
15500,14,6.000000000000000e-03,5.902849538259169e-03,9.715046174083117e-05
15500,15,5.000000000000000e-03,5.787410380054738e-03,-7.874103800547382e-04
15500,16,-4.000000000000000e-03,5.669519912380108e-03,-9.669519912380107e-03
15500,17,3.500000000000000e-03,5.556044130317573e-03,-2.056044130317573e-03
15500,18,3.000000000000000e-03,5.441390164476337e-03,-2.441390164476337e-03
15500,19,-2.500000000000000e-03,5.326034027173958e-03,-7.826034027173958e-03
15500,20,2.000000000000000e-03,5.214196714828138e-03,-3.214196714828138e-03
15500,21,1.800000000000000e-03,5.102536962167504e-03,-3.302536962167504e-03
15500,22,-1.500000000000000e-03,4.991285850611276e-03,-6.491285850611275e-03
15500,23,1.200000000000000e-03,4.882995382395724e-03,-3.682995382395724e-03
15500,24,1.000000000000000e-03,4.775672924756892e-03,-3.775672924756892e-03
15500,25,-8.000000000000000e-04,4.669532271355557e-03,-5.469532271355557e-03
15500,26,5.999999999999999e-04,4.565981755205496e-03,-3.965981755205497e-03
15500,27,5.000000000000000e-04,4.464000474120364e-03,-3.964000474120363e-03
15500,28,-4.000000000000000e-04,4.363709313977206e-03,-4.763709313977206e-03
15500,29,3.000000000000000e-04,4.265824268197054e-03,-3.965824268197054e-03
15600,0,1.200000000000000e-01,7.253709934990736e-03,1.127462900650093e-01
15600,1,-8.000000000000000e-02,7.163709934990736e-03,-8.716370993499074e-02
15600,2,5.500000000000000e-02,7.133777434990736e-03,4.786622256500926e-02
15600,3,4.000000000000000e-02,7.062639833740736e-03,3.293736016625926e-02
15600,4,-3.000000000000000e-02,6.961662292093550e-03,-3.696166229209355e-02
15600,5,2.500000000000000e-02,6.883487683071304e-03,1.811651231692870e-02
15600,6,2.000000000000000e-02,6.786856228832892e-03,1.321314377116711e-02
15600,7,-1.800000000000000e-02,6.675659616138551e-03,-2.467565961613855e-02
15600,8,1.500000000000000e-02,6.578546785660856e-03,8.421453214339143e-03
15600,9,1.200000000000000e-02,6.470766632166028e-03,5.529233367833972e-03
15600,10,-1.000000000000000e-02,6.354713994707289e-03,-1.635471399470729e-02
15600,11,8.999999999999999e-03,6.247031752029493e-03,2.752968247970506e-03
15600,12,8.000000000000000e-03,6.133487887853788e-03,1.866512112146212e-03
15600,13,-7.000000000000000e-03,6.014965918455664e-03,-1.301496591845566e-02
15600,14,6.000000000000000e-03,5.902849538259169e-03,9.715046174083117e-05
15600,15,5.000000000000000e-03,5.787410380054738e-03,-7.874103800547382e-04
15600,16,-4.000000000000000e-03,5.669519912380108e-03,-9.669519912380107e-03
15600,17,3.500000000000000e-03,5.556044130317573e-03,-2.056044130317573e-03
15600,18,3.000000000000000e-03,5.441390164476337e-03,-2.441390164476337e-03
15600,19,-2.500000000000000e-03,5.326034027173958e-03,-7.826034027173958e-03
15600,20,2.000000000000000e-03,5.214196714828138e-03,-3.214196714828138e-03
15600,21,1.800000000000000e-03,5.102536962167504e-03,-3.302536962167504e-03
15600,22,-1.500000000000000e-03,4.991285850611276e-03,-6.491285850611275e-03
15600,23,1.200000000000000e-03,4.882995382395724e-03,-3.682995382395724e-03
15600,24,1.000000000000000e-03,4.775672924756892e-03,-3.775672924756892e-03
15600,25,-8.000000000000000e-04,4.669532271355557e-03,-5.469532271355557e-03
15600,26,5.999999999999999e-04,4.565981755205496e-03,-3.965981755205497e-03
15600,27,5.000000000000000e-04,4.464000474120364e-03,-3.964000474120363e-03
15600,28,-4.000000000000000e-04,4.363709313977206e-03,-4.763709313977206e-03
15600,29,3.000000000000000e-04,4.265824268197054e-03,-3.965824268197054e-03
15700,0,1.200000000000000e-01,7.253709934990736e-03,1.127462900650093e-01
15700,1,-8.000000000000000e-02,7.163709934990736e-03,-8.716370993499074e-02
15700,2,5.500000000000000e-02,7.133777434990736e-03,4.786622256500926e-02
15700,3,4.000000000000000e-02,7.062639833740736e-03,3.293736016625926e-02
15700,4,-3.000000000000000e-02,6.961662292093550e-03,-3.696166229209355e-02
15700,5,2.500000000000000e-02,6.883487683071304e-03,1.811651231692870e-02
15700,6,2.000000000000000e-02,6.786856228832892e-03,1.321314377116711e-02
15700,7,-1.800000000000000e-02,6.675659616138551e-03,-2.467565961613855e-02
15700,8,1.500000000000000e-02,6.578546785660856e-03,8.421453214339143e-03
15700,9,1.200000000000000e-02,6.470766632166028e-03,5.529233367833972e-03
15700,10,-1.000000000000000e-02,6.354713994707289e-03,-1.635471399470729e-02
15700,11,8.999999999999999e-03,6.247031752029493e-03,2.752968247970506e-03
15700,12,8.000000000000000e-03,6.133487887853788e-03,1.866512112146212e-03
15700,13,-7.000000000000000e-03,6.014965918455664e-03,-1.301496591845566e-02
15700,14,6.000000000000000e-03,5.902849538259169e-03,9.715046174083117e-05
15700,15,5.000000000000000e-03,5.787410380054738e-03,-7.874103800547382e-04
15700,16,-4.000000000000000e-03,5.669519912380108e-03,-9.669519912380107e-03
15700,17,3.500000000000000e-03,5.556044130317573e-03,-2.056044130317573e-03
15700,18,3.000000000000000e-03,5.441390164476337e-03,-2.441390164476337e-03
15700,19,-2.500000000000000e-03,5.326034027173958e-03,-7.826034027173958e-03
15700,20,2.000000000000000e-03,5.214196714828138e-03,-3.214196714828138e-03
15700,21,1.800000000000000e-03,5.102536962167504e-03,-3.302536962167504e-03
15700,22,-1.500000000000000e-03,4.991285850611276e-03,-6.491285850611275e-03
15700,23,1.200000000000000e-03,4.882995382395724e-03,-3.682995382395724e-03
15700,24,1.000000000000000e-03,4.775672924756892e-03,-3.775672924756892e-03
15700,25,-8.000000000000000e-04,4.669532271355557e-03,-5.469532271355557e-03
15700,26,5.999999999999999e-04,4.565981755205496e-03,-3.965981755205497e-03
15700,27,5.000000000000000e-04,4.464000474120364e-03,-3.964000474120363e-03
15700,28,-4.000000000000000e-04,4.363709313977206e-03,-4.763709313977206e-03
15700,29,3.000000000000000e-04,4.265824268197054e-03,-3.965824268197054e-03
15800,0,1.200000000000000e-01,7.253709934990736e-03,1.127462900650093e-01
15800,1,-8.000000000000000e-02,7.163709934990736e-03,-8.716370993499074e-02
15800,2,5.500000000000000e-02,7.133777434990736e-03,4.786622256500926e-02
15800,3,4.000000000000000e-02,7.062639833740736e-03,3.293736016625926e-02
15800,4,-3.000000000000000e-02,6.961662292093550e-03,-3.696166229209355e-02
15800,5,2.500000000000000e-02,6.883487683071304e-03,1.811651231692870e-02
15800,6,2.000000000000000e-02,6.786856228832892e-03,1.321314377116711e-02
15800,7,-1.800000000000000e-02,6.675659616138551e-03,-2.467565961613855e-02
15800,8,1.500000000000000e-02,6.578546785660856e-03,8.421453214339143e-03
15800,9,1.200000000000000e-02,6.470766632166028e-03,5.529233367833972e-03
15800,10,-1.000000000000000e-02,6.354713994707289e-03,-1.635471399470729e-02
15800,11,8.999999999999999e-03,6.247031752029493e-03,2.752968247970506e-03
15800,12,8.000000000000000e-03,6.133487887853788e-03,1.866512112146212e-03
15800,13,-7.000000000000000e-03,6.014965918455664e-03,-1.301496591845566e-02
15800,14,6.000000000000000e-03,5.902849538259169e-03,9.715046174083117e-05
15800,15,5.000000000000000e-03,5.787410380054738e-03,-7.874103800547382e-04
15800,16,-4.000000000000000e-03,5.669519912380108e-03,-9.669519912380107e-03
15800,17,3.500000000000000e-03,5.556044130317573e-03,-2.056044130317573e-03
15800,18,3.000000000000000e-03,5.441390164476337e-03,-2.441390164476337e-03
15800,19,-2.500000000000000e-03,5.326034027173958e-03,-7.826034027173958e-03
15800,20,2.000000000000000e-03,5.214196714828138e-03,-3.214196714828138e-03
15800,21,1.800000000000000e-03,5.102536962167504e-03,-3.302536962167504e-03
15800,22,-1.500000000000000e-03,4.991285850611276e-03,-6.491285850611275e-03
15800,23,1.200000000000000e-03,4.882995382395724e-03,-3.682995382395724e-03
15800,24,1.000000000000000e-03,4.775672924756892e-03,-3.775672924756892e-03
15800,25,-8.000000000000000e-04,4.669532271355557e-03,-5.469532271355557e-03
15800,26,5.999999999999999e-04,4.565981755205496e-03,-3.965981755205497e-03
15800,27,5.000000000000000e-04,4.464000474120364e-03,-3.964000474120363e-03
15800,28,-4.000000000000000e-04,4.363709313977206e-03,-4.763709313977206e-03
15800,29,3.000000000000000e-04,4.265824268197054e-03,-3.965824268197054e-03
15900,0,1.200000000000000e-01,7.253709934990736e-03,1.127462900650093e-01
15900,1,-8.000000000000000e-02,7.163709934990736e-03,-8.716370993499074e-02
15900,2,5.500000000000000e-02,7.133777434990736e-03,4.786622256500926e-02
15900,3,4.000000000000000e-02,7.062639833740736e-03,3.293736016625926e-02
15900,4,-3.000000000000000e-02,6.961662292093550e-03,-3.696166229209355e-02
15900,5,2.500000000000000e-02,6.883487683071304e-03,1.811651231692870e-02
15900,6,2.000000000000000e-02,6.786856228832892e-03,1.321314377116711e-02
15900,7,-1.800000000000000e-02,6.675659616138551e-03,-2.467565961613855e-02
15900,8,1.500000000000000e-02,6.578546785660856e-03,8.421453214339143e-03
15900,9,1.200000000000000e-02,6.470766632166028e-03,5.529233367833972e-03
15900,10,-1.000000000000000e-02,6.354713994707289e-03,-1.635471399470729e-02
15900,11,8.999999999999999e-03,6.247031752029493e-03,2.752968247970506e-03
15900,12,8.000000000000000e-03,6.133487887853788e-03,1.866512112146212e-03
15900,13,-7.000000000000000e-03,6.014965918455664e-03,-1.301496591845566e-02
15900,14,6.000000000000000e-03,5.902849538259169e-03,9.715046174083117e-05
15900,15,5.000000000000000e-03,5.787410380054738e-03,-7.874103800547382e-04
15900,16,-4.000000000000000e-03,5.669519912380108e-03,-9.669519912380107e-03
15900,17,3.500000000000000e-03,5.556044130317573e-03,-2.056044130317573e-03
15900,18,3.000000000000000e-03,5.441390164476337e-03,-2.441390164476337e-03
15900,19,-2.500000000000000e-03,5.326034027173958e-03,-7.826034027173958e-03
15900,20,2.000000000000000e-03,5.214196714828138e-03,-3.214196714828138e-03
15900,21,1.800000000000000e-03,5.102536962167504e-03,-3.302536962167504e-03
15900,22,-1.500000000000000e-03,4.991285850611276e-03,-6.491285850611275e-03
15900,23,1.200000000000000e-03,4.882995382395724e-03,-3.682995382395724e-03
15900,24,1.000000000000000e-03,4.775672924756892e-03,-3.775672924756892e-03
15900,25,-8.000000000000000e-04,4.669532271355557e-03,-5.469532271355557e-03
15900,26,5.999999999999999e-04,4.565981755205496e-03,-3.965981755205497e-03
15900,27,5.000000000000000e-04,4.464000474120364e-03,-3.964000474120363e-03
15900,28,-4.000000000000000e-04,4.363709313977206e-03,-4.763709313977206e-03
15900,29,3.000000000000000e-04,4.265824268197054e-03,-3.965824268197054e-03
16000,0,1.200000000000000e-01,7.253709934990736e-03,1.127462900650093e-01
16000,1,-8.000000000000000e-02,7.163709934990736e-03,-8.716370993499074e-02
16000,2,5.500000000000000e-02,7.133777434990736e-03,4.786622256500926e-02
16000,3,4.000000000000000e-02,7.062639833740736e-03,3.293736016625926e-02
16000,4,-3.000000000000000e-02,6.961662292093550e-03,-3.696166229209355e-02
16000,5,2.500000000000000e-02,6.883487683071304e-03,1.811651231692870e-02
16000,6,2.000000000000000e-02,6.786856228832892e-03,1.321314377116711e-02
16000,7,-1.800000000000000e-02,6.675659616138551e-03,-2.467565961613855e-02
16000,8,1.500000000000000e-02,6.578546785660856e-03,8.421453214339143e-03
16000,9,1.200000000000000e-02,6.470766632166028e-03,5.529233367833972e-03
16000,10,-1.000000000000000e-02,6.354713994707289e-03,-1.635471399470729e-02
16000,11,8.999999999999999e-03,6.247031752029493e-03,2.752968247970506e-03
16000,12,8.000000000000000e-03,6.133487887853788e-03,1.866512112146212e-03
16000,13,-7.000000000000000e-03,6.014965918455664e-03,-1.301496591845566e-02
16000,14,6.000000000000000e-03,5.902849538259169e-03,9.715046174083117e-05
16000,15,5.000000000000000e-03,5.787410380054738e-03,-7.874103800547382e-04
16000,16,-4.000000000000000e-03,5.669519912380108e-03,-9.669519912380107e-03
16000,17,3.500000000000000e-03,5.556044130317573e-03,-2.056044130317573e-03
16000,18,3.000000000000000e-03,5.441390164476337e-03,-2.441390164476337e-03
16000,19,-2.500000000000000e-03,5.326034027173958e-03,-7.826034027173958e-03
16000,20,2.000000000000000e-03,5.214196714828138e-03,-3.214196714828138e-03
16000,21,1.800000000000000e-03,5.102536962167504e-03,-3.302536962167504e-03
16000,22,-1.500000000000000e-03,4.991285850611276e-03,-6.491285850611275e-03
16000,23,1.200000000000000e-03,4.882995382395724e-03,-3.682995382395724e-03
16000,24,1.000000000000000e-03,4.775672924756892e-03,-3.775672924756892e-03
16000,25,-8.000000000000000e-04,4.669532271355557e-03,-5.469532271355557e-03
16000,26,5.999999999999999e-04,4.565981755205496e-03,-3.965981755205497e-03
16000,27,5.000000000000000e-04,4.464000474120364e-03,-3.964000474120363e-03
16000,28,-4.000000000000000e-04,4.363709313977206e-03,-4.763709313977206e-03
16000,29,3.000000000000000e-04,4.265824268197054e-03,-3.965824268197054e-03
16100,0,1.200000000000000e-01,7.253709934990736e-03,1.127462900650093e-01
16100,1,-8.000000000000000e-02,7.163709934990736e-03,-8.716370993499074e-02
16100,2,5.500000000000000e-02,7.133777434990736e-03,4.786622256500926e-02
16100,3,4.000000000000000e-02,7.062639833740736e-03,3.293736016625926e-02
16100,4,-3.000000000000000e-02,6.961662292093550e-03,-3.696166229209355e-02
16100,5,2.500000000000000e-02,6.883487683071304e-03,1.811651231692870e-02
16100,6,2.000000000000000e-02,6.786856228832892e-03,1.321314377116711e-02
16100,7,-1.800000000000000e-02,6.675659616138551e-03,-2.467565961613855e-02
16100,8,1.500000000000000e-02,6.578546785660856e-03,8.421453214339143e-03
16100,9,1.200000000000000e-02,6.470766632166028e-03,5.529233367833972e-03
16100,10,-1.000000000000000e-02,6.354713994707289e-03,-1.635471399470729e-02
16100,11,8.999999999999999e-03,6.247031752029493e-03,2.752968247970506e-03
16100,12,8.000000000000000e-03,6.133487887853788e-03,1.866512112146212e-03
16100,13,-7.000000000000000e-03,6.014965918455664e-03,-1.301496591845566e-02
16100,14,6.000000000000000e-03,5.902849538259169e-03,9.715046174083117e-05
16100,15,5.000000000000000e-03,5.787410380054738e-03,-7.874103800547382e-04
16100,16,-4.000000000000000e-03,5.669519912380108e-03,-9.669519912380107e-03
16100,17,3.500000000000000e-03,5.556044130317573e-03,-2.056044130317573e-03
16100,18,3.000000000000000e-03,5.441390164476337e-03,-2.441390164476337e-03
16100,19,-2.500000000000000e-03,5.326034027173958e-03,-7.826034027173958e-03
16100,20,2.000000000000000e-03,5.214196714828138e-03,-3.214196714828138e-03
16100,21,1.800000000000000e-03,5.102536962167504e-03,-3.302536962167504e-03
16100,22,-1.500000000000000e-03,4.991285850611276e-03,-6.491285850611275e-03
16100,23,1.200000000000000e-03,4.882995382395724e-03,-3.682995382395724e-03
16100,24,1.000000000000000e-03,4.775672924756892e-03,-3.775672924756892e-03
16100,25,-8.000000000000000e-04,4.669532271355557e-03,-5.469532271355557e-03
16100,26,5.999999999999999e-04,4.565981755205496e-03,-3.965981755205497e-03
16100,27,5.000000000000000e-04,4.464000474120364e-03,-3.964000474120363e-03
16100,28,-4.000000000000000e-04,4.363709313977206e-03,-4.763709313977206e-03
16100,29,3.000000000000000e-04,4.265824268197054e-03,-3.965824268197054e-03
16200,0,1.200000000000000e-01,7.253709934990736e-03,1.127462900650093e-01
16200,1,-8.000000000000000e-02,7.163709934990736e-03,-8.716370993499074e-02
16200,2,5.500000000000000e-02,7.133777434990736e-03,4.786622256500926e-02
16200,3,4.000000000000000e-02,7.062639833740736e-03,3.293736016625926e-02
16200,4,-3.000000000000000e-02,6.961662292093550e-03,-3.696166229209355e-02
16200,5,2.500000000000000e-02,6.883487683071304e-03,1.811651231692870e-02
16200,6,2.000000000000000e-02,6.786856228832892e-03,1.321314377116711e-02
16200,7,-1.800000000000000e-02,6.675659616138551e-03,-2.467565961613855e-02
16200,8,1.500000000000000e-02,6.578546785660856e-03,8.421453214339143e-03
16200,9,1.200000000000000e-02,6.470766632166028e-03,5.529233367833972e-03
16200,10,-1.000000000000000e-02,6.354713994707289e-03,-1.635471399470729e-02
16200,11,8.999999999999999e-03,6.247031752029493e-03,2.752968247970506e-03
16200,12,8.000000000000000e-03,6.133487887853788e-03,1.866512112146212e-03
16200,13,-7.000000000000000e-03,6.014965918455664e-03,-1.301496591845566e-02
16200,14,6.000000000000000e-03,5.902849538259169e-03,9.715046174083117e-05
16200,15,5.000000000000000e-03,5.787410380054738e-03,-7.874103800547382e-04
16200,16,-4.000000000000000e-03,5.669519912380108e-03,-9.669519912380107e-03
16200,17,3.500000000000000e-03,5.556044130317573e-03,-2.056044130317573e-03
16200,18,3.000000000000000e-03,5.441390164476337e-03,-2.441390164476337e-03
16200,19,-2.500000000000000e-03,5.326034027173958e-03,-7.826034027173958e-03
16200,20,2.000000000000000e-03,5.214196714828138e-03,-3.214196714828138e-03
16200,21,1.800000000000000e-03,5.102536962167504e-03,-3.302536962167504e-03
16200,22,-1.500000000000000e-03,4.991285850611276e-03,-6.491285850611275e-03
16200,23,1.200000000000000e-03,4.882995382395724e-03,-3.682995382395724e-03
16200,24,1.000000000000000e-03,4.775672924756892e-03,-3.775672924756892e-03
16200,25,-8.000000000000000e-04,4.669532271355557e-03,-5.469532271355557e-03
16200,26,5.999999999999999e-04,4.565981755205496e-03,-3.965981755205497e-03
16200,27,5.000000000000000e-04,4.464000474120364e-03,-3.964000474120363e-03
16200,28,-4.000000000000000e-04,4.363709313977206e-03,-4.763709313977206e-03
16200,29,3.000000000000000e-04,4.265824268197054e-03,-3.965824268197054e-03
16300,0,1.200000000000000e-01,7.253709934990736e-03,1.127462900650093e-01
16300,1,-8.000000000000000e-02,7.163709934990736e-03,-8.716370993499074e-02
16300,2,5.500000000000000e-02,7.133777434990736e-03,4.786622256500926e-02
16300,3,4.000000000000000e-02,7.062639833740736e-03,3.293736016625926e-02
16300,4,-3.000000000000000e-02,6.961662292093550e-03,-3.696166229209355e-02
16300,5,2.500000000000000e-02,6.883487683071304e-03,1.811651231692870e-02
16300,6,2.000000000000000e-02,6.786856228832892e-03,1.321314377116711e-02
16300,7,-1.800000000000000e-02,6.675659616138551e-03,-2.467565961613855e-02
16300,8,1.500000000000000e-02,6.578546785660856e-03,8.421453214339143e-03
16300,9,1.200000000000000e-02,6.470766632166028e-03,5.529233367833972e-03
16300,10,-1.000000000000000e-02,6.354713994707289e-03,-1.635471399470729e-02
16300,11,8.999999999999999e-03,6.247031752029493e-03,2.752968247970506e-03
16300,12,8.000000000000000e-03,6.133487887853788e-03,1.866512112146212e-03
16300,13,-7.000000000000000e-03,6.014965918455664e-03,-1.301496591845566e-02
16300,14,6.000000000000000e-03,5.902849538259169e-03,9.715046174083117e-05
16300,15,5.000000000000000e-03,5.787410380054738e-03,-7.874103800547382e-04
16300,16,-4.000000000000000e-03,5.669519912380108e-03,-9.669519912380107e-03
16300,17,3.500000000000000e-03,5.556044130317573e-03,-2.056044130317573e-03
16300,18,3.000000000000000e-03,5.441390164476337e-03,-2.441390164476337e-03
16300,19,-2.500000000000000e-03,5.326034027173958e-03,-7.826034027173958e-03
16300,20,2.000000000000000e-03,5.214196714828138e-03,-3.214196714828138e-03
16300,21,1.800000000000000e-03,5.102536962167504e-03,-3.302536962167504e-03
16300,22,-1.500000000000000e-03,4.991285850611276e-03,-6.491285850611275e-03
16300,23,1.200000000000000e-03,4.882995382395724e-03,-3.682995382395724e-03
16300,24,1.000000000000000e-03,4.775672924756892e-03,-3.775672924756892e-03
16300,25,-8.000000000000000e-04,4.669532271355557e-03,-5.469532271355557e-03
16300,26,5.999999999999999e-04,4.565981755205496e-03,-3.965981755205497e-03
16300,27,5.000000000000000e-04,4.464000474120364e-03,-3.964000474120363e-03
16300,28,-4.000000000000000e-04,4.363709313977206e-03,-4.763709313977206e-03
16300,29,3.000000000000000e-04,4.265824268197054e-03,-3.965824268197054e-03
16400,0,1.200000000000000e-01,7.253709934990736e-03,1.127462900650093e-01
16400,1,-8.000000000000000e-02,7.163709934990736e-03,-8.716370993499074e-02
16400,2,5.500000000000000e-02,7.133777434990736e-03,4.786622256500926e-02
16400,3,4.000000000000000e-02,7.062639833740736e-03,3.293736016625926e-02
16400,4,-3.000000000000000e-02,6.961662292093550e-03,-3.696166229209355e-02
16400,5,2.500000000000000e-02,6.883487683071304e-03,1.811651231692870e-02
16400,6,2.000000000000000e-02,6.786856228832892e-03,1.321314377116711e-02
16400,7,-1.800000000000000e-02,6.675659616138551e-03,-2.467565961613855e-02
16400,8,1.500000000000000e-02,6.578546785660856e-03,8.421453214339143e-03
16400,9,1.200000000000000e-02,6.470766632166028e-03,5.529233367833972e-03
16400,10,-1.000000000000000e-02,6.354713994707289e-03,-1.635471399470729e-02
16400,11,8.999999999999999e-03,6.247031752029493e-03,2.752968247970506e-03
16400,12,8.000000000000000e-03,6.133487887853788e-03,1.866512112146212e-03
16400,13,-7.000000000000000e-03,6.014965918455664e-03,-1.301496591845566e-02
16400,14,6.000000000000000e-03,5.902849538259169e-03,9.715046174083117e-05
16400,15,5.000000000000000e-03,5.787410380054738e-03,-7.874103800547382e-04
16400,16,-4.000000000000000e-03,5.669519912380108e-03,-9.669519912380107e-03
16400,17,3.500000000000000e-03,5.556044130317573e-03,-2.056044130317573e-03
16400,18,3.000000000000000e-03,5.441390164476337e-03,-2.441390164476337e-03
16400,19,-2.500000000000000e-03,5.326034027173958e-03,-7.826034027173958e-03
16400,20,2.000000000000000e-03,5.214196714828138e-03,-3.214196714828138e-03
16400,21,1.800000000000000e-03,5.102536962167504e-03,-3.302536962167504e-03
16400,22,-1.500000000000000e-03,4.991285850611276e-03,-6.491285850611275e-03
16400,23,1.200000000000000e-03,4.882995382395724e-03,-3.682995382395724e-03
16400,24,1.000000000000000e-03,4.775672924756892e-03,-3.775672924756892e-03
16400,25,-8.000000000000000e-04,4.669532271355557e-03,-5.469532271355557e-03
16400,26,5.999999999999999e-04,4.565981755205496e-03,-3.965981755205497e-03
16400,27,5.000000000000000e-04,4.464000474120364e-03,-3.964000474120363e-03
16400,28,-4.000000000000000e-04,4.363709313977206e-03,-4.763709313977206e-03
16400,29,3.000000000000000e-04,4.265824268197054e-03,-3.965824268197054e-03
16500,0,1.200000000000000e-01,7.253709934990736e-03,1.127462900650093e-01
16500,1,-8.000000000000000e-02,7.163709934990736e-03,-8.716370993499074e-02
16500,2,5.500000000000000e-02,7.133777434990736e-03,4.786622256500926e-02
16500,3,4.000000000000000e-02,7.062639833740736e-03,3.293736016625926e-02
16500,4,-3.000000000000000e-02,6.961662292093550e-03,-3.696166229209355e-02
16500,5,2.500000000000000e-02,6.883487683071304e-03,1.811651231692870e-02
16500,6,2.000000000000000e-02,6.786856228832892e-03,1.321314377116711e-02
16500,7,-1.800000000000000e-02,6.675659616138551e-03,-2.467565961613855e-02
16500,8,1.500000000000000e-02,6.578546785660856e-03,8.421453214339143e-03
16500,9,1.200000000000000e-02,6.470766632166028e-03,5.529233367833972e-03
16500,10,-1.000000000000000e-02,6.354713994707289e-03,-1.635471399470729e-02
16500,11,8.999999999999999e-03,6.247031752029493e-03,2.752968247970506e-03
16500,12,8.000000000000000e-03,6.133487887853788e-03,1.866512112146212e-03
16500,13,-7.000000000000000e-03,6.014965918455664e-03,-1.301496591845566e-02
16500,14,6.000000000000000e-03,5.902849538259169e-03,9.715046174083117e-05
16500,15,5.000000000000000e-03,5.787410380054738e-03,-7.874103800547382e-04
16500,16,-4.000000000000000e-03,5.669519912380108e-03,-9.669519912380107e-03
16500,17,3.500000000000000e-03,5.556044130317573e-03,-2.056044130317573e-03
16500,18,3.000000000000000e-03,5.441390164476337e-03,-2.441390164476337e-03
16500,19,-2.500000000000000e-03,5.326034027173958e-03,-7.826034027173958e-03
16500,20,2.000000000000000e-03,5.214196714828138e-03,-3.214196714828138e-03
16500,21,1.800000000000000e-03,5.102536962167504e-03,-3.302536962167504e-03
16500,22,-1.500000000000000e-03,4.991285850611276e-03,-6.491285850611275e-03
16500,23,1.200000000000000e-03,4.882995382395724e-03,-3.682995382395724e-03
16500,24,1.000000000000000e-03,4.775672924756892e-03,-3.775672924756892e-03
16500,25,-8.000000000000000e-04,4.669532271355557e-03,-5.469532271355557e-03
16500,26,5.999999999999999e-04,4.565981755205496e-03,-3.965981755205497e-03
16500,27,5.000000000000000e-04,4.464000474120364e-03,-3.964000474120363e-03
16500,28,-4.000000000000000e-04,4.363709313977206e-03,-4.763709313977206e-03
16500,29,3.000000000000000e-04,4.265824268197054e-03,-3.965824268197054e-03
16600,0,1.200000000000000e-01,7.253709934990736e-03,1.127462900650093e-01
16600,1,-8.000000000000000e-02,7.163709934990736e-03,-8.716370993499074e-02
16600,2,5.500000000000000e-02,7.133777434990736e-03,4.786622256500926e-02
16600,3,4.000000000000000e-02,7.062639833740736e-03,3.293736016625926e-02
16600,4,-3.000000000000000e-02,6.961662292093550e-03,-3.696166229209355e-02
16600,5,2.500000000000000e-02,6.883487683071304e-03,1.811651231692870e-02
16600,6,2.000000000000000e-02,6.786856228832892e-03,1.321314377116711e-02
16600,7,-1.800000000000000e-02,6.675659616138551e-03,-2.467565961613855e-02
16600,8,1.500000000000000e-02,6.578546785660856e-03,8.421453214339143e-03
16600,9,1.200000000000000e-02,6.470766632166028e-03,5.529233367833972e-03
16600,10,-1.000000000000000e-02,6.354713994707289e-03,-1.635471399470729e-02
16600,11,8.999999999999999e-03,6.247031752029493e-03,2.752968247970506e-03
16600,12,8.000000000000000e-03,6.133487887853788e-03,1.866512112146212e-03
16600,13,-7.000000000000000e-03,6.014965918455664e-03,-1.301496591845566e-02
16600,14,6.000000000000000e-03,5.902849538259169e-03,9.715046174083117e-05
16600,15,5.000000000000000e-03,5.787410380054738e-03,-7.874103800547382e-04
16600,16,-4.000000000000000e-03,5.669519912380108e-03,-9.669519912380107e-03
16600,17,3.500000000000000e-03,5.556044130317573e-03,-2.056044130317573e-03
16600,18,3.000000000000000e-03,5.441390164476337e-03,-2.441390164476337e-03
16600,19,-2.500000000000000e-03,5.326034027173958e-03,-7.826034027173958e-03
16600,20,2.000000000000000e-03,5.214196714828138e-03,-3.214196714828138e-03
16600,21,1.800000000000000e-03,5.102536962167504e-03,-3.302536962167504e-03
16600,22,-1.500000000000000e-03,4.991285850611276e-03,-6.491285850611275e-03
16600,23,1.200000000000000e-03,4.882995382395724e-03,-3.682995382395724e-03
16600,24,1.000000000000000e-03,4.775672924756892e-03,-3.775672924756892e-03
16600,25,-8.000000000000000e-04,4.669532271355557e-03,-5.469532271355557e-03
16600,26,5.999999999999999e-04,4.565981755205496e-03,-3.965981755205497e-03
16600,27,5.000000000000000e-04,4.464000474120364e-03,-3.964000474120363e-03
16600,28,-4.000000000000000e-04,4.363709313977206e-03,-4.763709313977206e-03
16600,29,3.000000000000000e-04,4.265824268197054e-03,-3.965824268197054e-03
16700,0,1.200000000000000e-01,7.253709934990736e-03,1.127462900650093e-01
16700,1,-8.000000000000000e-02,7.163709934990736e-03,-8.716370993499074e-02
16700,2,5.500000000000000e-02,7.133777434990736e-03,4.786622256500926e-02
16700,3,4.000000000000000e-02,7.062639833740736e-03,3.293736016625926e-02
16700,4,-3.000000000000000e-02,6.961662292093550e-03,-3.696166229209355e-02
16700,5,2.500000000000000e-02,6.883487683071304e-03,1.811651231692870e-02
16700,6,2.000000000000000e-02,6.786856228832892e-03,1.321314377116711e-02
16700,7,-1.800000000000000e-02,6.675659616138551e-03,-2.467565961613855e-02
16700,8,1.500000000000000e-02,6.578546785660856e-03,8.421453214339143e-03
16700,9,1.200000000000000e-02,6.470766632166028e-03,5.529233367833972e-03
16700,10,-1.000000000000000e-02,6.354713994707289e-03,-1.635471399470729e-02
16700,11,8.999999999999999e-03,6.247031752029493e-03,2.752968247970506e-03
16700,12,8.000000000000000e-03,6.133487887853788e-03,1.866512112146212e-03
16700,13,-7.000000000000000e-03,6.014965918455664e-03,-1.301496591845566e-02
16700,14,6.000000000000000e-03,5.902849538259169e-03,9.715046174083117e-05
16700,15,5.000000000000000e-03,5.787410380054738e-03,-7.874103800547382e-04
16700,16,-4.000000000000000e-03,5.669519912380108e-03,-9.669519912380107e-03
16700,17,3.500000000000000e-03,5.556044130317573e-03,-2.056044130317573e-03
16700,18,3.000000000000000e-03,5.441390164476337e-03,-2.441390164476337e-03
16700,19,-2.500000000000000e-03,5.326034027173958e-03,-7.826034027173958e-03
16700,20,2.000000000000000e-03,5.214196714828138e-03,-3.214196714828138e-03
16700,21,1.800000000000000e-03,5.102536962167504e-03,-3.302536962167504e-03
16700,22,-1.500000000000000e-03,4.991285850611276e-03,-6.491285850611275e-03
16700,23,1.200000000000000e-03,4.882995382395724e-03,-3.682995382395724e-03
16700,24,1.000000000000000e-03,4.775672924756892e-03,-3.775672924756892e-03
16700,25,-8.000000000000000e-04,4.669532271355557e-03,-5.469532271355557e-03
16700,26,5.999999999999999e-04,4.565981755205496e-03,-3.965981755205497e-03
16700,27,5.000000000000000e-04,4.464000474120364e-03,-3.964000474120363e-03
16700,28,-4.000000000000000e-04,4.363709313977206e-03,-4.763709313977206e-03
16700,29,3.000000000000000e-04,4.265824268197054e-03,-3.965824268197054e-03
16800,0,1.200000000000000e-01,7.253709934990736e-03,1.127462900650093e-01
16800,1,-8.000000000000000e-02,7.163709934990736e-03,-8.716370993499074e-02
16800,2,5.500000000000000e-02,7.133777434990736e-03,4.786622256500926e-02
16800,3,4.000000000000000e-02,7.062639833740736e-03,3.293736016625926e-02
16800,4,-3.000000000000000e-02,6.961662292093550e-03,-3.696166229209355e-02
16800,5,2.500000000000000e-02,6.883487683071304e-03,1.811651231692870e-02
16800,6,2.000000000000000e-02,6.786856228832892e-03,1.321314377116711e-02
16800,7,-1.800000000000000e-02,6.675659616138551e-03,-2.467565961613855e-02
16800,8,1.500000000000000e-02,6.578546785660856e-03,8.421453214339143e-03
16800,9,1.200000000000000e-02,6.470766632166028e-03,5.529233367833972e-03
16800,10,-1.000000000000000e-02,6.354713994707289e-03,-1.635471399470729e-02
16800,11,8.999999999999999e-03,6.247031752029493e-03,2.752968247970506e-03
16800,12,8.000000000000000e-03,6.133487887853788e-03,1.866512112146212e-03
16800,13,-7.000000000000000e-03,6.014965918455664e-03,-1.301496591845566e-02
16800,14,6.000000000000000e-03,5.902849538259169e-03,9.715046174083117e-05
16800,15,5.000000000000000e-03,5.787410380054738e-03,-7.874103800547382e-04
16800,16,-4.000000000000000e-03,5.669519912380108e-03,-9.669519912380107e-03
16800,17,3.500000000000000e-03,5.556044130317573e-03,-2.056044130317573e-03
16800,18,3.000000000000000e-03,5.441390164476337e-03,-2.441390164476337e-03
16800,19,-2.500000000000000e-03,5.326034027173958e-03,-7.826034027173958e-03
16800,20,2.000000000000000e-03,5.214196714828138e-03,-3.214196714828138e-03
16800,21,1.800000000000000e-03,5.102536962167504e-03,-3.302536962167504e-03
16800,22,-1.500000000000000e-03,4.991285850611276e-03,-6.491285850611275e-03
16800,23,1.200000000000000e-03,4.882995382395724e-03,-3.682995382395724e-03
16800,24,1.000000000000000e-03,4.775672924756892e-03,-3.775672924756892e-03
16800,25,-8.000000000000000e-04,4.669532271355557e-03,-5.469532271355557e-03
16800,26,5.999999999999999e-04,4.565981755205496e-03,-3.965981755205497e-03
16800,27,5.000000000000000e-04,4.464000474120364e-03,-3.964000474120363e-03
16800,28,-4.000000000000000e-04,4.363709313977206e-03,-4.763709313977206e-03
16800,29,3.000000000000000e-04,4.265824268197054e-03,-3.965824268197054e-03
16900,0,1.200000000000000e-01,7.253709934990736e-03,1.127462900650093e-01
16900,1,-8.000000000000000e-02,7.163709934990736e-03,-8.716370993499074e-02
16900,2,5.500000000000000e-02,7.133777434990736e-03,4.786622256500926e-02
16900,3,4.000000000000000e-02,7.062639833740736e-03,3.293736016625926e-02
16900,4,-3.000000000000000e-02,6.961662292093550e-03,-3.696166229209355e-02
16900,5,2.500000000000000e-02,6.883487683071304e-03,1.811651231692870e-02
16900,6,2.000000000000000e-02,6.786856228832892e-03,1.321314377116711e-02
16900,7,-1.800000000000000e-02,6.675659616138551e-03,-2.467565961613855e-02
16900,8,1.500000000000000e-02,6.578546785660856e-03,8.421453214339143e-03
16900,9,1.200000000000000e-02,6.470766632166028e-03,5.529233367833972e-03
16900,10,-1.000000000000000e-02,6.354713994707289e-03,-1.635471399470729e-02
16900,11,8.999999999999999e-03,6.247031752029493e-03,2.752968247970506e-03
16900,12,8.000000000000000e-03,6.133487887853788e-03,1.866512112146212e-03
16900,13,-7.000000000000000e-03,6.014965918455664e-03,-1.301496591845566e-02
16900,14,6.000000000000000e-03,5.902849538259169e-03,9.715046174083117e-05
16900,15,5.000000000000000e-03,5.787410380054738e-03,-7.874103800547382e-04
16900,16,-4.000000000000000e-03,5.669519912380108e-03,-9.669519912380107e-03
16900,17,3.500000000000000e-03,5.556044130317573e-03,-2.056044130317573e-03
16900,18,3.000000000000000e-03,5.441390164476337e-03,-2.441390164476337e-03
16900,19,-2.500000000000000e-03,5.326034027173958e-03,-7.826034027173958e-03
16900,20,2.000000000000000e-03,5.214196714828138e-03,-3.214196714828138e-03
16900,21,1.800000000000000e-03,5.102536962167504e-03,-3.302536962167504e-03
16900,22,-1.500000000000000e-03,4.991285850611276e-03,-6.491285850611275e-03
16900,23,1.200000000000000e-03,4.882995382395724e-03,-3.682995382395724e-03
16900,24,1.000000000000000e-03,4.775672924756892e-03,-3.775672924756892e-03
16900,25,-8.000000000000000e-04,4.669532271355557e-03,-5.469532271355557e-03
16900,26,5.999999999999999e-04,4.565981755205496e-03,-3.965981755205497e-03
16900,27,5.000000000000000e-04,4.464000474120364e-03,-3.964000474120363e-03
16900,28,-4.000000000000000e-04,4.363709313977206e-03,-4.763709313977206e-03
16900,29,3.000000000000000e-04,4.265824268197054e-03,-3.965824268197054e-03
17000,0,1.200000000000000e-01,7.253709934990736e-03,1.127462900650093e-01
17000,1,-8.000000000000000e-02,7.163709934990736e-03,-8.716370993499074e-02
17000,2,5.500000000000000e-02,7.133777434990736e-03,4.786622256500926e-02
17000,3,4.000000000000000e-02,7.062639833740736e-03,3.293736016625926e-02
17000,4,-3.000000000000000e-02,6.961662292093550e-03,-3.696166229209355e-02
17000,5,2.500000000000000e-02,6.883487683071304e-03,1.811651231692870e-02
17000,6,2.000000000000000e-02,6.786856228832892e-03,1.321314377116711e-02
17000,7,-1.800000000000000e-02,6.675659616138551e-03,-2.467565961613855e-02
17000,8,1.500000000000000e-02,6.578546785660856e-03,8.421453214339143e-03
17000,9,1.200000000000000e-02,6.470766632166028e-03,5.529233367833972e-03
17000,10,-1.000000000000000e-02,6.354713994707289e-03,-1.635471399470729e-02
17000,11,8.999999999999999e-03,6.247031752029493e-03,2.752968247970506e-03
17000,12,8.000000000000000e-03,6.133487887853788e-03,1.866512112146212e-03
17000,13,-7.000000000000000e-03,6.014965918455664e-03,-1.301496591845566e-02
17000,14,6.000000000000000e-03,5.902849538259169e-03,9.715046174083117e-05
17000,15,5.000000000000000e-03,5.787410380054738e-03,-7.874103800547382e-04
17000,16,-4.000000000000000e-03,5.669519912380108e-03,-9.669519912380107e-03
17000,17,3.500000000000000e-03,5.556044130317573e-03,-2.056044130317573e-03
17000,18,3.000000000000000e-03,5.441390164476337e-03,-2.441390164476337e-03
17000,19,-2.500000000000000e-03,5.326034027173958e-03,-7.826034027173958e-03
17000,20,2.000000000000000e-03,5.214196714828138e-03,-3.214196714828138e-03
17000,21,1.800000000000000e-03,5.102536962167504e-03,-3.302536962167504e-03
17000,22,-1.500000000000000e-03,4.991285850611276e-03,-6.491285850611275e-03
17000,23,1.200000000000000e-03,4.882995382395724e-03,-3.682995382395724e-03
17000,24,1.000000000000000e-03,4.775672924756892e-03,-3.775672924756892e-03
17000,25,-8.000000000000000e-04,4.669532271355557e-03,-5.469532271355557e-03
17000,26,5.999999999999999e-04,4.565981755205496e-03,-3.965981755205497e-03
17000,27,5.000000000000000e-04,4.464000474120364e-03,-3.964000474120363e-03
17000,28,-4.000000000000000e-04,4.363709313977206e-03,-4.763709313977206e-03
17000,29,3.000000000000000e-04,4.265824268197054e-03,-3.965824268197054e-03
17100,0,1.200000000000000e-01,7.253709934990736e-03,1.127462900650093e-01
17100,1,-8.000000000000000e-02,7.163709934990736e-03,-8.716370993499074e-02
17100,2,5.500000000000000e-02,7.133777434990736e-03,4.786622256500926e-02
17100,3,4.000000000000000e-02,7.062639833740736e-03,3.293736016625926e-02
17100,4,-3.000000000000000e-02,6.961662292093550e-03,-3.696166229209355e-02
17100,5,2.500000000000000e-02,6.883487683071304e-03,1.811651231692870e-02
17100,6,2.000000000000000e-02,6.786856228832892e-03,1.321314377116711e-02
17100,7,-1.800000000000000e-02,6.675659616138551e-03,-2.467565961613855e-02
17100,8,1.500000000000000e-02,6.578546785660856e-03,8.421453214339143e-03
17100,9,1.200000000000000e-02,6.470766632166028e-03,5.529233367833972e-03
17100,10,-1.000000000000000e-02,6.354713994707289e-03,-1.635471399470729e-02
17100,11,8.999999999999999e-03,6.247031752029493e-03,2.752968247970506e-03
17100,12,8.000000000000000e-03,6.133487887853788e-03,1.866512112146212e-03
17100,13,-7.000000000000000e-03,6.014965918455664e-03,-1.301496591845566e-02
17100,14,6.000000000000000e-03,5.902849538259169e-03,9.715046174083117e-05
17100,15,5.000000000000000e-03,5.787410380054738e-03,-7.874103800547382e-04
17100,16,-4.000000000000000e-03,5.669519912380108e-03,-9.669519912380107e-03
17100,17,3.500000000000000e-03,5.556044130317573e-03,-2.056044130317573e-03
17100,18,3.000000000000000e-03,5.441390164476337e-03,-2.441390164476337e-03
17100,19,-2.500000000000000e-03,5.326034027173958e-03,-7.826034027173958e-03
17100,20,2.000000000000000e-03,5.214196714828138e-03,-3.214196714828138e-03
17100,21,1.800000000000000e-03,5.102536962167504e-03,-3.302536962167504e-03
17100,22,-1.500000000000000e-03,4.991285850611276e-03,-6.491285850611275e-03
17100,23,1.200000000000000e-03,4.882995382395724e-03,-3.682995382395724e-03
17100,24,1.000000000000000e-03,4.775672924756892e-03,-3.775672924756892e-03
17100,25,-8.000000000000000e-04,4.669532271355557e-03,-5.469532271355557e-03
17100,26,5.999999999999999e-04,4.565981755205496e-03,-3.965981755205497e-03
17100,27,5.000000000000000e-04,4.464000474120364e-03,-3.964000474120363e-03
17100,28,-4.000000000000000e-04,4.363709313977206e-03,-4.763709313977206e-03
17100,29,3.000000000000000e-04,4.265824268197054e-03,-3.965824268197054e-03
17200,0,1.200000000000000e-01,7.253709934990736e-03,1.127462900650093e-01
17200,1,-8.000000000000000e-02,7.163709934990736e-03,-8.716370993499074e-02
17200,2,5.500000000000000e-02,7.133777434990736e-03,4.786622256500926e-02
17200,3,4.000000000000000e-02,7.062639833740736e-03,3.293736016625926e-02
17200,4,-3.000000000000000e-02,6.961662292093550e-03,-3.696166229209355e-02
17200,5,2.500000000000000e-02,6.883487683071304e-03,1.811651231692870e-02
17200,6,2.000000000000000e-02,6.786856228832892e-03,1.321314377116711e-02
17200,7,-1.800000000000000e-02,6.675659616138551e-03,-2.467565961613855e-02
17200,8,1.500000000000000e-02,6.578546785660856e-03,8.421453214339143e-03
17200,9,1.200000000000000e-02,6.470766632166028e-03,5.529233367833972e-03
17200,10,-1.000000000000000e-02,6.354713994707289e-03,-1.635471399470729e-02
17200,11,8.999999999999999e-03,6.247031752029493e-03,2.752968247970506e-03
17200,12,8.000000000000000e-03,6.133487887853788e-03,1.866512112146212e-03
17200,13,-7.000000000000000e-03,6.014965918455664e-03,-1.301496591845566e-02
17200,14,6.000000000000000e-03,5.902849538259169e-03,9.715046174083117e-05
17200,15,5.000000000000000e-03,5.787410380054738e-03,-7.874103800547382e-04
17200,16,-4.000000000000000e-03,5.669519912380108e-03,-9.669519912380107e-03
17200,17,3.500000000000000e-03,5.556044130317573e-03,-2.056044130317573e-03
17200,18,3.000000000000000e-03,5.441390164476337e-03,-2.441390164476337e-03
17200,19,-2.500000000000000e-03,5.326034027173958e-03,-7.826034027173958e-03
17200,20,2.000000000000000e-03,5.214196714828138e-03,-3.214196714828138e-03
17200,21,1.800000000000000e-03,5.102536962167504e-03,-3.302536962167504e-03
17200,22,-1.500000000000000e-03,4.991285850611276e-03,-6.491285850611275e-03
17200,23,1.200000000000000e-03,4.882995382395724e-03,-3.682995382395724e-03
17200,24,1.000000000000000e-03,4.775672924756892e-03,-3.775672924756892e-03
17200,25,-8.000000000000000e-04,4.669532271355557e-03,-5.469532271355557e-03
17200,26,5.999999999999999e-04,4.565981755205496e-03,-3.965981755205497e-03
17200,27,5.000000000000000e-04,4.464000474120364e-03,-3.964000474120363e-03
17200,28,-4.000000000000000e-04,4.363709313977206e-03,-4.763709313977206e-03
17200,29,3.000000000000000e-04,4.265824268197054e-03,-3.965824268197054e-03
17300,0,1.200000000000000e-01,7.253709934990736e-03,1.127462900650093e-01
17300,1,-8.000000000000000e-02,7.163709934990736e-03,-8.716370993499074e-02
17300,2,5.500000000000000e-02,7.133777434990736e-03,4.786622256500926e-02
17300,3,4.000000000000000e-02,7.062639833740736e-03,3.293736016625926e-02
17300,4,-3.000000000000000e-02,6.961662292093550e-03,-3.696166229209355e-02
17300,5,2.500000000000000e-02,6.883487683071304e-03,1.811651231692870e-02
17300,6,2.000000000000000e-02,6.786856228832892e-03,1.321314377116711e-02
17300,7,-1.800000000000000e-02,6.675659616138551e-03,-2.467565961613855e-02
17300,8,1.500000000000000e-02,6.578546785660856e-03,8.421453214339143e-03
17300,9,1.200000000000000e-02,6.470766632166028e-03,5.529233367833972e-03
17300,10,-1.000000000000000e-02,6.354713994707289e-03,-1.635471399470729e-02
17300,11,8.999999999999999e-03,6.247031752029493e-03,2.752968247970506e-03
17300,12,8.000000000000000e-03,6.133487887853788e-03,1.866512112146212e-03
17300,13,-7.000000000000000e-03,6.014965918455664e-03,-1.301496591845566e-02
17300,14,6.000000000000000e-03,5.902849538259169e-03,9.715046174083117e-05
17300,15,5.000000000000000e-03,5.787410380054738e-03,-7.874103800547382e-04
17300,16,-4.000000000000000e-03,5.669519912380108e-03,-9.669519912380107e-03
17300,17,3.500000000000000e-03,5.556044130317573e-03,-2.056044130317573e-03
17300,18,3.000000000000000e-03,5.441390164476337e-03,-2.441390164476337e-03
17300,19,-2.500000000000000e-03,5.326034027173958e-03,-7.826034027173958e-03
17300,20,2.000000000000000e-03,5.214196714828138e-03,-3.214196714828138e-03
17300,21,1.800000000000000e-03,5.102536962167504e-03,-3.302536962167504e-03
17300,22,-1.500000000000000e-03,4.991285850611276e-03,-6.491285850611275e-03
17300,23,1.200000000000000e-03,4.882995382395724e-03,-3.682995382395724e-03
17300,24,1.000000000000000e-03,4.775672924756892e-03,-3.775672924756892e-03
17300,25,-8.000000000000000e-04,4.669532271355557e-03,-5.469532271355557e-03
17300,26,5.999999999999999e-04,4.565981755205496e-03,-3.965981755205497e-03
17300,27,5.000000000000000e-04,4.464000474120364e-03,-3.964000474120363e-03
17300,28,-4.000000000000000e-04,4.363709313977206e-03,-4.763709313977206e-03
17300,29,3.000000000000000e-04,4.265824268197054e-03,-3.965824268197054e-03
17400,0,1.200000000000000e-01,7.253709934990736e-03,1.127462900650093e-01
17400,1,-8.000000000000000e-02,7.163709934990736e-03,-8.716370993499074e-02
17400,2,5.500000000000000e-02,7.133777434990736e-03,4.786622256500926e-02
17400,3,4.000000000000000e-02,7.062639833740736e-03,3.293736016625926e-02
17400,4,-3.000000000000000e-02,6.961662292093550e-03,-3.696166229209355e-02
17400,5,2.500000000000000e-02,6.883487683071304e-03,1.811651231692870e-02
17400,6,2.000000000000000e-02,6.786856228832892e-03,1.321314377116711e-02
17400,7,-1.800000000000000e-02,6.675659616138551e-03,-2.467565961613855e-02
17400,8,1.500000000000000e-02,6.578546785660856e-03,8.421453214339143e-03
17400,9,1.200000000000000e-02,6.470766632166028e-03,5.529233367833972e-03
17400,10,-1.000000000000000e-02,6.354713994707289e-03,-1.635471399470729e-02
17400,11,8.999999999999999e-03,6.247031752029493e-03,2.752968247970506e-03
17400,12,8.000000000000000e-03,6.133487887853788e-03,1.866512112146212e-03
17400,13,-7.000000000000000e-03,6.014965918455664e-03,-1.301496591845566e-02
17400,14,6.000000000000000e-03,5.902849538259169e-03,9.715046174083117e-05
17400,15,5.000000000000000e-03,5.787410380054738e-03,-7.874103800547382e-04
17400,16,-4.000000000000000e-03,5.669519912380108e-03,-9.669519912380107e-03
17400,17,3.500000000000000e-03,5.556044130317573e-03,-2.056044130317573e-03
17400,18,3.000000000000000e-03,5.441390164476337e-03,-2.441390164476337e-03
17400,19,-2.500000000000000e-03,5.326034027173958e-03,-7.826034027173958e-03
17400,20,2.000000000000000e-03,5.214196714828138e-03,-3.214196714828138e-03
17400,21,1.800000000000000e-03,5.102536962167504e-03,-3.302536962167504e-03
17400,22,-1.500000000000000e-03,4.991285850611276e-03,-6.491285850611275e-03
17400,23,1.200000000000000e-03,4.882995382395724e-03,-3.682995382395724e-03
17400,24,1.000000000000000e-03,4.775672924756892e-03,-3.775672924756892e-03
17400,25,-8.000000000000000e-04,4.669532271355557e-03,-5.469532271355557e-03
17400,26,5.999999999999999e-04,4.565981755205496e-03,-3.965981755205497e-03
17400,27,5.000000000000000e-04,4.464000474120364e-03,-3.964000474120363e-03
17400,28,-4.000000000000000e-04,4.363709313977206e-03,-4.763709313977206e-03
17400,29,3.000000000000000e-04,4.265824268197054e-03,-3.965824268197054e-03
17500,0,1.200000000000000e-01,7.253709934990736e-03,1.127462900650093e-01
17500,1,-8.000000000000000e-02,7.163709934990736e-03,-8.716370993499074e-02
17500,2,5.500000000000000e-02,7.133777434990736e-03,4.786622256500926e-02
17500,3,4.000000000000000e-02,7.062639833740736e-03,3.293736016625926e-02
17500,4,-3.000000000000000e-02,6.961662292093550e-03,-3.696166229209355e-02
17500,5,2.500000000000000e-02,6.883487683071304e-03,1.811651231692870e-02
17500,6,2.000000000000000e-02,6.786856228832892e-03,1.321314377116711e-02
17500,7,-1.800000000000000e-02,6.675659616138551e-03,-2.467565961613855e-02
17500,8,1.500000000000000e-02,6.578546785660856e-03,8.421453214339143e-03
17500,9,1.200000000000000e-02,6.470766632166028e-03,5.529233367833972e-03
17500,10,-1.000000000000000e-02,6.354713994707289e-03,-1.635471399470729e-02
17500,11,8.999999999999999e-03,6.247031752029493e-03,2.752968247970506e-03
17500,12,8.000000000000000e-03,6.133487887853788e-03,1.866512112146212e-03
17500,13,-7.000000000000000e-03,6.014965918455664e-03,-1.301496591845566e-02
17500,14,6.000000000000000e-03,5.902849538259169e-03,9.715046174083117e-05
17500,15,5.000000000000000e-03,5.787410380054738e-03,-7.874103800547382e-04
17500,16,-4.000000000000000e-03,5.669519912380108e-03,-9.669519912380107e-03
17500,17,3.500000000000000e-03,5.556044130317573e-03,-2.056044130317573e-03
17500,18,3.000000000000000e-03,5.441390164476337e-03,-2.441390164476337e-03
17500,19,-2.500000000000000e-03,5.326034027173958e-03,-7.826034027173958e-03
17500,20,2.000000000000000e-03,5.214196714828138e-03,-3.214196714828138e-03
17500,21,1.800000000000000e-03,5.102536962167504e-03,-3.302536962167504e-03
17500,22,-1.500000000000000e-03,4.991285850611276e-03,-6.491285850611275e-03
17500,23,1.200000000000000e-03,4.882995382395724e-03,-3.682995382395724e-03
17500,24,1.000000000000000e-03,4.775672924756892e-03,-3.775672924756892e-03
17500,25,-8.000000000000000e-04,4.669532271355557e-03,-5.469532271355557e-03
17500,26,5.999999999999999e-04,4.565981755205496e-03,-3.965981755205497e-03
17500,27,5.000000000000000e-04,4.464000474120364e-03,-3.964000474120363e-03
17500,28,-4.000000000000000e-04,4.363709313977206e-03,-4.763709313977206e-03
17500,29,3.000000000000000e-04,4.265824268197054e-03,-3.965824268197054e-03
17600,0,1.200000000000000e-01,7.253709934990736e-03,1.127462900650093e-01
17600,1,-8.000000000000000e-02,7.163709934990736e-03,-8.716370993499074e-02
17600,2,5.500000000000000e-02,7.133777434990736e-03,4.786622256500926e-02
17600,3,4.000000000000000e-02,7.062639833740736e-03,3.293736016625926e-02
17600,4,-3.000000000000000e-02,6.961662292093550e-03,-3.696166229209355e-02
17600,5,2.500000000000000e-02,6.883487683071304e-03,1.811651231692870e-02
17600,6,2.000000000000000e-02,6.786856228832892e-03,1.321314377116711e-02
17600,7,-1.800000000000000e-02,6.675659616138551e-03,-2.467565961613855e-02
17600,8,1.500000000000000e-02,6.578546785660856e-03,8.421453214339143e-03
17600,9,1.200000000000000e-02,6.470766632166028e-03,5.529233367833972e-03
17600,10,-1.000000000000000e-02,6.354713994707289e-03,-1.635471399470729e-02
17600,11,8.999999999999999e-03,6.247031752029493e-03,2.752968247970506e-03
17600,12,8.000000000000000e-03,6.133487887853788e-03,1.866512112146212e-03
17600,13,-7.000000000000000e-03,6.014965918455664e-03,-1.301496591845566e-02
17600,14,6.000000000000000e-03,5.902849538259169e-03,9.715046174083117e-05
17600,15,5.000000000000000e-03,5.787410380054738e-03,-7.874103800547382e-04
17600,16,-4.000000000000000e-03,5.669519912380108e-03,-9.669519912380107e-03
17600,17,3.500000000000000e-03,5.556044130317573e-03,-2.056044130317573e-03
17600,18,3.000000000000000e-03,5.441390164476337e-03,-2.441390164476337e-03
17600,19,-2.500000000000000e-03,5.326034027173958e-03,-7.826034027173958e-03
17600,20,2.000000000000000e-03,5.214196714828138e-03,-3.214196714828138e-03
17600,21,1.800000000000000e-03,5.102536962167504e-03,-3.302536962167504e-03
17600,22,-1.500000000000000e-03,4.991285850611276e-03,-6.491285850611275e-03
17600,23,1.200000000000000e-03,4.882995382395724e-03,-3.682995382395724e-03
17600,24,1.000000000000000e-03,4.775672924756892e-03,-3.775672924756892e-03
17600,25,-8.000000000000000e-04,4.669532271355557e-03,-5.469532271355557e-03
17600,26,5.999999999999999e-04,4.565981755205496e-03,-3.965981755205497e-03
17600,27,5.000000000000000e-04,4.464000474120364e-03,-3.964000474120363e-03
17600,28,-4.000000000000000e-04,4.363709313977206e-03,-4.763709313977206e-03
17600,29,3.000000000000000e-04,4.265824268197054e-03,-3.965824268197054e-03
17700,0,1.200000000000000e-01,7.253709934990736e-03,1.127462900650093e-01
17700,1,-8.000000000000000e-02,7.163709934990736e-03,-8.716370993499074e-02
17700,2,5.500000000000000e-02,7.133777434990736e-03,4.786622256500926e-02
17700,3,4.000000000000000e-02,7.062639833740736e-03,3.293736016625926e-02
17700,4,-3.000000000000000e-02,6.961662292093550e-03,-3.696166229209355e-02
17700,5,2.500000000000000e-02,6.883487683071304e-03,1.811651231692870e-02
17700,6,2.000000000000000e-02,6.786856228832892e-03,1.321314377116711e-02
17700,7,-1.800000000000000e-02,6.675659616138551e-03,-2.467565961613855e-02
17700,8,1.500000000000000e-02,6.578546785660856e-03,8.421453214339143e-03
17700,9,1.200000000000000e-02,6.470766632166028e-03,5.529233367833972e-03
17700,10,-1.000000000000000e-02,6.354713994707289e-03,-1.635471399470729e-02
17700,11,8.999999999999999e-03,6.247031752029493e-03,2.752968247970506e-03
17700,12,8.000000000000000e-03,6.133487887853788e-03,1.866512112146212e-03
17700,13,-7.000000000000000e-03,6.014965918455664e-03,-1.301496591845566e-02
17700,14,6.000000000000000e-03,5.902849538259169e-03,9.715046174083117e-05
17700,15,5.000000000000000e-03,5.787410380054738e-03,-7.874103800547382e-04
17700,16,-4.000000000000000e-03,5.669519912380108e-03,-9.669519912380107e-03
17700,17,3.500000000000000e-03,5.556044130317573e-03,-2.056044130317573e-03
17700,18,3.000000000000000e-03,5.441390164476337e-03,-2.441390164476337e-03
17700,19,-2.500000000000000e-03,5.326034027173958e-03,-7.826034027173958e-03
17700,20,2.000000000000000e-03,5.214196714828138e-03,-3.214196714828138e-03
17700,21,1.800000000000000e-03,5.102536962167504e-03,-3.302536962167504e-03
17700,22,-1.500000000000000e-03,4.991285850611276e-03,-6.491285850611275e-03
17700,23,1.200000000000000e-03,4.882995382395724e-03,-3.682995382395724e-03
17700,24,1.000000000000000e-03,4.775672924756892e-03,-3.775672924756892e-03
17700,25,-8.000000000000000e-04,4.669532271355557e-03,-5.469532271355557e-03
17700,26,5.999999999999999e-04,4.565981755205496e-03,-3.965981755205497e-03
17700,27,5.000000000000000e-04,4.464000474120364e-03,-3.964000474120363e-03
17700,28,-4.000000000000000e-04,4.363709313977206e-03,-4.763709313977206e-03
17700,29,3.000000000000000e-04,4.265824268197054e-03,-3.965824268197054e-03
17800,0,1.200000000000000e-01,7.253709934990736e-03,1.127462900650093e-01
17800,1,-8.000000000000000e-02,7.163709934990736e-03,-8.716370993499074e-02
17800,2,5.500000000000000e-02,7.133777434990736e-03,4.786622256500926e-02
17800,3,4.000000000000000e-02,7.062639833740736e-03,3.293736016625926e-02
17800,4,-3.000000000000000e-02,6.961662292093550e-03,-3.696166229209355e-02
17800,5,2.500000000000000e-02,6.883487683071304e-03,1.811651231692870e-02
17800,6,2.000000000000000e-02,6.786856228832892e-03,1.321314377116711e-02
17800,7,-1.800000000000000e-02,6.675659616138551e-03,-2.467565961613855e-02
17800,8,1.500000000000000e-02,6.578546785660856e-03,8.421453214339143e-03
17800,9,1.200000000000000e-02,6.470766632166028e-03,5.529233367833972e-03
17800,10,-1.000000000000000e-02,6.354713994707289e-03,-1.635471399470729e-02
17800,11,8.999999999999999e-03,6.247031752029493e-03,2.752968247970506e-03
17800,12,8.000000000000000e-03,6.133487887853788e-03,1.866512112146212e-03
17800,13,-7.000000000000000e-03,6.014965918455664e-03,-1.301496591845566e-02
17800,14,6.000000000000000e-03,5.902849538259169e-03,9.715046174083117e-05
17800,15,5.000000000000000e-03,5.787410380054738e-03,-7.874103800547382e-04
17800,16,-4.000000000000000e-03,5.669519912380108e-03,-9.669519912380107e-03
17800,17,3.500000000000000e-03,5.556044130317573e-03,-2.056044130317573e-03
17800,18,3.000000000000000e-03,5.441390164476337e-03,-2.441390164476337e-03
17800,19,-2.500000000000000e-03,5.326034027173958e-03,-7.826034027173958e-03
17800,20,2.000000000000000e-03,5.214196714828138e-03,-3.214196714828138e-03
17800,21,1.800000000000000e-03,5.102536962167504e-03,-3.302536962167504e-03
17800,22,-1.500000000000000e-03,4.991285850611276e-03,-6.491285850611275e-03
17800,23,1.200000000000000e-03,4.882995382395724e-03,-3.682995382395724e-03
17800,24,1.000000000000000e-03,4.775672924756892e-03,-3.775672924756892e-03
17800,25,-8.000000000000000e-04,4.669532271355557e-03,-5.469532271355557e-03
17800,26,5.999999999999999e-04,4.565981755205496e-03,-3.965981755205497e-03
17800,27,5.000000000000000e-04,4.464000474120364e-03,-3.964000474120363e-03
17800,28,-4.000000000000000e-04,4.363709313977206e-03,-4.763709313977206e-03
17800,29,3.000000000000000e-04,4.265824268197054e-03,-3.965824268197054e-03
17900,0,1.200000000000000e-01,7.253709934990736e-03,1.127462900650093e-01
17900,1,-8.000000000000000e-02,7.163709934990736e-03,-8.716370993499074e-02
17900,2,5.500000000000000e-02,7.133777434990736e-03,4.786622256500926e-02
17900,3,4.000000000000000e-02,7.062639833740736e-03,3.293736016625926e-02
17900,4,-3.000000000000000e-02,6.961662292093550e-03,-3.696166229209355e-02
17900,5,2.500000000000000e-02,6.883487683071304e-03,1.811651231692870e-02
17900,6,2.000000000000000e-02,6.786856228832892e-03,1.321314377116711e-02
17900,7,-1.800000000000000e-02,6.675659616138551e-03,-2.467565961613855e-02
17900,8,1.500000000000000e-02,6.578546785660856e-03,8.421453214339143e-03
17900,9,1.200000000000000e-02,6.470766632166028e-03,5.529233367833972e-03
17900,10,-1.000000000000000e-02,6.354713994707289e-03,-1.635471399470729e-02
17900,11,8.999999999999999e-03,6.247031752029493e-03,2.752968247970506e-03
17900,12,8.000000000000000e-03,6.133487887853788e-03,1.866512112146212e-03
17900,13,-7.000000000000000e-03,6.014965918455664e-03,-1.301496591845566e-02
17900,14,6.000000000000000e-03,5.902849538259169e-03,9.715046174083117e-05
17900,15,5.000000000000000e-03,5.787410380054738e-03,-7.874103800547382e-04
17900,16,-4.000000000000000e-03,5.669519912380108e-03,-9.669519912380107e-03
17900,17,3.500000000000000e-03,5.556044130317573e-03,-2.056044130317573e-03
17900,18,3.000000000000000e-03,5.441390164476337e-03,-2.441390164476337e-03
17900,19,-2.500000000000000e-03,5.326034027173958e-03,-7.826034027173958e-03
17900,20,2.000000000000000e-03,5.214196714828138e-03,-3.214196714828138e-03
17900,21,1.800000000000000e-03,5.102536962167504e-03,-3.302536962167504e-03
17900,22,-1.500000000000000e-03,4.991285850611276e-03,-6.491285850611275e-03
17900,23,1.200000000000000e-03,4.882995382395724e-03,-3.682995382395724e-03
17900,24,1.000000000000000e-03,4.775672924756892e-03,-3.775672924756892e-03
17900,25,-8.000000000000000e-04,4.669532271355557e-03,-5.469532271355557e-03
17900,26,5.999999999999999e-04,4.565981755205496e-03,-3.965981755205497e-03
17900,27,5.000000000000000e-04,4.464000474120364e-03,-3.964000474120363e-03
17900,28,-4.000000000000000e-04,4.363709313977206e-03,-4.763709313977206e-03
17900,29,3.000000000000000e-04,4.265824268197054e-03,-3.965824268197054e-03
18000,0,1.200000000000000e-01,7.253709934990736e-03,1.127462900650093e-01
18000,1,-8.000000000000000e-02,7.163709934990736e-03,-8.716370993499074e-02
18000,2,5.500000000000000e-02,7.133777434990736e-03,4.786622256500926e-02
18000,3,4.000000000000000e-02,7.062639833740736e-03,3.293736016625926e-02
18000,4,-3.000000000000000e-02,6.961662292093550e-03,-3.696166229209355e-02
18000,5,2.500000000000000e-02,6.883487683071304e-03,1.811651231692870e-02
18000,6,2.000000000000000e-02,6.786856228832892e-03,1.321314377116711e-02
18000,7,-1.800000000000000e-02,6.675659616138551e-03,-2.467565961613855e-02
18000,8,1.500000000000000e-02,6.578546785660856e-03,8.421453214339143e-03
18000,9,1.200000000000000e-02,6.470766632166028e-03,5.529233367833972e-03
18000,10,-1.000000000000000e-02,6.354713994707289e-03,-1.635471399470729e-02
18000,11,8.999999999999999e-03,6.247031752029493e-03,2.752968247970506e-03
18000,12,8.000000000000000e-03,6.133487887853788e-03,1.866512112146212e-03
18000,13,-7.000000000000000e-03,6.014965918455664e-03,-1.301496591845566e-02
18000,14,6.000000000000000e-03,5.902849538259169e-03,9.715046174083117e-05
18000,15,5.000000000000000e-03,5.787410380054738e-03,-7.874103800547382e-04
18000,16,-4.000000000000000e-03,5.669519912380108e-03,-9.669519912380107e-03
18000,17,3.500000000000000e-03,5.556044130317573e-03,-2.056044130317573e-03
18000,18,3.000000000000000e-03,5.441390164476337e-03,-2.441390164476337e-03
18000,19,-2.500000000000000e-03,5.326034027173958e-03,-7.826034027173958e-03
18000,20,2.000000000000000e-03,5.214196714828138e-03,-3.214196714828138e-03
18000,21,1.800000000000000e-03,5.102536962167504e-03,-3.302536962167504e-03
18000,22,-1.500000000000000e-03,4.991285850611276e-03,-6.491285850611275e-03
18000,23,1.200000000000000e-03,4.882995382395724e-03,-3.682995382395724e-03
18000,24,1.000000000000000e-03,4.775672924756892e-03,-3.775672924756892e-03
18000,25,-8.000000000000000e-04,4.669532271355557e-03,-5.469532271355557e-03
18000,26,5.999999999999999e-04,4.565981755205496e-03,-3.965981755205497e-03
18000,27,5.000000000000000e-04,4.464000474120364e-03,-3.964000474120363e-03
18000,28,-4.000000000000000e-04,4.363709313977206e-03,-4.763709313977206e-03
18000,29,3.000000000000000e-04,4.265824268197054e-03,-3.965824268197054e-03
18100,0,1.200000000000000e-01,7.253709934990736e-03,1.127462900650093e-01
18100,1,-8.000000000000000e-02,7.163709934990736e-03,-8.716370993499074e-02
18100,2,5.500000000000000e-02,7.133777434990736e-03,4.786622256500926e-02
18100,3,4.000000000000000e-02,7.062639833740736e-03,3.293736016625926e-02
18100,4,-3.000000000000000e-02,6.961662292093550e-03,-3.696166229209355e-02
18100,5,2.500000000000000e-02,6.883487683071304e-03,1.811651231692870e-02
18100,6,2.000000000000000e-02,6.786856228832892e-03,1.321314377116711e-02
18100,7,-1.800000000000000e-02,6.675659616138551e-03,-2.467565961613855e-02
18100,8,1.500000000000000e-02,6.578546785660856e-03,8.421453214339143e-03
18100,9,1.200000000000000e-02,6.470766632166028e-03,5.529233367833972e-03
18100,10,-1.000000000000000e-02,6.354713994707289e-03,-1.635471399470729e-02
18100,11,8.999999999999999e-03,6.247031752029493e-03,2.752968247970506e-03
18100,12,8.000000000000000e-03,6.133487887853788e-03,1.866512112146212e-03
18100,13,-7.000000000000000e-03,6.014965918455664e-03,-1.301496591845566e-02
18100,14,6.000000000000000e-03,5.902849538259169e-03,9.715046174083117e-05
18100,15,5.000000000000000e-03,5.787410380054738e-03,-7.874103800547382e-04
18100,16,-4.000000000000000e-03,5.669519912380108e-03,-9.669519912380107e-03
18100,17,3.500000000000000e-03,5.556044130317573e-03,-2.056044130317573e-03
18100,18,3.000000000000000e-03,5.441390164476337e-03,-2.441390164476337e-03
18100,19,-2.500000000000000e-03,5.326034027173958e-03,-7.826034027173958e-03
18100,20,2.000000000000000e-03,5.214196714828138e-03,-3.214196714828138e-03
18100,21,1.800000000000000e-03,5.102536962167504e-03,-3.302536962167504e-03
18100,22,-1.500000000000000e-03,4.991285850611276e-03,-6.491285850611275e-03
18100,23,1.200000000000000e-03,4.882995382395724e-03,-3.682995382395724e-03
18100,24,1.000000000000000e-03,4.775672924756892e-03,-3.775672924756892e-03
18100,25,-8.000000000000000e-04,4.669532271355557e-03,-5.469532271355557e-03
18100,26,5.999999999999999e-04,4.565981755205496e-03,-3.965981755205497e-03
18100,27,5.000000000000000e-04,4.464000474120364e-03,-3.964000474120363e-03
18100,28,-4.000000000000000e-04,4.363709313977206e-03,-4.763709313977206e-03
18100,29,3.000000000000000e-04,4.265824268197054e-03,-3.965824268197054e-03
18200,0,1.200000000000000e-01,7.253709934990736e-03,1.127462900650093e-01
18200,1,-8.000000000000000e-02,7.163709934990736e-03,-8.716370993499074e-02
18200,2,5.500000000000000e-02,7.133777434990736e-03,4.786622256500926e-02
18200,3,4.000000000000000e-02,7.062639833740736e-03,3.293736016625926e-02
18200,4,-3.000000000000000e-02,6.961662292093550e-03,-3.696166229209355e-02
18200,5,2.500000000000000e-02,6.883487683071304e-03,1.811651231692870e-02
18200,6,2.000000000000000e-02,6.786856228832892e-03,1.321314377116711e-02
18200,7,-1.800000000000000e-02,6.675659616138551e-03,-2.467565961613855e-02
18200,8,1.500000000000000e-02,6.578546785660856e-03,8.421453214339143e-03
18200,9,1.200000000000000e-02,6.470766632166028e-03,5.529233367833972e-03
18200,10,-1.000000000000000e-02,6.354713994707289e-03,-1.635471399470729e-02
18200,11,8.999999999999999e-03,6.247031752029493e-03,2.752968247970506e-03
18200,12,8.000000000000000e-03,6.133487887853788e-03,1.866512112146212e-03
18200,13,-7.000000000000000e-03,6.014965918455664e-03,-1.301496591845566e-02
18200,14,6.000000000000000e-03,5.902849538259169e-03,9.715046174083117e-05
18200,15,5.000000000000000e-03,5.787410380054738e-03,-7.874103800547382e-04
18200,16,-4.000000000000000e-03,5.669519912380108e-03,-9.669519912380107e-03
18200,17,3.500000000000000e-03,5.556044130317573e-03,-2.056044130317573e-03
18200,18,3.000000000000000e-03,5.441390164476337e-03,-2.441390164476337e-03
18200,19,-2.500000000000000e-03,5.326034027173958e-03,-7.826034027173958e-03
18200,20,2.000000000000000e-03,5.214196714828138e-03,-3.214196714828138e-03
18200,21,1.800000000000000e-03,5.102536962167504e-03,-3.302536962167504e-03
18200,22,-1.500000000000000e-03,4.991285850611276e-03,-6.491285850611275e-03
18200,23,1.200000000000000e-03,4.882995382395724e-03,-3.682995382395724e-03
18200,24,1.000000000000000e-03,4.775672924756892e-03,-3.775672924756892e-03
18200,25,-8.000000000000000e-04,4.669532271355557e-03,-5.469532271355557e-03
18200,26,5.999999999999999e-04,4.565981755205496e-03,-3.965981755205497e-03
18200,27,5.000000000000000e-04,4.464000474120364e-03,-3.964000474120363e-03
18200,28,-4.000000000000000e-04,4.363709313977206e-03,-4.763709313977206e-03
18200,29,3.000000000000000e-04,4.265824268197054e-03,-3.965824268197054e-03
18300,0,1.200000000000000e-01,7.253709934990736e-03,1.127462900650093e-01
18300,1,-8.000000000000000e-02,7.163709934990736e-03,-8.716370993499074e-02
18300,2,5.500000000000000e-02,7.133777434990736e-03,4.786622256500926e-02
18300,3,4.000000000000000e-02,7.062639833740736e-03,3.293736016625926e-02
18300,4,-3.000000000000000e-02,6.961662292093550e-03,-3.696166229209355e-02
18300,5,2.500000000000000e-02,6.883487683071304e-03,1.811651231692870e-02
18300,6,2.000000000000000e-02,6.786856228832892e-03,1.321314377116711e-02
18300,7,-1.800000000000000e-02,6.675659616138551e-03,-2.467565961613855e-02
18300,8,1.500000000000000e-02,6.578546785660856e-03,8.421453214339143e-03
18300,9,1.200000000000000e-02,6.470766632166028e-03,5.529233367833972e-03
18300,10,-1.000000000000000e-02,6.354713994707289e-03,-1.635471399470729e-02
18300,11,8.999999999999999e-03,6.247031752029493e-03,2.752968247970506e-03
18300,12,8.000000000000000e-03,6.133487887853788e-03,1.866512112146212e-03
18300,13,-7.000000000000000e-03,6.014965918455664e-03,-1.301496591845566e-02
18300,14,6.000000000000000e-03,5.902849538259169e-03,9.715046174083117e-05
18300,15,5.000000000000000e-03,5.787410380054738e-03,-7.874103800547382e-04
18300,16,-4.000000000000000e-03,5.669519912380108e-03,-9.669519912380107e-03
18300,17,3.500000000000000e-03,5.556044130317573e-03,-2.056044130317573e-03
18300,18,3.000000000000000e-03,5.441390164476337e-03,-2.441390164476337e-03
18300,19,-2.500000000000000e-03,5.326034027173958e-03,-7.826034027173958e-03
18300,20,2.000000000000000e-03,5.214196714828138e-03,-3.214196714828138e-03
18300,21,1.800000000000000e-03,5.102536962167504e-03,-3.302536962167504e-03
18300,22,-1.500000000000000e-03,4.991285850611276e-03,-6.491285850611275e-03
18300,23,1.200000000000000e-03,4.882995382395724e-03,-3.682995382395724e-03
18300,24,1.000000000000000e-03,4.775672924756892e-03,-3.775672924756892e-03
18300,25,-8.000000000000000e-04,4.669532271355557e-03,-5.469532271355557e-03
18300,26,5.999999999999999e-04,4.565981755205496e-03,-3.965981755205497e-03
18300,27,5.000000000000000e-04,4.464000474120364e-03,-3.964000474120363e-03
18300,28,-4.000000000000000e-04,4.363709313977206e-03,-4.763709313977206e-03
18300,29,3.000000000000000e-04,4.265824268197054e-03,-3.965824268197054e-03
18400,0,1.200000000000000e-01,7.253709934990736e-03,1.127462900650093e-01
18400,1,-8.000000000000000e-02,7.163709934990736e-03,-8.716370993499074e-02
18400,2,5.500000000000000e-02,7.133777434990736e-03,4.786622256500926e-02
18400,3,4.000000000000000e-02,7.062639833740736e-03,3.293736016625926e-02
18400,4,-3.000000000000000e-02,6.961662292093550e-03,-3.696166229209355e-02
18400,5,2.500000000000000e-02,6.883487683071304e-03,1.811651231692870e-02
18400,6,2.000000000000000e-02,6.786856228832892e-03,1.321314377116711e-02
18400,7,-1.800000000000000e-02,6.675659616138551e-03,-2.467565961613855e-02
18400,8,1.500000000000000e-02,6.578546785660856e-03,8.421453214339143e-03
18400,9,1.200000000000000e-02,6.470766632166028e-03,5.529233367833972e-03
18400,10,-1.000000000000000e-02,6.354713994707289e-03,-1.635471399470729e-02
18400,11,8.999999999999999e-03,6.247031752029493e-03,2.752968247970506e-03
18400,12,8.000000000000000e-03,6.133487887853788e-03,1.866512112146212e-03
18400,13,-7.000000000000000e-03,6.014965918455664e-03,-1.301496591845566e-02
18400,14,6.000000000000000e-03,5.902849538259169e-03,9.715046174083117e-05
18400,15,5.000000000000000e-03,5.787410380054738e-03,-7.874103800547382e-04
18400,16,-4.000000000000000e-03,5.669519912380108e-03,-9.669519912380107e-03
18400,17,3.500000000000000e-03,5.556044130317573e-03,-2.056044130317573e-03
18400,18,3.000000000000000e-03,5.441390164476337e-03,-2.441390164476337e-03
18400,19,-2.500000000000000e-03,5.326034027173958e-03,-7.826034027173958e-03
18400,20,2.000000000000000e-03,5.214196714828138e-03,-3.214196714828138e-03
18400,21,1.800000000000000e-03,5.102536962167504e-03,-3.302536962167504e-03
18400,22,-1.500000000000000e-03,4.991285850611276e-03,-6.491285850611275e-03
18400,23,1.200000000000000e-03,4.882995382395724e-03,-3.682995382395724e-03
18400,24,1.000000000000000e-03,4.775672924756892e-03,-3.775672924756892e-03
18400,25,-8.000000000000000e-04,4.669532271355557e-03,-5.469532271355557e-03
18400,26,5.999999999999999e-04,4.565981755205496e-03,-3.965981755205497e-03
18400,27,5.000000000000000e-04,4.464000474120364e-03,-3.964000474120363e-03
18400,28,-4.000000000000000e-04,4.363709313977206e-03,-4.763709313977206e-03
18400,29,3.000000000000000e-04,4.265824268197054e-03,-3.965824268197054e-03
18500,0,1.200000000000000e-01,7.253709934990736e-03,1.127462900650093e-01
18500,1,-8.000000000000000e-02,7.163709934990736e-03,-8.716370993499074e-02
18500,2,5.500000000000000e-02,7.133777434990736e-03,4.786622256500926e-02
18500,3,4.000000000000000e-02,7.062639833740736e-03,3.293736016625926e-02
18500,4,-3.000000000000000e-02,6.961662292093550e-03,-3.696166229209355e-02
18500,5,2.500000000000000e-02,6.883487683071304e-03,1.811651231692870e-02
18500,6,2.000000000000000e-02,6.786856228832892e-03,1.321314377116711e-02
18500,7,-1.800000000000000e-02,6.675659616138551e-03,-2.467565961613855e-02
18500,8,1.500000000000000e-02,6.578546785660856e-03,8.421453214339143e-03
18500,9,1.200000000000000e-02,6.470766632166028e-03,5.529233367833972e-03
18500,10,-1.000000000000000e-02,6.354713994707289e-03,-1.635471399470729e-02
18500,11,8.999999999999999e-03,6.247031752029493e-03,2.752968247970506e-03
18500,12,8.000000000000000e-03,6.133487887853788e-03,1.866512112146212e-03
18500,13,-7.000000000000000e-03,6.014965918455664e-03,-1.301496591845566e-02
18500,14,6.000000000000000e-03,5.902849538259169e-03,9.715046174083117e-05
18500,15,5.000000000000000e-03,5.787410380054738e-03,-7.874103800547382e-04
18500,16,-4.000000000000000e-03,5.669519912380108e-03,-9.669519912380107e-03
18500,17,3.500000000000000e-03,5.556044130317573e-03,-2.056044130317573e-03
18500,18,3.000000000000000e-03,5.441390164476337e-03,-2.441390164476337e-03
18500,19,-2.500000000000000e-03,5.326034027173958e-03,-7.826034027173958e-03
18500,20,2.000000000000000e-03,5.214196714828138e-03,-3.214196714828138e-03
18500,21,1.800000000000000e-03,5.102536962167504e-03,-3.302536962167504e-03
18500,22,-1.500000000000000e-03,4.991285850611276e-03,-6.491285850611275e-03
18500,23,1.200000000000000e-03,4.882995382395724e-03,-3.682995382395724e-03
18500,24,1.000000000000000e-03,4.775672924756892e-03,-3.775672924756892e-03
18500,25,-8.000000000000000e-04,4.669532271355557e-03,-5.469532271355557e-03
18500,26,5.999999999999999e-04,4.565981755205496e-03,-3.965981755205497e-03
18500,27,5.000000000000000e-04,4.464000474120364e-03,-3.964000474120363e-03
18500,28,-4.000000000000000e-04,4.363709313977206e-03,-4.763709313977206e-03
18500,29,3.000000000000000e-04,4.265824268197054e-03,-3.965824268197054e-03
18600,0,1.200000000000000e-01,7.253709934990736e-03,1.127462900650093e-01
18600,1,-8.000000000000000e-02,7.163709934990736e-03,-8.716370993499074e-02
18600,2,5.500000000000000e-02,7.133777434990736e-03,4.786622256500926e-02
18600,3,4.000000000000000e-02,7.062639833740736e-03,3.293736016625926e-02
18600,4,-3.000000000000000e-02,6.961662292093550e-03,-3.696166229209355e-02
18600,5,2.500000000000000e-02,6.883487683071304e-03,1.811651231692870e-02
18600,6,2.000000000000000e-02,6.786856228832892e-03,1.321314377116711e-02
18600,7,-1.800000000000000e-02,6.675659616138551e-03,-2.467565961613855e-02
18600,8,1.500000000000000e-02,6.578546785660856e-03,8.421453214339143e-03
18600,9,1.200000000000000e-02,6.470766632166028e-03,5.529233367833972e-03
18600,10,-1.000000000000000e-02,6.354713994707289e-03,-1.635471399470729e-02
18600,11,8.999999999999999e-03,6.247031752029493e-03,2.752968247970506e-03
18600,12,8.000000000000000e-03,6.133487887853788e-03,1.866512112146212e-03
18600,13,-7.000000000000000e-03,6.014965918455664e-03,-1.301496591845566e-02
18600,14,6.000000000000000e-03,5.902849538259169e-03,9.715046174083117e-05
18600,15,5.000000000000000e-03,5.787410380054738e-03,-7.874103800547382e-04
18600,16,-4.000000000000000e-03,5.669519912380108e-03,-9.669519912380107e-03
18600,17,3.500000000000000e-03,5.556044130317573e-03,-2.056044130317573e-03
18600,18,3.000000000000000e-03,5.441390164476337e-03,-2.441390164476337e-03
18600,19,-2.500000000000000e-03,5.326034027173958e-03,-7.826034027173958e-03
18600,20,2.000000000000000e-03,5.214196714828138e-03,-3.214196714828138e-03
18600,21,1.800000000000000e-03,5.102536962167504e-03,-3.302536962167504e-03
18600,22,-1.500000000000000e-03,4.991285850611276e-03,-6.491285850611275e-03
18600,23,1.200000000000000e-03,4.882995382395724e-03,-3.682995382395724e-03
18600,24,1.000000000000000e-03,4.775672924756892e-03,-3.775672924756892e-03
18600,25,-8.000000000000000e-04,4.669532271355557e-03,-5.469532271355557e-03
18600,26,5.999999999999999e-04,4.565981755205496e-03,-3.965981755205497e-03
18600,27,5.000000000000000e-04,4.464000474120364e-03,-3.964000474120363e-03
18600,28,-4.000000000000000e-04,4.363709313977206e-03,-4.763709313977206e-03
18600,29,3.000000000000000e-04,4.265824268197054e-03,-3.965824268197054e-03
18700,0,1.200000000000000e-01,7.253709934990736e-03,1.127462900650093e-01
18700,1,-8.000000000000000e-02,7.163709934990736e-03,-8.716370993499074e-02
18700,2,5.500000000000000e-02,7.133777434990736e-03,4.786622256500926e-02
18700,3,4.000000000000000e-02,7.062639833740736e-03,3.293736016625926e-02
18700,4,-3.000000000000000e-02,6.961662292093550e-03,-3.696166229209355e-02
18700,5,2.500000000000000e-02,6.883487683071304e-03,1.811651231692870e-02
18700,6,2.000000000000000e-02,6.786856228832892e-03,1.321314377116711e-02
18700,7,-1.800000000000000e-02,6.675659616138551e-03,-2.467565961613855e-02
18700,8,1.500000000000000e-02,6.578546785660856e-03,8.421453214339143e-03
18700,9,1.200000000000000e-02,6.470766632166028e-03,5.529233367833972e-03
18700,10,-1.000000000000000e-02,6.354713994707289e-03,-1.635471399470729e-02
18700,11,8.999999999999999e-03,6.247031752029493e-03,2.752968247970506e-03
18700,12,8.000000000000000e-03,6.133487887853788e-03,1.866512112146212e-03
18700,13,-7.000000000000000e-03,6.014965918455664e-03,-1.301496591845566e-02
18700,14,6.000000000000000e-03,5.902849538259169e-03,9.715046174083117e-05
18700,15,5.000000000000000e-03,5.787410380054738e-03,-7.874103800547382e-04
18700,16,-4.000000000000000e-03,5.669519912380108e-03,-9.669519912380107e-03
18700,17,3.500000000000000e-03,5.556044130317573e-03,-2.056044130317573e-03
18700,18,3.000000000000000e-03,5.441390164476337e-03,-2.441390164476337e-03
18700,19,-2.500000000000000e-03,5.326034027173958e-03,-7.826034027173958e-03
18700,20,2.000000000000000e-03,5.214196714828138e-03,-3.214196714828138e-03
18700,21,1.800000000000000e-03,5.102536962167504e-03,-3.302536962167504e-03
18700,22,-1.500000000000000e-03,4.991285850611276e-03,-6.491285850611275e-03
18700,23,1.200000000000000e-03,4.882995382395724e-03,-3.682995382395724e-03
18700,24,1.000000000000000e-03,4.775672924756892e-03,-3.775672924756892e-03
18700,25,-8.000000000000000e-04,4.669532271355557e-03,-5.469532271355557e-03
18700,26,5.999999999999999e-04,4.565981755205496e-03,-3.965981755205497e-03
18700,27,5.000000000000000e-04,4.464000474120364e-03,-3.964000474120363e-03
18700,28,-4.000000000000000e-04,4.363709313977206e-03,-4.763709313977206e-03
18700,29,3.000000000000000e-04,4.265824268197054e-03,-3.965824268197054e-03
18800,0,1.200000000000000e-01,7.253709934990736e-03,1.127462900650093e-01
18800,1,-8.000000000000000e-02,7.163709934990736e-03,-8.716370993499074e-02
18800,2,5.500000000000000e-02,7.133777434990736e-03,4.786622256500926e-02
18800,3,4.000000000000000e-02,7.062639833740736e-03,3.293736016625926e-02
18800,4,-3.000000000000000e-02,6.961662292093550e-03,-3.696166229209355e-02
18800,5,2.500000000000000e-02,6.883487683071304e-03,1.811651231692870e-02
18800,6,2.000000000000000e-02,6.786856228832892e-03,1.321314377116711e-02
18800,7,-1.800000000000000e-02,6.675659616138551e-03,-2.467565961613855e-02
18800,8,1.500000000000000e-02,6.578546785660856e-03,8.421453214339143e-03
18800,9,1.200000000000000e-02,6.470766632166028e-03,5.529233367833972e-03
18800,10,-1.000000000000000e-02,6.354713994707289e-03,-1.635471399470729e-02
18800,11,8.999999999999999e-03,6.247031752029493e-03,2.752968247970506e-03
18800,12,8.000000000000000e-03,6.133487887853788e-03,1.866512112146212e-03
18800,13,-7.000000000000000e-03,6.014965918455664e-03,-1.301496591845566e-02
18800,14,6.000000000000000e-03,5.902849538259169e-03,9.715046174083117e-05
18800,15,5.000000000000000e-03,5.787410380054738e-03,-7.874103800547382e-04
18800,16,-4.000000000000000e-03,5.669519912380108e-03,-9.669519912380107e-03
18800,17,3.500000000000000e-03,5.556044130317573e-03,-2.056044130317573e-03
18800,18,3.000000000000000e-03,5.441390164476337e-03,-2.441390164476337e-03
18800,19,-2.500000000000000e-03,5.326034027173958e-03,-7.826034027173958e-03
18800,20,2.000000000000000e-03,5.214196714828138e-03,-3.214196714828138e-03
18800,21,1.800000000000000e-03,5.102536962167504e-03,-3.302536962167504e-03
18800,22,-1.500000000000000e-03,4.991285850611276e-03,-6.491285850611275e-03
18800,23,1.200000000000000e-03,4.882995382395724e-03,-3.682995382395724e-03
18800,24,1.000000000000000e-03,4.775672924756892e-03,-3.775672924756892e-03
18800,25,-8.000000000000000e-04,4.669532271355557e-03,-5.469532271355557e-03
18800,26,5.999999999999999e-04,4.565981755205496e-03,-3.965981755205497e-03
18800,27,5.000000000000000e-04,4.464000474120364e-03,-3.964000474120363e-03
18800,28,-4.000000000000000e-04,4.363709313977206e-03,-4.763709313977206e-03
18800,29,3.000000000000000e-04,4.265824268197054e-03,-3.965824268197054e-03
18900,0,1.200000000000000e-01,7.253709934990736e-03,1.127462900650093e-01
18900,1,-8.000000000000000e-02,7.163709934990736e-03,-8.716370993499074e-02
18900,2,5.500000000000000e-02,7.133777434990736e-03,4.786622256500926e-02
18900,3,4.000000000000000e-02,7.062639833740736e-03,3.293736016625926e-02
18900,4,-3.000000000000000e-02,6.961662292093550e-03,-3.696166229209355e-02
18900,5,2.500000000000000e-02,6.883487683071304e-03,1.811651231692870e-02
18900,6,2.000000000000000e-02,6.786856228832892e-03,1.321314377116711e-02
18900,7,-1.800000000000000e-02,6.675659616138551e-03,-2.467565961613855e-02
18900,8,1.500000000000000e-02,6.578546785660856e-03,8.421453214339143e-03
18900,9,1.200000000000000e-02,6.470766632166028e-03,5.529233367833972e-03
18900,10,-1.000000000000000e-02,6.354713994707289e-03,-1.635471399470729e-02
18900,11,8.999999999999999e-03,6.247031752029493e-03,2.752968247970506e-03
18900,12,8.000000000000000e-03,6.133487887853788e-03,1.866512112146212e-03
18900,13,-7.000000000000000e-03,6.014965918455664e-03,-1.301496591845566e-02
18900,14,6.000000000000000e-03,5.902849538259169e-03,9.715046174083117e-05
18900,15,5.000000000000000e-03,5.787410380054738e-03,-7.874103800547382e-04
18900,16,-4.000000000000000e-03,5.669519912380108e-03,-9.669519912380107e-03
18900,17,3.500000000000000e-03,5.556044130317573e-03,-2.056044130317573e-03
18900,18,3.000000000000000e-03,5.441390164476337e-03,-2.441390164476337e-03
18900,19,-2.500000000000000e-03,5.326034027173958e-03,-7.826034027173958e-03
18900,20,2.000000000000000e-03,5.214196714828138e-03,-3.214196714828138e-03
18900,21,1.800000000000000e-03,5.102536962167504e-03,-3.302536962167504e-03
18900,22,-1.500000000000000e-03,4.991285850611276e-03,-6.491285850611275e-03
18900,23,1.200000000000000e-03,4.882995382395724e-03,-3.682995382395724e-03
18900,24,1.000000000000000e-03,4.775672924756892e-03,-3.775672924756892e-03
18900,25,-8.000000000000000e-04,4.669532271355557e-03,-5.469532271355557e-03
18900,26,5.999999999999999e-04,4.565981755205496e-03,-3.965981755205497e-03
18900,27,5.000000000000000e-04,4.464000474120364e-03,-3.964000474120363e-03
18900,28,-4.000000000000000e-04,4.363709313977206e-03,-4.763709313977206e-03
18900,29,3.000000000000000e-04,4.265824268197054e-03,-3.965824268197054e-03
19000,0,1.200000000000000e-01,7.253709934990736e-03,1.127462900650093e-01
19000,1,-8.000000000000000e-02,7.163709934990736e-03,-8.716370993499074e-02
19000,2,5.500000000000000e-02,7.133777434990736e-03,4.786622256500926e-02
19000,3,4.000000000000000e-02,7.062639833740736e-03,3.293736016625926e-02
19000,4,-3.000000000000000e-02,6.961662292093550e-03,-3.696166229209355e-02
19000,5,2.500000000000000e-02,6.883487683071304e-03,1.811651231692870e-02
19000,6,2.000000000000000e-02,6.786856228832892e-03,1.321314377116711e-02
19000,7,-1.800000000000000e-02,6.675659616138551e-03,-2.467565961613855e-02
19000,8,1.500000000000000e-02,6.578546785660856e-03,8.421453214339143e-03
19000,9,1.200000000000000e-02,6.470766632166028e-03,5.529233367833972e-03
19000,10,-1.000000000000000e-02,6.354713994707289e-03,-1.635471399470729e-02
19000,11,8.999999999999999e-03,6.247031752029493e-03,2.752968247970506e-03
19000,12,8.000000000000000e-03,6.133487887853788e-03,1.866512112146212e-03
19000,13,-7.000000000000000e-03,6.014965918455664e-03,-1.301496591845566e-02
19000,14,6.000000000000000e-03,5.902849538259169e-03,9.715046174083117e-05
19000,15,5.000000000000000e-03,5.787410380054738e-03,-7.874103800547382e-04
19000,16,-4.000000000000000e-03,5.669519912380108e-03,-9.669519912380107e-03
19000,17,3.500000000000000e-03,5.556044130317573e-03,-2.056044130317573e-03
19000,18,3.000000000000000e-03,5.441390164476337e-03,-2.441390164476337e-03
19000,19,-2.500000000000000e-03,5.326034027173958e-03,-7.826034027173958e-03
19000,20,2.000000000000000e-03,5.214196714828138e-03,-3.214196714828138e-03
19000,21,1.800000000000000e-03,5.102536962167504e-03,-3.302536962167504e-03
19000,22,-1.500000000000000e-03,4.991285850611276e-03,-6.491285850611275e-03
19000,23,1.200000000000000e-03,4.882995382395724e-03,-3.682995382395724e-03
19000,24,1.000000000000000e-03,4.775672924756892e-03,-3.775672924756892e-03
19000,25,-8.000000000000000e-04,4.669532271355557e-03,-5.469532271355557e-03
19000,26,5.999999999999999e-04,4.565981755205496e-03,-3.965981755205497e-03
19000,27,5.000000000000000e-04,4.464000474120364e-03,-3.964000474120363e-03
19000,28,-4.000000000000000e-04,4.363709313977206e-03,-4.763709313977206e-03
19000,29,3.000000000000000e-04,4.265824268197054e-03,-3.965824268197054e-03
19100,0,1.200000000000000e-01,7.253709934990736e-03,1.127462900650093e-01
19100,1,-8.000000000000000e-02,7.163709934990736e-03,-8.716370993499074e-02
19100,2,5.500000000000000e-02,7.133777434990736e-03,4.786622256500926e-02
19100,3,4.000000000000000e-02,7.062639833740736e-03,3.293736016625926e-02
19100,4,-3.000000000000000e-02,6.961662292093550e-03,-3.696166229209355e-02
19100,5,2.500000000000000e-02,6.883487683071304e-03,1.811651231692870e-02
19100,6,2.000000000000000e-02,6.786856228832892e-03,1.321314377116711e-02
19100,7,-1.800000000000000e-02,6.675659616138551e-03,-2.467565961613855e-02
19100,8,1.500000000000000e-02,6.578546785660856e-03,8.421453214339143e-03
19100,9,1.200000000000000e-02,6.470766632166028e-03,5.529233367833972e-03
19100,10,-1.000000000000000e-02,6.354713994707289e-03,-1.635471399470729e-02
19100,11,8.999999999999999e-03,6.247031752029493e-03,2.752968247970506e-03
19100,12,8.000000000000000e-03,6.133487887853788e-03,1.866512112146212e-03
19100,13,-7.000000000000000e-03,6.014965918455664e-03,-1.301496591845566e-02
19100,14,6.000000000000000e-03,5.902849538259169e-03,9.715046174083117e-05
19100,15,5.000000000000000e-03,5.787410380054738e-03,-7.874103800547382e-04
19100,16,-4.000000000000000e-03,5.669519912380108e-03,-9.669519912380107e-03
19100,17,3.500000000000000e-03,5.556044130317573e-03,-2.056044130317573e-03
19100,18,3.000000000000000e-03,5.441390164476337e-03,-2.441390164476337e-03
19100,19,-2.500000000000000e-03,5.326034027173958e-03,-7.826034027173958e-03
19100,20,2.000000000000000e-03,5.214196714828138e-03,-3.214196714828138e-03
19100,21,1.800000000000000e-03,5.102536962167504e-03,-3.302536962167504e-03
19100,22,-1.500000000000000e-03,4.991285850611276e-03,-6.491285850611275e-03
19100,23,1.200000000000000e-03,4.882995382395724e-03,-3.682995382395724e-03
19100,24,1.000000000000000e-03,4.775672924756892e-03,-3.775672924756892e-03
19100,25,-8.000000000000000e-04,4.669532271355557e-03,-5.469532271355557e-03
19100,26,5.999999999999999e-04,4.565981755205496e-03,-3.965981755205497e-03
19100,27,5.000000000000000e-04,4.464000474120364e-03,-3.964000474120363e-03
19100,28,-4.000000000000000e-04,4.363709313977206e-03,-4.763709313977206e-03
19100,29,3.000000000000000e-04,4.265824268197054e-03,-3.965824268197054e-03
19200,0,1.200000000000000e-01,7.253709934990736e-03,1.127462900650093e-01
19200,1,-8.000000000000000e-02,7.163709934990736e-03,-8.716370993499074e-02
19200,2,5.500000000000000e-02,7.133777434990736e-03,4.786622256500926e-02
19200,3,4.000000000000000e-02,7.062639833740736e-03,3.293736016625926e-02
19200,4,-3.000000000000000e-02,6.961662292093550e-03,-3.696166229209355e-02
19200,5,2.500000000000000e-02,6.883487683071304e-03,1.811651231692870e-02
19200,6,2.000000000000000e-02,6.786856228832892e-03,1.321314377116711e-02
19200,7,-1.800000000000000e-02,6.675659616138551e-03,-2.467565961613855e-02
19200,8,1.500000000000000e-02,6.578546785660856e-03,8.421453214339143e-03
19200,9,1.200000000000000e-02,6.470766632166028e-03,5.529233367833972e-03
19200,10,-1.000000000000000e-02,6.354713994707289e-03,-1.635471399470729e-02
19200,11,8.999999999999999e-03,6.247031752029493e-03,2.752968247970506e-03
19200,12,8.000000000000000e-03,6.133487887853788e-03,1.866512112146212e-03
19200,13,-7.000000000000000e-03,6.014965918455664e-03,-1.301496591845566e-02
19200,14,6.000000000000000e-03,5.902849538259169e-03,9.715046174083117e-05
19200,15,5.000000000000000e-03,5.787410380054738e-03,-7.874103800547382e-04
19200,16,-4.000000000000000e-03,5.669519912380108e-03,-9.669519912380107e-03
19200,17,3.500000000000000e-03,5.556044130317573e-03,-2.056044130317573e-03
19200,18,3.000000000000000e-03,5.441390164476337e-03,-2.441390164476337e-03
19200,19,-2.500000000000000e-03,5.326034027173958e-03,-7.826034027173958e-03
19200,20,2.000000000000000e-03,5.214196714828138e-03,-3.214196714828138e-03
19200,21,1.800000000000000e-03,5.102536962167504e-03,-3.302536962167504e-03
19200,22,-1.500000000000000e-03,4.991285850611276e-03,-6.491285850611275e-03
19200,23,1.200000000000000e-03,4.882995382395724e-03,-3.682995382395724e-03
19200,24,1.000000000000000e-03,4.775672924756892e-03,-3.775672924756892e-03
19200,25,-8.000000000000000e-04,4.669532271355557e-03,-5.469532271355557e-03
19200,26,5.999999999999999e-04,4.565981755205496e-03,-3.965981755205497e-03
19200,27,5.000000000000000e-04,4.464000474120364e-03,-3.964000474120363e-03
19200,28,-4.000000000000000e-04,4.363709313977206e-03,-4.763709313977206e-03
19200,29,3.000000000000000e-04,4.265824268197054e-03,-3.965824268197054e-03
19300,0,1.200000000000000e-01,7.253709934990736e-03,1.127462900650093e-01
19300,1,-8.000000000000000e-02,7.163709934990736e-03,-8.716370993499074e-02
19300,2,5.500000000000000e-02,7.133777434990736e-03,4.786622256500926e-02
19300,3,4.000000000000000e-02,7.062639833740736e-03,3.293736016625926e-02
19300,4,-3.000000000000000e-02,6.961662292093550e-03,-3.696166229209355e-02
19300,5,2.500000000000000e-02,6.883487683071304e-03,1.811651231692870e-02
19300,6,2.000000000000000e-02,6.786856228832892e-03,1.321314377116711e-02
19300,7,-1.800000000000000e-02,6.675659616138551e-03,-2.467565961613855e-02
19300,8,1.500000000000000e-02,6.578546785660856e-03,8.421453214339143e-03
19300,9,1.200000000000000e-02,6.470766632166028e-03,5.529233367833972e-03
19300,10,-1.000000000000000e-02,6.354713994707289e-03,-1.635471399470729e-02
19300,11,8.999999999999999e-03,6.247031752029493e-03,2.752968247970506e-03
19300,12,8.000000000000000e-03,6.133487887853788e-03,1.866512112146212e-03
19300,13,-7.000000000000000e-03,6.014965918455664e-03,-1.301496591845566e-02
19300,14,6.000000000000000e-03,5.902849538259169e-03,9.715046174083117e-05
19300,15,5.000000000000000e-03,5.787410380054738e-03,-7.874103800547382e-04
19300,16,-4.000000000000000e-03,5.669519912380108e-03,-9.669519912380107e-03
19300,17,3.500000000000000e-03,5.556044130317573e-03,-2.056044130317573e-03
19300,18,3.000000000000000e-03,5.441390164476337e-03,-2.441390164476337e-03
19300,19,-2.500000000000000e-03,5.326034027173958e-03,-7.826034027173958e-03
19300,20,2.000000000000000e-03,5.214196714828138e-03,-3.214196714828138e-03
19300,21,1.800000000000000e-03,5.102536962167504e-03,-3.302536962167504e-03
19300,22,-1.500000000000000e-03,4.991285850611276e-03,-6.491285850611275e-03
19300,23,1.200000000000000e-03,4.882995382395724e-03,-3.682995382395724e-03
19300,24,1.000000000000000e-03,4.775672924756892e-03,-3.775672924756892e-03
19300,25,-8.000000000000000e-04,4.669532271355557e-03,-5.469532271355557e-03
19300,26,5.999999999999999e-04,4.565981755205496e-03,-3.965981755205497e-03
19300,27,5.000000000000000e-04,4.464000474120364e-03,-3.964000474120363e-03
19300,28,-4.000000000000000e-04,4.363709313977206e-03,-4.763709313977206e-03
19300,29,3.000000000000000e-04,4.265824268197054e-03,-3.965824268197054e-03
19400,0,1.200000000000000e-01,7.253709934990736e-03,1.127462900650093e-01
19400,1,-8.000000000000000e-02,7.163709934990736e-03,-8.716370993499074e-02
19400,2,5.500000000000000e-02,7.133777434990736e-03,4.786622256500926e-02
19400,3,4.000000000000000e-02,7.062639833740736e-03,3.293736016625926e-02
19400,4,-3.000000000000000e-02,6.961662292093550e-03,-3.696166229209355e-02
19400,5,2.500000000000000e-02,6.883487683071304e-03,1.811651231692870e-02
19400,6,2.000000000000000e-02,6.786856228832892e-03,1.321314377116711e-02
19400,7,-1.800000000000000e-02,6.675659616138551e-03,-2.467565961613855e-02
19400,8,1.500000000000000e-02,6.578546785660856e-03,8.421453214339143e-03
19400,9,1.200000000000000e-02,6.470766632166028e-03,5.529233367833972e-03
19400,10,-1.000000000000000e-02,6.354713994707289e-03,-1.635471399470729e-02
19400,11,8.999999999999999e-03,6.247031752029493e-03,2.752968247970506e-03
19400,12,8.000000000000000e-03,6.133487887853788e-03,1.866512112146212e-03
19400,13,-7.000000000000000e-03,6.014965918455664e-03,-1.301496591845566e-02
19400,14,6.000000000000000e-03,5.902849538259169e-03,9.715046174083117e-05
19400,15,5.000000000000000e-03,5.787410380054738e-03,-7.874103800547382e-04
19400,16,-4.000000000000000e-03,5.669519912380108e-03,-9.669519912380107e-03
19400,17,3.500000000000000e-03,5.556044130317573e-03,-2.056044130317573e-03
19400,18,3.000000000000000e-03,5.441390164476337e-03,-2.441390164476337e-03
19400,19,-2.500000000000000e-03,5.326034027173958e-03,-7.826034027173958e-03
19400,20,2.000000000000000e-03,5.214196714828138e-03,-3.214196714828138e-03
19400,21,1.800000000000000e-03,5.102536962167504e-03,-3.302536962167504e-03
19400,22,-1.500000000000000e-03,4.991285850611276e-03,-6.491285850611275e-03
19400,23,1.200000000000000e-03,4.882995382395724e-03,-3.682995382395724e-03
19400,24,1.000000000000000e-03,4.775672924756892e-03,-3.775672924756892e-03
19400,25,-8.000000000000000e-04,4.669532271355557e-03,-5.469532271355557e-03
19400,26,5.999999999999999e-04,4.565981755205496e-03,-3.965981755205497e-03
19400,27,5.000000000000000e-04,4.464000474120364e-03,-3.964000474120363e-03
19400,28,-4.000000000000000e-04,4.363709313977206e-03,-4.763709313977206e-03
19400,29,3.000000000000000e-04,4.265824268197054e-03,-3.965824268197054e-03
19500,0,1.200000000000000e-01,7.253709934990736e-03,1.127462900650093e-01
19500,1,-8.000000000000000e-02,7.163709934990736e-03,-8.716370993499074e-02
19500,2,5.500000000000000e-02,7.133777434990736e-03,4.786622256500926e-02
19500,3,4.000000000000000e-02,7.062639833740736e-03,3.293736016625926e-02
19500,4,-3.000000000000000e-02,6.961662292093550e-03,-3.696166229209355e-02
19500,5,2.500000000000000e-02,6.883487683071304e-03,1.811651231692870e-02
19500,6,2.000000000000000e-02,6.786856228832892e-03,1.321314377116711e-02
19500,7,-1.800000000000000e-02,6.675659616138551e-03,-2.467565961613855e-02
19500,8,1.500000000000000e-02,6.578546785660856e-03,8.421453214339143e-03
19500,9,1.200000000000000e-02,6.470766632166028e-03,5.529233367833972e-03
19500,10,-1.000000000000000e-02,6.354713994707289e-03,-1.635471399470729e-02
19500,11,8.999999999999999e-03,6.247031752029493e-03,2.752968247970506e-03
19500,12,8.000000000000000e-03,6.133487887853788e-03,1.866512112146212e-03
19500,13,-7.000000000000000e-03,6.014965918455664e-03,-1.301496591845566e-02
19500,14,6.000000000000000e-03,5.902849538259169e-03,9.715046174083117e-05
19500,15,5.000000000000000e-03,5.787410380054738e-03,-7.874103800547382e-04
19500,16,-4.000000000000000e-03,5.669519912380108e-03,-9.669519912380107e-03
19500,17,3.500000000000000e-03,5.556044130317573e-03,-2.056044130317573e-03
19500,18,3.000000000000000e-03,5.441390164476337e-03,-2.441390164476337e-03
19500,19,-2.500000000000000e-03,5.326034027173958e-03,-7.826034027173958e-03
19500,20,2.000000000000000e-03,5.214196714828138e-03,-3.214196714828138e-03
19500,21,1.800000000000000e-03,5.102536962167504e-03,-3.302536962167504e-03
19500,22,-1.500000000000000e-03,4.991285850611276e-03,-6.491285850611275e-03
19500,23,1.200000000000000e-03,4.882995382395724e-03,-3.682995382395724e-03
19500,24,1.000000000000000e-03,4.775672924756892e-03,-3.775672924756892e-03
19500,25,-8.000000000000000e-04,4.669532271355557e-03,-5.469532271355557e-03
19500,26,5.999999999999999e-04,4.565981755205496e-03,-3.965981755205497e-03
19500,27,5.000000000000000e-04,4.464000474120364e-03,-3.964000474120363e-03
19500,28,-4.000000000000000e-04,4.363709313977206e-03,-4.763709313977206e-03
19500,29,3.000000000000000e-04,4.265824268197054e-03,-3.965824268197054e-03
19600,0,1.200000000000000e-01,7.253709934990736e-03,1.127462900650093e-01
19600,1,-8.000000000000000e-02,7.163709934990736e-03,-8.716370993499074e-02
19600,2,5.500000000000000e-02,7.133777434990736e-03,4.786622256500926e-02
19600,3,4.000000000000000e-02,7.062639833740736e-03,3.293736016625926e-02
19600,4,-3.000000000000000e-02,6.961662292093550e-03,-3.696166229209355e-02
19600,5,2.500000000000000e-02,6.883487683071304e-03,1.811651231692870e-02
19600,6,2.000000000000000e-02,6.786856228832892e-03,1.321314377116711e-02
19600,7,-1.800000000000000e-02,6.675659616138551e-03,-2.467565961613855e-02
19600,8,1.500000000000000e-02,6.578546785660856e-03,8.421453214339143e-03
19600,9,1.200000000000000e-02,6.470766632166028e-03,5.529233367833972e-03
19600,10,-1.000000000000000e-02,6.354713994707289e-03,-1.635471399470729e-02
19600,11,8.999999999999999e-03,6.247031752029493e-03,2.752968247970506e-03
19600,12,8.000000000000000e-03,6.133487887853788e-03,1.866512112146212e-03
19600,13,-7.000000000000000e-03,6.014965918455664e-03,-1.301496591845566e-02
19600,14,6.000000000000000e-03,5.902849538259169e-03,9.715046174083117e-05
19600,15,5.000000000000000e-03,5.787410380054738e-03,-7.874103800547382e-04
19600,16,-4.000000000000000e-03,5.669519912380108e-03,-9.669519912380107e-03
19600,17,3.500000000000000e-03,5.556044130317573e-03,-2.056044130317573e-03
19600,18,3.000000000000000e-03,5.441390164476337e-03,-2.441390164476337e-03
19600,19,-2.500000000000000e-03,5.326034027173958e-03,-7.826034027173958e-03
19600,20,2.000000000000000e-03,5.214196714828138e-03,-3.214196714828138e-03
19600,21,1.800000000000000e-03,5.102536962167504e-03,-3.302536962167504e-03
19600,22,-1.500000000000000e-03,4.991285850611276e-03,-6.491285850611275e-03
19600,23,1.200000000000000e-03,4.882995382395724e-03,-3.682995382395724e-03
19600,24,1.000000000000000e-03,4.775672924756892e-03,-3.775672924756892e-03
19600,25,-8.000000000000000e-04,4.669532271355557e-03,-5.469532271355557e-03
19600,26,5.999999999999999e-04,4.565981755205496e-03,-3.965981755205497e-03
19600,27,5.000000000000000e-04,4.464000474120364e-03,-3.964000474120363e-03
19600,28,-4.000000000000000e-04,4.363709313977206e-03,-4.763709313977206e-03
19600,29,3.000000000000000e-04,4.265824268197054e-03,-3.965824268197054e-03
19700,0,1.200000000000000e-01,7.253709934990736e-03,1.127462900650093e-01
19700,1,-8.000000000000000e-02,7.163709934990736e-03,-8.716370993499074e-02
19700,2,5.500000000000000e-02,7.133777434990736e-03,4.786622256500926e-02
19700,3,4.000000000000000e-02,7.062639833740736e-03,3.293736016625926e-02
19700,4,-3.000000000000000e-02,6.961662292093550e-03,-3.696166229209355e-02
19700,5,2.500000000000000e-02,6.883487683071304e-03,1.811651231692870e-02
19700,6,2.000000000000000e-02,6.786856228832892e-03,1.321314377116711e-02
19700,7,-1.800000000000000e-02,6.675659616138551e-03,-2.467565961613855e-02
19700,8,1.500000000000000e-02,6.578546785660856e-03,8.421453214339143e-03
19700,9,1.200000000000000e-02,6.470766632166028e-03,5.529233367833972e-03
19700,10,-1.000000000000000e-02,6.354713994707289e-03,-1.635471399470729e-02
19700,11,8.999999999999999e-03,6.247031752029493e-03,2.752968247970506e-03
19700,12,8.000000000000000e-03,6.133487887853788e-03,1.866512112146212e-03
19700,13,-7.000000000000000e-03,6.014965918455664e-03,-1.301496591845566e-02
19700,14,6.000000000000000e-03,5.902849538259169e-03,9.715046174083117e-05
19700,15,5.000000000000000e-03,5.787410380054738e-03,-7.874103800547382e-04
19700,16,-4.000000000000000e-03,5.669519912380108e-03,-9.669519912380107e-03
19700,17,3.500000000000000e-03,5.556044130317573e-03,-2.056044130317573e-03
19700,18,3.000000000000000e-03,5.441390164476337e-03,-2.441390164476337e-03
19700,19,-2.500000000000000e-03,5.326034027173958e-03,-7.826034027173958e-03
19700,20,2.000000000000000e-03,5.214196714828138e-03,-3.214196714828138e-03
19700,21,1.800000000000000e-03,5.102536962167504e-03,-3.302536962167504e-03
19700,22,-1.500000000000000e-03,4.991285850611276e-03,-6.491285850611275e-03
19700,23,1.200000000000000e-03,4.882995382395724e-03,-3.682995382395724e-03
19700,24,1.000000000000000e-03,4.775672924756892e-03,-3.775672924756892e-03
19700,25,-8.000000000000000e-04,4.669532271355557e-03,-5.469532271355557e-03
19700,26,5.999999999999999e-04,4.565981755205496e-03,-3.965981755205497e-03
19700,27,5.000000000000000e-04,4.464000474120364e-03,-3.964000474120363e-03
19700,28,-4.000000000000000e-04,4.363709313977206e-03,-4.763709313977206e-03
19700,29,3.000000000000000e-04,4.265824268197054e-03,-3.965824268197054e-03
19800,0,1.200000000000000e-01,7.253709934990736e-03,1.127462900650093e-01
19800,1,-8.000000000000000e-02,7.163709934990736e-03,-8.716370993499074e-02
19800,2,5.500000000000000e-02,7.133777434990736e-03,4.786622256500926e-02
19800,3,4.000000000000000e-02,7.062639833740736e-03,3.293736016625926e-02
19800,4,-3.000000000000000e-02,6.961662292093550e-03,-3.696166229209355e-02
19800,5,2.500000000000000e-02,6.883487683071304e-03,1.811651231692870e-02
19800,6,2.000000000000000e-02,6.786856228832892e-03,1.321314377116711e-02
19800,7,-1.800000000000000e-02,6.675659616138551e-03,-2.467565961613855e-02
19800,8,1.500000000000000e-02,6.578546785660856e-03,8.421453214339143e-03
19800,9,1.200000000000000e-02,6.470766632166028e-03,5.529233367833972e-03
19800,10,-1.000000000000000e-02,6.354713994707289e-03,-1.635471399470729e-02
19800,11,8.999999999999999e-03,6.247031752029493e-03,2.752968247970506e-03
19800,12,8.000000000000000e-03,6.133487887853788e-03,1.866512112146212e-03
19800,13,-7.000000000000000e-03,6.014965918455664e-03,-1.301496591845566e-02
19800,14,6.000000000000000e-03,5.902849538259169e-03,9.715046174083117e-05
19800,15,5.000000000000000e-03,5.787410380054738e-03,-7.874103800547382e-04
19800,16,-4.000000000000000e-03,5.669519912380108e-03,-9.669519912380107e-03
19800,17,3.500000000000000e-03,5.556044130317573e-03,-2.056044130317573e-03
19800,18,3.000000000000000e-03,5.441390164476337e-03,-2.441390164476337e-03
19800,19,-2.500000000000000e-03,5.326034027173958e-03,-7.826034027173958e-03
19800,20,2.000000000000000e-03,5.214196714828138e-03,-3.214196714828138e-03
19800,21,1.800000000000000e-03,5.102536962167504e-03,-3.302536962167504e-03
19800,22,-1.500000000000000e-03,4.991285850611276e-03,-6.491285850611275e-03
19800,23,1.200000000000000e-03,4.882995382395724e-03,-3.682995382395724e-03
19800,24,1.000000000000000e-03,4.775672924756892e-03,-3.775672924756892e-03
19800,25,-8.000000000000000e-04,4.669532271355557e-03,-5.469532271355557e-03
19800,26,5.999999999999999e-04,4.565981755205496e-03,-3.965981755205497e-03
19800,27,5.000000000000000e-04,4.464000474120364e-03,-3.964000474120363e-03
19800,28,-4.000000000000000e-04,4.363709313977206e-03,-4.763709313977206e-03
19800,29,3.000000000000000e-04,4.265824268197054e-03,-3.965824268197054e-03
19900,0,1.200000000000000e-01,7.253709934990736e-03,1.127462900650093e-01
19900,1,-8.000000000000000e-02,7.163709934990736e-03,-8.716370993499074e-02
19900,2,5.500000000000000e-02,7.133777434990736e-03,4.786622256500926e-02
19900,3,4.000000000000000e-02,7.062639833740736e-03,3.293736016625926e-02
19900,4,-3.000000000000000e-02,6.961662292093550e-03,-3.696166229209355e-02
19900,5,2.500000000000000e-02,6.883487683071304e-03,1.811651231692870e-02
19900,6,2.000000000000000e-02,6.786856228832892e-03,1.321314377116711e-02
19900,7,-1.800000000000000e-02,6.675659616138551e-03,-2.467565961613855e-02
19900,8,1.500000000000000e-02,6.578546785660856e-03,8.421453214339143e-03
19900,9,1.200000000000000e-02,6.470766632166028e-03,5.529233367833972e-03
19900,10,-1.000000000000000e-02,6.354713994707289e-03,-1.635471399470729e-02
19900,11,8.999999999999999e-03,6.247031752029493e-03,2.752968247970506e-03
19900,12,8.000000000000000e-03,6.133487887853788e-03,1.866512112146212e-03
19900,13,-7.000000000000000e-03,6.014965918455664e-03,-1.301496591845566e-02
19900,14,6.000000000000000e-03,5.902849538259169e-03,9.715046174083117e-05
19900,15,5.000000000000000e-03,5.787410380054738e-03,-7.874103800547382e-04
19900,16,-4.000000000000000e-03,5.669519912380108e-03,-9.669519912380107e-03
19900,17,3.500000000000000e-03,5.556044130317573e-03,-2.056044130317573e-03
19900,18,3.000000000000000e-03,5.441390164476337e-03,-2.441390164476337e-03
19900,19,-2.500000000000000e-03,5.326034027173958e-03,-7.826034027173958e-03
19900,20,2.000000000000000e-03,5.214196714828138e-03,-3.214196714828138e-03
19900,21,1.800000000000000e-03,5.102536962167504e-03,-3.302536962167504e-03
19900,22,-1.500000000000000e-03,4.991285850611276e-03,-6.491285850611275e-03
19900,23,1.200000000000000e-03,4.882995382395724e-03,-3.682995382395724e-03
19900,24,1.000000000000000e-03,4.775672924756892e-03,-3.775672924756892e-03
19900,25,-8.000000000000000e-04,4.669532271355557e-03,-5.469532271355557e-03
19900,26,5.999999999999999e-04,4.565981755205496e-03,-3.965981755205497e-03
19900,27,5.000000000000000e-04,4.464000474120364e-03,-3.964000474120363e-03
19900,28,-4.000000000000000e-04,4.363709313977206e-03,-4.763709313977206e-03
19900,29,3.000000000000000e-04,4.265824268197054e-03,-3.965824268197054e-03
20000,0,1.200000000000000e-01,7.253709934990736e-03,1.127462900650093e-01
20000,1,-8.000000000000000e-02,7.163709934990736e-03,-8.716370993499074e-02
20000,2,5.500000000000000e-02,7.133777434990736e-03,4.786622256500926e-02
20000,3,4.000000000000000e-02,7.062639833740736e-03,3.293736016625926e-02
20000,4,-3.000000000000000e-02,6.961662292093550e-03,-3.696166229209355e-02
20000,5,2.500000000000000e-02,6.883487683071304e-03,1.811651231692870e-02
20000,6,2.000000000000000e-02,6.786856228832892e-03,1.321314377116711e-02
20000,7,-1.800000000000000e-02,6.675659616138551e-03,-2.467565961613855e-02
20000,8,1.500000000000000e-02,6.578546785660856e-03,8.421453214339143e-03
20000,9,1.200000000000000e-02,6.470766632166028e-03,5.529233367833972e-03
20000,10,-1.000000000000000e-02,6.354713994707289e-03,-1.635471399470729e-02
20000,11,8.999999999999999e-03,6.247031752029493e-03,2.752968247970506e-03
20000,12,8.000000000000000e-03,6.133487887853788e-03,1.866512112146212e-03
20000,13,-7.000000000000000e-03,6.014965918455664e-03,-1.301496591845566e-02
20000,14,6.000000000000000e-03,5.902849538259169e-03,9.715046174083117e-05
20000,15,5.000000000000000e-03,5.787410380054738e-03,-7.874103800547382e-04
20000,16,-4.000000000000000e-03,5.669519912380108e-03,-9.669519912380107e-03
20000,17,3.500000000000000e-03,5.556044130317573e-03,-2.056044130317573e-03
20000,18,3.000000000000000e-03,5.441390164476337e-03,-2.441390164476337e-03
20000,19,-2.500000000000000e-03,5.326034027173958e-03,-7.826034027173958e-03
20000,20,2.000000000000000e-03,5.214196714828138e-03,-3.214196714828138e-03
20000,21,1.800000000000000e-03,5.102536962167504e-03,-3.302536962167504e-03
20000,22,-1.500000000000000e-03,4.991285850611276e-03,-6.491285850611275e-03
20000,23,1.200000000000000e-03,4.882995382395724e-03,-3.682995382395724e-03
20000,24,1.000000000000000e-03,4.775672924756892e-03,-3.775672924756892e-03
20000,25,-8.000000000000000e-04,4.669532271355557e-03,-5.469532271355557e-03
20000,26,5.999999999999999e-04,4.565981755205496e-03,-3.965981755205497e-03
20000,27,5.000000000000000e-04,4.464000474120364e-03,-3.964000474120363e-03
20000,28,-4.000000000000000e-04,4.363709313977206e-03,-4.763709313977206e-03
20000,29,3.000000000000000e-04,4.265824268197054e-03,-3.965824268197054e-03
