n,i,h,w,h_minus_w
100,0,1.200000000000000e-01,7.236474787699074e-02,4.763525212300926e-02
100,1,-8.000000000000000e-02,-4.081200838812647e-02,-3.918799161187354e-02
100,2,5.500000000000000e-02,3.015915264598461e-02,2.484084735401539e-02
100,3,4.000000000000000e-02,2.071299535439820e-02,1.928700464560180e-02
100,4,-3.000000000000000e-02,-1.304993708404544e-02,-1.695006291595456e-02
100,5,2.500000000000000e-02,1.960222497850934e-02,5.397775021490657e-03
100,6,2.000000000000000e-02,4.333945415920014e-03,1.566605458407998e-02
100,7,-1.800000000000000e-02,-4.290294324028233e-03,-1.370970567597177e-02
100,8,1.500000000000000e-02,8.039188768702769e-03,6.960811231297230e-03
100,9,1.200000000000000e-02,-1.419128347566161e-03,1.341912834756616e-02
100,10,-1.000000000000000e-02,-3.105344773323433e-03,-6.894655226676567e-03
100,11,8.999999999999999e-03,3.532335199747725e-03,5.467664800252274e-03
100,12,8.000000000000000e-03,-5.847943676147316e-03,1.384794367614732e-02
100,13,-7.000000000000000e-03,5.900499003929420e-03,-1.290049900392942e-02
100,14,6.000000000000000e-03,-6.671497642609855e-03,1.267149764260985e-02
100,15,5.000000000000000e-03,-2.094315332429683e-03,7.094315332429683e-03
100,16,-4.000000000000000e-03,7.401060001957048e-03,-1.140106000195705e-02
100,17,3.500000000000000e-03,-9.659280720682820e-03,1.315928072068282e-02
100,18,3.000000000000000e-03,6.135268550018341e-03,-3.135268550018341e-03
100,19,-2.500000000000000e-03,7.626872350835948e-04,-3.262687235083595e-03
100,20,2.000000000000000e-03,-9.424494076273975e-04,2.942449407627398e-03
100,21,1.800000000000000e-03,-3.986941894001624e-03,5.786941894001623e-03
100,22,-1.500000000000000e-03,1.046286475388623e-03,-2.546286475388623e-03
100,23,1.200000000000000e-03,-3.941683968565956e-03,5.141683968565956e-03
100,24,1.000000000000000e-03,-6.749042472697111e-03,7.749042472697111e-03
100,25,-8.000000000000000e-04,5.671208381957253e-03,-6.471208381957253e-03
100,26,5.999999999999999e-04,-8.897706245293631e-03,9.497706245293631e-03
100,27,5.000000000000000e-04,5.817970423845104e-03,-5.317970423845105e-03
100,28,-4.000000000000000e-04,-3.633767105340389e-03,3.233767105340389e-03
100,29,3.000000000000000e-04,-1.899534533054104e-03,2.199534533054104e-03
200,0,1.200000000000000e-01,1.079046536506116e-01,1.209534634938840e-02
200,1,-8.000000000000000e-02,-6.896479382111007e-02,-1.103520617888994e-02
200,2,5.500000000000000e-02,4.601591059853227e-02,8.984089401467728e-03
200,3,4.000000000000000e-02,3.869476721180676e-02,1.305232788193243e-03
200,4,-3.000000000000000e-02,-2.780064641220809e-02,-2.199353587791910e-03
200,5,2.500000000000000e-02,2.476802621909819e-02,2.319737809018153e-04
200,6,2.000000000000000e-02,1.635193131646270e-02,3.648068683537301e-03
200,7,-1.800000000000000e-02,-1.623311446036428e-02,-1.766885539635717e-03
200,8,1.500000000000000e-02,1.480535965090725e-02,1.946403490927489e-04
200,9,1.200000000000000e-02,7.355921160601596e-03,4.644078839398404e-03
200,10,-1.000000000000000e-02,-8.481671132970832e-03,-1.518328867029168e-03
200,11,8.999999999999999e-03,1.003447267241354e-02,-1.034472672413543e-03
200,12,8.000000000000000e-03,1.230778178132838e-03,6.769221821867163e-03
200,13,-7.000000000000000e-03,-3.885426290290714e-03,-3.114573709709286e-03
200,14,6.000000000000000e-03,5.583431466341496e-03,4.165685336585036e-04
200,15,5.000000000000000e-03,2.703386925213235e-04,4.729661307478677e-03
200,16,-4.000000000000000e-03,-2.363403332742078e-03,-1.636596667257922e-03
200,17,3.500000000000000e-03,2.653232640615413e-03,8.467673593845868e-04
200,18,3.000000000000000e-03,1.364866058794267e-03,1.635133941205733e-03
200,19,-2.500000000000000e-03,-3.289576109910777e-04,-2.171042389008922e-03
200,20,2.000000000000000e-03,2.569288535323001e-03,-5.692885353230006e-04
200,21,1.800000000000000e-03,-2.024370610647089e-03,3.824370610647089e-03
200,22,-1.500000000000000e-03,1.432562174433934e-03,-2.932562174433934e-03
200,23,1.200000000000000e-03,-1.947579265687152e-03,3.147579265687152e-03
200,24,1.000000000000000e-03,-3.857893094349862e-03,4.857893094349862e-03
200,25,-8.000000000000000e-04,3.569611612514730e-03,-4.369611612514730e-03
200,26,5.999999999999999e-04,-5.881290619662992e-03,6.481290619662992e-03
200,27,5.000000000000000e-04,2.774114322301722e-03,-2.274114322301722e-03
200,28,-4.000000000000000e-04,-9.446995775054932e-04,5.446995775054931e-04
200,29,3.000000000000000e-04,-4.201875677893478e-03,4.501875677893478e-03
300,0,1.200000000000000e-01,1.155548156406435e-01,4.445184359356522e-03
300,1,-8.000000000000000e-02,-7.472624255332799e-02,-5.273757446672009e-03
300,2,5.500000000000000e-02,5.225926911558045e-02,2.740730884419555e-03
300,3,4.000000000000000e-02,3.935683709327758e-02,6.431629067224220e-04
300,4,-3.000000000000000e-02,-2.787719472820922e-02,-2.122805271790783e-03
300,5,2.500000000000000e-02,2.451078786625124e-02,4.892121337487648e-04
300,6,2.000000000000000e-02,1.951849122768210e-02,4.815087723178957e-04
300,7,-1.800000000000000e-02,-1.640035273039741e-02,-1.599647269602589e-03
300,8,1.500000000000000e-02,1.422410494356698e-02,7.758950564330184e-04
300,9,1.200000000000000e-02,1.188231292767560e-02,1.176870723243965e-04
300,10,-1.000000000000000e-02,-9.624348635603118e-03,-3.756513643968819e-04
300,11,8.999999999999999e-03,8.908808850140199e-03,9.119114985980080e-05
300,12,8.000000000000000e-03,7.248894371643994e-03,7.511056283560063e-04
300,13,-7.000000000000000e-03,-6.863129951049220e-03,-1.368700489507799e-04
300,14,6.000000000000000e-03,6.141812801859929e-03,-1.418128018599290e-04
300,15,5.000000000000000e-03,4.548058693279576e-03,4.519413067204242e-04
300,16,-4.000000000000000e-03,-4.251560619856125e-03,2.515606198561253e-04
300,17,3.500000000000000e-03,3.683616537562316e-03,-1.836165375623156e-04
300,18,3.000000000000000e-03,3.963298413778048e-03,-9.632984137780479e-04
300,19,-2.500000000000000e-03,-3.236533617414535e-03,7.365336174145346e-04
300,20,2.000000000000000e-03,3.020584811529471e-03,-1.020584811529471e-03
300,21,1.800000000000000e-03,1.150074222330495e-03,6.499257776695047e-04
300,22,-1.500000000000000e-03,-1.119587933269375e-03,-3.804120667306246e-04
300,23,1.200000000000000e-03,-1.269551455684059e-04,1.326955145568406e-03
300,24,1.000000000000000e-03,1.026424015074850e-03,-2.642401507485037e-05
300,25,-8.000000000000000e-04,-5.024538760564545e-04,-2.975461239435455e-04
300,26,5.999999999999999e-04,-1.104199463633735e-03,1.704199463633735e-03
300,27,5.000000000000000e-04,1.930905348291158e-03,-1.430905348291158e-03
300,28,-4.000000000000000e-04,-5.326620542749569e-04,1.326620542749568e-04
300,29,3.000000000000000e-04,-5.670494656478983e-04,8.670494656478982e-04
400,0,1.200000000000000e-01,1.188466298392897e-01,1.153370160710265e-03
400,1,-8.000000000000000e-02,-7.898284510149674e-02,-1.017154898503264e-03
400,2,5.500000000000000e-02,5.421997903093720e-02,7.800209690628016e-04
400,3,4.000000000000000e-02,4.013469217145536e-02,-1.346921714553556e-04
400,4,-3.000000000000000e-02,-2.969823091174265e-02,-3.017690882573462e-04
400,5,2.500000000000000e-02,2.465159274047245e-02,3.484072595275542e-04
400,6,2.000000000000000e-02,2.046155768989206e-02,-4.615576898920580e-04
400,7,-1.800000000000000e-02,-1.806325644720816e-02,6.325644720816051e-05
400,8,1.500000000000000e-02,1.475603271811002e-02,2.439672818899830e-04
400,9,1.200000000000000e-02,1.241056270544792e-02,-4.105627054479203e-04
400,10,-1.000000000000000e-02,-1.034468482663219e-02,3.446848266321946e-04
400,11,8.999999999999999e-03,8.826639724030857e-03,1.733602759691425e-04
400,12,8.000000000000000e-03,7.830288114425587e-03,1.697118855744136e-04
400,13,-7.000000000000000e-03,-6.808181867189661e-03,-1.918181328103390e-04
400,14,6.000000000000000e-03,5.613550150957798e-03,3.864498490422016e-04
400,15,5.000000000000000e-03,5.029899160281163e-03,-2.989916028116324e-05
400,16,-4.000000000000000e-03,-3.964514157579976e-03,-3.548584242002439e-05
400,17,3.500000000000000e-03,3.448643752804061e-03,5.135624719593930e-05
400,18,3.000000000000000e-03,3.047770121324218e-03,-4.777012132421753e-05
400,19,-2.500000000000000e-03,-2.459827691266590e-03,-4.017230873340971e-05
400,20,2.000000000000000e-03,2.446636152104902e-03,-4.466361521049023e-04
400,21,1.800000000000000e-03,1.483626443081804e-03,3.163735569181962e-04
400,22,-1.500000000000000e-03,-1.358268440947825e-03,-1.417315590521754e-04
400,23,1.200000000000000e-03,6.777032257396048e-04,5.222967742603951e-04
400,24,1.000000000000000e-03,1.111007834591516e-03,-1.110078345915161e-04
400,25,-8.000000000000000e-04,-1.131339480285136e-03,3.313394802851361e-04
400,26,5.999999999999999e-04,3.488034069806360e-04,2.511965930193639e-04
400,27,5.000000000000000e-04,1.057269478916097e-03,-5.572694789160969e-04
400,28,-4.000000000000000e-04,-6.004142937536034e-04,2.004142937536034e-04
400,29,3.000000000000000e-04,3.766025295154931e-04,-7.660252951549314e-05
500,0,1.200000000000000e-01,1.196398048106394e-01,3.601951893606042e-04
500,1,-8.000000000000000e-02,-7.965108828933326e-02,-3.489117106667411e-04
500,2,5.500000000000000e-02,5.475863339908835e-02,2.413666009116536e-04
500,3,4.000000000000000e-02,4.002697916730227e-02,-2.697916730226568e-05
500,4,-3.000000000000000e-02,-2.996449385351090e-02,-3.550614648909975e-05
500,5,2.500000000000000e-02,2.503360111844681e-02,-3.360111844681254e-05
500,6,2.000000000000000e-02,2.006931666824746e-02,-6.931666824746066e-05
500,7,-1.800000000000000e-02,-1.806359595434687e-02,6.359595434686852e-05
500,8,1.500000000000000e-02,1.495367482776185e-02,4.632517223814893e-05
500,9,1.200000000000000e-02,1.204283744086398e-02,-4.283744086397770e-05
500,10,-1.000000000000000e-02,-1.011449400129411e-02,1.144940012941121e-04
500,11,8.999999999999999e-03,9.044226889686140e-03,-4.422688968614037e-05
500,12,8.000000000000000e-03,7.878585079317478e-03,1.214149206825218e-04
500,13,-7.000000000000000e-03,-6.902892605020422e-03,-9.710739497957848e-05
500,14,6.000000000000000e-03,5.804869926396792e-03,1.951300736032077e-04
500,15,5.000000000000000e-03,5.119568364183940e-03,-1.195683641839395e-04
500,16,-4.000000000000000e-03,-4.134720605413150e-03,1.347206054131498e-04
500,17,3.500000000000000e-03,3.524387447505118e-03,-2.438744750511831e-05
500,18,3.000000000000000e-03,3.032208372678724e-03,-3.220837267872440e-05
500,19,-2.500000000000000e-03,-2.512830243607990e-03,1.283024360799025e-05
500,20,2.000000000000000e-03,2.136530557990934e-03,-1.365305579909344e-04
500,21,1.800000000000000e-03,1.719119422744406e-03,8.088057725559377e-05
500,22,-1.500000000000000e-03,-1.548665840652216e-03,4.866584065221584e-05
500,23,1.200000000000000e-03,1.148649434839572e-03,5.135056516042771e-05
500,24,1.000000000000000e-03,9.628674050072537e-04,3.713259499274631e-05
500,25,-8.000000000000000e-04,-8.845759741823613e-04,8.457597418236123e-05
500,26,5.999999999999999e-04,4.567536330080361e-04,1.432463669919639e-04
500,27,5.000000000000000e-04,7.352021630865241e-04,-2.352021630865241e-04
500,28,-4.000000000000000e-04,-4.882285309561559e-04,8.822853095615587e-05
500,29,3.000000000000000e-04,3.369517829339079e-04,-3.695178293390788e-05
600,0,1.200000000000000e-01,1.199093776308521e-01,9.062236914790522e-05
600,1,-8.000000000000000e-02,-7.990920140740281e-02,-9.079859259719658e-05
600,2,5.500000000000000e-02,5.495227999658941e-02,4.772000341058541e-05
600,3,4.000000000000000e-02,3.996958493032060e-02,3.041506967940005e-05
600,4,-3.000000000000000e-02,-2.995736221788331e-02,-4.263778211668900e-05
600,5,2.500000000000000e-02,2.498741299775918e-02,1.258700224081657e-05
600,6,2.000000000000000e-02,2.003779991721340e-02,-3.779991721339707e-05
600,7,-1.800000000000000e-02,-1.803642943740768e-02,3.642943740768401e-05
600,8,1.500000000000000e-02,1.497602403237456e-02,2.397596762543884e-05
600,9,1.200000000000000e-02,1.201484653183103e-02,-1.484653183102952e-05
600,10,-1.000000000000000e-02,-1.000908558242291e-02,9.085582422910937e-06
600,11,8.999999999999999e-03,8.996796857976309e-03,3.203142023689917e-06
600,12,8.000000000000000e-03,7.958176364683232e-03,4.182363531676780e-05
600,13,-7.000000000000000e-03,-7.009394704510242e-03,9.394704510242054e-06
600,14,6.000000000000000e-03,5.983896268090245e-03,1.610373190975498e-05
600,15,5.000000000000000e-03,5.011282223732446e-03,-1.128222373244624e-05
600,16,-4.000000000000000e-03,-4.047978501344364e-03,4.797850134436420e-05
600,17,3.500000000000000e-03,3.498839894441910e-03,1.160105558090530e-06
600,18,3.000000000000000e-03,3.025603601493818e-03,-2.560360149381821e-05
600,19,-2.500000000000000e-03,-2.492434595097830e-03,-7.565404902169694e-06
600,20,2.000000000000000e-03,2.063538025839267e-03,-6.353802583926706e-05
600,21,1.800000000000000e-03,1.749093668844294e-03,5.090633115570624e-05
600,22,-1.500000000000000e-03,-1.528600441149445e-03,2.860044114944504e-05
600,23,1.200000000000000e-03,1.199934612749409e-03,6.538725059123361e-08
600,24,1.000000000000000e-03,9.508921541103172e-04,4.910784588968279e-05
600,25,-8.000000000000000e-04,-8.064479110377018e-04,6.447911037701795e-06
600,26,5.999999999999999e-04,5.467800294050545e-04,5.321997059494542e-05
600,27,5.000000000000000e-04,5.320731122987414e-04,-3.207311229874135e-05
600,28,-4.000000000000000e-04,-3.663932311565528e-04,-3.360676884344723e-05
600,29,3.000000000000000e-04,3.106534040811504e-04,-1.065340408115038e-05
700,0,1.200000000000000e-01,1.199851941756427e-01,1.480582435728350e-05
700,1,-8.000000000000000e-02,-7.998411840127187e-02,-1.588159872813188e-05
700,2,5.500000000000000e-02,5.498931253417467e-02,1.068746582533198e-05
700,3,4.000000000000000e-02,3.998437394733021e-02,1.562605266978989e-05
700,4,-3.000000000000000e-02,-2.999575316242847e-02,-4.246837571532380e-06
700,5,2.500000000000000e-02,2.500658816888031e-02,-6.588168880310857e-06
700,6,2.000000000000000e-02,1.999923587308950e-02,7.641269104997905e-07
700,7,-1.800000000000000e-02,-1.801046465952638e-02,1.046465952637965e-05
700,8,1.500000000000000e-02,1.498594812866237e-02,1.405187133762462e-05
700,9,1.200000000000000e-02,1.199761574431513e-02,2.384255684873687e-06
700,10,-1.000000000000000e-02,-1.000041603555506e-02,4.160355550550388e-07
700,11,8.999999999999999e-03,8.997577615431455e-03,2.422384568543864e-06
700,12,8.000000000000000e-03,7.993231256982114e-03,6.768743017885812e-06
700,13,-7.000000000000000e-03,-7.009194148190208e-03,9.194148190208064e-06
700,14,6.000000000000000e-03,6.003848037500270e-03,-3.848037500270123e-06
700,15,5.000000000000000e-03,4.993947053557012e-03,6.052946442988531e-06
700,16,-4.000000000000000e-03,-4.024029972068115e-03,2.402997206811443e-05
700,17,3.500000000000000e-03,3.496545570144126e-03,3.454429855874377e-06
700,18,3.000000000000000e-03,3.002998745487328e-03,-2.998745487327835e-06
700,19,-2.500000000000000e-03,-2.495358298433304e-03,-4.641701566695904e-06
700,20,2.000000000000000e-03,2.013263464362490e-03,-1.326346436248977e-05
700,21,1.800000000000000e-03,1.788951317082199e-03,1.104868291780113e-05
700,22,-1.500000000000000e-03,-1.512307136652693e-03,1.230713665269288e-05
700,23,1.200000000000000e-03,1.194467611483344e-03,5.532388516655629e-06
700,24,1.000000000000000e-03,9.908086721259757e-04,9.191327874024345e-06
700,25,-8.000000000000000e-04,-8.175598095219439e-04,1.755980952194384e-05
700,26,5.999999999999999e-04,5.873524833362475e-04,1.264751666375243e-05
700,27,5.000000000000000e-04,5.090319656929674e-04,-9.031965692967380e-06
700,28,-4.000000000000000e-04,-3.825842170081456e-04,-1.741578299185447e-05
700,29,3.000000000000000e-04,2.959405164995564e-04,4.059483500443563e-06
800,0,1.200000000000000e-01,1.199941509393010e-01,5.849060698948083e-06
800,1,-8.000000000000000e-02,-7.999292129518992e-02,-7.078704810078995e-06
800,2,5.500000000000000e-02,5.499367938594502e-02,6.320614054984575e-06
800,3,4.000000000000000e-02,3.998902578423716e-02,1.097421576284202e-05
800,4,-3.000000000000000e-02,-2.999774147556860e-02,-2.258524431402592e-06
800,5,2.500000000000000e-02,2.500447459515019e-02,-4.474595150190386e-06
800,6,2.000000000000000e-02,1.999418335277274e-02,5.816647227256666e-06
800,7,-1.800000000000000e-02,-1.800880091095552e-02,8.800910955522601e-06
800,8,1.500000000000000e-02,1.499397131485555e-02,6.028685144449791e-06
800,9,1.200000000000000e-02,1.200077281788130e-02,-7.728178813039277e-07
800,10,-1.000000000000000e-02,-9.999391639334053e-03,-6.083606659476604e-07
800,11,8.999999999999999e-03,8.999405344159625e-03,5.946558403746582e-07
800,12,8.000000000000000e-03,7.998165626329011e-03,1.834373670989153e-06
800,13,-7.000000000000000e-03,-7.003917323017845e-03,3.917323017845094e-06
800,14,6.000000000000000e-03,6.001989503138672e-03,-1.989503138672202e-06
800,15,5.000000000000000e-03,4.996669644782708e-03,3.330355217292386e-06
800,16,-4.000000000000000e-03,-4.013228826716943e-03,1.322882671694284e-05
800,17,3.500000000000000e-03,3.495209161416128e-03,4.790838583871790e-06
800,18,3.000000000000000e-03,2.999885946475169e-03,1.140535248311120e-07
800,19,-2.500000000000000e-03,-2.492866534715604e-03,-7.133465284396394e-06
800,20,2.000000000000000e-03,2.009243017237515e-03,-9.243017237514726e-06
800,21,1.800000000000000e-03,1.793889504994643e-03,6.110495005357377e-06
800,22,-1.500000000000000e-03,-1.508504823087868e-03,8.504823087868369e-06
800,23,1.200000000000000e-03,1.196722940349751e-03,3.277059650248814e-06
800,24,1.000000000000000e-03,9.973677274627965e-04,2.632272537203550e-06
800,25,-8.000000000000000e-04,-8.095361828167518e-04,9.536182816751739e-06
800,26,5.999999999999999e-04,5.920505367324776e-04,7.949463267522367e-06
800,27,5.000000000000000e-04,5.023049508141493e-04,-2.304950814149267e-06
800,28,-4.000000000000000e-04,-3.909921106880175e-04,-9.007889311982511e-06
800,29,3.000000000000000e-04,2.972060903711398e-04,2.793909628860203e-06
900,0,1.200000000000000e-01,1.199971977698992e-01,2.802230100781844e-06
900,1,-8.000000000000000e-02,-7.999685417046386e-02,-3.145829536144173e-06
900,2,5.500000000000000e-02,5.499948995130734e-02,5.100486926631898e-07
900,3,4.000000000000000e-02,3.999567706438776e-02,4.322935612241507e-06
900,4,-3.000000000000000e-02,-3.000013704373974e-02,1.370437397382740e-07
900,5,2.500000000000000e-02,2.500106305323054e-02,-1.063053230533628e-06
900,6,2.000000000000000e-02,1.999816077887307e-02,1.839221126925805e-06
900,7,-1.800000000000000e-02,-1.800350798498836e-02,3.507984988364993e-06
900,8,1.500000000000000e-02,1.499799981192036e-02,2.000188079635465e-06
900,9,1.200000000000000e-02,1.200000171390357e-02,-1.713903565944697e-09
900,10,-1.000000000000000e-02,-9.998900858386691e-03,-1.099141613308818e-06
900,11,8.999999999999999e-03,9.000194780657687e-03,-1.947806576880345e-07
900,12,8.000000000000000e-03,7.998515805132916e-03,1.484194867083788e-06
900,13,-7.000000000000000e-03,-7.002226770307525e-03,2.226770307524502e-06
900,14,6.000000000000000e-03,6.000452514566693e-03,-4.525145666928188e-07
900,15,5.000000000000000e-03,4.997958602519436e-03,2.041397480564457e-06
900,16,-4.000000000000000e-03,-4.006504109085020e-03,6.504109085019721e-06
900,17,3.500000000000000e-03,3.498432543809684e-03,1.567456190316053e-06
900,18,3.000000000000000e-03,3.000739013315195e-03,-7.390133151949016e-07
900,19,-2.500000000000000e-03,-2.496949439019005e-03,-3.050560980995265e-06
900,20,2.000000000000000e-03,2.003455014075426e-03,-3.455014075425585e-06
900,21,1.800000000000000e-03,1.798197514443083e-03,1.802485556916689e-06
900,22,-1.500000000000000e-03,-1.503050095834630e-03,3.050095834629830e-06
900,23,1.200000000000000e-03,1.198610302511356e-03,1.389697488643525e-06
900,24,1.000000000000000e-03,9.977003326782947e-04,2.299667321705367e-06
900,25,-8.000000000000000e-04,-8.037321058058952e-04,3.732105805895184e-06
900,26,5.999999999999999e-04,5.974323897330324e-04,2.567610266967580e-06
900,27,5.000000000000000e-04,5.019271338855311e-04,-1.927133885531117e-06
900,28,-4.000000000000000e-04,-3.975205365492753e-04,-2.479463450724684e-06
900,29,3.000000000000000e-04,2.995158195586266e-04,4.841804413733544e-07
1000,0,1.200000000000000e-01,1.199990315878979e-01,9.684121020647751e-07
1000,1,-8.000000000000000e-02,-7.999963595990400e-02,-3.640400959986634e-07
1000,2,5.500000000000000e-02,5.499970096543662e-02,2.990345633821501e-07
1000,3,4.000000000000000e-02,3.999836739628347e-02,1.632603716529568e-06
1000,4,-3.000000000000000e-02,-3.000043727759860e-02,4.372775985993227e-07
1000,5,2.500000000000000e-02,2.500065011628154e-02,-6.501162815378270e-07
1000,6,2.000000000000000e-02,2.000029612698427e-02,-2.961269842741143e-07
1000,7,-1.800000000000000e-02,-1.800091930123502e-02,9.193012350180996e-07
1000,8,1.500000000000000e-02,1.499883146148511e-02,1.168538514889975e-06
1000,9,1.200000000000000e-02,1.200092232809990e-02,-9.223280999035716e-07
1000,10,-1.000000000000000e-02,-9.998751515336485e-03,-1.248484663514751e-06
1000,11,8.999999999999999e-03,8.999689449719092e-03,3.105502809075400e-07
1000,12,8.000000000000000e-03,7.999070935277516e-03,9.290647224845239e-07
1000,13,-7.000000000000000e-03,-7.001167652353984e-03,1.167652353984035e-06
1000,14,6.000000000000000e-03,6.000050530214357e-03,-5.053021435736521e-08
1000,15,5.000000000000000e-03,4.999320048210695e-03,6.799517893053136e-07
1000,16,-4.000000000000000e-03,-4.002576648622666e-03,2.576648622665788e-06
1000,17,3.500000000000000e-03,3.498916841759145e-03,1.083158240855128e-06
1000,18,3.000000000000000e-03,3.000836161410266e-03,-8.361614102663818e-07
1000,19,-2.500000000000000e-03,-2.497761111457554e-03,-2.238888542445677e-06
1000,20,2.000000000000000e-03,2.001380099622379e-03,-1.380099622379401e-06
1000,21,1.800000000000000e-03,1.799034016057153e-03,9.659839428468112e-07
1000,22,-1.500000000000000e-03,-1.500424150781522e-03,4.241507815215539e-07
1000,23,1.200000000000000e-03,1.200059347598987e-03,-5.934759898730720e-08
1000,24,1.000000000000000e-03,9.991209089592122e-04,8.790910407878265e-07
1000,25,-8.000000000000000e-04,-8.018816798453361e-04,1.881679845336078e-06
1000,26,5.999999999999999e-04,5.988285508941843e-04,1.171449105815694e-06
1000,27,5.000000000000000e-04,5.010993187846577e-04,-1.099318784657699e-06
1000,28,-4.000000000000000e-04,-3.991207720832227e-04,-8.792279167773188e-07
1000,29,3.000000000000000e-04,2.997893532943175e-04,2.106467056824947e-07
1100,0,1.200000000000000e-01,1.199996031852236e-01,3.968147763572238e-07
1100,1,-8.000000000000000e-02,-7.999983999730116e-02,-1.600026988402004e-07
1100,2,5.500000000000000e-02,5.500016517933494e-02,-1.651793349391473e-07
1100,3,4.000000000000000e-02,3.999953357282615e-02,4.664271738494263e-07
1100,4,-3.000000000000000e-02,-3.000017878497062e-02,1.787849706232081e-07
1100,5,2.500000000000000e-02,2.500011211536230e-02,-1.121153622996029e-07
1100,6,2.000000000000000e-02,2.000017958543253e-02,-1.795854325283008e-07
1100,7,-1.800000000000000e-02,-1.800007567498633e-02,7.567498633287428e-08
1100,8,1.500000000000000e-02,1.499950242613577e-02,4.975738642290506e-07
1100,9,1.200000000000000e-02,1.200004552149598e-02,-4.552149597721045e-08
1100,10,-1.000000000000000e-02,-9.999606729497960e-03,-3.932705020404798e-07
1100,11,8.999999999999999e-03,9.000029074501920e-03,-2.907450192060623e-08
1100,12,8.000000000000000e-03,7.999643633844731e-03,3.563661552692665e-07
1100,13,-7.000000000000000e-03,-7.000533260538491e-03,5.332605384905653e-07
1100,14,6.000000000000000e-03,6.000269684109170e-03,-2.696841091701443e-07
1100,15,5.000000000000000e-03,5.000051638135688e-03,-5.163813568756503e-08
1100,16,-4.000000000000000e-03,-4.000965851348933e-03,9.658513489326642e-07
1100,17,3.500000000000000e-03,3.499655222076333e-03,3.447779236671021e-07
1100,18,3.000000000000000e-03,3.000195078844691e-03,-1.950788446913355e-07
1100,19,-2.500000000000000e-03,-2.499500712356112e-03,-4.992876438884679e-07
1100,20,2.000000000000000e-03,2.000183372145784e-03,-1.833721457841948e-07
1100,21,1.800000000000000e-03,1.799493925666273e-03,5.060743337270517e-07
1100,22,-1.500000000000000e-03,-1.500094758760185e-03,9.475876018485291e-08
1100,23,1.200000000000000e-03,1.199985534223272e-03,1.446577672795449e-08
1100,24,1.000000000000000e-03,9.996280755415849e-04,3.719244584150794e-07
1100,25,-8.000000000000000e-04,-8.005045475227052e-04,5.045475227051467e-07
1100,26,5.999999999999999e-04,5.996933356405106e-04,3.066643594893444e-07
1100,27,5.000000000000000e-04,5.003162458878476e-04,-3.162458878476146e-07
1100,28,-4.000000000000000e-04,-3.998251468874799e-04,-1.748531125201637e-07
1100,29,3.000000000000000e-04,2.999280734726060e-04,7.192652739401208e-08
1200,0,1.200000000000000e-01,1.199997990539906e-01,2.009460094015703e-07
1200,1,-8.000000000000000e-02,-7.999990843843430e-02,-9.156156570433449e-08
1200,2,5.500000000000000e-02,5.500009585888686e-02,-9.585888686297617e-08
1200,3,4.000000000000000e-02,3.999985465704092e-02,1.453429590847488e-07
1200,4,-3.000000000000000e-02,-3.000022258835195e-02,2.225883519516025e-07
1200,5,2.500000000000000e-02,2.499999259718769e-02,7.402812311069207e-09
1200,6,2.000000000000000e-02,2.000014137039061e-02,-1.413703906057162e-07
1200,7,-1.800000000000000e-02,-1.800004428532570e-02,4.428532570169286e-08
1200,8,1.500000000000000e-02,1.499980032149118e-02,1.996785088231173e-07
1200,9,1.200000000000000e-02,1.200001299466188e-02,-1.299466187779097e-08
1200,10,-1.000000000000000e-02,-9.999772764683305e-03,-2.272353166951624e-07
1200,11,8.999999999999999e-03,9.000108805648359e-03,-1.088056483591893e-07
1200,12,8.000000000000000e-03,7.999819563867659e-03,1.804361323409776e-07
1200,13,-7.000000000000000e-03,-7.000179582314249e-03,1.795823142492284e-07
1200,14,6.000000000000000e-03,6.000129534396851e-03,-1.295343968511775e-07
1200,15,5.000000000000000e-03,5.000014961608019e-03,-1.496160801934404e-08
1200,16,-4.000000000000000e-03,-4.000399048571155e-03,3.990485711547961e-07
1200,17,3.500000000000000e-03,3.499784147093609e-03,2.158529063909370e-07
1200,18,3.000000000000000e-03,3.000145935554473e-03,-1.459355544728737e-07
1200,19,-2.500000000000000e-03,-2.499733082987447e-03,-2.669170125532000e-07
1200,20,2.000000000000000e-03,2.000062745101076e-03,-6.274510107621631e-08
1200,21,1.800000000000000e-03,1.799817202357033e-03,1.827976429664806e-07
1200,22,-1.500000000000000e-03,-1.500035671133769e-03,3.567113376879393e-08
1200,23,1.200000000000000e-03,1.200048067201318e-03,-4.806720131818321e-08
1200,24,1.000000000000000e-03,9.998071410697279e-04,1.928589302721637e-07
1200,25,-8.000000000000000e-04,-8.002723307567532e-04,2.723307567532038e-07
1200,26,5.999999999999999e-04,5.999178009044536e-04,8.219909554635450e-08
1200,27,5.000000000000000e-04,5.001458312830337e-04,-1.458312830337344e-07
1200,28,-4.000000000000000e-04,-3.999502939302214e-04,-4.970606977861176e-08
1200,29,3.000000000000000e-04,2.999015995918333e-04,9.840040816671766e-08
1300,0,1.200000000000000e-01,1.199999055233947e-01,9.447660534456226e-08
1300,1,-8.000000000000000e-02,-8.000000353287033e-02,3.532870329614468e-09
1300,2,5.500000000000000e-02,5.500001357226646e-02,-1.357226646347964e-08
1300,3,4.000000000000000e-02,3.999995072161384e-02,4.927838615637059e-08
1300,4,-3.000000000000000e-02,-3.000005897809056e-02,5.897809055716019e-08
1300,5,2.500000000000000e-02,2.499997541708028e-02,2.458291971721427e-08
1300,6,2.000000000000000e-02,2.000005004726006e-02,-5.004726006188620e-08
1300,7,-1.800000000000000e-02,-1.800000657031024e-02,6.570310236847510e-09
1300,8,1.500000000000000e-02,1.499992765996119e-02,7.234003880640660e-08
1300,9,1.200000000000000e-02,1.199999598532878e-02,4.014671222199451e-09
1300,10,-1.000000000000000e-02,-9.999926477157877e-03,-7.352284212350235e-08
1300,11,8.999999999999999e-03,9.000030563618672e-03,-3.056361867238844e-08
1300,12,8.000000000000000e-03,7.999984478270959e-03,1.552172904095706e-08
1300,13,-7.000000000000000e-03,-7.000037001647119e-03,3.700164711867987e-08
1300,14,6.000000000000000e-03,6.000031849494623e-03,-3.184949462237824e-08
1300,15,5.000000000000000e-03,4.999993138287851e-03,6.861712148996391e-09
1300,16,-4.000000000000000e-03,-4.000135053177933e-03,1.350531779326092e-07
1300,17,3.500000000000000e-03,3.499939051836618e-03,6.094816338208728e-08
1300,18,3.000000000000000e-03,3.000056862478043e-03,-5.686247804255820e-08
1300,19,-2.500000000000000e-03,-2.499896187928057e-03,-1.038120719426723e-07
1300,20,2.000000000000000e-03,2.000032258036158e-03,-3.225803615761538e-08
1300,21,1.800000000000000e-03,1.799943318408477e-03,5.668159152325339e-08
1300,22,-1.500000000000000e-03,-1.499993935285733e-03,-6.064714267025803e-09
1300,23,1.200000000000000e-03,1.200006721890851e-03,-6.721890851010479e-09
1300,24,1.000000000000000e-03,9.998812061986818e-04,1.187938013182035e-07
1300,25,-8.000000000000000e-04,-8.000840553454403e-04,8.405534544027489e-08
1300,26,5.999999999999999e-04,5.999986642637132e-04,1.335736286769279e-09
1300,27,5.000000000000000e-04,5.000766883109109e-04,-7.668831091087614e-08
1300,28,-4.000000000000000e-04,-3.999971452339893e-04,-2.854766010715847e-09
1300,29,3.000000000000000e-04,2.999459244175691e-04,5.407558243086764e-08
1400,0,1.200000000000000e-01,1.199999751601226e-01,2.483987739110294e-08
1400,1,-8.000000000000000e-02,-7.999997516648449e-02,-2.483351550786050e-08
1400,2,5.500000000000000e-02,5.499999053043002e-02,9.469569975384395e-09
1400,3,4.000000000000000e-02,3.999996905770872e-02,3.094229127781345e-08
1400,4,-3.000000000000000e-02,-2.999999720108927e-02,-2.798910724716164e-09
1400,5,2.500000000000000e-02,2.500002461264464e-02,-2.461264463418655e-08
1400,6,2.000000000000000e-02,2.000001080440195e-02,-1.080440194603516e-08
1400,7,-1.800000000000000e-02,-1.800004537034070e-02,4.537034070314916e-08
1400,8,1.500000000000000e-02,1.499996574782243e-02,3.425217757167809e-08
1400,9,1.200000000000000e-02,1.200001158344413e-02,-1.158344412922896e-08
1400,10,-1.000000000000000e-02,-9.999981335305712e-03,-1.866469428839224e-08
1400,11,8.999999999999999e-03,9.000003844296976e-03,-3.844296976238115e-09
1400,12,8.000000000000000e-03,8.000012880782895e-03,-1.288078289515826e-08
1400,13,-7.000000000000000e-03,-6.999993120269265e-03,-6.879730735619149e-09
1400,14,6.000000000000000e-03,6.000006138008883e-03,-6.138008883278812e-09
1400,15,5.000000000000000e-03,4.999978565678432e-03,2.143432156764824e-08
1400,16,-4.000000000000000e-03,-4.000056504682326e-03,5.650468232545891e-08
1400,17,3.500000000000000e-03,3.499974924940288e-03,2.507505971220333e-08
1400,18,3.000000000000000e-03,3.000008507405453e-03,-8.507405452849726e-09
1400,19,-2.500000000000000e-03,-2.499959509167517e-03,-4.049083248292701e-08
1400,20,2.000000000000000e-03,2.000031184680643e-03,-3.118468064290322e-08
1400,21,1.800000000000000e-03,1.799983083519566e-03,1.691648043346261e-08
1400,22,-1.500000000000000e-03,-1.500027151934842e-03,2.715193484154402e-08
1400,23,1.200000000000000e-03,1.199991893515849e-03,8.106484150833052e-09
1400,24,1.000000000000000e-03,9.999553503467747e-04,4.464965322535479e-08
1400,25,-8.000000000000000e-04,-8.000322301298198e-04,3.223012981978454e-08
1400,26,5.999999999999999e-04,5.999906951178157e-04,9.304882184202334e-09
1400,27,5.000000000000000e-04,5.000328342866545e-04,-3.283428665447948e-08
1400,28,-4.000000000000000e-04,-3.999737523249606e-04,-2.624767503941593e-08
1400,29,3.000000000000000e-04,2.999858613169580e-04,1.413868304199614e-08
1500,0,1.200000000000000e-01,1.200000034065978e-01,-3.406597767763309e-09
1500,1,-8.000000000000000e-02,-7.999998691005612e-02,-1.308994387883011e-08
1500,2,5.500000000000000e-02,5.499998917585092e-02,1.082414907704887e-08
1500,3,4.000000000000000e-02,3.999997407368215e-02,2.592631784953392e-08
1500,4,-3.000000000000000e-02,-3.000000508295589e-02,5.082955892993235e-09
1500,5,2.500000000000000e-02,2.500001239721144e-02,-1.239721144144501e-08
1500,6,2.000000000000000e-02,2.000001550957788e-02,-1.550957787546658e-08
1500,7,-1.800000000000000e-02,-1.800001676658403e-02,1.676658403435005e-08
1500,8,1.500000000000000e-02,1.499998264201317e-02,1.735798682914180e-08
1500,9,1.200000000000000e-02,1.200000793022713e-02,-7.930227126015654e-09
1500,10,-1.000000000000000e-02,-9.999992665779977e-03,-7.334220022969795e-09
1500,11,8.999999999999999e-03,8.999993779324773e-03,6.220675226667471e-09
1500,12,8.000000000000000e-03,7.999993450330145e-03,6.549669855082652e-09
1500,13,-7.000000000000000e-03,-6.999993544725164e-03,-6.455274836371372e-09
1500,14,6.000000000000000e-03,6.000017439751435e-03,-1.743975143464471e-08
1500,15,5.000000000000000e-03,4.999998928695818e-03,1.071304181650412e-09
1500,16,-4.000000000000000e-03,-4.000026916195245e-03,2.691619524486377e-08
1500,17,3.500000000000000e-03,3.499986643371011e-03,1.335662898858947e-08
1500,18,3.000000000000000e-03,3.000013356863747e-03,-1.335686374654907e-08
1500,19,-2.500000000000000e-03,-2.499979835382922e-03,-2.016461707766287e-08
1500,20,2.000000000000000e-03,2.000010578493288e-03,-1.057849328836916e-08
1500,21,1.800000000000000e-03,1.799983042205458e-03,1.695779454184698e-08
1500,22,-1.500000000000000e-03,-1.500010670561235e-03,1.067056123473485e-08
1500,23,1.200000000000000e-03,1.200006700739406e-03,-6.700739406482331e-09
1500,24,1.000000000000000e-03,9.999920623121954e-04,7.937687804574975e-09
1500,25,-8.000000000000000e-04,-8.000040815675068e-04,4.081567506718231e-09
1500,26,5.999999999999999e-04,6.000021388306408e-04,-2.138830640808359e-09
1500,27,5.000000000000000e-04,5.000181398117646e-04,-1.813981176455436e-08
1500,28,-4.000000000000000e-04,-3.999918044421767e-04,-8.195557823316088e-09
1500,29,3.000000000000000e-04,2.999872642347687e-04,1.273576523126534e-08
1600,0,1.200000000000000e-01,1.200000060090165e-01,-6.009016492725117e-09
1600,1,-8.000000000000000e-02,-7.999999646377685e-02,-3.536223147637685e-09
1600,2,5.500000000000000e-02,5.499999458249434e-02,5.417505659355282e-09
1600,3,4.000000000000000e-02,3.999999018997642e-02,9.810023585132832e-09
1600,4,-3.000000000000000e-02,-2.999999884656163e-02,-1.153438372591964e-09
1600,5,2.500000000000000e-02,2.500000496815080e-02,-4.968150797007853e-09
1600,6,2.000000000000000e-02,2.000000033244154e-02,-3.324415430439043e-10
1600,7,-1.800000000000000e-02,-1.800000361910769e-02,3.619107690616685e-09
1600,8,1.500000000000000e-02,1.499999724178702e-02,2.758212977460595e-09
1600,9,1.200000000000000e-02,1.200000410017029e-02,-4.100170288359739e-09
1600,10,-1.000000000000000e-02,-9.999998155443056e-03,-1.844556944685660e-09
1600,11,8.999999999999999e-03,8.999995161129268e-03,4.838870731188605e-09
1600,12,8.000000000000000e-03,7.999999910156697e-03,8.984330293615450e-11
1600,13,-7.000000000000000e-03,-6.999998837262689e-03,-1.162737310947404e-09
1600,14,6.000000000000000e-03,6.000004567481178e-03,-4.567481177997212e-09
1600,15,5.000000000000000e-03,4.999999694132420e-03,3.058675803954691e-10
1600,16,-4.000000000000000e-03,-4.000006489250145e-03,6.489250145048919e-09
1600,17,3.500000000000000e-03,3.499996402469268e-03,3.597530732514509e-09
1600,18,3.000000000000000e-03,3.000002906733458e-03,-2.906733457663097e-09
1600,19,-2.500000000000000e-03,-2.499993201945196e-03,-6.798054803976161e-09
1600,20,2.000000000000000e-03,2.000002843129107e-03,-2.843129107144016e-09
1600,21,1.800000000000000e-03,1.799992936118252e-03,7.063881747549836e-09
1600,22,-1.500000000000000e-03,-1.500005458239942e-03,5.458239941838819e-09
1600,23,1.200000000000000e-03,1.200004260012234e-03,-4.260012234028748e-09
1600,24,1.000000000000000e-03,1.000002350729100e-03,-2.350729099874146e-09
1600,25,-8.000000000000000e-04,-8.000012047394634e-04,1.204739463354573e-09
1600,26,5.999999999999999e-04,5.999962968878048e-04,3.703112195141064e-09
1600,27,5.000000000000000e-04,5.000035375620956e-04,-3.537562095578921e-09
1600,28,-4.000000000000000e-04,-3.999959625283635e-04,-4.037471636533785e-09
1600,29,3.000000000000000e-04,2.999965760535238e-04,3.423946476170669e-09
1700,0,1.200000000000000e-01,1.200000026064260e-01,-2.606425977824678e-09
1700,1,-8.000000000000000e-02,-7.999999929010798e-02,-7.098920201675796e-10
1700,2,5.500000000000000e-02,5.499999769087507e-02,2.309124925992112e-09
1700,3,4.000000000000000e-02,3.999999662926247e-02,3.370737529373447e-09
1700,4,-3.000000000000000e-02,-2.999999999606574e-02,-3.934259168447696e-12
1700,5,2.500000000000000e-02,2.500000064372661e-02,-6.437266067416125e-10
1700,6,2.000000000000000e-02,2.000000035885683e-02,-3.588568296686301e-10
1700,7,-1.800000000000000e-02,-1.800000140709521e-02,1.407095207711651e-09
1700,8,1.500000000000000e-02,1.499999985724182e-02,1.427581785423682e-10
1700,9,1.200000000000000e-02,1.200000112643889e-02,-1.126438884876957e-09
1700,10,-1.000000000000000e-02,-1.000000025873375e-02,2.587337531723133e-10
1700,11,8.999999999999999e-03,8.999998313003106e-03,1.686996892874548e-09
1700,12,8.000000000000000e-03,7.999999678134180e-03,3.218658204545699e-10
1700,13,-7.000000000000000e-03,-6.999998011276809e-03,-1.988723191334585e-09
1700,14,6.000000000000000e-03,6.000001798672820e-03,-1.798672820060854e-09
1700,15,5.000000000000000e-03,4.999998680312531e-03,1.319687468678832e-09
1700,16,-4.000000000000000e-03,-4.000002255904371e-03,2.255904371292750e-09
1700,17,3.500000000000000e-03,3.499999338102476e-03,6.618975237696056e-10
1700,18,3.000000000000000e-03,3.000000927629797e-03,-9.276297967611424e-10
1700,19,-2.500000000000000e-03,-2.499997241100634e-03,-2.758899365906675e-09
1700,20,2.000000000000000e-03,2.000000469653653e-03,-4.696536532074191e-10
1700,21,1.800000000000000e-03,1.799997465368261e-03,2.534631738651191e-09
1700,22,-1.500000000000000e-03,-1.500002644418493e-03,2.644418493425241e-09
1700,23,1.200000000000000e-03,1.200000830058194e-03,-8.300581936203366e-10
1700,24,1.000000000000000e-03,1.000001858217121e-03,-1.858217121408073e-09
1700,25,-8.000000000000000e-04,-7.999990751651609e-04,-9.248348391364264e-10
1700,26,5.999999999999999e-04,5.999997620643082e-04,2.379356917655423e-10
1700,27,5.000000000000000e-04,5.000001046850216e-04,-1.046850216105191e-10
1700,28,-4.000000000000000e-04,-4.000010684274030e-04,1.068427402974026e-09
1700,29,3.000000000000000e-04,2.999994266417088e-04,5.733582911292105e-10
1800,0,1.200000000000000e-01,1.200000008974529e-01,-8.974528759031486e-10
1800,1,-8.000000000000000e-02,-7.999999982280705e-02,-1.771929547533801e-10
1800,2,5.500000000000000e-02,5.499999922589431e-02,7.741056892718312e-10
1800,3,4.000000000000000e-02,3.999999879248317e-02,1.207516829582200e-09
1800,4,-3.000000000000000e-02,-3.000000011162546e-02,1.116254658151128e-10
1800,5,2.500000000000000e-02,2.500000015704859e-02,-1.570485928803489e-10
1800,6,2.000000000000000e-02,2.000000027987089e-02,-2.798708903517522e-10
1800,7,-1.800000000000000e-02,-1.800000025088158e-02,2.508815863389025e-10
1800,8,1.500000000000000e-02,1.500000016907958e-02,-1.690795836672976e-10
1800,9,1.200000000000000e-02,1.200000024456677e-02,-2.445667730832657e-10
1800,10,-1.000000000000000e-02,-1.000000029245423e-02,2.924542344406866e-10
1800,11,8.999999999999999e-03,8.999999355184089e-03,6.448159107358409e-10
1800,12,8.000000000000000e-03,8.000000203517394e-03,-2.035173939096691e-10
1800,13,-7.000000000000000e-03,-6.999999144176787e-03,-8.558232135122412e-10
1800,14,6.000000000000000e-03,6.000000414405887e-03,-4.144058872099232e-10
1800,15,5.000000000000000e-03,4.999999486322115e-03,5.136778849501589e-10
1800,16,-4.000000000000000e-03,-4.000000573382834e-03,5.733828342679992e-10
1800,17,3.500000000000000e-03,3.499999898809186e-03,1.011908139746109e-10
1800,18,3.000000000000000e-03,3.000000233526259e-03,-2.335262590941189e-10
1800,19,-2.500000000000000e-03,-2.499999112269973e-03,-8.877300275086930e-10
1800,20,2.000000000000000e-03,2.000000089853689e-03,-8.985368915928604e-11
1800,21,1.800000000000000e-03,1.799999084554520e-03,9.154454800545248e-10
1800,22,-1.500000000000000e-03,-1.500001117315630e-03,1.117315630424706e-09
1800,23,1.200000000000000e-03,1.200000286930634e-03,-2.869306344171346e-10
1800,24,1.000000000000000e-03,1.000000759148519e-03,-7.591485185701879e-10
1800,25,-8.000000000000000e-04,-7.999995695947611e-04,-4.304052389015114e-10
1800,26,5.999999999999999e-04,6.000000521768782e-04,-5.217687826936102e-11
1800,27,5.000000000000000e-04,5.000000735711931e-04,-7.357119308302323e-11
1800,28,-4.000000000000000e-04,-4.000003198288522e-04,3.198288522042458e-10
1800,29,3.000000000000000e-04,2.999999528972290e-04,4.710277095665641e-11
1900,0,1.200000000000000e-01,1.200000002741745e-01,-2.741744747902786e-10
1900,1,-8.000000000000000e-02,-8.000000006488196e-02,6.488196091503085e-11
1900,2,5.500000000000000e-02,5.499999969611574e-02,3.038842580349588e-10
1900,3,4.000000000000000e-02,3.999999979885755e-02,2.011424499182013e-10
1900,4,-3.000000000000000e-02,-2.999999998292574e-02,-1.707425520414141e-11
1900,5,2.500000000000000e-02,2.499999996252202e-02,3.747798599240681e-11
1900,6,2.000000000000000e-02,1.999999987305860e-02,1.269413983651102e-10
1900,7,-1.800000000000000e-02,-1.800000008064546e-02,8.064545906072418e-11
1900,8,1.500000000000000e-02,1.500000008574690e-02,-8.574690089913073e-11
1900,9,1.200000000000000e-02,1.200000016274642e-02,-1.627464153025615e-10
1900,10,-1.000000000000000e-02,-9.999999966103746e-03,-3.389625385930017e-11
1900,11,8.999999999999999e-03,8.999999834803556e-03,1.651964433302400e-10
1900,12,8.000000000000000e-03,7.999999913629482e-03,8.637051837623311e-11
1900,13,-7.000000000000000e-03,-6.999999796182054e-03,-2.038179460275846e-10
1900,14,6.000000000000000e-03,6.000000255331004e-03,-2.553310037359258e-10
1900,15,5.000000000000000e-03,4.999999919126358e-03,8.087364198466895e-11
1900,16,-4.000000000000000e-03,-4.000000171728677e-03,1.717286764180148e-10
1900,17,3.500000000000000e-03,3.499999882155372e-03,1.178446277193268e-10
1900,18,3.000000000000000e-03,3.000000100555743e-03,-1.005557429857584e-10
1900,19,-2.500000000000000e-03,-2.499999781178306e-03,-2.188216938377174e-10
1900,20,2.000000000000000e-03,2.000000049738459e-03,-4.973845944486466e-11
1900,21,1.800000000000000e-03,1.799999687399889e-03,3.126001109441529e-10
1900,22,-1.500000000000000e-03,-1.500000335269338e-03,3.352693378998184e-10
1900,23,1.200000000000000e-03,1.200000114980974e-03,-1.149809743944408e-10
1900,24,1.000000000000000e-03,1.000000268330267e-03,-2.683302668601839e-10
1900,25,-8.000000000000000e-04,-7.999998708481031e-04,-1.291518969678482e-10
1900,26,5.999999999999999e-04,5.999999890144265e-04,1.098557345351886e-11
1900,27,5.000000000000000e-04,5.000000025390246e-04,-2.539024546166502e-12
1900,28,-4.000000000000000e-04,-3.999999908148587e-04,-9.185141362777482e-12
1900,29,3.000000000000000e-04,3.000000462342892e-04,-4.623428918361372e-11
2000,0,1.200000000000000e-01,1.200000000570498e-01,-5.704983707666145e-11
2000,1,-8.000000000000000e-02,-8.000000003977756e-02,3.977755624884338e-11
2000,2,5.500000000000000e-02,5.499999990814618e-02,9.185382315868296e-11
2000,3,4.000000000000000e-02,3.999999997633445e-02,2.366555562627326e-11
2000,4,-3.000000000000000e-02,-2.999999999209079e-02,-7.909208010747903e-12
2000,5,2.500000000000000e-02,2.499999996126023e-02,3.873977527657502e-11
2000,6,2.000000000000000e-02,1.999999995582463e-02,4.417536822454160e-11
2000,7,-1.800000000000000e-02,-1.800000001356946e-02,1.356945805719434e-11
2000,8,1.500000000000000e-02,1.500000001645745e-02,-1.645745172085267e-11
2000,9,1.200000000000000e-02,1.200000004058123e-02,-4.058123455330520e-11
2000,10,-1.000000000000000e-02,-1.000000001161232e-02,1.161232221491559e-11
2000,11,8.999999999999999e-03,8.999999919891656e-03,8.010834356975138e-11
2000,12,8.000000000000000e-03,7.999999951451954e-03,4.854804579179639e-11
2000,13,-7.000000000000000e-03,-6.999999905966553e-03,-9.403344682773485e-11
2000,14,6.000000000000000e-03,6.000000110981290e-03,-1.109812901300966e-10
2000,15,5.000000000000000e-03,4.999999958205078e-03,4.179492169020804e-11
2000,16,-4.000000000000000e-03,-4.000000094458928e-03,9.445892765885811e-11
2000,17,3.500000000000000e-03,3.499999962017826e-03,3.798217382972036e-11
2000,18,3.000000000000000e-03,3.000000059950211e-03,-5.995021102808695e-11
2000,19,-2.500000000000000e-03,-2.499999914159542e-03,-8.584045757195624e-11
2000,20,2.000000000000000e-03,2.000000034458731e-03,-3.445873144117262e-11
2000,21,1.800000000000000e-03,1.799999901076558e-03,9.892344148693111e-11
2000,22,-1.500000000000000e-03,-1.500000098241760e-03,9.824176021300257e-11
2000,23,1.200000000000000e-03,1.200000036689773e-03,-3.668977318141420e-11
2000,24,1.000000000000000e-03,1.000000081092174e-03,-8.109217377455513e-11
2000,25,-8.000000000000000e-04,-7.999999496307118e-04,-5.036928827587689e-11
2000,26,5.999999999999999e-04,6.000000255339527e-04,-2.553395277334058e-11
2000,27,5.000000000000000e-04,4.999999836278020e-04,1.637219797668427e-11
2000,28,-4.000000000000000e-04,-4.000000401838243e-04,4.018382431273879e-11
2000,29,3.000000000000000e-04,3.000000015326331e-04,-1.532633124145394e-12
2100,0,1.200000000000000e-01,1.200000000015449e-01,-1.544875338765905e-12
2100,1,-8.000000000000000e-02,-8.000000002550359e-02,2.550358535469144e-11
2100,2,5.500000000000000e-02,5.499999997784593e-02,2.215407024497296e-11
2100,3,4.000000000000000e-02,4.000000001453591e-02,-1.453591413902444e-11
2100,4,-3.000000000000000e-02,-2.999999998355737e-02,-1.644263197819740e-11
2100,5,2.500000000000000e-02,2.499999997804639e-02,2.195361253898298e-11
2100,6,2.000000000000000e-02,1.999999997365859e-02,2.634140822133091e-11
2100,7,-1.800000000000000e-02,-1.799999999568892e-02,-4.311079271346330e-12
2100,8,1.500000000000000e-02,1.500000001455009e-02,-1.455008856454665e-11
2100,9,1.200000000000000e-02,1.200000001226465e-02,-1.226464589609844e-11
2100,10,-1.000000000000000e-02,-1.000000000893244e-02,8.932438122499775e-12
2100,11,8.999999999999999e-03,8.999999962731464e-03,3.726853547991738e-11
2100,12,8.000000000000000e-03,7.999999985736573e-03,1.426342724486496e-11
2100,13,-7.000000000000000e-03,-6.999999952570038e-03,-4.742996186773984e-11
2100,14,6.000000000000000e-03,6.000000043661320e-03,-4.366132021899061e-11
2100,15,5.000000000000000e-03,4.999999976519219e-03,2.348078068786785e-11
2100,16,-4.000000000000000e-03,-4.000000043269339e-03,4.326933863291194e-11
2100,17,3.500000000000000e-03,3.499999978483159e-03,2.151684126011633e-11
2100,18,3.000000000000000e-03,3.000000018788773e-03,-1.878877262107004e-11
2100,19,-2.500000000000000e-03,-2.499999957631410e-03,-4.236858997322401e-11
2100,20,2.000000000000000e-03,2.000000022299135e-03,-2.229913519460891e-11
2100,21,1.800000000000000e-03,1.799999964189335e-03,3.581066454656778e-11
2100,22,-1.500000000000000e-03,-1.500000043600403e-03,4.360040258520603e-11
2100,23,1.200000000000000e-03,1.200000002025793e-03,-2.025792944851390e-12
2100,24,1.000000000000000e-03,1.000000033231610e-03,-3.323161017199094e-11
2100,25,-8.000000000000000e-04,-7.999999743333485e-04,-2.566665152983760e-11
2100,26,5.999999999999999e-04,6.000000000446298e-04,-4.462988138775881e-14
2100,27,5.000000000000000e-04,4.999999829543777e-04,1.704562229212780e-11
2100,28,-4.000000000000000e-04,-4.000000138602699e-04,1.386026986542263e-11
2100,29,3.000000000000000e-04,3.000000063610552e-04,-6.361055237234792e-12
2200,0,1.200000000000000e-01,1.200000000025151e-01,-2.515140873349253e-12
2200,1,-8.000000000000000e-02,-8.000000000602651e-02,6.026512622270275e-12
2200,2,5.500000000000000e-02,5.499999999301344e-02,6.986557166133167e-12
2200,3,4.000000000000000e-02,3.999999999974645e-02,2.535471832487701e-13
2200,4,-3.000000000000000e-02,-3.000000000182061e-02,1.820613104719371e-12
2200,5,2.500000000000000e-02,2.499999999450829e-02,5.491707782967481e-12
2200,6,2.000000000000000e-02,1.999999999878299e-02,1.217012601806289e-12
2200,7,-1.800000000000000e-02,-1.799999999917845e-02,-8.215442215409041e-13
2200,8,1.500000000000000e-02,1.499999999925216e-02,7.478427599405535e-13
2200,9,1.200000000000000e-02,1.199999999726878e-02,2.731224968410828e-12
2200,10,-1.000000000000000e-02,-1.000000000697065e-02,6.970653221305412e-12
2200,11,8.999999999999999e-03,8.999999990426673e-03,9.573326506528979e-12
2200,12,8.000000000000000e-03,8.000000000744849e-03,-7.448486272210175e-13
2200,13,-7.000000000000000e-03,-6.999999984898110e-03,-1.510189022446706e-11
2200,14,6.000000000000000e-03,6.000000012765128e-03,-1.276512749670555e-11
2200,15,5.000000000000000e-03,4.999999990642432e-03,9.357568539480887e-12
2200,16,-4.000000000000000e-03,-4.000000017885027e-03,1.788502679289650e-11
2200,17,3.500000000000000e-03,3.499999992984164e-03,7.015836262641573e-12
2200,18,3.000000000000000e-03,3.000000011326935e-03,-1.132693504962701e-11
2200,19,-2.500000000000000e-03,-2.499999984835544e-03,-1.516445606239425e-11
2200,20,2.000000000000000e-03,2.000000005991365e-03,-5.991365389923509e-12
2200,21,1.800000000000000e-03,1.799999987034295e-03,1.296570511545581e-11
2200,22,-1.500000000000000e-03,-1.500000015858603e-03,1.585860305922115e-11
2200,23,1.200000000000000e-03,1.199999998040006e-03,1.959994232886286e-12
2200,24,1.000000000000000e-03,1.000000010904480e-03,-1.090447979308629e-11
2200,25,-8.000000000000000e-04,-7.999999893379372e-04,-1.066206281249982e-11
2200,26,5.999999999999999e-04,6.000000004631915e-04,-4.631915510866502e-13
2200,27,5.000000000000000e-04,4.999999952196328e-04,4.780367182828649e-12
2200,28,-4.000000000000000e-04,-4.000000032065556e-04,3.206555626491386e-12
2200,29,3.000000000000000e-04,2.999999988140128e-04,1.185987126648552e-12
2300,0,1.200000000000000e-01,1.200000000036913e-01,-3.691352779000567e-12
2300,1,-8.000000000000000e-02,-7.999999999856816e-02,-1.431840757071257e-12
2300,2,5.500000000000000e-02,5.499999999640234e-02,3.597656894616108e-12
2300,3,4.000000000000000e-02,3.999999999683296e-02,3.167043016727433e-12
2300,4,-3.000000000000000e-02,-3.000000000168870e-02,1.688697792712190e-12
2300,5,2.500000000000000e-02,2.499999999855772e-02,1.442283792396637e-12
2300,6,2.000000000000000e-02,1.999999999947755e-02,5.224466692599350e-13
2300,7,-1.800000000000000e-02,-1.800000000085222e-02,8.522210714900780e-13
2300,8,1.500000000000000e-02,1.499999999915250e-02,8.475043583588970e-13
2300,9,1.200000000000000e-02,1.199999999910773e-02,8.922741018269065e-13
2300,10,-1.000000000000000e-02,-1.000000000087426e-02,8.742555290819354e-13
2300,11,8.999999999999999e-03,8.999999997873032e-03,2.126967005300351e-12
2300,12,8.000000000000000e-03,7.999999999157818e-03,8.421822267346002e-13
2300,13,-7.000000000000000e-03,-6.999999998007025e-03,-1.992975229292426e-12
2300,14,6.000000000000000e-03,6.000000002646588e-03,-2.646587810017920e-12
2300,15,5.000000000000000e-03,4.999999998564324e-03,1.435676230676641e-12
2300,16,-4.000000000000000e-03,-4.000000003088243e-03,3.088243202831187e-12
2300,17,3.500000000000000e-03,3.499999998878423e-03,1.121576789775425e-12
2300,18,3.000000000000000e-03,3.000000001590967e-03,-1.590967375203478e-12
2300,19,-2.500000000000000e-03,-2.499999998342755e-03,-1.657244654007517e-12
2300,20,2.000000000000000e-03,2.000000000158795e-03,-1.587948522674409e-13
2300,21,1.800000000000000e-03,1.799999996065921e-03,3.934079190887063e-12
2300,22,-1.500000000000000e-03,-1.500000003146839e-03,3.146839342924035e-12
2300,23,1.200000000000000e-03,1.200000000740149e-03,-7.401488276437274e-13
2300,24,1.000000000000000e-03,1.000000003218879e-03,-3.218879156274834e-12
2300,25,-8.000000000000000e-04,-7.999999976366982e-04,-2.363301828539610e-12
2300,26,5.999999999999999e-04,6.000000008687307e-04,-8.687307600716010e-13
2300,27,5.000000000000000e-04,4.999999988071688e-04,1.192831207072476e-12
2300,28,-4.000000000000000e-04,-4.000000025277275e-04,2.527727484789855e-12
2300,29,3.000000000000000e-04,2.999999981970427e-04,1.802957251811205e-12
2400,0,1.200000000000000e-01,1.200000000015026e-01,-1.502645230466726e-12
2400,1,-8.000000000000000e-02,-7.999999999966081e-02,-3.391870118107931e-13
2400,2,5.500000000000000e-02,5.499999999835301e-02,1.646988101455804e-12
2400,3,4.000000000000000e-02,3.999999999862439e-02,1.375607960873992e-12
2400,4,-3.000000000000000e-02,-3.000000000030302e-02,3.030180273366767e-13
2400,5,2.500000000000000e-02,2.500000000023172e-02,-2.317174230270780e-13
2400,6,2.000000000000000e-02,2.000000000026317e-02,-2.631679596465375e-13
2400,7,-1.800000000000000e-02,-1.800000000109823e-02,1.098236085406157e-12
2400,8,1.500000000000000e-02,1.499999999901120e-02,9.888010549241599e-13
2400,9,1.200000000000000e-02,1.199999999998483e-02,1.517189152089315e-14
2400,10,-1.000000000000000e-02,-9.999999999625123e-03,-3.748772126055400e-13
2400,11,8.999999999999999e-03,8.999999999639675e-03,3.603246173655705e-13
2400,12,8.000000000000000e-03,7.999999999868244e-03,1.317557174473905e-13
2400,13,-7.000000000000000e-03,-6.999999999216749e-03,-7.832510681704541e-13
2400,14,6.000000000000000e-03,6.000000001335126e-03,-1.335125586476860e-12
2400,15,5.000000000000000e-03,4.999999999641173e-03,3.588266836440646e-13
2400,16,-4.000000000000000e-03,-4.000000001423102e-03,1.423102087561023e-12
2400,17,3.500000000000000e-03,3.499999999084139e-03,9.158611369297631e-13
2400,18,3.000000000000000e-03,3.000000000269647e-03,-2.696467181484419e-13
2400,19,-2.500000000000000e-03,-2.499999999773482e-03,-2.265184567695755e-13
2400,20,2.000000000000000e-03,2.000000000104786e-03,-1.047859715663790e-13
2400,21,1.800000000000000e-03,1.799999999224588e-03,7.754116359420804e-13
2400,22,-1.500000000000000e-03,-1.500000000438301e-03,4.383013049724660e-13
2400,23,1.200000000000000e-03,1.199999999931435e-03,6.856494538798330e-14
2400,24,1.000000000000000e-03,1.000000000266062e-03,-2.660621289257703e-13
2400,25,-8.000000000000000e-04,-7.999999997164559e-04,-2.835441300155783e-13
2400,26,5.999999999999999e-04,6.000000004507058e-04,-4.507058788683072e-13
2400,27,5.000000000000000e-04,5.000000003459605e-04,-3.459604564631791e-13
2400,28,-4.000000000000000e-04,-4.000000004033167e-04,4.033166487414641e-13
2400,29,3.000000000000000e-04,2.999999987359675e-04,1.264032444252966e-12
2500,0,1.200000000000000e-01,1.200000000008151e-01,-8.150563557407509e-13
2500,1,-8.000000000000000e-02,-8.000000000002158e-02,2.157996004115148e-14
2500,2,5.500000000000000e-02,5.499999999929770e-02,7.022993298022584e-13
2500,3,4.000000000000000e-02,3.999999999968477e-02,3.152339500545054e-13
2500,4,-3.000000000000000e-02,-2.999999999980709e-02,-1.929081894225249e-13
2500,5,2.500000000000000e-02,2.499999999989105e-02,1.089510426321993e-13
2500,6,2.000000000000000e-02,2.000000000020161e-02,-2.016130318249765e-13
2500,7,-1.800000000000000e-02,-1.800000000023255e-02,2.325500902955469e-13
2500,8,1.500000000000000e-02,1.499999999978585e-02,2.141481436623849e-13
2500,9,1.200000000000000e-02,1.199999999994490e-02,5.509828704397535e-14
2500,10,-1.000000000000000e-02,-9.999999999911545e-03,-8.845528476353337e-14
2500,11,8.999999999999999e-03,8.999999999820020e-03,1.799792953560697e-13
2500,12,8.000000000000000e-03,8.000000000018489e-03,-1.848868280696081e-14
2500,13,-7.000000000000000e-03,-6.999999999839445e-03,-1.605547292338194e-13
2500,14,6.000000000000000e-03,6.000000000464061e-03,-4.640610812289836e-13
2500,15,5.000000000000000e-03,5.000000000073170e-03,-7.316976885496373e-14
2500,16,-4.000000000000000e-03,-4.000000000192089e-03,1.920893999418638e-13
2500,17,3.500000000000000e-03,3.499999999647765e-03,3.522351681162217e-13
2500,18,3.000000000000000e-03,3.000000000105168e-03,-1.051676107310939e-13
2500,19,-2.500000000000000e-03,-2.499999999810838e-03,-1.891616203952839e-13
2500,20,2.000000000000000e-03,2.000000000405541e-03,-4.055406184477750e-13
2500,21,1.800000000000000e-03,1.799999999867933e-03,1.320671003113283e-13
2500,22,-1.500000000000000e-03,-1.500000000366639e-03,3.666385771372571e-13
2500,23,1.200000000000000e-03,1.199999999776379e-03,2.236208180433907e-13
2500,24,1.000000000000000e-03,1.000000000248608e-03,-2.486075581509262e-13
2500,25,-8.000000000000000e-04,-7.999999998839427e-04,-1.160573373515383e-13
2500,26,5.999999999999999e-04,6.000000002398367e-04,-2.398367962563874e-13
2500,27,5.000000000000000e-04,5.000000000542811e-04,-5.428112386657302e-14
2500,28,-4.000000000000000e-04,-4.000000001412011e-04,1.412011241437583e-13
2500,29,3.000000000000000e-04,2.999999996075626e-04,3.924373846719842e-13
2600,0,1.200000000000000e-01,1.200000000003622e-01,-3.621963839961495e-13
2600,1,-8.000000000000000e-02,-7.999999999998966e-02,-1.033895191682177e-14
2600,2,5.500000000000000e-02,5.499999999969765e-02,3.023484240749497e-13
2600,3,4.000000000000000e-02,3.999999999982247e-02,1.775316005314664e-13
2600,4,-3.000000000000000e-02,-2.999999999998524e-02,-1.476249678056263e-14
2600,5,2.500000000000000e-02,2.500000000002667e-02,-2.666963871966743e-14
2600,6,2.000000000000000e-02,2.000000000011556e-02,-1.155603390756710e-13
2600,7,-1.800000000000000e-02,-1.800000000009523e-02,9.523284938417476e-14
2600,8,1.500000000000000e-02,1.499999999987990e-02,1.200949062418744e-13
2600,9,1.200000000000000e-02,1.199999999989516e-02,1.048380132706583e-13
2600,10,-1.000000000000000e-02,-9.999999999967391e-03,-3.260933190141202e-14
2600,11,8.999999999999999e-03,8.999999999935128e-03,6.487171910762868e-14
2600,12,8.000000000000000e-03,7.999999999963207e-03,3.679348492546808e-14
2600,13,-7.000000000000000e-03,-6.999999999918693e-03,-8.130735668077094e-14
2600,14,6.000000000000000e-03,6.000000000302427e-03,-3.024273539931066e-13
2600,15,5.000000000000000e-03,4.999999999971503e-03,2.849716990160900e-14
2600,16,-4.000000000000000e-03,-4.000000000139194e-03,1.391942117123790e-13
2600,17,3.500000000000000e-03,3.499999999871526e-03,1.284740543117113e-13
2600,18,3.000000000000000e-03,3.000000000058380e-03,-5.837995017965447e-14
2600,19,-2.500000000000000e-03,-2.499999999859072e-03,-1.409280678266178e-13
2600,20,2.000000000000000e-03,2.000000000213109e-03,-2.131090443002748e-13
2600,21,1.800000000000000e-03,1.799999999916759e-03,8.324092283518159e-14
2600,22,-1.500000000000000e-03,-1.500000000179254e-03,1.792543977835459e-13
2600,23,1.200000000000000e-03,1.199999999925701e-03,7.429907383782464e-14
2600,24,1.000000000000000e-03,1.000000000120777e-03,-1.207766525679332e-13
2600,25,-8.000000000000000e-04,-7.999999999560278e-04,-4.397220434992910e-14
2600,26,5.999999999999999e-04,6.000000000716425e-04,-7.164256167480065e-14
2600,27,5.000000000000000e-04,5.000000000287143e-04,-2.871433559675785e-14
2600,28,-4.000000000000000e-04,-4.000000000792280e-04,7.922796533416099e-14
2600,29,3.000000000000000e-04,2.999999998328686e-04,1.671313911918992e-13
2700,0,1.200000000000000e-01,1.200000000001974e-01,-1.973560204149294e-13
2700,1,-8.000000000000000e-02,-7.999999999997351e-02,-2.649269692511780e-14
2700,2,5.500000000000000e-02,5.499999999989046e-02,1.095443180609834e-13
2700,3,4.000000000000000e-02,3.999999999990189e-02,9.810902090734430e-14
2700,4,-3.000000000000000e-02,-2.999999999998073e-02,-1.926930837115037e-14
2700,5,2.500000000000000e-02,2.500000000002844e-02,-2.843558721821182e-14
2700,6,2.000000000000000e-02,2.000000000007371e-02,-7.370840049425453e-14
2700,7,-1.800000000000000e-02,-1.800000000008274e-02,8.274284035714174e-14
2700,8,1.500000000000000e-02,1.499999999996070e-02,3.929842562477859e-14
2700,9,1.200000000000000e-02,1.199999999999015e-02,9.851494620072287e-15
2700,10,-1.000000000000000e-02,-9.999999999954337e-03,-4.566312605813749e-14
2700,11,8.999999999999999e-03,8.999999999962227e-03,3.777186896591900e-14
2700,12,8.000000000000000e-03,7.999999999999544e-03,4.562322741819003e-16
2700,13,-7.000000000000000e-03,-6.999999999984543e-03,-1.545725353269134e-14
2700,14,6.000000000000000e-03,6.000000000136698e-03,-1.366979446304484e-13
2700,15,5.000000000000000e-03,5.000000000013761e-03,-1.376069397318602e-14
2700,16,-4.000000000000000e-03,-4.000000000077643e-03,7.764275333776993e-14
2700,17,3.500000000000000e-03,3.499999999871136e-03,1.288639334129371e-13
2700,18,3.000000000000000e-03,3.000000000040483e-03,-4.048324175887075e-14
2700,19,-2.500000000000000e-03,-2.499999999931937e-03,-6.806274294168801e-14
2700,20,2.000000000000000e-03,2.000000000098626e-03,-9.862596850318539e-14
2700,21,1.800000000000000e-03,1.799999999949524e-03,5.047546582093165e-14
2700,22,-1.500000000000000e-03,-1.500000000075644e-03,7.564391821257566e-14
2700,23,1.200000000000000e-03,1.199999999947091e-03,5.290863233642362e-14
2700,24,1.000000000000000e-03,1.000000000077296e-03,-7.729602548300907e-14
2700,25,-8.000000000000000e-04,-7.999999999449268e-04,-5.507324197379093e-14
2700,26,5.999999999999999e-04,6.000000000353050e-04,-3.530509218307998e-14
2700,27,5.000000000000000e-04,4.999999999955667e-04,4.433302683293228e-15
2700,28,-4.000000000000000e-04,-3.999999999988231e-04,-1.176955668341639e-15
2700,29,3.000000000000000e-04,2.999999999241960e-04,7.580394645323452e-14
2800,0,1.200000000000000e-01,1.200000000000705e-01,-7.054079542712088e-14
2800,1,-8.000000000000000e-02,-7.999999999998721e-02,-1.279532035880493e-14
2800,2,5.500000000000000e-02,5.499999999996415e-02,3.584632590758474e-14
2800,3,4.000000000000000e-02,3.999999999995844e-02,4.155703559050039e-14
2800,4,-3.000000000000000e-02,-2.999999999998384e-02,-1.615721445524798e-14
2800,5,2.500000000000000e-02,2.500000000001674e-02,-1.673661209622423e-14
2800,6,2.000000000000000e-02,2.000000000003367e-02,-3.367098266870983e-14
2800,7,-1.800000000000000e-02,-1.800000000002699e-02,2.698882783924716e-14
2800,8,1.500000000000000e-02,1.499999999998542e-02,1.458208553906104e-14
2800,9,1.200000000000000e-02,1.199999999999054e-02,9.464651284929460e-15
2800,10,-1.000000000000000e-02,-9.999999999984474e-03,-1.552577510999242e-14
2800,11,8.999999999999999e-03,8.999999999979635e-03,2.036391888449174e-14
2800,12,8.000000000000000e-03,8.000000000003652e-03,-3.651592916931179e-15
2800,13,-7.000000000000000e-03,-6.999999999999434e-03,-5.663872149064275e-16
2800,14,6.000000000000000e-03,6.000000000055425e-03,-5.542441505745899e-14
2800,15,5.000000000000000e-03,4.999999999998949e-03,1.051242426441945e-15
2800,16,-4.000000000000000e-03,-4.000000000022864e-03,2.286365541337432e-14
2800,17,3.500000000000000e-03,3.499999999946687e-03,5.331282290632622e-14
2800,18,3.000000000000000e-03,3.000000000008832e-03,-8.831477216197925e-15
2800,19,-2.500000000000000e-03,-2.499999999978616e-03,-2.138436996923510e-14
2800,20,2.000000000000000e-03,2.000000000043137e-03,-4.313736867711526e-14
2800,21,1.800000000000000e-03,1.799999999974201e-03,2.579902437516157e-14
2800,22,-1.500000000000000e-03,-1.500000000034975e-03,3.497484420134089e-14
2800,23,1.200000000000000e-03,1.199999999980643e-03,1.935691190668720e-14
2800,24,1.000000000000000e-03,1.000000000031756e-03,-3.175563111079693e-14
2800,25,-8.000000000000000e-04,-7.999999999924955e-04,-7.504522177292916e-15
2800,26,5.999999999999999e-04,6.000000000110198e-04,-1.101983088114267e-14
2800,27,5.000000000000000e-04,4.999999999947852e-04,5.214795609220779e-15
2800,28,-4.000000000000000e-04,-3.999999999903210e-04,-9.678998054429844e-15
2800,29,3.000000000000000e-04,2.999999999837816e-04,1.621836345777616e-14
2900,0,1.200000000000000e-01,1.200000000000317e-01,-3.166911177743259e-14
2900,1,-8.000000000000000e-02,-7.999999999998710e-02,-1.290634266126744e-14
2900,2,5.500000000000000e-02,5.499999999998554e-02,1.446065489574266e-14
2900,3,4.000000000000000e-02,3.999999999998888e-02,1.112304692796329e-14
2900,4,-3.000000000000000e-02,-2.999999999999476e-02,-5.242334344401911e-15
2900,5,2.500000000000000e-02,2.500000000000585e-02,-5.849487560993794e-15
2900,6,2.000000000000000e-02,2.000000000001132e-02,-1.132427485117660e-14
2900,7,-1.800000000000000e-02,-1.800000000000609e-02,6.088879400678593e-15
2900,8,1.500000000000000e-02,1.499999999999156e-02,8.441164434103143e-15
2900,9,1.200000000000000e-02,1.199999999999952e-02,4.770489558936220e-16
2900,10,-1.000000000000000e-02,-9.999999999997108e-03,-2.891784034453337e-15
2900,11,8.999999999999999e-03,8.999999999995047e-03,4.952635523913784e-15
2900,12,8.000000000000000e-03,7.999999999999747e-03,2.532696274926138e-16
2900,13,-7.000000000000000e-03,-7.000000000005269e-03,5.269222558279552e-15
2900,14,6.000000000000000e-03,6.000000000015822e-03,-1.582154546264647e-14
2900,15,5.000000000000000e-03,5.000000000003097e-03,-3.096481404618601e-15
2900,16,-4.000000000000000e-03,-4.000000000012891e-03,1.289073014998365e-14
2900,17,3.500000000000000e-03,3.499999999979822e-03,2.017830347256222e-14
2900,18,3.000000000000000e-03,3.000000000005404e-03,-5.404097308536748e-15
2900,19,-2.500000000000000e-03,-2.499999999980628e-03,-1.937209073710200e-14
2900,20,2.000000000000000e-03,2.000000000024074e-03,-2.407362503786814e-14
2900,21,1.800000000000000e-03,1.799999999985517e-03,1.448277262006137e-14
2900,22,-1.500000000000000e-03,-1.500000000027694e-03,2.769377609179724e-14
2900,23,1.200000000000000e-03,1.199999999985153e-03,1.484706455001650e-14
2900,24,1.000000000000000e-03,1.000000000018672e-03,-1.867191297411086e-14
2900,25,-8.000000000000000e-04,-7.999999999804732e-04,-1.952680638711568e-14
2900,26,5.999999999999999e-04,6.000000000025524e-04,-2.552428754465375e-15
2900,27,5.000000000000000e-04,4.999999999897033e-04,1.029666803209484e-14
2900,28,-4.000000000000000e-04,-4.000000000030646e-04,3.064551650638903e-15
2900,29,3.000000000000000e-04,2.999999999941656e-04,5.834362940687621e-15
3000,0,1.200000000000000e-01,1.200000000000107e-01,-1.074140776324839e-14
3000,1,-8.000000000000000e-02,-7.999999999999691e-02,-3.094746681142624e-15
3000,2,5.500000000000000e-02,5.499999999999478e-02,5.218048215738236e-15
3000,3,4.000000000000000e-02,3.999999999999584e-02,4.163336342344337e-15
3000,4,-3.000000000000000e-02,-2.999999999999810e-02,-1.894318035766673e-15
3000,5,2.500000000000000e-02,2.500000000000316e-02,-3.157196726277789e-15
3000,6,2.000000000000000e-02,2.000000000000300e-02,-3.001071613439876e-15
3000,7,-1.800000000000000e-02,-1.800000000000210e-02,2.105954299835844e-15
3000,8,1.500000000000000e-02,1.499999999999847e-02,1.533495552763497e-15
3000,9,1.200000000000000e-02,1.200000000000195e-02,-1.949829186997931e-15
3000,10,-1.000000000000000e-02,-9.999999999997988e-03,-2.012279232133096e-15
3000,11,8.999999999999999e-03,8.999999999996691e-03,3.308117668687771e-15
3000,12,8.000000000000000e-03,7.999999999997074e-03,2.926478503972874e-15
3000,13,-7.000000000000000e-03,-6.999999999999274e-03,-7.259817746962938e-16
3000,14,6.000000000000000e-03,6.000000000007128e-03,-7.127978762788700e-15
3000,15,5.000000000000000e-03,5.000000000000943e-03,-9.428222091933947e-16
3000,16,-4.000000000000000e-03,-4.000000000005794e-03,5.793976409762536e-15
3000,17,3.500000000000000e-03,3.499999999991847e-03,8.153200337090993e-15
3000,18,3.000000000000000e-03,3.000000000000213e-03,-2.133709875451473e-16
3000,19,-2.500000000000000e-03,-2.499999999992957e-03,-7.043410993334831e-15
3000,20,2.000000000000000e-03,2.000000000007358e-03,-7.358263304224621e-15
3000,21,1.800000000000000e-03,1.799999999995519e-03,4.481007578882590e-15
3000,22,-1.500000000000000e-03,-1.500000000010101e-03,1.010086111974395e-14
3000,23,1.200000000000000e-03,1.199999999995155e-03,4.844865827968725e-15
3000,24,1.000000000000000e-03,1.000000000005101e-03,-5.101171221544298e-15
3000,25,-8.000000000000000e-04,-7.999999999951402e-04,-4.859827817949025e-15
3000,26,5.999999999999999e-04,6.000000000033630e-04,-3.363086718832786e-15
3000,27,5.000000000000000e-04,4.999999999963029e-04,3.697129408175570e-15
3000,28,-4.000000000000000e-04,-4.000000000034218e-04,3.421796266472876e-15
3000,29,3.000000000000000e-04,2.999999999978605e-04,2.139456146965646e-15
3100,0,1.200000000000000e-01,1.200000000000038e-01,-3.844147222764605e-15
3100,1,-8.000000000000000e-02,-8.000000000000042e-02,4.163336342344337e-16
3100,2,5.500000000000000e-02,5.499999999999679e-02,3.205768983605140e-15
3100,3,4.000000000000000e-02,3.999999999999917e-02,8.326672684688674e-16
3100,4,-3.000000000000000e-02,-2.999999999999702e-02,-2.983724378680108e-15
3100,5,2.500000000000000e-02,2.500000000000220e-02,-2.203098814490545e-15
3100,6,2.000000000000000e-02,2.000000000000051e-02,-5.100087019371813e-16
3100,7,-1.800000000000000e-02,-1.800000000000192e-02,1.922073611382302e-15
3100,8,1.500000000000000e-02,1.499999999999843e-02,1.569924745759010e-15
3100,9,1.200000000000000e-02,1.200000000000120e-02,-1.203898092327904e-15
3100,10,-1.000000000000000e-02,-9.999999999997882e-03,-2.118097364167681e-15
3100,11,8.999999999999999e-03,9.000000000000018e-03,-1.908195823574488e-17
3100,12,8.000000000000000e-03,7.999999999998640e-03,1.360023205165817e-15
3100,13,-7.000000000000000e-03,-7.000000000000532e-03,5.316927453868914e-16
3100,14,6.000000000000000e-03,6.000000000002127e-03,-2.126770981547565e-15
3100,15,5.000000000000000e-03,5.000000000000580e-03,-5.793976409762536e-16
3100,16,-4.000000000000000e-03,-4.000000000000997e-03,9.965986369486757e-16
3100,17,3.500000000000000e-03,3.499999999997656e-03,2.344478777782655e-15
3100,18,3.000000000000000e-03,2.999999999998713e-03,1.286731138305797e-15
3100,19,-2.500000000000000e-03,-2.499999999999036e-03,-9.636388909051163e-16
3100,20,2.000000000000000e-03,2.000000000003515e-03,-3.515417124067000e-15
3100,21,1.800000000000000e-03,1.799999999998572e-03,1.428327942032404e-15
3100,22,-1.500000000000000e-03,-1.500000000003513e-03,3.512598198418537e-15
3100,23,1.200000000000000e-03,1.199999999998095e-03,1.904726376622534e-15
3100,24,1.000000000000000e-03,1.000000000002079e-03,-2.079282926392700e-15
3100,25,-8.000000000000000e-04,-7.999999999984549e-04,-1.545096516009092e-15
3100,26,5.999999999999999e-04,6.000000000007646e-04,-7.646877922540263e-16
3100,27,5.000000000000000e-04,4.999999999979401e-04,2.059875707505210e-15
3100,28,-4.000000000000000e-04,-4.000000000012426e-04,1.242549899777012e-15
3100,29,3.000000000000000e-04,3.000000000000309e-04,-3.095397202446115e-17
3200,0,1.200000000000000e-01,1.200000000000012e-01,-1.249000902703301e-15
3200,1,-8.000000000000000e-02,-8.000000000000038e-02,3.747002708109903e-16
3200,2,5.500000000000000e-02,5.499999999999867e-02,1.332267629550188e-15
3200,3,4.000000000000000e-02,3.999999999999980e-02,2.012279232133096e-16
3200,4,-3.000000000000000e-02,-2.999999999999860e-02,-1.394717674685353e-15
3200,5,2.500000000000000e-02,2.500000000000089e-02,-8.916478666520788e-16
3200,6,2.000000000000000e-02,1.999999999999993e-02,6.591949208711867e-17
3200,7,-1.800000000000000e-02,-1.800000000000090e-02,9.020562075079397e-16
3200,8,1.500000000000000e-02,1.499999999999963e-02,3.677613769070831e-16
3200,9,1.200000000000000e-02,1.200000000000117e-02,-1.169203622808368e-15
3200,10,-1.000000000000000e-02,-9.999999999998859e-03,-1.141448047192739e-15
3200,11,8.999999999999999e-03,8.999999999999612e-03,3.868433351428280e-16
3200,12,8.000000000000000e-03,7.999999999998744e-03,1.255939796607208e-15
3200,13,-7.000000000000000e-03,-7.000000000000105e-03,1.049507702965968e-16
3200,14,6.000000000000000e-03,6.000000000001360e-03,-1.360023205165817e-15
3200,15,5.000000000000000e-03,5.000000000000968e-03,-9.679756995950584e-16
3200,16,-4.000000000000000e-03,-4.000000000000653e-03,6.531233887052679e-16
3200,17,3.500000000000000e-03,3.499999999998425e-03,1.574695235317947e-15
3200,18,3.000000000000000e-03,2.999999999999319e-03,6.808789643208968e-16
3200,19,-2.500000000000000e-03,-2.499999999999283e-03,-7.173081573164097e-16
3200,20,2.000000000000000e-03,2.000000000001485e-03,-1.484923295436147e-15
3200,21,1.800000000000000e-03,1.799999999999607e-03,3.929148673087468e-16
3200,22,-1.500000000000000e-03,-1.500000000001128e-03,1.127787099819422e-15
3200,23,1.200000000000000e-03,1.199999999999216e-03,7.834444898380255e-16
3200,24,1.000000000000000e-03,1.000000000000506e-03,-5.058887336817364e-16
3200,25,-8.000000000000000e-04,-7.999999999990466e-04,-9.534473904837526e-16
3200,26,5.999999999999999e-04,6.000000000004800e-04,-4.800847219765814e-16
3200,27,5.000000000000000e-04,4.999999999993790e-04,6.210310043996969e-16
3200,28,-4.000000000000000e-04,-4.000000000009162e-04,9.162050458588755e-16
3200,29,3.000000000000000e-04,2.999999999998267e-04,1.733097172718079e-16
3300,0,1.200000000000000e-01,1.200000000000005e-01,-5.273559366969494e-16
3300,1,-8.000000000000000e-02,-8.000000000000017e-02,1.665334536937735e-16
3300,2,5.500000000000000e-02,5.499999999999963e-02,3.747002708109903e-16
3300,3,4.000000000000000e-02,3.999999999999981e-02,1.942890293094024e-16
3300,4,-3.000000000000000e-02,-2.999999999999960e-02,-4.024558464266192e-16
3300,5,2.500000000000000e-02,2.500000000000028e-02,-2.740863092043355e-16
3300,6,2.000000000000000e-02,1.999999999999999e-02,1.387778780781446e-17
3300,7,-1.800000000000000e-02,-1.800000000000034e-02,3.365363543395006e-16
3300,8,1.500000000000000e-02,1.499999999999986e-02,1.370431546021678e-16
3300,9,1.200000000000000e-02,1.200000000000022e-02,-2.203098814490545e-16
3300,10,-1.000000000000000e-02,-9.999999999999678e-03,-3.226585665316861e-16
3300,11,8.999999999999999e-03,8.999999999999894e-03,1.058181320345852e-16
3300,12,8.000000000000000e-03,7.999999999999679e-03,3.209238430557093e-16
3300,13,-7.000000000000000e-03,-7.000000000000035e-03,3.469446951953614e-17
3300,14,6.000000000000000e-03,6.000000000000426e-03,-4.258746133523061e-16
3300,15,5.000000000000000e-03,5.000000000000192e-03,-1.916869440954372e-16
3300,16,-4.000000000000000e-03,-4.000000000000234e-03,2.341876692568690e-16
3300,17,3.500000000000000e-03,3.499999999999451e-03,5.494736610156536e-16
3300,18,3.000000000000000e-03,2.999999999999984e-03,1.647987302177967e-17
3300,19,-2.500000000000000e-03,-2.499999999999689e-03,-3.109491830688427e-16
3300,20,2.000000000000000e-03,2.000000000000427e-03,-4.267419750902945e-16
3300,21,1.800000000000000e-03,1.799999999999804e-03,1.955900719163850e-16
3300,22,-1.500000000000000e-03,-1.500000000000433e-03,4.330303476907105e-16
3300,23,1.200000000000000e-03,1.199999999999670e-03,3.300311413045875e-16
3300,24,1.000000000000000e-03,1.000000000000271e-03,-2.712673835558732e-16
3300,25,-8.000000000000000e-04,-7.999999999996533e-04,-3.467278547608643e-16
3300,26,5.999999999999999e-04,6.000000000001419e-04,-1.419220643783525e-16
3300,27,5.000000000000000e-04,4.999999999998413e-04,1.587271980518778e-16
3300,28,-4.000000000000000e-04,-4.000000000001596e-04,1.595945597898663e-16
3300,29,3.000000000000000e-04,2.999999999998379e-04,1.620340146779586e-16
3400,0,1.200000000000000e-01,1.200000000000002e-01,-1.804112415015879e-16
3400,1,-8.000000000000000e-02,-8.000000000000017e-02,1.665334536937735e-16
3400,2,5.500000000000000e-02,5.499999999999988e-02,1.179611963664229e-16
3400,3,4.000000000000000e-02,4.000000000000000e-02,0.000000000000000e+00
3400,4,-3.000000000000000e-02,-2.999999999999979e-02,-2.116362640691705e-16
3400,5,2.500000000000000e-02,2.500000000000010e-02,-9.714451465470120e-17
3400,6,2.000000000000000e-02,2.000000000000000e-02,3.469446951953614e-18
3400,7,-1.800000000000000e-02,-1.800000000000011e-02,1.075528555105620e-16
3400,8,1.500000000000000e-02,1.499999999999990e-02,1.006139616066548e-16
3400,9,1.200000000000000e-02,1.200000000000005e-02,-5.204170427930421e-17
3400,10,-1.000000000000000e-02,-9.999999999999846e-03,-1.543903893619358e-16
3400,11,8.999999999999999e-03,9.000000000000027e-03,-2.775557561562891e-17
3400,12,8.000000000000000e-03,7.999999999999875e-03,1.249000902703301e-16
3400,13,-7.000000000000000e-03,-7.000000000000005e-03,5.204170427930421e-18
3400,14,6.000000000000000e-03,6.000000000000143e-03,-1.431146867680866e-16
3400,15,5.000000000000000e-03,5.000000000000069e-03,-6.852157730108388e-17
3400,16,-4.000000000000000e-03,-4.000000000000061e-03,6.071532165918825e-17
3400,17,3.500000000000000e-03,3.499999999999730e-03,2.701831813833877e-16
3400,18,3.000000000000000e-03,2.999999999999949e-03,5.074066167232161e-17
3400,19,-2.500000000000000e-03,-2.499999999999813e-03,-1.869164545365010e-16
3400,20,2.000000000000000e-03,2.000000000000232e-03,-2.315855840429037e-16
3400,21,1.800000000000000e-03,1.799999999999930e-03,7.003946034256359e-17
3400,22,-1.500000000000000e-03,-1.500000000000209e-03,2.088173384207082e-16
3400,23,1.200000000000000e-03,1.199999999999823e-03,1.767249541151372e-16
3400,24,1.000000000000000e-03,1.000000000000100e-03,-1.003971211721577e-16
3400,25,-8.000000000000000e-04,-7.999999999998298e-04,-1.702197410802242e-16
3400,26,5.999999999999999e-04,6.000000000000495e-04,-4.954803928258755e-17
3400,27,5.000000000000000e-04,4.999999999998485e-04,1.514630434962250e-16
3400,28,-4.000000000000000e-04,-4.000000000000673e-04,6.732895491134983e-17
3400,29,3.000000000000000e-04,2.999999999999890e-04,1.095044194210359e-17
3500,0,1.200000000000000e-01,1.200000000000001e-01,-6.938893903907228e-17
3500,1,-8.000000000000000e-02,-8.000000000000008e-02,8.326672684688674e-17
3500,2,5.500000000000000e-02,5.499999999999999e-02,1.387778780781446e-17
3500,3,4.000000000000000e-02,4.000000000000006e-02,-5.551115123125783e-17
3500,4,-3.000000000000000e-02,-2.999999999999989e-02,-1.040834085586084e-16
3500,5,2.500000000000000e-02,2.500000000000000e-02,-3.469446951953614e-18
3500,6,2.000000000000000e-02,1.999999999999998e-02,2.428612866367530e-17
3500,7,-1.800000000000000e-02,-1.800000000000003e-02,3.469446951953614e-17
3500,8,1.500000000000000e-02,1.500000000000001e-02,-8.673617379884035e-18
3500,9,1.200000000000000e-02,1.200000000000005e-02,-4.683753385137379e-17
3500,10,-1.000000000000000e-02,-9.999999999999934e-03,-6.591949208711867e-17
3500,11,8.999999999999999e-03,8.999999999999973e-03,2.602085213965211e-17
3500,12,8.000000000000000e-03,7.999999999999943e-03,5.724587470723463e-17
3500,13,-7.000000000000000e-03,-7.000000000000022e-03,2.168404344971009e-17
3500,14,6.000000000000000e-03,6.000000000000051e-03,-5.117434254131581e-17
3500,15,5.000000000000000e-03,5.000000000000034e-03,-3.382710778154774e-17
3500,16,-4.000000000000000e-03,-3.999999999999997e-03,-2.602085213965211e-18
3500,17,3.500000000000000e-03,3.499999999999913e-03,8.716985466783456e-17
3500,18,3.000000000000000e-03,2.999999999999969e-03,3.122502256758253e-17
3500,19,-2.500000000000000e-03,-2.499999999999972e-03,-2.775557561562891e-17
3500,20,2.000000000000000e-03,2.000000000000082e-03,-8.153200337090993e-17
3500,21,1.800000000000000e-03,1.799999999999987e-03,1.301042606982605e-17
3500,22,-1.500000000000000e-03,-1.500000000000040e-03,3.968179951296946e-17
3500,23,1.200000000000000e-03,1.199999999999935e-03,6.440160904563896e-17
3500,24,1.000000000000000e-03,1.000000000000038e-03,-3.794707603699266e-17
3500,25,-8.000000000000000e-04,-7.999999999999890e-04,-1.105886215935215e-17
3500,26,5.999999999999999e-04,6.000000000000522e-04,-5.225854471380131e-17
3500,27,5.000000000000000e-04,4.999999999999607e-04,3.935653886122381e-17
3500,28,-4.000000000000000e-04,-4.000000000000388e-04,3.881443777498106e-17
3500,29,3.000000000000000e-04,2.999999999999743e-04,2.569559148790646e-17
3600,0,1.200000000000000e-01,1.200000000000001e-01,-6.938893903907228e-17
3600,1,-8.000000000000000e-02,-8.000000000000008e-02,8.326672684688674e-17
3600,2,5.500000000000000e-02,5.499999999999998e-02,2.081668171172169e-17
3600,3,4.000000000000000e-02,4.000000000000003e-02,-2.775557561562891e-17
3600,4,-3.000000000000000e-02,-2.999999999999994e-02,-5.551115123125783e-17
3600,5,2.500000000000000e-02,2.500000000000000e-02,-3.469446951953614e-18
3600,6,2.000000000000000e-02,1.999999999999998e-02,1.734723475976807e-17
3600,7,-1.800000000000000e-02,-1.800000000000004e-02,4.510281037539698e-17
3600,8,1.500000000000000e-02,1.500000000000001e-02,-6.938893903907228e-18
3600,9,1.200000000000000e-02,1.200000000000003e-02,-2.775557561562891e-17
3600,10,-1.000000000000000e-02,-9.999999999999955e-03,-4.510281037539698e-17
3600,11,8.999999999999999e-03,8.999999999999985e-03,1.387778780781446e-17
3600,12,8.000000000000000e-03,7.999999999999967e-03,3.295974604355933e-17
3600,13,-7.000000000000000e-03,-7.000000000000002e-03,1.734723475976807e-18
3600,14,6.000000000000000e-03,6.000000000000033e-03,-3.295974604355933e-17
3600,15,5.000000000000000e-03,5.000000000000023e-03,-2.255140518769849e-17
3600,16,-4.000000000000000e-03,-4.000000000000010e-03,1.040834085586084e-17
3600,17,3.500000000000000e-03,3.499999999999948e-03,5.247538514829841e-17
3600,18,3.000000000000000e-03,2.999999999999997e-03,3.469446951953614e-18
3600,19,-2.500000000000000e-03,-2.499999999999975e-03,-2.471980953266950e-17
3600,20,2.000000000000000e-03,2.000000000000046e-03,-4.597017211338539e-17
3600,21,1.800000000000000e-03,1.799999999999991e-03,8.673617379884035e-18
3600,22,-1.500000000000000e-03,-1.500000000000027e-03,2.688821387764051e-17
3600,23,1.200000000000000e-03,1.199999999999967e-03,3.317658647805644e-17
3600,24,1.000000000000000e-03,1.000000000000021e-03,-2.125036258071589e-17
3600,25,-8.000000000000000e-04,-7.999999999999761e-04,-2.396086801192965e-17
3600,26,5.999999999999999e-04,6.000000000000340e-04,-3.404394821604484e-17
3600,27,5.000000000000000e-04,4.999999999999703e-04,2.970713952610282e-17
3600,28,-4.000000000000000e-04,-4.000000000000130e-04,1.295621596120178e-17
3600,29,3.000000000000000e-04,2.999999999999821e-04,1.788933584601082e-17
3700,0,1.200000000000000e-01,1.200000000000001e-01,-5.551115123125783e-17
3700,1,-8.000000000000000e-02,-8.000000000000008e-02,8.326672684688674e-17
3700,2,5.500000000000000e-02,5.500000000000000e-02,0.000000000000000e+00
3700,3,4.000000000000000e-02,4.000000000000001e-02,-6.938893903907228e-18
3700,4,-3.000000000000000e-02,-2.999999999999998e-02,-1.734723475976807e-17
3700,5,2.500000000000000e-02,2.499999999999999e-02,1.040834085586084e-17
3700,6,2.000000000000000e-02,2.000000000000000e-02,0.000000000000000e+00
3700,7,-1.800000000000000e-02,-1.800000000000003e-02,2.775557561562891e-17
3700,8,1.500000000000000e-02,1.500000000000000e-02,-3.469446951953614e-18
3700,9,1.200000000000000e-02,1.200000000000001e-02,-5.204170427930421e-18
3700,10,-1.000000000000000e-02,-9.999999999999983e-03,-1.734723475976807e-17
3700,11,8.999999999999999e-03,8.999999999999989e-03,1.040834085586084e-17
3700,12,8.000000000000000e-03,7.999999999999988e-03,1.214306433183765e-17
3700,13,-7.000000000000000e-03,-7.000000000000004e-03,3.469446951953614e-18
3700,14,6.000000000000000e-03,5.999999999999998e-03,1.734723475976807e-18
3700,15,5.000000000000000e-03,5.000000000000011e-03,-1.040834085586084e-17
3700,16,-4.000000000000000e-03,-3.999999999999998e-03,-1.734723475976807e-18
3700,17,3.500000000000000e-03,3.499999999999972e-03,2.775557561562891e-17
3700,18,3.000000000000000e-03,3.000000000000012e-03,-1.214306433183765e-17
3700,19,-2.500000000000000e-03,-2.499999999999995e-03,-4.770489558936220e-18
3700,20,2.000000000000000e-03,2.000000000000015e-03,-1.517883041479706e-17
3700,21,1.800000000000000e-03,1.800000000000000e-03,-2.168404344971009e-19
3700,22,-1.500000000000000e-03,-1.500000000000007e-03,6.505213034913027e-18
3700,23,1.200000000000000e-03,1.199999999999976e-03,2.341876692568690e-17
3700,24,1.000000000000000e-03,1.000000000000023e-03,-2.298508605669269e-17
3700,25,-8.000000000000000e-04,-7.999999999999931e-04,-6.938893903907228e-18
3700,26,5.999999999999999e-04,6.000000000000078e-04,-7.806255641895632e-18
3700,27,5.000000000000000e-04,4.999999999999855e-04,1.452830911130576e-17
3700,28,-4.000000000000000e-04,-4.000000000000118e-04,1.181780368009200e-17
3700,29,3.000000000000000e-04,2.999999999999924e-04,7.535205098774256e-18
3800,0,1.200000000000000e-01,1.200000000000001e-01,-5.551115123125783e-17
3800,1,-8.000000000000000e-02,-8.000000000000008e-02,8.326672684688674e-17
3800,2,5.500000000000000e-02,5.499999999999999e-02,6.938893903907228e-18
3800,3,4.000000000000000e-02,4.000000000000000e-02,0.000000000000000e+00
3800,4,-3.000000000000000e-02,-3.000000000000001e-02,6.938893903907228e-18
3800,5,2.500000000000000e-02,2.500000000000001e-02,-6.938893903907228e-18
3800,6,2.000000000000000e-02,1.999999999999999e-02,6.938893903907228e-18
3800,7,-1.800000000000000e-02,-1.799999999999999e-02,-6.938893903907228e-18
3800,8,1.500000000000000e-02,1.499999999999998e-02,1.734723475976807e-17
3800,9,1.200000000000000e-02,1.199999999999998e-02,1.734723475976807e-17
3800,10,-1.000000000000000e-02,-9.999999999999988e-03,-1.214306433183765e-17
3800,11,8.999999999999999e-03,9.000000000000006e-03,-6.938893903907228e-18
3800,12,8.000000000000000e-03,7.999999999999997e-03,3.469446951953614e-18
3800,13,-7.000000000000000e-03,-6.999999999999988e-03,-1.214306433183765e-17
3800,14,6.000000000000000e-03,5.999999999999989e-03,1.127570259384925e-17
3800,15,5.000000000000000e-03,5.000000000000001e-03,-8.673617379884035e-19
3800,16,-4.000000000000000e-03,-4.000000000000009e-03,8.673617379884035e-18
3800,17,3.500000000000000e-03,3.499999999999997e-03,3.469446951953614e-18
3800,18,3.000000000000000e-03,2.999999999999997e-03,3.469446951953614e-18
3800,19,-2.500000000000000e-03,-2.499999999999998e-03,-1.734723475976807e-18
3800,20,2.000000000000000e-03,2.000000000000006e-03,-6.071532165918825e-18
3800,21,1.800000000000000e-03,1.800000000000000e-03,-4.336808689942018e-19
3800,22,-1.500000000000000e-03,-1.500000000000003e-03,2.818925648462312e-18
3800,23,1.200000000000000e-03,1.199999999999995e-03,5.204170427930421e-18
3800,24,1.000000000000000e-03,1.000000000000009e-03,-9.324138683375338e-18
3800,25,-8.000000000000000e-04,-8.000000000000073e-04,7.264154555652880e-18
3800,26,5.999999999999999e-04,5.999999999999920e-04,7.914675859144182e-18
3800,27,5.000000000000000e-04,5.000000000000060e-04,-5.963111948670274e-18
3800,28,-4.000000000000000e-04,-4.000000000000100e-04,9.974659986866641e-18
3800,29,3.000000000000000e-04,3.000000000000086e-04,-8.673617379884035e-18
3900,0,1.200000000000000e-01,1.200000000000001e-01,-5.551115123125783e-17
3900,1,-8.000000000000000e-02,-8.000000000000008e-02,8.326672684688674e-17
3900,2,5.500000000000000e-02,5.500000000000000e-02,0.000000000000000e+00
3900,3,4.000000000000000e-02,4.000000000000000e-02,0.000000000000000e+00
3900,4,-3.000000000000000e-02,-2.999999999999999e-02,-1.040834085586084e-17
3900,5,2.500000000000000e-02,2.500000000000000e-02,-3.469446951953614e-18
3900,6,2.000000000000000e-02,1.999999999999999e-02,6.938893903907228e-18
3900,7,-1.800000000000000e-02,-1.799999999999999e-02,-6.938893903907228e-18
3900,8,1.500000000000000e-02,1.499999999999999e-02,1.214306433183765e-17
3900,9,1.200000000000000e-02,1.200000000000001e-02,-5.204170427930421e-18
3900,10,-1.000000000000000e-02,-9.999999999999995e-03,-5.204170427930421e-18
3900,11,8.999999999999999e-03,9.000000000000005e-03,-5.204170427930421e-18
3900,12,8.000000000000000e-03,7.999999999999988e-03,1.214306433183765e-17
3900,13,-7.000000000000000e-03,-7.000000000000004e-03,3.469446951953614e-18
3900,14,6.000000000000000e-03,5.999999999999993e-03,6.938893903907228e-18
3900,15,5.000000000000000e-03,4.999999999999999e-03,8.673617379884035e-19
3900,16,-4.000000000000000e-03,-4.000000000000006e-03,6.071532165918825e-18
3900,17,3.500000000000000e-03,3.500000000000005e-03,-5.204170427930421e-18
3900,18,3.000000000000000e-03,3.000000000000006e-03,-6.071532165918825e-18
3900,19,-2.500000000000000e-03,-2.500000000000007e-03,7.372574772901430e-18
3900,20,2.000000000000000e-03,2.000000000000006e-03,-6.071532165918825e-18
3900,21,1.800000000000000e-03,1.799999999999988e-03,1.170938346284345e-17
3900,22,-1.500000000000000e-03,-1.500000000000011e-03,1.084202172485504e-17
3900,23,1.200000000000000e-03,1.200000000000010e-03,-9.974659986866641e-18
3900,24,1.000000000000000e-03,1.000000000000009e-03,-9.324138683375338e-18
3900,25,-8.000000000000000e-04,-7.999999999999965e-04,-3.577867169202165e-18
3900,26,5.999999999999999e-04,5.999999999999988e-04,1.192622389734055e-18
3900,27,5.000000000000000e-04,4.999999999999948e-04,5.204170427930421e-18
3900,28,-4.000000000000000e-04,-4.000000000000028e-04,2.764715539838036e-18
3900,29,3.000000000000000e-04,3.000000000000001e-04,-1.626303258728257e-19
4000,0,1.200000000000000e-01,1.200000000000001e-01,-5.551115123125783e-17
4000,1,-8.000000000000000e-02,-8.000000000000008e-02,8.326672684688674e-17
4000,2,5.500000000000000e-02,5.499999999999999e-02,6.938893903907228e-18
4000,3,4.000000000000000e-02,3.999999999999999e-02,6.938893903907228e-18
4000,4,-3.000000000000000e-02,-3.000000000000000e-02,0.000000000000000e+00
4000,5,2.500000000000000e-02,2.499999999999999e-02,6.938893903907228e-18
4000,6,2.000000000000000e-02,1.999999999999999e-02,6.938893903907228e-18
4000,7,-1.800000000000000e-02,-1.799999999999999e-02,-1.040834085586084e-17
4000,8,1.500000000000000e-02,1.500000000000001e-02,-8.673617379884035e-18
4000,9,1.200000000000000e-02,1.199999999999999e-02,6.938893903907228e-18
4000,10,-1.000000000000000e-02,-1.000000000000001e-02,6.938893903907228e-18
4000,11,8.999999999999999e-03,9.000000000000006e-03,-6.938893903907228e-18
4000,12,8.000000000000000e-03,7.999999999999995e-03,5.204170427930421e-18
4000,13,-7.000000000000000e-03,-6.999999999999998e-03,-2.602085213965211e-18
4000,14,6.000000000000000e-03,6.000000000000001e-03,-8.673617379884035e-19
4000,15,5.000000000000000e-03,4.999999999999995e-03,5.204170427930421e-18
4000,16,-4.000000000000000e-03,-3.999999999999991e-03,-8.673617379884035e-18
4000,17,3.500000000000000e-03,3.499999999999994e-03,6.505213034913027e-18
4000,18,3.000000000000000e-03,3.000000000000004e-03,-4.336808689942018e-18
4000,19,-2.500000000000000e-03,-2.500000000000005e-03,4.770489558936220e-18
4000,20,2.000000000000000e-03,2.000000000000007e-03,-7.372574772901430e-18
4000,21,1.800000000000000e-03,1.800000000000000e-03,0.000000000000000e+00
4000,22,-1.500000000000000e-03,-1.500000000000005e-03,5.421010862427522e-18
4000,23,1.200000000000000e-03,1.200000000000005e-03,-5.204170427930421e-18
4000,24,1.000000000000000e-03,9.999999999999966e-04,3.469446951953614e-18
4000,25,-8.000000000000000e-04,-7.999999999999888e-04,-1.127570259384925e-17
4000,26,5.999999999999999e-04,6.000000000000110e-04,-1.105886215935215e-17
4000,27,5.000000000000000e-04,4.999999999999971e-04,2.927345865710862e-18
4000,28,-4.000000000000000e-04,-4.000000000000116e-04,1.160096324559490e-17
4000,29,3.000000000000000e-04,2.999999999999953e-04,4.716279450311944e-18
4100,0,1.200000000000000e-01,1.200000000000001e-01,-5.551115123125783e-17
4100,1,-8.000000000000000e-02,-8.000000000000008e-02,8.326672684688674e-17
4100,2,5.500000000000000e-02,5.499999999999999e-02,1.387778780781446e-17
4100,3,4.000000000000000e-02,3.999999999999999e-02,6.938893903907228e-18
4100,4,-3.000000000000000e-02,-3.000000000000000e-02,-3.469446951953614e-18
4100,5,2.500000000000000e-02,2.500000000000000e-02,0.000000000000000e+00
4100,6,2.000000000000000e-02,1.999999999999999e-02,1.040834085586084e-17
4100,7,-1.800000000000000e-02,-1.800000000000000e-02,-3.469446951953614e-18
4100,8,1.500000000000000e-02,1.500000000000001e-02,-1.040834085586084e-17
4100,9,1.200000000000000e-02,1.199999999999999e-02,6.938893903907228e-18
4100,10,-1.000000000000000e-02,-1.000000000000001e-02,6.938893903907228e-18
4100,11,8.999999999999999e-03,8.999999999999996e-03,3.469446951953614e-18
4100,12,8.000000000000000e-03,8.000000000000004e-03,-3.469446951953614e-18
4100,13,-7.000000000000000e-03,-7.000000000000002e-03,1.734723475976807e-18
4100,14,6.000000000000000e-03,5.999999999999992e-03,7.806255641895632e-18
4100,15,5.000000000000000e-03,5.000000000000001e-03,-8.673617379884035e-19
4100,16,-4.000000000000000e-03,-3.999999999999991e-03,-8.673617379884035e-18
4100,17,3.500000000000000e-03,3.499999999999995e-03,4.770489558936220e-18
4100,18,3.000000000000000e-03,3.000000000000010e-03,-1.040834085586084e-17
4100,19,-2.500000000000000e-03,-2.500000000000000e-03,4.336808689942018e-19
4100,20,2.000000000000000e-03,2.000000000000000e-03,0.000000000000000e+00
4100,21,1.800000000000000e-03,1.799999999999999e-03,1.301042606982605e-18
4100,22,-1.500000000000000e-03,-1.499999999999993e-03,-6.938893903907228e-18
4100,23,1.200000000000000e-03,1.200000000000008e-03,-8.239936510889834e-18
4100,24,1.000000000000000e-03,1.000000000000003e-03,-2.818925648462312e-18
4100,25,-8.000000000000000e-04,-7.999999999999957e-04,-4.336808689942018e-18
4100,26,5.999999999999999e-04,6.000000000000150e-04,-1.507041019754851e-17
4100,27,5.000000000000000e-04,4.999999999999975e-04,2.493664996716660e-18
4100,28,-4.000000000000000e-04,-4.000000000000173e-04,1.729302465114380e-17
4100,29,3.000000000000000e-04,3.000000000000099e-04,-9.920449878242366e-18
4200,0,1.200000000000000e-01,1.200000000000000e-01,-4.163336342344337e-17
4200,1,-8.000000000000000e-02,-8.000000000000008e-02,8.326672684688674e-17
4200,2,5.500000000000000e-02,5.499999999999999e-02,1.387778780781446e-17
4200,3,4.000000000000000e-02,3.999999999999999e-02,1.387778780781446e-17
4200,4,-3.000000000000000e-02,-3.000000000000000e-02,3.469446951953614e-18
4200,5,2.500000000000000e-02,2.500000000000000e-02,3.469446951953614e-18
4200,6,2.000000000000000e-02,2.000000000000000e-02,3.469446951953614e-18
4200,7,-1.800000000000000e-02,-1.800000000000001e-02,6.938893903907228e-18
4200,8,1.500000000000000e-02,1.500000000000003e-02,-2.602085213965211e-17
4200,9,1.200000000000000e-02,1.199999999999999e-02,8.673617379884035e-18
4200,10,-1.000000000000000e-02,-9.999999999999992e-03,-8.673617379884035e-18
4200,11,8.999999999999999e-03,8.999999999999998e-03,1.734723475976807e-18
4200,12,8.000000000000000e-03,8.000000000000011e-03,-1.040834085586084e-17
4200,13,-7.000000000000000e-03,-7.000000000000002e-03,1.734723475976807e-18
4200,14,6.000000000000000e-03,5.999999999999995e-03,5.204170427930421e-18
4200,15,5.000000000000000e-03,5.000000000000001e-03,-8.673617379884035e-19
4200,16,-4.000000000000000e-03,-3.999999999999998e-03,-1.734723475976807e-18
4200,17,3.500000000000000e-03,3.499999999999986e-03,1.387778780781446e-17
4200,18,3.000000000000000e-03,2.999999999999995e-03,5.204170427930421e-18
4200,19,-2.500000000000000e-03,-2.500000000000004e-03,3.903127820947816e-18
4200,20,2.000000000000000e-03,1.999999999999997e-03,3.469446951953614e-18
4200,21,1.800000000000000e-03,1.799999999999992e-03,7.806255641895632e-18
4200,22,-1.500000000000000e-03,-1.499999999999999e-03,-1.084202172485504e-18
4200,23,1.200000000000000e-03,1.200000000000006e-03,-6.505213034913027e-18
4200,24,1.000000000000000e-03,1.000000000000004e-03,-3.686287386450715e-18
4200,25,-8.000000000000000e-04,-8.000000000000027e-04,2.710505431213761e-18
4200,26,5.999999999999999e-04,6.000000000000005e-04,-5.421010862427522e-19
4200,27,5.000000000000000e-04,5.000000000000058e-04,-5.746271514173174e-18
4200,28,-4.000000000000000e-04,-4.000000000000085e-04,8.510987054011210e-18
4200,29,3.000000000000000e-04,3.000000000000085e-04,-8.565197162635485e-18
4300,0,1.200000000000000e-01,1.200000000000000e-01,-4.163336342344337e-17
4300,1,-8.000000000000000e-02,-8.000000000000008e-02,8.326672684688674e-17
4300,2,5.500000000000000e-02,5.499999999999999e-02,6.938893903907228e-18
4300,3,4.000000000000000e-02,3.999999999999999e-02,1.387778780781446e-17
4300,4,-3.000000000000000e-02,-3.000000000000000e-02,3.469446951953614e-18
4300,5,2.500000000000000e-02,2.500000000000000e-02,3.469446951953614e-18
4300,6,2.000000000000000e-02,1.999999999999999e-02,6.938893903907228e-18
4300,7,-1.800000000000000e-02,-1.800000000000000e-02,3.469446951953614e-18
4300,8,1.500000000000000e-02,1.500000000000002e-02,-1.908195823574488e-17
4300,9,1.200000000000000e-02,1.199999999999999e-02,1.214306433183765e-17
4300,10,-1.000000000000000e-02,-9.999999999999971e-03,-2.949029909160572e-17
4300,11,8.999999999999999e-03,8.999999999999992e-03,6.938893903907228e-18
4300,12,8.000000000000000e-03,8.000000000000005e-03,-5.204170427930421e-18
4300,13,-7.000000000000000e-03,-7.000000000000002e-03,1.734723475976807e-18
4300,14,6.000000000000000e-03,6.000000000000002e-03,-1.734723475976807e-18
4300,15,5.000000000000000e-03,4.999999999999996e-03,4.336808689942018e-18
4300,16,-4.000000000000000e-03,-3.999999999999997e-03,-2.602085213965211e-18
4300,17,3.500000000000000e-03,3.500000000000000e-03,0.000000000000000e+00
4300,18,3.000000000000000e-03,2.999999999999985e-03,1.474514954580286e-17
4300,19,-2.500000000000000e-03,-2.499999999999993e-03,-6.938893903907228e-18
4300,20,2.000000000000000e-03,1.999999999999998e-03,1.734723475976807e-18
4300,21,1.800000000000000e-03,1.799999999999995e-03,4.770489558936220e-18
4300,22,-1.500000000000000e-03,-1.500000000000013e-03,1.322726650432315e-17
4300,23,1.200000000000000e-03,1.200000000000006e-03,-5.637851296924623e-18
4300,24,1.000000000000000e-03,9.999999999999985e-04,1.517883041479706e-18
4300,25,-8.000000000000000e-04,-7.999999999999947e-04,-5.312590645178972e-18
4300,26,5.999999999999999e-04,5.999999999999885e-04,1.149254302834635e-17
4300,27,5.000000000000000e-04,5.000000000000086e-04,-8.565197162635485e-18
4300,28,-4.000000000000000e-04,-4.000000000000008e-04,7.589415207398531e-19
4300,29,3.000000000000000e-04,3.000000000000106e-04,-1.062518129035794e-17
4400,0,1.200000000000000e-01,1.200000000000000e-01,-4.163336342344337e-17
4400,1,-8.000000000000000e-02,-8.000000000000008e-02,8.326672684688674e-17
4400,2,5.500000000000000e-02,5.499999999999999e-02,1.387778780781446e-17
4400,3,4.000000000000000e-02,3.999999999999999e-02,6.938893903907228e-18
4400,4,-3.000000000000000e-02,-2.999999999999999e-02,-6.938893903907228e-18
4400,5,2.500000000000000e-02,2.500000000000000e-02,3.469446951953614e-18
4400,6,2.000000000000000e-02,1.999999999999999e-02,1.387778780781446e-17
4400,7,-1.800000000000000e-02,-1.800000000000000e-02,0.000000000000000e+00
4400,8,1.500000000000000e-02,1.500000000000001e-02,-8.673617379884035e-18
4400,9,1.200000000000000e-02,1.199999999999999e-02,1.214306433183765e-17
4400,10,-1.000000000000000e-02,-9.999999999999995e-03,-5.204170427930421e-18
4400,11,8.999999999999999e-03,8.999999999999998e-03,1.734723475976807e-18
4400,12,8.000000000000000e-03,8.000000000000012e-03,-1.214306433183765e-17
4400,13,-7.000000000000000e-03,-6.999999999999996e-03,-4.336808689942018e-18
4400,14,6.000000000000000e-03,5.999999999999998e-03,1.734723475976807e-18
4400,15,5.000000000000000e-03,4.999999999999996e-03,4.336808689942018e-18
4400,16,-4.000000000000000e-03,-4.000000000000002e-03,1.734723475976807e-18
4400,17,3.500000000000000e-03,3.499999999999992e-03,8.239936510889834e-18
4400,18,3.000000000000000e-03,2.999999999999998e-03,1.734723475976807e-18
4400,19,-2.500000000000000e-03,-2.500000000000007e-03,6.938893903907228e-18
4400,20,2.000000000000000e-03,2.000000000000011e-03,-1.127570259384925e-17
4400,21,1.800000000000000e-03,1.799999999999990e-03,1.040834085586084e-17
4400,22,-1.500000000000000e-03,-1.499999999999998e-03,-2.168404344971009e-18
4400,23,1.200000000000000e-03,1.199999999999997e-03,3.035766082959412e-18
4400,24,1.000000000000000e-03,1.000000000000004e-03,-3.903127820947816e-18
4400,25,-8.000000000000000e-04,-7.999999999999902e-04,-9.866239769618090e-18
4400,26,5.999999999999999e-04,5.999999999999769e-04,2.309350627394124e-17
4400,27,5.000000000000000e-04,5.000000000000060e-04,-5.963111948670274e-18
4400,28,-4.000000000000000e-04,-4.000000000000013e-04,1.246832498358330e-18
4400,29,3.000000000000000e-04,3.000000000000046e-04,-4.662069341687669e-18
4500,0,1.200000000000000e-01,1.200000000000000e-01,-4.163336342344337e-17
4500,1,-8.000000000000000e-02,-8.000000000000008e-02,8.326672684688674e-17
4500,2,5.500000000000000e-02,5.499999999999998e-02,2.081668171172169e-17
4500,3,4.000000000000000e-02,3.999999999999999e-02,6.938893903907228e-18
4500,4,-3.000000000000000e-02,-3.000000000000000e-02,3.469446951953614e-18
4500,5,2.500000000000000e-02,2.500000000000000e-02,-3.469446951953614e-18
4500,6,2.000000000000000e-02,2.000000000000000e-02,3.469446951953614e-18
4500,7,-1.800000000000000e-02,-1.799999999999999e-02,-1.040834085586084e-17
4500,8,1.500000000000000e-02,1.500000000000000e-02,1.734723475976807e-18
4500,9,1.200000000000000e-02,1.199999999999999e-02,1.040834085586084e-17
4500,10,-1.000000000000000e-02,-9.999999999999998e-03,-1.734723475976807e-18
4500,11,8.999999999999999e-03,9.000000000000005e-03,-5.204170427930421e-18
4500,12,8.000000000000000e-03,8.000000000000007e-03,-6.938893903907228e-18
4500,13,-7.000000000000000e-03,-6.999999999999997e-03,-3.469446951953614e-18
4500,14,6.000000000000000e-03,5.999999999999998e-03,1.734723475976807e-18
4500,15,5.000000000000000e-03,4.999999999999989e-03,1.127570259384925e-17
4500,16,-4.000000000000000e-03,-3.999999999999995e-03,-5.204170427930421e-18
4500,17,3.500000000000000e-03,3.499999999999995e-03,4.770489558936220e-18
4500,18,3.000000000000000e-03,3.000000000000000e-03,-4.336808689942018e-19
4500,19,-2.500000000000000e-03,-2.500000000000009e-03,8.673617379884035e-18
4500,20,2.000000000000000e-03,2.000000000000004e-03,-3.469446951953614e-18
4500,21,1.800000000000000e-03,1.799999999999999e-03,1.301042606982605e-18
4500,22,-1.500000000000000e-03,-1.499999999999996e-03,-3.903127820947816e-18
4500,23,1.200000000000000e-03,1.199999999999981e-03,1.929879867024198e-17
4500,24,1.000000000000000e-03,9.999999999999974e-04,2.602085213965211e-18
4500,25,-8.000000000000000e-04,-7.999999999999954e-04,-4.662069341687669e-18
4500,26,5.999999999999999e-04,5.999999999999969e-04,3.035766082959412e-18
4500,27,5.000000000000000e-04,5.000000000000079e-04,-7.914675859144182e-18
4500,28,-4.000000000000000e-04,-4.000000000000033e-04,3.306816626080789e-18
4500,29,3.000000000000000e-04,3.000000000000057e-04,-5.746271514173174e-18
4600,0,1.200000000000000e-01,1.200000000000000e-01,-4.163336342344337e-17
4600,1,-8.000000000000000e-02,-8.000000000000008e-02,8.326672684688674e-17
4600,2,5.500000000000000e-02,5.499999999999999e-02,1.387778780781446e-17
4600,3,4.000000000000000e-02,3.999999999999999e-02,6.938893903907228e-18
4600,4,-3.000000000000000e-02,-3.000000000000002e-02,2.081668171172169e-17
4600,5,2.500000000000000e-02,2.500000000000000e-02,-3.469446951953614e-18
4600,6,2.000000000000000e-02,2.000000000000000e-02,0.000000000000000e+00
4600,7,-1.800000000000000e-02,-1.800000000000000e-02,-3.469446951953614e-18
4600,8,1.500000000000000e-02,1.500000000000001e-02,-6.938893903907228e-18
4600,9,1.200000000000000e-02,1.199999999999999e-02,8.673617379884035e-18
4600,10,-1.000000000000000e-02,-9.999999999999998e-03,-1.734723475976807e-18
4600,11,8.999999999999999e-03,8.999999999999999e-03,0.000000000000000e+00
4600,12,8.000000000000000e-03,8.000000000000005e-03,-5.204170427930421e-18
4600,13,-7.000000000000000e-03,-7.000000000000001e-03,8.673617379884035e-19
4600,14,6.000000000000000e-03,6.000000000000002e-03,-1.734723475976807e-18
4600,15,5.000000000000000e-03,4.999999999999992e-03,7.806255641895632e-18
4600,16,-4.000000000000000e-03,-4.000000000000001e-03,8.673617379884035e-19
4600,17,3.500000000000000e-03,3.500000000000005e-03,-4.770489558936220e-18
4600,18,3.000000000000000e-03,3.000000000000014e-03,-1.387778780781446e-17
4600,19,-2.500000000000000e-03,-2.500000000000006e-03,6.071532165918825e-18
4600,20,2.000000000000000e-03,1.999999999999991e-03,9.540979117872439e-18
4600,21,1.800000000000000e-03,1.800000000000005e-03,-5.421010862427522e-18
4600,22,-1.500000000000000e-03,-1.499999999999997e-03,-3.035766082959412e-18
4600,23,1.200000000000000e-03,1.199999999999987e-03,1.301042606982605e-17
4600,24,1.000000000000000e-03,9.999999999999963e-04,3.686287386450715e-18
4600,25,-8.000000000000000e-04,-8.000000000000055e-04,5.421010862427522e-18
4600,26,5.999999999999999e-04,6.000000000000042e-04,-4.228388472693467e-18
4600,27,5.000000000000000e-04,5.000000000000062e-04,-6.179952383167375e-18
4600,28,-4.000000000000000e-04,-3.999999999999943e-04,-5.746271514173174e-18
4600,29,3.000000000000000e-04,2.999999999999999e-04,1.084202172485504e-19
4700,0,1.200000000000000e-01,1.200000000000000e-01,-4.163336342344337e-17
4700,1,-8.000000000000000e-02,-8.000000000000008e-02,8.326672684688674e-17
4700,2,5.500000000000000e-02,5.499999999999998e-02,2.081668171172169e-17
4700,3,4.000000000000000e-02,4.000000000000001e-02,-6.938893903907228e-18
4700,4,-3.000000000000000e-02,-3.000000000000002e-02,2.081668171172169e-17
4700,5,2.500000000000000e-02,2.500000000000002e-02,-1.387778780781446e-17
4700,6,2.000000000000000e-02,2.000000000000000e-02,3.469446951953614e-18
4700,7,-1.800000000000000e-02,-1.799999999999999e-02,-1.040834085586084e-17
4700,8,1.500000000000000e-02,1.500000000000000e-02,0.000000000000000e+00
4700,9,1.200000000000000e-02,1.200000000000000e-02,5.204170427930421e-18
4700,10,-1.000000000000000e-02,-9.999999999999997e-03,-3.469446951953614e-18
4700,11,8.999999999999999e-03,9.000000000000003e-03,-3.469446951953614e-18
4700,12,8.000000000000000e-03,8.000000000000016e-03,-1.561251128379126e-17
4700,13,-7.000000000000000e-03,-7.000000000000002e-03,1.734723475976807e-18
4700,14,6.000000000000000e-03,5.999999999999994e-03,6.071532165918825e-18
4700,15,5.000000000000000e-03,4.999999999999999e-03,8.673617379884035e-19
4700,16,-4.000000000000000e-03,-4.000000000000000e-03,0.000000000000000e+00
4700,17,3.500000000000000e-03,3.500000000000003e-03,-3.035766082959412e-18
4700,18,3.000000000000000e-03,2.999999999999998e-03,1.734723475976807e-18
4700,19,-2.500000000000000e-03,-2.500000000000007e-03,6.938893903907228e-18
4700,20,2.000000000000000e-03,1.999999999999990e-03,1.040834085586084e-17
4700,21,1.800000000000000e-03,1.800000000000013e-03,-1.344410693882025e-17
4700,22,-1.500000000000000e-03,-1.500000000000016e-03,1.561251128379126e-17
4700,23,1.200000000000000e-03,1.199999999999988e-03,1.170938346284345e-17
4700,24,1.000000000000000e-03,9.999999999999996e-04,4.336808689942018e-19
4700,25,-8.000000000000000e-04,-8.000000000000052e-04,5.204170427930421e-18
4700,26,5.999999999999999e-04,5.999999999999878e-04,1.214306433183765e-17
4700,27,5.000000000000000e-04,5.000000000000012e-04,-1.192622389734055e-18
4700,28,-4.000000000000000e-04,-3.999999999999967e-04,-3.361026734705064e-18
4700,29,3.000000000000000e-04,2.999999999999961e-04,3.848917712323541e-18
4800,0,1.200000000000000e-01,1.200000000000000e-01,-4.163336342344337e-17
4800,1,-8.000000000000000e-02,-8.000000000000008e-02,8.326672684688674e-17
4800,2,5.500000000000000e-02,5.499999999999999e-02,6.938893903907228e-18
4800,3,4.000000000000000e-02,4.000000000000001e-02,-6.938893903907228e-18
4800,4,-3.000000000000000e-02,-3.000000000000002e-02,2.081668171172169e-17
4800,5,2.500000000000000e-02,2.500000000000001e-02,-6.938893903907228e-18
4800,6,2.000000000000000e-02,1.999999999999999e-02,6.938893903907228e-18
4800,7,-1.800000000000000e-02,-1.799999999999999e-02,-6.938893903907228e-18
4800,8,1.500000000000000e-02,1.500000000000000e-02,3.469446951953614e-18
4800,9,1.200000000000000e-02,1.200000000000001e-02,-5.204170427930421e-18
4800,10,-1.000000000000000e-02,-9.999999999999997e-03,-3.469446951953614e-18
4800,11,8.999999999999999e-03,8.999999999999998e-03,1.734723475976807e-18
4800,12,8.000000000000000e-03,8.000000000000011e-03,-1.040834085586084e-17
4800,13,-7.000000000000000e-03,-7.000000000000001e-03,8.673617379884035e-19
4800,14,6.000000000000000e-03,6.000000000000017e-03,-1.734723475976807e-17
4800,15,5.000000000000000e-03,4.999999999999998e-03,2.602085213965211e-18
4800,16,-4.000000000000000e-03,-4.000000000000009e-03,8.673617379884035e-18
4800,17,3.500000000000000e-03,3.500000000000009e-03,-9.107298248878237e-18
4800,18,3.000000000000000e-03,3.000000000000001e-03,-1.301042606982605e-18
4800,19,-2.500000000000000e-03,-2.500000000000006e-03,5.637851296924623e-18
4800,20,2.000000000000000e-03,1.999999999999992e-03,8.239936510889834e-18
4800,21,1.800000000000000e-03,1.800000000000008e-03,-7.589415207398531e-18
4800,22,-1.500000000000000e-03,-1.500000000000008e-03,8.239936510889834e-18
4800,23,1.200000000000000e-03,1.199999999999988e-03,1.170938346284345e-17
4800,24,1.000000000000000e-03,1.000000000000002e-03,-2.385244779468110e-18
4800,25,-8.000000000000000e-04,-8.000000000000017e-04,1.626303258728257e-18
4800,26,5.999999999999999e-04,5.999999999999909e-04,8.998878031629687e-18
4800,27,5.000000000000000e-04,4.999999999999996e-04,4.336808689942018e-19
4800,28,-4.000000000000000e-04,-3.999999999999953e-04,-4.716279450311944e-18
4800,29,3.000000000000000e-04,3.000000000000009e-04,-9.215718466126788e-19
4900,0,1.200000000000000e-01,1.200000000000000e-01,-4.163336342344337e-17
4900,1,-8.000000000000000e-02,-8.000000000000008e-02,8.326672684688674e-17
4900,2,5.500000000000000e-02,5.499999999999999e-02,6.938893903907228e-18
4900,3,4.000000000000000e-02,4.000000000000001e-02,-6.938893903907228e-18
4900,4,-3.000000000000000e-02,-3.000000000000001e-02,1.040834085586084e-17
4900,5,2.500000000000000e-02,2.500000000000001e-02,-1.040834085586084e-17
4900,6,2.000000000000000e-02,1.999999999999999e-02,6.938893903907228e-18
4900,7,-1.800000000000000e-02,-1.799999999999999e-02,-1.040834085586084e-17
4900,8,1.500000000000000e-02,1.500000000000001e-02,-6.938893903907228e-18
4900,9,1.200000000000000e-02,1.200000000000000e-02,-3.469446951953614e-18
4900,10,-1.000000000000000e-02,-1.000000000000000e-02,3.469446951953614e-18
4900,11,8.999999999999999e-03,8.999999999999999e-03,0.000000000000000e+00
4900,12,8.000000000000000e-03,7.999999999999998e-03,1.734723475976807e-18
4900,13,-7.000000000000000e-03,-7.000000000000006e-03,6.071532165918825e-18
4900,14,6.000000000000000e-03,6.000000000000016e-03,-1.561251128379126e-17
4900,15,5.000000000000000e-03,4.999999999999979e-03,2.081668171172169e-17
4900,16,-4.000000000000000e-03,-3.999999999999987e-03,-1.301042606982605e-17
4900,17,3.500000000000000e-03,3.500000000000005e-03,-4.770489558936220e-18
4900,18,3.000000000000000e-03,2.999999999999997e-03,3.035766082959412e-18
4900,19,-2.500000000000000e-03,-2.500000000000000e-03,4.336808689942018e-19
4900,20,2.000000000000000e-03,1.999999999999994e-03,6.505213034913027e-18
4900,21,1.800000000000000e-03,1.800000000000012e-03,-1.170938346284345e-17
4900,22,-1.500000000000000e-03,-1.500000000000003e-03,2.602085213965211e-18
4900,23,1.200000000000000e-03,1.199999999999999e-03,6.505213034913027e-19
4900,24,1.000000000000000e-03,9.999999999999963e-04,3.686287386450715e-18
4900,25,-8.000000000000000e-04,-7.999999999999887e-04,-1.138412281109780e-17
4900,26,5.999999999999999e-04,5.999999999999834e-04,1.658829323902822e-17
4900,27,5.000000000000000e-04,5.000000000000004e-04,-4.336808689942018e-19
4900,28,-4.000000000000000e-04,-3.999999999999910e-04,-9.053088140253962e-18
4900,29,3.000000000000000e-04,3.000000000000012e-04,-1.192622389734055e-18
5000,0,1.200000000000000e-01,1.200000000000000e-01,-4.163336342344337e-17
5000,1,-8.000000000000000e-02,-8.000000000000008e-02,8.326672684688674e-17
5000,2,5.500000000000000e-02,5.499999999999999e-02,1.387778780781446e-17
5000,3,4.000000000000000e-02,4.000000000000001e-02,-6.938893903907228e-18
5000,4,-3.000000000000000e-02,-2.999999999999999e-02,-6.938893903907228e-18
5000,5,2.500000000000000e-02,2.500000000000000e-02,0.000000000000000e+00
5000,6,2.000000000000000e-02,2.000000000000000e-02,3.469446951953614e-18
5000,7,-1.800000000000000e-02,-1.799999999999997e-02,-2.428612866367530e-17
5000,8,1.500000000000000e-02,1.499999999999999e-02,8.673617379884035e-18
5000,9,1.200000000000000e-02,1.200000000000001e-02,-1.214306433183765e-17
5000,10,-1.000000000000000e-02,-1.000000000000001e-02,1.214306433183765e-17
5000,11,8.999999999999999e-03,9.000000000000005e-03,-5.204170427930421e-18
5000,12,8.000000000000000e-03,8.000000000000000e-03,0.000000000000000e+00
5000,13,-7.000000000000000e-03,-7.000000000000008e-03,7.806255641895632e-18
5000,14,6.000000000000000e-03,6.000000000000006e-03,-6.071532165918825e-18
5000,15,5.000000000000000e-03,4.999999999999997e-03,3.469446951953614e-18
5000,16,-4.000000000000000e-03,-4.000000000000006e-03,6.071532165918825e-18
5000,17,3.500000000000000e-03,3.499999999999995e-03,4.770489558936220e-18
5000,18,3.000000000000000e-03,3.000000000000005e-03,-5.204170427930421e-18
5000,19,-2.500000000000000e-03,-2.499999999999992e-03,-7.806255641895632e-18
5000,20,2.000000000000000e-03,1.999999999999996e-03,3.903127820947816e-18
5000,21,1.800000000000000e-03,1.800000000000003e-03,-2.602085213965211e-18
5000,22,-1.500000000000000e-03,-1.500000000000011e-03,1.105886215935215e-17
5000,23,1.200000000000000e-03,1.200000000000003e-03,-3.252606517456513e-18
5000,24,1.000000000000000e-03,1.000000000000001e-03,-8.673617379884035e-19
5000,25,-8.000000000000000e-04,-7.999999999999996e-04,-4.336808689942018e-19
5000,26,5.999999999999999e-04,5.999999999999896e-04,1.029992063861229e-17
5000,27,5.000000000000000e-04,5.000000000000023e-04,-2.276824562219559e-18
5000,28,-4.000000000000000e-04,-3.999999999999981e-04,-1.897353801849633e-18
5000,29,3.000000000000000e-04,2.999999999999914e-04,8.565197162635485e-18
5100,0,1.200000000000000e-01,1.200000000000000e-01,-4.163336342344337e-17
5100,1,-8.000000000000000e-02,-8.000000000000008e-02,8.326672684688674e-17
5100,2,5.500000000000000e-02,5.499999999999999e-02,1.387778780781446e-17
5100,3,4.000000000000000e-02,4.000000000000000e-02,0.000000000000000e+00
5100,4,-3.000000000000000e-02,-2.999999999999999e-02,-6.938893903907228e-18
5100,5,2.500000000000000e-02,2.500000000000000e-02,3.469446951953614e-18
5100,6,2.000000000000000e-02,1.999999999999999e-02,1.387778780781446e-17
5100,7,-1.800000000000000e-02,-1.799999999999999e-02,-6.938893903907228e-18
5100,8,1.500000000000000e-02,1.499999999999999e-02,5.204170427930421e-18
5100,9,1.200000000000000e-02,1.200000000000000e-02,-1.734723475976807e-18
5100,10,-1.000000000000000e-02,-1.000000000000001e-02,6.938893903907228e-18
5100,11,8.999999999999999e-03,9.000000000000022e-03,-2.255140518769849e-17
5100,12,8.000000000000000e-03,8.000000000000002e-03,-1.734723475976807e-18
5100,13,-7.000000000000000e-03,-7.000000000000000e-03,0.000000000000000e+00
5100,14,6.000000000000000e-03,5.999999999999999e-03,8.673617379884035e-19
5100,15,5.000000000000000e-03,4.999999999999995e-03,5.204170427930421e-18
5100,16,-4.000000000000000e-03,-3.999999999999994e-03,-6.071532165918825e-18
5100,17,3.500000000000000e-03,3.499999999999988e-03,1.170938346284345e-17
5100,18,3.000000000000000e-03,2.999999999999997e-03,3.469446951953614e-18
5100,19,-2.500000000000000e-03,-2.499999999999992e-03,-8.239936510889834e-18
5100,20,2.000000000000000e-03,1.999999999999996e-03,3.903127820947816e-18
5100,21,1.800000000000000e-03,1.800000000000002e-03,-2.385244779468110e-18
5100,22,-1.500000000000000e-03,-1.500000000000008e-03,7.589415207398531e-18
5100,23,1.200000000000000e-03,1.200000000000009e-03,-9.540979117872439e-18
5100,24,1.000000000000000e-03,1.000000000000001e-03,-1.301042606982605e-18
5100,25,-8.000000000000000e-04,-8.000000000000062e-04,6.179952383167375e-18
5100,26,5.999999999999999e-04,5.999999999999984e-04,1.517883041479706e-18
5100,27,5.000000000000000e-04,5.000000000000114e-04,-1.138412281109780e-17
5100,28,-4.000000000000000e-04,-4.000000000000083e-04,8.239936510889834e-18
5100,29,3.000000000000000e-04,3.000000000000000e-04,0.000000000000000e+00
5200,0,1.200000000000000e-01,1.200000000000000e-01,-4.163336342344337e-17
5200,1,-8.000000000000000e-02,-8.000000000000008e-02,8.326672684688674e-17
5200,2,5.500000000000000e-02,5.499999999999998e-02,2.081668171172169e-17
5200,3,4.000000000000000e-02,4.000000000000000e-02,0.000000000000000e+00
5200,4,-3.000000000000000e-02,-3.000000000000000e-02,0.000000000000000e+00
5200,5,2.500000000000000e-02,2.500000000000000e-02,-3.469446951953614e-18
5200,6,2.000000000000000e-02,1.999999999999999e-02,6.938893903907228e-18
5200,7,-1.800000000000000e-02,-1.799999999999998e-02,-1.387778780781446e-17
5200,8,1.500000000000000e-02,1.500000000000001e-02,-6.938893903907228e-18
5200,9,1.200000000000000e-02,1.200000000000000e-02,3.469446951953614e-18
5200,10,-1.000000000000000e-02,-1.000000000000001e-02,1.387778780781446e-17
5200,11,8.999999999999999e-03,9.000000000000001e-03,-1.734723475976807e-18
5200,12,8.000000000000000e-03,7.999999999999990e-03,1.040834085586084e-17
5200,13,-7.000000000000000e-03,-6.999999999999994e-03,-6.071532165918825e-18
5200,14,6.000000000000000e-03,5.999999999999992e-03,7.806255641895632e-18
5200,15,5.000000000000000e-03,5.000000000000000e-03,0.000000000000000e+00
5200,16,-4.000000000000000e-03,-3.999999999999996e-03,-4.336808689942018e-18
5200,17,3.500000000000000e-03,3.499999999999995e-03,4.770489558936220e-18
5200,18,3.000000000000000e-03,3.000000000000005e-03,-5.204170427930421e-18
5200,19,-2.500000000000000e-03,-2.500000000000001e-03,8.673617379884035e-19
5200,20,2.000000000000000e-03,1.999999999999993e-03,6.938893903907228e-18
5200,21,1.800000000000000e-03,1.799999999999993e-03,6.938893903907228e-18
5200,22,-1.500000000000000e-03,-1.500000000000007e-03,6.505213034913027e-18
5200,23,1.200000000000000e-03,1.200000000000015e-03,-1.474514954580286e-17
5200,24,1.000000000000000e-03,9.999999999999926e-04,7.372574772901430e-18
5200,25,-8.000000000000000e-04,-8.000000000000074e-04,7.372574772901430e-18
5200,26,5.999999999999999e-04,5.999999999999929e-04,7.047314121155779e-18
5200,27,5.000000000000000e-04,4.999999999999933e-04,6.722053469410127e-18
5200,28,-4.000000000000000e-04,-4.000000000000039e-04,3.848917712323541e-18
5200,29,3.000000000000000e-04,3.000000000000050e-04,-5.041540102057596e-18
5300,0,1.200000000000000e-01,1.200000000000000e-01,-4.163336342344337e-17
5300,1,-8.000000000000000e-02,-8.000000000000008e-02,8.326672684688674e-17
5300,2,5.500000000000000e-02,5.499999999999998e-02,2.081668171172169e-17
5300,3,4.000000000000000e-02,4.000000000000001e-02,-6.938893903907228e-18
5300,4,-3.000000000000000e-02,-2.999999999999999e-02,-6.938893903907228e-18
5300,5,2.500000000000000e-02,2.500000000000000e-02,0.000000000000000e+00
5300,6,2.000000000000000e-02,2.000000000000001e-02,-6.938893903907228e-18
5300,7,-1.800000000000000e-02,-1.800000000000000e-02,3.469446951953614e-18
5300,8,1.500000000000000e-02,1.500000000000000e-02,3.469446951953614e-18
5300,9,1.200000000000000e-02,1.200000000000001e-02,-5.204170427930421e-18
5300,10,-1.000000000000000e-02,-1.000000000000001e-02,6.938893903907228e-18
5300,11,8.999999999999999e-03,8.999999999999998e-03,1.734723475976807e-18
5300,12,8.000000000000000e-03,8.000000000000012e-03,-1.214306433183765e-17
5300,13,-7.000000000000000e-03,-6.999999999999996e-03,-4.336808689942018e-18
5300,14,6.000000000000000e-03,5.999999999999999e-03,8.673617379884035e-19
5300,15,5.000000000000000e-03,5.000000000000011e-03,-1.040834085586084e-17
5300,16,-4.000000000000000e-03,-3.999999999999996e-03,-4.336808689942018e-18
5300,17,3.500000000000000e-03,3.500000000000004e-03,-3.903127820947816e-18
5300,18,3.000000000000000e-03,3.000000000000005e-03,-5.204170427930421e-18
5300,19,-2.500000000000000e-03,-2.500000000000000e-03,0.000000000000000e+00
5300,20,2.000000000000000e-03,2.000000000000005e-03,-4.770489558936220e-18
5300,21,1.800000000000000e-03,1.799999999999990e-03,9.757819552369540e-18
5300,22,-1.500000000000000e-03,-1.500000000000003e-03,2.818925648462312e-18
5300,23,1.200000000000000e-03,1.200000000000002e-03,-1.951563910473908e-18
5300,24,1.000000000000000e-03,1.000000000000003e-03,-3.252606517456513e-18
5300,25,-8.000000000000000e-04,-8.000000000000141e-04,1.409462824231156e-17
5300,26,5.999999999999999e-04,5.999999999999984e-04,1.517883041479706e-18
5300,27,5.000000000000000e-04,5.000000000000009e-04,-8.673617379884035e-19
5300,28,-4.000000000000000e-04,-3.999999999999957e-04,-4.282598581317743e-18
5300,29,3.000000000000000e-04,2.999999999999973e-04,2.656295322589486e-18
5400,0,1.200000000000000e-01,1.200000000000000e-01,-4.163336342344337e-17
5400,1,-8.000000000000000e-02,-8.000000000000008e-02,8.326672684688674e-17
5400,2,5.500000000000000e-02,5.499999999999997e-02,2.775557561562891e-17
5400,3,4.000000000000000e-02,3.999999999999999e-02,6.938893903907228e-18
5400,4,-3.000000000000000e-02,-2.999999999999998e-02,-1.734723475976807e-17
5400,5,2.500000000000000e-02,2.499999999999999e-02,6.938893903907228e-18
5400,6,2.000000000000000e-02,2.000000000000000e-02,3.469446951953614e-18
5400,7,-1.800000000000000e-02,-1.800000000000001e-02,6.938893903907228e-18
5400,8,1.500000000000000e-02,1.500000000000000e-02,0.000000000000000e+00
5400,9,1.200000000000000e-02,1.200000000000000e-02,-1.734723475976807e-18
5400,10,-1.000000000000000e-02,-1.000000000000000e-02,0.000000000000000e+00
5400,11,8.999999999999999e-03,9.000000000000003e-03,-3.469446951953614e-18
5400,12,8.000000000000000e-03,8.000000000000012e-03,-1.214306433183765e-17
5400,13,-7.000000000000000e-03,-7.000000000000002e-03,1.734723475976807e-18
5400,14,6.000000000000000e-03,5.999999999999985e-03,1.474514954580286e-17
5400,15,5.000000000000000e-03,4.999999999999998e-03,1.734723475976807e-18
5400,16,-4.000000000000000e-03,-3.999999999999991e-03,-8.673617379884035e-18
5400,17,3.500000000000000e-03,3.500000000000004e-03,-4.336808689942018e-18
5400,18,3.000000000000000e-03,2.999999999999999e-03,8.673617379884035e-19
5400,19,-2.500000000000000e-03,-2.500000000000007e-03,6.505213034913027e-18
5400,20,2.000000000000000e-03,2.000000000000005e-03,-4.770489558936220e-18
5400,21,1.800000000000000e-03,1.799999999999993e-03,7.155734338404329e-18
5400,22,-1.500000000000000e-03,-1.499999999999994e-03,-6.505213034913027e-18
5400,23,1.200000000000000e-03,1.199999999999987e-03,1.257674520083185e-17
5400,24,1.000000000000000e-03,9.999999999999920e-04,8.023096076392733e-18
5400,25,-8.000000000000000e-04,-8.000000000000075e-04,7.480994990149981e-18
5400,26,5.999999999999999e-04,5.999999999999960e-04,3.903127820947816e-18
5400,27,5.000000000000000e-04,5.000000000000053e-04,-5.312590645178972e-18
5400,28,-4.000000000000000e-04,-4.000000000000046e-04,4.553649124439119e-18
5400,29,3.000000000000000e-04,2.999999999999890e-04,1.095044194210359e-17
5500,0,1.200000000000000e-01,1.200000000000000e-01,-4.163336342344337e-17
5500,1,-8.000000000000000e-02,-8.000000000000008e-02,8.326672684688674e-17
5500,2,5.500000000000000e-02,5.499999999999998e-02,2.081668171172169e-17
5500,3,4.000000000000000e-02,4.000000000000000e-02,0.000000000000000e+00
5500,4,-3.000000000000000e-02,-2.999999999999997e-02,-3.122502256758253e-17
5500,5,2.500000000000000e-02,2.500000000000000e-02,0.000000000000000e+00
5500,6,2.000000000000000e-02,2.000000000000000e-02,0.000000000000000e+00
5500,7,-1.800000000000000e-02,-1.800000000000000e-02,3.469446951953614e-18
5500,8,1.500000000000000e-02,1.499999999999999e-02,6.938893903907228e-18
5500,9,1.200000000000000e-02,1.200000000000000e-02,-1.734723475976807e-18
5500,10,-1.000000000000000e-02,-1.000000000000001e-02,5.204170427930421e-18
5500,11,8.999999999999999e-03,9.000000000000010e-03,-1.040834085586084e-17
5500,12,8.000000000000000e-03,7.999999999999998e-03,1.734723475976807e-18
5500,13,-7.000000000000000e-03,-7.000000000000001e-03,8.673617379884035e-19
5500,14,6.000000000000000e-03,5.999999999999993e-03,6.938893903907228e-18
5500,15,5.000000000000000e-03,5.000000000000003e-03,-2.602085213965211e-18
5500,16,-4.000000000000000e-03,-3.999999999999992e-03,-7.806255641895632e-18
5500,17,3.500000000000000e-03,3.499999999999993e-03,6.938893903907228e-18
5500,18,3.000000000000000e-03,3.000000000000007e-03,-6.938893903907228e-18
5500,19,-2.500000000000000e-03,-2.499999999999999e-03,-1.301042606982605e-18
5500,20,2.000000000000000e-03,2.000000000000004e-03,-3.903127820947816e-18
5500,21,1.800000000000000e-03,1.800000000000001e-03,-1.301042606982605e-18
5500,22,-1.500000000000000e-03,-1.499999999999995e-03,-4.770489558936220e-18
5500,23,1.200000000000000e-03,1.199999999999983e-03,1.647987302177967e-17
5500,24,1.000000000000000e-03,1.000000000000004e-03,-3.903127820947816e-18
5500,25,-8.000000000000000e-04,-8.000000000000095e-04,9.432558900623889e-18
5500,26,5.999999999999999e-04,6.000000000000058e-04,-5.854691731421724e-18
5500,27,5.000000000000000e-04,5.000000000000020e-04,-1.951563910473908e-18
5500,28,-4.000000000000000e-04,-3.999999999999915e-04,-8.510987054011210e-18
5500,29,3.000000000000000e-04,2.999999999999909e-04,9.053088140253962e-18
5600,0,1.200000000000000e-01,1.200000000000000e-01,-4.163336342344337e-17
5600,1,-8.000000000000000e-02,-8.000000000000008e-02,8.326672684688674e-17
5600,2,5.500000000000000e-02,5.499999999999998e-02,2.081668171172169e-17
5600,3,4.000000000000000e-02,4.000000000000000e-02,0.000000000000000e+00
5600,4,-3.000000000000000e-02,-2.999999999999999e-02,-1.040834085586084e-17
5600,5,2.500000000000000e-02,2.500000000000000e-02,3.469446951953614e-18
5600,6,2.000000000000000e-02,2.000000000000000e-02,3.469446951953614e-18
5600,7,-1.800000000000000e-02,-1.800000000000000e-02,3.469446951953614e-18
5600,8,1.500000000000000e-02,1.499999999999999e-02,8.673617379884035e-18
5600,9,1.200000000000000e-02,1.200000000000000e-02,-3.469446951953614e-18
5600,10,-1.000000000000000e-02,-9.999999999999995e-03,-5.204170427930421e-18
5600,11,8.999999999999999e-03,8.999999999999999e-03,0.000000000000000e+00
5600,12,8.000000000000000e-03,8.000000000000012e-03,-1.214306433183765e-17
5600,13,-7.000000000000000e-03,-7.000000000000011e-03,1.040834085586084e-17
5600,14,6.000000000000000e-03,5.999999999999998e-03,1.734723475976807e-18
5600,15,5.000000000000000e-03,4.999999999999996e-03,4.336808689942018e-18
5600,16,-4.000000000000000e-03,-3.999999999999985e-03,-1.474514954580286e-17
5600,17,3.500000000000000e-03,3.500000000000006e-03,-6.071532165918825e-18
5600,18,3.000000000000000e-03,2.999999999999998e-03,1.734723475976807e-18
5600,19,-2.500000000000000e-03,-2.499999999999997e-03,-3.469446951953614e-18
5600,20,2.000000000000000e-03,1.999999999999990e-03,9.974659986866641e-18
5600,21,1.800000000000000e-03,1.800000000000005e-03,-5.204170427930421e-18
5600,22,-1.500000000000000e-03,-1.499999999999998e-03,-2.385244779468110e-18
5600,23,1.200000000000000e-03,1.200000000000003e-03,-3.035766082959412e-18
5600,24,1.000000000000000e-03,1.000000000000005e-03,-4.987329993433320e-18
5600,25,-8.000000000000000e-04,-8.000000000000109e-04,1.084202172485504e-17
5600,26,5.999999999999999e-04,5.999999999999996e-04,3.252606517456513e-19
5600,27,5.000000000000000e-04,4.999999999999986e-04,1.409462824231156e-18
5600,28,-4.000000000000000e-04,-4.000000000000071e-04,7.047314121155779e-18
5600,29,3.000000000000000e-04,3.000000000000019e-04,-1.951563910473908e-18
5700,0,1.200000000000000e-01,1.200000000000000e-01,-4.163336342344337e-17
5700,1,-8.000000000000000e-02,-8.000000000000008e-02,8.326672684688674e-17
5700,2,5.500000000000000e-02,5.499999999999998e-02,2.081668171172169e-17
5700,3,4.000000000000000e-02,3.999999999999999e-02,6.938893903907228e-18
5700,4,-3.000000000000000e-02,-2.999999999999999e-02,-1.387778780781446e-17
5700,5,2.500000000000000e-02,2.500000000000000e-02,-3.469446951953614e-18
5700,6,2.000000000000000e-02,2.000000000000000e-02,3.469446951953614e-18
5700,7,-1.800000000000000e-02,-1.800000000000000e-02,0.000000000000000e+00
5700,8,1.500000000000000e-02,1.500000000000000e-02,1.734723475976807e-18
5700,9,1.200000000000000e-02,1.200000000000001e-02,-1.214306433183765e-17
5700,10,-1.000000000000000e-02,-9.999999999999993e-03,-6.938893903907228e-18
5700,11,8.999999999999999e-03,9.000000000000006e-03,-6.938893903907228e-18
5700,12,8.000000000000000e-03,8.000000000000018e-03,-1.734723475976807e-17
5700,13,-7.000000000000000e-03,-7.000000000000013e-03,1.301042606982605e-17
5700,14,6.000000000000000e-03,5.999999999999993e-03,6.938893903907228e-18
5700,15,5.000000000000000e-03,5.000000000000006e-03,-6.071532165918825e-18
5700,16,-4.000000000000000e-03,-3.999999999999998e-03,-1.734723475976807e-18
5700,17,3.500000000000000e-03,3.499999999999998e-03,2.168404344971009e-18
5700,18,3.000000000000000e-03,3.000000000000001e-03,-8.673617379884035e-19
5700,19,-2.500000000000000e-03,-2.500000000000001e-03,8.673617379884035e-19
5700,20,2.000000000000000e-03,1.999999999999993e-03,7.372574772901430e-18
5700,21,1.800000000000000e-03,1.800000000000002e-03,-1.951563910473908e-18
5700,22,-1.500000000000000e-03,-1.500000000000006e-03,5.637851296924623e-18
5700,23,1.200000000000000e-03,1.200000000000016e-03,-1.582935171828836e-17
5700,24,1.000000000000000e-03,1.000000000000005e-03,-5.204170427930421e-18
5700,25,-8.000000000000000e-04,-8.000000000000033e-04,3.252606517456513e-18
5700,26,5.999999999999999e-04,5.999999999999971e-04,2.818925648462312e-18
5700,27,5.000000000000000e-04,4.999999999999906e-04,9.432558900623889e-18
5700,28,-4.000000000000000e-04,-4.000000000000089e-04,8.836247705756861e-18
5700,29,3.000000000000000e-04,2.999999999999916e-04,8.402566836762659e-18
5800,0,1.200000000000000e-01,1.200000000000000e-01,-2.775557561562891e-17
5800,1,-8.000000000000000e-02,-8.000000000000007e-02,6.938893903907228e-17
5800,2,5.500000000000000e-02,5.499999999999999e-02,1.387778780781446e-17
5800,3,4.000000000000000e-02,4.000000000000000e-02,0.000000000000000e+00
5800,4,-3.000000000000000e-02,-3.000000000000000e-02,0.000000000000000e+00
5800,5,2.500000000000000e-02,2.500000000000000e-02,-3.469446951953614e-18
5800,6,2.000000000000000e-02,1.999999999999999e-02,1.040834085586084e-17
5800,7,-1.800000000000000e-02,-1.800000000000001e-02,6.938893903907228e-18
5800,8,1.500000000000000e-02,1.500000000000000e-02,-5.204170427930421e-18
5800,9,1.200000000000000e-02,1.199999999999999e-02,1.387778780781446e-17
5800,10,-1.000000000000000e-02,-9.999999999999993e-03,-6.938893903907228e-18
5800,11,8.999999999999999e-03,9.000000000000003e-03,-3.469446951953614e-18
5800,12,8.000000000000000e-03,8.000000000000014e-03,-1.387778780781446e-17
5800,13,-7.000000000000000e-03,-6.999999999999998e-03,-2.602085213965211e-18
5800,14,6.000000000000000e-03,5.999999999999989e-03,1.127570259384925e-17
5800,15,5.000000000000000e-03,5.000000000000000e-03,0.000000000000000e+00
5800,16,-4.000000000000000e-03,-4.000000000000000e-03,0.000000000000000e+00
5800,17,3.500000000000000e-03,3.500000000000009e-03,-8.673617379884035e-18
5800,18,3.000000000000000e-03,2.999999999999990e-03,1.040834085586084e-17
5800,19,-2.500000000000000e-03,-2.499999999999994e-03,-6.071532165918825e-18
5800,20,2.000000000000000e-03,2.000000000000000e-03,0.000000000000000e+00
5800,21,1.800000000000000e-03,1.800000000000004e-03,-3.686287386450715e-18
5800,22,-1.500000000000000e-03,-1.500000000000007e-03,6.938893903907228e-18
5800,23,1.200000000000000e-03,1.199999999999997e-03,3.252606517456513e-18
5800,24,1.000000000000000e-03,1.000000000000007e-03,-7.372574772901430e-18
5800,25,-8.000000000000000e-04,-8.000000000000011e-04,1.084202172485504e-18
5800,26,5.999999999999999e-04,5.999999999999885e-04,1.149254302834635e-17
5800,27,5.000000000000000e-04,4.999999999999895e-04,1.051676107310939e-17
5800,28,-4.000000000000000e-04,-3.999999999999990e-04,-9.757819552369540e-19
5800,29,3.000000000000000e-04,3.000000000000007e-04,-7.589415207398531e-19
5900,0,1.200000000000000e-01,1.200000000000000e-01,-2.775557561562891e-17
5900,1,-8.000000000000000e-02,-8.000000000000007e-02,6.938893903907228e-17
5900,2,5.500000000000000e-02,5.499999999999998e-02,2.081668171172169e-17
5900,3,4.000000000000000e-02,4.000000000000000e-02,0.000000000000000e+00
5900,4,-3.000000000000000e-02,-3.000000000000000e-02,0.000000000000000e+00
5900,5,2.500000000000000e-02,2.500000000000000e-02,0.000000000000000e+00
5900,6,2.000000000000000e-02,1.999999999999999e-02,1.040834085586084e-17
5900,7,-1.800000000000000e-02,-1.800000000000000e-02,3.469446951953614e-18
5900,8,1.500000000000000e-02,1.499999999999999e-02,5.204170427930421e-18
5900,9,1.200000000000000e-02,1.199999999999999e-02,6.938893903907228e-18
5900,10,-1.000000000000000e-02,-9.999999999999995e-03,-5.204170427930421e-18
5900,11,8.999999999999999e-03,9.000000000000006e-03,-6.938893903907228e-18
5900,12,8.000000000000000e-03,8.000000000000014e-03,-1.387778780781446e-17
5900,13,-7.000000000000000e-03,-7.000000000000002e-03,1.734723475976807e-18
5900,14,6.000000000000000e-03,5.999999999999995e-03,5.204170427930421e-18
5900,15,5.000000000000000e-03,4.999999999999995e-03,5.204170427930421e-18
5900,16,-4.000000000000000e-03,-3.999999999999999e-03,-8.673617379884035e-19
5900,17,3.500000000000000e-03,3.500000000000004e-03,-3.469446951953614e-18
5900,18,3.000000000000000e-03,2.999999999999994e-03,6.505213034913027e-18
5900,19,-2.500000000000000e-03,-2.500000000000001e-03,1.301042606982605e-18
5900,20,2.000000000000000e-03,2.000000000000002e-03,-2.168404344971009e-18
5900,21,1.800000000000000e-03,1.800000000000001e-03,-1.084202172485504e-18
5900,22,-1.500000000000000e-03,-1.500000000000012e-03,1.214306433183765e-17
5900,23,1.200000000000000e-03,1.199999999999984e-03,1.561251128379126e-17
5900,24,1.000000000000000e-03,1.000000000000008e-03,-7.806255641895632e-18
5900,25,-8.000000000000000e-04,-7.999999999999977e-04,-2.385244779468110e-18
5900,26,5.999999999999999e-04,5.999999999999975e-04,2.493664996716660e-18
5900,27,5.000000000000000e-04,4.999999999999904e-04,9.649399335120989e-18
5900,28,-4.000000000000000e-04,-4.000000000000018e-04,1.788933584601082e-18
5900,29,3.000000000000000e-04,3.000000000000094e-04,-9.378348791999613e-18
6000,0,1.200000000000000e-01,1.200000000000000e-01,-2.775557561562891e-17
6000,1,-8.000000000000000e-02,-8.000000000000007e-02,6.938893903907228e-17
6000,2,5.500000000000000e-02,5.499999999999998e-02,2.081668171172169e-17
6000,3,4.000000000000000e-02,4.000000000000000e-02,0.000000000000000e+00
6000,4,-3.000000000000000e-02,-3.000000000000000e-02,3.469446951953614e-18
6000,5,2.500000000000000e-02,2.500000000000000e-02,-3.469446951953614e-18
6000,6,2.000000000000000e-02,1.999999999999999e-02,6.938893903907228e-18
6000,7,-1.800000000000000e-02,-1.800000000000001e-02,6.938893903907228e-18
6000,8,1.500000000000000e-02,1.500000000000001e-02,-6.938893903907228e-18
6000,9,1.200000000000000e-02,1.199999999999999e-02,8.673617379884035e-18
6000,10,-1.000000000000000e-02,-9.999999999999995e-03,-5.204170427930421e-18
6000,11,8.999999999999999e-03,8.999999999999996e-03,3.469446951953614e-18
6000,12,8.000000000000000e-03,8.000000000000007e-03,-6.938893903907228e-18
6000,13,-7.000000000000000e-03,-6.999999999999993e-03,-6.938893903907228e-18
6000,14,6.000000000000000e-03,5.999999999999995e-03,5.204170427930421e-18
6000,15,5.000000000000000e-03,4.999999999999996e-03,4.336808689942018e-18
6000,16,-4.000000000000000e-03,-3.999999999999998e-03,-1.734723475976807e-18
6000,17,3.500000000000000e-03,3.500000000000007e-03,-6.938893903907228e-18
6000,18,3.000000000000000e-03,3.000000000000005e-03,-4.770489558936220e-18
6000,19,-2.500000000000000e-03,-2.499999999999996e-03,-4.336808689942018e-18
6000,20,2.000000000000000e-03,2.000000000000003e-03,-3.035766082959412e-18
6000,21,1.800000000000000e-03,1.799999999999999e-03,1.084202172485504e-18
6000,22,-1.500000000000000e-03,-1.499999999999999e-03,-1.301042606982605e-18
6000,23,1.200000000000000e-03,1.199999999999990e-03,9.757819552369540e-18
6000,24,1.000000000000000e-03,1.000000000000004e-03,-4.336808689942018e-18
6000,25,-8.000000000000000e-04,-7.999999999999994e-04,-6.505213034913027e-19
6000,26,5.999999999999999e-04,5.999999999999982e-04,1.734723475976807e-18
6000,27,5.000000000000000e-04,5.000000000000015e-04,-1.517883041479706e-18
6000,28,-4.000000000000000e-04,-4.000000000000029e-04,2.873135757086587e-18
6000,29,3.000000000000000e-04,3.000000000000034e-04,-3.415236843329339e-18
6100,0,1.200000000000000e-01,1.200000000000000e-01,-2.775557561562891e-17
6100,1,-8.000000000000000e-02,-8.000000000000007e-02,6.938893903907228e-17
6100,2,5.500000000000000e-02,5.499999999999999e-02,1.387778780781446e-17
6100,3,4.000000000000000e-02,4.000000000000001e-02,-6.938893903907228e-18
6100,4,-3.000000000000000e-02,-2.999999999999999e-02,-1.387778780781446e-17
6100,5,2.500000000000000e-02,2.500000000000001e-02,-6.938893903907228e-18
6100,6,2.000000000000000e-02,1.999999999999999e-02,1.040834085586084e-17
6100,7,-1.800000000000000e-02,-1.800000000000000e-02,0.000000000000000e+00
6100,8,1.500000000000000e-02,1.500000000000000e-02,0.000000000000000e+00
6100,9,1.200000000000000e-02,1.200000000000001e-02,-1.040834085586084e-17
6100,10,-1.000000000000000e-02,-9.999999999999997e-03,-3.469446951953614e-18
6100,11,8.999999999999999e-03,8.999999999999999e-03,0.000000000000000e+00
6100,12,8.000000000000000e-03,8.000000000000005e-03,-5.204170427930421e-18
6100,13,-7.000000000000000e-03,-6.999999999999998e-03,-1.734723475976807e-18
6100,14,6.000000000000000e-03,5.999999999999997e-03,3.469446951953614e-18
6100,15,5.000000000000000e-03,5.000000000000017e-03,-1.734723475976807e-17
6100,16,-4.000000000000000e-03,-3.999999999999999e-03,-8.673617379884035e-19
6100,17,3.500000000000000e-03,3.499999999999992e-03,7.806255641895632e-18
6100,18,3.000000000000000e-03,3.000000000000006e-03,-6.071532165918825e-18
6100,19,-2.500000000000000e-03,-2.499999999999990e-03,-9.974659986866641e-18
6100,20,2.000000000000000e-03,1.999999999999999e-03,1.301042606982605e-18
6100,21,1.800000000000000e-03,1.800000000000000e-03,4.336808689942018e-19
6100,22,-1.500000000000000e-03,-1.500000000000000e-03,2.168404344971009e-19
6100,23,1.200000000000000e-03,1.199999999999989e-03,1.062518129035794e-17
6100,24,1.000000000000000e-03,1.000000000000009e-03,-9.107298248878237e-18
6100,25,-8.000000000000000e-04,-7.999999999999888e-04,-1.127570259384925e-17
6100,26,5.999999999999999e-04,6.000000000000062e-04,-6.288372600415926e-18
6100,27,5.000000000000000e-04,4.999999999999943e-04,5.746271514173174e-18
6100,28,-4.000000000000000e-04,-3.999999999999949e-04,-5.095750210681871e-18
6100,29,3.000000000000000e-04,3.000000000000069e-04,-6.938893903907228e-18
6200,0,1.200000000000000e-01,1.200000000000000e-01,-2.775557561562891e-17
6200,1,-8.000000000000000e-02,-8.000000000000007e-02,6.938893903907228e-17
6200,2,5.500000000000000e-02,5.499999999999999e-02,6.938893903907228e-18
6200,3,4.000000000000000e-02,4.000000000000000e-02,0.000000000000000e+00
6200,4,-3.000000000000000e-02,-2.999999999999999e-02,-6.938893903907228e-18
6200,5,2.500000000000000e-02,2.500000000000001e-02,-6.938893903907228e-18
6200,6,2.000000000000000e-02,2.000000000000000e-02,3.469446951953614e-18
6200,7,-1.800000000000000e-02,-1.800000000000000e-02,0.000000000000000e+00
6200,8,1.500000000000000e-02,1.499999999999998e-02,1.734723475976807e-17
6200,9,1.200000000000000e-02,1.200000000000000e-02,0.000000000000000e+00
6200,10,-1.000000000000000e-02,-1.000000000000000e-02,0.000000000000000e+00
6200,11,8.999999999999999e-03,8.999999999999994e-03,5.204170427930421e-18
6200,12,8.000000000000000e-03,8.000000000000002e-03,-1.734723475976807e-18
6200,13,-7.000000000000000e-03,-6.999999999999999e-03,-8.673617379884035e-19
6200,14,6.000000000000000e-03,5.999999999999993e-03,6.938893903907228e-18
6200,15,5.000000000000000e-03,5.000000000000000e-03,0.000000000000000e+00
6200,16,-4.000000000000000e-03,-3.999999999999998e-03,-1.734723475976807e-18
6200,17,3.500000000000000e-03,3.500000000000000e-03,4.336808689942018e-19
6200,18,3.000000000000000e-03,2.999999999999994e-03,5.637851296924623e-18
6200,19,-2.500000000000000e-03,-2.500000000000001e-03,8.673617379884035e-19
6200,20,2.000000000000000e-03,2.000000000000005e-03,-5.204170427930421e-18
6200,21,1.800000000000000e-03,1.799999999999997e-03,3.252606517456513e-18
6200,22,-1.500000000000000e-03,-1.499999999999998e-03,-1.951563910473908e-18
6200,23,1.200000000000000e-03,1.199999999999984e-03,1.561251128379126e-17
6200,24,1.000000000000000e-03,1.000000000000015e-03,-1.474514954580286e-17
6200,25,-8.000000000000000e-04,-7.999999999999798e-04,-2.027458062547893e-17
6200,26,5.999999999999999e-04,5.999999999999978e-04,2.168404344971009e-18
6200,27,5.000000000000000e-04,4.999999999999947e-04,5.312590645178972e-18
6200,28,-4.000000000000000e-04,-4.000000000000021e-04,2.059984127722458e-18
6200,29,3.000000000000000e-04,3.000000000000082e-04,-8.185726402265558e-18
6300,0,1.200000000000000e-01,1.200000000000000e-01,-2.775557561562891e-17
6300,1,-8.000000000000000e-02,-8.000000000000007e-02,6.938893903907228e-17
6300,2,5.500000000000000e-02,5.499999999999999e-02,1.387778780781446e-17
6300,3,4.000000000000000e-02,4.000000000000001e-02,-6.938893903907228e-18
6300,4,-3.000000000000000e-02,-2.999999999999999e-02,-1.040834085586084e-17
6300,5,2.500000000000000e-02,2.499999999999999e-02,6.938893903907228e-18
6300,6,2.000000000000000e-02,2.000000000000000e-02,3.469446951953614e-18
6300,7,-1.800000000000000e-02,-1.799999999999999e-02,-1.040834085586084e-17
6300,8,1.500000000000000e-02,1.499999999999998e-02,1.908195823574488e-17
6300,9,1.200000000000000e-02,1.199999999999999e-02,1.214306433183765e-17
6300,10,-1.000000000000000e-02,-9.999999999999998e-03,-1.734723475976807e-18
6300,11,8.999999999999999e-03,9.000000000000003e-03,-3.469446951953614e-18
6300,12,8.000000000000000e-03,7.999999999999993e-03,6.938893903907228e-18
6300,13,-7.000000000000000e-03,-6.999999999999989e-03,-1.127570259384925e-17
6300,14,6.000000000000000e-03,6.000000000000007e-03,-6.938893903907228e-18
6300,15,5.000000000000000e-03,4.999999999999992e-03,7.806255641895632e-18
6300,16,-4.000000000000000e-03,-4.000000000000012e-03,1.214306433183765e-17
6300,17,3.500000000000000e-03,3.500000000000007e-03,-6.938893903907228e-18
6300,18,3.000000000000000e-03,2.999999999999996e-03,3.903127820947816e-18
6300,19,-2.500000000000000e-03,-2.500000000000010e-03,9.540979117872439e-18
6300,20,2.000000000000000e-03,1.999999999999994e-03,6.071532165918825e-18
6300,21,1.800000000000000e-03,1.799999999999996e-03,4.336808689942018e-18
6300,22,-1.500000000000000e-03,-1.499999999999988e-03,-1.214306433183765e-17
6300,23,1.200000000000000e-03,1.199999999999986e-03,1.344410693882025e-17
6300,24,1.000000000000000e-03,1.000000000000007e-03,-7.155734338404329e-18
6300,25,-8.000000000000000e-04,-7.999999999999924e-04,-7.589415207398531e-18
6300,26,5.999999999999999e-04,5.999999999999822e-04,1.778091562876227e-17
6300,27,5.000000000000000e-04,5.000000000000081e-04,-8.131516293641283e-18
6300,28,-4.000000000000000e-04,-4.000000000000093e-04,9.269928574751063e-18
6300,29,3.000000000000000e-04,3.000000000000006e-04,-5.963111948670274e-19
6400,0,1.200000000000000e-01,1.200000000000000e-01,-2.775557561562891e-17
6400,1,-8.000000000000000e-02,-8.000000000000007e-02,6.938893903907228e-17
6400,2,5.500000000000000e-02,5.499999999999999e-02,1.387778780781446e-17
6400,3,4.000000000000000e-02,4.000000000000001e-02,-6.938893903907228e-18
6400,4,-3.000000000000000e-02,-2.999999999999999e-02,-6.938893903907228e-18
6400,5,2.500000000000000e-02,2.500000000000000e-02,3.469446951953614e-18
6400,6,2.000000000000000e-02,2.000000000000000e-02,0.000000000000000e+00
6400,7,-1.800000000000000e-02,-1.800000000000000e-02,-3.469446951953614e-18
6400,8,1.500000000000000e-02,1.500000000000000e-02,-5.204170427930421e-18
6400,9,1.200000000000000e-02,1.199999999999999e-02,1.387778780781446e-17
6400,10,-1.000000000000000e-02,-1.000000000000001e-02,8.673617379884035e-18
6400,11,8.999999999999999e-03,9.000000000000003e-03,-3.469446951953614e-18
6400,12,8.000000000000000e-03,7.999999999999995e-03,5.204170427930421e-18
6400,13,-7.000000000000000e-03,-6.999999999999998e-03,-1.734723475976807e-18
6400,14,6.000000000000000e-03,6.000000000000002e-03,-1.734723475976807e-18
6400,15,5.000000000000000e-03,4.999999999999999e-03,8.673617379884035e-19
6400,16,-4.000000000000000e-03,-4.000000000000004e-03,4.336808689942018e-18
6400,17,3.500000000000000e-03,3.499999999999997e-03,3.469446951953614e-18
6400,18,3.000000000000000e-03,3.000000000000003e-03,-2.602085213965211e-18
6400,19,-2.500000000000000e-03,-2.500000000000009e-03,8.673617379884035e-18
6400,20,2.000000000000000e-03,1.999999999999995e-03,4.770489558936220e-18
6400,21,1.800000000000000e-03,1.800000000000004e-03,-3.903127820947816e-18
6400,22,-1.500000000000000e-03,-1.499999999999986e-03,-1.409462824231156e-17
6400,23,1.200000000000000e-03,1.200000000000002e-03,-1.951563910473908e-18
6400,24,1.000000000000000e-03,9.999999999999963e-04,3.686287386450715e-18
6400,25,-8.000000000000000e-04,-7.999999999999885e-04,-1.149254302834635e-17
6400,26,5.999999999999999e-04,5.999999999999895e-04,1.040834085586084e-17
6400,27,5.000000000000000e-04,5.000000000000002e-04,-2.168404344971009e-19
6400,28,-4.000000000000000e-04,-4.000000000000002e-04,1.626303258728257e-19
6400,29,3.000000000000000e-04,3.000000000000052e-04,-5.204170427930421e-18
6500,0,1.200000000000000e-01,1.200000000000000e-01,-2.775557561562891e-17
6500,1,-8.000000000000000e-02,-8.000000000000007e-02,6.938893903907228e-17
6500,2,5.500000000000000e-02,5.499999999999999e-02,1.387778780781446e-17
6500,3,4.000000000000000e-02,4.000000000000001e-02,-6.938893903907228e-18
6500,4,-3.000000000000000e-02,-3.000000000000000e-02,-3.469446951953614e-18
6500,5,2.500000000000000e-02,2.499999999999999e-02,1.040834085586084e-17
6500,6,2.000000000000000e-02,2.000000000000000e-02,0.000000000000000e+00
6500,7,-1.800000000000000e-02,-1.799999999999998e-02,-1.387778780781446e-17
6500,8,1.500000000000000e-02,1.500000000000000e-02,-3.469446951953614e-18
6500,9,1.200000000000000e-02,1.200000000000000e-02,3.469446951953614e-18
6500,10,-1.000000000000000e-02,-9.999999999999998e-03,-1.734723475976807e-18
6500,11,8.999999999999999e-03,8.999999999999999e-03,0.000000000000000e+00
6500,12,8.000000000000000e-03,8.000000000000005e-03,-5.204170427930421e-18
6500,13,-7.000000000000000e-03,-6.999999999999998e-03,-2.602085213965211e-18
6500,14,6.000000000000000e-03,6.000000000000009e-03,-8.673617379884035e-18
6500,15,5.000000000000000e-03,4.999999999999995e-03,5.204170427930421e-18
6500,16,-4.000000000000000e-03,-4.000000000000003e-03,2.602085213965211e-18
6500,17,3.500000000000000e-03,3.500000000000001e-03,-1.301042606982605e-18
6500,18,3.000000000000000e-03,2.999999999999998e-03,2.168404344971009e-18
6500,19,-2.500000000000000e-03,-2.499999999999999e-03,-1.301042606982605e-18
6500,20,2.000000000000000e-03,2.000000000000000e-03,4.336808689942018e-19
6500,21,1.800000000000000e-03,1.800000000000001e-03,-6.505213034913027e-19
6500,22,-1.500000000000000e-03,-1.499999999999995e-03,-4.987329993433320e-18
6500,23,1.200000000000000e-03,1.200000000000002e-03,-2.602085213965211e-18
6500,24,1.000000000000000e-03,1.000000000000005e-03,-4.770489558936220e-18
6500,25,-8.000000000000000e-04,-7.999999999999954e-04,-4.662069341687669e-18
6500,26,5.999999999999999e-04,5.999999999999965e-04,3.469446951953614e-18
6500,27,5.000000000000000e-04,4.999999999999981e-04,1.951563910473908e-18
6500,28,-4.000000000000000e-04,-3.999999999999958e-04,-4.174178364069192e-18
6500,29,3.000000000000000e-04,3.000000000000060e-04,-6.071532165918825e-18
6600,0,1.200000000000000e-01,1.200000000000000e-01,-2.775557561562891e-17
6600,1,-8.000000000000000e-02,-8.000000000000006e-02,5.551115123125783e-17
6600,2,5.500000000000000e-02,5.499999999999999e-02,6.938893903907228e-18
6600,3,4.000000000000000e-02,4.000000000000001e-02,-6.938893903907228e-18
6600,4,-3.000000000000000e-02,-2.999999999999999e-02,-1.387778780781446e-17
6600,5,2.500000000000000e-02,2.500000000000000e-02,0.000000000000000e+00
6600,6,2.000000000000000e-02,2.000000000000000e-02,3.469446951953614e-18
6600,7,-1.800000000000000e-02,-1.799999999999999e-02,-6.938893903907228e-18
6600,8,1.500000000000000e-02,1.500000000000000e-02,-5.204170427930421e-18
6600,9,1.200000000000000e-02,1.200000000000000e-02,0.000000000000000e+00
6600,10,-1.000000000000000e-02,-9.999999999999993e-03,-6.938893903907228e-18
6600,11,8.999999999999999e-03,8.999999999999998e-03,1.734723475976807e-18
6600,12,8.000000000000000e-03,8.000000000000000e-03,0.000000000000000e+00
6600,13,-7.000000000000000e-03,-6.999999999999996e-03,-4.336808689942018e-18
6600,14,6.000000000000000e-03,6.000000000000002e-03,-1.734723475976807e-18
6600,15,5.000000000000000e-03,4.999999999999998e-03,2.602085213965211e-18
6600,16,-4.000000000000000e-03,-3.999999999999999e-03,-8.673617379884035e-19
6600,17,3.500000000000000e-03,3.500000000000010e-03,-1.040834085586084e-17
6600,18,3.000000000000000e-03,3.000000000000000e-03,-4.336808689942018e-19
6600,19,-2.500000000000000e-03,-2.499999999999994e-03,-5.637851296924623e-18
6600,20,2.000000000000000e-03,1.999999999999992e-03,7.806255641895632e-18
6600,21,1.800000000000000e-03,1.799999999999996e-03,4.119968255444917e-18
6600,22,-1.500000000000000e-03,-1.500000000000001e-03,1.084202172485504e-18
6600,23,1.200000000000000e-03,1.200000000000003e-03,-2.818925648462312e-18
6600,24,1.000000000000000e-03,1.000000000000003e-03,-2.602085213965211e-18
6600,25,-8.000000000000000e-04,-8.000000000000064e-04,6.396792817664476e-18
6600,26,5.999999999999999e-04,5.999999999999988e-04,1.192622389734055e-18
6600,27,5.000000000000000e-04,5.000000000000060e-04,-5.963111948670274e-18
6600,28,-4.000000000000000e-04,-3.999999999999988e-04,-1.192622389734055e-18
6600,29,3.000000000000000e-04,3.000000000000094e-04,-9.432558900623889e-18
6700,0,1.200000000000000e-01,1.200000000000000e-01,-2.775557561562891e-17
6700,1,-8.000000000000000e-02,-8.000000000000006e-02,5.551115123125783e-17
6700,2,5.500000000000000e-02,5.499999999999999e-02,6.938893903907228e-18
6700,3,4.000000000000000e-02,4.000000000000001e-02,-6.938893903907228e-18
6700,4,-3.000000000000000e-02,-2.999999999999998e-02,-1.734723475976807e-17
6700,5,2.500000000000000e-02,2.500000000000000e-02,3.469446951953614e-18
6700,6,2.000000000000000e-02,2.000000000000000e-02,-3.469446951953614e-18
6700,7,-1.800000000000000e-02,-1.799999999999999e-02,-6.938893903907228e-18
6700,8,1.500000000000000e-02,1.500000000000000e-02,0.000000000000000e+00
6700,9,1.200000000000000e-02,1.200000000000000e-02,1.734723475976807e-18
6700,10,-1.000000000000000e-02,-9.999999999999992e-03,-8.673617379884035e-18
6700,11,8.999999999999999e-03,9.000000000000003e-03,-3.469446951953614e-18
6700,12,8.000000000000000e-03,8.000000000000000e-03,0.000000000000000e+00
6700,13,-7.000000000000000e-03,-6.999999999999990e-03,-1.040834085586084e-17
6700,14,6.000000000000000e-03,5.999999999999993e-03,6.938893903907228e-18
6700,15,5.000000000000000e-03,5.000000000000008e-03,-7.806255641895632e-18
6700,16,-4.000000000000000e-03,-3.999999999999999e-03,-8.673617379884035e-19
6700,17,3.500000000000000e-03,3.500000000000002e-03,-2.168404344971009e-18
6700,18,3.000000000000000e-03,3.000000000000004e-03,-3.903127820947816e-18
6700,19,-2.500000000000000e-03,-2.500000000000005e-03,5.204170427930421e-18
6700,20,2.000000000000000e-03,1.999999999999996e-03,4.336808689942018e-18
6700,21,1.800000000000000e-03,1.800000000000001e-03,-1.084202172485504e-18
6700,22,-1.500000000000000e-03,-1.499999999999999e-03,-1.301042606982605e-18
6700,23,1.200000000000000e-03,1.200000000000002e-03,-2.385244779468110e-18
6700,24,1.000000000000000e-03,9.999999999999976e-04,2.385244779468110e-18
6700,25,-8.000000000000000e-04,-7.999999999999972e-04,-2.818925648462312e-18
6700,26,5.999999999999999e-04,5.999999999999940e-04,5.963111948670274e-18
6700,27,5.000000000000000e-04,5.000000000000035e-04,-3.469446951953614e-18
6700,28,-4.000000000000000e-04,-3.999999999999967e-04,-3.361026734705064e-18
6700,29,3.000000000000000e-04,2.999999999999992e-04,7.589415207398531e-19
6800,0,1.200000000000000e-01,1.200000000000000e-01,-2.775557561562891e-17
6800,1,-8.000000000000000e-02,-8.000000000000006e-02,5.551115123125783e-17
6800,2,5.500000000000000e-02,5.499999999999999e-02,6.938893903907228e-18
6800,3,4.000000000000000e-02,4.000000000000001e-02,-6.938893903907228e-18
6800,4,-3.000000000000000e-02,-2.999999999999998e-02,-2.081668171172169e-17
6800,5,2.500000000000000e-02,2.499999999999999e-02,1.040834085586084e-17
6800,6,2.000000000000000e-02,2.000000000000000e-02,-3.469446951953614e-18
6800,7,-1.800000000000000e-02,-1.800000000000000e-02,0.000000000000000e+00
6800,8,1.500000000000000e-02,1.500000000000000e-02,-3.469446951953614e-18
6800,9,1.200000000000000e-02,1.200000000000000e-02,1.734723475976807e-18
6800,10,-1.000000000000000e-02,-9.999999999999995e-03,-5.204170427930421e-18
6800,11,8.999999999999999e-03,8.999999999999989e-03,1.040834085586084e-17
6800,12,8.000000000000000e-03,7.999999999999993e-03,6.938893903907228e-18
6800,13,-7.000000000000000e-03,-6.999999999999992e-03,-7.806255641895632e-18
6800,14,6.000000000000000e-03,5.999999999999989e-03,1.127570259384925e-17
6800,15,5.000000000000000e-03,5.000000000000008e-03,-7.806255641895632e-18
6800,16,-4.000000000000000e-03,-4.000000000000004e-03,4.336808689942018e-18
6800,17,3.500000000000000e-03,3.499999999999997e-03,2.602085213965211e-18
6800,18,3.000000000000000e-03,3.000000000000006e-03,-5.637851296924623e-18
6800,19,-2.500000000000000e-03,-2.500000000000016e-03,1.561251128379126e-17
6800,20,2.000000000000000e-03,1.999999999999996e-03,3.903127820947816e-18
6800,21,1.800000000000000e-03,1.800000000000004e-03,-4.336808689942018e-18
6800,22,-1.500000000000000e-03,-1.500000000000005e-03,4.987329993433320e-18
6800,23,1.200000000000000e-03,1.200000000000002e-03,-2.168404344971009e-18
6800,24,1.000000000000000e-03,9.999999999999989e-04,1.084202172485504e-18
6800,25,-8.000000000000000e-04,-7.999999999999966e-04,-3.469446951953614e-18
6800,26,5.999999999999999e-04,6.000000000000028e-04,-2.818925648462312e-18
6800,27,5.000000000000000e-04,4.999999999999946e-04,5.421010862427522e-18
6800,28,-4.000000000000000e-04,-3.999999999999934e-04,-6.613633252161577e-18
6800,29,3.000000000000000e-04,2.999999999999982e-04,1.734723475976807e-18
6900,0,1.200000000000000e-01,1.200000000000000e-01,-2.775557561562891e-17
6900,1,-8.000000000000000e-02,-8.000000000000006e-02,5.551115123125783e-17
6900,2,5.500000000000000e-02,5.499999999999999e-02,6.938893903907228e-18
6900,3,4.000000000000000e-02,4.000000000000001e-02,-6.938893903907228e-18
6900,4,-3.000000000000000e-02,-2.999999999999999e-02,-1.387778780781446e-17
6900,5,2.500000000000000e-02,2.500000000000000e-02,-3.469446951953614e-18
6900,6,2.000000000000000e-02,2.000000000000000e-02,0.000000000000000e+00
6900,7,-1.800000000000000e-02,-1.800000000000000e-02,0.000000000000000e+00
6900,8,1.500000000000000e-02,1.500000000000000e-02,-3.469446951953614e-18
6900,9,1.200000000000000e-02,1.200000000000000e-02,1.734723475976807e-18
6900,10,-1.000000000000000e-02,-1.000000000000001e-02,5.204170427930421e-18
6900,11,8.999999999999999e-03,8.999999999999996e-03,3.469446951953614e-18
6900,12,8.000000000000000e-03,8.000000000000000e-03,0.000000000000000e+00
6900,13,-7.000000000000000e-03,-6.999999999999996e-03,-4.336808689942018e-18
6900,14,6.000000000000000e-03,6.000000000000001e-03,-8.673617379884035e-19
6900,15,5.000000000000000e-03,5.000000000000001e-03,-8.673617379884035e-19
6900,16,-4.000000000000000e-03,-4.000000000000000e-03,0.000000000000000e+00
6900,17,3.500000000000000e-03,3.499999999999995e-03,5.204170427930421e-18
6900,18,3.000000000000000e-03,3.000000000000003e-03,-2.602085213965211e-18
6900,19,-2.500000000000000e-03,-2.500000000000002e-03,1.734723475976807e-18
6900,20,2.000000000000000e-03,2.000000000000004e-03,-3.469446951953614e-18
6900,21,1.800000000000000e-03,1.800000000000011e-03,-1.062518129035794e-17
6900,22,-1.500000000000000e-03,-1.500000000000010e-03,9.974659986866641e-18
6900,23,1.200000000000000e-03,1.200000000000003e-03,-3.035766082959412e-18
6900,24,1.000000000000000e-03,9.999999999999994e-04,6.505213034913027e-19
6900,25,-8.000000000000000e-04,-7.999999999999962e-04,-3.794707603699266e-18
6900,26,5.999999999999999e-04,5.999999999999918e-04,8.131516293641283e-18
6900,27,5.000000000000000e-04,4.999999999999939e-04,6.071532165918825e-18
6900,28,-4.000000000000000e-04,-4.000000000000020e-04,2.005774019098183e-18
6900,29,3.000000000000000e-04,2.999999999999913e-04,8.673617379884035e-18
7000,0,1.200000000000000e-01,1.200000000000000e-01,-2.775557561562891e-17
7000,1,-8.000000000000000e-02,-8.000000000000006e-02,5.551115123125783e-17
7000,2,5.500000000000000e-02,5.499999999999999e-02,6.938893903907228e-18
7000,3,4.000000000000000e-02,4.000000000000001e-02,-6.938893903907228e-18
7000,4,-3.000000000000000e-02,-3.000000000000000e-02,0.000000000000000e+00
7000,5,2.500000000000000e-02,2.500000000000001e-02,-6.938893903907228e-18
7000,6,2.000000000000000e-02,2.000000000000000e-02,0.000000000000000e+00
7000,7,-1.800000000000000e-02,-1.800000000000000e-02,0.000000000000000e+00
7000,8,1.500000000000000e-02,1.499999999999999e-02,5.204170427930421e-18
7000,9,1.200000000000000e-02,1.200000000000000e-02,3.469446951953614e-18
7000,10,-1.000000000000000e-02,-1.000000000000001e-02,1.040834085586084e-17
7000,11,8.999999999999999e-03,8.999999999999998e-03,1.734723475976807e-18
7000,12,8.000000000000000e-03,8.000000000000000e-03,0.000000000000000e+00
7000,13,-7.000000000000000e-03,-6.999999999999994e-03,-6.071532165918825e-18
7000,14,6.000000000000000e-03,5.999999999999993e-03,6.938893903907228e-18
7000,15,5.000000000000000e-03,4.999999999999998e-03,1.734723475976807e-18
7000,16,-4.000000000000000e-03,-3.999999999999995e-03,-5.204170427930421e-18
7000,17,3.500000000000000e-03,3.499999999999995e-03,4.770489558936220e-18
7000,18,3.000000000000000e-03,3.000000000000003e-03,-3.035766082959412e-18
7000,19,-2.500000000000000e-03,-2.500000000000004e-03,3.469446951953614e-18
7000,20,2.000000000000000e-03,1.999999999999993e-03,6.938893903907228e-18
7000,21,1.800000000000000e-03,1.800000000000011e-03,-1.084202172485504e-17
7000,22,-1.500000000000000e-03,-1.500000000000006e-03,6.071532165918825e-18
7000,23,1.200000000000000e-03,1.199999999999999e-03,6.505213034913027e-19
7000,24,1.000000000000000e-03,9.999999999999972e-04,2.818925648462312e-18
7000,25,-8.000000000000000e-04,-7.999999999999946e-04,-5.421010862427522e-18
7000,26,5.999999999999999e-04,6.000000000000015e-04,-1.517883041479706e-18
7000,27,5.000000000000000e-04,4.999999999999958e-04,4.228388472693467e-18
7000,28,-4.000000000000000e-04,-4.000000000000122e-04,1.219727444046192e-17
7000,29,3.000000000000000e-04,2.999999999999981e-04,1.843143693225358e-18
7100,0,1.200000000000000e-01,1.200000000000000e-01,-2.775557561562891e-17
7100,1,-8.000000000000000e-02,-8.000000000000006e-02,5.551115123125783e-17
7100,2,5.500000000000000e-02,5.499999999999999e-02,6.938893903907228e-18
7100,3,4.000000000000000e-02,4.000000000000001e-02,-1.387778780781446e-17
7100,4,-3.000000000000000e-02,-3.000000000000000e-02,0.000000000000000e+00
7100,5,2.500000000000000e-02,2.500000000000000e-02,3.469446951953614e-18
7100,6,2.000000000000000e-02,2.000000000000000e-02,0.000000000000000e+00
7100,7,-1.800000000000000e-02,-1.800000000000000e-02,0.000000000000000e+00
7100,8,1.500000000000000e-02,1.500000000000001e-02,-6.938893903907228e-18
7100,9,1.200000000000000e-02,1.199999999999999e-02,6.938893903907228e-18
7100,10,-1.000000000000000e-02,-9.999999999999995e-03,-5.204170427930421e-18
7100,11,8.999999999999999e-03,8.999999999999998e-03,1.734723475976807e-18
7100,12,8.000000000000000e-03,8.000000000000007e-03,-6.938893903907228e-18
7100,13,-7.000000000000000e-03,-6.999999999999997e-03,-3.469446951953614e-18
7100,14,6.000000000000000e-03,5.999999999999992e-03,7.806255641895632e-18
7100,15,5.000000000000000e-03,4.999999999999992e-03,7.806255641895632e-18
7100,16,-4.000000000000000e-03,-4.000000000000002e-03,1.734723475976807e-18
7100,17,3.500000000000000e-03,3.500000000000007e-03,-6.938893903907228e-18
7100,18,3.000000000000000e-03,2.999999999999997e-03,3.035766082959412e-18
7100,19,-2.500000000000000e-03,-2.499999999999995e-03,-4.770489558936220e-18
7100,20,2.000000000000000e-03,1.999999999999990e-03,9.974659986866641e-18
7100,21,1.800000000000000e-03,1.800000000000009e-03,-9.107298248878237e-18
7100,22,-1.500000000000000e-03,-1.500000000000009e-03,8.673617379884035e-18
7100,23,1.200000000000000e-03,1.200000000000003e-03,-3.035766082959412e-18
7100,24,1.000000000000000e-03,9.999999999999998e-04,2.168404344971009e-19
7100,25,-8.000000000000000e-04,-8.000000000000010e-04,9.757819552369540e-19
7100,26,5.999999999999999e-04,6.000000000000084e-04,-8.456776945386935e-18
7100,27,5.000000000000000e-04,4.999999999999980e-04,2.059984127722458e-18
7100,28,-4.000000000000000e-04,-4.000000000000087e-04,8.727827488508311e-18
7100,29,3.000000000000000e-04,2.999999999999982e-04,1.734723475976807e-18
7200,0,1.200000000000000e-01,1.200000000000000e-01,-2.775557561562891e-17
7200,1,-8.000000000000000e-02,-8.000000000000006e-02,5.551115123125783e-17
7200,2,5.500000000000000e-02,5.499999999999999e-02,6.938893903907228e-18
7200,3,4.000000000000000e-02,4.000000000000001e-02,-1.387778780781446e-17
7200,4,-3.000000000000000e-02,-3.000000000000000e-02,0.000000000000000e+00
7200,5,2.500000000000000e-02,2.500000000000000e-02,3.469446951953614e-18
7200,6,2.000000000000000e-02,1.999999999999999e-02,1.040834085586084e-17
7200,7,-1.800000000000000e-02,-1.800000000000000e-02,-3.469446951953614e-18
7200,8,1.500000000000000e-02,1.500000000000001e-02,-8.673617379884035e-18
7200,9,1.200000000000000e-02,1.200000000000000e-02,-1.734723475976807e-18
7200,10,-1.000000000000000e-02,-1.000000000000001e-02,6.938893903907228e-18
7200,11,8.999999999999999e-03,8.999999999999994e-03,5.204170427930421e-18
7200,12,8.000000000000000e-03,8.000000000000009e-03,-8.673617379884035e-18
7200,13,-7.000000000000000e-03,-6.999999999999998e-03,-1.734723475976807e-18
7200,14,6.000000000000000e-03,5.999999999999996e-03,4.336808689942018e-18
7200,15,5.000000000000000e-03,4.999999999999998e-03,2.602085213965211e-18
7200,16,-4.000000000000000e-03,-4.000000000000001e-03,8.673617379884035e-19
7200,17,3.500000000000000e-03,3.499999999999997e-03,2.602085213965211e-18
7200,18,3.000000000000000e-03,3.000000000000004e-03,-3.903127820947816e-18
7200,19,-2.500000000000000e-03,-2.499999999999994e-03,-5.637851296924623e-18
7200,20,2.000000000000000e-03,2.000000000000000e-03,0.000000000000000e+00
7200,21,1.800000000000000e-03,1.800000000000006e-03,-6.288372600415926e-18
7200,22,-1.500000000000000e-03,-1.500000000000006e-03,6.071532165918825e-18
7200,23,1.200000000000000e-03,1.199999999999993e-03,6.505213034913027e-18
7200,24,1.000000000000000e-03,9.999999999999994e-04,6.505213034913027e-19
7200,25,-8.000000000000000e-04,-7.999999999999970e-04,-3.035766082959412e-18
7200,26,5.999999999999999e-04,6.000000000000071e-04,-7.155734338404329e-18
7200,27,5.000000000000000e-04,4.999999999999995e-04,5.421010862427522e-19
7200,28,-4.000000000000000e-04,-3.999999999999990e-04,-1.029992063861229e-18
7200,29,3.000000000000000e-04,3.000000000000035e-04,-3.523657060577889e-18
7300,0,1.200000000000000e-01,1.200000000000000e-01,-2.775557561562891e-17
7300,1,-8.000000000000000e-02,-8.000000000000006e-02,5.551115123125783e-17
7300,2,5.500000000000000e-02,5.499999999999999e-02,6.938893903907228e-18
7300,3,4.000000000000000e-02,4.000000000000001e-02,-6.938893903907228e-18
7300,4,-3.000000000000000e-02,-2.999999999999999e-02,-1.040834085586084e-17
7300,5,2.500000000000000e-02,2.499999999999999e-02,1.387778780781446e-17
7300,6,2.000000000000000e-02,2.000000000000000e-02,0.000000000000000e+00
7300,7,-1.800000000000000e-02,-1.800000000000001e-02,6.938893903907228e-18
7300,8,1.500000000000000e-02,1.500000000000000e-02,-3.469446951953614e-18
7300,9,1.200000000000000e-02,1.200000000000000e-02,3.469446951953614e-18
7300,10,-1.000000000000000e-02,-1.000000000000000e-02,1.734723475976807e-18
7300,11,8.999999999999999e-03,8.999999999999994e-03,5.204170427930421e-18
7300,12,8.000000000000000e-03,8.000000000000012e-03,-1.214306433183765e-17
7300,13,-7.000000000000000e-03,-7.000000000000004e-03,3.469446951953614e-18
7300,14,6.000000000000000e-03,5.999999999999998e-03,1.734723475976807e-18
7300,15,5.000000000000000e-03,5.000000000000005e-03,-5.204170427930421e-18
7300,16,-4.000000000000000e-03,-4.000000000000003e-03,2.602085213965211e-18
7300,17,3.500000000000000e-03,3.500000000000000e-03,4.336808689942018e-19
7300,18,3.000000000000000e-03,3.000000000000003e-03,-2.602085213965211e-18
7300,19,-2.500000000000000e-03,-2.499999999999992e-03,-7.806255641895632e-18
7300,20,2.000000000000000e-03,1.999999999999994e-03,6.071532165918825e-18
7300,21,1.800000000000000e-03,1.800000000000008e-03,-7.806255641895632e-18
7300,22,-1.500000000000000e-03,-1.500000000000008e-03,8.239936510889834e-18
7300,23,1.200000000000000e-03,1.199999999999996e-03,3.903127820947816e-18
7300,24,1.000000000000000e-03,9.999999999999961e-04,3.903127820947816e-18
7300,25,-8.000000000000000e-04,-7.999999999999958e-04,-4.228388472693467e-18
7300,26,5.999999999999999e-04,6.000000000000027e-04,-2.710505431213761e-18
7300,27,5.000000000000000e-04,5.000000000000034e-04,-3.361026734705064e-18
7300,28,-4.000000000000000e-04,-4.000000000000031e-04,3.035766082959412e-18
7300,29,3.000000000000000e-04,3.000000000000057e-04,-5.692061405548898e-18
7400,0,1.200000000000000e-01,1.200000000000000e-01,-2.775557561562891e-17
7400,1,-8.000000000000000e-02,-8.000000000000006e-02,5.551115123125783e-17
7400,2,5.500000000000000e-02,5.499999999999999e-02,6.938893903907228e-18
7400,3,4.000000000000000e-02,4.000000000000001e-02,-6.938893903907228e-18
7400,4,-3.000000000000000e-02,-2.999999999999999e-02,-6.938893903907228e-18
7400,5,2.500000000000000e-02,2.500000000000000e-02,3.469446951953614e-18
7400,6,2.000000000000000e-02,2.000000000000000e-02,-3.469446951953614e-18
7400,7,-1.800000000000000e-02,-1.800000000000000e-02,3.469446951953614e-18
7400,8,1.500000000000000e-02,1.500000000000000e-02,-1.734723475976807e-18
7400,9,1.200000000000000e-02,1.200000000000001e-02,-6.938893903907228e-18
7400,10,-1.000000000000000e-02,-1.000000000000001e-02,5.204170427930421e-18
7400,11,8.999999999999999e-03,8.999999999999994e-03,5.204170427930421e-18
7400,12,8.000000000000000e-03,8.000000000000007e-03,-6.938893903907228e-18
7400,13,-7.000000000000000e-03,-7.000000000000006e-03,6.071532165918825e-18
7400,14,6.000000000000000e-03,6.000000000000000e-03,0.000000000000000e+00
7400,15,5.000000000000000e-03,5.000000000000004e-03,-4.336808689942018e-18
7400,16,-4.000000000000000e-03,-4.000000000000005e-03,5.204170427930421e-18
7400,17,3.500000000000000e-03,3.499999999999992e-03,8.239936510889834e-18
7400,18,3.000000000000000e-03,3.000000000000012e-03,-1.170938346284345e-17
7400,19,-2.500000000000000e-03,-2.499999999999997e-03,-2.602085213965211e-18
7400,20,2.000000000000000e-03,1.999999999999992e-03,8.239936510889834e-18
7400,21,1.800000000000000e-03,1.800000000000000e-03,-4.336808689942018e-19
7400,22,-1.500000000000000e-03,-1.499999999999998e-03,-2.385244779468110e-18
7400,23,1.200000000000000e-03,1.200000000000004e-03,-4.119968255444917e-18
7400,24,1.000000000000000e-03,9.999999999999992e-04,8.673617379884035e-19
7400,25,-8.000000000000000e-04,-7.999999999999940e-04,-6.071532165918825e-18
7400,26,5.999999999999999e-04,6.000000000000001e-04,-1.084202172485504e-19
7400,27,5.000000000000000e-04,4.999999999999972e-04,2.818925648462312e-18
7400,28,-4.000000000000000e-04,-3.999999999999997e-04,-3.252606517456513e-19
7400,29,3.000000000000000e-04,3.000000000000088e-04,-8.782037597132586e-18
7500,0,1.200000000000000e-01,1.200000000000000e-01,-2.775557561562891e-17
7500,1,-8.000000000000000e-02,-8.000000000000006e-02,5.551115123125783e-17
7500,2,5.500000000000000e-02,5.499999999999999e-02,6.938893903907228e-18
7500,3,4.000000000000000e-02,4.000000000000001e-02,-6.938893903907228e-18
7500,4,-3.000000000000000e-02,-3.000000000000000e-02,3.469446951953614e-18
7500,5,2.500000000000000e-02,2.499999999999999e-02,1.040834085586084e-17
7500,6,2.000000000000000e-02,2.000000000000000e-02,-3.469446951953614e-18
7500,7,-1.800000000000000e-02,-1.800000000000000e-02,0.000000000000000e+00
7500,8,1.500000000000000e-02,1.499999999999999e-02,8.673617379884035e-18
7500,9,1.200000000000000e-02,1.200000000000001e-02,-8.673617379884035e-18
7500,10,-1.000000000000000e-02,-1.000000000000000e-02,1.734723475976807e-18
7500,11,8.999999999999999e-03,8.999999999999998e-03,1.734723475976807e-18
7500,12,8.000000000000000e-03,8.000000000000011e-03,-1.040834085586084e-17
7500,13,-7.000000000000000e-03,-7.000000000000009e-03,8.673617379884035e-18
7500,14,6.000000000000000e-03,5.999999999999995e-03,5.204170427930421e-18
7500,15,5.000000000000000e-03,5.000000000000013e-03,-1.301042606982605e-17
7500,16,-4.000000000000000e-03,-4.000000000000005e-03,5.204170427930421e-18
7500,17,3.500000000000000e-03,3.499999999999998e-03,2.168404344971009e-18
7500,18,3.000000000000000e-03,3.000000000000005e-03,-5.204170427930421e-18
7500,19,-2.500000000000000e-03,-2.500000000000004e-03,3.469446951953614e-18
7500,20,2.000000000000000e-03,1.999999999999995e-03,4.770489558936220e-18
7500,21,1.800000000000000e-03,1.799999999999996e-03,3.469446951953614e-18
7500,22,-1.500000000000000e-03,-1.499999999999997e-03,-2.602085213965211e-18
7500,23,1.200000000000000e-03,1.199999999999996e-03,4.119968255444917e-18
7500,24,1.000000000000000e-03,9.999999999999944e-04,5.637851296924623e-18
7500,25,-8.000000000000000e-04,-8.000000000000068e-04,6.722053469410127e-18
7500,26,5.999999999999999e-04,5.999999999999994e-04,5.421010862427522e-19
7500,27,5.000000000000000e-04,5.000000000000056e-04,-5.637851296924623e-18
7500,28,-4.000000000000000e-04,-4.000000000000038e-04,3.740497495074990e-18
7500,29,3.000000000000000e-04,3.000000000000068e-04,-6.830473686658678e-18
7600,0,1.200000000000000e-01,1.200000000000000e-01,-2.775557561562891e-17
7600,1,-8.000000000000000e-02,-8.000000000000006e-02,5.551115123125783e-17
7600,2,5.500000000000000e-02,5.499999999999999e-02,6.938893903907228e-18
7600,3,4.000000000000000e-02,4.000000000000001e-02,-6.938893903907228e-18
7600,4,-3.000000000000000e-02,-3.000000000000000e-02,3.469446951953614e-18
7600,5,2.500000000000000e-02,2.499999999999998e-02,1.734723475976807e-17
7600,6,2.000000000000000e-02,2.000000000000000e-02,3.469446951953614e-18
7600,7,-1.800000000000000e-02,-1.800000000000000e-02,-3.469446951953614e-18
7600,8,1.500000000000000e-02,1.500000000000000e-02,-3.469446951953614e-18
7600,9,1.200000000000000e-02,1.200000000000000e-02,-1.734723475976807e-18
7600,10,-1.000000000000000e-02,-1.000000000000001e-02,6.938893903907228e-18
7600,11,8.999999999999999e-03,8.999999999999996e-03,3.469446951953614e-18
7600,12,8.000000000000000e-03,8.000000000000009e-03,-8.673617379884035e-18
7600,13,-7.000000000000000e-03,-7.000000000000004e-03,3.469446951953614e-18
7600,14,6.000000000000000e-03,6.000000000000001e-03,-8.673617379884035e-19
7600,15,5.000000000000000e-03,5.000000000000010e-03,-9.540979117872439e-18
7600,16,-4.000000000000000e-03,-4.000000000000004e-03,4.336808689942018e-18
7600,17,3.500000000000000e-03,3.500000000000004e-03,-4.336808689942018e-18
7600,18,3.000000000000000e-03,3.000000000000006e-03,-6.071532165918825e-18
7600,19,-2.500000000000000e-03,-2.499999999999996e-03,-3.903127820947816e-18
7600,20,2.000000000000000e-03,1.999999999999997e-03,2.602085213965211e-18
7600,21,1.800000000000000e-03,1.800000000000001e-03,-1.084202172485504e-18
7600,22,-1.500000000000000e-03,-1.499999999999987e-03,-1.301042606982605e-17
7600,23,1.200000000000000e-03,1.199999999999998e-03,1.517883041479706e-18
7600,24,1.000000000000000e-03,1.000000000000002e-03,-1.517883041479706e-18
7600,25,-8.000000000000000e-04,-8.000000000000011e-04,1.084202172485504e-18
7600,26,5.999999999999999e-04,5.999999999999914e-04,8.565197162635485e-18
7600,27,5.000000000000000e-04,4.999999999999986e-04,1.409462824231156e-18
7600,28,-4.000000000000000e-04,-3.999999999999985e-04,-1.517883041479706e-18
7600,29,3.000000000000000e-04,2.999999999999964e-04,3.577867169202165e-18
7700,0,1.200000000000000e-01,1.200000000000000e-01,-2.775557561562891e-17
7700,1,-8.000000000000000e-02,-8.000000000000006e-02,5.551115123125783e-17
7700,2,5.500000000000000e-02,5.499999999999999e-02,6.938893903907228e-18
7700,3,4.000000000000000e-02,4.000000000000001e-02,-6.938893903907228e-18
7700,4,-3.000000000000000e-02,-3.000000000000000e-02,3.469446951953614e-18
7700,5,2.500000000000000e-02,2.499999999999998e-02,1.734723475976807e-17
7700,6,2.000000000000000e-02,2.000000000000000e-02,3.469446951953614e-18
7700,7,-1.800000000000000e-02,-1.800000000000000e-02,-3.469446951953614e-18
7700,8,1.500000000000000e-02,1.500000000000000e-02,-3.469446951953614e-18
7700,9,1.200000000000000e-02,1.200000000000001e-02,-1.214306433183765e-17
7700,10,-1.000000000000000e-02,-1.000000000000001e-02,5.204170427930421e-18
7700,11,8.999999999999999e-03,8.999999999999996e-03,3.469446951953614e-18
7700,12,8.000000000000000e-03,7.999999999999998e-03,1.734723475976807e-18
7700,13,-7.000000000000000e-03,-6.999999999999997e-03,-3.469446951953614e-18
7700,14,6.000000000000000e-03,6.000000000000005e-03,-5.204170427930421e-18
7700,15,5.000000000000000e-03,5.000000000000003e-03,-2.602085213965211e-18
7700,16,-4.000000000000000e-03,-3.999999999999993e-03,-6.938893903907228e-18
7700,17,3.500000000000000e-03,3.500000000000006e-03,-5.637851296924623e-18
7700,18,3.000000000000000e-03,2.999999999999995e-03,4.770489558936220e-18
7700,19,-2.500000000000000e-03,-2.499999999999988e-03,-1.214306433183765e-17
7700,20,2.000000000000000e-03,1.999999999999999e-03,8.673617379884035e-19
7700,21,1.800000000000000e-03,1.800000000000003e-03,-2.818925648462312e-18
7700,22,-1.500000000000000e-03,-1.499999999999993e-03,-6.938893903907228e-18
7700,23,1.200000000000000e-03,1.199999999999999e-03,1.084202172485504e-18
7700,24,1.000000000000000e-03,1.000000000000007e-03,-7.155734338404329e-18
7700,25,-8.000000000000000e-04,-8.000000000000068e-04,6.722053469410127e-18
7700,26,5.999999999999999e-04,5.999999999999918e-04,8.131516293641283e-18
7700,27,5.000000000000000e-04,4.999999999999918e-04,8.239936510889834e-18
7700,28,-4.000000000000000e-04,-3.999999999999921e-04,-7.914675859144182e-18
7700,29,3.000000000000000e-04,2.999999999999960e-04,4.011548038196366e-18
7800,0,1.200000000000000e-01,1.200000000000000e-01,-2.775557561562891e-17
7800,1,-8.000000000000000e-02,-8.000000000000006e-02,5.551115123125783e-17
7800,2,5.500000000000000e-02,5.499999999999999e-02,6.938893903907228e-18
7800,3,4.000000000000000e-02,4.000000000000001e-02,-6.938893903907228e-18
7800,4,-3.000000000000000e-02,-3.000000000000001e-02,6.938893903907228e-18
7800,5,2.500000000000000e-02,2.499999999999998e-02,2.081668171172169e-17
7800,6,2.000000000000000e-02,2.000000000000000e-02,3.469446951953614e-18
7800,7,-1.800000000000000e-02,-1.800000000000000e-02,3.469446951953614e-18
7800,8,1.500000000000000e-02,1.500000000000001e-02,-6.938893903907228e-18
7800,9,1.200000000000000e-02,1.200000000000000e-02,-3.469446951953614e-18
7800,10,-1.000000000000000e-02,-1.000000000000000e-02,3.469446951953614e-18
7800,11,8.999999999999999e-03,8.999999999999999e-03,0.000000000000000e+00
7800,12,8.000000000000000e-03,8.000000000000005e-03,-5.204170427930421e-18
7800,13,-7.000000000000000e-03,-6.999999999999996e-03,-4.336808689942018e-18
7800,14,6.000000000000000e-03,6.000000000000002e-03,-1.734723475976807e-18
7800,15,5.000000000000000e-03,5.000000000000004e-03,-3.469446951953614e-18
7800,16,-4.000000000000000e-03,-3.999999999999992e-03,-7.806255641895632e-18
7800,17,3.500000000000000e-03,3.500000000000001e-03,-4.336808689942018e-19
7800,18,3.000000000000000e-03,3.000000000000005e-03,-5.204170427930421e-18
7800,19,-2.500000000000000e-03,-2.500000000000001e-03,1.301042606982605e-18
7800,20,2.000000000000000e-03,1.999999999999995e-03,5.204170427930421e-18
7800,21,1.800000000000000e-03,1.800000000000000e-03,2.168404344971009e-19
7800,22,-1.500000000000000e-03,-1.499999999999999e-03,-1.301042606982605e-18
7800,23,1.200000000000000e-03,1.199999999999989e-03,1.040834085586084e-17
7800,24,1.000000000000000e-03,1.000000000000006e-03,-5.637851296924623e-18
7800,25,-8.000000000000000e-04,-8.000000000000049e-04,4.878909776184770e-18
7800,26,5.999999999999999e-04,5.999999999999881e-04,1.181780368009200e-17
7800,27,5.000000000000000e-04,4.999999999999994e-04,6.505213034913027e-19
7800,28,-4.000000000000000e-04,-3.999999999999912e-04,-8.836247705756861e-18
7800,29,3.000000000000000e-04,2.999999999999924e-04,7.535205098774256e-18
7900,0,1.200000000000000e-01,1.200000000000000e-01,-2.775557561562891e-17
7900,1,-8.000000000000000e-02,-8.000000000000006e-02,5.551115123125783e-17
7900,2,5.500000000000000e-02,5.499999999999999e-02,6.938893903907228e-18
7900,3,4.000000000000000e-02,4.000000000000001e-02,-6.938893903907228e-18
7900,4,-3.000000000000000e-02,-3.000000000000001e-02,1.040834085586084e-17
7900,5,2.500000000000000e-02,2.499999999999998e-02,2.081668171172169e-17
7900,6,2.000000000000000e-02,2.000000000000000e-02,3.469446951953614e-18
7900,7,-1.800000000000000e-02,-1.800000000000000e-02,3.469446951953614e-18
7900,8,1.500000000000000e-02,1.500000000000001e-02,-6.938893903907228e-18
7900,9,1.200000000000000e-02,1.199999999999999e-02,6.938893903907228e-18
7900,10,-1.000000000000000e-02,-9.999999999999995e-03,-5.204170427930421e-18
7900,11,8.999999999999999e-03,8.999999999999994e-03,5.204170427930421e-18
7900,12,8.000000000000000e-03,8.000000000000016e-03,-1.561251128379126e-17
7900,13,-7.000000000000000e-03,-6.999999999999999e-03,-8.673617379884035e-19
7900,14,6.000000000000000e-03,6.000000000000002e-03,-1.734723475976807e-18
7900,15,5.000000000000000e-03,5.000000000000004e-03,-3.469446951953614e-18
7900,16,-4.000000000000000e-03,-3.999999999999996e-03,-4.336808689942018e-18
7900,17,3.500000000000000e-03,3.500000000000004e-03,-3.903127820947816e-18
7900,18,3.000000000000000e-03,2.999999999999994e-03,5.637851296924623e-18
7900,19,-2.500000000000000e-03,-2.499999999999992e-03,-7.806255641895632e-18
7900,20,2.000000000000000e-03,1.999999999999990e-03,1.040834085586084e-17
7900,21,1.800000000000000e-03,1.800000000000005e-03,-4.553649124439119e-18
7900,22,-1.500000000000000e-03,-1.500000000000005e-03,5.421010862427522e-18
7900,23,1.200000000000000e-03,1.200000000000000e-03,0.000000000000000e+00
7900,24,1.000000000000000e-03,1.000000000000005e-03,-4.553649124439119e-18
7900,25,-8.000000000000000e-04,-7.999999999999983e-04,-1.734723475976807e-18
7900,26,5.999999999999999e-04,6.000000000000035e-04,-3.577867169202165e-18
7900,27,5.000000000000000e-04,4.999999999999934e-04,6.613633252161577e-18
7900,28,-4.000000000000000e-04,-3.999999999999942e-04,-5.854691731421724e-18
7900,29,3.000000000000000e-04,3.000000000000009e-04,-9.757819552369540e-19
8000,0,1.200000000000000e-01,1.200000000000000e-01,-2.775557561562891e-17
8000,1,-8.000000000000000e-02,-8.000000000000006e-02,5.551115123125783e-17
8000,2,5.500000000000000e-02,5.499999999999999e-02,6.938893903907228e-18
8000,3,4.000000000000000e-02,4.000000000000001e-02,-6.938893903907228e-18
8000,4,-3.000000000000000e-02,-3.000000000000000e-02,3.469446951953614e-18
8000,5,2.500000000000000e-02,2.499999999999998e-02,1.734723475976807e-17
8000,6,2.000000000000000e-02,2.000000000000001e-02,-1.040834085586084e-17
8000,7,-1.800000000000000e-02,-1.800000000000000e-02,0.000000000000000e+00
8000,8,1.500000000000000e-02,1.500000000000000e-02,1.734723475976807e-18
8000,9,1.200000000000000e-02,1.200000000000000e-02,-3.469446951953614e-18
8000,10,-1.000000000000000e-02,-9.999999999999995e-03,-5.204170427930421e-18
8000,11,8.999999999999999e-03,8.999999999999985e-03,1.387778780781446e-17
8000,12,8.000000000000000e-03,7.999999999999997e-03,3.469446951953614e-18
8000,13,-7.000000000000000e-03,-6.999999999999997e-03,-3.469446951953614e-18
8000,14,6.000000000000000e-03,6.000000000000000e-03,0.000000000000000e+00
8000,15,5.000000000000000e-03,4.999999999999997e-03,3.469446951953614e-18
8000,16,-4.000000000000000e-03,-3.999999999999998e-03,-1.734723475976807e-18
8000,17,3.500000000000000e-03,3.500000000000001e-03,-4.336808689942018e-19
8000,18,3.000000000000000e-03,3.000000000000001e-03,-1.301042606982605e-18
8000,19,-2.500000000000000e-03,-2.499999999999994e-03,-6.071532165918825e-18
8000,20,2.000000000000000e-03,1.999999999999990e-03,1.040834085586084e-17
8000,21,1.800000000000000e-03,1.800000000000008e-03,-7.589415207398531e-18
8000,22,-1.500000000000000e-03,-1.500000000000002e-03,1.734723475976807e-18
8000,23,1.200000000000000e-03,1.200000000000006e-03,-5.637851296924623e-18
8000,24,1.000000000000000e-03,9.999999999999987e-04,1.301042606982605e-18
8000,25,-8.000000000000000e-04,-8.000000000000000e-04,0.000000000000000e+00
8000,26,5.999999999999999e-04,6.000000000000091e-04,-9.107298248878237e-18
8000,27,5.000000000000000e-04,4.999999999999921e-04,7.914675859144182e-18
8000,28,-4.000000000000000e-04,-4.000000000000052e-04,5.149960319306146e-18
8000,29,3.000000000000000e-04,2.999999999999960e-04,3.957337929572091e-18
8100,0,1.200000000000000e-01,1.200000000000000e-01,-2.775557561562891e-17
8100,1,-8.000000000000000e-02,-8.000000000000006e-02,5.551115123125783e-17
8100,2,5.500000000000000e-02,5.499999999999999e-02,6.938893903907228e-18
8100,3,4.000000000000000e-02,4.000000000000001e-02,-6.938893903907228e-18
8100,4,-3.000000000000000e-02,-2.999999999999999e-02,-6.938893903907228e-18
8100,5,2.500000000000000e-02,2.499999999999999e-02,6.938893903907228e-18
8100,6,2.000000000000000e-02,2.000000000000000e-02,-3.469446951953614e-18
8100,7,-1.800000000000000e-02,-1.800000000000001e-02,1.040834085586084e-17
8100,8,1.500000000000000e-02,1.500000000000000e-02,1.734723475976807e-18
8100,9,1.200000000000000e-02,1.200000000000001e-02,-6.938893903907228e-18
8100,10,-1.000000000000000e-02,-9.999999999999995e-03,-5.204170427930421e-18
8100,11,8.999999999999999e-03,8.999999999999987e-03,1.214306433183765e-17
8100,12,8.000000000000000e-03,8.000000000000009e-03,-8.673617379884035e-18
8100,13,-7.000000000000000e-03,-6.999999999999994e-03,-6.071532165918825e-18
8100,14,6.000000000000000e-03,6.000000000000005e-03,-5.204170427930421e-18
8100,15,5.000000000000000e-03,4.999999999999990e-03,1.040834085586084e-17
8100,16,-4.000000000000000e-03,-3.999999999999995e-03,-5.204170427930421e-18
8100,17,3.500000000000000e-03,3.499999999999991e-03,9.107298248878237e-18
8100,18,3.000000000000000e-03,3.000000000000003e-03,-2.602085213965211e-18
8100,19,-2.500000000000000e-03,-2.499999999999997e-03,-2.602085213965211e-18
8100,20,2.000000000000000e-03,1.999999999999997e-03,3.035766082959412e-18
8100,21,1.800000000000000e-03,1.800000000000007e-03,-7.155734338404329e-18
8100,22,-1.500000000000000e-03,-1.500000000000004e-03,3.469446951953614e-18
8100,23,1.200000000000000e-03,1.200000000000002e-03,-2.602085213965211e-18
8100,24,1.000000000000000e-03,9.999999999999959e-04,4.119968255444917e-18
8100,25,-8.000000000000000e-04,-7.999999999999944e-04,-5.637851296924623e-18
8100,26,5.999999999999999e-04,6.000000000000075e-04,-7.589415207398531e-18
8100,27,5.000000000000000e-04,4.999999999999952e-04,4.770489558936220e-18
8100,28,-4.000000000000000e-04,-4.000000000000122e-04,1.219727444046192e-17
8100,29,3.000000000000000e-04,3.000000000000015e-04,-1.517883041479706e-18
8200,0,1.200000000000000e-01,1.200000000000000e-01,-2.775557561562891e-17
8200,1,-8.000000000000000e-02,-8.000000000000006e-02,5.551115123125783e-17
8200,2,5.500000000000000e-02,5.499999999999999e-02,6.938893903907228e-18
8200,3,4.000000000000000e-02,4.000000000000000e-02,0.000000000000000e+00
8200,4,-3.000000000000000e-02,-3.000000000000000e-02,-3.469446951953614e-18
8200,5,2.500000000000000e-02,2.500000000000000e-02,3.469446951953614e-18
8200,6,2.000000000000000e-02,2.000000000000000e-02,-3.469446951953614e-18
8200,7,-1.800000000000000e-02,-1.800000000000000e-02,0.000000000000000e+00
8200,8,1.500000000000000e-02,1.500000000000000e-02,-3.469446951953614e-18
8200,9,1.200000000000000e-02,1.200000000000001e-02,-1.040834085586084e-17
8200,10,-1.000000000000000e-02,-1.000000000000001e-02,8.673617379884035e-18
8200,11,8.999999999999999e-03,8.999999999999991e-03,8.673617379884035e-18
8200,12,8.000000000000000e-03,8.000000000000007e-03,-6.938893903907228e-18
8200,13,-7.000000000000000e-03,-7.000000000000001e-03,8.673617379884035e-19
8200,14,6.000000000000000e-03,6.000000000000004e-03,-4.336808689942018e-18
8200,15,5.000000000000000e-03,5.000000000000000e-03,0.000000000000000e+00
8200,16,-4.000000000000000e-03,-3.999999999999993e-03,-6.938893903907228e-18
8200,17,3.500000000000000e-03,3.499999999999997e-03,3.035766082959412e-18
8200,18,3.000000000000000e-03,3.000000000000000e-03,0.000000000000000e+00
8200,19,-2.500000000000000e-03,-2.499999999999986e-03,-1.431146867680866e-17
8200,20,2.000000000000000e-03,2.000000000000001e-03,-8.673617379884035e-19
8200,21,1.800000000000000e-03,1.800000000000010e-03,-1.040834085586084e-17
8200,22,-1.500000000000000e-03,-1.500000000000007e-03,6.722053469410127e-18
8200,23,1.200000000000000e-03,1.199999999999999e-03,8.673617379884035e-19
8200,24,1.000000000000000e-03,1.000000000000001e-03,-1.084202172485504e-18
8200,25,-8.000000000000000e-04,-7.999999999999946e-04,-5.421010862427522e-18
8200,26,5.999999999999999e-04,6.000000000000016e-04,-1.626303258728257e-18
8200,27,5.000000000000000e-04,5.000000000000024e-04,-2.385244779468110e-18
8200,28,-4.000000000000000e-04,-4.000000000000103e-04,1.024571052998802e-17
8200,29,3.000000000000000e-04,3.000000000000056e-04,-5.637851296924623e-18
8300,0,1.200000000000000e-01,1.200000000000000e-01,-2.775557561562891e-17
8300,1,-8.000000000000000e-02,-8.000000000000006e-02,5.551115123125783e-17
8300,2,5.500000000000000e-02,5.499999999999999e-02,1.387778780781446e-17
8300,3,4.000000000000000e-02,4.000000000000000e-02,0.000000000000000e+00
8300,4,-3.000000000000000e-02,-3.000000000000000e-02,-3.469446951953614e-18
8300,5,2.500000000000000e-02,2.500000000000000e-02,0.000000000000000e+00
8300,6,2.000000000000000e-02,2.000000000000001e-02,-6.938893903907228e-18
8300,7,-1.800000000000000e-02,-1.799999999999999e-02,-1.040834085586084e-17
8300,8,1.500000000000000e-02,1.500000000000000e-02,1.734723475976807e-18
8300,9,1.200000000000000e-02,1.200000000000000e-02,5.204170427930421e-18
8300,10,-1.000000000000000e-02,-1.000000000000000e-02,1.734723475976807e-18
8300,11,8.999999999999999e-03,9.000000000000005e-03,-5.204170427930421e-18
8300,12,8.000000000000000e-03,8.000000000000005e-03,-5.204170427930421e-18
8300,13,-7.000000000000000e-03,-7.000000000000009e-03,8.673617379884035e-18
8300,14,6.000000000000000e-03,5.999999999999996e-03,4.336808689942018e-18
8300,15,5.000000000000000e-03,4.999999999999993e-03,6.938893903907228e-18
8300,16,-4.000000000000000e-03,-4.000000000000002e-03,1.734723475976807e-18
8300,17,3.500000000000000e-03,3.500000000000004e-03,-3.903127820947816e-18
8300,18,3.000000000000000e-03,2.999999999999999e-03,8.673617379884035e-19
8300,19,-2.500000000000000e-03,-2.500000000000002e-03,2.168404344971009e-18
8300,20,2.000000000000000e-03,2.000000000000007e-03,-7.372574772901430e-18
8300,21,1.800000000000000e-03,1.799999999999999e-03,8.673617379884035e-19
8300,22,-1.500000000000000e-03,-1.500000000000000e-03,0.000000000000000e+00
8300,23,1.200000000000000e-03,1.200000000000008e-03,-8.456776945386935e-18
8300,24,1.000000000000000e-03,9.999999999999959e-04,4.119968255444917e-18
8300,25,-8.000000000000000e-04,-7.999999999999962e-04,-3.794707603699266e-18
8300,26,5.999999999999999e-04,6.000000000000059e-04,-5.963111948670274e-18
8300,27,5.000000000000000e-04,5.000000000000039e-04,-3.903127820947816e-18
8300,28,-4.000000000000000e-04,-4.000000000000002e-04,2.168404344971009e-19
8300,29,3.000000000000000e-04,2.999999999999961e-04,3.903127820947816e-18
8400,0,1.200000000000000e-01,1.200000000000000e-01,-2.775557561562891e-17
8400,1,-8.000000000000000e-02,-8.000000000000006e-02,5.551115123125783e-17
8400,2,5.500000000000000e-02,5.499999999999999e-02,1.387778780781446e-17
8400,3,4.000000000000000e-02,4.000000000000000e-02,0.000000000000000e+00
8400,4,-3.000000000000000e-02,-2.999999999999999e-02,-1.040834085586084e-17
8400,5,2.500000000000000e-02,2.500000000000001e-02,-1.040834085586084e-17
8400,6,2.000000000000000e-02,2.000000000000000e-02,0.000000000000000e+00
8400,7,-1.800000000000000e-02,-1.800000000000000e-02,-3.469446951953614e-18
8400,8,1.500000000000000e-02,1.500000000000000e-02,-5.204170427930421e-18
8400,9,1.200000000000000e-02,1.200000000000000e-02,3.469446951953614e-18
8400,10,-1.000000000000000e-02,-1.000000000000000e-02,1.734723475976807e-18
8400,11,8.999999999999999e-03,8.999999999999999e-03,0.000000000000000e+00
8400,12,8.000000000000000e-03,8.000000000000009e-03,-8.673617379884035e-18
8400,13,-7.000000000000000e-03,-7.000000000000000e-03,0.000000000000000e+00
8400,14,6.000000000000000e-03,6.000000000000001e-03,-8.673617379884035e-19
8400,15,5.000000000000000e-03,4.999999999999998e-03,2.602085213965211e-18
8400,16,-4.000000000000000e-03,-4.000000000000000e-03,0.000000000000000e+00
8400,17,3.500000000000000e-03,3.500000000000006e-03,-6.071532165918825e-18
8400,18,3.000000000000000e-03,2.999999999999995e-03,5.204170427930421e-18
8400,19,-2.500000000000000e-03,-2.500000000000004e-03,4.336808689942018e-18
8400,20,2.000000000000000e-03,2.000000000000012e-03,-1.214306433183765e-17
8400,21,1.800000000000000e-03,1.799999999999999e-03,6.505213034913027e-19
8400,22,-1.500000000000000e-03,-1.500000000000001e-03,1.301042606982605e-18
8400,23,1.200000000000000e-03,1.200000000000001e-03,-1.517883041479706e-18
8400,24,1.000000000000000e-03,1.000000000000001e-03,-8.673617379884035e-19
8400,25,-8.000000000000000e-04,-7.999999999999968e-04,-3.252606517456513e-18
8400,26,5.999999999999999e-04,5.999999999999999e-04,0.000000000000000e+00
8400,27,5.000000000000000e-04,4.999999999999994e-04,6.505213034913027e-19
8400,28,-4.000000000000000e-04,-3.999999999999929e-04,-7.101524229780054e-18
8400,29,3.000000000000000e-04,2.999999999999938e-04,6.125742274543100e-18
8500,0,1.200000000000000e-01,1.200000000000000e-01,-2.775557561562891e-17
8500,1,-8.000000000000000e-02,-8.000000000000006e-02,5.551115123125783e-17
8500,2,5.500000000000000e-02,5.499999999999999e-02,1.387778780781446e-17
8500,3,4.000000000000000e-02,4.000000000000000e-02,0.000000000000000e+00
8500,4,-3.000000000000000e-02,-3.000000000000000e-02,3.469446951953614e-18
8500,5,2.500000000000000e-02,2.500000000000001e-02,-6.938893903907228e-18
8500,6,2.000000000000000e-02,2.000000000000000e-02,0.000000000000000e+00
8500,7,-1.800000000000000e-02,-1.799999999999999e-02,-1.040834085586084e-17
8500,8,1.500000000000000e-02,1.500000000000000e-02,-3.469446951953614e-18
8500,9,1.200000000000000e-02,1.200000000000000e-02,-1.734723475976807e-18
8500,10,-1.000000000000000e-02,-1.000000000000001e-02,6.938893903907228e-18
8500,11,8.999999999999999e-03,9.000000000000001e-03,-1.734723475976807e-18
8500,12,8.000000000000000e-03,7.999999999999991e-03,8.673617379884035e-18
8500,13,-7.000000000000000e-03,-6.999999999999990e-03,-1.040834085586084e-17
8500,14,6.000000000000000e-03,6.000000000000005e-03,-5.204170427930421e-18
8500,15,5.000000000000000e-03,5.000000000000001e-03,-8.673617379884035e-19
8500,16,-4.000000000000000e-03,-4.000000000000004e-03,3.469446951953614e-18
8500,17,3.500000000000000e-03,3.500000000000000e-03,4.336808689942018e-19
8500,18,3.000000000000000e-03,3.000000000000000e-03,4.336808689942018e-19
8500,19,-2.500000000000000e-03,-2.499999999999997e-03,-2.602085213965211e-18
8500,20,2.000000000000000e-03,2.000000000000010e-03,-1.040834085586084e-17
8500,21,1.800000000000000e-03,1.799999999999999e-03,8.673617379884035e-19
8500,22,-1.500000000000000e-03,-1.500000000000004e-03,4.336808689942018e-18
8500,23,1.200000000000000e-03,1.199999999999996e-03,3.686287386450715e-18
8500,24,1.000000000000000e-03,9.999999999999959e-04,4.119968255444917e-18
8500,25,-8.000000000000000e-04,-7.999999999999930e-04,-7.047314121155779e-18
8500,26,5.999999999999999e-04,5.999999999999983e-04,1.626303258728257e-18
8500,27,5.000000000000000e-04,4.999999999999975e-04,2.493664996716660e-18
8500,28,-4.000000000000000e-04,-3.999999999999949e-04,-5.095750210681871e-18
8500,29,3.000000000000000e-04,3.000000000000088e-04,-8.836247705756861e-18
8600,0,1.200000000000000e-01,1.200000000000000e-01,-2.775557561562891e-17
8600,1,-8.000000000000000e-02,-8.000000000000006e-02,5.551115123125783e-17
8600,2,5.500000000000000e-02,5.499999999999999e-02,1.387778780781446e-17
8600,3,4.000000000000000e-02,4.000000000000000e-02,0.000000000000000e+00
8600,4,-3.000000000000000e-02,-3.000000000000000e-02,0.000000000000000e+00
8600,5,2.500000000000000e-02,2.500000000000000e-02,3.469446951953614e-18
8600,6,2.000000000000000e-02,2.000000000000000e-02,-3.469446951953614e-18
8600,7,-1.800000000000000e-02,-1.799999999999999e-02,-6.938893903907228e-18
8600,8,1.500000000000000e-02,1.500000000000000e-02,1.734723475976807e-18
8600,9,1.200000000000000e-02,1.200000000000001e-02,-1.040834085586084e-17
8600,10,-1.000000000000000e-02,-1.000000000000000e-02,0.000000000000000e+00
8600,11,8.999999999999999e-03,9.000000000000010e-03,-1.040834085586084e-17
8600,12,8.000000000000000e-03,7.999999999999995e-03,5.204170427930421e-18
8600,13,-7.000000000000000e-03,-7.000000000000001e-03,8.673617379884035e-19
8600,14,6.000000000000000e-03,6.000000000000004e-03,-4.336808689942018e-18
8600,15,5.000000000000000e-03,4.999999999999991e-03,8.673617379884035e-18
8600,16,-4.000000000000000e-03,-4.000000000000001e-03,8.673617379884035e-19
8600,17,3.500000000000000e-03,3.500000000000004e-03,-4.336808689942018e-18
8600,18,3.000000000000000e-03,2.999999999999996e-03,3.903127820947816e-18
8600,19,-2.500000000000000e-03,-2.500000000000002e-03,1.734723475976807e-18
8600,20,2.000000000000000e-03,2.000000000000007e-03,-6.505213034913027e-18
8600,21,1.800000000000000e-03,1.799999999999996e-03,3.686287386450715e-18
8600,22,-1.500000000000000e-03,-1.500000000000000e-03,-2.168404344971009e-19
8600,23,1.200000000000000e-03,1.199999999999999e-03,1.084202172485504e-18
8600,24,1.000000000000000e-03,9.999999999999948e-04,5.204170427930421e-18
8600,25,-8.000000000000000e-04,-7.999999999999966e-04,-3.469446951953614e-18
8600,26,5.999999999999999e-04,6.000000000000024e-04,-2.493664996716660e-18
8600,27,5.000000000000000e-04,5.000000000000050e-04,-4.987329993433320e-18
8600,28,-4.000000000000000e-04,-3.999999999999984e-04,-1.572093150103981e-18
8600,29,3.000000000000000e-04,2.999999999999948e-04,5.204170427930421e-18
8700,0,1.200000000000000e-01,1.200000000000000e-01,-2.775557561562891e-17
8700,1,-8.000000000000000e-02,-8.000000000000006e-02,5.551115123125783e-17
8700,2,5.500000000000000e-02,5.499999999999998e-02,2.081668171172169e-17
8700,3,4.000000000000000e-02,4.000000000000000e-02,0.000000000000000e+00
8700,4,-3.000000000000000e-02,-2.999999999999999e-02,-1.040834085586084e-17
8700,5,2.500000000000000e-02,2.500000000000000e-02,-3.469446951953614e-18
8700,6,2.000000000000000e-02,2.000000000000000e-02,-3.469446951953614e-18
8700,7,-1.800000000000000e-02,-1.800000000000000e-02,0.000000000000000e+00
8700,8,1.500000000000000e-02,1.500000000000000e-02,1.734723475976807e-18
8700,9,1.200000000000000e-02,1.200000000000000e-02,1.734723475976807e-18
8700,10,-1.000000000000000e-02,-1.000000000000000e-02,0.000000000000000e+00
8700,11,8.999999999999999e-03,8.999999999999994e-03,5.204170427930421e-18
8700,12,8.000000000000000e-03,8.000000000000000e-03,0.000000000000000e+00
8700,13,-7.000000000000000e-03,-7.000000000000001e-03,8.673617379884035e-19
8700,14,6.000000000000000e-03,5.999999999999997e-03,3.469446951953614e-18
8700,15,5.000000000000000e-03,4.999999999999999e-03,8.673617379884035e-19
8700,16,-4.000000000000000e-03,-3.999999999999996e-03,-4.336808689942018e-18
8700,17,3.500000000000000e-03,3.499999999999988e-03,1.170938346284345e-17
8700,18,3.000000000000000e-03,3.000000000000007e-03,-6.505213034913027e-18
8700,19,-2.500000000000000e-03,-2.500000000000009e-03,8.673617379884035e-18
8700,20,2.000000000000000e-03,2.000000000000006e-03,-6.071532165918825e-18
8700,21,1.800000000000000e-03,1.799999999999993e-03,7.372574772901430e-18
8700,22,-1.500000000000000e-03,-1.500000000000008e-03,8.023096076392733e-18
8700,23,1.200000000000000e-03,1.199999999999996e-03,3.903127820947816e-18
8700,24,1.000000000000000e-03,1.000000000000009e-03,-8.890457814381136e-18
8700,25,-8.000000000000000e-04,-8.000000000000051e-04,5.095750210681871e-18
8700,26,5.999999999999999e-04,6.000000000000012e-04,-1.301042606982605e-18
8700,27,5.000000000000000e-04,4.999999999999996e-04,4.336808689942018e-19
8700,28,-4.000000000000000e-04,-3.999999999999969e-04,-3.089976191583688e-18
8700,29,3.000000000000000e-04,3.000000000000001e-04,-1.084202172485504e-19
8800,0,1.200000000000000e-01,1.200000000000000e-01,-2.775557561562891e-17
8800,1,-8.000000000000000e-02,-8.000000000000006e-02,5.551115123125783e-17
8800,2,5.500000000000000e-02,5.499999999999998e-02,2.081668171172169e-17
8800,3,4.000000000000000e-02,4.000000000000000e-02,0.000000000000000e+00
8800,4,-3.000000000000000e-02,-3.000000000000000e-02,0.000000000000000e+00
8800,5,2.500000000000000e-02,2.500000000000000e-02,0.000000000000000e+00
8800,6,2.000000000000000e-02,2.000000000000000e-02,3.469446951953614e-18
8800,7,-1.800000000000000e-02,-1.800000000000000e-02,3.469446951953614e-18
8800,8,1.500000000000000e-02,1.500000000000000e-02,-5.204170427930421e-18
8800,9,1.200000000000000e-02,1.200000000000000e-02,1.734723475976807e-18
8800,10,-1.000000000000000e-02,-1.000000000000000e-02,3.469446951953614e-18
8800,11,8.999999999999999e-03,9.000000000000003e-03,-3.469446951953614e-18
8800,12,8.000000000000000e-03,7.999999999999991e-03,8.673617379884035e-18
8800,13,-7.000000000000000e-03,-7.000000000000001e-03,8.673617379884035e-19
8800,14,6.000000000000000e-03,6.000000000000000e-03,0.000000000000000e+00
8800,15,5.000000000000000e-03,5.000000000000006e-03,-6.071532165918825e-18
8800,16,-4.000000000000000e-03,-3.999999999999997e-03,-3.469446951953614e-18
8800,17,3.500000000000000e-03,3.500000000000001e-03,-1.301042606982605e-18
8800,18,3.000000000000000e-03,2.999999999999999e-03,1.301042606982605e-18
8800,19,-2.500000000000000e-03,-2.500000000000000e-03,-4.336808689942018e-19
8800,20,2.000000000000000e-03,2.000000000000009e-03,-9.107298248878237e-18
8800,21,1.800000000000000e-03,1.799999999999993e-03,6.505213034913027e-18
8800,22,-1.500000000000000e-03,-1.500000000000018e-03,1.843143693225358e-17
8800,23,1.200000000000000e-03,1.199999999999996e-03,3.686287386450715e-18
8800,24,1.000000000000000e-03,1.000000000000014e-03,-1.366094737331736e-17
8800,25,-8.000000000000000e-04,-8.000000000000065e-04,6.505213034913027e-18
8800,26,5.999999999999999e-04,5.999999999999941e-04,5.854691731421724e-18
8800,27,5.000000000000000e-04,4.999999999999958e-04,4.228388472693467e-18
8800,28,-4.000000000000000e-04,-4.000000000000046e-04,4.553649124439119e-18
8800,29,3.000000000000000e-04,2.999999999999917e-04,8.239936510889834e-18
8900,0,1.200000000000000e-01,1.200000000000000e-01,-2.775557561562891e-17
8900,1,-8.000000000000000e-02,-8.000000000000006e-02,5.551115123125783e-17
8900,2,5.500000000000000e-02,5.499999999999998e-02,2.081668171172169e-17
8900,3,4.000000000000000e-02,4.000000000000000e-02,0.000000000000000e+00
8900,4,-3.000000000000000e-02,-2.999999999999999e-02,-6.938893903907228e-18
8900,5,2.500000000000000e-02,2.500000000000000e-02,-3.469446951953614e-18
8900,6,2.000000000000000e-02,1.999999999999999e-02,1.040834085586084e-17
8900,7,-1.800000000000000e-02,-1.800000000000000e-02,0.000000000000000e+00
8900,8,1.500000000000000e-02,1.500000000000001e-02,-1.040834085586084e-17
8900,9,1.200000000000000e-02,1.200000000000000e-02,1.734723475976807e-18
8900,10,-1.000000000000000e-02,-9.999999999999998e-03,-1.734723475976807e-18
8900,11,8.999999999999999e-03,9.000000000000005e-03,-5.204170427930421e-18
8900,12,8.000000000000000e-03,8.000000000000002e-03,-1.734723475976807e-18
8900,13,-7.000000000000000e-03,-7.000000000000001e-03,8.673617379884035e-19
8900,14,6.000000000000000e-03,5.999999999999987e-03,1.301042606982605e-17
8900,15,5.000000000000000e-03,4.999999999999997e-03,3.469446951953614e-18
8900,16,-4.000000000000000e-03,-3.999999999999997e-03,-3.469446951953614e-18
8900,17,3.500000000000000e-03,3.499999999999994e-03,6.505213034913027e-18
8900,18,3.000000000000000e-03,3.000000000000001e-03,-1.301042606982605e-18
8900,19,-2.500000000000000e-03,-2.499999999999993e-03,-6.938893903907228e-18
8900,20,2.000000000000000e-03,2.000000000000004e-03,-3.903127820947816e-18
8900,21,1.800000000000000e-03,1.799999999999993e-03,7.372574772901430e-18
8900,22,-1.500000000000000e-03,-1.500000000000006e-03,5.854691731421724e-18
8900,23,1.200000000000000e-03,1.199999999999996e-03,3.903127820947816e-18
8900,24,1.000000000000000e-03,9.999999999999996e-04,4.336808689942018e-19
8900,25,-8.000000000000000e-04,-8.000000000000058e-04,5.746271514173174e-18
8900,26,5.999999999999999e-04,5.999999999999939e-04,6.071532165918825e-18
8900,27,5.000000000000000e-04,4.999999999999927e-04,7.264154555652880e-18
8900,28,-4.000000000000000e-04,-4.000000000000076e-04,7.535205098774256e-18
8900,29,3.000000000000000e-04,3.000000000000005e-04,-5.421010862427522e-19
9000,0,1.200000000000000e-01,1.200000000000000e-01,-2.775557561562891e-17
9000,1,-8.000000000000000e-02,-8.000000000000006e-02,5.551115123125783e-17
9000,2,5.500000000000000e-02,5.499999999999998e-02,2.081668171172169e-17
9000,3,4.000000000000000e-02,4.000000000000000e-02,0.000000000000000e+00
9000,4,-3.000000000000000e-02,-2.999999999999999e-02,-6.938893903907228e-18
9000,5,2.500000000000000e-02,2.500000000000000e-02,-3.469446951953614e-18
9000,6,2.000000000000000e-02,1.999999999999999e-02,6.938893903907228e-18
9000,7,-1.800000000000000e-02,-1.800000000000000e-02,0.000000000000000e+00
9000,8,1.500000000000000e-02,1.500000000000000e-02,-5.204170427930421e-18
9000,9,1.200000000000000e-02,1.200000000000000e-02,3.469446951953614e-18
9000,10,-1.000000000000000e-02,-1.000000000000001e-02,1.040834085586084e-17
9000,11,8.999999999999999e-03,9.000000000000001e-03,-1.734723475976807e-18
9000,12,8.000000000000000e-03,7.999999999999998e-03,1.734723475976807e-18
9000,13,-7.000000000000000e-03,-6.999999999999998e-03,-2.602085213965211e-18
9000,14,6.000000000000000e-03,5.999999999999990e-03,1.040834085586084e-17
9000,15,5.000000000000000e-03,4.999999999999998e-03,1.734723475976807e-18
9000,16,-4.000000000000000e-03,-3.999999999999999e-03,-8.673617379884035e-19
9000,17,3.500000000000000e-03,3.499999999999994e-03,6.071532165918825e-18
9000,18,3.000000000000000e-03,2.999999999999991e-03,8.673617379884035e-18
9000,19,-2.500000000000000e-03,-2.500000000000001e-03,8.673617379884035e-19
9000,20,2.000000000000000e-03,1.999999999999997e-03,2.602085213965211e-18
9000,21,1.800000000000000e-03,1.800000000000002e-03,-2.168404344971009e-18
9000,22,-1.500000000000000e-03,-1.500000000000000e-03,-2.168404344971009e-19
9000,23,1.200000000000000e-03,1.199999999999994e-03,6.071532165918825e-18
9000,24,1.000000000000000e-03,1.000000000000003e-03,-2.602085213965211e-18
9000,25,-8.000000000000000e-04,-8.000000000000000e-04,0.000000000000000e+00
9000,26,5.999999999999999e-04,5.999999999999971e-04,2.818925648462312e-18
9000,27,5.000000000000000e-04,5.000000000000046e-04,-4.553649124439119e-18
9000,28,-4.000000000000000e-04,-4.000000000000015e-04,1.517883041479706e-18
9000,29,3.000000000000000e-04,3.000000000000022e-04,-2.222614453595284e-18
9100,0,1.200000000000000e-01,1.200000000000000e-01,-2.775557561562891e-17
9100,1,-8.000000000000000e-02,-8.000000000000006e-02,5.551115123125783e-17
9100,2,5.500000000000000e-02,5.499999999999998e-02,2.081668171172169e-17
9100,3,4.000000000000000e-02,4.000000000000000e-02,0.000000000000000e+00
9100,4,-3.000000000000000e-02,-3.000000000000000e-02,-3.469446951953614e-18
9100,5,2.500000000000000e-02,2.499999999999999e-02,6.938893903907228e-18
9100,6,2.000000000000000e-02,2.000000000000000e-02,3.469446951953614e-18
9100,7,-1.800000000000000e-02,-1.800000000000001e-02,1.040834085586084e-17
9100,8,1.500000000000000e-02,1.500000000000000e-02,1.734723475976807e-18
9100,9,1.200000000000000e-02,1.200000000000000e-02,-1.734723475976807e-18
9100,10,-1.000000000000000e-02,-1.000000000000000e-02,3.469446951953614e-18
9100,11,8.999999999999999e-03,8.999999999999996e-03,3.469446951953614e-18
9100,12,8.000000000000000e-03,7.999999999999998e-03,1.734723475976807e-18
9100,13,-7.000000000000000e-03,-6.999999999999998e-03,-1.734723475976807e-18
9100,14,6.000000000000000e-03,6.000000000000011e-03,-1.040834085586084e-17
9100,15,5.000000000000000e-03,4.999999999999994e-03,6.071532165918825e-18
9100,16,-4.000000000000000e-03,-4.000000000000009e-03,8.673617379884035e-18
9100,17,3.500000000000000e-03,3.499999999999991e-03,8.673617379884035e-18
9100,18,3.000000000000000e-03,2.999999999999993e-03,6.938893903907228e-18
9100,19,-2.500000000000000e-03,-2.500000000000005e-03,4.770489558936220e-18
9100,20,2.000000000000000e-03,1.999999999999992e-03,8.239936510889834e-18
9100,21,1.800000000000000e-03,1.800000000000006e-03,-6.288372600415926e-18
9100,22,-1.500000000000000e-03,-1.499999999999996e-03,-4.336808689942018e-18
9100,23,1.200000000000000e-03,1.199999999999997e-03,2.818925648462312e-18
9100,24,1.000000000000000e-03,9.999999999999937e-04,6.288372600415926e-18
9100,25,-8.000000000000000e-04,-7.999999999999969e-04,-3.144186300207963e-18
9100,26,5.999999999999999e-04,6.000000000000059e-04,-5.963111948670274e-18
9100,27,5.000000000000000e-04,4.999999999999965e-04,3.469446951953614e-18
9100,28,-4.000000000000000e-04,-3.999999999999973e-04,-2.764715539838036e-18
9100,29,3.000000000000000e-04,2.999999999999998e-04,1.626303258728257e-19
9200,0,1.200000000000000e-01,1.200000000000000e-01,-2.775557561562891e-17
9200,1,-8.000000000000000e-02,-8.000000000000006e-02,5.551115123125783e-17
9200,2,5.500000000000000e-02,5.499999999999998e-02,2.081668171172169e-17
9200,3,4.000000000000000e-02,4.000000000000000e-02,0.000000000000000e+00
9200,4,-3.000000000000000e-02,-3.000000000000000e-02,0.000000000000000e+00
9200,5,2.500000000000000e-02,2.500000000000000e-02,0.000000000000000e+00
9200,6,2.000000000000000e-02,2.000000000000000e-02,0.000000000000000e+00
9200,7,-1.800000000000000e-02,-1.800000000000001e-02,1.040834085586084e-17
9200,8,1.500000000000000e-02,1.500000000000000e-02,-3.469446951953614e-18
9200,9,1.200000000000000e-02,1.200000000000000e-02,-1.734723475976807e-18
9200,10,-1.000000000000000e-02,-1.000000000000001e-02,5.204170427930421e-18
9200,11,8.999999999999999e-03,8.999999999999991e-03,8.673617379884035e-18
9200,12,8.000000000000000e-03,8.000000000000007e-03,-6.938893903907228e-18
9200,13,-7.000000000000000e-03,-7.000000000000003e-03,2.602085213965211e-18
9200,14,6.000000000000000e-03,6.000000000000004e-03,-4.336808689942018e-18
9200,15,5.000000000000000e-03,4.999999999999986e-03,1.387778780781446e-17
9200,16,-4.000000000000000e-03,-4.000000000000004e-03,3.469446951953614e-18
9200,17,3.500000000000000e-03,3.499999999999993e-03,6.938893903907228e-18
9200,18,3.000000000000000e-03,3.000000000000000e-03,4.336808689942018e-19
9200,19,-2.500000000000000e-03,-2.499999999999999e-03,-8.673617379884035e-19
9200,20,2.000000000000000e-03,1.999999999999991e-03,9.107298248878237e-18
9200,21,1.800000000000000e-03,1.799999999999996e-03,4.336808689942018e-18
9200,22,-1.500000000000000e-03,-1.500000000000004e-03,3.686287386450715e-18
9200,23,1.200000000000000e-03,1.200000000000002e-03,-2.385244779468110e-18
9200,24,1.000000000000000e-03,9.999999999999979e-04,2.168404344971009e-18
9200,25,-8.000000000000000e-04,-8.000000000000059e-04,5.854691731421724e-18
9200,26,5.999999999999999e-04,5.999999999999940e-04,5.963111948670274e-18
9200,27,5.000000000000000e-04,4.999999999999950e-04,4.987329993433320e-18
9200,28,-4.000000000000000e-04,-4.000000000000018e-04,1.734723475976807e-18
9200,29,3.000000000000000e-04,3.000000000000004e-04,-4.336808689942018e-19
9300,0,1.200000000000000e-01,1.200000000000000e-01,-2.775557561562891e-17
9300,1,-8.000000000000000e-02,-8.000000000000006e-02,5.551115123125783e-17
9300,2,5.500000000000000e-02,5.499999999999998e-02,2.081668171172169e-17
9300,3,4.000000000000000e-02,4.000000000000000e-02,0.000000000000000e+00
9300,4,-3.000000000000000e-02,-3.000000000000000e-02,3.469446951953614e-18
9300,5,2.500000000000000e-02,2.499999999999999e-02,6.938893903907228e-18
9300,6,2.000000000000000e-02,2.000000000000000e-02,0.000000000000000e+00
9300,7,-1.800000000000000e-02,-1.800000000000001e-02,1.387778780781446e-17
9300,8,1.500000000000000e-02,1.500000000000000e-02,-1.734723475976807e-18
9300,9,1.200000000000000e-02,1.200000000000000e-02,0.000000000000000e+00
9300,10,-1.000000000000000e-02,-1.000000000000000e-02,0.000000000000000e+00
9300,11,8.999999999999999e-03,8.999999999999991e-03,8.673617379884035e-18
9300,12,8.000000000000000e-03,8.000000000000004e-03,-3.469446951953614e-18
9300,13,-7.000000000000000e-03,-7.000000000000001e-03,8.673617379884035e-19
9300,14,6.000000000000000e-03,5.999999999999999e-03,8.673617379884035e-19
9300,15,5.000000000000000e-03,4.999999999999996e-03,4.336808689942018e-18
9300,16,-4.000000000000000e-03,-3.999999999999999e-03,-8.673617379884035e-19
9300,17,3.500000000000000e-03,3.500000000000000e-03,4.336808689942018e-19
9300,18,3.000000000000000e-03,3.000000000000005e-03,-4.770489558936220e-18
9300,19,-2.500000000000000e-03,-2.500000000000007e-03,6.938893903907228e-18
9300,20,2.000000000000000e-03,1.999999999999980e-03,2.038300084272748e-17
9300,21,1.800000000000000e-03,1.799999999999998e-03,1.734723475976807e-18
9300,22,-1.500000000000000e-03,-1.499999999999998e-03,-2.385244779468110e-18
9300,23,1.200000000000000e-03,1.199999999999997e-03,3.035766082959412e-18
9300,24,1.000000000000000e-03,9.999999999999983e-04,1.734723475976807e-18
9300,25,-8.000000000000000e-04,-8.000000000000117e-04,1.170938346284345e-17
9300,26,5.999999999999999e-04,5.999999999999904e-04,9.540979117872439e-18
9300,27,5.000000000000000e-04,5.000000000000040e-04,-4.011548038196366e-18
9300,28,-4.000000000000000e-04,-4.000000000000000e-04,0.000000000000000e+00
9300,29,3.000000000000000e-04,3.000000000000084e-04,-8.456776945386935e-18
9400,0,1.200000000000000e-01,1.200000000000000e-01,-2.775557561562891e-17
9400,1,-8.000000000000000e-02,-8.000000000000006e-02,5.551115123125783e-17
9400,2,5.500000000000000e-02,5.499999999999999e-02,1.387778780781446e-17
9400,3,4.000000000000000e-02,4.000000000000001e-02,-6.938893903907228e-18
9400,4,-3.000000000000000e-02,-3.000000000000001e-02,1.387778780781446e-17
9400,5,2.500000000000000e-02,2.499999999999999e-02,6.938893903907228e-18
9400,6,2.000000000000000e-02,2.000000000000000e-02,0.000000000000000e+00
9400,7,-1.800000000000000e-02,-1.800000000000000e-02,-3.469446951953614e-18
9400,8,1.500000000000000e-02,1.500000000000000e-02,-3.469446951953614e-18
9400,9,1.200000000000000e-02,1.199999999999999e-02,8.673617379884035e-18
9400,10,-1.000000000000000e-02,-9.999999999999979e-03,-2.081668171172169e-17
9400,11,8.999999999999999e-03,9.000000000000003e-03,-3.469446951953614e-18
9400,12,8.000000000000000e-03,8.000000000000002e-03,-1.734723475976807e-18
9400,13,-7.000000000000000e-03,-6.999999999999996e-03,-4.336808689942018e-18
9400,14,6.000000000000000e-03,5.999999999999994e-03,6.071532165918825e-18
9400,15,5.000000000000000e-03,4.999999999999999e-03,8.673617379884035e-19
9400,16,-4.000000000000000e-03,-3.999999999999994e-03,-6.071532165918825e-18
9400,17,3.500000000000000e-03,3.499999999999989e-03,1.084202172485504e-17
9400,18,3.000000000000000e-03,3.000000000000000e-03,-4.336808689942018e-19
9400,19,-2.500000000000000e-03,-2.499999999999992e-03,-8.239936510889834e-18
9400,20,2.000000000000000e-03,1.999999999999991e-03,9.107298248878237e-18
9400,21,1.800000000000000e-03,1.799999999999998e-03,2.385244779468110e-18
9400,22,-1.500000000000000e-03,-1.500000000000004e-03,3.469446951953614e-18
9400,23,1.200000000000000e-03,1.199999999999998e-03,1.734723475976807e-18
9400,24,1.000000000000000e-03,9.999999999999955e-04,4.553649124439119e-18
9400,25,-8.000000000000000e-04,-8.000000000000082e-04,8.131516293641283e-18
9400,26,5.999999999999999e-04,5.999999999999993e-04,6.505213034913027e-19
9400,27,5.000000000000000e-04,5.000000000000105e-04,-1.051676107310939e-17
9400,28,-4.000000000000000e-04,-3.999999999999934e-04,-6.613633252161577e-18
9400,29,3.000000000000000e-04,2.999999999999913e-04,8.673617379884035e-18
9500,0,1.200000000000000e-01,1.200000000000000e-01,-2.775557561562891e-17
9500,1,-8.000000000000000e-02,-8.000000000000006e-02,5.551115123125783e-17
9500,2,5.500000000000000e-02,5.499999999999999e-02,1.387778780781446e-17
9500,3,4.000000000000000e-02,4.000000000000001e-02,-6.938893903907228e-18
9500,4,-3.000000000000000e-02,-3.000000000000001e-02,6.938893903907228e-18
9500,5,2.500000000000000e-02,2.500000000000000e-02,-3.469446951953614e-18
9500,6,2.000000000000000e-02,2.000000000000001e-02,-6.938893903907228e-18
9500,7,-1.800000000000000e-02,-1.800000000000000e-02,0.000000000000000e+00
9500,8,1.500000000000000e-02,1.499999999999999e-02,6.938893903907228e-18
9500,9,1.200000000000000e-02,1.199999999999999e-02,1.387778780781446e-17
9500,10,-1.000000000000000e-02,-9.999999999999988e-03,-1.214306433183765e-17
9500,11,8.999999999999999e-03,9.000000000000008e-03,-8.673617379884035e-18
9500,12,8.000000000000000e-03,8.000000000000011e-03,-1.040834085586084e-17
9500,13,-7.000000000000000e-03,-7.000000000000004e-03,3.469446951953614e-18
9500,14,6.000000000000000e-03,6.000000000000001e-03,-8.673617379884035e-19
9500,15,5.000000000000000e-03,4.999999999999997e-03,3.469446951953614e-18
9500,16,-4.000000000000000e-03,-3.999999999999997e-03,-3.469446951953614e-18
9500,17,3.500000000000000e-03,3.499999999999993e-03,6.938893903907228e-18
9500,18,3.000000000000000e-03,3.000000000000003e-03,-2.602085213965211e-18
9500,19,-2.500000000000000e-03,-2.499999999999993e-03,-7.372574772901430e-18
9500,20,2.000000000000000e-03,1.999999999999992e-03,7.806255641895632e-18
9500,21,1.800000000000000e-03,1.799999999999991e-03,8.673617379884035e-18
9500,22,-1.500000000000000e-03,-1.499999999999996e-03,-4.336808689942018e-18
9500,23,1.200000000000000e-03,1.199999999999995e-03,5.204170427930421e-18
9500,24,1.000000000000000e-03,9.999999999999868e-04,1.322726650432315e-17
9500,25,-8.000000000000000e-04,-8.000000000000076e-04,7.589415207398531e-18
9500,26,5.999999999999999e-04,5.999999999999950e-04,4.987329993433320e-18
9500,27,5.000000000000000e-04,5.000000000000115e-04,-1.149254302834635e-17
9500,28,-4.000000000000000e-04,-3.999999999999961e-04,-3.957337929572091e-18
9500,29,3.000000000000000e-04,2.999999999999875e-04,1.246832498358330e-17
9600,0,1.200000000000000e-01,1.200000000000000e-01,-2.775557561562891e-17
9600,1,-8.000000000000000e-02,-8.000000000000006e-02,5.551115123125783e-17
9600,2,5.500000000000000e-02,5.499999999999999e-02,1.387778780781446e-17
9600,3,4.000000000000000e-02,4.000000000000001e-02,-6.938893903907228e-18
9600,4,-3.000000000000000e-02,-2.999999999999999e-02,-6.938893903907228e-18
9600,5,2.500000000000000e-02,2.500000000000000e-02,0.000000000000000e+00
9600,6,2.000000000000000e-02,2.000000000000000e-02,0.000000000000000e+00
9600,7,-1.800000000000000e-02,-1.800000000000000e-02,0.000000000000000e+00
9600,8,1.500000000000000e-02,1.499999999999999e-02,8.673617379884035e-18
9600,9,1.200000000000000e-02,1.200000000000000e-02,1.734723475976807e-18
9600,10,-1.000000000000000e-02,-9.999999999999985e-03,-1.561251128379126e-17
9600,11,8.999999999999999e-03,8.999999999999999e-03,0.000000000000000e+00
9600,12,8.000000000000000e-03,8.000000000000000e-03,0.000000000000000e+00
9600,13,-7.000000000000000e-03,-7.000000000000001e-03,8.673617379884035e-19
9600,14,6.000000000000000e-03,5.999999999999997e-03,3.469446951953614e-18
9600,15,5.000000000000000e-03,4.999999999999998e-03,1.734723475976807e-18
9600,16,-4.000000000000000e-03,-3.999999999999996e-03,-4.336808689942018e-18
9600,17,3.500000000000000e-03,3.499999999999989e-03,1.127570259384925e-17
9600,18,3.000000000000000e-03,2.999999999999997e-03,2.602085213965211e-18
9600,19,-2.500000000000000e-03,-2.500000000000004e-03,3.469446951953614e-18
9600,20,2.000000000000000e-03,2.000000000000001e-03,-8.673617379884035e-19
9600,21,1.800000000000000e-03,1.799999999999993e-03,7.372574772901430e-18
9600,22,-1.500000000000000e-03,-1.499999999999997e-03,-2.602085213965211e-18
9600,23,1.200000000000000e-03,1.199999999999997e-03,3.035766082959412e-18
9600,24,1.000000000000000e-03,9.999999999999933e-04,6.722053469410127e-18
9600,25,-8.000000000000000e-04,-8.000000000000068e-04,6.722053469410127e-18
9600,26,5.999999999999999e-04,5.999999999999967e-04,3.252606517456513e-18
9600,27,5.000000000000000e-04,5.000000000000090e-04,-8.998878031629687e-18
9600,28,-4.000000000000000e-04,-4.000000000000025e-04,2.493664996716660e-18
9600,29,3.000000000000000e-04,2.999999999999927e-04,7.264154555652880e-18
9700,0,1.200000000000000e-01,1.200000000000000e-01,-2.775557561562891e-17
9700,1,-8.000000000000000e-02,-8.000000000000006e-02,5.551115123125783e-17
9700,2,5.500000000000000e-02,5.499999999999999e-02,1.387778780781446e-17
9700,3,4.000000000000000e-02,4.000000000000000e-02,0.000000000000000e+00
9700,4,-3.000000000000000e-02,-2.999999999999999e-02,-1.040834085586084e-17
9700,5,2.500000000000000e-02,2.499999999999999e-02,1.040834085586084e-17
9700,6,2.000000000000000e-02,2.000000000000000e-02,-3.469446951953614e-18
9700,7,-1.800000000000000e-02,-1.800000000000000e-02,3.469446951953614e-18
9700,8,1.500000000000000e-02,1.499999999999999e-02,5.204170427930421e-18
9700,9,1.200000000000000e-02,1.200000000000000e-02,3.469446951953614e-18
9700,10,-1.000000000000000e-02,-9.999999999999990e-03,-1.040834085586084e-17
9700,11,8.999999999999999e-03,8.999999999999999e-03,0.000000000000000e+00
9700,12,8.000000000000000e-03,8.000000000000000e-03,0.000000000000000e+00
9700,13,-7.000000000000000e-03,-6.999999999999993e-03,-6.938893903907228e-18
9700,14,6.000000000000000e-03,5.999999999999992e-03,7.806255641895632e-18
9700,15,5.000000000000000e-03,4.999999999999994e-03,6.071532165918825e-18
9700,16,-4.000000000000000e-03,-4.000000000000001e-03,8.673617379884035e-19
9700,17,3.500000000000000e-03,3.499999999999990e-03,9.974659986866641e-18
9700,18,3.000000000000000e-03,3.000000000000008e-03,-8.239936510889834e-18
9700,19,-2.500000000000000e-03,-2.499999999999997e-03,-2.602085213965211e-18
9700,20,2.000000000000000e-03,2.000000000000004e-03,-4.336808689942018e-18
9700,21,1.800000000000000e-03,1.799999999999988e-03,1.192622389734055e-17
9700,22,-1.500000000000000e-03,-1.500000000000005e-03,5.421010862427522e-18
9700,23,1.200000000000000e-03,1.200000000000001e-03,-1.301042606982605e-18
9700,24,1.000000000000000e-03,9.999999999999959e-04,4.119968255444917e-18
9700,25,-8.000000000000000e-04,-7.999999999999914e-04,-8.673617379884035e-18
9700,26,5.999999999999999e-04,5.999999999999956e-04,4.336808689942018e-18
9700,27,5.000000000000000e-04,5.000000000000029e-04,-2.927345865710862e-18
9700,28,-4.000000000000000e-04,-4.000000000000057e-04,5.637851296924623e-18
9700,29,3.000000000000000e-04,3.000000000000015e-04,-1.517883041479706e-18
9800,0,1.200000000000000e-01,1.200000000000000e-01,-2.775557561562891e-17
9800,1,-8.000000000000000e-02,-8.000000000000006e-02,5.551115123125783e-17
9800,2,5.500000000000000e-02,5.499999999999998e-02,2.081668171172169e-17
9800,3,4.000000000000000e-02,4.000000000000000e-02,0.000000000000000e+00
9800,4,-3.000000000000000e-02,-3.000000000000000e-02,3.469446951953614e-18
9800,5,2.500000000000000e-02,2.499999999999999e-02,1.040834085586084e-17
9800,6,2.000000000000000e-02,1.999999999999999e-02,1.040834085586084e-17
9800,7,-1.800000000000000e-02,-1.800000000000000e-02,0.000000000000000e+00
9800,8,1.500000000000000e-02,1.500000000000000e-02,0.000000000000000e+00
9800,9,1.200000000000000e-02,1.200000000000000e-02,0.000000000000000e+00
9800,10,-1.000000000000000e-02,-9.999999999999995e-03,-5.204170427930421e-18
9800,11,8.999999999999999e-03,8.999999999999994e-03,5.204170427930421e-18
9800,12,8.000000000000000e-03,7.999999999999997e-03,3.469446951953614e-18
9800,13,-7.000000000000000e-03,-6.999999999999990e-03,-1.040834085586084e-17
9800,14,6.000000000000000e-03,5.999999999999997e-03,3.469446951953614e-18
9800,15,5.000000000000000e-03,4.999999999999990e-03,1.040834085586084e-17
9800,16,-4.000000000000000e-03,-4.000000000000000e-03,0.000000000000000e+00
9800,17,3.500000000000000e-03,3.499999999999999e-03,8.673617379884035e-19
9800,18,3.000000000000000e-03,2.999999999999995e-03,5.204170427930421e-18
9800,19,-2.500000000000000e-03,-2.499999999999997e-03,-2.602085213965211e-18
9800,20,2.000000000000000e-03,2.000000000000002e-03,-1.734723475976807e-18
9800,21,1.800000000000000e-03,1.799999999999993e-03,6.938893903907228e-18
9800,22,-1.500000000000000e-03,-1.499999999999994e-03,-6.071532165918825e-18
9800,23,1.200000000000000e-03,1.199999999999999e-03,1.084202172485504e-18
9800,24,1.000000000000000e-03,1.000000000000004e-03,-3.903127820947816e-18
9800,25,-8.000000000000000e-04,-8.000000000000027e-04,2.710505431213761e-18
9800,26,5.999999999999999e-04,5.999999999999993e-04,6.505213034913027e-19
9800,27,5.000000000000000e-04,4.999999999999957e-04,4.336808689942018e-18
9800,28,-4.000000000000000e-04,-3.999999999999993e-04,-7.589415207398531e-19
9800,29,3.000000000000000e-04,2.999999999999950e-04,4.987329993433320e-18
9900,0,1.200000000000000e-01,1.200000000000000e-01,-2.775557561562891e-17
9900,1,-8.000000000000000e-02,-8.000000000000006e-02,5.551115123125783e-17
9900,2,5.500000000000000e-02,5.499999999999999e-02,1.387778780781446e-17
9900,3,4.000000000000000e-02,4.000000000000000e-02,0.000000000000000e+00
9900,4,-3.000000000000000e-02,-2.999999999999999e-02,-6.938893903907228e-18
9900,5,2.500000000000000e-02,2.499999999999998e-02,1.734723475976807e-17
9900,6,2.000000000000000e-02,1.999999999999999e-02,1.040834085586084e-17
9900,7,-1.800000000000000e-02,-1.800000000000000e-02,0.000000000000000e+00
9900,8,1.500000000000000e-02,1.500000000000002e-02,-1.561251128379126e-17
9900,9,1.200000000000000e-02,1.199999999999999e-02,8.673617379884035e-18
9900,10,-1.000000000000000e-02,-9.999999999999995e-03,-5.204170427930421e-18
9900,11,8.999999999999999e-03,8.999999999999998e-03,1.734723475976807e-18
9900,12,8.000000000000000e-03,7.999999999999995e-03,5.204170427930421e-18
9900,13,-7.000000000000000e-03,-6.999999999999996e-03,-4.336808689942018e-18
9900,14,6.000000000000000e-03,5.999999999999991e-03,9.540979117872439e-18
9900,15,5.000000000000000e-03,4.999999999999997e-03,3.469446951953614e-18
9900,16,-4.000000000000000e-03,-4.000000000000000e-03,0.000000000000000e+00
9900,17,3.500000000000000e-03,3.500000000000000e-03,0.000000000000000e+00
9900,18,3.000000000000000e-03,3.000000000000000e-03,0.000000000000000e+00
9900,19,-2.500000000000000e-03,-2.500000000000002e-03,2.168404344971009e-18
9900,20,2.000000000000000e-03,1.999999999999999e-03,8.673617379884035e-19
9900,21,1.800000000000000e-03,1.799999999999994e-03,6.071532165918825e-18
9900,22,-1.500000000000000e-03,-1.500000000000000e-03,0.000000000000000e+00
9900,23,1.200000000000000e-03,1.199999999999993e-03,7.372574772901430e-18
9900,24,1.000000000000000e-03,1.000000000000008e-03,-7.589415207398531e-18
9900,25,-8.000000000000000e-04,-8.000000000000027e-04,2.710505431213761e-18
9900,26,5.999999999999999e-04,6.000000000000052e-04,-5.204170427930421e-18
9900,27,5.000000000000000e-04,5.000000000000034e-04,-3.361026734705064e-18
9900,28,-4.000000000000000e-04,-3.999999999999827e-04,-1.729302465114380e-17
9900,29,3.000000000000000e-04,3.000000000000017e-04,-1.680513367352532e-18
10000,0,1.200000000000000e-01,1.200000000000000e-01,-2.775557561562891e-17
10000,1,-8.000000000000000e-02,-8.000000000000006e-02,5.551115123125783e-17
10000,2,5.500000000000000e-02,5.499999999999999e-02,1.387778780781446e-17
10000,3,4.000000000000000e-02,4.000000000000000e-02,0.000000000000000e+00
10000,4,-3.000000000000000e-02,-2.999999999999999e-02,-1.040834085586084e-17
10000,5,2.500000000000000e-02,2.499999999999999e-02,1.040834085586084e-17
10000,6,2.000000000000000e-02,2.000000000000000e-02,3.469446951953614e-18
10000,7,-1.800000000000000e-02,-1.799999999999999e-02,-1.040834085586084e-17
10000,8,1.500000000000000e-02,1.500000000000000e-02,-5.204170427930421e-18
10000,9,1.200000000000000e-02,1.199999999999999e-02,1.040834085586084e-17
10000,10,-1.000000000000000e-02,-9.999999999999992e-03,-8.673617379884035e-18
10000,11,8.999999999999999e-03,8.999999999999985e-03,1.387778780781446e-17
10000,12,8.000000000000000e-03,7.999999999999993e-03,6.938893903907228e-18
10000,13,-7.000000000000000e-03,-7.000000000000002e-03,1.734723475976807e-18
10000,14,6.000000000000000e-03,5.999999999999992e-03,7.806255641895632e-18
10000,15,5.000000000000000e-03,5.000000000000002e-03,-1.734723475976807e-18
10000,16,-4.000000000000000e-03,-3.999999999999992e-03,-7.806255641895632e-18
10000,17,3.500000000000000e-03,3.499999999999993e-03,7.372574772901430e-18
10000,18,3.000000000000000e-03,3.000000000000000e-03,-4.336808689942018e-19
10000,19,-2.500000000000000e-03,-2.499999999999996e-03,-3.903127820947816e-18
10000,20,2.000000000000000e-03,1.999999999999997e-03,3.035766082959412e-18
10000,21,1.800000000000000e-03,1.799999999999996e-03,3.903127820947816e-18
10000,22,-1.500000000000000e-03,-1.500000000000005e-03,5.421010862427522e-18
10000,23,1.200000000000000e-03,1.199999999999991e-03,9.324138683375338e-18
10000,24,1.000000000000000e-03,1.000000000000002e-03,-2.168404344971009e-18
10000,25,-8.000000000000000e-04,-7.999999999999911e-04,-8.890457814381136e-18
10000,26,5.999999999999999e-04,5.999999999999936e-04,6.396792817664476e-18
10000,27,5.000000000000000e-04,5.000000000000019e-04,-1.843143693225358e-18
10000,28,-4.000000000000000e-04,-3.999999999999947e-04,-5.312590645178972e-18
10000,29,3.000000000000000e-04,2.999999999999914e-04,8.619407271259760e-18
10100,0,1.200000000000000e-01,1.200000000000000e-01,-2.775557561562891e-17
10100,1,-8.000000000000000e-02,-8.000000000000006e-02,5.551115123125783e-17
10100,2,5.500000000000000e-02,5.499999999999999e-02,1.387778780781446e-17
10100,3,4.000000000000000e-02,4.000000000000000e-02,0.000000000000000e+00
10100,4,-3.000000000000000e-02,-2.999999999999999e-02,-1.387778780781446e-17
10100,5,2.500000000000000e-02,2.500000000000000e-02,3.469446951953614e-18
10100,6,2.000000000000000e-02,2.000000000000000e-02,-3.469446951953614e-18
10100,7,-1.800000000000000e-02,-1.799999999999999e-02,-6.938893903907228e-18
10100,8,1.500000000000000e-02,1.500000000000000e-02,0.000000000000000e+00
10100,9,1.200000000000000e-02,1.200000000000000e-02,0.000000000000000e+00
10100,10,-1.000000000000000e-02,-9.999999999999992e-03,-8.673617379884035e-18
10100,11,8.999999999999999e-03,8.999999999999998e-03,1.734723475976807e-18
10100,12,8.000000000000000e-03,7.999999999999997e-03,3.469446951953614e-18
10100,13,-7.000000000000000e-03,-7.000000000000003e-03,2.602085213965211e-18
10100,14,6.000000000000000e-03,6.000000000000003e-03,-2.602085213965211e-18
10100,15,5.000000000000000e-03,4.999999999999999e-03,8.673617379884035e-19
10100,16,-4.000000000000000e-03,-3.999999999999991e-03,-8.673617379884035e-18
10100,17,3.500000000000000e-03,3.500000000000000e-03,4.336808689942018e-19
10100,18,3.000000000000000e-03,2.999999999999994e-03,5.637851296924623e-18
10100,19,-2.500000000000000e-03,-2.499999999999997e-03,-2.602085213965211e-18
10100,20,2.000000000000000e-03,2.000000000000006e-03,-5.637851296924623e-18
10100,21,1.800000000000000e-03,1.799999999999993e-03,6.505213034913027e-18
10100,22,-1.500000000000000e-03,-1.500000000000011e-03,1.105886215935215e-17
10100,23,1.200000000000000e-03,1.199999999999995e-03,4.987329993433320e-18
10100,24,1.000000000000000e-03,1.000000000000011e-03,-1.105886215935215e-17
10100,25,-8.000000000000000e-04,-7.999999999999985e-04,-1.517883041479706e-18
10100,26,5.999999999999999e-04,5.999999999999979e-04,2.059984127722458e-18
10100,27,5.000000000000000e-04,4.999999999999978e-04,2.168404344971009e-18
10100,28,-4.000000000000000e-04,-3.999999999999958e-04,-4.174178364069192e-18
10100,29,3.000000000000000e-04,3.000000000000051e-04,-5.149960319306146e-18
10200,0,1.200000000000000e-01,1.200000000000000e-01,-2.775557561562891e-17
10200,1,-8.000000000000000e-02,-8.000000000000006e-02,5.551115123125783e-17
10200,2,5.500000000000000e-02,5.499999999999999e-02,1.387778780781446e-17
10200,3,4.000000000000000e-02,4.000000000000000e-02,0.000000000000000e+00
10200,4,-3.000000000000000e-02,-2.999999999999999e-02,-1.387778780781446e-17
10200,5,2.500000000000000e-02,2.500000000000000e-02,3.469446951953614e-18
10200,6,2.000000000000000e-02,2.000000000000000e-02,0.000000000000000e+00
10200,7,-1.800000000000000e-02,-1.799999999999999e-02,-1.040834085586084e-17
10200,8,1.500000000000000e-02,1.500000000000000e-02,-1.734723475976807e-18
10200,9,1.200000000000000e-02,1.200000000000000e-02,-3.469446951953614e-18
10200,10,-1.000000000000000e-02,-9.999999999999997e-03,-3.469446951953614e-18
10200,11,8.999999999999999e-03,8.999999999999992e-03,6.938893903907228e-18
10200,12,8.000000000000000e-03,8.000000000000000e-03,0.000000000000000e+00
10200,13,-7.000000000000000e-03,-7.000000000000002e-03,1.734723475976807e-18
10200,14,6.000000000000000e-03,6.000000000000004e-03,-4.336808689942018e-18
10200,15,5.000000000000000e-03,5.000000000000004e-03,-3.469446951953614e-18
10200,16,-4.000000000000000e-03,-3.999999999999998e-03,-1.734723475976807e-18
10200,17,3.500000000000000e-03,3.500000000000009e-03,-9.107298248878237e-18
10200,18,3.000000000000000e-03,2.999999999999998e-03,1.734723475976807e-18
10200,19,-2.500000000000000e-03,-2.500000000000004e-03,3.903127820947816e-18
10200,20,2.000000000000000e-03,2.000000000000002e-03,-2.168404344971009e-18
10200,21,1.800000000000000e-03,1.799999999999996e-03,3.469446951953614e-18
10200,22,-1.500000000000000e-03,-1.500000000000010e-03,9.540979117872439e-18
10200,23,1.200000000000000e-03,1.200000000000001e-03,-8.673617379884035e-19
10200,24,1.000000000000000e-03,1.000000000000007e-03,-7.372574772901430e-18
10200,25,-8.000000000000000e-04,-7.999999999999982e-04,-1.843143693225358e-18
10200,26,5.999999999999999e-04,6.000000000000022e-04,-2.276824562219559e-18
10200,27,5.000000000000000e-04,5.000000000000023e-04,-2.276824562219559e-18
10200,28,-4.000000000000000e-04,-4.000000000000047e-04,4.662069341687669e-18
10200,29,3.000000000000000e-04,2.999999999999957e-04,4.228388472693467e-18
10300,0,1.200000000000000e-01,1.200000000000000e-01,-2.775557561562891e-17
10300,1,-8.000000000000000e-02,-8.000000000000006e-02,5.551115123125783e-17
10300,2,5.500000000000000e-02,5.499999999999999e-02,1.387778780781446e-17
10300,3,4.000000000000000e-02,4.000000000000000e-02,0.000000000000000e+00
10300,4,-3.000000000000000e-02,-2.999999999999998e-02,-2.081668171172169e-17
10300,5,2.500000000000000e-02,2.500000000000000e-02,3.469446951953614e-18
10300,6,2.000000000000000e-02,2.000000000000000e-02,3.469446951953614e-18
10300,7,-1.800000000000000e-02,-1.799999999999999e-02,-6.938893903907228e-18
10300,8,1.500000000000000e-02,1.500000000000000e-02,0.000000000000000e+00
10300,9,1.200000000000000e-02,1.200000000000001e-02,-5.204170427930421e-18
10300,10,-1.000000000000000e-02,-9.999999999999990e-03,-1.040834085586084e-17
10300,11,8.999999999999999e-03,9.000000000000001e-03,-1.734723475976807e-18
10300,12,8.000000000000000e-03,8.000000000000002e-03,-1.734723475976807e-18
10300,13,-7.000000000000000e-03,-7.000000000000001e-03,8.673617379884035e-19
10300,14,6.000000000000000e-03,6.000000000000004e-03,-4.336808689942018e-18
10300,15,5.000000000000000e-03,5.000000000000000e-03,0.000000000000000e+00
10300,16,-4.000000000000000e-03,-3.999999999999999e-03,-8.673617379884035e-19
10300,17,3.500000000000000e-03,3.499999999999998e-03,1.734723475976807e-18
10300,18,3.000000000000000e-03,2.999999999999994e-03,5.637851296924623e-18
10300,19,-2.500000000000000e-03,-2.500000000000003e-03,2.602085213965211e-18
10300,20,2.000000000000000e-03,2.000000000000004e-03,-3.903127820947816e-18
10300,21,1.800000000000000e-03,1.799999999999997e-03,3.035766082959412e-18
10300,22,-1.500000000000000e-03,-1.500000000000000e-03,4.336808689942018e-19
10300,23,1.200000000000000e-03,1.199999999999997e-03,2.602085213965211e-18
10300,24,1.000000000000000e-03,9.999999999999985e-04,1.517883041479706e-18
10300,25,-8.000000000000000e-04,-8.000000000000031e-04,3.035766082959412e-18
10300,26,5.999999999999999e-04,6.000000000000069e-04,-6.938893903907228e-18
10300,27,5.000000000000000e-04,5.000000000000004e-04,-4.336808689942018e-19
10300,28,-4.000000000000000e-04,-4.000000000000050e-04,4.987329993433320e-18
10300,29,3.000000000000000e-04,2.999999999999968e-04,3.198396408832238e-18
10400,0,1.200000000000000e-01,1.200000000000000e-01,-2.775557561562891e-17
10400,1,-8.000000000000000e-02,-8.000000000000006e-02,5.551115123125783e-17
10400,2,5.500000000000000e-02,5.499999999999999e-02,1.387778780781446e-17
10400,3,4.000000000000000e-02,3.999999999999999e-02,1.387778780781446e-17
10400,4,-3.000000000000000e-02,-2.999999999999999e-02,-1.387778780781446e-17
10400,5,2.500000000000000e-02,2.500000000000000e-02,-3.469446951953614e-18
10400,6,2.000000000000000e-02,2.000000000000000e-02,-3.469446951953614e-18
10400,7,-1.800000000000000e-02,-1.800000000000000e-02,3.469446951953614e-18
10400,8,1.500000000000000e-02,1.500000000000000e-02,0.000000000000000e+00
10400,9,1.200000000000000e-02,1.200000000000001e-02,-5.204170427930421e-18
10400,10,-1.000000000000000e-02,-9.999999999999998e-03,-1.734723475976807e-18
10400,11,8.999999999999999e-03,9.000000000000001e-03,-1.734723475976807e-18
10400,12,8.000000000000000e-03,8.000000000000004e-03,-3.469446951953614e-18
10400,13,-7.000000000000000e-03,-6.999999999999999e-03,-8.673617379884035e-19
10400,14,6.000000000000000e-03,6.000000000000000e-03,0.000000000000000e+00
10400,15,5.000000000000000e-03,5.000000000000011e-03,-1.127570259384925e-17
10400,16,-4.000000000000000e-03,-3.999999999999999e-03,-8.673617379884035e-19
10400,17,3.500000000000000e-03,3.499999999999997e-03,3.035766082959412e-18
10400,18,3.000000000000000e-03,2.999999999999995e-03,5.204170427930421e-18
10400,19,-2.500000000000000e-03,-2.500000000000010e-03,9.540979117872439e-18
10400,20,2.000000000000000e-03,2.000000000000011e-03,-1.084202172485504e-17
10400,21,1.800000000000000e-03,1.799999999999998e-03,1.517883041479706e-18
10400,22,-1.500000000000000e-03,-1.499999999999996e-03,-4.119968255444917e-18
10400,23,1.200000000000000e-03,1.199999999999995e-03,4.770489558936220e-18
10400,24,1.000000000000000e-03,1.000000000000000e-03,-2.168404344971009e-19
10400,25,-8.000000000000000e-04,-8.000000000000073e-04,7.264154555652880e-18
10400,26,5.999999999999999e-04,6.000000000000010e-04,-1.084202172485504e-18
10400,27,5.000000000000000e-04,5.000000000000091e-04,-9.107298248878237e-18
10400,28,-4.000000000000000e-04,-4.000000000000019e-04,1.843143693225358e-18
10400,29,3.000000000000000e-04,3.000000000000016e-04,-1.626303258728257e-18
10500,0,1.200000000000000e-01,1.200000000000000e-01,-2.775557561562891e-17
10500,1,-8.000000000000000e-02,-8.000000000000006e-02,5.551115123125783e-17
10500,2,5.500000000000000e-02,5.499999999999999e-02,1.387778780781446e-17
10500,3,4.000000000000000e-02,3.999999999999999e-02,1.387778780781446e-17
10500,4,-3.000000000000000e-02,-2.999999999999999e-02,-1.040834085586084e-17
10500,5,2.500000000000000e-02,2.500000000000000e-02,-3.469446951953614e-18
10500,6,2.000000000000000e-02,1.999999999999999e-02,1.040834085586084e-17
10500,7,-1.800000000000000e-02,-1.800000000000000e-02,3.469446951953614e-18
10500,8,1.500000000000000e-02,1.500000000000000e-02,-1.734723475976807e-18
10500,9,1.200000000000000e-02,1.200000000000001e-02,-1.040834085586084e-17
10500,10,-1.000000000000000e-02,-1.000000000000000e-02,3.469446951953614e-18
10500,11,8.999999999999999e-03,8.999999999999998e-03,1.734723475976807e-18
10500,12,8.000000000000000e-03,8.000000000000000e-03,0.000000000000000e+00
10500,13,-7.000000000000000e-03,-6.999999999999999e-03,-8.673617379884035e-19
10500,14,6.000000000000000e-03,6.000000000000004e-03,-3.469446951953614e-18
10500,15,5.000000000000000e-03,5.000000000000006e-03,-6.071532165918825e-18
10500,16,-4.000000000000000e-03,-4.000000000000005e-03,5.204170427930421e-18
10500,17,3.500000000000000e-03,3.500000000000006e-03,-6.071532165918825e-18
10500,18,3.000000000000000e-03,3.000000000000004e-03,-3.903127820947816e-18
10500,19,-2.500000000000000e-03,-2.500000000000006e-03,5.637851296924623e-18
10500,20,2.000000000000000e-03,1.999999999999999e-03,1.301042606982605e-18
10500,21,1.800000000000000e-03,1.800000000000001e-03,-1.301042606982605e-18
10500,22,-1.500000000000000e-03,-1.500000000000000e-03,4.336808689942018e-19
10500,23,1.200000000000000e-03,1.199999999999996e-03,3.903127820947816e-18
10500,24,1.000000000000000e-03,9.999999999999953e-04,4.770489558936220e-18
10500,25,-8.000000000000000e-04,-8.000000000000111e-04,1.105886215935215e-17
10500,26,5.999999999999999e-04,6.000000000000060e-04,-6.071532165918825e-18
10500,27,5.000000000000000e-04,5.000000000000065e-04,-6.505213034913027e-18
10500,28,-4.000000000000000e-04,-3.999999999999950e-04,-4.987329993433320e-18
10500,29,3.000000000000000e-04,2.999999999999923e-04,7.643625316022806e-18
10600,0,1.200000000000000e-01,1.200000000000000e-01,-2.775557561562891e-17
10600,1,-8.000000000000000e-02,-8.000000000000006e-02,5.551115123125783e-17
10600,2,5.500000000000000e-02,5.499999999999999e-02,1.387778780781446e-17
10600,3,4.000000000000000e-02,3.999999999999999e-02,1.387778780781446e-17
10600,4,-3.000000000000000e-02,-2.999999999999999e-02,-1.040834085586084e-17
10600,5,2.500000000000000e-02,2.500000000000000e-02,3.469446951953614e-18
10600,6,2.000000000000000e-02,1.999999999999999e-02,1.387778780781446e-17
10600,7,-1.800000000000000e-02,-1.800000000000000e-02,3.469446951953614e-18
10600,8,1.500000000000000e-02,1.500000000000000e-02,3.469446951953614e-18
10600,9,1.200000000000000e-02,1.200000000000001e-02,-5.204170427930421e-18
10600,10,-1.000000000000000e-02,-1.000000000000000e-02,1.734723475976807e-18
10600,11,8.999999999999999e-03,9.000000000000001e-03,-1.734723475976807e-18
10600,12,8.000000000000000e-03,8.000000000000009e-03,-8.673617379884035e-18
10600,13,-7.000000000000000e-03,-6.999999999999998e-03,-1.734723475976807e-18
10600,14,6.000000000000000e-03,6.000000000000001e-03,-8.673617379884035e-19
10600,15,5.000000000000000e-03,4.999999999999995e-03,5.204170427930421e-18
10600,16,-4.000000000000000e-03,-4.000000000000003e-03,2.602085213965211e-18
10600,17,3.500000000000000e-03,3.499999999999998e-03,2.168404344971009e-18
10600,18,3.000000000000000e-03,3.000000000000006e-03,-5.637851296924623e-18
10600,19,-2.500000000000000e-03,-2.499999999999994e-03,-5.637851296924623e-18
10600,20,2.000000000000000e-03,2.000000000000001e-03,-1.301042606982605e-18
10600,21,1.800000000000000e-03,1.800000000000001e-03,-1.301042606982605e-18
10600,22,-1.500000000000000e-03,-1.500000000000005e-03,5.204170427930421e-18
10600,23,1.200000000000000e-03,1.199999999999995e-03,4.553649124439119e-18
10600,24,1.000000000000000e-03,9.999999999999987e-04,1.301042606982605e-18
10600,25,-8.000000000000000e-04,-8.000000000000056e-04,5.529431079676073e-18
10600,26,5.999999999999999e-04,6.000000000000034e-04,-3.469446951953614e-18
10600,27,5.000000000000000e-04,5.000000000000025e-04,-2.493664996716660e-18
10600,28,-4.000000000000000e-04,-4.000000000000033e-04,3.306816626080789e-18
10600,29,3.000000000000000e-04,2.999999999999934e-04,6.559423143537302e-18
10700,0,1.200000000000000e-01,1.200000000000000e-01,-2.775557561562891e-17
10700,1,-8.000000000000000e-02,-8.000000000000006e-02,5.551115123125783e-17
10700,2,5.500000000000000e-02,5.499999999999999e-02,1.387778780781446e-17
10700,3,4.000000000000000e-02,3.999999999999999e-02,6.938893903907228e-18
10700,4,-3.000000000000000e-02,-3.000000000000000e-02,-3.469446951953614e-18
10700,5,2.500000000000000e-02,2.500000000000000e-02,3.469446951953614e-18
10700,6,2.000000000000000e-02,1.999999999999999e-02,1.387778780781446e-17
10700,7,-1.800000000000000e-02,-1.800000000000000e-02,-3.469446951953614e-18
10700,8,1.500000000000000e-02,1.499999999999999e-02,1.387778780781446e-17
10700,9,1.200000000000000e-02,1.200000000000001e-02,-8.673617379884035e-18
10700,10,-1.000000000000000e-02,-1.000000000000001e-02,5.204170427930421e-18
10700,11,8.999999999999999e-03,9.000000000000005e-03,-5.204170427930421e-18
10700,12,8.000000000000000e-03,8.000000000000005e-03,-5.204170427930421e-18
10700,13,-7.000000000000000e-03,-6.999999999999989e-03,-1.127570259384925e-17
10700,14,6.000000000000000e-03,5.999999999999994e-03,6.071532165918825e-18
10700,15,5.000000000000000e-03,4.999999999999999e-03,8.673617379884035e-19
10700,16,-4.000000000000000e-03,-4.000000000000001e-03,8.673617379884035e-19
10700,17,3.500000000000000e-03,3.499999999999992e-03,8.239936510889834e-18
10700,18,3.000000000000000e-03,3.000000000000009e-03,-9.107298248878237e-18
10700,19,-2.500000000000000e-03,-2.499999999999996e-03,-3.903127820947816e-18
10700,20,2.000000000000000e-03,1.999999999999995e-03,5.204170427930421e-18
10700,21,1.800000000000000e-03,1.799999999999994e-03,5.637851296924623e-18
10700,22,-1.500000000000000e-03,-1.500000000000001e-03,8.673617379884035e-19
10700,23,1.200000000000000e-03,1.200000000000000e-03,-2.168404344971009e-19
10700,24,1.000000000000000e-03,9.999999999999922e-04,7.806255641895632e-18
10700,25,-8.000000000000000e-04,-8.000000000000059e-04,5.854691731421724e-18
10700,26,5.999999999999999e-04,6.000000000000052e-04,-5.204170427930421e-18
10700,27,5.000000000000000e-04,5.000000000000011e-04,-1.084202172485504e-18
10700,28,-4.000000000000000e-04,-3.999999999999975e-04,-2.547875105340935e-18
10700,29,3.000000000000000e-04,2.999999999999945e-04,5.475220971051797e-18
10800,0,1.200000000000000e-01,1.200000000000000e-01,-2.775557561562891e-17
10800,1,-8.000000000000000e-02,-8.000000000000006e-02,5.551115123125783e-17
10800,2,5.500000000000000e-02,5.499999999999999e-02,1.387778780781446e-17
10800,3,4.000000000000000e-02,3.999999999999999e-02,6.938893903907228e-18
10800,4,-3.000000000000000e-02,-2.999999999999999e-02,-6.938893903907228e-18
10800,5,2.500000000000000e-02,2.500000000000000e-02,-3.469446951953614e-18
10800,6,2.000000000000000e-02,1.999999999999999e-02,6.938893903907228e-18
10800,7,-1.800000000000000e-02,-1.800000000000001e-02,1.387778780781446e-17
10800,8,1.500000000000000e-02,1.500000000000000e-02,3.469446951953614e-18
10800,9,1.200000000000000e-02,1.200000000000001e-02,-6.938893903907228e-18
10800,10,-1.000000000000000e-02,-1.000000000000000e-02,1.734723475976807e-18
10800,11,8.999999999999999e-03,8.999999999999999e-03,0.000000000000000e+00
10800,12,8.000000000000000e-03,8.000000000000007e-03,-6.938893903907228e-18
10800,13,-7.000000000000000e-03,-6.999999999999991e-03,-9.540979117872439e-18
10800,14,6.000000000000000e-03,6.000000000000001e-03,-8.673617379884035e-19
10800,15,5.000000000000000e-03,5.000000000000001e-03,-8.673617379884035e-19
10800,16,-4.000000000000000e-03,-4.000000000000008e-03,7.806255641895632e-18
10800,17,3.500000000000000e-03,3.500000000000000e-03,4.336808689942018e-19
10800,18,3.000000000000000e-03,3.000000000000007e-03,-6.505213034913027e-18
10800,19,-2.500000000000000e-03,-2.499999999999992e-03,-7.806255641895632e-18
10800,20,2.000000000000000e-03,1.999999999999997e-03,3.035766082959412e-18
10800,21,1.800000000000000e-03,1.799999999999994e-03,5.637851296924623e-18
10800,22,-1.500000000000000e-03,-1.500000000000000e-03,-2.168404344971009e-19
10800,23,1.200000000000000e-03,1.200000000000009e-03,-8.890457814381136e-18
10800,24,1.000000000000000e-03,9.999999999999809e-04,1.908195823574488e-17
10800,25,-8.000000000000000e-04,-8.000000000000029e-04,2.818925648462312e-18
10800,26,5.999999999999999e-04,5.999999999999946e-04,5.312590645178972e-18
10800,27,5.000000000000000e-04,5.000000000000036e-04,-3.577867169202165e-18
10800,28,-4.000000000000000e-04,-4.000000000000014e-04,1.409462824231156e-18
10800,29,3.000000000000000e-04,2.999999999999841e-04,1.582935171828836e-17
10900,0,1.200000000000000e-01,1.200000000000000e-01,-2.775557561562891e-17
10900,1,-8.000000000000000e-02,-8.000000000000006e-02,5.551115123125783e-17
10900,2,5.500000000000000e-02,5.499999999999999e-02,1.387778780781446e-17
10900,3,4.000000000000000e-02,3.999999999999999e-02,6.938893903907228e-18
10900,4,-3.000000000000000e-02,-3.000000000000000e-02,0.000000000000000e+00
10900,5,2.500000000000000e-02,2.500000000000000e-02,0.000000000000000e+00
10900,6,2.000000000000000e-02,2.000000000000000e-02,-3.469446951953614e-18
10900,7,-1.800000000000000e-02,-1.800000000000000e-02,-3.469446951953614e-18
10900,8,1.500000000000000e-02,1.500000000000000e-02,3.469446951953614e-18
10900,9,1.200000000000000e-02,1.200000000000000e-02,-1.734723475976807e-18
10900,10,-1.000000000000000e-02,-1.000000000000000e-02,1.734723475976807e-18
10900,11,8.999999999999999e-03,9.000000000000008e-03,-8.673617379884035e-18
10900,12,8.000000000000000e-03,8.000000000000005e-03,-5.204170427930421e-18
10900,13,-7.000000000000000e-03,-6.999999999999998e-03,-2.602085213965211e-18
10900,14,6.000000000000000e-03,6.000000000000011e-03,-1.127570259384925e-17
10900,15,5.000000000000000e-03,5.000000000000004e-03,-4.336808689942018e-18
10900,16,-4.000000000000000e-03,-3.999999999999998e-03,-1.734723475976807e-18
10900,17,3.500000000000000e-03,3.499999999999995e-03,4.770489558936220e-18
10900,18,3.000000000000000e-03,3.000000000000010e-03,-1.040834085586084e-17
10900,19,-2.500000000000000e-03,-2.499999999999996e-03,-3.903127820947816e-18
10900,20,2.000000000000000e-03,1.999999999999998e-03,2.168404344971009e-18
10900,21,1.800000000000000e-03,1.800000000000008e-03,-8.023096076392733e-18
10900,22,-1.500000000000000e-03,-1.500000000000007e-03,6.722053469410127e-18
10900,23,1.200000000000000e-03,1.200000000000000e-03,0.000000000000000e+00
10900,24,1.000000000000000e-03,9.999999999999883e-04,1.170938346284345e-17
10900,25,-8.000000000000000e-04,-7.999999999999999e-04,-1.084202172485504e-19
10900,26,5.999999999999999e-04,6.000000000000040e-04,-4.011548038196366e-18
10900,27,5.000000000000000e-04,5.000000000000035e-04,-3.469446951953614e-18
10900,28,-4.000000000000000e-04,-4.000000000000015e-04,1.517883041479706e-18
10900,29,3.000000000000000e-04,3.000000000000011e-04,-1.084202172485504e-18
11000,0,1.200000000000000e-01,1.200000000000000e-01,-2.775557561562891e-17
11000,1,-8.000000000000000e-02,-8.000000000000006e-02,5.551115123125783e-17
11000,2,5.500000000000000e-02,5.499999999999998e-02,2.081668171172169e-17
11000,3,4.000000000000000e-02,3.999999999999999e-02,6.938893903907228e-18
11000,4,-3.000000000000000e-02,-3.000000000000000e-02,3.469446951953614e-18
11000,5,2.500000000000000e-02,2.500000000000000e-02,3.469446951953614e-18
11000,6,2.000000000000000e-02,2.000000000000000e-02,0.000000000000000e+00
11000,7,-1.800000000000000e-02,-1.800000000000000e-02,3.469446951953614e-18
11000,8,1.500000000000000e-02,1.500000000000000e-02,1.734723475976807e-18
11000,9,1.200000000000000e-02,1.200000000000001e-02,-5.204170427930421e-18
11000,10,-1.000000000000000e-02,-1.000000000000001e-02,6.938893903907228e-18
11000,11,8.999999999999999e-03,8.999999999999994e-03,5.204170427930421e-18
11000,12,8.000000000000000e-03,8.000000000000014e-03,-1.387778780781446e-17
11000,13,-7.000000000000000e-03,-7.000000000000002e-03,1.734723475976807e-18
11000,14,6.000000000000000e-03,6.000000000000004e-03,-4.336808689942018e-18
11000,15,5.000000000000000e-03,5.000000000000006e-03,-6.071532165918825e-18
11000,16,-4.000000000000000e-03,-4.000000000000004e-03,3.469446951953614e-18
11000,17,3.500000000000000e-03,3.500000000000001e-03,-1.301042606982605e-18
11000,18,3.000000000000000e-03,3.000000000000003e-03,-2.602085213965211e-18
11000,19,-2.500000000000000e-03,-2.500000000000013e-03,1.344410693882025e-17
11000,20,2.000000000000000e-03,2.000000000000003e-03,-2.602085213965211e-18
11000,21,1.800000000000000e-03,1.799999999999999e-03,6.505213034913027e-19
11000,22,-1.500000000000000e-03,-1.499999999999999e-03,-8.673617379884035e-19
11000,23,1.200000000000000e-03,1.200000000000002e-03,-1.734723475976807e-18
11000,24,1.000000000000000e-03,1.000000000000008e-03,-8.239936510889834e-18
11000,25,-8.000000000000000e-04,-8.000000000000078e-04,7.806255641895632e-18
11000,26,5.999999999999999e-04,5.999999999999983e-04,1.626303258728257e-18
11000,27,5.000000000000000e-04,4.999999999999925e-04,7.480994990149981e-18
11000,28,-4.000000000000000e-04,-4.000000000000073e-04,7.264154555652880e-18
11000,29,3.000000000000000e-04,3.000000000000012e-04,-1.246832498358330e-18
11100,0,1.200000000000000e-01,1.200000000000000e-01,-2.775557561562891e-17
11100,1,-8.000000000000000e-02,-8.000000000000006e-02,5.551115123125783e-17
11100,2,5.500000000000000e-02,5.499999999999998e-02,2.081668171172169e-17
11100,3,4.000000000000000e-02,3.999999999999999e-02,6.938893903907228e-18
11100,4,-3.000000000000000e-02,-3.000000000000000e-02,3.469446951953614e-18
11100,5,2.500000000000000e-02,2.500000000000000e-02,3.469446951953614e-18
11100,6,2.000000000000000e-02,1.999999999999999e-02,6.938893903907228e-18
11100,7,-1.800000000000000e-02,-1.800000000000000e-02,0.000000000000000e+00
11100,8,1.500000000000000e-02,1.500000000000000e-02,3.469446951953614e-18
11100,9,1.200000000000000e-02,1.199999999999998e-02,1.561251128379126e-17
11100,10,-1.000000000000000e-02,-1.000000000000001e-02,1.214306433183765e-17
11100,11,8.999999999999999e-03,8.999999999999987e-03,1.214306433183765e-17
11100,12,8.000000000000000e-03,8.000000000000007e-03,-6.938893903907228e-18
11100,13,-7.000000000000000e-03,-7.000000000000004e-03,3.469446951953614e-18
11100,14,6.000000000000000e-03,5.999999999999998e-03,2.602085213965211e-18
11100,15,5.000000000000000e-03,5.000000000000013e-03,-1.301042606982605e-17
11100,16,-4.000000000000000e-03,-4.000000000000006e-03,6.071532165918825e-18
11100,17,3.500000000000000e-03,3.500000000000006e-03,-6.071532165918825e-18
11100,18,3.000000000000000e-03,2.999999999999992e-03,7.806255641895632e-18
11100,19,-2.500000000000000e-03,-2.500000000000010e-03,9.540979117872439e-18
11100,20,2.000000000000000e-03,1.999999999999994e-03,6.071532165918825e-18
11100,21,1.800000000000000e-03,1.800000000000010e-03,-9.757819552369540e-18
11100,22,-1.500000000000000e-03,-1.500000000000004e-03,3.903127820947816e-18
11100,23,1.200000000000000e-03,1.199999999999998e-03,1.734723475976807e-18
11100,24,1.000000000000000e-03,1.000000000000005e-03,-4.987329993433320e-18
11100,25,-8.000000000000000e-04,-8.000000000000232e-04,2.320192649118979e-17
11100,26,5.999999999999999e-04,6.000000000000015e-04,-1.517883041479706e-18
11100,27,5.000000000000000e-04,4.999999999999898e-04,1.019150042136374e-17
11100,28,-4.000000000000000e-04,-4.000000000000079e-04,7.860465750519907e-18
11100,29,3.000000000000000e-04,2.999999999999985e-04,1.463672932855431e-18
11200,0,1.200000000000000e-01,1.200000000000000e-01,-2.775557561562891e-17
11200,1,-8.000000000000000e-02,-8.000000000000006e-02,5.551115123125783e-17
11200,2,5.500000000000000e-02,5.499999999999998e-02,2.081668171172169e-17
11200,3,4.000000000000000e-02,3.999999999999999e-02,6.938893903907228e-18
11200,4,-3.000000000000000e-02,-3.000000000000001e-02,1.040834085586084e-17
11200,5,2.500000000000000e-02,2.500000000000000e-02,0.000000000000000e+00
11200,6,2.000000000000000e-02,1.999999999999999e-02,1.387778780781446e-17
11200,7,-1.800000000000000e-02,-1.799999999999999e-02,-6.938893903907228e-18
11200,8,1.500000000000000e-02,1.500000000000000e-02,3.469446951953614e-18
11200,9,1.200000000000000e-02,1.199999999999999e-02,1.214306433183765e-17
11200,10,-1.000000000000000e-02,-1.000000000000000e-02,3.469446951953614e-18
11200,11,8.999999999999999e-03,9.000000000000005e-03,-5.204170427930421e-18
11200,12,8.000000000000000e-03,7.999999999999991e-03,8.673617379884035e-18
11200,13,-7.000000000000000e-03,-7.000000000000004e-03,3.469446951953614e-18
11200,14,6.000000000000000e-03,5.999999999999991e-03,8.673617379884035e-18
11200,15,5.000000000000000e-03,5.000000000000007e-03,-6.938893903907228e-18
11200,16,-4.000000000000000e-03,-4.000000000000007e-03,6.938893903907228e-18
11200,17,3.500000000000000e-03,3.499999999999995e-03,5.204170427930421e-18
11200,18,3.000000000000000e-03,2.999999999999994e-03,6.505213034913027e-18
11200,19,-2.500000000000000e-03,-2.500000000000010e-03,1.040834085586084e-17
11200,20,2.000000000000000e-03,1.999999999999991e-03,8.673617379884035e-18
11200,21,1.800000000000000e-03,1.800000000000007e-03,-7.155734338404329e-18
11200,22,-1.500000000000000e-03,-1.499999999999993e-03,-6.938893903907228e-18
11200,23,1.200000000000000e-03,1.200000000000000e-03,-2.168404344971009e-19
11200,24,1.000000000000000e-03,1.000000000000007e-03,-6.938893903907228e-18
11200,25,-8.000000000000000e-04,-8.000000000000184e-04,1.832301671500502e-17
11200,26,5.999999999999999e-04,6.000000000000007e-04,-7.589415207398531e-19
11200,27,5.000000000000000e-04,4.999999999999880e-04,1.203464411458910e-17
11200,28,-4.000000000000000e-04,-3.999999999999963e-04,-3.740497495074990e-18
11200,29,3.000000000000000e-04,2.999999999999847e-04,1.528725063204561e-17
11300,0,1.200000000000000e-01,1.200000000000000e-01,-2.775557561562891e-17
11300,1,-8.000000000000000e-02,-8.000000000000006e-02,5.551115123125783e-17
11300,2,5.500000000000000e-02,5.499999999999998e-02,2.081668171172169e-17
11300,3,4.000000000000000e-02,3.999999999999999e-02,6.938893903907228e-18
11300,4,-3.000000000000000e-02,-3.000000000000000e-02,-3.469446951953614e-18
11300,5,2.500000000000000e-02,2.500000000000000e-02,0.000000000000000e+00
11300,6,2.000000000000000e-02,1.999999999999999e-02,1.387778780781446e-17
11300,7,-1.800000000000000e-02,-1.799999999999999e-02,-1.040834085586084e-17
11300,8,1.500000000000000e-02,1.500000000000000e-02,1.734723475976807e-18
11300,9,1.200000000000000e-02,1.200000000000000e-02,-1.734723475976807e-18
11300,10,-1.000000000000000e-02,-9.999999999999992e-03,-8.673617379884035e-18
11300,11,8.999999999999999e-03,9.000000000000006e-03,-6.938893903907228e-18
11300,12,8.000000000000000e-03,7.999999999999993e-03,6.938893903907228e-18
11300,13,-7.000000000000000e-03,-7.000000000000003e-03,2.602085213965211e-18
11300,14,6.000000000000000e-03,6.000000000000003e-03,-2.602085213965211e-18
11300,15,5.000000000000000e-03,5.000000000000001e-03,-8.673617379884035e-19
11300,16,-4.000000000000000e-03,-4.000000000000008e-03,7.806255641895632e-18
11300,17,3.500000000000000e-03,3.499999999999992e-03,7.806255641895632e-18
11300,18,3.000000000000000e-03,2.999999999999993e-03,7.372574772901430e-18
11300,19,-2.500000000000000e-03,-2.500000000000001e-03,1.301042606982605e-18
11300,20,2.000000000000000e-03,2.000000000000004e-03,-3.469446951953614e-18
11300,21,1.800000000000000e-03,1.800000000000009e-03,-9.324138683375338e-18
11300,22,-1.500000000000000e-03,-1.499999999999997e-03,-2.602085213965211e-18
11300,23,1.200000000000000e-03,1.200000000000002e-03,-2.602085213965211e-18
11300,24,1.000000000000000e-03,1.000000000000001e-03,-6.505213034913027e-19
11300,25,-8.000000000000000e-04,-8.000000000000138e-04,1.376936759056591e-17
11300,26,5.999999999999999e-04,5.999999999999995e-04,4.336808689942018e-19
11300,27,5.000000000000000e-04,5.000000000000009e-04,-8.673617379884035e-19
11300,28,-4.000000000000000e-04,-3.999999999999943e-04,-5.692061405548898e-18
11300,29,3.000000000000000e-04,3.000000000000001e-04,-1.084202172485504e-19
11400,0,1.200000000000000e-01,1.200000000000000e-01,-2.775557561562891e-17
11400,1,-8.000000000000000e-02,-8.000000000000006e-02,5.551115123125783e-17
11400,2,5.500000000000000e-02,5.499999999999999e-02,1.387778780781446e-17
11400,3,4.000000000000000e-02,3.999999999999999e-02,1.387778780781446e-17
11400,4,-3.000000000000000e-02,-2.999999999999999e-02,-1.040834085586084e-17
11400,5,2.500000000000000e-02,2.500000000000000e-02,0.000000000000000e+00
11400,6,2.000000000000000e-02,1.999999999999999e-02,6.938893903907228e-18
11400,7,-1.800000000000000e-02,-1.799999999999999e-02,-1.040834085586084e-17
11400,8,1.500000000000000e-02,1.499999999999999e-02,1.387778780781446e-17
11400,9,1.200000000000000e-02,1.200000000000001e-02,-5.204170427930421e-18
11400,10,-1.000000000000000e-02,-9.999999999999992e-03,-8.673617379884035e-18
11400,11,8.999999999999999e-03,9.000000000000010e-03,-1.040834085586084e-17
11400,12,8.000000000000000e-03,8.000000000000011e-03,-1.040834085586084e-17
11400,13,-7.000000000000000e-03,-7.000000000000011e-03,1.127570259384925e-17
11400,14,6.000000000000000e-03,6.000000000000008e-03,-7.806255641895632e-18
11400,15,5.000000000000000e-03,4.999999999999989e-03,1.127570259384925e-17
11400,16,-4.000000000000000e-03,-4.000000000000003e-03,2.602085213965211e-18
11400,17,3.500000000000000e-03,3.499999999999996e-03,3.903127820947816e-18
11400,18,3.000000000000000e-03,2.999999999999999e-03,1.301042606982605e-18
11400,19,-2.500000000000000e-03,-2.499999999999995e-03,-4.770489558936220e-18
11400,20,2.000000000000000e-03,2.000000000000008e-03,-7.806255641895632e-18
11400,21,1.800000000000000e-03,1.800000000000011e-03,-1.149254302834635e-17
11400,22,-1.500000000000000e-03,-1.500000000000001e-03,1.084202172485504e-18
11400,23,1.200000000000000e-03,1.200000000000003e-03,-2.818925648462312e-18
11400,24,1.000000000000000e-03,1.000000000000003e-03,-2.602085213965211e-18
11400,25,-8.000000000000000e-04,-8.000000000000116e-04,1.160096324559490e-17
11400,26,5.999999999999999e-04,5.999999999999962e-04,3.794707603699266e-18
11400,27,5.000000000000000e-04,4.999999999999906e-04,9.432558900623889e-18
11400,28,-4.000000000000000e-04,-3.999999999999977e-04,-2.331034670843835e-18
11400,29,3.000000000000000e-04,2.999999999999925e-04,7.426784881525705e-18
11500,0,1.200000000000000e-01,1.200000000000000e-01,-2.775557561562891e-17
11500,1,-8.000000000000000e-02,-8.000000000000006e-02,5.551115123125783e-17
11500,2,5.500000000000000e-02,5.499999999999999e-02,1.387778780781446e-17
11500,3,4.000000000000000e-02,3.999999999999999e-02,1.387778780781446e-17
11500,4,-3.000000000000000e-02,-3.000000000000000e-02,-3.469446951953614e-18
11500,5,2.500000000000000e-02,2.499999999999999e-02,1.040834085586084e-17
11500,6,2.000000000000000e-02,1.999999999999999e-02,6.938893903907228e-18
11500,7,-1.800000000000000e-02,-1.799999999999999e-02,-1.040834085586084e-17
11500,8,1.500000000000000e-02,1.499999999999999e-02,6.938893903907228e-18
11500,9,1.200000000000000e-02,1.200000000000000e-02,-1.734723475976807e-18
11500,10,-1.000000000000000e-02,-9.999999999999992e-03,-8.673617379884035e-18
11500,11,8.999999999999999e-03,9.000000000000008e-03,-8.673617379884035e-18
11500,12,8.000000000000000e-03,7.999999999999998e-03,1.734723475976807e-18
11500,13,-7.000000000000000e-03,-7.000000000000011e-03,1.127570259384925e-17
11500,14,6.000000000000000e-03,5.999999999999998e-03,2.602085213965211e-18
11500,15,5.000000000000000e-03,5.000000000000008e-03,-7.806255641895632e-18
11500,16,-4.000000000000000e-03,-4.000000000000007e-03,6.938893903907228e-18
11500,17,3.500000000000000e-03,3.500000000000012e-03,-1.214306433183765e-17
11500,18,3.000000000000000e-03,2.999999999999984e-03,1.604619215278547e-17
11500,19,-2.500000000000000e-03,-2.499999999999986e-03,-1.387778780781446e-17
11500,20,2.000000000000000e-03,2.000000000000015e-03,-1.517883041479706e-17
11500,21,1.800000000000000e-03,1.800000000000004e-03,-3.903127820947816e-18
11500,22,-1.500000000000000e-03,-1.499999999999999e-03,-1.517883041479706e-18
11500,23,1.200000000000000e-03,1.199999999999999e-03,1.301042606982605e-18
11500,24,1.000000000000000e-03,1.000000000000000e-03,0.000000000000000e+00
11500,25,-8.000000000000000e-04,-8.000000000000012e-04,1.192622389734055e-18
11500,26,5.999999999999999e-04,6.000000000000022e-04,-2.276824562219559e-18
11500,27,5.000000000000000e-04,4.999999999999977e-04,2.276824562219559e-18
11500,28,-4.000000000000000e-04,-3.999999999999938e-04,-6.179952383167375e-18
11500,29,3.000000000000000e-04,2.999999999999878e-04,1.219727444046192e-17
11600,0,1.200000000000000e-01,1.200000000000000e-01,-2.775557561562891e-17
11600,1,-8.000000000000000e-02,-8.000000000000006e-02,5.551115123125783e-17
11600,2,5.500000000000000e-02,5.499999999999999e-02,1.387778780781446e-17
11600,3,4.000000000000000e-02,3.999999999999998e-02,2.081668171172169e-17
11600,4,-3.000000000000000e-02,-3.000000000000000e-02,-3.469446951953614e-18
11600,5,2.500000000000000e-02,2.500000000000001e-02,-6.938893903907228e-18
11600,6,2.000000000000000e-02,2.000000000000000e-02,0.000000000000000e+00
11600,7,-1.800000000000000e-02,-1.800000000000000e-02,3.469446951953614e-18
11600,8,1.500000000000000e-02,1.500000000000000e-02,-3.469446951953614e-18
11600,9,1.200000000000000e-02,1.200000000000000e-02,0.000000000000000e+00
11600,10,-1.000000000000000e-02,-1.000000000000001e-02,6.938893903907228e-18
11600,11,8.999999999999999e-03,9.000000000000001e-03,-1.734723475976807e-18
11600,12,8.000000000000000e-03,7.999999999999991e-03,8.673617379884035e-18
11600,13,-7.000000000000000e-03,-7.000000000000002e-03,1.734723475976807e-18
11600,14,6.000000000000000e-03,5.999999999999998e-03,2.602085213965211e-18
11600,15,5.000000000000000e-03,4.999999999999995e-03,5.204170427930421e-18
11600,16,-4.000000000000000e-03,-3.999999999999993e-03,-6.938893903907228e-18
11600,17,3.500000000000000e-03,3.500000000000002e-03,-1.734723475976807e-18
11600,18,3.000000000000000e-03,2.999999999999990e-03,9.974659986866641e-18
11600,19,-2.500000000000000e-03,-2.499999999999999e-03,-1.301042606982605e-18
11600,20,2.000000000000000e-03,2.000000000000000e-03,0.000000000000000e+00
11600,21,1.800000000000000e-03,1.800000000000003e-03,-3.252606517456513e-18
11600,22,-1.500000000000000e-03,-1.500000000000009e-03,9.324138683375338e-18
11600,23,1.200000000000000e-03,1.199999999999998e-03,2.168404344971009e-18
11600,24,1.000000000000000e-03,1.000000000000002e-03,-2.385244779468110e-18
11600,25,-8.000000000000000e-04,-7.999999999999994e-04,-6.505213034913027e-19
11600,26,5.999999999999999e-04,6.000000000000047e-04,-4.770489558936220e-18
11600,27,5.000000000000000e-04,5.000000000000065e-04,-6.505213034913027e-18
11600,28,-4.000000000000000e-04,-3.999999999999910e-04,-9.053088140253962e-18
11600,29,3.000000000000000e-04,3.000000000000000e-04,0.000000000000000e+00
11700,0,1.200000000000000e-01,1.200000000000000e-01,-2.775557561562891e-17
11700,1,-8.000000000000000e-02,-8.000000000000006e-02,5.551115123125783e-17
11700,2,5.500000000000000e-02,5.499999999999999e-02,1.387778780781446e-17
11700,3,4.000000000000000e-02,3.999999999999999e-02,1.387778780781446e-17
11700,4,-3.000000000000000e-02,-3.000000000000000e-02,3.469446951953614e-18
11700,5,2.500000000000000e-02,2.500000000000000e-02,0.000000000000000e+00
11700,6,2.000000000000000e-02,2.000000000000000e-02,0.000000000000000e+00
11700,7,-1.800000000000000e-02,-1.799999999999999e-02,-6.938893903907228e-18
11700,8,1.500000000000000e-02,1.500000000000000e-02,-1.734723475976807e-18
11700,9,1.200000000000000e-02,1.200000000000001e-02,-6.938893903907228e-18
11700,10,-1.000000000000000e-02,-1.000000000000000e-02,3.469446951953614e-18
11700,11,8.999999999999999e-03,9.000000000000005e-03,-5.204170427930421e-18
11700,12,8.000000000000000e-03,7.999999999999998e-03,1.734723475976807e-18
11700,13,-7.000000000000000e-03,-7.000000000000000e-03,0.000000000000000e+00
11700,14,6.000000000000000e-03,5.999999999999998e-03,1.734723475976807e-18
11700,15,5.000000000000000e-03,5.000000000000004e-03,-4.336808689942018e-18
11700,16,-4.000000000000000e-03,-3.999999999999989e-03,-1.127570259384925e-17
11700,17,3.500000000000000e-03,3.499999999999999e-03,8.673617379884035e-19
11700,18,3.000000000000000e-03,2.999999999999998e-03,2.168404344971009e-18
11700,19,-2.500000000000000e-03,-2.499999999999995e-03,-5.204170427930421e-18
11700,20,2.000000000000000e-03,2.000000000000004e-03,-3.903127820947816e-18
11700,21,1.800000000000000e-03,1.800000000000002e-03,-2.168404344971009e-18
11700,22,-1.500000000000000e-03,-1.500000000000002e-03,2.385244779468110e-18
11700,23,1.200000000000000e-03,1.199999999999998e-03,2.168404344971009e-18
11700,24,1.000000000000000e-03,9.999999999999996e-04,4.336808689942018e-19
11700,25,-8.000000000000000e-04,-8.000000000000059e-04,5.854691731421724e-18
11700,26,5.999999999999999e-04,6.000000000000004e-04,-4.336808689942018e-19
11700,27,5.000000000000000e-04,5.000000000000011e-04,-1.084202172485504e-18
11700,28,-4.000000000000000e-04,-3.999999999999945e-04,-5.475220971051797e-18
11700,29,3.000000000000000e-04,2.999999999999910e-04,8.944667923005412e-18
11800,0,1.200000000000000e-01,1.200000000000000e-01,-2.775557561562891e-17
11800,1,-8.000000000000000e-02,-8.000000000000006e-02,5.551115123125783e-17
11800,2,5.500000000000000e-02,5.499999999999999e-02,1.387778780781446e-17
11800,3,4.000000000000000e-02,3.999999999999999e-02,1.387778780781446e-17
11800,4,-3.000000000000000e-02,-3.000000000000001e-02,6.938893903907228e-18
11800,5,2.500000000000000e-02,2.500000000000000e-02,-3.469446951953614e-18
11800,6,2.000000000000000e-02,2.000000000000000e-02,-3.469446951953614e-18
11800,7,-1.800000000000000e-02,-1.800000000000000e-02,3.469446951953614e-18
11800,8,1.500000000000000e-02,1.499999999999999e-02,5.204170427930421e-18
11800,9,1.200000000000000e-02,1.199999999999998e-02,1.561251128379126e-17
11800,10,-1.000000000000000e-02,-1.000000000000000e-02,1.734723475976807e-18
11800,11,8.999999999999999e-03,8.999999999999991e-03,8.673617379884035e-18
11800,12,8.000000000000000e-03,7.999999999999998e-03,1.734723475976807e-18
11800,13,-7.000000000000000e-03,-7.000000000000004e-03,4.336808689942018e-18
11800,14,6.000000000000000e-03,5.999999999999991e-03,9.540979117872439e-18
11800,15,5.000000000000000e-03,4.999999999999996e-03,4.336808689942018e-18
11800,16,-4.000000000000000e-03,-3.999999999999990e-03,-1.040834085586084e-17
11800,17,3.500000000000000e-03,3.500000000000000e-03,4.336808689942018e-19
11800,18,3.000000000000000e-03,2.999999999999992e-03,7.806255641895632e-18
11800,19,-2.500000000000000e-03,-2.499999999999997e-03,-3.469446951953614e-18
11800,20,2.000000000000000e-03,2.000000000000007e-03,-7.372574772901430e-18
11800,21,1.800000000000000e-03,1.799999999999997e-03,2.602085213965211e-18
11800,22,-1.500000000000000e-03,-1.500000000000003e-03,3.035766082959412e-18
11800,23,1.200000000000000e-03,1.199999999999995e-03,4.553649124439119e-18
11800,24,1.000000000000000e-03,1.000000000000001e-03,-1.301042606982605e-18
11800,25,-8.000000000000000e-04,-8.000000000000042e-04,4.119968255444917e-18
11800,26,5.999999999999999e-04,5.999999999999981e-04,1.843143693225358e-18
11800,27,5.000000000000000e-04,5.000000000000033e-04,-3.252606517456513e-18
11800,28,-4.000000000000000e-04,-3.999999999999924e-04,-7.643625316022806e-18
11800,29,3.000000000000000e-04,2.999999999999993e-04,6.505213034913027e-19
11900,0,1.200000000000000e-01,1.200000000000000e-01,-2.775557561562891e-17
11900,1,-8.000000000000000e-02,-8.000000000000006e-02,5.551115123125783e-17
11900,2,5.500000000000000e-02,5.499999999999998e-02,2.081668171172169e-17
11900,3,4.000000000000000e-02,3.999999999999998e-02,2.081668171172169e-17
11900,4,-3.000000000000000e-02,-3.000000000000001e-02,6.938893903907228e-18
11900,5,2.500000000000000e-02,2.500000000000000e-02,3.469446951953614e-18
11900,6,2.000000000000000e-02,2.000000000000001e-02,-1.040834085586084e-17
11900,7,-1.800000000000000e-02,-1.800000000000000e-02,3.469446951953614e-18
11900,8,1.500000000000000e-02,1.500000000000000e-02,-5.204170427930421e-18
11900,9,1.200000000000000e-02,1.200000000000000e-02,1.734723475976807e-18
11900,10,-1.000000000000000e-02,-9.999999999999998e-03,-1.734723475976807e-18
11900,11,8.999999999999999e-03,8.999999999999998e-03,1.734723475976807e-18
11900,12,8.000000000000000e-03,8.000000000000002e-03,-1.734723475976807e-18
11900,13,-7.000000000000000e-03,-7.000000000000004e-03,3.469446951953614e-18
11900,14,6.000000000000000e-03,5.999999999999992e-03,7.806255641895632e-18
11900,15,5.000000000000000e-03,4.999999999999991e-03,9.540979117872439e-18
11900,16,-4.000000000000000e-03,-3.999999999999991e-03,-9.540979117872439e-18
11900,17,3.500000000000000e-03,3.500000000000003e-03,-3.035766082959412e-18
11900,18,3.000000000000000e-03,2.999999999999999e-03,1.301042606982605e-18
11900,19,-2.500000000000000e-03,-2.500000000000004e-03,4.336808689942018e-18
11900,20,2.000000000000000e-03,2.000000000000004e-03,-4.336808689942018e-18
11900,21,1.800000000000000e-03,1.800000000000002e-03,-1.734723475976807e-18
11900,22,-1.500000000000000e-03,-1.499999999999998e-03,-2.168404344971009e-18
11900,23,1.200000000000000e-03,1.199999999999998e-03,1.734723475976807e-18
11900,24,1.000000000000000e-03,9.999999999999972e-04,2.818925648462312e-18
11900,25,-8.000000000000000e-04,-8.000000000000082e-04,8.131516293641283e-18
11900,26,5.999999999999999e-04,6.000000000000018e-04,-1.843143693225358e-18
11900,27,5.000000000000000e-04,5.000000000000110e-04,-1.095044194210359e-17
11900,28,-4.000000000000000e-04,-3.999999999999965e-04,-3.523657060577889e-18
11900,29,3.000000000000000e-04,2.999999999999868e-04,1.317305639569888e-17
12000,0,1.200000000000000e-01,1.200000000000000e-01,-2.775557561562891e-17
12000,1,-8.000000000000000e-02,-8.000000000000006e-02,5.551115123125783e-17
12000,2,5.500000000000000e-02,5.499999999999998e-02,2.081668171172169e-17
12000,3,4.000000000000000e-02,3.999999999999998e-02,2.081668171172169e-17
12000,4,-3.000000000000000e-02,-3.000000000000001e-02,6.938893903907228e-18
12000,5,2.500000000000000e-02,2.500000000000000e-02,3.469446951953614e-18
12000,6,2.000000000000000e-02,2.000000000000001e-02,-1.387778780781446e-17
12000,7,-1.800000000000000e-02,-1.800000000000000e-02,0.000000000000000e+00
12000,8,1.500000000000000e-02,1.500000000000000e-02,-3.469446951953614e-18
12000,9,1.200000000000000e-02,1.200000000000001e-02,-6.938893903907228e-18
12000,10,-1.000000000000000e-02,-9.999999999999998e-03,-1.734723475976807e-18
12000,11,8.999999999999999e-03,9.000000000000003e-03,-3.469446951953614e-18
12000,12,8.000000000000000e-03,8.000000000000009e-03,-8.673617379884035e-18
12000,13,-7.000000000000000e-03,-6.999999999999993e-03,-6.938893903907228e-18
12000,14,6.000000000000000e-03,5.999999999999993e-03,6.938893903907228e-18
12000,15,5.000000000000000e-03,4.999999999999992e-03,7.806255641895632e-18
12000,16,-4.000000000000000e-03,-3.999999999999998e-03,-1.734723475976807e-18
12000,17,3.500000000000000e-03,3.499999999999993e-03,7.372574772901430e-18
12000,18,3.000000000000000e-03,2.999999999999996e-03,3.903127820947816e-18
12000,19,-2.500000000000000e-03,-2.500000000000000e-03,4.336808689942018e-19
12000,20,2.000000000000000e-03,2.000000000000005e-03,-5.204170427930421e-18
12000,21,1.800000000000000e-03,1.799999999999996e-03,3.686287386450715e-18
12000,22,-1.500000000000000e-03,-1.499999999999999e-03,-1.301042606982605e-18
12000,23,1.200000000000000e-03,1.199999999999999e-03,1.084202172485504e-18
12000,24,1.000000000000000e-03,9.999999999999987e-04,1.301042606982605e-18
12000,25,-8.000000000000000e-04,-7.999999999999975e-04,-2.493664996716660e-18
12000,26,5.999999999999999e-04,6.000000000000021e-04,-2.168404344971009e-18
12000,27,5.000000000000000e-04,5.000000000000086e-04,-8.565197162635485e-18
12000,28,-4.000000000000000e-04,-3.999999999999982e-04,-1.788933584601082e-18
12000,29,3.000000000000000e-04,2.999999999999967e-04,3.252606517456513e-18
12100,0,1.200000000000000e-01,1.200000000000000e-01,-2.775557561562891e-17
12100,1,-8.000000000000000e-02,-8.000000000000006e-02,5.551115123125783e-17
12100,2,5.500000000000000e-02,5.499999999999998e-02,2.081668171172169e-17
12100,3,4.000000000000000e-02,3.999999999999999e-02,6.938893903907228e-18
12100,4,-3.000000000000000e-02,-3.000000000000000e-02,-3.469446951953614e-18
12100,5,2.500000000000000e-02,2.500000000000000e-02,3.469446951953614e-18
12100,6,2.000000000000000e-02,2.000000000000001e-02,-1.387778780781446e-17
12100,7,-1.800000000000000e-02,-1.800000000000000e-02,-3.469446951953614e-18
12100,8,1.500000000000000e-02,1.500000000000000e-02,1.734723475976807e-18
12100,9,1.200000000000000e-02,1.200000000000001e-02,-8.673617379884035e-18
12100,10,-1.000000000000000e-02,-9.999999999999992e-03,-8.673617379884035e-18
12100,11,8.999999999999999e-03,9.000000000000001e-03,-1.734723475976807e-18
12100,12,8.000000000000000e-03,8.000000000000005e-03,-5.204170427930421e-18
12100,13,-7.000000000000000e-03,-6.999999999999997e-03,-3.469446951953614e-18
12100,14,6.000000000000000e-03,5.999999999999999e-03,8.673617379884035e-19
12100,15,5.000000000000000e-03,4.999999999999995e-03,5.204170427930421e-18
12100,16,-4.000000000000000e-03,-4.000000000000004e-03,3.469446951953614e-18
12100,17,3.500000000000000e-03,3.499999999999988e-03,1.170938346284345e-17
12100,18,3.000000000000000e-03,2.999999999999984e-03,1.561251128379126e-17
12100,19,-2.500000000000000e-03,-2.500000000000001e-03,1.301042606982605e-18
12100,20,2.000000000000000e-03,2.000000000000000e-03,0.000000000000000e+00
12100,21,1.800000000000000e-03,1.799999999999993e-03,7.155734338404329e-18
12100,22,-1.500000000000000e-03,-1.500000000000003e-03,2.818925648462312e-18
12100,23,1.200000000000000e-03,1.199999999999996e-03,3.686287386450715e-18
12100,24,1.000000000000000e-03,9.999999999999959e-04,4.119968255444917e-18
12100,25,-8.000000000000000e-04,-7.999999999999928e-04,-7.264154555652880e-18
12100,26,5.999999999999999e-04,6.000000000000019e-04,-1.951563910473908e-18
12100,27,5.000000000000000e-04,5.000000000000007e-04,-6.505213034913027e-19
12100,28,-4.000000000000000e-04,-3.999999999999956e-04,-4.391018798566293e-18
12100,29,3.000000000000000e-04,2.999999999999994e-04,5.421010862427522e-19
12200,0,1.200000000000000e-01,1.200000000000000e-01,-2.775557561562891e-17
12200,1,-8.000000000000000e-02,-8.000000000000006e-02,5.551115123125783e-17
12200,2,5.500000000000000e-02,5.499999999999998e-02,2.081668171172169e-17
12200,3,4.000000000000000e-02,3.999999999999999e-02,6.938893903907228e-18
12200,4,-3.000000000000000e-02,-3.000000000000000e-02,-3.469446951953614e-18
12200,5,2.500000000000000e-02,2.500000000000000e-02,-3.469446951953614e-18
12200,6,2.000000000000000e-02,2.000000000000001e-02,-6.938893903907228e-18
12200,7,-1.800000000000000e-02,-1.800000000000000e-02,0.000000000000000e+00
12200,8,1.500000000000000e-02,1.499999999999999e-02,8.673617379884035e-18
12200,9,1.200000000000000e-02,1.200000000000001e-02,-5.204170427930421e-18
12200,10,-1.000000000000000e-02,-1.000000000000000e-02,3.469446951953614e-18
12200,11,8.999999999999999e-03,8.999999999999996e-03,3.469446951953614e-18
12200,12,8.000000000000000e-03,8.000000000000007e-03,-6.938893903907228e-18
12200,13,-7.000000000000000e-03,-6.999999999999994e-03,-6.071532165918825e-18
12200,14,6.000000000000000e-03,5.999999999999995e-03,5.204170427930421e-18
12200,15,5.000000000000000e-03,4.999999999999999e-03,8.673617379884035e-19
12200,16,-4.000000000000000e-03,-4.000000000000011e-03,1.127570259384925e-17
12200,17,3.500000000000000e-03,3.499999999999999e-03,1.301042606982605e-18
12200,18,3.000000000000000e-03,2.999999999999994e-03,5.637851296924623e-18
12200,19,-2.500000000000000e-03,-2.499999999999997e-03,-2.602085213965211e-18
12200,20,2.000000000000000e-03,1.999999999999994e-03,6.505213034913027e-18
12200,21,1.800000000000000e-03,1.799999999999999e-03,1.301042606982605e-18
12200,22,-1.500000000000000e-03,-1.500000000000004e-03,3.686287386450715e-18
12200,23,1.200000000000000e-03,1.200000000000001e-03,-1.517883041479706e-18
12200,24,1.000000000000000e-03,1.000000000000005e-03,-4.770489558936220e-18
12200,25,-8.000000000000000e-04,-7.999999999999945e-04,-5.529431079676073e-18
12200,26,5.999999999999999e-04,5.999999999999986e-04,1.301042606982605e-18
12200,27,5.000000000000000e-04,5.000000000000049e-04,-4.878909776184770e-18
12200,28,-4.000000000000000e-04,-3.999999999999992e-04,-8.673617379884035e-19
12200,29,3.000000000000000e-04,3.000000000000001e-04,-1.084202172485504e-19
12300,0,1.200000000000000e-01,1.200000000000000e-01,-2.775557561562891e-17
12300,1,-8.000000000000000e-02,-8.000000000000006e-02,5.551115123125783e-17
12300,2,5.500000000000000e-02,5.499999999999998e-02,2.081668171172169e-17
12300,3,4.000000000000000e-02,3.999999999999999e-02,6.938893903907228e-18
12300,4,-3.000000000000000e-02,-3.000000000000000e-02,0.000000000000000e+00
12300,5,2.500000000000000e-02,2.500000000000000e-02,-3.469446951953614e-18
12300,6,2.000000000000000e-02,2.000000000000000e-02,3.469446951953614e-18
12300,7,-1.800000000000000e-02,-1.799999999999999e-02,-6.938893903907228e-18
12300,8,1.500000000000000e-02,1.500000000000000e-02,1.734723475976807e-18
12300,9,1.200000000000000e-02,1.199999999999999e-02,8.673617379884035e-18
12300,10,-1.000000000000000e-02,-9.999999999999985e-03,-1.561251128379126e-17
12300,11,8.999999999999999e-03,8.999999999999996e-03,3.469446951953614e-18
12300,12,8.000000000000000e-03,7.999999999999995e-03,5.204170427930421e-18
12300,13,-7.000000000000000e-03,-6.999999999999989e-03,-1.127570259384925e-17
12300,14,6.000000000000000e-03,6.000000000000002e-03,-1.734723475976807e-18
12300,15,5.000000000000000e-03,4.999999999999997e-03,3.469446951953614e-18
12300,16,-4.000000000000000e-03,-4.000000000000005e-03,5.204170427930421e-18
12300,17,3.500000000000000e-03,3.499999999999990e-03,1.040834085586084e-17
12300,18,3.000000000000000e-03,3.000000000000007e-03,-6.938893903907228e-18
12300,19,-2.500000000000000e-03,-2.499999999999997e-03,-2.602085213965211e-18
12300,20,2.000000000000000e-03,1.999999999999997e-03,2.602085213965211e-18
12300,21,1.800000000000000e-03,1.799999999999997e-03,3.252606517456513e-18
12300,22,-1.500000000000000e-03,-1.499999999999990e-03,-1.040834085586084e-17
12300,23,1.200000000000000e-03,1.199999999999995e-03,4.770489558936220e-18
12300,24,1.000000000000000e-03,1.000000000000004e-03,-3.686287386450715e-18
12300,25,-8.000000000000000e-04,-7.999999999999973e-04,-2.710505431213761e-18
12300,26,5.999999999999999e-04,5.999999999999971e-04,2.818925648462312e-18
12300,27,5.000000000000000e-04,4.999999999999986e-04,1.409462824231156e-18
12300,28,-4.000000000000000e-04,-3.999999999999941e-04,-5.908901840045999e-18
12300,29,3.000000000000000e-04,2.999999999999933e-04,6.722053469410127e-18
12400,0,1.200000000000000e-01,1.200000000000000e-01,-2.775557561562891e-17
12400,1,-8.000000000000000e-02,-8.000000000000006e-02,5.551115123125783e-17
12400,2,5.500000000000000e-02,5.499999999999999e-02,1.387778780781446e-17
12400,3,4.000000000000000e-02,3.999999999999999e-02,6.938893903907228e-18
12400,4,-3.000000000000000e-02,-3.000000000000001e-02,6.938893903907228e-18
12400,5,2.500000000000000e-02,2.500000000000002e-02,-2.081668171172169e-17
12400,6,2.000000000000000e-02,1.999999999999999e-02,6.938893903907228e-18
12400,7,-1.800000000000000e-02,-1.799999999999999e-02,-1.040834085586084e-17
12400,8,1.500000000000000e-02,1.500000000000001e-02,-6.938893903907228e-18
12400,9,1.200000000000000e-02,1.200000000000001e-02,-6.938893903907228e-18
12400,10,-1.000000000000000e-02,-9.999999999999988e-03,-1.214306433183765e-17
12400,11,8.999999999999999e-03,8.999999999999999e-03,0.000000000000000e+00
12400,12,8.000000000000000e-03,7.999999999999995e-03,5.204170427930421e-18
12400,13,-7.000000000000000e-03,-7.000000000000001e-03,8.673617379884035e-19
12400,14,6.000000000000000e-03,6.000000000000000e-03,0.000000000000000e+00
12400,15,5.000000000000000e-03,5.000000000000008e-03,-7.806255641895632e-18
12400,16,-4.000000000000000e-03,-4.000000000000004e-03,4.336808689942018e-18
12400,17,3.500000000000000e-03,3.499999999999999e-03,8.673617379884035e-19
12400,18,3.000000000000000e-03,3.000000000000008e-03,-8.239936510889834e-18
12400,19,-2.500000000000000e-03,-2.499999999999996e-03,-4.336808689942018e-18
12400,20,2.000000000000000e-03,2.000000000000004e-03,-3.469446951953614e-18
12400,21,1.800000000000000e-03,1.800000000000004e-03,-3.903127820947816e-18
12400,22,-1.500000000000000e-03,-1.499999999999997e-03,-3.252606517456513e-18
12400,23,1.200000000000000e-03,1.199999999999996e-03,3.686287386450715e-18
12400,24,1.000000000000000e-03,9.999999999999963e-04,3.686287386450715e-18
12400,25,-8.000000000000000e-04,-8.000000000000034e-04,3.361026734705064e-18
12400,26,5.999999999999999e-04,5.999999999999901e-04,9.866239769618090e-18
12400,27,5.000000000000000e-04,5.000000000000046e-04,-4.553649124439119e-18
12400,28,-4.000000000000000e-04,-4.000000000000091e-04,9.107298248878237e-18
12400,29,3.000000000000000e-04,3.000000000000015e-04,-1.572093150103981e-18
12500,0,1.200000000000000e-01,1.200000000000000e-01,-2.775557561562891e-17
12500,1,-8.000000000000000e-02,-8.000000000000006e-02,5.551115123125783e-17
12500,2,5.500000000000000e-02,5.499999999999999e-02,1.387778780781446e-17
12500,3,4.000000000000000e-02,3.999999999999999e-02,6.938893903907228e-18
12500,4,-3.000000000000000e-02,-3.000000000000000e-02,0.000000000000000e+00
12500,5,2.500000000000000e-02,2.500000000000000e-02,3.469446951953614e-18
12500,6,2.000000000000000e-02,1.999999999999999e-02,6.938893903907228e-18
12500,7,-1.800000000000000e-02,-1.800000000000000e-02,3.469446951953614e-18
12500,8,1.500000000000000e-02,1.500000000000000e-02,1.734723475976807e-18
12500,9,1.200000000000000e-02,1.200000000000000e-02,1.734723475976807e-18
12500,10,-1.000000000000000e-02,-9.999999999999998e-03,-1.734723475976807e-18
12500,11,8.999999999999999e-03,9.000000000000003e-03,-3.469446951953614e-18
12500,12,8.000000000000000e-03,8.000000000000002e-03,-1.734723475976807e-18
12500,13,-7.000000000000000e-03,-7.000000000000000e-03,0.000000000000000e+00
12500,14,6.000000000000000e-03,6.000000000000003e-03,-2.602085213965211e-18
12500,15,5.000000000000000e-03,5.000000000000007e-03,-6.938893903907228e-18
12500,16,-4.000000000000000e-03,-3.999999999999997e-03,-2.602085213965211e-18
12500,17,3.500000000000000e-03,3.499999999999995e-03,5.204170427930421e-18
12500,18,3.000000000000000e-03,2.999999999999998e-03,2.168404344971009e-18
12500,19,-2.500000000000000e-03,-2.499999999999994e-03,-6.071532165918825e-18
12500,20,2.000000000000000e-03,2.000000000000003e-03,-3.035766082959412e-18
12500,21,1.800000000000000e-03,1.799999999999994e-03,5.637851296924623e-18
12500,22,-1.500000000000000e-03,-1.500000000000004e-03,3.903127820947816e-18
12500,23,1.200000000000000e-03,1.199999999999998e-03,1.517883041479706e-18
12500,24,1.000000000000000e-03,9.999999999999963e-04,3.686287386450715e-18
12500,25,-8.000000000000000e-04,-8.000000000000009e-04,8.673617379884035e-19
12500,26,5.999999999999999e-04,5.999999999999979e-04,2.059984127722458e-18
12500,27,5.000000000000000e-04,5.000000000000127e-04,-1.268516541808040e-17
12500,28,-4.000000000000000e-04,-4.000000000000005e-04,4.336808689942018e-19
12500,29,3.000000000000000e-04,2.999999999999989e-04,1.029992063861229e-18
12600,0,1.200000000000000e-01,1.200000000000000e-01,-2.775557561562891e-17
12600,1,-8.000000000000000e-02,-8.000000000000006e-02,5.551115123125783e-17
12600,2,5.500000000000000e-02,5.499999999999999e-02,1.387778780781446e-17
12600,3,4.000000000000000e-02,3.999999999999999e-02,6.938893903907228e-18
12600,4,-3.000000000000000e-02,-2.999999999999999e-02,-6.938893903907228e-18
12600,5,2.500000000000000e-02,2.500000000000000e-02,3.469446951953614e-18
12600,6,2.000000000000000e-02,2.000000000000000e-02,0.000000000000000e+00
12600,7,-1.800000000000000e-02,-1.800000000000000e-02,0.000000000000000e+00
12600,8,1.500000000000000e-02,1.500000000000000e-02,1.734723475976807e-18
12600,9,1.200000000000000e-02,1.200000000000000e-02,-3.469446951953614e-18
12600,10,-1.000000000000000e-02,-9.999999999999993e-03,-6.938893903907228e-18
12600,11,8.999999999999999e-03,9.000000000000005e-03,-5.204170427930421e-18
12600,12,8.000000000000000e-03,8.000000000000007e-03,-6.938893903907228e-18
12600,13,-7.000000000000000e-03,-6.999999999999999e-03,-8.673617379884035e-19
12600,14,6.000000000000000e-03,6.000000000000003e-03,-2.602085213965211e-18
12600,15,5.000000000000000e-03,5.000000000000000e-03,0.000000000000000e+00
12600,16,-4.000000000000000e-03,-4.000000000000003e-03,2.602085213965211e-18
12600,17,3.500000000000000e-03,3.499999999999999e-03,1.301042606982605e-18
12600,18,3.000000000000000e-03,2.999999999999999e-03,8.673617379884035e-19
12600,19,-2.500000000000000e-03,-2.500000000000000e-03,0.000000000000000e+00
12600,20,2.000000000000000e-03,2.000000000000001e-03,-8.673617379884035e-19
12600,21,1.800000000000000e-03,1.799999999999993e-03,6.722053469410127e-18
12600,22,-1.500000000000000e-03,-1.500000000000009e-03,9.107298248878237e-18
12600,23,1.200000000000000e-03,1.200000000000010e-03,-1.040834085586084e-17
12600,24,1.000000000000000e-03,1.000000000000004e-03,-3.686287386450715e-18
12600,25,-8.000000000000000e-04,-8.000000000000011e-04,1.084202172485504e-18
12600,26,5.999999999999999e-04,5.999999999999985e-04,1.409462824231156e-18
12600,27,5.000000000000000e-04,5.000000000000052e-04,-5.204170427930421e-18
12600,28,-4.000000000000000e-04,-4.000000000000025e-04,2.439454888092385e-18
12600,29,3.000000000000000e-04,2.999999999999918e-04,8.131516293641283e-18
12700,0,1.200000000000000e-01,1.200000000000000e-01,-2.775557561562891e-17
12700,1,-8.000000000000000e-02,-8.000000000000006e-02,5.551115123125783e-17
12700,2,5.500000000000000e-02,5.499999999999997e-02,2.775557561562891e-17
12700,3,4.000000000000000e-02,4.000000000000000e-02,0.000000000000000e+00
12700,4,-3.000000000000000e-02,-2.999999999999999e-02,-6.938893903907228e-18
12700,5,2.500000000000000e-02,2.499999999999999e-02,6.938893903907228e-18
12700,6,2.000000000000000e-02,2.000000000000000e-02,0.000000000000000e+00
12700,7,-1.800000000000000e-02,-1.800000000000000e-02,3.469446951953614e-18
12700,8,1.500000000000000e-02,1.500000000000000e-02,3.469446951953614e-18
12700,9,1.200000000000000e-02,1.200000000000001e-02,-5.204170427930421e-18
12700,10,-1.000000000000000e-02,-9.999999999999988e-03,-1.214306433183765e-17
12700,11,8.999999999999999e-03,9.000000000000003e-03,-3.469446951953614e-18
12700,12,8.000000000000000e-03,7.999999999999997e-03,3.469446951953614e-18
12700,13,-7.000000000000000e-03,-7.000000000000003e-03,2.602085213965211e-18
12700,14,6.000000000000000e-03,6.000000000000001e-03,-8.673617379884035e-19
12700,15,5.000000000000000e-03,5.000000000000009e-03,-8.673617379884035e-18
12700,16,-4.000000000000000e-03,-3.999999999999980e-03,-1.994931997373328e-17
12700,17,3.500000000000000e-03,3.500000000000005e-03,-4.770489558936220e-18
12700,18,3.000000000000000e-03,2.999999999999992e-03,8.239936510889834e-18
12700,19,-2.500000000000000e-03,-2.500000000000009e-03,9.107298248878237e-18
12700,20,2.000000000000000e-03,2.000000000000000e-03,-4.336808689942018e-19
12700,21,1.800000000000000e-03,1.799999999999998e-03,2.168404344971009e-18
12700,22,-1.500000000000000e-03,-1.499999999999992e-03,-8.023096076392733e-18
12700,23,1.200000000000000e-03,1.199999999999999e-03,1.084202172485504e-18
12700,24,1.000000000000000e-03,1.000000000000005e-03,-4.770489558936220e-18
12700,25,-8.000000000000000e-04,-8.000000000000010e-04,9.757819552369540e-19
12700,26,5.999999999999999e-04,6.000000000000093e-04,-9.324138683375338e-18
12700,27,5.000000000000000e-04,4.999999999999956e-04,4.445228907190568e-18
12700,28,-4.000000000000000e-04,-4.000000000000007e-04,7.047314121155779e-19
12700,29,3.000000000000000e-04,2.999999999999911e-04,8.836247705756861e-18
12800,0,1.200000000000000e-01,1.200000000000000e-01,-2.775557561562891e-17
12800,1,-8.000000000000000e-02,-8.000000000000006e-02,5.551115123125783e-17
12800,2,5.500000000000000e-02,5.499999999999998e-02,2.081668171172169e-17
12800,3,4.000000000000000e-02,4.000000000000001e-02,-6.938893903907228e-18
12800,4,-3.000000000000000e-02,-2.999999999999999e-02,-6.938893903907228e-18
12800,5,2.500000000000000e-02,2.500000000000000e-02,3.469446951953614e-18
12800,6,2.000000000000000e-02,2.000000000000000e-02,-3.469446951953614e-18
12800,7,-1.800000000000000e-02,-1.800000000000001e-02,6.938893903907228e-18
12800,8,1.500000000000000e-02,1.500000000000001e-02,-8.673617379884035e-18
12800,9,1.200000000000000e-02,1.200000000000000e-02,-3.469446951953614e-18
12800,10,-1.000000000000000e-02,-1.000000000000000e-02,3.469446951953614e-18
12800,11,8.999999999999999e-03,9.000000000000006e-03,-6.938893903907228e-18
12800,12,8.000000000000000e-03,7.999999999999995e-03,5.204170427930421e-18
12800,13,-7.000000000000000e-03,-6.999999999999999e-03,-8.673617379884035e-19
12800,14,6.000000000000000e-03,6.000000000000000e-03,0.000000000000000e+00
12800,15,5.000000000000000e-03,4.999999999999998e-03,2.602085213965211e-18
12800,16,-4.000000000000000e-03,-3.999999999999995e-03,-5.204170427930421e-18
12800,17,3.500000000000000e-03,3.499999999999999e-03,1.301042606982605e-18
12800,18,3.000000000000000e-03,3.000000000000006e-03,-6.071532165918825e-18
12800,19,-2.500000000000000e-03,-2.499999999999999e-03,-8.673617379884035e-19
12800,20,2.000000000000000e-03,2.000000000000005e-03,-5.204170427930421e-18
12800,21,1.800000000000000e-03,1.800000000000000e-03,0.000000000000000e+00
12800,22,-1.500000000000000e-03,-1.499999999999994e-03,-6.505213034913027e-18
12800,23,1.200000000000000e-03,1.199999999999996e-03,3.903127820947816e-18
12800,24,1.000000000000000e-03,1.000000000000008e-03,-7.806255641895632e-18
12800,25,-8.000000000000000e-04,-8.000000000000046e-04,4.553649124439119e-18
12800,26,5.999999999999999e-04,6.000000000000015e-04,-1.517883041479706e-18
12800,27,5.000000000000000e-04,5.000000000000007e-04,-6.505213034913027e-19
12800,28,-4.000000000000000e-04,-4.000000000000015e-04,1.517883041479706e-18
12800,29,3.000000000000000e-04,3.000000000000082e-04,-8.185726402265558e-18
12900,0,1.200000000000000e-01,1.200000000000000e-01,-2.775557561562891e-17
12900,1,-8.000000000000000e-02,-8.000000000000006e-02,5.551115123125783e-17
12900,2,5.500000000000000e-02,5.499999999999997e-02,2.775557561562891e-17
12900,3,4.000000000000000e-02,4.000000000000001e-02,-6.938893903907228e-18
12900,4,-3.000000000000000e-02,-3.000000000000000e-02,-3.469446951953614e-18
12900,5,2.500000000000000e-02,2.500000000000000e-02,3.469446951953614e-18
12900,6,2.000000000000000e-02,2.000000000000001e-02,-6.938893903907228e-18
12900,7,-1.800000000000000e-02,-1.800000000000001e-02,6.938893903907228e-18
12900,8,1.500000000000000e-02,1.500000000000000e-02,0.000000000000000e+00
12900,9,1.200000000000000e-02,1.200000000000000e-02,-3.469446951953614e-18
12900,10,-1.000000000000000e-02,-1.000000000000000e-02,0.000000000000000e+00
12900,11,8.999999999999999e-03,8.999999999999998e-03,1.734723475976807e-18
12900,12,8.000000000000000e-03,8.000000000000000e-03,0.000000000000000e+00
12900,13,-7.000000000000000e-03,-7.000000000000000e-03,0.000000000000000e+00
12900,14,6.000000000000000e-03,5.999999999999997e-03,3.469446951953614e-18
12900,15,5.000000000000000e-03,5.000000000000006e-03,-6.071532165918825e-18
12900,16,-4.000000000000000e-03,-3.999999999999998e-03,-1.734723475976807e-18
12900,17,3.500000000000000e-03,3.499999999999998e-03,1.734723475976807e-18
12900,18,3.000000000000000e-03,3.000000000000008e-03,-8.239936510889834e-18
12900,19,-2.500000000000000e-03,-2.499999999999998e-03,-1.734723475976807e-18
12900,20,2.000000000000000e-03,1.999999999999989e-03,1.127570259384925e-17
12900,21,1.800000000000000e-03,1.799999999999986e-03,1.366094737331736e-17
12900,22,-1.500000000000000e-03,-1.499999999999997e-03,-2.818925648462312e-18
12900,23,1.200000000000000e-03,1.200000000000000e-03,0.000000000000000e+00
12900,24,1.000000000000000e-03,1.000000000000004e-03,-4.336808689942018e-18
12900,25,-8.000000000000000e-04,-8.000000000000005e-04,4.336808689942018e-19
12900,26,5.999999999999999e-04,5.999999999999938e-04,6.179952383167375e-18
12900,27,5.000000000000000e-04,5.000000000000040e-04,-4.011548038196366e-18
12900,28,-4.000000000000000e-04,-3.999999999999984e-04,-1.572093150103981e-18
12900,29,3.000000000000000e-04,2.999999999999968e-04,3.198396408832238e-18
13000,0,1.200000000000000e-01,1.200000000000000e-01,-2.775557561562891e-17
13000,1,-8.000000000000000e-02,-8.000000000000006e-02,5.551115123125783e-17
13000,2,5.500000000000000e-02,5.499999999999997e-02,2.775557561562891e-17
13000,3,4.000000000000000e-02,3.999999999999999e-02,1.387778780781446e-17
13000,4,-3.000000000000000e-02,-3.000000000000000e-02,-3.469446951953614e-18
13000,5,2.500000000000000e-02,2.499999999999999e-02,6.938893903907228e-18
13000,6,2.000000000000000e-02,2.000000000000000e-02,3.469446951953614e-18
13000,7,-1.800000000000000e-02,-1.800000000000002e-02,1.734723475976807e-17
13000,8,1.500000000000000e-02,1.500000000000000e-02,-3.469446951953614e-18
13000,9,1.200000000000000e-02,1.200000000000001e-02,-6.938893903907228e-18
13000,10,-1.000000000000000e-02,-9.999999999999997e-03,-3.469446951953614e-18
13000,11,8.999999999999999e-03,8.999999999999994e-03,5.204170427930421e-18
13000,12,8.000000000000000e-03,8.000000000000004e-03,-3.469446951953614e-18
13000,13,-7.000000000000000e-03,-7.000000000000003e-03,2.602085213965211e-18
13000,14,6.000000000000000e-03,5.999999999999997e-03,3.469446951953614e-18
13000,15,5.000000000000000e-03,4.999999999999996e-03,4.336808689942018e-18
13000,16,-4.000000000000000e-03,-3.999999999999998e-03,-1.734723475976807e-18
13000,17,3.500000000000000e-03,3.499999999999995e-03,4.770489558936220e-18
13000,18,3.000000000000000e-03,3.000000000000008e-03,-7.806255641895632e-18
13000,19,-2.500000000000000e-03,-2.499999999999995e-03,-4.770489558936220e-18
13000,20,2.000000000000000e-03,1.999999999999999e-03,8.673617379884035e-19
13000,21,1.800000000000000e-03,1.799999999999991e-03,8.673617379884035e-18
13000,22,-1.500000000000000e-03,-1.499999999999995e-03,-4.553649124439119e-18
13000,23,1.200000000000000e-03,1.200000000000008e-03,-8.239936510889834e-18
13000,24,1.000000000000000e-03,1.000000000000001e-03,-1.301042606982605e-18
13000,25,-8.000000000000000e-04,-8.000000000000086e-04,8.565197162635485e-18
13000,26,5.999999999999999e-04,6.000000000000093e-04,-9.324138683375338e-18
13000,27,5.000000000000000e-04,5.000000000000041e-04,-4.119968255444917e-18
13000,28,-4.000000000000000e-04,-4.000000000000027e-04,2.710505431213761e-18
13000,29,3.000000000000000e-04,2.999999999999990e-04,9.757819552369540e-19
13100,0,1.200000000000000e-01,1.200000000000000e-01,-2.775557561562891e-17
13100,1,-8.000000000000000e-02,-8.000000000000006e-02,5.551115123125783e-17
13100,2,5.500000000000000e-02,5.499999999999997e-02,2.775557561562891e-17
13100,3,4.000000000000000e-02,3.999999999999999e-02,1.387778780781446e-17
13100,4,-3.000000000000000e-02,-3.000000000000000e-02,0.000000000000000e+00
13100,5,2.500000000000000e-02,2.499999999999999e-02,1.040834085586084e-17
13100,6,2.000000000000000e-02,2.000000000000000e-02,-3.469446951953614e-18
13100,7,-1.800000000000000e-02,-1.800000000000001e-02,1.040834085586084e-17
13100,8,1.500000000000000e-02,1.500000000000001e-02,-1.040834085586084e-17
13100,9,1.200000000000000e-02,1.200000000000001e-02,-1.214306433183765e-17
13100,10,-1.000000000000000e-02,-1.000000000000001e-02,5.204170427930421e-18
13100,11,8.999999999999999e-03,8.999999999999998e-03,1.734723475976807e-18
13100,12,8.000000000000000e-03,8.000000000000002e-03,-1.734723475976807e-18
13100,13,-7.000000000000000e-03,-7.000000000000007e-03,6.938893903907228e-18
13100,14,6.000000000000000e-03,6.000000000000003e-03,-2.602085213965211e-18
13100,15,5.000000000000000e-03,5.000000000000005e-03,-5.204170427930421e-18
13100,16,-4.000000000000000e-03,-4.000000000000001e-03,8.673617379884035e-19
13100,17,3.500000000000000e-03,3.499999999999997e-03,2.602085213965211e-18
13100,18,3.000000000000000e-03,3.000000000000011e-03,-1.127570259384925e-17
13100,19,-2.500000000000000e-03,-2.499999999999998e-03,-2.168404344971009e-18
13100,20,2.000000000000000e-03,1.999999999999989e-03,1.084202172485504e-17
13100,21,1.800000000000000e-03,1.799999999999994e-03,5.854691731421724e-18
13100,22,-1.500000000000000e-03,-1.499999999999984e-03,-1.604619215278547e-17
13100,23,1.200000000000000e-03,1.200000000000009e-03,-8.890457814381136e-18
13100,24,1.000000000000000e-03,1.000000000000002e-03,-1.951563910473908e-18
13100,25,-8.000000000000000e-04,-8.000000000000036e-04,3.577867169202165e-18
13100,26,5.999999999999999e-04,5.999999999999977e-04,2.276824562219559e-18
13100,27,5.000000000000000e-04,4.999999999999964e-04,3.577867169202165e-18
13100,28,-4.000000000000000e-04,-4.000000000000009e-04,8.673617379884035e-19
13100,29,3.000000000000000e-04,2.999999999999962e-04,3.740497495074990e-18
13200,0,1.200000000000000e-01,1.200000000000000e-01,-2.775557561562891e-17
13200,1,-8.000000000000000e-02,-8.000000000000006e-02,5.551115123125783e-17
13200,2,5.500000000000000e-02,5.499999999999997e-02,2.775557561562891e-17
13200,3,4.000000000000000e-02,3.999999999999999e-02,1.387778780781446e-17
13200,4,-3.000000000000000e-02,-3.000000000000000e-02,-3.469446951953614e-18
13200,5,2.500000000000000e-02,2.499999999999999e-02,6.938893903907228e-18
13200,6,2.000000000000000e-02,2.000000000000001e-02,-6.938893903907228e-18
13200,7,-1.800000000000000e-02,-1.800000000000000e-02,3.469446951953614e-18
13200,8,1.500000000000000e-02,1.500000000000000e-02,-5.204170427930421e-18
13200,9,1.200000000000000e-02,1.200000000000001e-02,-6.938893903907228e-18
13200,10,-1.000000000000000e-02,-1.000000000000000e-02,0.000000000000000e+00
13200,11,8.999999999999999e-03,8.999999999999994e-03,5.204170427930421e-18
13200,12,8.000000000000000e-03,8.000000000000000e-03,0.000000000000000e+00
13200,13,-7.000000000000000e-03,-6.999999999999997e-03,-3.469446951953614e-18
13200,14,6.000000000000000e-03,6.000000000000003e-03,-2.602085213965211e-18
13200,15,5.000000000000000e-03,5.000000000000001e-03,-8.673617379884035e-19
13200,16,-4.000000000000000e-03,-3.999999999999990e-03,-1.040834085586084e-17
13200,17,3.500000000000000e-03,3.499999999999994e-03,5.637851296924623e-18
13200,18,3.000000000000000e-03,3.000000000000006e-03,-6.071532165918825e-18
13200,19,-2.500000000000000e-03,-2.500000000000008e-03,8.239936510889834e-18
13200,20,2.000000000000000e-03,1.999999999999994e-03,5.637851296924623e-18
13200,21,1.800000000000000e-03,1.800000000000001e-03,-1.301042606982605e-18
13200,22,-1.500000000000000e-03,-1.500000000000004e-03,3.469446951953614e-18
13200,23,1.200000000000000e-03,1.199999999999997e-03,2.602085213965211e-18
13200,24,1.000000000000000e-03,1.000000000000002e-03,-1.951563910473908e-18
13200,25,-8.000000000000000e-04,-7.999999999999944e-04,-5.637851296924623e-18
13200,26,5.999999999999999e-04,5.999999999999958e-04,4.119968255444917e-18
13200,27,5.000000000000000e-04,4.999999999999931e-04,6.938893903907228e-18
13200,28,-4.000000000000000e-04,-4.000000000000018e-04,1.734723475976807e-18
13200,29,3.000000000000000e-04,2.999999999999999e-04,1.084202172485504e-19
13300,0,1.200000000000000e-01,1.200000000000000e-01,-2.775557561562891e-17
13300,1,-8.000000000000000e-02,-8.000000000000006e-02,5.551115123125783e-17
13300,2,5.500000000000000e-02,5.499999999999997e-02,2.775557561562891e-17
13300,3,4.000000000000000e-02,3.999999999999999e-02,1.387778780781446e-17
13300,4,-3.000000000000000e-02,-3.000000000000000e-02,0.000000000000000e+00
13300,5,2.500000000000000e-02,2.500000000000002e-02,-2.081668171172169e-17
13300,6,2.000000000000000e-02,2.000000000000000e-02,-3.469446951953614e-18
13300,7,-1.800000000000000e-02,-1.800000000000001e-02,6.938893903907228e-18
13300,8,1.500000000000000e-02,1.500000000000001e-02,-6.938893903907228e-18
13300,9,1.200000000000000e-02,1.200000000000000e-02,0.000000000000000e+00
13300,10,-1.000000000000000e-02,-9.999999999999993e-03,-6.938893903907228e-18
13300,11,8.999999999999999e-03,8.999999999999998e-03,1.734723475976807e-18
13300,12,8.000000000000000e-03,7.999999999999993e-03,6.938893903907228e-18
13300,13,-7.000000000000000e-03,-6.999999999999994e-03,-6.071532165918825e-18
13300,14,6.000000000000000e-03,6.000000000000009e-03,-8.673617379884035e-18
13300,15,5.000000000000000e-03,5.000000000000007e-03,-6.938893903907228e-18
13300,16,-4.000000000000000e-03,-4.000000000000003e-03,2.602085213965211e-18
13300,17,3.500000000000000e-03,3.500000000000002e-03,-1.734723475976807e-18
13300,18,3.000000000000000e-03,3.000000000000000e-03,0.000000000000000e+00
13300,19,-2.500000000000000e-03,-2.500000000000006e-03,6.071532165918825e-18
13300,20,2.000000000000000e-03,2.000000000000006e-03,-5.637851296924623e-18
13300,21,1.800000000000000e-03,1.799999999999990e-03,9.974659986866641e-18
13300,22,-1.500000000000000e-03,-1.500000000000001e-03,1.301042606982605e-18
13300,23,1.200000000000000e-03,1.200000000000002e-03,-1.734723475976807e-18
13300,24,1.000000000000000e-03,1.000000000000003e-03,-3.469446951953614e-18
13300,25,-8.000000000000000e-04,-7.999999999999985e-04,-1.517883041479706e-18
13300,26,5.999999999999999e-04,5.999999999999877e-04,1.225148454908620e-17
13300,27,5.000000000000000e-04,5.000000000000015e-04,-1.517883041479706e-18
13300,28,-4.000000000000000e-04,-4.000000000000068e-04,6.776263578034403e-18
13300,29,3.000000000000000e-04,3.000000000000126e-04,-1.263095530945613e-17
13400,0,1.200000000000000e-01,1.200000000000000e-01,-2.775557561562891e-17
13400,1,-8.000000000000000e-02,-8.000000000000006e-02,5.551115123125783e-17
13400,2,5.500000000000000e-02,5.499999999999998e-02,2.081668171172169e-17
13400,3,4.000000000000000e-02,3.999999999999999e-02,1.387778780781446e-17
13400,4,-3.000000000000000e-02,-3.000000000000000e-02,3.469446951953614e-18
13400,5,2.500000000000000e-02,2.500000000000003e-02,-2.775557561562891e-17
13400,6,2.000000000000000e-02,2.000000000000001e-02,-6.938893903907228e-18
13400,7,-1.800000000000000e-02,-1.800000000000000e-02,3.469446951953614e-18
13400,8,1.500000000000000e-02,1.499999999999999e-02,8.673617379884035e-18
13400,9,1.200000000000000e-02,1.199999999999999e-02,6.938893903907228e-18
13400,10,-1.000000000000000e-02,-9.999999999999993e-03,-6.938893903907228e-18
13400,11,8.999999999999999e-03,8.999999999999992e-03,6.938893903907228e-18
13400,12,8.000000000000000e-03,8.000000000000002e-03,-1.734723475976807e-18
13400,13,-7.000000000000000e-03,-7.000000000000006e-03,6.071532165918825e-18
13400,14,6.000000000000000e-03,5.999999999999998e-03,2.602085213965211e-18
13400,15,5.000000000000000e-03,5.000000000000005e-03,-5.204170427930421e-18
13400,16,-4.000000000000000e-03,-4.000000000000008e-03,7.806255641895632e-18
13400,17,3.500000000000000e-03,3.500000000000007e-03,-6.938893903907228e-18
13400,18,3.000000000000000e-03,3.000000000000000e-03,-4.336808689942018e-19
13400,19,-2.500000000000000e-03,-2.499999999999998e-03,-1.734723475976807e-18
13400,20,2.000000000000000e-03,2.000000000000002e-03,-2.168404344971009e-18
13400,21,1.800000000000000e-03,1.799999999999993e-03,7.155734338404329e-18
13400,22,-1.500000000000000e-03,-1.499999999999988e-03,-1.235990476633475e-17
13400,23,1.200000000000000e-03,1.200000000000003e-03,-3.469446951953614e-18
13400,24,1.000000000000000e-03,1.000000000000015e-03,-1.517883041479706e-17
13400,25,-8.000000000000000e-04,-8.000000000000008e-04,7.589415207398531e-19
13400,26,5.999999999999999e-04,5.999999999999968e-04,3.144186300207963e-18
13400,27,5.000000000000000e-04,5.000000000000030e-04,-3.035766082959412e-18
13400,28,-4.000000000000000e-04,-4.000000000000005e-04,4.878909776184770e-19
13400,29,3.000000000000000e-04,3.000000000000047e-04,-4.716279450311944e-18
13500,0,1.200000000000000e-01,1.200000000000000e-01,-2.775557561562891e-17
13500,1,-8.000000000000000e-02,-8.000000000000006e-02,5.551115123125783e-17
13500,2,5.500000000000000e-02,5.499999999999998e-02,2.081668171172169e-17
13500,3,4.000000000000000e-02,3.999999999999999e-02,1.387778780781446e-17
13500,4,-3.000000000000000e-02,-3.000000000000001e-02,6.938893903907228e-18
13500,5,2.500000000000000e-02,2.500000000000002e-02,-1.734723475976807e-17
13500,6,2.000000000000000e-02,2.000000000000001e-02,-6.938893903907228e-18
13500,7,-1.800000000000000e-02,-1.799999999999999e-02,-6.938893903907228e-18
13500,8,1.500000000000000e-02,1.500000000000000e-02,0.000000000000000e+00
13500,9,1.200000000000000e-02,1.200000000000000e-02,5.204170427930421e-18
13500,10,-1.000000000000000e-02,-9.999999999999993e-03,-6.938893903907228e-18
13500,11,8.999999999999999e-03,9.000000000000001e-03,-1.734723475976807e-18
13500,12,8.000000000000000e-03,8.000000000000007e-03,-6.938893903907228e-18
13500,13,-7.000000000000000e-03,-7.000000000000001e-03,8.673617379884035e-19
13500,14,6.000000000000000e-03,5.999999999999998e-03,1.734723475976807e-18
13500,15,5.000000000000000e-03,4.999999999999998e-03,2.602085213965211e-18
13500,16,-4.000000000000000e-03,-4.000000000000006e-03,6.071532165918825e-18
13500,17,3.500000000000000e-03,3.499999999999995e-03,4.770489558936220e-18
13500,18,3.000000000000000e-03,3.000000000000004e-03,-3.469446951953614e-18
13500,19,-2.500000000000000e-03,-2.499999999999996e-03,-3.903127820947816e-18
13500,20,2.000000000000000e-03,1.999999999999992e-03,8.239936510889834e-18
13500,21,1.800000000000000e-03,1.799999999999999e-03,1.301042606982605e-18
13500,22,-1.500000000000000e-03,-1.499999999999994e-03,-5.637851296924623e-18
13500,23,1.200000000000000e-03,1.200000000000007e-03,-6.938893903907228e-18
13500,24,1.000000000000000e-03,1.000000000000005e-03,-5.204170427930421e-18
13500,25,-8.000000000000000e-04,-7.999999999999979e-04,-2.168404344971009e-18
13500,26,5.999999999999999e-04,5.999999999999947e-04,5.204170427930421e-18
13500,27,5.000000000000000e-04,4.999999999999984e-04,1.626303258728257e-18
13500,28,-4.000000000000000e-04,-3.999999999999939e-04,-6.071532165918825e-18
13500,29,3.000000000000000e-04,3.000000000000070e-04,-7.047314121155779e-18
13600,0,1.200000000000000e-01,1.200000000000000e-01,-2.775557561562891e-17
13600,1,-8.000000000000000e-02,-8.000000000000006e-02,5.551115123125783e-17
13600,2,5.500000000000000e-02,5.499999999999997e-02,2.775557561562891e-17
13600,3,4.000000000000000e-02,3.999999999999999e-02,1.387778780781446e-17
13600,4,-3.000000000000000e-02,-3.000000000000001e-02,6.938893903907228e-18
13600,5,2.500000000000000e-02,2.500000000000001e-02,-1.040834085586084e-17
13600,6,2.000000000000000e-02,2.000000000000001e-02,-1.387778780781446e-17
13600,7,-1.800000000000000e-02,-1.799999999999999e-02,-1.040834085586084e-17
13600,8,1.500000000000000e-02,1.499999999999999e-02,1.387778780781446e-17
13600,9,1.200000000000000e-02,1.199999999999999e-02,6.938893903907228e-18
13600,10,-1.000000000000000e-02,-1.000000000000001e-02,5.204170427930421e-18
13600,11,8.999999999999999e-03,8.999999999999999e-03,0.000000000000000e+00
13600,12,8.000000000000000e-03,8.000000000000007e-03,-6.938893903907228e-18
13600,13,-7.000000000000000e-03,-7.000000000000004e-03,3.469446951953614e-18
13600,14,6.000000000000000e-03,5.999999999999988e-03,1.214306433183765e-17
13600,15,5.000000000000000e-03,4.999999999999998e-03,2.602085213965211e-18
13600,16,-4.000000000000000e-03,-3.999999999999999e-03,-8.673617379884035e-19
13600,17,3.500000000000000e-03,3.499999999999997e-03,2.602085213965211e-18
13600,18,3.000000000000000e-03,2.999999999999993e-03,6.938893903907228e-18
13600,19,-2.500000000000000e-03,-2.499999999999999e-03,-1.301042606982605e-18
13600,20,2.000000000000000e-03,1.999999999999996e-03,4.336808689942018e-18
13600,21,1.800000000000000e-03,1.799999999999996e-03,3.469446951953614e-18
13600,22,-1.500000000000000e-03,-1.499999999999990e-03,-1.019150042136374e-17
13600,23,1.200000000000000e-03,1.200000000000013e-03,-1.279358563532895e-17
13600,24,1.000000000000000e-03,1.000000000000001e-03,-8.673617379884035e-19
13600,25,-8.000000000000000e-04,-7.999999999999997e-04,-3.252606517456513e-19
13600,26,5.999999999999999e-04,5.999999999999947e-04,5.204170427930421e-18
13600,27,5.000000000000000e-04,4.999999999999983e-04,1.734723475976807e-18
13600,28,-4.000000000000000e-04,-4.000000000000054e-04,5.421010862427522e-18
13600,29,3.000000000000000e-04,2.999999999999995e-04,4.336808689942018e-19
13700,0,1.200000000000000e-01,1.200000000000000e-01,-2.775557561562891e-17
13700,1,-8.000000000000000e-02,-8.000000000000006e-02,5.551115123125783e-17
13700,2,5.500000000000000e-02,5.499999999999997e-02,2.775557561562891e-17
13700,3,4.000000000000000e-02,3.999999999999998e-02,2.081668171172169e-17
13700,4,-3.000000000000000e-02,-3.000000000000000e-02,0.000000000000000e+00
13700,5,2.500000000000000e-02,2.500000000000002e-02,-1.387778780781446e-17
13700,6,2.000000000000000e-02,2.000000000000000e-02,-3.469446951953614e-18
13700,7,-1.800000000000000e-02,-1.800000000000000e-02,-3.469446951953614e-18
13700,8,1.500000000000000e-02,1.499999999999999e-02,1.040834085586084e-17
13700,9,1.200000000000000e-02,1.200000000000000e-02,5.204170427930421e-18
13700,10,-1.000000000000000e-02,-1.000000000000001e-02,1.387778780781446e-17
13700,11,8.999999999999999e-03,8.999999999999992e-03,6.938893903907228e-18
13700,12,8.000000000000000e-03,8.000000000000004e-03,-3.469446951953614e-18
13700,13,-7.000000000000000e-03,-7.000000000000004e-03,3.469446951953614e-18
13700,14,6.000000000000000e-03,6.000000000000004e-03,-3.469446951953614e-18
13700,15,5.000000000000000e-03,5.000000000000004e-03,-3.469446951953614e-18
13700,16,-4.000000000000000e-03,-4.000000000000003e-03,2.602085213965211e-18
13700,17,3.500000000000000e-03,3.499999999999992e-03,8.239936510889834e-18
13700,18,3.000000000000000e-03,2.999999999999999e-03,1.301042606982605e-18
13700,19,-2.500000000000000e-03,-2.499999999999999e-03,-8.673617379884035e-19
13700,20,2.000000000000000e-03,2.000000000000002e-03,-2.168404344971009e-18
13700,21,1.800000000000000e-03,1.799999999999997e-03,2.602085213965211e-18
13700,22,-1.500000000000000e-03,-1.500000000000000e-03,-2.168404344971009e-19
13700,23,1.200000000000000e-03,1.199999999999998e-03,1.734723475976807e-18
13700,24,1.000000000000000e-03,1.000000000000003e-03,-3.469446951953614e-18
13700,25,-8.000000000000000e-04,-7.999999999999988e-04,-1.192622389734055e-18
13700,26,5.999999999999999e-04,5.999999999999992e-04,7.589415207398531e-19
13700,27,5.000000000000000e-04,4.999999999999995e-04,5.421010862427522e-19
13700,28,-4.000000000000000e-04,-4.000000000000068e-04,6.830473686658678e-18
13700,29,3.000000000000000e-04,3.000000000000053e-04,-5.312590645178972e-18
13800,0,1.200000000000000e-01,1.200000000000000e-01,-2.775557561562891e-17
13800,1,-8.000000000000000e-02,-8.000000000000006e-02,5.551115123125783e-17
13800,2,5.500000000000000e-02,5.499999999999997e-02,2.775557561562891e-17
13800,3,4.000000000000000e-02,3.999999999999998e-02,2.081668171172169e-17
13800,4,-3.000000000000000e-02,-3.000000000000000e-02,0.000000000000000e+00
13800,5,2.500000000000000e-02,2.500000000000001e-02,-6.938893903907228e-18
13800,6,2.000000000000000e-02,2.000000000000001e-02,-6.938893903907228e-18
13800,7,-1.800000000000000e-02,-1.800000000000001e-02,1.040834085586084e-17
13800,8,1.500000000000000e-02,1.499999999999998e-02,1.734723475976807e-17
13800,9,1.200000000000000e-02,1.199999999999999e-02,6.938893903907228e-18
13800,10,-1.000000000000000e-02,-1.000000000000001e-02,5.204170427930421e-18
13800,11,8.999999999999999e-03,9.000000000000003e-03,-3.469446951953614e-18
13800,12,8.000000000000000e-03,8.000000000000005e-03,-5.204170427930421e-18
13800,13,-7.000000000000000e-03,-6.999999999999995e-03,-5.204170427930421e-18
13800,14,6.000000000000000e-03,6.000000000000008e-03,-7.806255641895632e-18
13800,15,5.000000000000000e-03,4.999999999999999e-03,8.673617379884035e-19
13800,16,-4.000000000000000e-03,-4.000000000000008e-03,7.806255641895632e-18
13800,17,3.500000000000000e-03,3.500000000000001e-03,-1.301042606982605e-18
13800,18,3.000000000000000e-03,3.000000000000005e-03,-4.770489558936220e-18
13800,19,-2.500000000000000e-03,-2.499999999999995e-03,-5.204170427930421e-18
13800,20,2.000000000000000e-03,2.000000000000005e-03,-4.770489558936220e-18
13800,21,1.800000000000000e-03,1.800000000000005e-03,-5.204170427930421e-18
13800,22,-1.500000000000000e-03,-1.500000000000005e-03,5.421010862427522e-18
13800,23,1.200000000000000e-03,1.199999999999993e-03,6.722053469410127e-18
13800,24,1.000000000000000e-03,1.000000000000002e-03,-2.168404344971009e-18
13800,25,-8.000000000000000e-04,-8.000000000000042e-04,4.119968255444917e-18
13800,26,5.999999999999999e-04,5.999999999999988e-04,1.192622389734055e-18
13800,27,5.000000000000000e-04,4.999999999999942e-04,5.854691731421724e-18
13800,28,-4.000000000000000e-04,-4.000000000000099e-04,9.920449878242366e-18
13800,29,3.000000000000000e-04,3.000000000000012e-04,-1.192622389734055e-18
13900,0,1.200000000000000e-01,1.200000000000000e-01,-2.775557561562891e-17
13900,1,-8.000000000000000e-02,-8.000000000000006e-02,5.551115123125783e-17
13900,2,5.500000000000000e-02,5.499999999999997e-02,3.469446951953614e-17
13900,3,4.000000000000000e-02,3.999999999999998e-02,2.081668171172169e-17
13900,4,-3.000000000000000e-02,-3.000000000000000e-02,-3.469446951953614e-18
13900,5,2.500000000000000e-02,2.500000000000002e-02,-1.387778780781446e-17
13900,6,2.000000000000000e-02,1.999999999999999e-02,1.040834085586084e-17
13900,7,-1.800000000000000e-02,-1.800000000000001e-02,6.938893903907228e-18
13900,8,1.500000000000000e-02,1.499999999999999e-02,8.673617379884035e-18
13900,9,1.200000000000000e-02,1.199999999999999e-02,6.938893903907228e-18
13900,10,-1.000000000000000e-02,-9.999999999999985e-03,-1.561251128379126e-17
13900,11,8.999999999999999e-03,9.000000000000005e-03,-5.204170427930421e-18
13900,12,8.000000000000000e-03,8.000000000000007e-03,-6.938893903907228e-18
13900,13,-7.000000000000000e-03,-6.999999999999998e-03,-1.734723475976807e-18
13900,14,6.000000000000000e-03,6.000000000000002e-03,-1.734723475976807e-18
13900,15,5.000000000000000e-03,4.999999999999996e-03,4.336808689942018e-18
13900,16,-4.000000000000000e-03,-3.999999999999993e-03,-6.938893903907228e-18
13900,17,3.500000000000000e-03,3.499999999999999e-03,8.673617379884035e-19
13900,18,3.000000000000000e-03,2.999999999999991e-03,9.107298248878237e-18
13900,19,-2.500000000000000e-03,-2.500000000000001e-03,8.673617379884035e-19
13900,20,2.000000000000000e-03,2.000000000000003e-03,-2.602085213965211e-18
13900,21,1.800000000000000e-03,1.800000000000000e-03,-4.336808689942018e-19
13900,22,-1.500000000000000e-03,-1.499999999999994e-03,-5.854691731421724e-18
13900,23,1.200000000000000e-03,1.199999999999988e-03,1.149254302834635e-17
13900,24,1.000000000000000e-03,9.999999999999942e-04,5.854691731421724e-18
13900,25,-8.000000000000000e-04,-8.000000000000039e-04,3.903127820947816e-18
13900,26,5.999999999999999e-04,5.999999999999963e-04,3.686287386450715e-18
13900,27,5.000000000000000e-04,4.999999999999899e-04,1.008308020411519e-17
13900,28,-4.000000000000000e-04,-4.000000000000083e-04,8.294146619514109e-18
13900,29,3.000000000000000e-04,3.000000000000027e-04,-2.710505431213761e-18
14000,0,1.200000000000000e-01,1.200000000000000e-01,-2.775557561562891e-17
14000,1,-8.000000000000000e-02,-8.000000000000006e-02,5.551115123125783e-17
14000,2,5.500000000000000e-02,5.499999999999997e-02,2.775557561562891e-17
14000,3,4.000000000000000e-02,3.999999999999998e-02,2.081668171172169e-17
14000,4,-3.000000000000000e-02,-2.999999999999999e-02,-1.387778780781446e-17
14000,5,2.500000000000000e-02,2.500000000000002e-02,-1.734723475976807e-17
14000,6,2.000000000000000e-02,2.000000000000001e-02,-6.938893903907228e-18
14000,7,-1.800000000000000e-02,-1.800000000000000e-02,3.469446951953614e-18
14000,8,1.500000000000000e-02,1.500000000000000e-02,-3.469446951953614e-18
14000,9,1.200000000000000e-02,1.199999999999999e-02,1.040834085586084e-17
14000,10,-1.000000000000000e-02,-9.999999999999995e-03,-5.204170427930421e-18
14000,11,8.999999999999999e-03,9.000000000000015e-03,-1.561251128379126e-17
14000,12,8.000000000000000e-03,7.999999999999993e-03,6.938893903907228e-18
14000,13,-7.000000000000000e-03,-7.000000000000001e-03,8.673617379884035e-19
14000,14,6.000000000000000e-03,6.000000000000002e-03,-1.734723475976807e-18
14000,15,5.000000000000000e-03,4.999999999999994e-03,6.071532165918825e-18
14000,16,-4.000000000000000e-03,-4.000000000000001e-03,8.673617379884035e-19
14000,17,3.500000000000000e-03,3.499999999999996e-03,3.903127820947816e-18
14000,18,3.000000000000000e-03,2.999999999999997e-03,2.602085213965211e-18
14000,19,-2.500000000000000e-03,-2.499999999999999e-03,-1.301042606982605e-18
14000,20,2.000000000000000e-03,2.000000000000009e-03,-8.673617379884035e-18
14000,21,1.800000000000000e-03,1.800000000000011e-03,-1.149254302834635e-17
14000,22,-1.500000000000000e-03,-1.499999999999989e-03,-1.149254302834635e-17
14000,23,1.200000000000000e-03,1.199999999999988e-03,1.214306433183765e-17
14000,24,1.000000000000000e-03,9.999999999999916e-04,8.456776945386935e-18
14000,25,-8.000000000000000e-04,-8.000000000000005e-04,4.336808689942018e-19
14000,26,5.999999999999999e-04,5.999999999999985e-04,1.409462824231156e-18
14000,27,5.000000000000000e-04,4.999999999999969e-04,3.144186300207963e-18
14000,28,-4.000000000000000e-04,-3.999999999999955e-04,-4.553649124439119e-18
14000,29,3.000000000000000e-04,3.000000000000057e-04,-5.746271514173174e-18
14100,0,1.200000000000000e-01,1.200000000000000e-01,-2.775557561562891e-17
14100,1,-8.000000000000000e-02,-8.000000000000006e-02,5.551115123125783e-17
14100,2,5.500000000000000e-02,5.499999999999997e-02,2.775557561562891e-17
14100,3,4.000000000000000e-02,3.999999999999998e-02,2.081668171172169e-17
14100,4,-3.000000000000000e-02,-2.999999999999999e-02,-1.387778780781446e-17
14100,5,2.500000000000000e-02,2.500000000000001e-02,-6.938893903907228e-18
14100,6,2.000000000000000e-02,1.999999999999999e-02,1.040834085586084e-17
14100,7,-1.800000000000000e-02,-1.800000000000000e-02,0.000000000000000e+00
14100,8,1.500000000000000e-02,1.500000000000000e-02,-5.204170427930421e-18
14100,9,1.200000000000000e-02,1.200000000000001e-02,-8.673617379884035e-18
14100,10,-1.000000000000000e-02,-9.999999999999998e-03,-1.734723475976807e-18
14100,11,8.999999999999999e-03,9.000000000000001e-03,-1.734723475976807e-18
14100,12,8.000000000000000e-03,8.000000000000005e-03,-5.204170427930421e-18
14100,13,-7.000000000000000e-03,-6.999999999999993e-03,-6.938893903907228e-18
14100,14,6.000000000000000e-03,6.000000000000002e-03,-1.734723475976807e-18
14100,15,5.000000000000000e-03,4.999999999999984e-03,1.647987302177967e-17
14100,16,-4.000000000000000e-03,-4.000000000000010e-03,1.040834085586084e-17
14100,17,3.500000000000000e-03,3.500000000000002e-03,-1.734723475976807e-18
14100,18,3.000000000000000e-03,3.000000000000008e-03,-8.239936510889834e-18
14100,19,-2.500000000000000e-03,-2.499999999999998e-03,-2.168404344971009e-18
14100,20,2.000000000000000e-03,2.000000000000009e-03,-9.107298248878237e-18
14100,21,1.800000000000000e-03,1.800000000000003e-03,-2.818925648462312e-18
14100,22,-1.500000000000000e-03,-1.500000000000004e-03,3.469446951953614e-18
14100,23,1.200000000000000e-03,1.199999999999991e-03,9.324138683375338e-18
14100,24,1.000000000000000e-03,9.999999999999879e-04,1.214306433183765e-17
14100,25,-8.000000000000000e-04,-7.999999999999985e-04,-1.517883041479706e-18
14100,26,5.999999999999999e-04,6.000000000000037e-04,-3.794707603699266e-18
14100,27,5.000000000000000e-04,4.999999999999993e-04,7.589415207398531e-19
14100,28,-4.000000000000000e-04,-3.999999999999922e-04,-7.806255641895632e-18
14100,29,3.000000000000000e-04,3.000000000000063e-04,-6.342582709040201e-18
14200,0,1.200000000000000e-01,1.200000000000000e-01,-2.775557561562891e-17
14200,1,-8.000000000000000e-02,-8.000000000000006e-02,5.551115123125783e-17
14200,2,5.500000000000000e-02,5.499999999999997e-02,2.775557561562891e-17
14200,3,4.000000000000000e-02,3.999999999999997e-02,2.775557561562891e-17
14200,4,-3.000000000000000e-02,-3.000000000000000e-02,-3.469446951953614e-18
14200,5,2.500000000000000e-02,2.499999999999999e-02,6.938893903907228e-18
14200,6,2.000000000000000e-02,2.000000000000000e-02,3.469446951953614e-18
14200,7,-1.800000000000000e-02,-1.800000000000000e-02,0.000000000000000e+00
14200,8,1.500000000000000e-02,1.500000000000002e-02,-1.734723475976807e-17
14200,9,1.200000000000000e-02,1.200000000000000e-02,1.734723475976807e-18
14200,10,-1.000000000000000e-02,-1.000000000000001e-02,6.938893903907228e-18
14200,11,8.999999999999999e-03,8.999999999999999e-03,0.000000000000000e+00
14200,12,8.000000000000000e-03,8.000000000000000e-03,0.000000000000000e+00
14200,13,-7.000000000000000e-03,-7.000000000000000e-03,0.000000000000000e+00
14200,14,6.000000000000000e-03,5.999999999999987e-03,1.301042606982605e-17
14200,15,5.000000000000000e-03,4.999999999999999e-03,8.673617379884035e-19
14200,16,-4.000000000000000e-03,-3.999999999999986e-03,-1.387778780781446e-17
14200,17,3.500000000000000e-03,3.500000000000004e-03,-3.469446951953614e-18
14200,18,3.000000000000000e-03,3.000000000000001e-03,-8.673617379884035e-19
14200,19,-2.500000000000000e-03,-2.500000000000013e-03,1.257674520083185e-17
14200,20,2.000000000000000e-03,2.000000000000000e-03,-4.336808689942018e-19
14200,21,1.800000000000000e-03,1.799999999999999e-03,6.505213034913027e-19
14200,22,-1.500000000000000e-03,-1.500000000000003e-03,3.035766082959412e-18
14200,23,1.200000000000000e-03,1.199999999999999e-03,1.301042606982605e-18
14200,24,1.000000000000000e-03,9.999999999999979e-04,2.168404344971009e-18
14200,25,-8.000000000000000e-04,-8.000000000000030e-04,2.927345865710862e-18
14200,26,5.999999999999999e-04,6.000000000000066e-04,-6.613633252161577e-18
14200,27,5.000000000000000e-04,4.999999999999965e-04,3.469446951953614e-18
14200,28,-4.000000000000000e-04,-4.000000000000004e-04,3.794707603699266e-19
14200,29,3.000000000000000e-04,3.000000000000045e-04,-4.553649124439119e-18
14300,0,1.200000000000000e-01,1.200000000000000e-01,-2.775557561562891e-17
14300,1,-8.000000000000000e-02,-8.000000000000006e-02,5.551115123125783e-17
14300,2,5.500000000000000e-02,5.499999999999997e-02,2.775557561562891e-17
14300,3,4.000000000000000e-02,3.999999999999997e-02,2.775557561562891e-17
14300,4,-3.000000000000000e-02,-3.000000000000001e-02,6.938893903907228e-18
14300,5,2.500000000000000e-02,2.500000000000000e-02,3.469446951953614e-18
14300,6,2.000000000000000e-02,1.999999999999999e-02,6.938893903907228e-18
14300,7,-1.800000000000000e-02,-1.799999999999999e-02,-1.040834085586084e-17
14300,8,1.500000000000000e-02,1.500000000000001e-02,-6.938893903907228e-18
14300,9,1.200000000000000e-02,1.200000000000000e-02,3.469446951953614e-18
14300,10,-1.000000000000000e-02,-9.999999999999993e-03,-6.938893903907228e-18
14300,11,8.999999999999999e-03,9.000000000000001e-03,-1.734723475976807e-18
14300,12,8.000000000000000e-03,8.000000000000005e-03,-5.204170427930421e-18
14300,13,-7.000000000000000e-03,-6.999999999999998e-03,-1.734723475976807e-18
14300,14,6.000000000000000e-03,6.000000000000002e-03,-1.734723475976807e-18
14300,15,5.000000000000000e-03,4.999999999999994e-03,6.071532165918825e-18
14300,16,-4.000000000000000e-03,-3.999999999999990e-03,-1.040834085586084e-17
14300,17,3.500000000000000e-03,3.499999999999998e-03,2.168404344971009e-18
14300,18,3.000000000000000e-03,2.999999999999998e-03,2.168404344971009e-18
14300,19,-2.500000000000000e-03,-2.500000000000002e-03,2.168404344971009e-18
14300,20,2.000000000000000e-03,2.000000000000000e-03,0.000000000000000e+00
14300,21,1.800000000000000e-03,1.799999999999995e-03,4.553649124439119e-18
14300,22,-1.500000000000000e-03,-1.500000000000010e-03,1.040834085586084e-17
14300,23,1.200000000000000e-03,1.199999999999994e-03,5.421010862427522e-18
14300,24,1.000000000000000e-03,9.999999999999953e-04,4.770489558936220e-18
14300,25,-8.000000000000000e-04,-8.000000000000010e-04,9.757819552369540e-19
14300,26,5.999999999999999e-04,6.000000000000021e-04,-2.168404344971009e-18
14300,27,5.000000000000000e-04,4.999999999999983e-04,1.734723475976807e-18
14300,28,-4.000000000000000e-04,-4.000000000000028e-04,2.764715539838036e-18
14300,29,3.000000000000000e-04,2.999999999999993e-04,7.047314121155779e-19
14400,0,1.200000000000000e-01,1.200000000000000e-01,-2.775557561562891e-17
14400,1,-8.000000000000000e-02,-8.000000000000006e-02,5.551115123125783e-17
14400,2,5.500000000000000e-02,5.499999999999997e-02,2.775557561562891e-17
14400,3,4.000000000000000e-02,3.999999999999997e-02,2.775557561562891e-17
14400,4,-3.000000000000000e-02,-3.000000000000000e-02,-3.469446951953614e-18
14400,5,2.500000000000000e-02,2.499999999999999e-02,1.040834085586084e-17
14400,6,2.000000000000000e-02,2.000000000000001e-02,-6.938893903907228e-18
14400,7,-1.800000000000000e-02,-1.799999999999998e-02,-2.081668171172169e-17
14400,8,1.500000000000000e-02,1.500000000000000e-02,-3.469446951953614e-18
14400,9,1.200000000000000e-02,1.200000000000001e-02,-1.040834085586084e-17
14400,10,-1.000000000000000e-02,-9.999999999999985e-03,-1.561251128379126e-17
14400,11,8.999999999999999e-03,9.000000000000001e-03,-1.734723475976807e-18
14400,12,8.000000000000000e-03,7.999999999999998e-03,1.734723475976807e-18
14400,13,-7.000000000000000e-03,-7.000000000000004e-03,3.469446951953614e-18
14400,14,6.000000000000000e-03,6.000000000000003e-03,-2.602085213965211e-18
14400,15,5.000000000000000e-03,5.000000000000001e-03,-8.673617379884035e-19
14400,16,-4.000000000000000e-03,-3.999999999999988e-03,-1.214306433183765e-17
14400,17,3.500000000000000e-03,3.500000000000000e-03,4.336808689942018e-19
14400,18,3.000000000000000e-03,2.999999999999998e-03,1.734723475976807e-18
14400,19,-2.500000000000000e-03,-2.500000000000000e-03,0.000000000000000e+00
14400,20,2.000000000000000e-03,2.000000000000008e-03,-7.806255641895632e-18
14400,21,1.800000000000000e-03,1.800000000000000e-03,2.168404344971009e-19
14400,22,-1.500000000000000e-03,-1.500000000000002e-03,1.517883041479706e-18
14400,23,1.200000000000000e-03,1.199999999999994e-03,5.854691731421724e-18
14400,24,1.000000000000000e-03,9.999999999999959e-04,4.119968255444917e-18
14400,25,-8.000000000000000e-04,-8.000000000000006e-04,5.421010862427522e-19
14400,26,5.999999999999999e-04,6.000000000000083e-04,-8.348356728138384e-18
14400,27,5.000000000000000e-04,4.999999999999991e-04,8.673617379884035e-19
14400,28,-4.000000000000000e-04,-3.999999999999966e-04,-3.415236843329339e-18
14400,29,3.000000000000000e-04,3.000000000000003e-04,-3.252606517456513e-19
14500,0,1.200000000000000e-01,1.200000000000000e-01,-2.775557561562891e-17
14500,1,-8.000000000000000e-02,-8.000000000000006e-02,5.551115123125783e-17
14500,2,5.500000000000000e-02,5.499999999999997e-02,2.775557561562891e-17
14500,3,4.000000000000000e-02,3.999999999999998e-02,2.081668171172169e-17
14500,4,-3.000000000000000e-02,-3.000000000000001e-02,6.938893903907228e-18
14500,5,2.500000000000000e-02,2.499999999999999e-02,6.938893903907228e-18
14500,6,2.000000000000000e-02,2.000000000000001e-02,-6.938893903907228e-18
14500,7,-1.800000000000000e-02,-1.800000000000000e-02,0.000000000000000e+00
14500,8,1.500000000000000e-02,1.500000000000001e-02,-1.040834085586084e-17
14500,9,1.200000000000000e-02,1.200000000000001e-02,-1.214306433183765e-17
14500,10,-1.000000000000000e-02,-9.999999999999997e-03,-3.469446951953614e-18
14500,11,8.999999999999999e-03,8.999999999999987e-03,1.214306433183765e-17
14500,12,8.000000000000000e-03,8.000000000000000e-03,0.000000000000000e+00
14500,13,-7.000000000000000e-03,-6.999999999999997e-03,-3.469446951953614e-18
14500,14,6.000000000000000e-03,5.999999999999997e-03,3.469446951953614e-18
14500,15,5.000000000000000e-03,4.999999999999999e-03,8.673617379884035e-19
14500,16,-4.000000000000000e-03,-3.999999999999985e-03,-1.474514954580286e-17
14500,17,3.500000000000000e-03,3.499999999999995e-03,4.770489558936220e-18
14500,18,3.000000000000000e-03,2.999999999999998e-03,2.168404344971009e-18
14500,19,-2.500000000000000e-03,-2.499999999999991e-03,-9.540979117872439e-18
14500,20,2.000000000000000e-03,2.000000000000012e-03,-1.214306433183765e-17
14500,21,1.800000000000000e-03,1.799999999999997e-03,3.252606517456513e-18
14500,22,-1.500000000000000e-03,-1.500000000000010e-03,9.757819552369540e-18
14500,23,1.200000000000000e-03,1.200000000000003e-03,-3.469446951953614e-18
14500,24,1.000000000000000e-03,1.000000000000001e-03,-6.505213034913027e-19
14500,25,-8.000000000000000e-04,-8.000000000000024e-04,2.385244779468110e-18
14500,26,5.999999999999999e-04,6.000000000000092e-04,-9.215718466126788e-18
14500,27,5.000000000000000e-04,4.999999999999991e-04,8.673617379884035e-19
14500,28,-4.000000000000000e-04,-4.000000000000020e-04,2.005774019098183e-18
14500,29,3.000000000000000e-04,2.999999999999901e-04,9.920449878242366e-18
14600,0,1.200000000000000e-01,1.200000000000000e-01,-2.775557561562891e-17
14600,1,-8.000000000000000e-02,-8.000000000000006e-02,5.551115123125783e-17
14600,2,5.500000000000000e-02,5.499999999999997e-02,2.775557561562891e-17
14600,3,4.000000000000000e-02,3.999999999999999e-02,1.387778780781446e-17
14600,4,-3.000000000000000e-02,-3.000000000000001e-02,6.938893903907228e-18
14600,5,2.500000000000000e-02,2.500000000000000e-02,0.000000000000000e+00
14600,6,2.000000000000000e-02,2.000000000000001e-02,-6.938893903907228e-18
14600,7,-1.800000000000000e-02,-1.800000000000001e-02,1.040834085586084e-17
14600,8,1.500000000000000e-02,1.500000000000001e-02,-1.040834085586084e-17
14600,9,1.200000000000000e-02,1.200000000000000e-02,3.469446951953614e-18
14600,10,-1.000000000000000e-02,-9.999999999999997e-03,-3.469446951953614e-18
14600,11,8.999999999999999e-03,8.999999999999992e-03,6.938893903907228e-18
14600,12,8.000000000000000e-03,8.000000000000002e-03,-1.734723475976807e-18
14600,13,-7.000000000000000e-03,-7.000000000000004e-03,3.469446951953614e-18
14600,14,6.000000000000000e-03,5.999999999999998e-03,1.734723475976807e-18
14600,15,5.000000000000000e-03,5.000000000000004e-03,-3.469446951953614e-18
14600,16,-4.000000000000000e-03,-3.999999999999995e-03,-5.204170427930421e-18
14600,17,3.500000000000000e-03,3.499999999999998e-03,2.168404344971009e-18
14600,18,3.000000000000000e-03,2.999999999999996e-03,4.336808689942018e-18
14600,19,-2.500000000000000e-03,-2.500000000000003e-03,3.035766082959412e-18
14600,20,2.000000000000000e-03,2.000000000000001e-03,-1.301042606982605e-18
14600,21,1.800000000000000e-03,1.800000000000003e-03,-2.818925648462312e-18
14600,22,-1.500000000000000e-03,-1.500000000000004e-03,3.686287386450715e-18
14600,23,1.200000000000000e-03,1.200000000000007e-03,-7.589415207398531e-18
14600,24,1.000000000000000e-03,9.999999999999989e-04,1.084202172485504e-18
14600,25,-8.000000000000000e-04,-7.999999999999996e-04,-4.336808689942018e-19
14600,26,5.999999999999999e-04,6.000000000000015e-04,-1.517883041479706e-18
14600,27,5.000000000000000e-04,4.999999999999931e-04,6.938893903907228e-18
14600,28,-4.000000000000000e-04,-3.999999999999990e-04,-1.029992063861229e-18
14600,29,3.000000000000000e-04,3.000000000000046e-04,-4.607859233063394e-18
14700,0,1.200000000000000e-01,1.200000000000000e-01,-2.775557561562891e-17
14700,1,-8.000000000000000e-02,-8.000000000000006e-02,5.551115123125783e-17
14700,2,5.500000000000000e-02,5.499999999999998e-02,2.081668171172169e-17
14700,3,4.000000000000000e-02,3.999999999999999e-02,6.938893903907228e-18
14700,4,-3.000000000000000e-02,-3.000000000000001e-02,6.938893903907228e-18
14700,5,2.500000000000000e-02,2.500000000000000e-02,-3.469446951953614e-18
14700,6,2.000000000000000e-02,2.000000000000000e-02,-3.469446951953614e-18
14700,7,-1.800000000000000e-02,-1.800000000000001e-02,6.938893903907228e-18
14700,8,1.500000000000000e-02,1.500000000000000e-02,1.734723475976807e-18
14700,9,1.200000000000000e-02,1.200000000000000e-02,1.734723475976807e-18
14700,10,-1.000000000000000e-02,-9.999999999999995e-03,-5.204170427930421e-18
14700,11,8.999999999999999e-03,8.999999999999992e-03,6.938893903907228e-18
14700,12,8.000000000000000e-03,8.000000000000000e-03,0.000000000000000e+00
14700,13,-7.000000000000000e-03,-7.000000000000002e-03,1.734723475976807e-18
14700,14,6.000000000000000e-03,6.000000000000004e-03,-3.469446951953614e-18
14700,15,5.000000000000000e-03,5.000000000000004e-03,-4.336808689942018e-18
14700,16,-4.000000000000000e-03,-4.000000000000002e-03,1.734723475976807e-18
14700,17,3.500000000000000e-03,3.499999999999994e-03,6.071532165918825e-18
14700,18,3.000000000000000e-03,3.000000000000005e-03,-4.770489558936220e-18
14700,19,-2.500000000000000e-03,-2.500000000000005e-03,4.770489558936220e-18
14700,20,2.000000000000000e-03,2.000000000000001e-03,-8.673617379884035e-19
14700,21,1.800000000000000e-03,1.800000000000002e-03,-1.951563910473908e-18
14700,22,-1.500000000000000e-03,-1.500000000000010e-03,9.757819552369540e-18
14700,23,1.200000000000000e-03,1.199999999999999e-03,1.084202172485504e-18
14700,24,1.000000000000000e-03,1.000000000000007e-03,-6.722053469410127e-18
14700,25,-8.000000000000000e-04,-8.000000000000023e-04,2.276824562219559e-18
14700,26,5.999999999999999e-04,5.999999999999995e-04,4.336808689942018e-19
14700,27,5.000000000000000e-04,4.999999999999899e-04,1.008308020411519e-17
14700,28,-4.000000000000000e-04,-4.000000000000019e-04,1.843143693225358e-18
14700,29,3.000000000000000e-04,3.000000000000005e-04,-4.878909776184770e-19
14800,0,1.200000000000000e-01,1.200000000000000e-01,-2.775557561562891e-17
14800,1,-8.000000000000000e-02,-8.000000000000006e-02,5.551115123125783e-17
14800,2,5.500000000000000e-02,5.499999999999998e-02,2.081668171172169e-17
14800,3,4.000000000000000e-02,3.999999999999999e-02,6.938893903907228e-18
14800,4,-3.000000000000000e-02,-3.000000000000001e-02,6.938893903907228e-18
14800,5,2.500000000000000e-02,2.500000000000000e-02,0.000000000000000e+00
14800,6,2.000000000000000e-02,2.000000000000000e-02,-3.469446951953614e-18
14800,7,-1.800000000000000e-02,-1.800000000000001e-02,1.040834085586084e-17
14800,8,1.500000000000000e-02,1.500000000000000e-02,1.734723475976807e-18
14800,9,1.200000000000000e-02,1.200000000000000e-02,0.000000000000000e+00
14800,10,-1.000000000000000e-02,-9.999999999999992e-03,-8.673617379884035e-18
14800,11,8.999999999999999e-03,9.000000000000001e-03,-1.734723475976807e-18
14800,12,8.000000000000000e-03,8.000000000000004e-03,-3.469446951953614e-18
14800,13,-7.000000000000000e-03,-6.999999999999998e-03,-2.602085213965211e-18
14800,14,6.000000000000000e-03,5.999999999999998e-03,2.602085213965211e-18
14800,15,5.000000000000000e-03,4.999999999999993e-03,6.938893903907228e-18
14800,16,-4.000000000000000e-03,-3.999999999999999e-03,-8.673617379884035e-19
14800,17,3.500000000000000e-03,3.499999999999998e-03,2.168404344971009e-18
14800,18,3.000000000000000e-03,3.000000000000004e-03,-4.336808689942018e-18
14800,19,-2.500000000000000e-03,-2.500000000000008e-03,7.806255641895632e-18
14800,20,2.000000000000000e-03,1.999999999999994e-03,6.071532165918825e-18
14800,21,1.800000000000000e-03,1.799999999999997e-03,2.818925648462312e-18
14800,22,-1.500000000000000e-03,-1.500000000000010e-03,1.019150042136374e-17
14800,23,1.200000000000000e-03,1.199999999999996e-03,4.119968255444917e-18
14800,24,1.000000000000000e-03,1.000000000000012e-03,-1.214306433183765e-17
14800,25,-8.000000000000000e-04,-8.000000000000026e-04,2.602085213965211e-18
14800,26,5.999999999999999e-04,5.999999999999954e-04,4.553649124439119e-18
14800,27,5.000000000000000e-04,5.000000000000028e-04,-2.818925648462312e-18
14800,28,-4.000000000000000e-04,-4.000000000000051e-04,5.041540102057596e-18
14800,29,3.000000000000000e-04,3.000000000000003e-04,-3.252606517456513e-19
14900,0,1.200000000000000e-01,1.200000000000000e-01,-2.775557561562891e-17
14900,1,-8.000000000000000e-02,-8.000000000000006e-02,5.551115123125783e-17
14900,2,5.500000000000000e-02,5.499999999999999e-02,1.387778780781446e-17
14900,3,4.000000000000000e-02,3.999999999999999e-02,6.938893903907228e-18
14900,4,-3.000000000000000e-02,-3.000000000000001e-02,6.938893903907228e-18
14900,5,2.500000000000000e-02,2.500000000000000e-02,-3.469446951953614e-18
14900,6,2.000000000000000e-02,2.000000000000000e-02,3.469446951953614e-18
14900,7,-1.800000000000000e-02,-1.800000000000001e-02,1.040834085586084e-17
14900,8,1.500000000000000e-02,1.500000000000000e-02,-3.469446951953614e-18
14900,9,1.200000000000000e-02,1.200000000000000e-02,0.000000000000000e+00
14900,10,-1.000000000000000e-02,-9.999999999999990e-03,-1.040834085586084e-17
14900,11,8.999999999999999e-03,9.000000000000003e-03,-3.469446951953614e-18
14900,12,8.000000000000000e-03,7.999999999999995e-03,5.204170427930421e-18
14900,13,-7.000000000000000e-03,-6.999999999999993e-03,-6.938893903907228e-18
14900,14,6.000000000000000e-03,5.999999999999998e-03,1.734723475976807e-18
14900,15,5.000000000000000e-03,4.999999999999986e-03,1.387778780781446e-17
14900,16,-4.000000000000000e-03,-3.999999999999997e-03,-2.602085213965211e-18
14900,17,3.500000000000000e-03,3.499999999999991e-03,9.540979117872439e-18
14900,18,3.000000000000000e-03,2.999999999999998e-03,2.168404344971009e-18
14900,19,-2.500000000000000e-03,-2.499999999999995e-03,-4.770489558936220e-18
14900,20,2.000000000000000e-03,1.999999999999994e-03,6.071532165918825e-18
14900,21,1.800000000000000e-03,1.799999999999997e-03,2.818925648462312e-18
14900,22,-1.500000000000000e-03,-1.499999999999997e-03,-2.818925648462312e-18
14900,23,1.200000000000000e-03,1.199999999999996e-03,3.903127820947816e-18
14900,24,1.000000000000000e-03,1.000000000000010e-03,-1.019150042136374e-17
14900,25,-8.000000000000000e-04,-7.999999999999970e-04,-3.035766082959412e-18
14900,26,5.999999999999999e-04,6.000000000000018e-04,-1.843143693225358e-18
14900,27,5.000000000000000e-04,5.000000000000071e-04,-7.047314121155779e-18
14900,28,-4.000000000000000e-04,-4.000000000000020e-04,1.951563910473908e-18
14900,29,3.000000000000000e-04,3.000000000000009e-04,-9.215718466126788e-19
15000,0,1.200000000000000e-01,1.200000000000000e-01,-2.775557561562891e-17
15000,1,-8.000000000000000e-02,-8.000000000000006e-02,5.551115123125783e-17
15000,2,5.500000000000000e-02,5.499999999999999e-02,1.387778780781446e-17
15000,3,4.000000000000000e-02,3.999999999999999e-02,6.938893903907228e-18
15000,4,-3.000000000000000e-02,-3.000000000000000e-02,3.469446951953614e-18
15000,5,2.500000000000000e-02,2.500000000000000e-02,3.469446951953614e-18
15000,6,2.000000000000000e-02,2.000000000000000e-02,-3.469446951953614e-18
15000,7,-1.800000000000000e-02,-1.800000000000001e-02,6.938893903907228e-18
15000,8,1.500000000000000e-02,1.500000000000001e-02,-8.673617379884035e-18
15000,9,1.200000000000000e-02,1.200000000000000e-02,3.469446951953614e-18
15000,10,-1.000000000000000e-02,-9.999999999999997e-03,-3.469446951953614e-18
15000,11,8.999999999999999e-03,8.999999999999991e-03,8.673617379884035e-18
15000,12,8.000000000000000e-03,8.000000000000004e-03,-3.469446951953614e-18
15000,13,-7.000000000000000e-03,-7.000000000000000e-03,0.000000000000000e+00
15000,14,6.000000000000000e-03,6.000000000000007e-03,-6.938893903907228e-18
15000,15,5.000000000000000e-03,5.000000000000003e-03,-2.602085213965211e-18
15000,16,-4.000000000000000e-03,-3.999999999999998e-03,-1.734723475976807e-18
15000,17,3.500000000000000e-03,3.500000000000000e-03,0.000000000000000e+00
15000,18,3.000000000000000e-03,3.000000000000000e-03,4.336808689942018e-19
15000,19,-2.500000000000000e-03,-2.500000000000007e-03,7.372574772901430e-18
15000,20,2.000000000000000e-03,1.999999999999994e-03,5.637851296924623e-18
15000,21,1.800000000000000e-03,1.799999999999986e-03,1.366094737331736e-17
15000,22,-1.500000000000000e-03,-1.500000000000004e-03,4.119968255444917e-18
15000,23,1.200000000000000e-03,1.200000000000008e-03,-8.456776945386935e-18
15000,24,1.000000000000000e-03,1.000000000000004e-03,-4.336808689942018e-18
15000,25,-8.000000000000000e-04,-8.000000000000025e-04,2.493664996716660e-18
15000,26,5.999999999999999e-04,6.000000000000120e-04,-1.203464411458910e-17
15000,27,5.000000000000000e-04,4.999999999999945e-04,5.529431079676073e-18
15000,28,-4.000000000000000e-04,-4.000000000000012e-04,1.192622389734055e-18
15000,29,3.000000000000000e-04,2.999999999999999e-04,1.084202172485504e-19
15100,0,1.200000000000000e-01,1.200000000000000e-01,-2.775557561562891e-17
15100,1,-8.000000000000000e-02,-8.000000000000006e-02,5.551115123125783e-17
15100,2,5.500000000000000e-02,5.499999999999999e-02,1.387778780781446e-17
15100,3,4.000000000000000e-02,3.999999999999999e-02,6.938893903907228e-18
15100,4,-3.000000000000000e-02,-3.000000000000000e-02,0.000000000000000e+00
15100,5,2.500000000000000e-02,2.500000000000000e-02,3.469446951953614e-18
15100,6,2.000000000000000e-02,2.000000000000000e-02,-3.469446951953614e-18
15100,7,-1.800000000000000e-02,-1.800000000000001e-02,1.387778780781446e-17
15100,8,1.500000000000000e-02,1.500000000000000e-02,-3.469446951953614e-18
15100,9,1.200000000000000e-02,1.200000000000000e-02,-3.469446951953614e-18
15100,10,-1.000000000000000e-02,-9.999999999999998e-03,-1.734723475976807e-18
15100,11,8.999999999999999e-03,8.999999999999989e-03,1.040834085586084e-17
15100,12,8.000000000000000e-03,8.000000000000005e-03,-5.204170427930421e-18
15100,13,-7.000000000000000e-03,-6.999999999999999e-03,-8.673617379884035e-19
15100,14,6.000000000000000e-03,6.000000000000011e-03,-1.127570259384925e-17
15100,15,5.000000000000000e-03,5.000000000000004e-03,-4.336808689942018e-18
15100,16,-4.000000000000000e-03,-4.000000000000009e-03,8.673617379884035e-18
15100,17,3.500000000000000e-03,3.500000000000001e-03,-8.673617379884035e-19
15100,18,3.000000000000000e-03,3.000000000000004e-03,-4.336808689942018e-18
15100,19,-2.500000000000000e-03,-2.500000000000000e-03,0.000000000000000e+00
15100,20,2.000000000000000e-03,1.999999999999994e-03,5.637851296924623e-18
15100,21,1.800000000000000e-03,1.800000000000002e-03,-2.168404344971009e-18
15100,22,-1.500000000000000e-03,-1.499999999999998e-03,-1.734723475976807e-18
15100,23,1.200000000000000e-03,1.199999999999996e-03,3.469446951953614e-18
15100,24,1.000000000000000e-03,9.999999999999926e-04,7.372574772901430e-18
15100,25,-8.000000000000000e-04,-8.000000000000074e-04,7.372574772901430e-18
15100,26,5.999999999999999e-04,6.000000000000034e-04,-3.469446951953614e-18
15100,27,5.000000000000000e-04,5.000000000000035e-04,-3.469446951953614e-18
15100,28,-4.000000000000000e-04,-4.000000000000064e-04,6.396792817664476e-18
15100,29,3.000000000000000e-04,3.000000000000036e-04,-3.632077277826440e-18
15200,0,1.200000000000000e-01,1.200000000000000e-01,-2.775557561562891e-17
15200,1,-8.000000000000000e-02,-8.000000000000006e-02,5.551115123125783e-17
15200,2,5.500000000000000e-02,5.499999999999999e-02,1.387778780781446e-17
15200,3,4.000000000000000e-02,3.999999999999999e-02,6.938893903907228e-18
15200,4,-3.000000000000000e-02,-2.999999999999999e-02,-6.938893903907228e-18
15200,5,2.500000000000000e-02,2.500000000000000e-02,0.000000000000000e+00
15200,6,2.000000000000000e-02,2.000000000000000e-02,-3.469446951953614e-18
15200,7,-1.800000000000000e-02,-1.800000000000001e-02,1.387778780781446e-17
15200,8,1.500000000000000e-02,1.500000000000000e-02,-3.469446951953614e-18
15200,9,1.200000000000000e-02,1.200000000000000e-02,5.204170427930421e-18
15200,10,-1.000000000000000e-02,-9.999999999999993e-03,-6.938893903907228e-18
15200,11,8.999999999999999e-03,8.999999999999984e-03,1.561251128379126e-17
15200,12,8.000000000000000e-03,8.000000000000009e-03,-8.673617379884035e-18
15200,13,-7.000000000000000e-03,-7.000000000000002e-03,1.734723475976807e-18
15200,14,6.000000000000000e-03,6.000000000000004e-03,-3.469446951953614e-18
15200,15,5.000000000000000e-03,5.000000000000000e-03,0.000000000000000e+00
15200,16,-4.000000000000000e-03,-4.000000000000003e-03,2.602085213965211e-18
15200,17,3.500000000000000e-03,3.499999999999993e-03,6.938893903907228e-18
15200,18,3.000000000000000e-03,2.999999999999997e-03,3.035766082959412e-18
15200,19,-2.500000000000000e-03,-2.500000000000001e-03,8.673617379884035e-19
15200,20,2.000000000000000e-03,1.999999999999995e-03,5.204170427930421e-18
15200,21,1.800000000000000e-03,1.800000000000001e-03,-1.517883041479706e-18
15200,22,-1.500000000000000e-03,-1.500000000000007e-03,6.505213034913027e-18
15200,23,1.200000000000000e-03,1.200000000000010e-03,-1.040834085586084e-17
15200,24,1.000000000000000e-03,9.999999999999926e-04,7.372574772901430e-18
15200,25,-8.000000000000000e-04,-8.000000000000000e-04,0.000000000000000e+00
15200,26,5.999999999999999e-04,5.999999999999986e-04,1.301042606982605e-18
15200,27,5.000000000000000e-04,4.999999999999935e-04,6.505213034913027e-18
15200,28,-4.000000000000000e-04,-4.000000000000045e-04,4.445228907190568e-18
15200,29,3.000000000000000e-04,3.000000000000102e-04,-1.019150042136374e-17
15300,0,1.200000000000000e-01,1.200000000000000e-01,-2.775557561562891e-17
15300,1,-8.000000000000000e-02,-8.000000000000006e-02,5.551115123125783e-17
15300,2,5.500000000000000e-02,5.499999999999999e-02,1.387778780781446e-17
15300,3,4.000000000000000e-02,4.000000000000000e-02,0.000000000000000e+00
15300,4,-3.000000000000000e-02,-3.000000000000000e-02,-3.469446951953614e-18
15300,5,2.500000000000000e-02,2.500000000000000e-02,0.000000000000000e+00
15300,6,2.000000000000000e-02,2.000000000000001e-02,-6.938893903907228e-18
15300,7,-1.800000000000000e-02,-1.800000000000001e-02,1.040834085586084e-17
15300,8,1.500000000000000e-02,1.500000000000000e-02,-3.469446951953614e-18
15300,9,1.200000000000000e-02,1.200000000000000e-02,0.000000000000000e+00
15300,10,-1.000000000000000e-02,-9.999999999999997e-03,-3.469446951953614e-18
15300,11,8.999999999999999e-03,8.999999999999991e-03,8.673617379884035e-18
15300,12,8.000000000000000e-03,8.000000000000005e-03,-5.204170427930421e-18
15300,13,-7.000000000000000e-03,-7.000000000000006e-03,6.071532165918825e-18
15300,14,6.000000000000000e-03,6.000000000000001e-03,-8.673617379884035e-19
15300,15,5.000000000000000e-03,4.999999999999996e-03,4.336808689942018e-18
15300,16,-4.000000000000000e-03,-3.999999999999996e-03,-4.336808689942018e-18
15300,17,3.500000000000000e-03,3.500000000000004e-03,-3.903127820947816e-18
15300,18,3.000000000000000e-03,2.999999999999996e-03,3.903127820947816e-18
15300,19,-2.500000000000000e-03,-2.500000000000004e-03,3.903127820947816e-18
15300,20,2.000000000000000e-03,1.999999999999996e-03,4.336808689942018e-18
15300,21,1.800000000000000e-03,1.800000000000000e-03,0.000000000000000e+00
15300,22,-1.500000000000000e-03,-1.500000000000010e-03,9.757819552369540e-18
15300,23,1.200000000000000e-03,1.200000000000006e-03,-6.288372600415926e-18
15300,24,1.000000000000000e-03,9.999999999999992e-04,8.673617379884035e-19
15300,25,-8.000000000000000e-04,-8.000000000000012e-04,1.192622389734055e-18
15300,26,5.999999999999999e-04,6.000000000000009e-04,-9.757819552369540e-19
15300,27,5.000000000000000e-04,5.000000000000003e-04,-3.252606517456513e-19
15300,28,-4.000000000000000e-04,-4.000000000000030e-04,2.981555974335137e-18
15300,29,3.000000000000000e-04,3.000000000000119e-04,-1.192622389734055e-17
15400,0,1.200000000000000e-01,1.200000000000000e-01,-2.775557561562891e-17
15400,1,-8.000000000000000e-02,-8.000000000000006e-02,5.551115123125783e-17
15400,2,5.500000000000000e-02,5.499999999999999e-02,6.938893903907228e-18
15400,3,4.000000000000000e-02,4.000000000000000e-02,0.000000000000000e+00
15400,4,-3.000000000000000e-02,-2.999999999999999e-02,-6.938893903907228e-18
15400,5,2.500000000000000e-02,2.500000000000000e-02,3.469446951953614e-18
15400,6,2.000000000000000e-02,2.000000000000000e-02,0.000000000000000e+00
15400,7,-1.800000000000000e-02,-1.800000000000000e-02,-3.469446951953614e-18
15400,8,1.500000000000000e-02,1.500000000000000e-02,0.000000000000000e+00
15400,9,1.200000000000000e-02,1.200000000000000e-02,5.204170427930421e-18
15400,10,-1.000000000000000e-02,-9.999999999999992e-03,-8.673617379884035e-18
15400,11,8.999999999999999e-03,8.999999999999996e-03,3.469446951953614e-18
15400,12,8.000000000000000e-03,7.999999999999998e-03,1.734723475976807e-18
15400,13,-7.000000000000000e-03,-7.000000000000002e-03,1.734723475976807e-18
15400,14,6.000000000000000e-03,6.000000000000001e-03,-8.673617379884035e-19
15400,15,5.000000000000000e-03,5.000000000000001e-03,-8.673617379884035e-19
15400,16,-4.000000000000000e-03,-3.999999999999990e-03,-1.040834085586084e-17
15400,17,3.500000000000000e-03,3.500000000000004e-03,-4.336808689942018e-18
15400,18,3.000000000000000e-03,2.999999999999996e-03,3.903127820947816e-18
15400,19,-2.500000000000000e-03,-2.500000000000000e-03,-4.336808689942018e-19
15400,20,2.000000000000000e-03,1.999999999999999e-03,1.301042606982605e-18
15400,21,1.800000000000000e-03,1.799999999999999e-03,1.084202172485504e-18
15400,22,-1.500000000000000e-03,-1.499999999999999e-03,-1.301042606982605e-18
15400,23,1.200000000000000e-03,1.200000000000004e-03,-3.903127820947816e-18
15400,24,1.000000000000000e-03,9.999999999999907e-04,9.324138683375338e-18
15400,25,-8.000000000000000e-04,-8.000000000000095e-04,9.432558900623889e-18
15400,26,5.999999999999999e-04,6.000000000000035e-04,-3.577867169202165e-18
15400,27,5.000000000000000e-04,5.000000000000050e-04,-4.987329993433320e-18
15400,28,-4.000000000000000e-04,-4.000000000000054e-04,5.421010862427522e-18
15400,29,3.000000000000000e-04,3.000000000000050e-04,-5.041540102057596e-18
15500,0,1.200000000000000e-01,1.200000000000000e-01,-2.775557561562891e-17
15500,1,-8.000000000000000e-02,-8.000000000000006e-02,5.551115123125783e-17
15500,2,5.500000000000000e-02,5.499999999999999e-02,6.938893903907228e-18
15500,3,4.000000000000000e-02,3.999999999999999e-02,6.938893903907228e-18
15500,4,-3.000000000000000e-02,-2.999999999999999e-02,-1.040834085586084e-17
15500,5,2.500000000000000e-02,2.500000000000000e-02,-3.469446951953614e-18
15500,6,2.000000000000000e-02,1.999999999999999e-02,1.040834085586084e-17
15500,7,-1.800000000000000e-02,-1.800000000000000e-02,3.469446951953614e-18
15500,8,1.500000000000000e-02,1.499999999999999e-02,5.204170427930421e-18
15500,9,1.200000000000000e-02,1.200000000000000e-02,3.469446951953614e-18
15500,10,-1.000000000000000e-02,-9.999999999999993e-03,-6.938893903907228e-18
15500,11,8.999999999999999e-03,8.999999999999999e-03,0.000000000000000e+00
15500,12,8.000000000000000e-03,8.000000000000002e-03,-1.734723475976807e-18
15500,13,-7.000000000000000e-03,-7.000000000000001e-03,8.673617379884035e-19
15500,14,6.000000000000000e-03,6.000000000000002e-03,-1.734723475976807e-18
15500,15,5.000000000000000e-03,4.999999999999997e-03,3.469446951953614e-18
15500,16,-4.000000000000000e-03,-4.000000000000001e-03,8.673617379884035e-19
15500,17,3.500000000000000e-03,3.499999999999998e-03,2.168404344971009e-18
15500,18,3.000000000000000e-03,2.999999999999997e-03,3.469446951953614e-18
15500,19,-2.500000000000000e-03,-2.500000000000002e-03,2.168404344971009e-18
15500,20,2.000000000000000e-03,2.000000000000005e-03,-4.770489558936220e-18
15500,21,1.800000000000000e-03,1.800000000000002e-03,-1.951563910473908e-18
15500,22,-1.500000000000000e-03,-1.499999999999992e-03,-8.456776945386935e-18
15500,23,1.200000000000000e-03,1.200000000000005e-03,-5.421010862427522e-18
15500,24,1.000000000000000e-03,9.999999999999970e-04,3.035766082959412e-18
15500,25,-8.000000000000000e-04,-8.000000000000048e-04,4.770489558936220e-18
15500,26,5.999999999999999e-04,6.000000000000011e-04,-1.192622389734055e-18
15500,27,5.000000000000000e-04,4.999999999999962e-04,3.794707603699266e-18
15500,28,-4.000000000000000e-04,-4.000000000000020e-04,2.005774019098183e-18
15500,29,3.000000000000000e-04,3.000000000000017e-04,-1.680513367352532e-18
15600,0,1.200000000000000e-01,1.200000000000000e-01,-2.775557561562891e-17
15600,1,-8.000000000000000e-02,-8.000000000000006e-02,5.551115123125783e-17
15600,2,5.500000000000000e-02,5.499999999999999e-02,6.938893903907228e-18
15600,3,4.000000000000000e-02,3.999999999999999e-02,1.387778780781446e-17
15600,4,-3.000000000000000e-02,-2.999999999999999e-02,-6.938893903907228e-18
15600,5,2.500000000000000e-02,2.500000000000000e-02,-3.469446951953614e-18
15600,6,2.000000000000000e-02,2.000000000000000e-02,0.000000000000000e+00
15600,7,-1.800000000000000e-02,-1.800000000000000e-02,0.000000000000000e+00
15600,8,1.500000000000000e-02,1.500000000000000e-02,-1.734723475976807e-18
15600,9,1.200000000000000e-02,1.199999999999999e-02,1.040834085586084e-17
15600,10,-1.000000000000000e-02,-9.999999999999992e-03,-8.673617379884035e-18
15600,11,8.999999999999999e-03,9.000000000000001e-03,-1.734723475976807e-18
15600,12,8.000000000000000e-03,7.999999999999997e-03,3.469446951953614e-18
15600,13,-7.000000000000000e-03,-7.000000000000012e-03,1.214306433183765e-17
15600,14,6.000000000000000e-03,6.000000000000004e-03,-4.336808689942018e-18
15600,15,5.000000000000000e-03,5.000000000000004e-03,-4.336808689942018e-18
15600,16,-4.000000000000000e-03,-3.999999999999993e-03,-6.938893903907228e-18
15600,17,3.500000000000000e-03,3.500000000000009e-03,-8.673617379884035e-18
15600,18,3.000000000000000e-03,3.000000000000004e-03,-3.903127820947816e-18
15600,19,-2.500000000000000e-03,-2.500000000000007e-03,7.372574772901430e-18
15600,20,2.000000000000000e-03,2.000000000000001e-03,-1.301042606982605e-18
15600,21,1.800000000000000e-03,1.800000000000005e-03,-4.553649124439119e-18
15600,22,-1.500000000000000e-03,-1.499999999999994e-03,-5.854691731421724e-18
15600,23,1.200000000000000e-03,1.200000000000002e-03,-2.168404344971009e-18
15600,24,1.000000000000000e-03,9.999999999999989e-04,1.084202172485504e-18
15600,25,-8.000000000000000e-04,-8.000000000000078e-04,7.806255641895632e-18
15600,26,5.999999999999999e-04,6.000000000000008e-04,-8.673617379884035e-19
15600,27,5.000000000000000e-04,4.999999999999983e-04,1.734723475976807e-18
15600,28,-4.000000000000000e-04,-3.999999999999970e-04,-2.981555974335137e-18
15600,29,3.000000000000000e-04,2.999999999999981e-04,1.843143693225358e-18
15700,0,1.200000000000000e-01,1.200000000000000e-01,-2.775557561562891e-17
15700,1,-8.000000000000000e-02,-8.000000000000006e-02,5.551115123125783e-17
15700,2,5.500000000000000e-02,5.499999999999999e-02,6.938893903907228e-18
15700,3,4.000000000000000e-02,3.999999999999999e-02,1.387778780781446e-17
15700,4,-3.000000000000000e-02,-3.000000000000000e-02,0.000000000000000e+00
15700,5,2.500000000000000e-02,2.500000000000000e-02,-3.469446951953614e-18
15700,6,2.000000000000000e-02,2.000000000000001e-02,-6.938893903907228e-18
15700,7,-1.800000000000000e-02,-1.800000000000000e-02,3.469446951953614e-18
15700,8,1.500000000000000e-02,1.500000000000002e-02,-1.561251128379126e-17
15700,9,1.200000000000000e-02,1.199999999999999e-02,1.214306433183765e-17
15700,10,-1.000000000000000e-02,-9.999999999999992e-03,-8.673617379884035e-18
15700,11,8.999999999999999e-03,8.999999999999998e-03,1.734723475976807e-18
15700,12,8.000000000000000e-03,8.000000000000005e-03,-5.204170427930421e-18
15700,13,-7.000000000000000e-03,-7.000000000000004e-03,3.469446951953614e-18
15700,14,6.000000000000000e-03,5.999999999999992e-03,7.806255641895632e-18
15700,15,5.000000000000000e-03,5.000000000000002e-03,-1.734723475976807e-18
15700,16,-4.000000000000000e-03,-3.999999999999995e-03,-5.204170427930421e-18
15700,17,3.500000000000000e-03,3.500000000000003e-03,-2.602085213965211e-18
15700,18,3.000000000000000e-03,3.000000000000002e-03,-2.168404344971009e-18
15700,19,-2.500000000000000e-03,-2.500000000000004e-03,4.336808689942018e-18
15700,20,2.000000000000000e-03,2.000000000000006e-03,-5.637851296924623e-18
15700,21,1.800000000000000e-03,1.799999999999997e-03,2.602085213965211e-18
15700,22,-1.500000000000000e-03,-1.499999999999998e-03,-1.951563910473908e-18
15700,23,1.200000000000000e-03,1.200000000000005e-03,-5.204170427930421e-18
15700,24,1.000000000000000e-03,9.999999999999998e-04,2.168404344971009e-19
15700,25,-8.000000000000000e-04,-8.000000000000010e-04,9.757819552369540e-19
15700,26,5.999999999999999e-04,5.999999999999997e-04,2.168404344971009e-19
15700,27,5.000000000000000e-04,5.000000000000042e-04,-4.228388472693467e-18
15700,28,-4.000000000000000e-04,-4.000000000000010e-04,9.757819552369540e-19
15700,29,3.000000000000000e-04,3.000000000000033e-04,-3.361026734705064e-18
15800,0,1.200000000000000e-01,1.200000000000000e-01,-2.775557561562891e-17
15800,1,-8.000000000000000e-02,-8.000000000000006e-02,5.551115123125783e-17
15800,2,5.500000000000000e-02,5.499999999999999e-02,6.938893903907228e-18
15800,3,4.000000000000000e-02,3.999999999999999e-02,1.387778780781446e-17
15800,4,-3.000000000000000e-02,-3.000000000000000e-02,-3.469446951953614e-18
15800,5,2.500000000000000e-02,2.500000000000001e-02,-6.938893903907228e-18
15800,6,2.000000000000000e-02,2.000000000000001e-02,-6.938893903907228e-18
15800,7,-1.800000000000000e-02,-1.800000000000000e-02,3.469446951953614e-18
15800,8,1.500000000000000e-02,1.500000000000001e-02,-1.214306433183765e-17
15800,9,1.200000000000000e-02,1.199999999999999e-02,6.938893903907228e-18
15800,10,-1.000000000000000e-02,-9.999999999999992e-03,-8.673617379884035e-18
15800,11,8.999999999999999e-03,9.000000000000005e-03,-5.204170427930421e-18
15800,12,8.000000000000000e-03,8.000000000000005e-03,-5.204170427930421e-18
15800,13,-7.000000000000000e-03,-7.000000000000004e-03,3.469446951953614e-18
15800,14,6.000000000000000e-03,6.000000000000000e-03,0.000000000000000e+00
15800,15,5.000000000000000e-03,4.999999999999993e-03,6.938893903907228e-18
15800,16,-4.000000000000000e-03,-4.000000000000004e-03,4.336808689942018e-18
15800,17,3.500000000000000e-03,3.499999999999996e-03,3.903127820947816e-18
15800,18,3.000000000000000e-03,3.000000000000002e-03,-2.168404344971009e-18
15800,19,-2.500000000000000e-03,-2.500000000000000e-03,4.336808689942018e-19
15800,20,2.000000000000000e-03,2.000000000000000e-03,-4.336808689942018e-19
15800,21,1.800000000000000e-03,1.800000000000005e-03,-5.421010862427522e-18
15800,22,-1.500000000000000e-03,-1.500000000000002e-03,2.168404344971009e-18
15800,23,1.200000000000000e-03,1.199999999999998e-03,1.517883041479706e-18
15800,24,1.000000000000000e-03,9.999999999999955e-04,4.553649124439119e-18
15800,25,-8.000000000000000e-04,-7.999999999999992e-04,-8.673617379884035e-19
15800,26,5.999999999999999e-04,5.999999999999979e-04,2.059984127722458e-18
15800,27,5.000000000000000e-04,4.999999999999980e-04,2.059984127722458e-18
15800,28,-4.000000000000000e-04,-4.000000000000078e-04,7.752045533271357e-18
15800,29,3.000000000000000e-04,3.000000000000041e-04,-4.174178364069192e-18
15900,0,1.200000000000000e-01,1.200000000000000e-01,-2.775557561562891e-17
15900,1,-8.000000000000000e-02,-8.000000000000006e-02,5.551115123125783e-17
15900,2,5.500000000000000e-02,5.499999999999999e-02,1.387778780781446e-17
15900,3,4.000000000000000e-02,3.999999999999999e-02,1.387778780781446e-17
15900,4,-3.000000000000000e-02,-3.000000000000000e-02,3.469446951953614e-18
15900,5,2.500000000000000e-02,2.500000000000000e-02,-3.469446951953614e-18
15900,6,2.000000000000000e-02,2.000000000000000e-02,-3.469446951953614e-18
15900,7,-1.800000000000000e-02,-1.800000000000001e-02,6.938893903907228e-18
15900,8,1.500000000000000e-02,1.500000000000000e-02,-3.469446951953614e-18
15900,9,1.200000000000000e-02,1.200000000000000e-02,3.469446951953614e-18
15900,10,-1.000000000000000e-02,-1.000000000000000e-02,1.734723475976807e-18
15900,11,8.999999999999999e-03,8.999999999999996e-03,3.469446951953614e-18
15900,12,8.000000000000000e-03,7.999999999999997e-03,3.469446951953614e-18
15900,13,-7.000000000000000e-03,-6.999999999999999e-03,-8.673617379884035e-19
15900,14,6.000000000000000e-03,6.000000000000000e-03,0.000000000000000e+00
15900,15,5.000000000000000e-03,5.000000000000000e-03,0.000000000000000e+00
15900,16,-4.000000000000000e-03,-3.999999999999996e-03,-4.336808689942018e-18
15900,17,3.500000000000000e-03,3.499999999999997e-03,3.469446951953614e-18
15900,18,3.000000000000000e-03,2.999999999999992e-03,8.239936510889834e-18
15900,19,-2.500000000000000e-03,-2.500000000000006e-03,6.071532165918825e-18
15900,20,2.000000000000000e-03,1.999999999999995e-03,4.770489558936220e-18
15900,21,1.800000000000000e-03,1.800000000000001e-03,-1.517883041479706e-18
15900,22,-1.500000000000000e-03,-1.499999999999994e-03,-6.071532165918825e-18
15900,23,1.200000000000000e-03,1.199999999999989e-03,1.040834085586084e-17
15900,24,1.000000000000000e-03,1.000000000000006e-03,-6.288372600415926e-18
15900,25,-8.000000000000000e-04,-8.000000000000004e-04,3.252606517456513e-19
15900,26,5.999999999999999e-04,6.000000000000015e-04,-1.517883041479706e-18
15900,27,5.000000000000000e-04,4.999999999999987e-04,1.301042606982605e-18
15900,28,-4.000000000000000e-04,-3.999999999999989e-04,-1.138412281109780e-18
15900,29,3.000000000000000e-04,3.000000000000092e-04,-9.269928574751063e-18
16000,0,1.200000000000000e-01,1.200000000000000e-01,-2.775557561562891e-17
16000,1,-8.000000000000000e-02,-8.000000000000006e-02,5.551115123125783e-17
16000,2,5.500000000000000e-02,5.499999999999999e-02,6.938893903907228e-18
16000,3,4.000000000000000e-02,3.999999999999999e-02,1.387778780781446e-17
16000,4,-3.000000000000000e-02,-3.000000000000000e-02,-3.469446951953614e-18
16000,5,2.500000000000000e-02,2.500000000000000e-02,0.000000000000000e+00
16000,6,2.000000000000000e-02,2.000000000000000e-02,0.000000000000000e+00
16000,7,-1.800000000000000e-02,-1.800000000000001e-02,1.387778780781446e-17
16000,8,1.500000000000000e-02,1.500000000000000e-02,3.469446951953614e-18
16000,9,1.200000000000000e-02,1.200000000000000e-02,0.000000000000000e+00
16000,10,-1.000000000000000e-02,-9.999999999999992e-03,-8.673617379884035e-18
16000,11,8.999999999999999e-03,8.999999999999994e-03,5.204170427930421e-18
16000,12,8.000000000000000e-03,7.999999999999991e-03,8.673617379884035e-18
16000,13,-7.000000000000000e-03,-6.999999999999998e-03,-1.734723475976807e-18
16000,14,6.000000000000000e-03,5.999999999999998e-03,1.734723475976807e-18
16000,15,5.000000000000000e-03,4.999999999999988e-03,1.214306433183765e-17
16000,16,-4.000000000000000e-03,-3.999999999999994e-03,-6.071532165918825e-18
16000,17,3.500000000000000e-03,3.500000000000002e-03,-2.168404344971009e-18
16000,18,3.000000000000000e-03,2.999999999999995e-03,5.204170427930421e-18
16000,19,-2.500000000000000e-03,-2.499999999999995e-03,-5.204170427930421e-18
16000,20,2.000000000000000e-03,1.999999999999998e-03,1.734723475976807e-18
16000,21,1.800000000000000e-03,1.800000000000017e-03,-1.734723475976807e-17
16000,22,-1.500000000000000e-03,-1.500000000000006e-03,5.637851296924623e-18
16000,23,1.200000000000000e-03,1.199999999999987e-03,1.257674520083185e-17
16000,24,1.000000000000000e-03,1.000000000000002e-03,-1.517883041479706e-18
16000,25,-8.000000000000000e-04,-7.999999999999986e-04,-1.409462824231156e-18
16000,26,5.999999999999999e-04,5.999999999999999e-04,0.000000000000000e+00
16000,27,5.000000000000000e-04,4.999999999999939e-04,6.071532165918825e-18
16000,28,-4.000000000000000e-04,-3.999999999999966e-04,-3.415236843329339e-18
16000,29,3.000000000000000e-04,3.000000000000014e-04,-1.409462824231156e-18
16100,0,1.200000000000000e-01,1.200000000000000e-01,-2.775557561562891e-17
16100,1,-8.000000000000000e-02,-8.000000000000006e-02,5.551115123125783e-17
16100,2,5.500000000000000e-02,5.499999999999999e-02,1.387778780781446e-17
16100,3,4.000000000000000e-02,3.999999999999999e-02,1.387778780781446e-17
16100,4,-3.000000000000000e-02,-3.000000000000000e-02,-3.469446951953614e-18
16100,5,2.500000000000000e-02,2.500000000000000e-02,0.000000000000000e+00
16100,6,2.000000000000000e-02,1.999999999999999e-02,6.938893903907228e-18
16100,7,-1.800000000000000e-02,-1.800000000000000e-02,0.000000000000000e+00
16100,8,1.500000000000000e-02,1.499999999999999e-02,8.673617379884035e-18
16100,9,1.200000000000000e-02,1.200000000000000e-02,0.000000000000000e+00
16100,10,-1.000000000000000e-02,-1.000000000000001e-02,5.204170427930421e-18
16100,11,8.999999999999999e-03,9.000000000000011e-03,-1.214306433183765e-17
16100,12,8.000000000000000e-03,8.000000000000009e-03,-8.673617379884035e-18
16100,13,-7.000000000000000e-03,-6.999999999999998e-03,-1.734723475976807e-18
16100,14,6.000000000000000e-03,6.000000000000004e-03,-3.469446951953614e-18
16100,15,5.000000000000000e-03,4.999999999999992e-03,7.806255641895632e-18
16100,16,-4.000000000000000e-03,-3.999999999999987e-03,-1.301042606982605e-17
16100,17,3.500000000000000e-03,3.500000000000004e-03,-3.469446951953614e-18
16100,18,3.000000000000000e-03,3.000000000000000e-03,4.336808689942018e-19
16100,19,-2.500000000000000e-03,-2.499999999999997e-03,-3.469446951953614e-18
16100,20,2.000000000000000e-03,1.999999999999994e-03,5.637851296924623e-18
16100,21,1.800000000000000e-03,1.800000000000008e-03,-8.023096076392733e-18
16100,22,-1.500000000000000e-03,-1.499999999999993e-03,-6.722053469410127e-18
16100,23,1.200000000000000e-03,1.199999999999997e-03,3.035766082959412e-18
16100,24,1.000000000000000e-03,9.999999999999950e-04,4.987329993433320e-18
16100,25,-8.000000000000000e-04,-8.000000000000031e-04,3.035766082959412e-18
16100,26,5.999999999999999e-04,5.999999999999952e-04,4.770489558936220e-18
16100,27,5.000000000000000e-04,5.000000000000016e-04,-1.626303258728257e-18
16100,28,-4.000000000000000e-04,-4.000000000000019e-04,1.843143693225358e-18
16100,29,3.000000000000000e-04,3.000000000000023e-04,-2.331034670843835e-18
16200,0,1.200000000000000e-01,1.200000000000000e-01,-2.775557561562891e-17
16200,1,-8.000000000000000e-02,-8.000000000000006e-02,5.551115123125783e-17
16200,2,5.500000000000000e-02,5.499999999999999e-02,1.387778780781446e-17
16200,3,4.000000000000000e-02,3.999999999999999e-02,1.387778780781446e-17
16200,4,-3.000000000000000e-02,-3.000000000000000e-02,-3.469446951953614e-18
16200,5,2.500000000000000e-02,2.500000000000000e-02,3.469446951953614e-18
16200,6,2.000000000000000e-02,2.000000000000000e-02,3.469446951953614e-18
16200,7,-1.800000000000000e-02,-1.800000000000000e-02,0.000000000000000e+00
16200,8,1.500000000000000e-02,1.500000000000000e-02,-1.734723475976807e-18
16200,9,1.200000000000000e-02,1.200000000000000e-02,-3.469446951953614e-18
16200,10,-1.000000000000000e-02,-9.999999999999998e-03,-1.734723475976807e-18
16200,11,8.999999999999999e-03,9.000000000000003e-03,-3.469446951953614e-18
16200,12,8.000000000000000e-03,8.000000000000014e-03,-1.387778780781446e-17
16200,13,-7.000000000000000e-03,-7.000000000000004e-03,3.469446951953614e-18
16200,14,6.000000000000000e-03,6.000000000000007e-03,-6.938893903907228e-18
16200,15,5.000000000000000e-03,4.999999999999993e-03,6.938893903907228e-18
16200,16,-4.000000000000000e-03,-3.999999999999995e-03,-5.204170427930421e-18
16200,17,3.500000000000000e-03,3.499999999999998e-03,2.168404344971009e-18
16200,18,3.000000000000000e-03,2.999999999999991e-03,8.673617379884035e-18
16200,19,-2.500000000000000e-03,-2.499999999999997e-03,-3.469446951953614e-18
16200,20,2.000000000000000e-03,1.999999999999987e-03,1.301042606982605e-17
16200,21,1.800000000000000e-03,1.800000000000001e-03,-1.517883041479706e-18
16200,22,-1.500000000000000e-03,-1.500000000000004e-03,4.336808689942018e-18
16200,23,1.200000000000000e-03,1.199999999999998e-03,1.517883041479706e-18
16200,24,1.000000000000000e-03,9.999999999999994e-04,6.505213034913027e-19
16200,25,-8.000000000000000e-04,-8.000000000000006e-04,5.421010862427522e-19
16200,26,5.999999999999999e-04,5.999999999999981e-04,1.843143693225358e-18
16200,27,5.000000000000000e-04,5.000000000000011e-04,-1.084202172485504e-18
16200,28,-4.000000000000000e-04,-4.000000000000028e-04,2.764715539838036e-18
16200,29,3.000000000000000e-04,3.000000000000108e-04,-1.078781161623077e-17
16300,0,1.200000000000000e-01,1.200000000000000e-01,-2.775557561562891e-17
16300,1,-8.000000000000000e-02,-8.000000000000006e-02,5.551115123125783e-17
16300,2,5.500000000000000e-02,5.499999999999999e-02,6.938893903907228e-18
16300,3,4.000000000000000e-02,3.999999999999999e-02,6.938893903907228e-18
16300,4,-3.000000000000000e-02,-2.999999999999999e-02,-1.387778780781446e-17
16300,5,2.500000000000000e-02,2.499999999999999e-02,6.938893903907228e-18
16300,6,2.000000000000000e-02,1.999999999999999e-02,6.938893903907228e-18
16300,7,-1.800000000000000e-02,-1.800000000000000e-02,0.000000000000000e+00
16300,8,1.500000000000000e-02,1.500000000000000e-02,1.734723475976807e-18
16300,9,1.200000000000000e-02,1.200000000000000e-02,-1.734723475976807e-18
16300,10,-1.000000000000000e-02,-1.000000000000000e-02,0.000000000000000e+00
16300,11,8.999999999999999e-03,8.999999999999998e-03,1.734723475976807e-18
16300,12,8.000000000000000e-03,7.999999999999993e-03,6.938893903907228e-18
16300,13,-7.000000000000000e-03,-7.000000000000000e-03,0.000000000000000e+00
16300,14,6.000000000000000e-03,6.000000000000003e-03,-2.602085213965211e-18
16300,15,5.000000000000000e-03,5.000000000000007e-03,-6.938893903907228e-18
16300,16,-4.000000000000000e-03,-4.000000000000010e-03,9.540979117872439e-18
16300,17,3.500000000000000e-03,3.499999999999993e-03,6.938893903907228e-18
16300,18,3.000000000000000e-03,3.000000000000007e-03,-7.372574772901430e-18
16300,19,-2.500000000000000e-03,-2.500000000000004e-03,3.469446951953614e-18
16300,20,2.000000000000000e-03,1.999999999999984e-03,1.561251128379126e-17
16300,21,1.800000000000000e-03,1.799999999999999e-03,1.084202172485504e-18
16300,22,-1.500000000000000e-03,-1.500000000000003e-03,3.252606517456513e-18
16300,23,1.200000000000000e-03,1.200000000000001e-03,-8.673617379884035e-19
16300,24,1.000000000000000e-03,1.000000000000005e-03,-4.987329993433320e-18
16300,25,-8.000000000000000e-04,-7.999999999999968e-04,-3.252606517456513e-18
16300,26,5.999999999999999e-04,6.000000000000019e-04,-1.951563910473908e-18
16300,27,5.000000000000000e-04,4.999999999999962e-04,3.794707603699266e-18
16300,28,-4.000000000000000e-04,-4.000000000000037e-04,3.686287386450715e-18
16300,29,3.000000000000000e-04,3.000000000000007e-04,-7.589415207398531e-19
16400,0,1.200000000000000e-01,1.200000000000000e-01,-2.775557561562891e-17
16400,1,-8.000000000000000e-02,-8.000000000000006e-02,5.551115123125783e-17
16400,2,5.500000000000000e-02,5.499999999999999e-02,1.387778780781446e-17
16400,3,4.000000000000000e-02,3.999999999999999e-02,6.938893903907228e-18
16400,4,-3.000000000000000e-02,-2.999999999999999e-02,-6.938893903907228e-18
16400,5,2.500000000000000e-02,2.499999999999999e-02,1.040834085586084e-17
16400,6,2.000000000000000e-02,1.999999999999999e-02,6.938893903907228e-18
16400,7,-1.800000000000000e-02,-1.800000000000000e-02,-3.469446951953614e-18
16400,8,1.500000000000000e-02,1.500000000000000e-02,1.734723475976807e-18
16400,9,1.200000000000000e-02,1.200000000000000e-02,3.469446951953614e-18
16400,10,-1.000000000000000e-02,-1.000000000000000e-02,3.469446951953614e-18
16400,11,8.999999999999999e-03,9.000000000000001e-03,-1.734723475976807e-18
16400,12,8.000000000000000e-03,8.000000000000004e-03,-3.469446951953614e-18
16400,13,-7.000000000000000e-03,-7.000000000000005e-03,5.204170427930421e-18
16400,14,6.000000000000000e-03,6.000000000000007e-03,-6.938893903907228e-18
16400,15,5.000000000000000e-03,5.000000000000008e-03,-7.806255641895632e-18
16400,16,-4.000000000000000e-03,-4.000000000000017e-03,1.647987302177967e-17
16400,17,3.500000000000000e-03,3.500000000000005e-03,-5.204170427930421e-18
16400,18,3.000000000000000e-03,2.999999999999994e-03,6.071532165918825e-18
16400,19,-2.500000000000000e-03,-2.499999999999997e-03,-2.602085213965211e-18
16400,20,2.000000000000000e-03,1.999999999999997e-03,3.035766082959412e-18
16400,21,1.800000000000000e-03,1.800000000000008e-03,-8.239936510889834e-18
16400,22,-1.500000000000000e-03,-1.500000000000002e-03,2.385244779468110e-18
16400,23,1.200000000000000e-03,1.199999999999992e-03,8.239936510889834e-18
16400,24,1.000000000000000e-03,1.000000000000005e-03,-4.987329993433320e-18
16400,25,-8.000000000000000e-04,-7.999999999999846e-04,-1.539567084929416e-17
16400,26,5.999999999999999e-04,5.999999999999970e-04,2.927345865710862e-18
16400,27,5.000000000000000e-04,5.000000000000071e-04,-7.047314121155779e-18
16400,28,-4.000000000000000e-04,-4.000000000000013e-04,1.246832498358330e-18
16400,29,3.000000000000000e-04,3.000000000000053e-04,-5.312590645178972e-18
16500,0,1.200000000000000e-01,1.200000000000000e-01,-2.775557561562891e-17
16500,1,-8.000000000000000e-02,-8.000000000000006e-02,5.551115123125783e-17
16500,2,5.500000000000000e-02,5.499999999999998e-02,2.081668171172169e-17
16500,3,4.000000000000000e-02,4.000000000000000e-02,0.000000000000000e+00
16500,4,-3.000000000000000e-02,-3.000000000000000e-02,0.000000000000000e+00
16500,5,2.500000000000000e-02,2.500000000000000e-02,0.000000000000000e+00
16500,6,2.000000000000000e-02,2.000000000000000e-02,0.000000000000000e+00
16500,7,-1.800000000000000e-02,-1.800000000000000e-02,3.469446951953614e-18
16500,8,1.500000000000000e-02,1.500000000000000e-02,-1.734723475976807e-18
16500,9,1.200000000000000e-02,1.200000000000000e-02,0.000000000000000e+00
16500,10,-1.000000000000000e-02,-1.000000000000000e-02,0.000000000000000e+00
16500,11,8.999999999999999e-03,8.999999999999994e-03,5.204170427930421e-18
16500,12,8.000000000000000e-03,8.000000000000000e-03,0.000000000000000e+00
16500,13,-7.000000000000000e-03,-7.000000000000005e-03,5.204170427930421e-18
16500,14,6.000000000000000e-03,6.000000000000006e-03,-6.071532165918825e-18
16500,15,5.000000000000000e-03,4.999999999999996e-03,4.336808689942018e-18
16500,16,-4.000000000000000e-03,-4.000000000000005e-03,5.204170427930421e-18
16500,17,3.500000000000000e-03,3.499999999999997e-03,3.035766082959412e-18
16500,18,3.000000000000000e-03,3.000000000000000e-03,0.000000000000000e+00
16500,19,-2.500000000000000e-03,-2.499999999999996e-03,-3.903127820947816e-18
16500,20,2.000000000000000e-03,1.999999999999997e-03,2.602085213965211e-18
16500,21,1.800000000000000e-03,1.799999999999988e-03,1.235990476633475e-17
16500,22,-1.500000000000000e-03,-1.500000000000010e-03,9.540979117872439e-18
16500,23,1.200000000000000e-03,1.199999999999995e-03,4.553649124439119e-18
16500,24,1.000000000000000e-03,1.000000000000010e-03,-9.974659986866641e-18
16500,25,-8.000000000000000e-04,-7.999999999999769e-04,-2.309350627394124e-17
16500,26,5.999999999999999e-04,6.000000000000066e-04,-6.613633252161577e-18
16500,27,5.000000000000000e-04,5.000000000000094e-04,-9.432558900623889e-18
16500,28,-4.000000000000000e-04,-3.999999999999992e-04,-8.673617379884035e-19
16500,29,3.000000000000000e-04,2.999999999999986e-04,1.355252715606881e-18
16600,0,1.200000000000000e-01,1.200000000000000e-01,-2.775557561562891e-17
16600,1,-8.000000000000000e-02,-8.000000000000006e-02,5.551115123125783e-17
16600,2,5.500000000000000e-02,5.499999999999998e-02,2.081668171172169e-17
16600,3,4.000000000000000e-02,3.999999999999999e-02,6.938893903907228e-18
16600,4,-3.000000000000000e-02,-3.000000000000000e-02,0.000000000000000e+00
16600,5,2.500000000000000e-02,2.500000000000002e-02,-1.734723475976807e-17
16600,6,2.000000000000000e-02,2.000000000000000e-02,0.000000000000000e+00
16600,7,-1.800000000000000e-02,-1.800000000000000e-02,3.469446951953614e-18
16600,8,1.500000000000000e-02,1.500000000000001e-02,-6.938893903907228e-18
16600,9,1.200000000000000e-02,1.200000000000001e-02,-6.938893903907228e-18
16600,10,-1.000000000000000e-02,-9.999999999999998e-03,-1.734723475976807e-18
16600,11,8.999999999999999e-03,8.999999999999998e-03,1.734723475976807e-18
16600,12,8.000000000000000e-03,8.000000000000005e-03,-5.204170427930421e-18
16600,13,-7.000000000000000e-03,-7.000000000000002e-03,1.734723475976807e-18
16600,14,6.000000000000000e-03,6.000000000000006e-03,-6.071532165918825e-18
16600,15,5.000000000000000e-03,4.999999999999996e-03,4.336808689942018e-18
16600,16,-4.000000000000000e-03,-3.999999999999994e-03,-6.071532165918825e-18
16600,17,3.500000000000000e-03,3.500000000000001e-03,-8.673617379884035e-19
16600,18,3.000000000000000e-03,2.999999999999997e-03,3.035766082959412e-18
16600,19,-2.500000000000000e-03,-2.500000000000010e-03,1.040834085586084e-17
16600,20,2.000000000000000e-03,2.000000000000001e-03,-8.673617379884035e-19
16600,21,1.800000000000000e-03,1.799999999999993e-03,6.722053469410127e-18
16600,22,-1.500000000000000e-03,-1.500000000000003e-03,2.602085213965211e-18
16600,23,1.200000000000000e-03,1.200000000000002e-03,-2.602085213965211e-18
16600,24,1.000000000000000e-03,1.000000000000010e-03,-9.974659986866641e-18
16600,25,-8.000000000000000e-04,-7.999999999999933e-04,-6.722053469410127e-18
16600,26,5.999999999999999e-04,6.000000000000073e-04,-7.372574772901430e-18
16600,27,5.000000000000000e-04,5.000000000000038e-04,-3.794707603699266e-18
16600,28,-4.000000000000000e-04,-3.999999999999958e-04,-4.228388472693467e-18
16600,29,3.000000000000000e-04,3.000000000000000e-04,-5.421010862427522e-20
16700,0,1.200000000000000e-01,1.200000000000000e-01,-2.775557561562891e-17
16700,1,-8.000000000000000e-02,-8.000000000000006e-02,5.551115123125783e-17
16700,2,5.500000000000000e-02,5.499999999999999e-02,1.387778780781446e-17
16700,3,4.000000000000000e-02,3.999999999999999e-02,1.387778780781446e-17
16700,4,-3.000000000000000e-02,-3.000000000000000e-02,-3.469446951953614e-18
16700,5,2.500000000000000e-02,2.500000000000002e-02,-1.387778780781446e-17
16700,6,2.000000000000000e-02,2.000000000000000e-02,-3.469446951953614e-18
16700,7,-1.800000000000000e-02,-1.800000000000001e-02,1.040834085586084e-17
16700,8,1.500000000000000e-02,1.500000000000000e-02,-3.469446951953614e-18
16700,9,1.200000000000000e-02,1.200000000000001e-02,-8.673617379884035e-18
16700,10,-1.000000000000000e-02,-1.000000000000001e-02,5.204170427930421e-18
16700,11,8.999999999999999e-03,8.999999999999996e-03,3.469446951953614e-18
16700,12,8.000000000000000e-03,8.000000000000002e-03,-1.734723475976807e-18
16700,13,-7.000000000000000e-03,-6.999999999999997e-03,-3.469446951953614e-18
16700,14,6.000000000000000e-03,5.999999999999998e-03,1.734723475976807e-18
16700,15,5.000000000000000e-03,4.999999999999991e-03,8.673617379884035e-18
16700,16,-4.000000000000000e-03,-3.999999999999998e-03,-1.734723475976807e-18
16700,17,3.500000000000000e-03,3.500000000000004e-03,-4.336808689942018e-18
16700,18,3.000000000000000e-03,2.999999999999991e-03,8.673617379884035e-18
16700,19,-2.500000000000000e-03,-2.500000000000008e-03,7.806255641895632e-18
16700,20,2.000000000000000e-03,1.999999999999998e-03,2.168404344971009e-18
16700,21,1.800000000000000e-03,1.800000000000007e-03,-6.722053469410127e-18
16700,22,-1.500000000000000e-03,-1.500000000000010e-03,1.040834085586084e-17
16700,23,1.200000000000000e-03,1.200000000000007e-03,-6.722053469410127e-18
16700,24,1.000000000000000e-03,1.000000000000011e-03,-1.105886215935215e-17
16700,25,-8.000000000000000e-04,-7.999999999999932e-04,-6.830473686658678e-18
16700,26,5.999999999999999e-04,5.999999999999953e-04,4.662069341687669e-18
16700,27,5.000000000000000e-04,5.000000000000102e-04,-1.019150042136374e-17
16700,28,-4.000000000000000e-04,-4.000000000000038e-04,3.740497495074990e-18
16700,29,3.000000000000000e-04,3.000000000000002e-04,-2.710505431213761e-19
16800,0,1.200000000000000e-01,1.200000000000000e-01,-2.775557561562891e-17
16800,1,-8.000000000000000e-02,-8.000000000000006e-02,5.551115123125783e-17
16800,2,5.500000000000000e-02,5.499999999999998e-02,2.081668171172169e-17
16800,3,4.000000000000000e-02,3.999999999999999e-02,6.938893903907228e-18
16800,4,-3.000000000000000e-02,-3.000000000000000e-02,-3.469446951953614e-18
16800,5,2.500000000000000e-02,2.500000000000000e-02,-3.469446951953614e-18
16800,6,2.000000000000000e-02,1.999999999999999e-02,6.938893903907228e-18
16800,7,-1.800000000000000e-02,-1.800000000000000e-02,0.000000000000000e+00
16800,8,1.500000000000000e-02,1.500000000000000e-02,0.000000000000000e+00
16800,9,1.200000000000000e-02,1.200000000000000e-02,0.000000000000000e+00
16800,10,-1.000000000000000e-02,-1.000000000000000e-02,3.469446951953614e-18
16800,11,8.999999999999999e-03,9.000000000000005e-03,-5.204170427930421e-18
16800,12,8.000000000000000e-03,8.000000000000007e-03,-6.938893903907228e-18
16800,13,-7.000000000000000e-03,-6.999999999999991e-03,-8.673617379884035e-18
16800,14,6.000000000000000e-03,5.999999999999998e-03,1.734723475976807e-18
16800,15,5.000000000000000e-03,4.999999999999994e-03,6.071532165918825e-18
16800,16,-4.000000000000000e-03,-3.999999999999995e-03,-5.204170427930421e-18
16800,17,3.500000000000000e-03,3.499999999999997e-03,3.035766082959412e-18
16800,18,3.000000000000000e-03,2.999999999999993e-03,6.938893903907228e-18
16800,19,-2.500000000000000e-03,-2.499999999999995e-03,-4.770489558936220e-18
16800,20,2.000000000000000e-03,1.999999999999995e-03,4.770489558936220e-18
16800,21,1.800000000000000e-03,1.800000000000007e-03,-6.938893903907228e-18
16800,22,-1.500000000000000e-03,-1.500000000000012e-03,1.235990476633475e-17
16800,23,1.200000000000000e-03,1.200000000000001e-03,-1.084202172485504e-18
16800,24,1.000000000000000e-03,1.000000000000005e-03,-4.770489558936220e-18
16800,25,-8.000000000000000e-04,-7.999999999999960e-04,-4.011548038196366e-18
16800,26,5.999999999999999e-04,5.999999999999875e-04,1.246832498358330e-17
16800,27,5.000000000000000e-04,5.000000000000049e-04,-4.878909776184770e-18
16800,28,-4.000000000000000e-04,-4.000000000000009e-04,8.673617379884035e-19
16800,29,3.000000000000000e-04,3.000000000000086e-04,-8.673617379884035e-18
16900,0,1.200000000000000e-01,1.200000000000000e-01,-2.775557561562891e-17
16900,1,-8.000000000000000e-02,-8.000000000000006e-02,5.551115123125783e-17
16900,2,5.500000000000000e-02,5.499999999999998e-02,2.081668171172169e-17
16900,3,4.000000000000000e-02,3.999999999999999e-02,6.938893903907228e-18
16900,4,-3.000000000000000e-02,-2.999999999999999e-02,-6.938893903907228e-18
16900,5,2.500000000000000e-02,2.500000000000001e-02,-1.040834085586084e-17
16900,6,2.000000000000000e-02,1.999999999999999e-02,6.938893903907228e-18
16900,7,-1.800000000000000e-02,-1.800000000000000e-02,-3.469446951953614e-18
16900,8,1.500000000000000e-02,1.500000000000001e-02,-6.938893903907228e-18
16900,9,1.200000000000000e-02,1.200000000000000e-02,0.000000000000000e+00
16900,10,-1.000000000000000e-02,-1.000000000000001e-02,5.204170427930421e-18
16900,11,8.999999999999999e-03,9.000000000000006e-03,-6.938893903907228e-18
16900,12,8.000000000000000e-03,8.000000000000007e-03,-6.938893903907228e-18
16900,13,-7.000000000000000e-03,-6.999999999999994e-03,-6.071532165918825e-18
16900,14,6.000000000000000e-03,6.000000000000001e-03,-8.673617379884035e-19
16900,15,5.000000000000000e-03,5.000000000000000e-03,0.000000000000000e+00
16900,16,-4.000000000000000e-03,-3.999999999999999e-03,-8.673617379884035e-19
16900,17,3.500000000000000e-03,3.499999999999994e-03,5.637851296924623e-18
16900,18,3.000000000000000e-03,2.999999999999992e-03,7.806255641895632e-18
16900,19,-2.500000000000000e-03,-2.499999999999995e-03,-4.770489558936220e-18
16900,20,2.000000000000000e-03,1.999999999999994e-03,6.071532165918825e-18
16900,21,1.800000000000000e-03,1.800000000000006e-03,-6.071532165918825e-18
16900,22,-1.500000000000000e-03,-1.500000000000006e-03,5.854691731421724e-18
16900,23,1.200000000000000e-03,1.199999999999995e-03,4.770489558936220e-18
16900,24,1.000000000000000e-03,1.000000000000001e-03,-1.301042606982605e-18
16900,25,-8.000000000000000e-04,-8.000000000000016e-04,1.517883041479706e-18
16900,26,5.999999999999999e-04,5.999999999999866e-04,1.333568672157170e-17
16900,27,5.000000000000000e-04,5.000000000000046e-04,-4.553649124439119e-18
16900,28,-4.000000000000000e-04,-3.999999999999971e-04,-2.873135757086587e-18
16900,29,3.000000000000000e-04,2.999999999999996e-04,3.252606517456513e-19
17000,0,1.200000000000000e-01,1.200000000000000e-01,-2.775557561562891e-17
17000,1,-8.000000000000000e-02,-8.000000000000006e-02,5.551115123125783e-17
17000,2,5.500000000000000e-02,5.499999999999998e-02,2.081668171172169e-17
17000,3,4.000000000000000e-02,3.999999999999999e-02,6.938893903907228e-18
17000,4,-3.000000000000000e-02,-3.000000000000000e-02,0.000000000000000e+00
17000,5,2.500000000000000e-02,2.500000000000001e-02,-6.938893903907228e-18
17000,6,2.000000000000000e-02,2.000000000000000e-02,3.469446951953614e-18
17000,7,-1.800000000000000e-02,-1.800000000000000e-02,3.469446951953614e-18
17000,8,1.500000000000000e-02,1.500000000000001e-02,-8.673617379884035e-18
17000,9,1.200000000000000e-02,1.200000000000000e-02,5.204170427930421e-18
17000,10,-1.000000000000000e-02,-1.000000000000000e-02,3.469446951953614e-18
17000,11,8.999999999999999e-03,9.000000000000006e-03,-6.938893903907228e-18
17000,12,8.000000000000000e-03,7.999999999999997e-03,3.469446951953614e-18
17000,13,-7.000000000000000e-03,-6.999999999999991e-03,-9.540979117872439e-18
17000,14,6.000000000000000e-03,5.999999999999999e-03,8.673617379884035e-19
17000,15,5.000000000000000e-03,4.999999999999993e-03,6.938893903907228e-18
17000,16,-4.000000000000000e-03,-3.999999999999998e-03,-1.734723475976807e-18
17000,17,3.500000000000000e-03,3.499999999999998e-03,1.734723475976807e-18
17000,18,3.000000000000000e-03,2.999999999999990e-03,1.040834085586084e-17
17000,19,-2.500000000000000e-03,-2.499999999999993e-03,-6.938893903907228e-18
17000,20,2.000000000000000e-03,1.999999999999996e-03,3.903127820947816e-18
17000,21,1.800000000000000e-03,1.800000000000008e-03,-8.239936510889834e-18
17000,22,-1.500000000000000e-03,-1.499999999999997e-03,-2.602085213965211e-18
17000,23,1.200000000000000e-03,1.199999999999997e-03,2.602085213965211e-18
17000,24,1.000000000000000e-03,9.999999999999950e-04,4.987329993433320e-18
17000,25,-8.000000000000000e-04,-7.999999999999974e-04,-2.602085213965211e-18
17000,26,5.999999999999999e-04,5.999999999999939e-04,6.071532165918825e-18
17000,27,5.000000000000000e-04,4.999999999999983e-04,1.734723475976807e-18
17000,28,-4.000000000000000e-04,-3.999999999999969e-04,-3.144186300207963e-18
17000,29,3.000000000000000e-04,3.000000000000046e-04,-4.607859233063394e-18
17100,0,1.200000000000000e-01,1.200000000000000e-01,-2.775557561562891e-17
17100,1,-8.000000000000000e-02,-8.000000000000006e-02,5.551115123125783e-17
17100,2,5.500000000000000e-02,5.499999999999998e-02,2.081668171172169e-17
17100,3,4.000000000000000e-02,3.999999999999999e-02,6.938893903907228e-18
17100,4,-3.000000000000000e-02,-3.000000000000001e-02,6.938893903907228e-18
17100,5,2.500000000000000e-02,2.500000000000000e-02,-3.469446951953614e-18
17100,6,2.000000000000000e-02,2.000000000000000e-02,-3.469446951953614e-18
17100,7,-1.800000000000000e-02,-1.800000000000000e-02,-3.469446951953614e-18
17100,8,1.500000000000000e-02,1.499999999999999e-02,6.938893903907228e-18
17100,9,1.200000000000000e-02,1.200000000000000e-02,3.469446951953614e-18
17100,10,-1.000000000000000e-02,-1.000000000000001e-02,8.673617379884035e-18
17100,11,8.999999999999999e-03,9.000000000000010e-03,-1.040834085586084e-17
17100,12,8.000000000000000e-03,8.000000000000002e-03,-1.734723475976807e-18
17100,13,-7.000000000000000e-03,-6.999999999999991e-03,-9.540979117872439e-18
17100,14,6.000000000000000e-03,5.999999999999998e-03,2.602085213965211e-18
17100,15,5.000000000000000e-03,4.999999999999995e-03,5.204170427930421e-18
17100,16,-4.000000000000000e-03,-4.000000000000002e-03,1.734723475976807e-18
17100,17,3.500000000000000e-03,3.499999999999998e-03,1.734723475976807e-18
17100,18,3.000000000000000e-03,3.000000000000003e-03,-3.035766082959412e-18
17100,19,-2.500000000000000e-03,-2.499999999999993e-03,-6.938893903907228e-18
17100,20,2.000000000000000e-03,1.999999999999997e-03,3.035766082959412e-18
17100,21,1.800000000000000e-03,1.800000000000000e-03,-2.168404344971009e-19
17100,22,-1.500000000000000e-03,-1.499999999999998e-03,-2.385244779468110e-18
17100,23,1.200000000000000e-03,1.200000000000001e-03,-1.084202172485504e-18
17100,24,1.000000000000000e-03,1.000000000000003e-03,-3.035766082959412e-18
17100,25,-8.000000000000000e-04,-8.000000000000069e-04,6.830473686658678e-18
17100,26,5.999999999999999e-04,5.999999999999959e-04,4.011548038196366e-18
17100,27,5.000000000000000e-04,4.999999999999963e-04,3.686287386450715e-18
17100,28,-4.000000000000000e-04,-4.000000000000049e-04,4.878909776184770e-18
17100,29,3.000000000000000e-04,3.000000000000053e-04,-5.312590645178972e-18
17200,0,1.200000000000000e-01,1.200000000000000e-01,-2.775557561562891e-17
17200,1,-8.000000000000000e-02,-8.000000000000006e-02,5.551115123125783e-17
17200,2,5.500000000000000e-02,5.499999999999999e-02,1.387778780781446e-17
17200,3,4.000000000000000e-02,3.999999999999999e-02,6.938893903907228e-18
17200,4,-3.000000000000000e-02,-3.000000000000000e-02,3.469446951953614e-18
17200,5,2.500000000000000e-02,2.500000000000001e-02,-6.938893903907228e-18
17200,6,2.000000000000000e-02,2.000000000000000e-02,-3.469446951953614e-18
17200,7,-1.800000000000000e-02,-1.800000000000001e-02,6.938893903907228e-18
17200,8,1.500000000000000e-02,1.500000000000000e-02,-1.734723475976807e-18
17200,9,1.200000000000000e-02,1.200000000000000e-02,3.469446951953614e-18
17200,10,-1.000000000000000e-02,-9.999999999999998e-03,-1.734723475976807e-18
17200,11,8.999999999999999e-03,8.999999999999996e-03,3.469446951953614e-18
17200,12,8.000000000000000e-03,7.999999999999993e-03,6.938893903907228e-18
17200,13,-7.000000000000000e-03,-6.999999999999995e-03,-5.204170427930421e-18
17200,14,6.000000000000000e-03,6.000000000000013e-03,-1.301042606982605e-17
17200,15,5.000000000000000e-03,5.000000000000006e-03,-6.071532165918825e-18
17200,16,-4.000000000000000e-03,-4.000000000000005e-03,5.204170427930421e-18
17200,17,3.500000000000000e-03,3.500000000000001e-03,-8.673617379884035e-19
17200,18,3.000000000000000e-03,3.000000000000003e-03,-2.602085213965211e-18
17200,19,-2.500000000000000e-03,-2.499999999999999e-03,-8.673617379884035e-19
17200,20,2.000000000000000e-03,2.000000000000000e-03,-4.336808689942018e-19
17200,21,1.800000000000000e-03,1.799999999999999e-03,6.505213034913027e-19
17200,22,-1.500000000000000e-03,-1.500000000000001e-03,1.301042606982605e-18
17200,23,1.200000000000000e-03,1.199999999999996e-03,3.469446951953614e-18
17200,24,1.000000000000000e-03,1.000000000000001e-03,-8.673617379884035e-19
17200,25,-8.000000000000000e-04,-8.000000000000039e-04,3.903127820947816e-18
17200,26,5.999999999999999e-04,5.999999999999943e-04,5.637851296924623e-18
17200,27,5.000000000000000e-04,4.999999999999963e-04,3.686287386450715e-18
17200,28,-4.000000000000000e-04,-3.999999999999971e-04,-2.927345865710862e-18
17200,29,3.000000000000000e-04,3.000000000000083e-04,-8.294146619514109e-18
17300,0,1.200000000000000e-01,1.200000000000000e-01,-2.775557561562891e-17
17300,1,-8.000000000000000e-02,-8.000000000000006e-02,5.551115123125783e-17
17300,2,5.500000000000000e-02,5.499999999999999e-02,1.387778780781446e-17
17300,3,4.000000000000000e-02,4.000000000000000e-02,0.000000000000000e+00
17300,4,-3.000000000000000e-02,-3.000000000000000e-02,-3.469446951953614e-18
17300,5,2.500000000000000e-02,2.500000000000000e-02,0.000000000000000e+00
17300,6,2.000000000000000e-02,2.000000000000001e-02,-1.040834085586084e-17
17300,7,-1.800000000000000e-02,-1.799999999999999e-02,-6.938893903907228e-18
17300,8,1.500000000000000e-02,1.500000000000000e-02,0.000000000000000e+00
17300,9,1.200000000000000e-02,1.200000000000001e-02,-6.938893903907228e-18
17300,10,-1.000000000000000e-02,-9.999999999999988e-03,-1.214306433183765e-17
17300,11,8.999999999999999e-03,8.999999999999992e-03,6.938893903907228e-18
17300,12,8.000000000000000e-03,7.999999999999988e-03,1.214306433183765e-17
17300,13,-7.000000000000000e-03,-6.999999999999997e-03,-3.469446951953614e-18
17300,14,6.000000000000000e-03,6.000000000000015e-03,-1.474514954580286e-17
17300,15,5.000000000000000e-03,5.000000000000002e-03,-1.734723475976807e-18
17300,16,-4.000000000000000e-03,-4.000000000000002e-03,1.734723475976807e-18
17300,17,3.500000000000000e-03,3.499999999999999e-03,8.673617379884035e-19
17300,18,3.000000000000000e-03,2.999999999999995e-03,4.770489558936220e-18
17300,19,-2.500000000000000e-03,-2.499999999999998e-03,-1.734723475976807e-18
17300,20,2.000000000000000e-03,1.999999999999999e-03,8.673617379884035e-19
17300,21,1.800000000000000e-03,1.799999999999998e-03,2.168404344971009e-18
17300,22,-1.500000000000000e-03,-1.500000000000003e-03,2.818925648462312e-18
17300,23,1.200000000000000e-03,1.200000000000004e-03,-4.119968255444917e-18
17300,24,1.000000000000000e-03,9.999999999999976e-04,2.385244779468110e-18
17300,25,-8.000000000000000e-04,-7.999999999999975e-04,-2.493664996716660e-18
17300,26,5.999999999999999e-04,6.000000000000015e-04,-1.517883041479706e-18
17300,27,5.000000000000000e-04,4.999999999999931e-04,6.938893903907228e-18
17300,28,-4.000000000000000e-04,-3.999999999999928e-04,-7.264154555652880e-18
17300,29,3.000000000000000e-04,2.999999999999958e-04,4.174178364069192e-18
17400,0,1.200000000000000e-01,1.200000000000000e-01,-2.775557561562891e-17
17400,1,-8.000000000000000e-02,-8.000000000000006e-02,5.551115123125783e-17
17400,2,5.500000000000000e-02,5.499999999999999e-02,1.387778780781446e-17
17400,3,4.000000000000000e-02,4.000000000000000e-02,0.000000000000000e+00
17400,4,-3.000000000000000e-02,-3.000000000000000e-02,3.469446951953614e-18
17400,5,2.500000000000000e-02,2.500000000000000e-02,-3.469446951953614e-18
17400,6,2.000000000000000e-02,2.000000000000001e-02,-6.938893903907228e-18
17400,7,-1.800000000000000e-02,-1.799999999999999e-02,-6.938893903907228e-18
17400,8,1.500000000000000e-02,1.500000000000000e-02,-1.734723475976807e-18
17400,9,1.200000000000000e-02,1.199999999999999e-02,6.938893903907228e-18
17400,10,-1.000000000000000e-02,-9.999999999999992e-03,-8.673617379884035e-18
17400,11,8.999999999999999e-03,8.999999999999998e-03,1.734723475976807e-18
17400,12,8.000000000000000e-03,7.999999999999998e-03,1.734723475976807e-18
17400,13,-7.000000000000000e-03,-7.000000000000003e-03,2.602085213965211e-18
17400,14,6.000000000000000e-03,6.000000000000011e-03,-1.127570259384925e-17
17400,15,5.000000000000000e-03,4.999999999999999e-03,8.673617379884035e-19
17400,16,-4.000000000000000e-03,-3.999999999999991e-03,-8.673617379884035e-18
17400,17,3.500000000000000e-03,3.500000000000000e-03,0.000000000000000e+00
17400,18,3.000000000000000e-03,2.999999999999996e-03,4.336808689942018e-18
17400,19,-2.500000000000000e-03,-2.500000000000003e-03,2.602085213965211e-18
17400,20,2.000000000000000e-03,1.999999999999999e-03,8.673617379884035e-19
17400,21,1.800000000000000e-03,1.800000000000000e-03,2.168404344971009e-19
17400,22,-1.500000000000000e-03,-1.500000000000005e-03,5.204170427930421e-18
17400,23,1.200000000000000e-03,1.200000000000003e-03,-3.035766082959412e-18
17400,24,1.000000000000000e-03,1.000000000000000e-03,0.000000000000000e+00
17400,25,-8.000000000000000e-04,-7.999999999999913e-04,-8.782037597132586e-18
17400,26,5.999999999999999e-04,6.000000000000020e-04,-2.059984127722458e-18
17400,27,5.000000000000000e-04,4.999999999999988e-04,1.192622389734055e-18
17400,28,-4.000000000000000e-04,-3.999999999999947e-04,-5.312590645178972e-18
17400,29,3.000000000000000e-04,2.999999999999998e-04,2.168404344971009e-19
17500,0,1.200000000000000e-01,1.200000000000000e-01,-2.775557561562891e-17
17500,1,-8.000000000000000e-02,-8.000000000000006e-02,5.551115123125783e-17
17500,2,5.500000000000000e-02,5.499999999999999e-02,1.387778780781446e-17
17500,3,4.000000000000000e-02,4.000000000000000e-02,0.000000000000000e+00
17500,4,-3.000000000000000e-02,-3.000000000000000e-02,3.469446951953614e-18
17500,5,2.500000000000000e-02,2.500000000000000e-02,-3.469446951953614e-18
17500,6,2.000000000000000e-02,2.000000000000000e-02,0.000000000000000e+00
17500,7,-1.800000000000000e-02,-1.800000000000000e-02,3.469446951953614e-18
17500,8,1.500000000000000e-02,1.499999999999999e-02,1.040834085586084e-17
17500,9,1.200000000000000e-02,1.200000000000000e-02,1.734723475976807e-18
17500,10,-1.000000000000000e-02,-9.999999999999997e-03,-3.469446951953614e-18
17500,11,8.999999999999999e-03,9.000000000000010e-03,-1.040834085586084e-17
17500,12,8.000000000000000e-03,8.000000000000005e-03,-5.204170427930421e-18
17500,13,-7.000000000000000e-03,-7.000000000000003e-03,2.602085213965211e-18
17500,14,6.000000000000000e-03,6.000000000000003e-03,-2.602085213965211e-18
17500,15,5.000000000000000e-03,4.999999999999996e-03,4.336808689942018e-18
17500,16,-4.000000000000000e-03,-4.000000000000008e-03,7.806255641895632e-18
17500,17,3.500000000000000e-03,3.500000000000002e-03,-1.734723475976807e-18
17500,18,3.000000000000000e-03,2.999999999999992e-03,8.239936510889834e-18
17500,19,-2.500000000000000e-03,-2.500000000000005e-03,5.204170427930421e-18
17500,20,2.000000000000000e-03,2.000000000000006e-03,-6.071532165918825e-18
17500,21,1.800000000000000e-03,1.799999999999998e-03,2.168404344971009e-18
17500,22,-1.500000000000000e-03,-1.500000000000009e-03,9.324138683375338e-18
17500,23,1.200000000000000e-03,1.199999999999992e-03,8.239936510889834e-18
17500,24,1.000000000000000e-03,1.000000000000014e-03,-1.387778780781446e-17
17500,25,-8.000000000000000e-04,-8.000000000000054e-04,5.312590645178972e-18
17500,26,5.999999999999999e-04,5.999999999999951e-04,4.878909776184770e-18
17500,27,5.000000000000000e-04,4.999999999999925e-04,7.480994990149981e-18
17500,28,-4.000000000000000e-04,-3.999999999999954e-04,-4.607859233063394e-18
17500,29,3.000000000000000e-04,3.000000000000028e-04,-2.873135757086587e-18
17600,0,1.200000000000000e-01,1.200000000000000e-01,-2.775557561562891e-17
17600,1,-8.000000000000000e-02,-8.000000000000006e-02,5.551115123125783e-17
17600,2,5.500000000000000e-02,5.499999999999999e-02,1.387778780781446e-17
17600,3,4.000000000000000e-02,4.000000000000000e-02,0.000000000000000e+00
17600,4,-3.000000000000000e-02,-3.000000000000000e-02,0.000000000000000e+00
17600,5,2.500000000000000e-02,2.500000000000000e-02,3.469446951953614e-18
17600,6,2.000000000000000e-02,2.000000000000001e-02,-6.938893903907228e-18
17600,7,-1.800000000000000e-02,-1.800000000000000e-02,0.000000000000000e+00
17600,8,1.500000000000000e-02,1.499999999999999e-02,6.938893903907228e-18
17600,9,1.200000000000000e-02,1.199999999999999e-02,1.387778780781446e-17
17600,10,-1.000000000000000e-02,-9.999999999999992e-03,-8.673617379884035e-18
17600,11,8.999999999999999e-03,9.000000000000005e-03,-5.204170427930421e-18
17600,12,8.000000000000000e-03,7.999999999999997e-03,3.469446951953614e-18
17600,13,-7.000000000000000e-03,-6.999999999999996e-03,-4.336808689942018e-18
17600,14,6.000000000000000e-03,6.000000000000003e-03,-2.602085213965211e-18
17600,15,5.000000000000000e-03,5.000000000000005e-03,-5.204170427930421e-18
17600,16,-4.000000000000000e-03,-3.999999999999996e-03,-4.336808689942018e-18
17600,17,3.500000000000000e-03,3.500000000000000e-03,0.000000000000000e+00
17600,18,3.000000000000000e-03,3.000000000000003e-03,-3.035766082959412e-18
17600,19,-2.500000000000000e-03,-2.500000000000000e-03,-4.336808689942018e-19
17600,20,2.000000000000000e-03,2.000000000000002e-03,-2.168404344971009e-18
17600,21,1.800000000000000e-03,1.800000000000006e-03,-6.505213034913027e-18
17600,22,-1.500000000000000e-03,-1.500000000000003e-03,3.035766082959412e-18
17600,23,1.200000000000000e-03,1.199999999999998e-03,1.951563910473908e-18
17600,24,1.000000000000000e-03,1.000000000000006e-03,-6.071532165918825e-18
17600,25,-8.000000000000000e-04,-7.999999999999942e-04,-5.854691731421724e-18
17600,26,5.999999999999999e-04,5.999999999999837e-04,1.626303258728257e-17
17600,27,5.000000000000000e-04,4.999999999999969e-04,3.144186300207963e-18
17600,28,-4.000000000000000e-04,-3.999999999999999e-04,-1.084202172485504e-19
17600,29,3.000000000000000e-04,2.999999999999951e-04,4.824699667560495e-18
17700,0,1.200000000000000e-01,1.200000000000000e-01,-2.775557561562891e-17
17700,1,-8.000000000000000e-02,-8.000000000000006e-02,5.551115123125783e-17
17700,2,5.500000000000000e-02,5.499999999999999e-02,1.387778780781446e-17
17700,3,4.000000000000000e-02,4.000000000000000e-02,0.000000000000000e+00
17700,4,-3.000000000000000e-02,-3.000000000000000e-02,0.000000000000000e+00
17700,5,2.500000000000000e-02,2.499999999999998e-02,1.734723475976807e-17
17700,6,2.000000000000000e-02,2.000000000000000e-02,0.000000000000000e+00
17700,7,-1.800000000000000e-02,-1.799999999999999e-02,-1.040834085586084e-17
17700,8,1.500000000000000e-02,1.500000000000001e-02,-1.040834085586084e-17
17700,9,1.200000000000000e-02,1.199999999999999e-02,8.673617379884035e-18
17700,10,-1.000000000000000e-02,-9.999999999999992e-03,-8.673617379884035e-18
17700,11,8.999999999999999e-03,9.000000000000001e-03,-1.734723475976807e-18
17700,12,8.000000000000000e-03,8.000000000000004e-03,-3.469446951953614e-18
17700,13,-7.000000000000000e-03,-6.999999999999995e-03,-5.204170427930421e-18
17700,14,6.000000000000000e-03,6.000000000000004e-03,-3.469446951953614e-18
17700,15,5.000000000000000e-03,5.000000000000000e-03,0.000000000000000e+00
17700,16,-4.000000000000000e-03,-4.000000000000000e-03,0.000000000000000e+00
17700,17,3.500000000000000e-03,3.499999999999993e-03,7.372574772901430e-18
17700,18,3.000000000000000e-03,3.000000000000003e-03,-2.602085213965211e-18
17700,19,-2.500000000000000e-03,-2.499999999999996e-03,-4.336808689942018e-18
17700,20,2.000000000000000e-03,1.999999999999988e-03,1.170938346284345e-17
17700,21,1.800000000000000e-03,1.800000000000001e-03,-6.505213034913027e-19
17700,22,-1.500000000000000e-03,-1.499999999999995e-03,-4.553649124439119e-18
17700,23,1.200000000000000e-03,1.200000000000004e-03,-3.903127820947816e-18
17700,24,1.000000000000000e-03,1.000000000000003e-03,-3.252606517456513e-18
17700,25,-8.000000000000000e-04,-7.999999999999977e-04,-2.385244779468110e-18
17700,26,5.999999999999999e-04,5.999999999999877e-04,1.225148454908620e-17
17700,27,5.000000000000000e-04,4.999999999999901e-04,9.866239769618090e-18
17700,28,-4.000000000000000e-04,-3.999999999999929e-04,-7.101524229780054e-18
17700,29,3.000000000000000e-04,3.000000000000075e-04,-7.480994990149981e-18
17800,0,1.200000000000000e-01,1.200000000000000e-01,-2.775557561562891e-17
17800,1,-8.000000000000000e-02,-8.000000000000006e-02,5.551115123125783e-17
17800,2,5.500000000000000e-02,5.499999999999999e-02,6.938893903907228e-18
17800,3,4.000000000000000e-02,3.999999999999999e-02,6.938893903907228e-18
17800,4,-3.000000000000000e-02,-3.000000000000000e-02,-3.469446951953614e-18
17800,5,2.500000000000000e-02,2.499999999999999e-02,1.040834085586084e-17
17800,6,2.000000000000000e-02,2.000000000000000e-02,-3.469446951953614e-18
17800,7,-1.800000000000000e-02,-1.800000000000000e-02,-3.469446951953614e-18
17800,8,1.500000000000000e-02,1.500000000000000e-02,1.734723475976807e-18
17800,9,1.200000000000000e-02,1.200000000000000e-02,-1.734723475976807e-18
17800,10,-1.000000000000000e-02,-9.999999999999995e-03,-5.204170427930421e-18
17800,11,8.999999999999999e-03,8.999999999999991e-03,8.673617379884035e-18
17800,12,8.000000000000000e-03,8.000000000000012e-03,-1.214306433183765e-17
17800,13,-7.000000000000000e-03,-7.000000000000003e-03,2.602085213965211e-18
17800,14,6.000000000000000e-03,5.999999999999992e-03,7.806255641895632e-18
17800,15,5.000000000000000e-03,5.000000000000006e-03,-6.071532165918825e-18
17800,16,-4.000000000000000e-03,-3.999999999999997e-03,-2.602085213965211e-18
17800,17,3.500000000000000e-03,3.499999999999997e-03,3.469446951953614e-18
17800,18,3.000000000000000e-03,3.000000000000003e-03,-3.035766082959412e-18
17800,19,-2.500000000000000e-03,-2.499999999999987e-03,-1.344410693882025e-17
17800,20,2.000000000000000e-03,1.999999999999991e-03,8.673617379884035e-18
17800,21,1.800000000000000e-03,1.799999999999997e-03,2.602085213965211e-18
17800,22,-1.500000000000000e-03,-1.500000000000000e-03,2.168404344971009e-19
17800,23,1.200000000000000e-03,1.200000000000004e-03,-4.553649124439119e-18
17800,24,1.000000000000000e-03,9.999999999999955e-04,4.553649124439119e-18
17800,25,-8.000000000000000e-04,-7.999999999999961e-04,-3.903127820947816e-18
17800,26,5.999999999999999e-04,6.000000000000036e-04,-3.686287386450715e-18
17800,27,5.000000000000000e-04,4.999999999999921e-04,7.914675859144182e-18
17800,28,-4.000000000000000e-04,-3.999999999999974e-04,-2.656295322589486e-18
17800,29,3.000000000000000e-04,2.999999999999944e-04,5.583641188300348e-18
17900,0,1.200000000000000e-01,1.200000000000000e-01,-2.775557561562891e-17
17900,1,-8.000000000000000e-02,-8.000000000000006e-02,5.551115123125783e-17
17900,2,5.500000000000000e-02,5.499999999999999e-02,6.938893903907228e-18
17900,3,4.000000000000000e-02,3.999999999999999e-02,6.938893903907228e-18
17900,4,-3.000000000000000e-02,-3.000000000000000e-02,-3.469446951953614e-18
17900,5,2.500000000000000e-02,2.500000000000000e-02,3.469446951953614e-18
17900,6,2.000000000000000e-02,2.000000000000001e-02,-1.040834085586084e-17
17900,7,-1.800000000000000e-02,-1.799999999999999e-02,-1.040834085586084e-17
17900,8,1.500000000000000e-02,1.499999999999999e-02,5.204170427930421e-18
17900,9,1.200000000000000e-02,1.200000000000000e-02,0.000000000000000e+00
17900,10,-1.000000000000000e-02,-1.000000000000001e-02,5.204170427930421e-18
17900,11,8.999999999999999e-03,8.999999999999987e-03,1.214306433183765e-17
17900,12,8.000000000000000e-03,8.000000000000009e-03,-8.673617379884035e-18
17900,13,-7.000000000000000e-03,-7.000000000000015e-03,1.474514954580286e-17
17900,14,6.000000000000000e-03,6.000000000000001e-03,-8.673617379884035e-19
17900,15,5.000000000000000e-03,4.999999999999992e-03,7.806255641895632e-18
17900,16,-4.000000000000000e-03,-4.000000000000001e-03,8.673617379884035e-19
17900,17,3.500000000000000e-03,3.500000000000001e-03,-1.301042606982605e-18
17900,18,3.000000000000000e-03,2.999999999999996e-03,4.336808689942018e-18
17900,19,-2.500000000000000e-03,-2.499999999999995e-03,-5.204170427930421e-18
17900,20,2.000000000000000e-03,1.999999999999990e-03,9.974659986866641e-18
17900,21,1.800000000000000e-03,1.800000000000000e-03,-4.336808689942018e-19
17900,22,-1.500000000000000e-03,-1.500000000000003e-03,2.602085213965211e-18
17900,23,1.200000000000000e-03,1.200000000000005e-03,-5.421010862427522e-18
17900,24,1.000000000000000e-03,9.999999999999985e-04,1.517883041479706e-18
17900,25,-8.000000000000000e-04,-7.999999999999994e-04,-6.505213034913027e-19
17900,26,5.999999999999999e-04,6.000000000000058e-04,-5.854691731421724e-18
17900,27,5.000000000000000e-04,4.999999999999957e-04,4.336808689942018e-18
17900,28,-4.000000000000000e-04,-3.999999999999956e-04,-4.445228907190568e-18
17900,29,3.000000000000000e-04,2.999999999999988e-04,1.192622389734055e-18
18000,0,1.200000000000000e-01,1.200000000000000e-01,-2.775557561562891e-17
18000,1,-8.000000000000000e-02,-8.000000000000006e-02,5.551115123125783e-17
18000,2,5.500000000000000e-02,5.499999999999999e-02,6.938893903907228e-18
18000,3,4.000000000000000e-02,3.999999999999999e-02,1.387778780781446e-17
18000,4,-3.000000000000000e-02,-3.000000000000000e-02,3.469446951953614e-18
18000,5,2.500000000000000e-02,2.499999999999999e-02,6.938893903907228e-18
18000,6,2.000000000000000e-02,2.000000000000000e-02,-3.469446951953614e-18
18000,7,-1.800000000000000e-02,-1.800000000000000e-02,-3.469446951953614e-18
18000,8,1.500000000000000e-02,1.500000000000000e-02,-1.734723475976807e-18
18000,9,1.200000000000000e-02,1.200000000000000e-02,3.469446951953614e-18
18000,10,-1.000000000000000e-02,-1.000000000000001e-02,1.040834085586084e-17
18000,11,8.999999999999999e-03,8.999999999999994e-03,5.204170427930421e-18
18000,12,8.000000000000000e-03,8.000000000000000e-03,0.000000000000000e+00
18000,13,-7.000000000000000e-03,-7.000000000000012e-03,1.214306433183765e-17
18000,14,6.000000000000000e-03,5.999999999999997e-03,3.469446951953614e-18
18000,15,5.000000000000000e-03,5.000000000000007e-03,-6.938893903907228e-18
18000,16,-4.000000000000000e-03,-4.000000000000003e-03,2.602085213965211e-18
18000,17,3.500000000000000e-03,3.500000000000003e-03,-2.602085213965211e-18
18000,18,3.000000000000000e-03,2.999999999999995e-03,4.770489558936220e-18
18000,19,-2.500000000000000e-03,-2.500000000000000e-03,-4.336808689942018e-19
18000,20,2.000000000000000e-03,1.999999999999997e-03,2.602085213965211e-18
18000,21,1.800000000000000e-03,1.799999999999991e-03,9.107298248878237e-18
18000,22,-1.500000000000000e-03,-1.499999999999993e-03,-7.372574772901430e-18
18000,23,1.200000000000000e-03,1.199999999999996e-03,4.119968255444917e-18
18000,24,1.000000000000000e-03,1.000000000000008e-03,-8.456776945386935e-18
18000,25,-8.000000000000000e-04,-7.999999999999960e-04,-4.011548038196366e-18
18000,26,5.999999999999999e-04,5.999999999999975e-04,2.493664996716660e-18
18000,27,5.000000000000000e-04,4.999999999999921e-04,7.914675859144182e-18
18000,28,-4.000000000000000e-04,-3.999999999999971e-04,-2.873135757086587e-18
18000,29,3.000000000000000e-04,2.999999999999996e-04,3.794707603699266e-19
18100,0,1.200000000000000e-01,1.200000000000000e-01,-2.775557561562891e-17
18100,1,-8.000000000000000e-02,-8.000000000000006e-02,5.551115123125783e-17
18100,2,5.500000000000000e-02,5.499999999999999e-02,6.938893903907228e-18
18100,3,4.000000000000000e-02,3.999999999999999e-02,1.387778780781446e-17
18100,4,-3.000000000000000e-02,-3.000000000000000e-02,3.469446951953614e-18
18100,5,2.500000000000000e-02,2.499999999999999e-02,1.040834085586084e-17
18100,6,2.000000000000000e-02,2.000000000000001e-02,-6.938893903907228e-18
18100,7,-1.800000000000000e-02,-1.800000000000000e-02,0.000000000000000e+00
18100,8,1.500000000000000e-02,1.500000000000000e-02,0.000000000000000e+00
18100,9,1.200000000000000e-02,1.200000000000000e-02,3.469446951953614e-18
18100,10,-1.000000000000000e-02,-9.999999999999998e-03,-1.734723475976807e-18
18100,11,8.999999999999999e-03,8.999999999999998e-03,1.734723475976807e-18
18100,12,8.000000000000000e-03,8.000000000000004e-03,-3.469446951953614e-18
18100,13,-7.000000000000000e-03,-7.000000000000001e-03,8.673617379884035e-19
18100,14,6.000000000000000e-03,5.999999999999996e-03,4.336808689942018e-18
18100,15,5.000000000000000e-03,4.999999999999995e-03,5.204170427930421e-18
18100,16,-4.000000000000000e-03,-3.999999999999997e-03,-3.469446951953614e-18
18100,17,3.500000000000000e-03,3.499999999999996e-03,3.903127820947816e-18
18100,18,3.000000000000000e-03,2.999999999999986e-03,1.431146867680866e-17
18100,19,-2.500000000000000e-03,-2.499999999999996e-03,-4.336808689942018e-18
18100,20,2.000000000000000e-03,1.999999999999994e-03,6.071532165918825e-18
18100,21,1.800000000000000e-03,1.799999999999996e-03,3.469446951953614e-18
18100,22,-1.500000000000000e-03,-1.500000000000005e-03,5.421010862427522e-18
18100,23,1.200000000000000e-03,1.199999999999998e-03,2.168404344971009e-18
18100,24,1.000000000000000e-03,9.999999999999985e-04,1.517883041479706e-18
18100,25,-8.000000000000000e-04,-7.999999999999845e-04,-1.550409106654271e-17
18100,26,5.999999999999999e-04,5.999999999999960e-04,3.903127820947816e-18
18100,27,5.000000000000000e-04,4.999999999999933e-04,6.722053469410127e-18
18100,28,-4.000000000000000e-04,-4.000000000000059e-04,5.908901840045999e-18
18100,29,3.000000000000000e-04,3.000000000000080e-04,-8.023096076392733e-18
18200,0,1.200000000000000e-01,1.200000000000000e-01,-2.775557561562891e-17
18200,1,-8.000000000000000e-02,-8.000000000000006e-02,5.551115123125783e-17
18200,2,5.500000000000000e-02,5.499999999999999e-02,6.938893903907228e-18
18200,3,4.000000000000000e-02,3.999999999999999e-02,1.387778780781446e-17
18200,4,-3.000000000000000e-02,-3.000000000000000e-02,3.469446951953614e-18
18200,5,2.500000000000000e-02,2.500000000000000e-02,-3.469446951953614e-18
18200,6,2.000000000000000e-02,2.000000000000001e-02,-6.938893903907228e-18
18200,7,-1.800000000000000e-02,-1.800000000000001e-02,6.938893903907228e-18
18200,8,1.500000000000000e-02,1.500000000000000e-02,0.000000000000000e+00
18200,9,1.200000000000000e-02,1.200000000000000e-02,0.000000000000000e+00
18200,10,-1.000000000000000e-02,-9.999999999999993e-03,-6.938893903907228e-18
18200,11,8.999999999999999e-03,8.999999999999999e-03,0.000000000000000e+00
18200,12,8.000000000000000e-03,8.000000000000011e-03,-1.040834085586084e-17
18200,13,-7.000000000000000e-03,-7.000000000000001e-03,8.673617379884035e-19
18200,14,6.000000000000000e-03,5.999999999999995e-03,5.204170427930421e-18
18200,15,5.000000000000000e-03,5.000000000000003e-03,-2.602085213965211e-18
18200,16,-4.000000000000000e-03,-4.000000000000006e-03,6.071532165918825e-18
18200,17,3.500000000000000e-03,3.499999999999992e-03,8.239936510889834e-18
18200,18,3.000000000000000e-03,3.000000000000002e-03,-2.168404344971009e-18
18200,19,-2.500000000000000e-03,-2.499999999999998e-03,-1.734723475976807e-18
18200,20,2.000000000000000e-03,2.000000000000007e-03,-6.505213034913027e-18
18200,21,1.800000000000000e-03,1.800000000000000e-03,-4.336808689942018e-19
18200,22,-1.500000000000000e-03,-1.500000000000005e-03,5.204170427930421e-18
18200,23,1.200000000000000e-03,1.200000000000001e-03,-1.301042606982605e-18
18200,24,1.000000000000000e-03,1.000000000000007e-03,-7.155734338404329e-18
18200,25,-8.000000000000000e-04,-7.999999999999889e-04,-1.116728237660070e-17
18200,26,5.999999999999999e-04,5.999999999999978e-04,2.168404344971009e-18
18200,27,5.000000000000000e-04,4.999999999999996e-04,4.336808689942018e-19
18200,28,-4.000000000000000e-04,-4.000000000000040e-04,3.957337929572091e-18
18200,29,3.000000000000000e-04,3.000000000000063e-04,-6.342582709040201e-18
18300,0,1.200000000000000e-01,1.200000000000000e-01,-2.775557561562891e-17
18300,1,-8.000000000000000e-02,-8.000000000000006e-02,5.551115123125783e-17
18300,2,5.500000000000000e-02,5.499999999999999e-02,6.938893903907228e-18
18300,3,4.000000000000000e-02,3.999999999999999e-02,1.387778780781446e-17
18300,4,-3.000000000000000e-02,-3.000000000000000e-02,-3.469446951953614e-18
18300,5,2.500000000000000e-02,2.500000000000000e-02,3.469446951953614e-18
18300,6,2.000000000000000e-02,2.000000000000001e-02,-6.938893903907228e-18
18300,7,-1.800000000000000e-02,-1.800000000000001e-02,1.040834085586084e-17
18300,8,1.500000000000000e-02,1.500000000000000e-02,-1.734723475976807e-18
18300,9,1.200000000000000e-02,1.200000000000000e-02,-1.734723475976807e-18
18300,10,-1.000000000000000e-02,-1.000000000000000e-02,0.000000000000000e+00
18300,11,8.999999999999999e-03,8.999999999999994e-03,5.204170427930421e-18
18300,12,8.000000000000000e-03,8.000000000000002e-03,-1.734723475976807e-18
18300,13,-7.000000000000000e-03,-7.000000000000001e-03,8.673617379884035e-19
18300,14,6.000000000000000e-03,5.999999999999998e-03,1.734723475976807e-18
18300,15,5.000000000000000e-03,4.999999999999998e-03,2.602085213965211e-18
18300,16,-4.000000000000000e-03,-4.000000000000004e-03,3.469446951953614e-18
18300,17,3.500000000000000e-03,3.499999999999991e-03,9.107298248878237e-18
18300,18,3.000000000000000e-03,3.000000000000001e-03,-1.301042606982605e-18
18300,19,-2.500000000000000e-03,-2.499999999999995e-03,-4.770489558936220e-18
18300,20,2.000000000000000e-03,1.999999999999999e-03,1.301042606982605e-18
18300,21,1.800000000000000e-03,1.799999999999999e-03,6.505213034913027e-19
18300,22,-1.500000000000000e-03,-1.500000000000004e-03,3.469446951953614e-18
18300,23,1.200000000000000e-03,1.199999999999996e-03,4.119968255444917e-18
18300,24,1.000000000000000e-03,1.000000000000007e-03,-6.722053469410127e-18
18300,25,-8.000000000000000e-04,-7.999999999999916e-04,-8.456776945386935e-18
18300,26,5.999999999999999e-04,5.999999999999975e-04,2.493664996716660e-18
18300,27,5.000000000000000e-04,4.999999999999975e-04,2.493664996716660e-18
18300,28,-4.000000000000000e-04,-4.000000000000080e-04,8.023096076392733e-18
18300,29,3.000000000000000e-04,2.999999999999983e-04,1.626303258728257e-18
18400,0,1.200000000000000e-01,1.200000000000000e-01,-2.775557561562891e-17
18400,1,-8.000000000000000e-02,-8.000000000000006e-02,5.551115123125783e-17
18400,2,5.500000000000000e-02,5.499999999999999e-02,6.938893903907228e-18
18400,3,4.000000000000000e-02,3.999999999999999e-02,1.387778780781446e-17
18400,4,-3.000000000000000e-02,-3.000000000000000e-02,-3.469446951953614e-18
18400,5,2.500000000000000e-02,2.500000000000000e-02,0.000000000000000e+00
18400,6,2.000000000000000e-02,2.000000000000001e-02,-1.040834085586084e-17
18400,7,-1.800000000000000e-02,-1.800000000000001e-02,6.938893903907228e-18
18400,8,1.500000000000000e-02,1.499999999999999e-02,6.938893903907228e-18
18400,9,1.200000000000000e-02,1.200000000000000e-02,0.000000000000000e+00
18400,10,-1.000000000000000e-02,-1.000000000000000e-02,0.000000000000000e+00
18400,11,8.999999999999999e-03,8.999999999999996e-03,3.469446951953614e-18
18400,12,8.000000000000000e-03,7.999999999999995e-03,5.204170427930421e-18
18400,13,-7.000000000000000e-03,-6.999999999999998e-03,-2.602085213965211e-18
18400,14,6.000000000000000e-03,5.999999999999984e-03,1.647987302177967e-17
18400,15,5.000000000000000e-03,4.999999999999997e-03,3.469446951953614e-18
18400,16,-4.000000000000000e-03,-4.000000000000001e-03,8.673617379884035e-19
18400,17,3.500000000000000e-03,3.500000000000003e-03,-3.035766082959412e-18
18400,18,3.000000000000000e-03,2.999999999999996e-03,3.903127820947816e-18
18400,19,-2.500000000000000e-03,-2.499999999999987e-03,-1.257674520083185e-17
18400,20,2.000000000000000e-03,2.000000000000004e-03,-3.469446951953614e-18
18400,21,1.800000000000000e-03,1.799999999999997e-03,2.818925648462312e-18
18400,22,-1.500000000000000e-03,-1.500000000000008e-03,8.456776945386935e-18
18400,23,1.200000000000000e-03,1.199999999999999e-03,1.084202172485504e-18
18400,24,1.000000000000000e-03,9.999999999999994e-04,6.505213034913027e-19
18400,25,-8.000000000000000e-04,-7.999999999999982e-04,-1.843143693225358e-18
18400,26,5.999999999999999e-04,5.999999999999894e-04,1.051676107310939e-17
18400,27,5.000000000000000e-04,5.000000000000009e-04,-8.673617379884035e-19
18400,28,-4.000000000000000e-04,-4.000000000000129e-04,1.284779574395323e-17
18400,29,3.000000000000000e-04,3.000000000000042e-04,-4.228388472693467e-18
18500,0,1.200000000000000e-01,1.200000000000000e-01,-2.775557561562891e-17
18500,1,-8.000000000000000e-02,-8.000000000000006e-02,5.551115123125783e-17
18500,2,5.500000000000000e-02,5.499999999999998e-02,2.081668171172169e-17
18500,3,4.000000000000000e-02,3.999999999999999e-02,6.938893903907228e-18
18500,4,-3.000000000000000e-02,-3.000000000000000e-02,-3.469446951953614e-18
18500,5,2.500000000000000e-02,2.500000000000000e-02,-3.469446951953614e-18
18500,6,2.000000000000000e-02,2.000000000000000e-02,-3.469446951953614e-18
18500,7,-1.800000000000000e-02,-1.799999999999999e-02,-6.938893903907228e-18
18500,8,1.500000000000000e-02,1.500000000000000e-02,-1.734723475976807e-18
18500,9,1.200000000000000e-02,1.200000000000001e-02,-5.204170427930421e-18
18500,10,-1.000000000000000e-02,-9.999999999999997e-03,-3.469446951953614e-18
18500,11,8.999999999999999e-03,8.999999999999994e-03,5.204170427930421e-18
18500,12,8.000000000000000e-03,8.000000000000011e-03,-1.040834085586084e-17
18500,13,-7.000000000000000e-03,-7.000000000000001e-03,8.673617379884035e-19
18500,14,6.000000000000000e-03,5.999999999999994e-03,6.071532165918825e-18
18500,15,5.000000000000000e-03,5.000000000000002e-03,-1.734723475976807e-18
18500,16,-4.000000000000000e-03,-4.000000000000002e-03,1.734723475976807e-18
18500,17,3.500000000000000e-03,3.500000000000000e-03,4.336808689942018e-19
18500,18,3.000000000000000e-03,3.000000000000005e-03,-5.204170427930421e-18
18500,19,-2.500000000000000e-03,-2.500000000000012e-03,1.214306433183765e-17
18500,20,2.000000000000000e-03,2.000000000000007e-03,-6.505213034913027e-18
18500,21,1.800000000000000e-03,1.799999999999992e-03,7.806255641895632e-18
18500,22,-1.500000000000000e-03,-1.499999999999992e-03,-8.456776945386935e-18
18500,23,1.200000000000000e-03,1.200000000000004e-03,-4.336808689942018e-18
18500,24,1.000000000000000e-03,9.999999999999961e-04,3.903127820947816e-18
18500,25,-8.000000000000000e-04,-8.000000000000000e-04,0.000000000000000e+00
18500,26,5.999999999999999e-04,5.999999999999970e-04,2.927345865710862e-18
18500,27,5.000000000000000e-04,5.000000000000078e-04,-7.806255641895632e-18
18500,28,-4.000000000000000e-04,-3.999999999999970e-04,-2.981555974335137e-18
18500,29,3.000000000000000e-04,3.000000000000057e-04,-5.692061405548898e-18
18600,0,1.200000000000000e-01,1.200000000000000e-01,-2.775557561562891e-17
18600,1,-8.000000000000000e-02,-8.000000000000006e-02,5.551115123125783e-17
18600,2,5.500000000000000e-02,5.499999999999998e-02,2.081668171172169e-17
18600,3,4.000000000000000e-02,3.999999999999999e-02,6.938893903907228e-18
18600,4,-3.000000000000000e-02,-3.000000000000000e-02,-3.469446951953614e-18
18600,5,2.500000000000000e-02,2.500000000000000e-02,0.000000000000000e+00
18600,6,2.000000000000000e-02,2.000000000000000e-02,3.469446951953614e-18
18600,7,-1.800000000000000e-02,-1.799999999999998e-02,-1.387778780781446e-17
18600,8,1.500000000000000e-02,1.499999999999999e-02,6.938893903907228e-18
18600,9,1.200000000000000e-02,1.200000000000000e-02,-1.734723475976807e-18
18600,10,-1.000000000000000e-02,-9.999999999999990e-03,-1.040834085586084e-17
18600,11,8.999999999999999e-03,8.999999999999996e-03,3.469446951953614e-18
18600,12,8.000000000000000e-03,8.000000000000004e-03,-3.469446951953614e-18
18600,13,-7.000000000000000e-03,-7.000000000000003e-03,2.602085213965211e-18
18600,14,6.000000000000000e-03,5.999999999999997e-03,3.469446951953614e-18
18600,15,5.000000000000000e-03,5.000000000000000e-03,0.000000000000000e+00
18600,16,-4.000000000000000e-03,-3.999999999999997e-03,-3.469446951953614e-18
18600,17,3.500000000000000e-03,3.499999999999994e-03,5.637851296924623e-18
18600,18,3.000000000000000e-03,2.999999999999998e-03,2.168404344971009e-18
18600,19,-2.500000000000000e-03,-2.500000000000015e-03,1.474514954580286e-17
18600,20,2.000000000000000e-03,2.000000000000011e-03,-1.127570259384925e-17
18600,21,1.800000000000000e-03,1.800000000000001e-03,-8.673617379884035e-19
18600,22,-1.500000000000000e-03,-1.499999999999999e-03,-6.505213034913027e-19
18600,23,1.200000000000000e-03,1.200000000000014e-03,-1.409462824231156e-17
18600,24,1.000000000000000e-03,1.000000000000002e-03,-1.734723475976807e-18
18600,25,-8.000000000000000e-04,-8.000000000000017e-04,1.626303258728257e-18
18600,26,5.999999999999999e-04,6.000000000000002e-04,-2.168404344971009e-19
18600,27,5.000000000000000e-04,5.000000000000002e-04,-2.168404344971009e-19
18600,28,-4.000000000000000e-04,-4.000000000000016e-04,1.572093150103981e-18
18600,29,3.000000000000000e-04,2.999999999999964e-04,3.577867169202165e-18
18700,0,1.200000000000000e-01,1.200000000000000e-01,-2.775557561562891e-17
18700,1,-8.000000000000000e-02,-8.000000000000006e-02,5.551115123125783e-17
18700,2,5.500000000000000e-02,5.499999999999998e-02,2.081668171172169e-17
18700,3,4.000000000000000e-02,3.999999999999999e-02,6.938893903907228e-18
18700,4,-3.000000000000000e-02,-3.000000000000000e-02,-3.469446951953614e-18
18700,5,2.500000000000000e-02,2.499999999999999e-02,6.938893903907228e-18
18700,6,2.000000000000000e-02,2.000000000000000e-02,0.000000000000000e+00
18700,7,-1.800000000000000e-02,-1.799999999999998e-02,-2.081668171172169e-17
18700,8,1.500000000000000e-02,1.500000000000000e-02,1.734723475976807e-18
18700,9,1.200000000000000e-02,1.200000000000000e-02,1.734723475976807e-18
18700,10,-1.000000000000000e-02,-9.999999999999993e-03,-6.938893903907228e-18
18700,11,8.999999999999999e-03,8.999999999999999e-03,0.000000000000000e+00
18700,12,8.000000000000000e-03,8.000000000000000e-03,0.000000000000000e+00
18700,13,-7.000000000000000e-03,-6.999999999999998e-03,-2.602085213965211e-18
18700,14,6.000000000000000e-03,5.999999999999998e-03,2.602085213965211e-18
18700,15,5.000000000000000e-03,4.999999999999995e-03,5.204170427930421e-18
18700,16,-4.000000000000000e-03,-3.999999999999997e-03,-3.469446951953614e-18
18700,17,3.500000000000000e-03,3.499999999999993e-03,7.372574772901430e-18
18700,18,3.000000000000000e-03,2.999999999999988e-03,1.170938346284345e-17
18700,19,-2.500000000000000e-03,-2.500000000000007e-03,6.938893903907228e-18
18700,20,2.000000000000000e-03,2.000000000000002e-03,-1.734723475976807e-18
18700,21,1.800000000000000e-03,1.800000000000005e-03,-4.987329993433320e-18
18700,22,-1.500000000000000e-03,-1.499999999999997e-03,-2.602085213965211e-18
18700,23,1.200000000000000e-03,1.200000000000005e-03,-5.421010862427522e-18
18700,24,1.000000000000000e-03,1.000000000000013e-03,-1.322726650432315e-17
18700,25,-8.000000000000000e-04,-7.999999999999952e-04,-4.878909776184770e-18
18700,26,5.999999999999999e-04,5.999999999999968e-04,3.144186300207963e-18
18700,27,5.000000000000000e-04,5.000000000000029e-04,-2.927345865710862e-18
18700,28,-4.000000000000000e-04,-4.000000000000108e-04,1.073360150760649e-17
18700,29,3.000000000000000e-04,2.999999999999951e-04,4.878909776184770e-18
18800,0,1.200000000000000e-01,1.200000000000000e-01,-2.775557561562891e-17
18800,1,-8.000000000000000e-02,-8.000000000000006e-02,5.551115123125783e-17
18800,2,5.500000000000000e-02,5.499999999999998e-02,2.081668171172169e-17
18800,3,4.000000000000000e-02,3.999999999999999e-02,6.938893903907228e-18
18800,4,-3.000000000000000e-02,-3.000000000000000e-02,0.000000000000000e+00
18800,5,2.500000000000000e-02,2.499999999999999e-02,6.938893903907228e-18
18800,6,2.000000000000000e-02,2.000000000000000e-02,-3.469446951953614e-18
18800,7,-1.800000000000000e-02,-1.799999999999998e-02,-1.734723475976807e-17
18800,8,1.500000000000000e-02,1.499999999999999e-02,1.387778780781446e-17
18800,9,1.200000000000000e-02,1.199999999999999e-02,8.673617379884035e-18
18800,10,-1.000000000000000e-02,-1.000000000000000e-02,1.734723475976807e-18
18800,11,8.999999999999999e-03,9.000000000000003e-03,-3.469446951953614e-18
18800,12,8.000000000000000e-03,8.000000000000007e-03,-6.938893903907228e-18
18800,13,-7.000000000000000e-03,-7.000000000000004e-03,3.469446951953614e-18
18800,14,6.000000000000000e-03,5.999999999999997e-03,3.469446951953614e-18
18800,15,5.000000000000000e-03,4.999999999999999e-03,8.673617379884035e-19
18800,16,-4.000000000000000e-03,-3.999999999999995e-03,-5.204170427930421e-18
18800,17,3.500000000000000e-03,3.499999999999998e-03,2.168404344971009e-18
18800,18,3.000000000000000e-03,2.999999999999995e-03,4.770489558936220e-18
18800,19,-2.500000000000000e-03,-2.500000000000006e-03,5.637851296924623e-18
18800,20,2.000000000000000e-03,1.999999999999998e-03,1.734723475976807e-18
18800,21,1.800000000000000e-03,1.800000000000003e-03,-2.602085213965211e-18
18800,22,-1.500000000000000e-03,-1.499999999999998e-03,-2.168404344971009e-18
18800,23,1.200000000000000e-03,1.200000000000006e-03,-5.637851296924623e-18
18800,24,1.000000000000000e-03,1.000000000000007e-03,-7.155734338404329e-18
18800,25,-8.000000000000000e-04,-7.999999999999892e-04,-1.084202172485504e-17
18800,26,5.999999999999999e-04,5.999999999999999e-04,0.000000000000000e+00
18800,27,5.000000000000000e-04,4.999999999999909e-04,9.107298248878237e-18
18800,28,-4.000000000000000e-04,-4.000000000000079e-04,7.914675859144182e-18
18800,29,3.000000000000000e-04,3.000000000000022e-04,-2.222614453595284e-18
18900,0,1.200000000000000e-01,1.200000000000000e-01,-2.775557561562891e-17
18900,1,-8.000000000000000e-02,-8.000000000000006e-02,5.551115123125783e-17
18900,2,5.500000000000000e-02,5.499999999999998e-02,2.081668171172169e-17
18900,3,4.000000000000000e-02,3.999999999999999e-02,6.938893903907228e-18
18900,4,-3.000000000000000e-02,-3.000000000000000e-02,-3.469446951953614e-18
18900,5,2.500000000000000e-02,2.500000000000000e-02,0.000000000000000e+00
18900,6,2.000000000000000e-02,2.000000000000000e-02,-3.469446951953614e-18
18900,7,-1.800000000000000e-02,-1.800000000000000e-02,0.000000000000000e+00
18900,8,1.500000000000000e-02,1.499999999999999e-02,1.040834085586084e-17
18900,9,1.200000000000000e-02,1.200000000000000e-02,-1.734723475976807e-18
18900,10,-1.000000000000000e-02,-1.000000000000000e-02,3.469446951953614e-18
18900,11,8.999999999999999e-03,8.999999999999998e-03,1.734723475976807e-18
18900,12,8.000000000000000e-03,7.999999999999993e-03,6.938893903907228e-18
18900,13,-7.000000000000000e-03,-7.000000000000001e-03,8.673617379884035e-19
18900,14,6.000000000000000e-03,6.000000000000004e-03,-4.336808689942018e-18
18900,15,5.000000000000000e-03,4.999999999999993e-03,6.938893903907228e-18
18900,16,-4.000000000000000e-03,-3.999999999999989e-03,-1.127570259384925e-17
18900,17,3.500000000000000e-03,3.500000000000000e-03,0.000000000000000e+00
18900,18,3.000000000000000e-03,3.000000000000001e-03,-1.301042606982605e-18
18900,19,-2.500000000000000e-03,-2.500000000000005e-03,5.204170427930421e-18
18900,20,2.000000000000000e-03,2.000000000000000e-03,4.336808689942018e-19
18900,21,1.800000000000000e-03,1.799999999999997e-03,2.602085213965211e-18
18900,22,-1.500000000000000e-03,-1.500000000000000e-03,-4.336808689942018e-19
18900,23,1.200000000000000e-03,1.199999999999999e-03,6.505213034913027e-19
18900,24,1.000000000000000e-03,1.000000000000003e-03,-3.252606517456513e-18
18900,25,-8.000000000000000e-04,-7.999999999999994e-04,-6.505213034913027e-19
18900,26,5.999999999999999e-04,6.000000000000011e-04,-1.192622389734055e-18
18900,27,5.000000000000000e-04,5.000000000000015e-04,-1.517883041479706e-18
18900,28,-4.000000000000000e-04,-3.999999999999983e-04,-1.734723475976807e-18
18900,29,3.000000000000000e-04,3.000000000000076e-04,-7.643625316022806e-18
19000,0,1.200000000000000e-01,1.200000000000000e-01,-2.775557561562891e-17
19000,1,-8.000000000000000e-02,-8.000000000000006e-02,5.551115123125783e-17
19000,2,5.500000000000000e-02,5.499999999999998e-02,2.081668171172169e-17
19000,3,4.000000000000000e-02,3.999999999999999e-02,6.938893903907228e-18
19000,4,-3.000000000000000e-02,-3.000000000000000e-02,3.469446951953614e-18
19000,5,2.500000000000000e-02,2.500000000000001e-02,-6.938893903907228e-18
19000,6,2.000000000000000e-02,2.000000000000001e-02,-1.040834085586084e-17
19000,7,-1.800000000000000e-02,-1.800000000000000e-02,-3.469446951953614e-18
19000,8,1.500000000000000e-02,1.499999999999999e-02,6.938893903907228e-18
19000,9,1.200000000000000e-02,1.200000000000000e-02,-1.734723475976807e-18
19000,10,-1.000000000000000e-02,-1.000000000000000e-02,1.734723475976807e-18
19000,11,8.999999999999999e-03,8.999999999999998e-03,1.734723475976807e-18
19000,12,8.000000000000000e-03,8.000000000000000e-03,0.000000000000000e+00
19000,13,-7.000000000000000e-03,-7.000000000000003e-03,2.602085213965211e-18
19000,14,6.000000000000000e-03,6.000000000000010e-03,-9.540979117872439e-18
19000,15,5.000000000000000e-03,4.999999999999993e-03,6.938893903907228e-18
19000,16,-4.000000000000000e-03,-3.999999999999999e-03,-8.673617379884035e-19
19000,17,3.500000000000000e-03,3.499999999999998e-03,1.734723475976807e-18
19000,18,3.000000000000000e-03,3.000000000000009e-03,-8.673617379884035e-18
19000,19,-2.500000000000000e-03,-2.500000000000015e-03,1.517883041479706e-17
19000,20,2.000000000000000e-03,1.999999999999996e-03,3.903127820947816e-18
19000,21,1.800000000000000e-03,1.799999999999992e-03,8.023096076392733e-18
19000,22,-1.500000000000000e-03,-1.499999999999999e-03,-1.084202172485504e-18
19000,23,1.200000000000000e-03,1.200000000000000e-03,0.000000000000000e+00
19000,24,1.000000000000000e-03,1.000000000000000e-03,-4.336808689942018e-19
19000,25,-8.000000000000000e-04,-8.000000000000052e-04,5.204170427930421e-18
19000,26,5.999999999999999e-04,5.999999999999942e-04,5.746271514173174e-18
19000,27,5.000000000000000e-04,5.000000000000038e-04,-3.794707603699266e-18
19000,28,-4.000000000000000e-04,-4.000000000000000e-04,-5.421010862427522e-20
19000,29,3.000000000000000e-04,3.000000000000039e-04,-3.903127820947816e-18
19100,0,1.200000000000000e-01,1.200000000000000e-01,-2.775557561562891e-17
19100,1,-8.000000000000000e-02,-8.000000000000006e-02,5.551115123125783e-17
19100,2,5.500000000000000e-02,5.499999999999998e-02,2.081668171172169e-17
19100,3,4.000000000000000e-02,3.999999999999999e-02,6.938893903907228e-18
19100,4,-3.000000000000000e-02,-3.000000000000000e-02,3.469446951953614e-18
19100,5,2.500000000000000e-02,2.500000000000001e-02,-6.938893903907228e-18
19100,6,2.000000000000000e-02,2.000000000000000e-02,-3.469446951953614e-18
19100,7,-1.800000000000000e-02,-1.800000000000000e-02,3.469446951953614e-18
19100,8,1.500000000000000e-02,1.500000000000000e-02,0.000000000000000e+00
19100,9,1.200000000000000e-02,1.200000000000001e-02,-5.204170427930421e-18
19100,10,-1.000000000000000e-02,-9.999999999999998e-03,-1.734723475976807e-18
19100,11,8.999999999999999e-03,8.999999999999994e-03,5.204170427930421e-18
19100,12,8.000000000000000e-03,8.000000000000005e-03,-5.204170427930421e-18
19100,13,-7.000000000000000e-03,-6.999999999999991e-03,-8.673617379884035e-18
19100,14,6.000000000000000e-03,6.000000000000010e-03,-9.540979117872439e-18
19100,15,5.000000000000000e-03,4.999999999999991e-03,8.673617379884035e-18
19100,16,-4.000000000000000e-03,-3.999999999999997e-03,-2.602085213965211e-18
19100,17,3.500000000000000e-03,3.499999999999991e-03,9.107298248878237e-18
19100,18,3.000000000000000e-03,3.000000000000000e-03,-4.336808689942018e-19
19100,19,-2.500000000000000e-03,-2.500000000000009e-03,8.673617379884035e-18
19100,20,2.000000000000000e-03,2.000000000000005e-03,-4.770489558936220e-18
19100,21,1.800000000000000e-03,1.799999999999983e-03,1.669671345627677e-17
19100,22,-1.500000000000000e-03,-1.499999999999997e-03,-3.469446951953614e-18
19100,23,1.200000000000000e-03,1.199999999999993e-03,7.155734338404329e-18
19100,24,1.000000000000000e-03,1.000000000000008e-03,-8.239936510889834e-18
19100,25,-8.000000000000000e-04,-7.999999999999943e-04,-5.746271514173174e-18
19100,26,5.999999999999999e-04,6.000000000000005e-04,-5.421010862427522e-19
19100,27,5.000000000000000e-04,5.000000000000051e-04,-5.095750210681871e-18
19100,28,-4.000000000000000e-04,-4.000000000000038e-04,3.740497495074990e-18
19100,29,3.000000000000000e-04,2.999999999999929e-04,7.047314121155779e-18
19200,0,1.200000000000000e-01,1.200000000000000e-01,-2.775557561562891e-17
19200,1,-8.000000000000000e-02,-8.000000000000006e-02,5.551115123125783e-17
19200,2,5.500000000000000e-02,5.499999999999998e-02,2.081668171172169e-17
19200,3,4.000000000000000e-02,3.999999999999999e-02,6.938893903907228e-18
19200,4,-3.000000000000000e-02,-3.000000000000001e-02,1.040834085586084e-17
19200,5,2.500000000000000e-02,2.500000000000000e-02,3.469446951953614e-18
19200,6,2.000000000000000e-02,2.000000000000000e-02,3.469446951953614e-18
19200,7,-1.800000000000000e-02,-1.800000000000000e-02,-3.469446951953614e-18
19200,8,1.500000000000000e-02,1.500000000000000e-02,-5.204170427930421e-18
19200,9,1.200000000000000e-02,1.200000000000001e-02,-6.938893903907228e-18
19200,10,-1.000000000000000e-02,-1.000000000000000e-02,1.734723475976807e-18
19200,11,8.999999999999999e-03,8.999999999999994e-03,5.204170427930421e-18
19200,12,8.000000000000000e-03,8.000000000000012e-03,-1.214306433183765e-17
19200,13,-7.000000000000000e-03,-6.999999999999996e-03,-4.336808689942018e-18
19200,14,6.000000000000000e-03,6.000000000000004e-03,-4.336808689942018e-18
19200,15,5.000000000000000e-03,4.999999999999998e-03,2.602085213965211e-18
19200,16,-4.000000000000000e-03,-3.999999999999993e-03,-6.938893903907228e-18
19200,17,3.500000000000000e-03,3.499999999999990e-03,9.974659986866641e-18
19200,18,3.000000000000000e-03,3.000000000000005e-03,-4.770489558936220e-18
19200,19,-2.500000000000000e-03,-2.500000000000005e-03,5.204170427930421e-18
19200,20,2.000000000000000e-03,2.000000000000006e-03,-5.637851296924623e-18
19200,21,1.800000000000000e-03,1.799999999999990e-03,9.974659986866641e-18
19200,22,-1.500000000000000e-03,-1.499999999999997e-03,-3.035766082959412e-18
19200,23,1.200000000000000e-03,1.199999999999995e-03,4.770489558936220e-18
19200,24,1.000000000000000e-03,9.999999999999926e-04,7.372574772901430e-18
19200,25,-8.000000000000000e-04,-7.999999999999975e-04,-2.493664996716660e-18
19200,26,5.999999999999999e-04,5.999999999999966e-04,3.361026734705064e-18
19200,27,5.000000000000000e-04,5.000000000000013e-04,-1.301042606982605e-18
19200,28,-4.000000000000000e-04,-3.999999999999956e-04,-4.391018798566293e-18
19200,29,3.000000000000000e-04,3.000000000000067e-04,-6.722053469410127e-18
19300,0,1.200000000000000e-01,1.200000000000000e-01,-2.775557561562891e-17
19300,1,-8.000000000000000e-02,-8.000000000000006e-02,5.551115123125783e-17
19300,2,5.500000000000000e-02,5.499999999999998e-02,2.081668171172169e-17
19300,3,4.000000000000000e-02,3.999999999999999e-02,6.938893903907228e-18
19300,4,-3.000000000000000e-02,-3.000000000000000e-02,0.000000000000000e+00
19300,5,2.500000000000000e-02,2.500000000000000e-02,-3.469446951953614e-18
19300,6,2.000000000000000e-02,1.999999999999999e-02,6.938893903907228e-18
19300,7,-1.800000000000000e-02,-1.800000000000001e-02,6.938893903907228e-18
19300,8,1.500000000000000e-02,1.500000000000000e-02,-1.734723475976807e-18
19300,9,1.200000000000000e-02,1.200000000000000e-02,-1.734723475976807e-18
19300,10,-1.000000000000000e-02,-1.000000000000001e-02,8.673617379884035e-18
19300,11,8.999999999999999e-03,8.999999999999999e-03,0.000000000000000e+00
19300,12,8.000000000000000e-03,8.000000000000011e-03,-1.040834085586084e-17
19300,13,-7.000000000000000e-03,-6.999999999999996e-03,-4.336808689942018e-18
19300,14,6.000000000000000e-03,5.999999999999998e-03,1.734723475976807e-18
19300,15,5.000000000000000e-03,4.999999999999995e-03,5.204170427930421e-18
19300,16,-4.000000000000000e-03,-4.000000000000003e-03,2.602085213965211e-18
19300,17,3.500000000000000e-03,3.499999999999994e-03,6.071532165918825e-18
19300,18,3.000000000000000e-03,3.000000000000012e-03,-1.214306433183765e-17
19300,19,-2.500000000000000e-03,-2.500000000000003e-03,2.602085213965211e-18
19300,20,2.000000000000000e-03,2.000000000000007e-03,-6.505213034913027e-18
19300,21,1.800000000000000e-03,1.799999999999995e-03,4.770489558936220e-18
19300,22,-1.500000000000000e-03,-1.500000000000000e-03,-4.336808689942018e-19
19300,23,1.200000000000000e-03,1.199999999999995e-03,5.204170427930421e-18
19300,24,1.000000000000000e-03,9.999999999999894e-04,1.062518129035794e-17
19300,25,-8.000000000000000e-04,-8.000000000000016e-04,1.517883041479706e-18
19300,26,5.999999999999999e-04,6.000000000000114e-04,-1.149254302834635e-17
19300,27,5.000000000000000e-04,4.999999999999960e-04,4.011548038196366e-18
19300,28,-4.000000000000000e-04,-3.999999999999969e-04,-3.144186300207963e-18
19300,29,3.000000000000000e-04,3.000000000000118e-04,-1.181780368009200e-17
19400,0,1.200000000000000e-01,1.200000000000000e-01,-2.775557561562891e-17
19400,1,-8.000000000000000e-02,-8.000000000000006e-02,5.551115123125783e-17
19400,2,5.500000000000000e-02,5.499999999999998e-02,2.081668171172169e-17
19400,3,4.000000000000000e-02,3.999999999999999e-02,6.938893903907228e-18
19400,4,-3.000000000000000e-02,-3.000000000000000e-02,3.469446951953614e-18
19400,5,2.500000000000000e-02,2.500000000000001e-02,-6.938893903907228e-18
19400,6,2.000000000000000e-02,2.000000000000000e-02,0.000000000000000e+00
19400,7,-1.800000000000000e-02,-1.800000000000001e-02,6.938893903907228e-18
19400,8,1.500000000000000e-02,1.500000000000000e-02,0.000000000000000e+00
19400,9,1.200000000000000e-02,1.200000000000001e-02,-1.387778780781446e-17
19400,10,-1.000000000000000e-02,-9.999999999999998e-03,-1.734723475976807e-18
19400,11,8.999999999999999e-03,8.999999999999999e-03,0.000000000000000e+00
19400,12,8.000000000000000e-03,8.000000000000004e-03,-3.469446951953614e-18
19400,13,-7.000000000000000e-03,-6.999999999999989e-03,-1.127570259384925e-17
19400,14,6.000000000000000e-03,5.999999999999993e-03,6.938893903907228e-18
19400,15,5.000000000000000e-03,4.999999999999997e-03,3.469446951953614e-18
19400,16,-4.000000000000000e-03,-4.000000000000013e-03,1.301042606982605e-17
19400,17,3.500000000000000e-03,3.499999999999992e-03,7.806255641895632e-18
19400,18,3.000000000000000e-03,3.000000000000001e-03,-1.301042606982605e-18
19400,19,-2.500000000000000e-03,-2.500000000000002e-03,2.168404344971009e-18
19400,20,2.000000000000000e-03,1.999999999999997e-03,2.602085213965211e-18
19400,21,1.800000000000000e-03,1.799999999999990e-03,1.040834085586084e-17
19400,22,-1.500000000000000e-03,-1.500000000000004e-03,3.686287386450715e-18
19400,23,1.200000000000000e-03,1.199999999999995e-03,4.770489558936220e-18
19400,24,1.000000000000000e-03,9.999999999999894e-04,1.062518129035794e-17
19400,25,-8.000000000000000e-04,-8.000000000000049e-04,4.878909776184770e-18
19400,26,5.999999999999999e-04,6.000000000000039e-04,-3.903127820947816e-18
19400,27,5.000000000000000e-04,4.999999999999984e-04,1.626303258728257e-18
19400,28,-4.000000000000000e-04,-4.000000000000031e-04,3.035766082959412e-18
19400,29,3.000000000000000e-04,3.000000000000017e-04,-1.680513367352532e-18
19500,0,1.200000000000000e-01,1.200000000000000e-01,-2.775557561562891e-17
19500,1,-8.000000000000000e-02,-8.000000000000006e-02,5.551115123125783e-17
19500,2,5.500000000000000e-02,5.499999999999999e-02,1.387778780781446e-17
19500,3,4.000000000000000e-02,3.999999999999999e-02,1.387778780781446e-17
19500,4,-3.000000000000000e-02,-3.000000000000001e-02,6.938893903907228e-18
19500,5,2.500000000000000e-02,2.500000000000001e-02,-1.040834085586084e-17
19500,6,2.000000000000000e-02,2.000000000000000e-02,3.469446951953614e-18
19500,7,-1.800000000000000e-02,-1.800000000000001e-02,1.040834085586084e-17
19500,8,1.500000000000000e-02,1.500000000000000e-02,1.734723475976807e-18
19500,9,1.200000000000000e-02,1.200000000000001e-02,-6.938893903907228e-18
19500,10,-1.000000000000000e-02,-9.999999999999998e-03,-1.734723475976807e-18
19500,11,8.999999999999999e-03,9.000000000000006e-03,-6.938893903907228e-18
19500,12,8.000000000000000e-03,8.000000000000002e-03,-1.734723475976807e-18
19500,13,-7.000000000000000e-03,-6.999999999999998e-03,-2.602085213965211e-18
19500,14,6.000000000000000e-03,5.999999999999999e-03,8.673617379884035e-19
19500,15,5.000000000000000e-03,4.999999999999998e-03,1.734723475976807e-18
19500,16,-4.000000000000000e-03,-4.000000000000004e-03,3.469446951953614e-18
19500,17,3.500000000000000e-03,3.500000000000000e-03,0.000000000000000e+00
19500,18,3.000000000000000e-03,3.000000000000008e-03,-7.806255641895632e-18
19500,19,-2.500000000000000e-03,-2.500000000000000e-03,-4.336808689942018e-19
19500,20,2.000000000000000e-03,1.999999999999995e-03,5.204170427930421e-18
19500,21,1.800000000000000e-03,1.799999999999988e-03,1.192622389734055e-17
19500,22,-1.500000000000000e-03,-1.500000000000001e-03,6.505213034913027e-19
19500,23,1.200000000000000e-03,1.199999999999996e-03,4.336808689942018e-18
19500,24,1.000000000000000e-03,9.999999999999972e-04,2.818925648462312e-18
19500,25,-8.000000000000000e-04,-8.000000000000016e-04,1.517883041479706e-18
19500,26,5.999999999999999e-04,5.999999999999968e-04,3.144186300207963e-18
19500,27,5.000000000000000e-04,4.999999999999882e-04,1.181780368009200e-17
19500,28,-4.000000000000000e-04,-3.999999999999943e-04,-5.746271514173174e-18
19500,29,3.000000000000000e-04,2.999999999999951e-04,4.824699667560495e-18
19600,0,1.200000000000000e-01,1.200000000000000e-01,-2.775557561562891e-17
19600,1,-8.000000000000000e-02,-8.000000000000006e-02,5.551115123125783e-17
19600,2,5.500000000000000e-02,5.499999999999999e-02,1.387778780781446e-17
19600,3,4.000000000000000e-02,3.999999999999999e-02,1.387778780781446e-17
19600,4,-3.000000000000000e-02,-3.000000000000000e-02,3.469446951953614e-18
19600,5,2.500000000000000e-02,2.500000000000000e-02,0.000000000000000e+00
19600,6,2.000000000000000e-02,2.000000000000000e-02,0.000000000000000e+00
19600,7,-1.800000000000000e-02,-1.800000000000000e-02,3.469446951953614e-18
19600,8,1.500000000000000e-02,1.500000000000001e-02,-6.938893903907228e-18
19600,9,1.200000000000000e-02,1.200000000000001e-02,-1.214306433183765e-17
19600,10,-1.000000000000000e-02,-1.000000000000000e-02,1.734723475976807e-18
19600,11,8.999999999999999e-03,8.999999999999999e-03,0.000000000000000e+00
19600,12,8.000000000000000e-03,8.000000000000000e-03,0.000000000000000e+00
19600,13,-7.000000000000000e-03,-6.999999999999998e-03,-2.602085213965211e-18
19600,14,6.000000000000000e-03,6.000000000000001e-03,-8.673617379884035e-19
19600,15,5.000000000000000e-03,5.000000000000004e-03,-4.336808689942018e-18
19600,16,-4.000000000000000e-03,-4.000000000000010e-03,1.040834085586084e-17
19600,17,3.500000000000000e-03,3.500000000000004e-03,-4.336808689942018e-18
19600,18,3.000000000000000e-03,3.000000000000003e-03,-3.035766082959412e-18
19600,19,-2.500000000000000e-03,-2.499999999999999e-03,-8.673617379884035e-19
19600,20,2.000000000000000e-03,1.999999999999993e-03,6.938893903907228e-18
19600,21,1.800000000000000e-03,1.799999999999990e-03,9.540979117872439e-18
19600,22,-1.500000000000000e-03,-1.500000000000001e-03,1.084202172485504e-18
19600,23,1.200000000000000e-03,1.199999999999994e-03,6.071532165918825e-18
19600,24,1.000000000000000e-03,1.000000000000001e-03,-6.505213034913027e-19
19600,25,-8.000000000000000e-04,-7.999999999999977e-04,-2.385244779468110e-18
19600,26,5.999999999999999e-04,5.999999999999933e-04,6.613633252161577e-18
19600,27,5.000000000000000e-04,4.999999999999901e-04,9.866239769618090e-18
19600,28,-4.000000000000000e-04,-4.000000000000016e-04,1.572093150103981e-18
19600,29,3.000000000000000e-04,3.000000000000014e-04,-1.463672932855431e-18
19700,0,1.200000000000000e-01,1.200000000000000e-01,-2.775557561562891e-17
19700,1,-8.000000000000000e-02,-8.000000000000006e-02,5.551115123125783e-17
19700,2,5.500000000000000e-02,5.499999999999999e-02,1.387778780781446e-17
19700,3,4.000000000000000e-02,3.999999999999999e-02,6.938893903907228e-18
19700,4,-3.000000000000000e-02,-3.000000000000000e-02,3.469446951953614e-18
19700,5,2.500000000000000e-02,2.500000000000001e-02,-6.938893903907228e-18
19700,6,2.000000000000000e-02,2.000000000000000e-02,-3.469446951953614e-18
19700,7,-1.800000000000000e-02,-1.800000000000001e-02,6.938893903907228e-18
19700,8,1.500000000000000e-02,1.500000000000000e-02,-3.469446951953614e-18
19700,9,1.200000000000000e-02,1.200000000000000e-02,-3.469446951953614e-18
19700,10,-1.000000000000000e-02,-1.000000000000000e-02,1.734723475976807e-18
19700,11,8.999999999999999e-03,8.999999999999994e-03,5.204170427930421e-18
19700,12,8.000000000000000e-03,7.999999999999993e-03,6.938893903907228e-18
19700,13,-7.000000000000000e-03,-6.999999999999999e-03,-8.673617379884035e-19
19700,14,6.000000000000000e-03,6.000000000000003e-03,-2.602085213965211e-18
19700,15,5.000000000000000e-03,5.000000000000004e-03,-4.336808689942018e-18
19700,16,-4.000000000000000e-03,-4.000000000000004e-03,3.469446951953614e-18
19700,17,3.500000000000000e-03,3.499999999999999e-03,8.673617379884035e-19
19700,18,3.000000000000000e-03,3.000000000000001e-03,-8.673617379884035e-19
19700,19,-2.500000000000000e-03,-2.499999999999997e-03,-3.469446951953614e-18
19700,20,2.000000000000000e-03,1.999999999999996e-03,3.903127820947816e-18
19700,21,1.800000000000000e-03,1.799999999999997e-03,3.252606517456513e-18
19700,22,-1.500000000000000e-03,-1.500000000000006e-03,6.288372600415926e-18
19700,23,1.200000000000000e-03,1.200000000000012e-03,-1.235990476633475e-17
19700,24,1.000000000000000e-03,1.000000000000004e-03,-4.119968255444917e-18
19700,25,-8.000000000000000e-04,-7.999999999999901e-04,-9.974659986866641e-18
19700,26,5.999999999999999e-04,6.000000000000003e-04,-3.252606517456513e-19
19700,27,5.000000000000000e-04,5.000000000000013e-04,-1.301042606982605e-18
19700,28,-4.000000000000000e-04,-4.000000000000006e-04,5.421010862427522e-19
19700,29,3.000000000000000e-04,3.000000000000032e-04,-3.252606517456513e-18
19800,0,1.200000000000000e-01,1.200000000000000e-01,-2.775557561562891e-17
19800,1,-8.000000000000000e-02,-8.000000000000006e-02,5.551115123125783e-17
19800,2,5.500000000000000e-02,5.499999999999998e-02,2.081668171172169e-17
19800,3,4.000000000000000e-02,4.000000000000000e-02,0.000000000000000e+00
19800,4,-3.000000000000000e-02,-2.999999999999999e-02,-1.040834085586084e-17
19800,5,2.500000000000000e-02,2.500000000000000e-02,3.469446951953614e-18
19800,6,2.000000000000000e-02,2.000000000000000e-02,-3.469446951953614e-18
19800,7,-1.800000000000000e-02,-1.800000000000001e-02,1.040834085586084e-17
19800,8,1.500000000000000e-02,1.500000000000000e-02,-5.204170427930421e-18
19800,9,1.200000000000000e-02,1.200000000000000e-02,3.469446951953614e-18
19800,10,-1.000000000000000e-02,-1.000000000000001e-02,8.673617379884035e-18
19800,11,8.999999999999999e-03,9.000000000000001e-03,-1.734723475976807e-18
19800,12,8.000000000000000e-03,7.999999999999986e-03,1.387778780781446e-17
19800,13,-7.000000000000000e-03,-7.000000000000007e-03,6.938893903907228e-18
19800,14,6.000000000000000e-03,6.000000000000003e-03,-2.602085213965211e-18
19800,15,5.000000000000000e-03,5.000000000000007e-03,-6.938893903907228e-18
19800,16,-4.000000000000000e-03,-3.999999999999996e-03,-4.336808689942018e-18
19800,17,3.500000000000000e-03,3.499999999999998e-03,2.168404344971009e-18
19800,18,3.000000000000000e-03,3.000000000000000e-03,4.336808689942018e-19
19800,19,-2.500000000000000e-03,-2.499999999999998e-03,-2.168404344971009e-18
19800,20,2.000000000000000e-03,1.999999999999987e-03,1.301042606982605e-17
19800,21,1.800000000000000e-03,1.800000000000005e-03,-4.770489558936220e-18
19800,22,-1.500000000000000e-03,-1.500000000000010e-03,9.974659986866641e-18
19800,23,1.200000000000000e-03,1.200000000000008e-03,-8.023096076392733e-18
19800,24,1.000000000000000e-03,9.999999999999996e-04,4.336808689942018e-19
19800,25,-8.000000000000000e-04,-7.999999999999983e-04,-1.734723475976807e-18
19800,26,5.999999999999999e-04,6.000000000000019e-04,-1.951563910473908e-18
19800,27,5.000000000000000e-04,5.000000000000049e-04,-4.878909776184770e-18
19800,28,-4.000000000000000e-04,-4.000000000000106e-04,1.057097118173367e-17
19800,29,3.000000000000000e-04,2.999999999999988e-04,1.138412281109780e-18
19900,0,1.200000000000000e-01,1.200000000000000e-01,-2.775557561562891e-17
19900,1,-8.000000000000000e-02,-8.000000000000006e-02,5.551115123125783e-17
19900,2,5.500000000000000e-02,5.499999999999998e-02,2.081668171172169e-17
19900,3,4.000000000000000e-02,3.999999999999999e-02,6.938893903907228e-18
19900,4,-3.000000000000000e-02,-2.999999999999999e-02,-1.040834085586084e-17
19900,5,2.500000000000000e-02,2.500000000000000e-02,-3.469446951953614e-18
19900,6,2.000000000000000e-02,2.000000000000001e-02,-6.938893903907228e-18
19900,7,-1.800000000000000e-02,-1.800000000000001e-02,1.040834085586084e-17
19900,8,1.500000000000000e-02,1.499999999999999e-02,5.204170427930421e-18
19900,9,1.200000000000000e-02,1.200000000000001e-02,-6.938893903907228e-18
19900,10,-1.000000000000000e-02,-1.000000000000000e-02,1.734723475976807e-18
19900,11,8.999999999999999e-03,9.000000000000003e-03,-3.469446951953614e-18
19900,12,8.000000000000000e-03,7.999999999999998e-03,1.734723475976807e-18
19900,13,-7.000000000000000e-03,-7.000000000000004e-03,4.336808689942018e-18
19900,14,6.000000000000000e-03,5.999999999999999e-03,8.673617379884035e-19
19900,15,5.000000000000000e-03,4.999999999999996e-03,4.336808689942018e-18
19900,16,-4.000000000000000e-03,-4.000000000000004e-03,3.469446951953614e-18
19900,17,3.500000000000000e-03,3.499999999999997e-03,2.602085213965211e-18
19900,18,3.000000000000000e-03,3.000000000000007e-03,-6.938893903907228e-18
19900,19,-2.500000000000000e-03,-2.499999999999994e-03,-6.071532165918825e-18
19900,20,2.000000000000000e-03,2.000000000000003e-03,-2.602085213965211e-18
19900,21,1.800000000000000e-03,1.799999999999997e-03,2.602085213965211e-18
19900,22,-1.500000000000000e-03,-1.500000000000008e-03,7.589415207398531e-18
19900,23,1.200000000000000e-03,1.200000000000004e-03,-4.553649124439119e-18
19900,24,1.000000000000000e-03,1.000000000000003e-03,-3.252606517456513e-18
19900,25,-8.000000000000000e-04,-8.000000000000030e-04,2.927345865710862e-18
19900,26,5.999999999999999e-04,6.000000000000004e-04,-4.336808689942018e-19
19900,27,5.000000000000000e-04,5.000000000000020e-04,-1.951563910473908e-18
19900,28,-4.000000000000000e-04,-3.999999999999952e-04,-4.770489558936220e-18
19900,29,3.000000000000000e-04,3.000000000000038e-04,-3.794707603699266e-18
20000,0,1.200000000000000e-01,1.200000000000000e-01,-2.775557561562891e-17
20000,1,-8.000000000000000e-02,-8.000000000000006e-02,5.551115123125783e-17
20000,2,5.500000000000000e-02,5.499999999999998e-02,2.081668171172169e-17
20000,3,4.000000000000000e-02,3.999999999999999e-02,6.938893903907228e-18
20000,4,-3.000000000000000e-02,-2.999999999999999e-02,-6.938893903907228e-18
20000,5,2.500000000000000e-02,2.500000000000000e-02,0.000000000000000e+00
20000,6,2.000000000000000e-02,2.000000000000000e-02,-3.469446951953614e-18
20000,7,-1.800000000000000e-02,-1.800000000000002e-02,1.734723475976807e-17
20000,8,1.500000000000000e-02,1.500000000000000e-02,-1.734723475976807e-18
20000,9,1.200000000000000e-02,1.199999999999999e-02,8.673617379884035e-18
20000,10,-1.000000000000000e-02,-1.000000000000000e-02,0.000000000000000e+00
20000,11,8.999999999999999e-03,9.000000000000003e-03,-3.469446951953614e-18
20000,12,8.000000000000000e-03,8.000000000000002e-03,-1.734723475976807e-18
20000,13,-7.000000000000000e-03,-7.000000000000003e-03,2.602085213965211e-18
20000,14,6.000000000000000e-03,5.999999999999998e-03,2.602085213965211e-18
20000,15,5.000000000000000e-03,5.000000000000004e-03,-3.469446951953614e-18
20000,16,-4.000000000000000e-03,-3.999999999999996e-03,-4.336808689942018e-18
20000,17,3.500000000000000e-03,3.500000000000002e-03,-1.734723475976807e-18
20000,18,3.000000000000000e-03,3.000000000000001e-03,-8.673617379884035e-19
20000,19,-2.500000000000000e-03,-2.500000000000007e-03,6.938893903907228e-18
20000,20,2.000000000000000e-03,2.000000000000005e-03,-5.204170427930421e-18
20000,21,1.800000000000000e-03,1.799999999999992e-03,7.806255641895632e-18
20000,22,-1.500000000000000e-03,-1.499999999999996e-03,-4.336808689942018e-18
20000,23,1.200000000000000e-03,1.199999999999996e-03,3.469446951953614e-18
20000,24,1.000000000000000e-03,9.999999999999931e-04,6.938893903907228e-18
20000,25,-8.000000000000000e-04,-8.000000000000093e-04,9.215718466126788e-18
20000,26,5.999999999999999e-04,6.000000000000099e-04,-9.974659986866641e-18
20000,27,5.000000000000000e-04,5.000000000000032e-04,-3.144186300207963e-18
20000,28,-4.000000000000000e-04,-4.000000000000091e-04,9.053088140253962e-18
20000,29,3.000000000000000e-04,3.000000000000073e-04,-7.372574772901430e-18
